"Gene","baseMean","log2FoldChange","lfcSE","stat","pvalue","padj","PlotGene","Regulation","minusLog10Padj"
"100532726",193.720937717505,5.01380009684605,0.382952519558045,13.0924849446932,3.63517313066566e-39,5.10814528321139e-35,"100532726","Up",34.2917367592552
"3429",3952.61671639376,8.59236775881447,0.689906831507622,12.4543885730744,1.3236198123168e-35,9.29975280133786e-32,"3429","Up",31.0315285953645
"699",795.441160328464,4.94886760317126,0.511628679977752,9.672772064667,3.93570326921212e-22,1.84348341129896e-18,"699","Up",17.7343607660664
"6241",2278.71591934247,4.54900896213852,0.490205361834742,9.27980254053622,1.6979293647579e-20,5.29420958263609e-17,"6241","Up",16.2761988702163
"6382",630.186699582802,6.75935551620053,0.729264643290731,9.26872785947725,1.88379219422007e-20,5.29420958263609e-17,"6382","Up",16.2761988702163
"9493",176.058764010971,3.23893228689616,0.352896471341113,9.17813735735933,4.3861230702212e-20,1.02723002304581e-16,"9493","Up",15.9883322958829
"79801",394.445211677374,4.52382066376158,0.497444052764119,9.09412955813687,9.53471327506385e-20,1.91402558487425e-16,"79801","Up",15.7180522612846
"983",181.237222386294,4.59166016650105,0.506093734645011,9.07274651349274,1.16054047513287e-19,2.03848934457089e-16,"983","Up",15.6906915543154
"25841",136.185485425971,2.3492680867393,0.262475824811408,8.95041700860367,3.54141945761097e-19,5.07055693653436e-16,"25841","Up",15.294944336292
"259266",280.655451773056,4.0522457119987,0.452848478507134,8.94834785656648,3.60842366676228e-19,5.07055693653436e-16,"259266","Up",15.294944336292
"9787",271.559011417717,4.50550183157713,0.505977783358133,8.9045447839122,5.36055671783102e-19,6.84786754536014e-16,"9787","Up",15.1644446485756
"24137",149.248385279244,4.1774268380268,0.470710637153421,8.87472368011354,7.01072527479473e-19,8.20955929678463e-16,"24137","Up",15.0856801559271
"701",174.119527505612,4.54899069688293,0.513851676482729,8.85273106048887,8.5403283569313e-19,9.23143800550758e-16,"701","Up",15.0347306425046
"64151",328.898485837637,4.00017119819948,0.454230084624407,8.80648669827128,1.29129417544109e-18,1.29609041094987e-15,"64151","Up",14.8873647024723
"55355",209.879139598866,3.93827607805702,0.448962251040176,8.77195369751609,1.75592612005063e-18,1.64495158926343e-15,"55355","Up",14.7838468787627
"1870",899.73410628332,2.76708348048567,0.316164036295335,8.75205008421923,2.09511375124045e-18,1.84003365202692e-15,"1870","Up",14.7351742341883
"137797",68.7943135531866,-5.79880438662694,0.664583003780506,-8.7254780119868,2.6505860363831e-18,2.06922416573641e-15,"137797","Down",14.6841924582618
"4001",1546.33955592119,1.90727989546528,0.218530670824513,8.7277446605968,2.59801391017118e-18,2.06922416573641e-15,"4001","Up",14.6841924582618
"26207",1354.70766127648,-1.16769121169126,0.133947033635934,-8.71755932173176,2.84262884904209e-18,2.10234845193366e-15,"26207","Down",14.6772953005769
"3161",219.194217809427,4.3208829881915,0.497517539030719,8.68488575620791,3.79123219971636e-18,2.51022290973251e-15,"3161","Up",14.6002877111212
"55165",217.644973664385,3.98688440073317,0.45927629045248,8.68079734054046,3.93003871435491e-18,2.51022290973251e-15,"55165","Up",14.6002877111212
"55893",877.294829106627,-1.25827998982069,0.144868364449322,-8.68567816447506,3.76489447339594e-18,2.51022290973251e-15,"55893","Down",14.6002877111212
"55872",72.7869084179359,4.74258795336944,0.547233022047748,8.66648714951934,4.45656995663014e-18,2.72277047958986e-15,"55872","Up",14.5649889666838
"157570",101.226794858956,4.27016303491531,0.4930751066169,8.66026894809973,4.70652491157792e-18,2.75567033572887e-15,"157570","Up",14.5597727388462
"160428",184.557439369348,4.88976399044571,0.566005057299182,8.63908180216321,5.6666592436203e-18,3.1851158276541e-15,"160428","Up",14.4968747697976
"10024",130.887018395251,3.78035318842368,0.4386974314415,8.61722207035029,6.85980127568074e-18,3.57014546392096e-15,"10024","Up",14.4473140884001
"11274",1084.02807768716,3.83243637726069,0.444585434115342,8.62024727572701,6.68096806886209e-18,3.57014546392096e-15,"11274","Up",14.4473140884001
"675",197.805094025824,2.47460998976422,0.288505822616616,8.57733118631934,9.70997372111967e-18,4.79708663249752e-15,"675","Up",14.3190224383663
"9133",255.865042126699,3.85408797678041,0.449451068194447,8.57510027123354,9.90005069331257e-18,4.79708663249752e-15,"9133","Up",14.3190224383663
"9928",104.618673817863,4.05607439164817,0.473370184532164,8.56850415210842,1.0483791227401e-17,4.91060781091464e-15,"9928","Up",14.3088647497122
"79733",117.932165667992,4.67733477352398,0.546200899267484,8.56339632504597,1.09590413951276e-17,4.96762740917202e-15,"79733","Up",14.3038509853373
"157313",147.099655083781,4.15064353517816,0.486487500289288,8.53186059808319,1.44012528135537e-17,6.32395014175176e-15,"157313","Up",14.1990115627195
"56938",83.0782139030653,2.59131039618562,0.304870759616461,8.49970131424077,1.90079143874617e-17,8.09391554462461e-15,"56938","Up",14.0918413315351
"55635",86.3683017215076,4.56904120244812,0.538158760421483,8.4901362543456,2.0639497206147e-17,8.53018278649344e-15,"55635","Up",14.0690416625822
"51512",238.538989966189,3.55069236774632,0.419672090758298,8.46063497177198,2.65925569679508e-17,1.06765317289613e-14,"51512","Up",13.9715698049479
"332",317.05320214801,4.09642073203602,0.48681025960667,8.41482004784744,3.93498508699554e-17,1.53595584562393e-14,"332","Up",13.8136212688602
"991",476.137263188848,3.98256352196645,0.474981607616073,8.38466891792904,5.08687251313992e-17,1.931911690666e-14,"991","Up",13.7140127294386
"890",502.719397657099,3.82235324025262,0.456052743305276,8.38138416304621,5.23088664240649e-17,1.93432681839726e-14,"890","Up",13.7134701468842
"11004",232.866476445961,3.78194691820681,0.453639655435681,8.33689663787126,7.62656728703945e-17,2.74791085942252e-14,"11004","Up",13.5609973596361
"28231",115.199364631782,3.36657930625806,0.404321066053081,8.32649987575982,8.32676297488949e-17,2.92519183307868e-14,"28231","Up",13.5338456477645
"4907",232.645239084918,-1.78453096769216,0.214790884528926,-8.30822486534263,9.71443102572029e-17,3.2236960824746e-14,"4907","Down",13.4916459085313
"728833",55.1893280179182,2.76566737705846,0.332956094861485,8.30640261506255,9.86471189484828e-17,3.2236960824746e-14,"728833","Up",13.4916459085313
"9833",139.68229562086,4.06511082544604,0.489291255134812,8.30816161700253,9.71960909042903e-17,3.2236960824746e-14,"9833","Up",13.4916459085313
"7153",821.822543399902,3.72499658868283,0.449228587556383,8.29198473085889,1.11374230201759e-16,3.55688791544345e-14,"7153","Up",13.4489298200747
"729533",109.140049291747,1.99178191277376,0.240450379948532,8.28354653962326,1.19560220654754e-16,3.73346715697912e-14,"729533","Up",13.4278876647738
"9319",189.189017161308,3.84709159972407,0.465196547351215,8.26981976033365,1.34161681582613e-16,4.09834771651929e-14,"9319","Up",13.3873911974821
"23544",60.756628272545,-3.00876486884653,0.364040747257286,-8.26491235257267,1.39797417397286e-16,4.17964533886525e-14,"23544","Down",13.3788605684423
"8836",277.240037592915,4.12649544465384,0.500513989179778,8.24451570557733,1.6583047692882e-16,4.85468721209122e-14,"8836","Up",13.3138387464849
"57593",28.5476622735381,-2.7411233048774,0.333428916552641,-8.22101254209798,2.01792159868879e-16,5.65044702900873e-14,"57593","Down",13.2479171920829
"7205",165.523832144799,1.41101684146352,0.171603770338558,8.22252820366197,1.99257424085374e-16,5.65044702900873e-14,"7205","Up",13.2479171920829
"990",318.305062421771,3.95538585269889,0.481244553001413,8.21907661713789,2.05076002333792e-16,5.65044702900873e-14,"990","Up",13.2479171920829
"7345",138.595320069057,5.58267589554977,0.68027575126185,8.20648962600007,2.27749215451822e-16,6.15448456832501e-14,"7345","Up",13.2108083129204
"55388",201.116840219326,4.25944382245188,0.519552452194231,8.19829413654566,2.43822172483355e-16,6.46450786365302e-14,"55388","Up",13.1894645319182
"6035",259.312067542343,5.1376166644974,0.627707265714289,8.18473346592719,2.72906981786405e-16,7.10164612604178e-14,"6035","Up",13.1486409723239
"113130",327.577709876288,3.77510396645004,0.461541820835494,8.17933239422649,2.8542077082236e-16,7.27295473403458e-14,"113130","Up",13.138289115415
"9700",220.125166234273,3.70254095291331,0.452772855973282,8.17747995284372,2.89841634718144e-16,7.27295473403458e-14,"9700","Up",13.138289115415
"22974",660.361182736453,3.53412934336418,0.434888820131145,8.12651229410411,4.41818710767997e-16,1.08919939012489e-13,"22974","Up",12.9628926105064
"891",249.08564646275,3.63746590695876,0.44796857673895,8.11991308282872,4.66517665120222e-16,1.13025969487403e-13,"891","Up",12.9468217590893
"9156",125.907647021148,4.07668126666902,0.503051781164739,8.10389987533706,5.32249134622671e-16,1.26765505757928e-13,"9156","Up",12.8969989065253
"8318",168.728518319773,3.80790938927323,0.471972305813198,8.06807802570595,7.14134058479308e-16,1.67250196495854e-13,"8318","Up",12.7766333633239
"3833",371.377045968296,3.6019559646291,0.446732768787203,8.06288729257032,7.45132180834502e-16,1.71649137788302e-13,"3833","Up",12.7653583737397
"63967",215.98209237149,3.11137441087716,0.387552079858238,8.02827432126093,9.88532498236049e-16,2.24046107503435e-13,"63967","Up",12.6496625969617
"83540",102.872831658923,3.75383155530028,0.467830318112215,8.02391681336026,1.02425677572917e-15,2.28458035119782e-13,"83540","Up",12.6411935627262
"10721",138.275867881429,3.63640013336749,0.454877810881989,7.99423503713375,1.30380827183805e-15,2.86267403685441e-13,"10721","Up",12.5432281008275
"995",31.0488361352664,4.14294823938532,0.520491012665764,7.95969217252504,1.72467811458073e-15,3.728488748629e-13,"995","Up",12.4284671631314
"1267",1642.05148499916,1.50820441558132,0.189750489239164,7.94835587317177,1.89003056596118e-15,4.02404689589188e-13,"1267","Up",12.3953369666926
"10615",382.332442807985,3.4182803499825,0.430333499772105,7.94332849241982,1.96826779460386e-15,4.12807448504081e-13,"10615","Up",12.3842524751041
"6790",216.094508258915,3.04832365291253,0.383863570155364,7.94116423102811,2.00292264393333e-15,4.13898073419869e-13,"6790","Up",12.3831065951143
"2305",633.864143266724,3.50473335270669,0.442740662603984,7.91599608694978,2.45281331605126e-15,4.995207640167e-13,"2305","Up",12.301446454364
"51237",6117.41797329826,5.1407295245579,0.649651305063515,7.91305964367346,2.51138964087297e-15,5.04143531907815e-13,"51237","Up",12.2974458003776
"11130",357.853504650816,3.7059560218666,0.468954913664104,7.90258490504068,2.73178131253395e-15,5.40661845122916e-13,"11130","Up",12.2670742778023
"54443",120.042679657574,3.68416873649537,0.466453648923999,7.89825258092395,2.82840549640235e-15,5.52010472714525e-13,"54443","Up",12.2580526827799
"1062",215.057776755882,3.48369393883236,0.441885343087484,7.88370556599943,3.17812647673257e-15,6.07614318675921e-13,"1062","Up",12.2163720003644
"11065",211.147315936789,3.49228562380572,0.443022828383232,7.88285704497548,3.19979074736822e-15,6.07614318675921e-13,"11065","Up",12.2163720003644
"4751",74.6644745723961,3.60972293722677,0.458135543923811,7.87915931235205,3.29591048957436e-15,6.12268822833304e-13,"4751","Up",12.2130578545871
"6491",226.623069700328,3.16947359760633,0.402369926230589,7.87701413795519,3.35296986382348e-15,6.12268822833304e-13,"6491","Up",12.2130578545871
"8820",67.803713410572,4.35233023555536,0.552540888627256,7.87693784322166,3.35501703374356e-15,6.12268822833304e-13,"8820","Up",12.2130578545871
"22936",3429.45104950224,3.62798136411216,0.461328767650485,7.86419928371087,3.71465788452465e-15,6.69209905042825e-13,"22936","Up",12.174437639626
"7272",128.507698583187,3.77237299987788,0.480768362579246,7.84655000932196,4.27638269891764e-15,7.60654806141654e-13,"7272","Up",12.1188123863299
"9837",112.289187587178,3.66273097469951,0.46713100915395,7.84090737485681,4.47302306294809e-15,7.85686501006832e-13,"9837","Up",12.1047507084672
"4288",2490.37629205307,3.45182971274343,0.441076060536026,7.82592849983408,5.03923692972082e-15,8.74214288104159e-13,"4288","Up",12.0583820997063
"10112",103.830876577421,3.63606815382782,0.467026814573653,7.78556613959558,6.94017258831843e-15,1.18930860013476e-12,"10112","Up",11.9247054406327
"122509",102.427206093078,3.26775608770703,0.420327663638769,7.77430650035767,7.58618549580502e-15,1.28435034442231e-12,"122509","Up",11.8913164934826
"146909",132.042975135613,3.18756871959905,0.41172341687474,7.74201463641505,9.78537215019379e-15,1.6369529696967e-12,"146909","Up",11.7859637978603
"220134",176.974053318464,3.29061656160281,0.425491623906538,7.73368117424002,1.04480502085475e-14,1.72724707682952e-12,"220134","Up",11.7626455336378
"2621",462.474021697361,2.52969460191715,0.327528030818758,7.72359726156382,1.13091781918217e-14,1.84786711571487e-12,"2621","Up",11.7333292630871
"1058",66.7839986345034,4.21349729081393,0.545672644050413,7.72165754826562,1.1482655602874e-14,1.85464685668489e-12,"1058","Up",11.731738772191
"4145",833.249117865287,-2.0725156756122,0.268652882363003,-7.71447399850275,1.21482197250545e-14,1.93984981336893e-12,"4145","Down",11.7122318926213
"993",130.235530692093,4.02097778618009,0.522876611182573,7.69010833566637,1.47010492453199e-14,2.29532382216927e-12,"993","Up",11.6391560359391
"23268",247.146454946017,-1.02703486469854,0.133592818943789,-7.68779993429641,1.49686631637594e-14,2.31142477777085e-12,"23268","Down",11.6361202355292
"9212",227.174211970364,3.51535905603516,0.458073561036796,7.67422386936841,1.66423209306471e-14,2.54193362736362e-12,"9212","Up",11.5948357935326
"150468",119.570496175158,3.45663589096071,0.45099759408181,7.66442201980722,1.79638310250457e-14,2.71427692004239e-12,"150468","Up",11.566345846171
"5347",565.634561934261,3.62471110263305,0.473760686990059,7.65093263787231,1.99526849447088e-14,2.98271413662817e-12,"5347","Up",11.5253883674338
"1063",320.566545089011,3.03660806452242,0.397585318334893,7.63762625149208,2.21263037590227e-14,3.27282968865038e-12,"1063","Up",11.4850765938988
"4998",183.402308389006,3.41862734660889,0.449193513727992,7.61058929421458,2.72848981264256e-14,3.99382696325555e-12,"4998","Up",11.3986107553219
"1033",134.073992198948,3.3251062819102,0.438066453667264,7.5904152305527,3.18881947670389e-14,4.61951456563331e-12,"1033","Up",11.3354036591935
"608",765.421265856693,4.40112904786423,0.580214362921976,7.58535005183259,3.31590602822574e-14,4.75460321516613e-12,"608","Up",11.3228857202942
"57082",215.369342025884,3.17760227811222,0.419611756750241,7.57271984636877,3.65489951595775e-14,5.18774222204428e-12,"57082","Up",11.2850216120647
"51514",346.000453395388,3.69582514747527,0.488522764387688,7.56530793832627,3.86946844724637e-14,5.4373770620706e-12,"51514","Up",11.2646105492314
"10797",1005.58104946942,1.85067759041723,0.244865270603793,7.55794231600832,4.09495560302983e-14,5.69725902314605e-12,"10797","Up",11.2443340351044
"81624",83.3515336561142,3.37373716912924,0.447080135776381,7.54615761058259,4.48287492602272e-14,6.17581945690895e-12,"81624","Up",11.2093054085943
"9768",220.926056540834,3.54963531174169,0.470974919456346,7.53678203467625,4.81710481218418e-14,6.57184046804001e-12,"9768","Up",11.1823129876428
"494143",122.404822057735,3.68644117507869,0.489623881088545,7.52912861783395,5.10800500223804e-14,6.83597012299513e-12,"494143","Up",11.1651998440564
"728763",15.9071065908313,-3.96880337339025,0.527058536960668,-7.53009978033318,5.07015633860911e-14,6.83597012299513e-12,"728763","Down",11.1651998440564
"7298",679.679238161746,3.55601242340037,0.474195779542522,7.49903853389631,6.42876285309983e-14,8.52235618978857e-12,"7298","Up",11.0694403185248
"23397",270.876164735511,3.23590162636479,0.433669078761415,7.46168400017524,8.5423561555103e-14,1.12184288502085e-11,"23397","Up",10.9500679621051
"7083",436.731070379652,3.47926007404824,0.467143816764594,7.44794204522573,9.48074487493927e-14,1.23355024983932e-11,"7083","Up",10.9088431544163
"221150",160.468288027311,3.91100575090905,0.526039304152456,7.4348166002736,1.04713141680569e-13,1.34993492375721e-11,"221150","Up",10.8696871670119
"90381",109.624869245018,3.78423770577929,0.509814050274791,7.42278033282837,1.14686904037856e-13,1.46507306867269e-11,"90381","Up",10.8341407148798
"3782",149.126988327799,3.97819405160632,0.536255218565277,7.41847149245423,1.18479671421248e-13,1.49988859712736e-11,"3782","Up",10.8239409965774
"10403",178.466927183045,3.21294535065435,0.433325592302401,7.41462172493188,1.21972437783029e-13,1.53031847832779e-11,"10403","Up",10.8152181776876
"9088",213.968655323151,3.46480515759435,0.467583687869243,7.41002145173906,1.26278988796059e-13,1.57032951377188e-11,"9088","Up",10.8040092068282
"9232",391.857527637369,3.04811835344682,0.411669950618013,7.40427701577654,1.31866900646127e-13,1.62543305954331e-11,"9232","Up",10.7890309114152
"653820",101.691966070465,2.44051532202121,0.32979734097211,7.40004547892214,1.36137864718218e-13,1.66348632610469e-11,"653820","Up",10.778980764691
"3832",524.502724269703,3.42743238881615,0.463740189748255,7.39084613450639,1.45897372496737e-13,1.7673705847622e-11,"3832","Up",10.7526723774639
"29071",363.369939464104,1.91503015911187,0.259846698164628,7.36984603859999,1.70825203385054e-13,2.03426759149728e-11,"29071","Up",10.6915919197187
"51203",604.674715560855,3.04538075926673,0.413362705475746,7.36733314090768,1.74075102847575e-13,2.0555490295917e-11,"51203","Up",10.6870721598337
"26010",778.498233394964,2.5935005655811,0.352528852618905,7.35684624482285,1.88306031818904e-13,2.20506363259937e-11,"26010","Up",10.6565788733671
"29128",305.566063775111,2.67764642219896,0.364404798441979,7.3479998991432,2.01194651245596e-13,2.33651837958936e-11,"29128","Up",10.6314307983662
"7150",2254.21232021289,1.90911737026084,0.259958763641881,7.34392387282943,2.07421130109596e-13,2.38908337729512e-11,"7150","Up",10.6217686934199
"2171",362.524369175575,2.50820970081476,0.341805204426107,7.33812612662251,2.1660500368037e-13,2.47458009082647e-11,"2171","Up",10.6064984855016
"5831",187.823645082771,3.63445554351681,0.497110667353457,7.31115983261051,2.64846269312066e-13,3.00130627126867e-11,"5831","Up",10.5226896843036
"8438",96.4432435219499,3.28686390933657,0.450026856439378,7.30370612843488,2.79947462939802e-13,3.14705739938408e-11,"8438","Up",10.5020953358893
"1111",222.211260401694,2.90672600124764,0.398340925366922,7.29708100810927,2.9407775421097e-13,3.25384299383665e-11,"1111","Up",10.487603406702
"91010",929.670124781204,-1.22066701848767,0.167257523201601,-7.29812922684718,2.91796320162686e-13,3.25384299383665e-11,"91010","Down",10.487603406702
"220042",123.961008201961,1.58900572977788,0.218009079179685,7.28871355154989,3.12928577615665e-13,3.43536904113697e-11,"220042","Up",10.4640266024413
"81567",28633.3854434387,4.11499994264458,0.565233763047901,7.2801736408231,3.3339077729302e-13,3.63163349032676e-11,"81567","Up",10.4398979875629
"3707",2217.67287733895,-1.12928034405866,0.155180042291745,-7.27722668057773,3.40752432292086e-13,3.65515509814381e-11,"3707","Down",10.4370941900224
"578",1207.96202602188,1.59540768958749,0.219229285101728,7.27734749874854,3.40447508221436e-13,3.65515509814381e-11,"578","Up",10.4370941900224
"55450",48.7904484347015,-1.96422543179703,0.270386023997178,-7.26452278397913,3.74357523769747e-13,3.98520600303976e-11,"55450","Down",10.3995492241622
"57636",78.5488702938237,2.56012679452355,0.352483035196565,7.26312060123935,3.78260390472523e-13,3.99647744881195e-11,"57636","Up",10.3983226333094
"79075",51.9146975363736,3.57049715919801,0.49179042586999,7.26020062891975,3.86516593779217e-13,4.05323222073549e-11,"79075","Up",10.3921985136294
"85477",36.0523172974105,4.43593165778012,0.611931977725008,7.24906005773988,4.19673782224274e-13,4.36833776875222e-11,"85477","Up",10.3596837884732
"51659",203.007986179102,3.30648163516233,0.461804506744556,7.15991634311029,8.07263089398293e-13,8.34092715604766e-11,"51659","Up",10.0787856716194
"55143",210.613900115831,2.85241202993348,0.399185657571314,7.14557744205502,8.96183489832118e-13,9.19209518184009e-11,"55143","Up",10.0365854872861
"5888",109.733776774455,3.14709215205459,0.440910631017761,7.13770984562134,9.48986825444848e-13,9.66316150083406e-11,"5888","Up",10.0148807620176
"81030",1344.25765835392,2.05197873400738,0.288191328417285,7.12019596591135,1.07773718817213e-12,1.08174021201391e-10,"81030","Up",9.96587702576878
"84817",145.1295868345,1.5781300361069,0.221638370389088,7.12029254382479,1.07698224631654e-12,1.08174021201391e-10,"84817","Up",9.96587702576878
"8722",103.185284159413,-1.56420122969764,0.219892959701226,-7.11346662404727,1.13163861494145e-12,1.12778622816718e-10,"8722","Down",9.94777321305279
"5701",1071.50748485933,1.3005771533803,0.183053807543073,7.10488992737435,1.20418473927007e-12,1.19163408142416e-10,"5701","Up",9.92385708420592
"10549",643.118884097858,2.8203571989175,0.397149084737885,7.10150748749405,1.23403324285067e-12,1.21263182717046e-10,"10549","Up",9.91627103730251
"55789",130.677008729326,3.5435154963508,0.500194324889824,7.08427768973852,1.39771389401168e-12,1.36393580823973e-10,"55789","Up",9.86520606867021
"26521",244.136467258435,1.48726159774455,0.210486628397881,7.06582460398955,1.5966498443394e-12,1.54731886983843e-10,"26521","Up",9.81042017812931
"56981",116.356891652909,-1.29995524152524,0.184041668718935,-7.06337456389024,1.62506898106676e-12,1.56407324122946e-10,"56981","Down",9.80574291398906
"51053",189.406561772253,2.68774016315423,0.380650782074128,7.06090802837446,1.65418058484419e-12,1.58126160396126e-10,"51053","Up",9.80099627443324
"83461",136.383455711306,3.23765448667643,0.458897580752799,7.05528776457095,1.72243892706065e-12,1.63538593263893e-10,"83461","Up",9.78637974230824
"3512",52083.86993681,4.16267462537606,0.590523723414307,7.04912344809483,1.80048366478545e-12,1.68669309717101e-10,"3512","Up",9.77296393242596
"83903",87.4353986644688,3.18294612149671,0.451485348889867,7.04994332445802,1.7899068013757e-12,1.68669309717101e-10,"83903","Up",9.77296393242596
"4605",2799.87656694481,4.03063713803011,0.573093724101678,7.03312035801494,2.01965002314736e-12,1.8794782864415e-10,"4605","Up",9.72596268731282
"2232",116.436123739032,1.17414922174114,0.167037986713277,7.02923475578394,2.07669324747413e-12,1.91984825746753e-10,"2232","Up",9.71673309606146
"5427",71.9761212278443,2.97570561260654,0.425027818806406,7.00120199417331,2.53775745732161e-12,2.31562128508333e-10,"5427","Up",9.63533246707217
"55765",54.9952602904036,4.63097127180692,0.662763658780362,6.98736451592559,2.80097836791019e-12,2.53931277586284e-10,"55765","Up",9.59528380229082
"84706",91.0350825181122,2.02254566110427,0.290072869619797,6.97254336041579,3.11261678169323e-12,2.80374942412521e-10,"84706","Up",9.55226080261068
"144455",59.8875579022984,3.45716099366084,0.496062477426432,6.96920478968006,3.18737446346649e-12,2.85280165354338e-10,"144455","Up",9.5447284224425
"54979",138.636766240415,4.32438342146143,0.620850151877224,6.96526111556239,3.27795196633794e-12,2.90584309055064e-10,"54979","Up",9.53672784039857
"911",192.648349413146,-2.24204835977471,0.321909969786666,-6.96483045014278,3.28799495728403e-12,2.90584309055064e-10,"911","Down",9.53672784039857
"5644",181.591121634534,-1.74566347343152,0.250684114562058,-6.96359829772689,3.3168953278291e-12,2.91306332166591e-10,"5644","Down",9.53565007494968
"92840",48.9781612125686,-1.69997580325044,0.244256020395999,-6.95981126890695,3.40728889821951e-12,2.97386481973792e-10,"92840","Down",9.52667877669375
"27086",1744.38685730646,-1.16239183492177,0.167142314617994,-6.95450363708574,3.53805513025064e-12,3.06893522779519e-10,"27086","Down",9.51301227758577
"25777",9350.74623218947,-1.05010553291797,0.151017010678927,-6.95355793494395,3.56186575315148e-12,3.07063420633648e-10,"25777","Down",9.51277191642295
"55300",620.004763443441,2.25872004302782,0.325070004063729,6.94841115695499,3.69423029452497e-12,3.1653246401625e-10,"55300","Up",9.49958174150732
"3070",154.345221344701,2.466615966141,0.355966389346704,6.92935074760265,4.22776402346834e-12,3.60051757925922e-10,"3070","Up",9.44363506432741
"56172",723.418972239795,-1.07525087571093,0.155212106800159,-6.92762245083981,4.27972062212854e-12,3.62280928808134e-10,"56172","Down",9.4409545274929
"79682",159.076897150989,2.81227089751081,0.406964733921934,6.91035527921265,4.83441408206057e-12,4.06785548988714e-10,"79682","Up",9.39063448373832
"23467",128.591866465832,-1.67267913412635,0.242276833932597,-6.90399947438517,5.05584867749791e-12,4.20383346841424e-10,"23467","Down",9.37635449654038
"29127",343.745328843366,2.10790773703025,0.306222096504396,6.8835912270622,5.83621927557879e-12,4.82415019179018e-10,"29127","Up",9.31657917963028
"2537",5577.34762561175,2.93233615117609,0.426294225941485,6.87866729768606,6.041507197047e-12,4.96463503701196e-10,"2537","Up",9.30411267209057
"29089",112.358250000364,2.91860094585195,0.424506117894151,6.87528594482987,6.18656379181686e-12,5.05427874433782e-10,"29089","Up",9.29634081034061
"102723407",3636.08130165022,4.60724201485528,0.670660016943577,6.86971326522793,6.43310772081831e-12,5.22531963542999e-10,"102723407","Up",9.28188713839248
"147841",68.6637424756611,3.24529165587316,0.472731876474182,6.86497318538747,6.65037438576817e-12,5.37075062464451e-10,"147841","Up",9.26996501237131
"9601",6054.03077760682,2.75387520624049,0.402664448731812,6.83913172596637,7.96745994111359e-12,6.39764269100161e-10,"9601","Up",9.19398001896582
"952",4339.97290583259,2.93019691593378,0.429041758649151,6.82963104840791,8.51332964536617e-12,6.79711978276622e-10,"952","Up",9.16767507662239
"56992",150.181027902029,3.28444822593933,0.481260795331428,6.82467439234779,8.81249625807731e-12,6.99622584285324e-10,"56992","Up",9.1551361796505
"5255",35.0488264348022,4.16902056803668,0.611918755180582,6.81302956109977,9.55644942152783e-12,7.54422625119714e-10,"5255","Up",9.12238529559244
"2826",77.9721595334006,3.27712163042932,0.48145217120176,6.80674390199392,9.98324131133443e-12,7.83712329088667e-10,"2826","Up",9.10584332100922
"51023",304.256674405245,1.27461548208034,0.187285464393549,6.80573629249704,1.00533719830531e-11,7.84833239477015e-10,"51023","Up",9.10522261187715
"1164",170.689747578247,2.22382360112819,0.326889119700525,6.80299057724989,1.02469353081731e-11,7.95524502488663e-10,"1164","Up",9.09934643935902
"57692",116.78155713177,-1.31025429236796,0.192769919231683,-6.79698522253991,1.06831050774784e-11,8.23947875657475e-10,"57692","Down",9.08410026164069
"6897",1139.56036486811,1.49290225042324,0.219662368124933,6.796349612211,1.0730320327734e-11,8.23947875657475e-10,"6897","Up",9.08410026164069
"11339",37.7832983520777,3.19268170818282,0.470336888347246,6.78807422356736,1.13640186846886e-11,8.67865166071981e-10,"11339","Up",9.06154774277226
"6536",45.5959759784084,3.38803761484588,0.499917409613538,6.77719469194923,1.22531721097773e-11,9.3071121344103e-10,"6536","Up",9.03118505356729
"100423062",136402.846356021,4.65965311268032,0.688186037302296,6.77092073961027,1.27965369152086e-11,9.66757724368343e-10,"100423062","Up",9.01468234923975
"5052",1497.48713878721,1.44428008171458,0.21346656833701,6.76583735320288,1.32540375205907e-11,9.95966498606098e-10,"5052","Up",9.0017552697241
"10635",92.048594978129,2.77638977483546,0.411275443444742,6.75068210146733,1.47151700305777e-11,1.09988068760467e-09,"10635","Up",8.95865442350113
"11309",21.8659046441484,4.03126202332091,0.59733398569307,6.74875717751694,1.4911690284116e-11,1.10867233794919e-09,"11309","Up",8.9551967882483
"843",1060.2060870791,1.17492299933002,0.174543355119137,6.73141064882166,1.68026004373323e-11,1.23617875049944e-09,"843","Up",8.90791872605737
"389643",342.306034469609,2.93782403487665,0.438032016768363,6.7068705537801,1.98842500909342e-11,1.44027568184437e-09,"389643","Up",8.84155437204044
"29925",397.158642363843,2.67237834854032,0.39897378318238,6.69813020601084,2.11103135529214e-11,1.52124167202898e-09,"29925","Up",8.81780178628152
"714",334.371711843026,3.53027502438401,0.527327780468236,6.69465018749691,2.16188153075984e-11,1.54993669746108e-09,"714","Up",8.80968603892955
"387103",49.8577851130411,2.54221434348677,0.379804814886714,6.69347581663768,2.17931060970851e-11,1.55450115165604e-09,"387103","Up",8.80840895187252
"55620",25.4837287001394,2.19247265803681,0.327649597583416,6.69151640718445,2.20869732465913e-11,1.56750579828839e-09,"55620","Up",8.80479084401559
"9940",39.711455045854,-1.95401630653051,0.292340336893693,-6.68404616103686,2.32433537279798e-11,1.62495326659488e-09,"9940","Down",8.78915912474776
"7161",146.444751633325,3.69122941966631,0.552392925532349,6.68225324592818,2.35295945465885e-11,1.63682110182506e-09,"7161","Up",8.78599878469062
"168620",187.650797578263,5.02043740103633,0.752027080730485,6.67587315626946,2.45764469766345e-11,1.69672313807859e-09,"168620","Up",8.77038901767891
"64374",499.297654355333,1.66002343699896,0.24867249746959,6.67554093794376,2.46321890241982e-11,1.69672313807859e-09,"64374","Up",8.77038901767891
"146956",52.1881948915761,3.09171318574742,0.463559917857055,6.66950067650324,2.56675198153506e-11,1.75941457778198e-09,"146956","Up",8.75463181396576
"144535",42.7529694553298,3.78837160658395,0.568420196432911,6.66473786532861,2.65138158507434e-11,1.80860262298372e-09,"144535","Up",8.74265684364492
"81930",72.2981567725988,2.81512520532726,0.422711107621622,6.65969063639354,2.74404564785872e-11,1.86276953834351e-09,"81930","Up",8.72984087264906
"1763",94.5912125424031,1.91992539960432,0.288336810100051,6.65862051722817,2.76409587038264e-11,1.86735938320273e-09,"1763","Up",8.72877209173392
"55010",95.6184104186871,2.58711639831722,0.38881803667535,6.65379728892919,2.85626005858895e-11,1.9203907341288e-09,"55010","Up",8.71661039816551
"9554",984.36098950877,1.07375731067369,0.161641098288143,6.6428483971298,3.0767827006064e-11,2.05880716709148e-09,"9554","Up",8.6863843285592
"81618",7941.69696305679,3.4763540999539,0.523996882168627,6.63430302403055,3.26039417280497e-11,2.16108768472903e-09,"81618","Up",8.66532761154276
"10561",2158.52416058321,2.76117261996302,0.416390741245234,6.6312056115984,3.32956049012306e-11,2.18630766388828e-09,"10561","Up",8.66028872284055
"81620",378.52467531057,2.91545092462734,0.440219789334619,6.62271664123498,3.52656652445006e-11,2.30489826984057e-09,"81620","Up",8.63734823809293
"51103",210.960807171429,1.74627589444832,0.264266678312861,6.60800637294473,3.89529924248042e-11,2.53410856274699e-09,"51103","Up",8.59617478361516
"7253",101.686498516174,4.60118654772756,0.696656969568601,6.60466592414457,3.98414759503026e-11,2.57996506937167e-09,"7253","Up",8.58838617399097
"92745",1012.48559500499,2.39009613522842,0.362037668278079,6.60178855585988,4.06226637289876e-11,2.61848472807217e-09,"92745","Up",8.58194995471393
"388753",122.903145570584,1.26885726867102,0.192458128102617,6.59290039438852,4.31315968579199e-11,2.76751232441777e-09,"388753","Up",8.55791043642405
"7184",29106.6392936206,2.95462038315813,0.448410985992156,6.5890900880154,4.42530223337679e-11,2.82656122651866e-09,"7184","Up",8.54874160279144
"8634",466.418278485695,1.07518439655698,0.163196137489918,6.5882956122255,4.44904163737477e-11,2.8288657506059e-09,"8634","Up",8.54838766235372
"23179",249.483966491874,2.38016932218053,0.361444833821978,6.58515242011408,4.54418971263078e-11,2.8763492721571e-09,"23179","Up",8.54115837915128
"11113",161.484642042907,2.47385511160839,0.375740536168362,6.58394523208937,4.58125939056485e-11,2.88680972897835e-09,"11113","Up",8.53958183973477
"56005",1375.86087032726,2.60432150690663,0.395921469661753,6.57787391305547,4.77222629419189e-11,2.99371981633859e-09,"56005","Up",8.52378884791816
"9636",3558.4097281479,3.48439485251266,0.530541701545442,6.56761729071021,5.11267376616374e-11,3.19303518942813e-09,"9636","Up",8.49579629521244
"3111",889.866376721316,-1.53567280171906,0.233873957305726,-6.56624114719876,5.16012266609384e-11,3.20840901344914e-09,"3111","Down",8.49371027225786
"5111",1137.25951159744,1.97543112364706,0.300988954628572,6.56313493657862,5.26881275188836e-11,3.26155756782093e-09,"5111","Up",8.48657495159916
"29980",178.564739742988,2.19686594912119,0.334773572322007,6.56224424730904,5.30039006947617e-11,3.26671409018768e-09,"29980","Up",8.48588887424431
"25940",597.686154405338,1.99771302498235,0.304558222119779,6.55937971753944,5.40320558985798e-11,3.31553908072857e-09,"25940","Up",8.47944584863125
"5693",263.026754661244,1.21801506134957,0.185758791198983,6.55697129319089,5.49115788618513e-11,3.35485872246407e-09,"5693","Up",8.47432576382469
"130589",575.013050442269,1.65222211716366,0.252147434534958,6.55260332198462,5.65425704523039e-11,3.42472499998179e-09,"130589","Up",8.46537429593371
"1869",285.649544678651,1.7701982349929,0.270128246843309,6.55317707673765,5.63256583695971e-11,3.42472499998179e-09,"1869","Up",8.46537429593371
"64131",731.234743538384,-1.20268924868089,0.183627294315071,-6.54962135758151,5.76831492484798e-11,3.47881379072806e-09,"64131","Down",8.45856881696198
"51065",581.97086291162,1.40766549933512,0.215086700359677,6.54464221628377,5.96379882900074e-11,3.58133765577429e-09,"51065","Up",8.44595473089357
"898",130.478178593746,2.79699406693263,0.428213090887129,6.5317808503661,6.49922086703796e-11,3.86979032303463e-09,"898","Up",8.41231256573457
"554282",44.5847066807315,4.79406141199632,0.734941773445892,6.52304928799814,6.88922113070279e-11,4.06753509784183e-09,"554282","Up",8.39066869094592
"5684",708.383740098851,1.68038834699902,0.257664304427959,6.52161870356724,6.95526445068485e-11,4.07906461887934e-09,"5684","Up",8.38943941471222
"6238",1947.56474733918,1.94441510076724,0.29816052129701,6.52137007377422,6.96680549765899e-11,4.07906461887934e-09,"6238","Up",8.38943941471222
"150472",561.619604739612,1.17477785851232,0.18019929660712,6.51932543928643,7.06242755393327e-11,4.1178934434801e-09,"150472","Up",8.38532489557795
"79714",82.2153687210476,1.69828419600664,0.260960865068299,6.5078117960797,7.6253366250474e-11,4.42773678740356e-09,"79714","Up",8.35381820422869
"6729",1006.12965502037,1.90776445504954,0.293327996066918,6.50386079961599,7.828434173733e-11,4.52696119379819e-09,"6729","Up",8.3441932283657
"11067",64.6451282761872,3.42966485487502,0.527600718959975,6.50049314116876,8.00571395665509e-11,4.60367956325091e-09,"11067","Up",8.33689491283439
"3627",556.723713653319,5.24440861614223,0.807046944502972,6.49826958873136,8.12491127018379e-11,4.60367956325091e-09,"3627","Up",8.33689491283439
"4599",10525.4807928057,2.76296340516009,0.425125722740547,6.49916779287975,8.076554035343e-11,4.60367956325091e-09,"4599","Up",8.33689491283439
"836",781.149929046793,2.19144452496475,0.337212320052042,6.49870836458923,8.10125332657478e-11,4.60367956325091e-09,"836","Up",8.33689491283439
"84296",142.653477128132,2.44575468359976,0.376318270986237,6.49916539313928,8.07668285611311e-11,4.60367956325091e-09,"84296","Up",8.33689491283439
"5641",429.366954852871,1.95974502108018,0.301985660663815,6.48953005507723,8.61045292091089e-11,4.82048145197768e-09,"5641","Up",8.31690958385758
"6637",429.325788660253,1.45086007509243,0.223537203206451,6.4904635751055,8.55726539081126e-11,4.82048145197768e-09,"6637","Up",8.31690958385758
"83881",140.826788124086,4.17494460123441,0.64328245910889,6.49006442211679,8.57996780003862e-11,4.82048145197768e-09,"83881","Up",8.31690958385758
"51371",921.620475523911,1.18843041782981,0.183323824764275,6.48268395751584,9.01051175238044e-11,5.02443298192262e-09,"51371","Up",8.29891294220931
"100507050",12.8635866870513,-2.9856300152558,0.46092646554365,-6.47745408095482,9.32831479059582e-11,5.18108614377283e-09,"100507050","Down",8.28557918681842
"8548",322.666388916367,1.43376556498428,0.221373210377968,6.47668958017231,9.37567979670902e-11,5.18689183084075e-09,"8548","Up",8.28509280883287
"51566",497.597952496492,1.37085929563123,0.211832507503458,6.47143024357984,9.70795742458085e-11,5.34965559726314e-09,"51566","Up",8.27167417630077
"4233",45.1141737500247,5.06753191116695,0.783433001718039,6.46836666320418,9.90678777281935e-11,5.43789772592412e-09,"4233","Up",8.26456896473022
"1952",158.23528466261,-1.31499369318201,0.203784969370745,-6.45284928148773,1.09766514089984e-10,6.00170838907572e-09,"1952","Down",8.22172510989283
"3820",717.974022306598,-1.96514373476728,0.304651275715274,-6.45046941015896,1.11504238308167e-10,6.07309130506345e-09,"3820","Down",8.21659018948716
"29968",230.479363253886,2.86323349704118,0.444222465843357,6.44549458255185,1.15224042878524e-10,6.25146042675297e-09,"29968","Up",8.2040185136657
"4173",1041.41416477537,2.53946555586593,0.394142661459199,6.44301113323863,1.17126099811632e-10,6.33021520981943e-09,"4173","Up",8.19858152491973
"5729",166.631473661167,-1.94686475281226,0.302519708238249,-6.43549725784813,1.23069751678671e-10,6.62596226279189e-09,"5729","Down",8.17875104190832
"10954",350.038962527221,2.69979990812655,0.419947236893233,6.42890265953326,1.28528395437176e-10,6.86722818510722e-09,"10954","Up",8.16321852157529
"57405",106.068841626627,2.7846431850341,0.43352957299824,6.42319084664936,1.33447011916986e-10,7.10302049794505e-09,"57405","Up",8.14855693203616
"1397",182.785617468727,-2.51745148731661,0.392123287286641,-6.42005096085088,1.36228733267075e-10,7.22083614291176e-09,"1397","Down",8.14141251001661
"7516",41.4457062953729,2.42617224984281,0.377935624644275,6.41953838600529,1.36688187732318e-10,7.22083614291176e-09,"7516","Up",8.14141251001661
"2237",535.736242757805,2.4120784910957,0.375776402281673,6.41891953951824,1.37244918704014e-10,7.22309212595057e-09,"2237","Up",8.14127684595421
"672",299.877829930046,2.16721361409129,0.337753472644484,6.41655464597542,1.39392929409697e-10,7.30876658233231e-09,"672","Up",8.13615590781418
"90701",1609.53692590827,2.9723203810108,0.464219595655101,6.40283264392641,1.52520349334054e-10,7.96734553472911e-09,"90701","Up",8.09868634756745
"10130",4934.29028993133,2.00757649398599,0.313582258008495,6.40207295762123,1.53281384909175e-10,7.97744452127304e-09,"10130","Up",8.09813620740255
"2146",493.782861093175,2.01530755882911,0.315313978436606,6.39143107077409,1.64340361714335e-10,8.48188348561428e-09,"2146","Up",8.07150769767475
"51264",170.373984902436,1.41972481165106,0.222134503746433,6.39128450423747,1.64497987981958e-10,8.48188348561428e-09,"51264","Up",8.07150769767475
"57650",167.759678495986,2.59873785611758,0.406623442314383,6.39101828789389,1.64784670621456e-10,8.48188348561428e-09,"57650","Up",8.07150769767475
"79019",144.063024327282,2.95017622310944,0.461676128572262,6.39014244083377,1.65731300847167e-10,8.49947532665837e-09,"79019","Up",8.07060788249393
"51290",664.952847875322,1.55320221106511,0.243721695341602,6.3728516613514,1.85545332252837e-10,9.48102912297044e-09,"51290","Up",8.0231445193951
"29093",288.055668160936,1.5390354657699,0.241690960449742,6.36778248928317,1.91780618867778e-10,9.76413498670298e-09,"29093","Up",8.01036622520169
"23529",83.7117794348275,-1.78984232100865,0.281186048992172,-6.36533116569549,1.94868822527797e-10,9.88554763234873e-09,"23529","Down",8.00499926695533
"3479",106.554342739011,4.11291246846621,0.646275512744754,6.36402337293971,1.96536212854348e-10,9.9342692914723e-09,"3479","Up",8.0028640716193
"118487",158.237161570492,1.15228765518576,0.181099949552454,6.36271659949864,1.9821622257655e-10,9.98327727471568e-09,"118487","Up",8.00072686666044
"25886",94.8935815497092,2.27712067677426,0.358148157497319,6.35804102047156,2.04342909471853e-10,1.0255094871066e-08,"25886","Up",7.98906031756866
"8544",9.81919907363974,4.3331843617538,0.682066458820372,6.35302367638486,2.11123205849975e-10,1.05576629487682e-08,"8544","Up",7.97643220687632
"284403",193.709606532847,2.44202060856957,0.38499645351896,6.34296910075122,2.25378648170006e-10,1.12305700854076e-08,"284403","Up",7.94959819755309
"83401",21.8465409055426,3.24884513419165,0.512472756229516,6.33954701923047,2.30441681232939e-10,1.14422844688525e-08,"83401","Up",7.94148725935682
"10733",184.797263505556,2.62741146981223,0.415178737072505,6.32838639169854,2.47738153669468e-10,1.22578047019837e-08,"10733","Up",7.91158730234485
"81794",179.16240519705,-2.03953159711513,0.322866497417515,-6.31695023617673,2.66775438964548e-10,1.31534332222099e-08,"81794","Down",7.88096087570239
"7873",1602.17554381339,2.44294073820318,0.386910413247746,6.31396999035774,2.71966698954355e-10,1.33625036842888e-08,"7873","Up",7.87411216204015
"3669",2998.51115389941,1.90700713732149,0.30210083893023,6.3124854074368,2.74589361223313e-10,1.34443543690244e-08,"3669","Up",7.87146004882949
"7531",3474.13354799934,1.113890834897,0.176801837887345,6.30022203506024,2.97219571457915e-10,1.45018382573841e-08,"7531","Up",7.83857694297628
"50861",460.712197302541,-1.37117324492033,0.217976012878648,-6.29047768519233,3.16490545031116e-10,1.53886683002673e-08,"50861","Down",7.8127989613816
"51491",116.364968819086,1.22386344841083,0.194673664353385,6.28674377952422,3.24193770913742e-10,1.57088650651031e-08,"51491","Up",7.80385519075684
"2205",392.512181586752,-2.41455202982701,0.384236892366199,-6.28401925426204,3.29929817268805e-10,1.59318687019287e-08,"2205","Down",7.79773328136532
"4085",196.29389999599,2.49920077490289,0.397798607978226,6.28257797985983,3.33004140479669e-10,1.60252540480148e-08,"4085","Up",7.7951950768933
"16",1467.63107137693,1.85107412305915,0.295046063211385,6.27384789653321,3.52232621002284e-10,1.68352815997418e-08,"16","Up",7.77377961487487
"29997",7406.77589207189,-1.12345194196787,0.179163095057642,-6.27055444429795,3.59764724693445e-10,1.71369963098044e-08,"29997","Down",7.76606529678812
"151473",95.508346374946,4.02057480235085,0.642023714569409,6.26234625156698,3.79227714406951e-10,1.80030670366435e-08,"151473","Up",7.74465350136209
"79370",23.712869901987,3.67516858622603,0.587117523188574,6.25968130923189,3.8576499605285e-10,1.82517499142581e-08,"79370","Up",7.7386954905679
"5687",1615.32540893006,1.13165580250825,0.18119482905104,6.24551930336532,4.22394361460261e-10,1.99177368028174e-08,"5687","Up",7.70076001078619
"6518",395.177138459,3.59822240085043,0.576342995688622,6.24319620046952,4.28718570081611e-10,2.01483389524642e-08,"6518","Up",7.69576075168237
"391059",33.0252409624855,1.76249118319506,0.282522635428138,6.2384069882548,4.42049333634878e-10,2.06368014492934e-08,"391059","Up",7.68535761424286
"54753",105.407613652797,-1.22598667462055,0.19652034788552,-6.23847193337316,4.41865881531189e-10,2.06368014492934e-08,"54753","Down",7.68535761424286
"25807",236.934806758733,1.23918562874321,0.198911581820796,6.2298314527488,4.66937257893276e-10,2.17264978407825e-08,"25807","Up",7.66301027326535
"10316",278.07308210705,-2.0443178397845,0.328241411036628,-6.228092407135,4.72148573555003e-10,2.18964744409073e-08,"10316","Down",7.65962580543919
"2048",325.989104086652,2.30072406205216,0.369669426613171,6.22373368317439,4.85460855966127e-10,2.24075198227847e-08,"2048","Up",7.64960621070668
"9134",62.7350570159882,2.77749215782853,0.446295009352464,6.22344435770956,4.86357354536673e-10,2.24075198227847e-08,"9134","Up",7.64960621070668
"840",521.235261069911,1.41073774552855,0.226712522832556,6.22258412505286,4.89032410037295e-10,2.24571353785754e-08,"840","Up",7.64864564293751
"26227",297.596945913281,3.07882406148601,0.494953403534489,6.22043214472304,4.9578744755752e-10,2.26931765898315e-08,"26227","Up",7.64410470733789
"3430",1865.55658343058,1.88111722370111,0.302699104737595,6.21447898014702,5.14952265409336e-10,2.34178292347314e-08,"3430","Up",7.63045336524451
"9381",1432.54356448415,4.28535164155388,0.689548112386499,6.21472463570735,5.14147325879105e-10,2.34178292347314e-08,"9381","Up",7.63045336524451
"1503",320.21875901012,1.73827912167842,0.280097241134424,6.20598444539549,5.43555546976389e-10,2.4559622334766e-08,"1503","Up",7.60977831583658
"9022",344.874849117494,-1.97397327590229,0.318055145284351,-6.20638686457187,5.42166186518442e-10,2.4559622334766e-08,"9022","Down",7.60977831583658
"5140",1231.51324101753,-1.06244813166535,0.171374213358973,-6.19957991836183,5.66140643022706e-10,2.5498103576138e-08,"5140","Down",7.59349211905803
"84525",393.469467631874,-1.79391771050245,0.289467341555594,-6.19730606175455,5.743774447719e-10,2.57864276483538e-08,"84525","Down",7.58860881916755
"27143",82.5860349923662,2.7160130525605,0.438348725954551,6.19600991572656,5.79124798034991e-10,2.58603658265932e-08,"27143","Up",7.58736533578405
"4709",487.759464180296,1.20416389427186,0.194350002896063,6.1958522064743,5.7970504094626e-10,2.58603658265932e-08,"4709","Up",7.58736533578405
"347240",61.510521935924,2.17078993516809,0.350406676767114,6.19505871062733,5.82633084066239e-10,2.59087344851228e-08,"347240","Up",7.58655379965603
"116987",221.202403517084,-1.65821906302343,0.267870011675042,-6.19038709355432,6.00166442391879e-10,2.6604223496816e-08,"116987","Down",7.57504941240058
"3568",47.8495237854928,-1.50406094628884,0.242994413067058,-6.18969352959473,6.02813010868911e-10,2.66375107821696e-08,"3568","Down",7.57450636148663
"2491",43.0272438695476,2.67786820615712,0.432702979406535,6.18869833027242,6.06630491392888e-10,2.67221682290058e-08,"2491","Up",7.57312830623807
"857",208.646105161178,4.66759021841673,0.754748146825186,6.18430166148898,6.23779846422268e-10,2.73917325060178e-08,"857","Up",7.56238049808529
"1672",11.8076022764081,5.90876142583157,0.955991882670974,6.18076526897165,6.37916076364123e-10,2.78384990840641e-08,"1672","Up",7.5553541834681
"55839",235.04573361827,1.99536556413741,0.322830390107901,6.18084797862585,6.37581914477072e-10,2.78384990840641e-08,"55839","Up",7.5553541834681
"63895",10.6164161122785,5.94917001065138,0.96285203267384,6.17869600807772,6.46332097978814e-10,2.80316624715997e-08,"63895","Up",7.55235114480726
"162515",18.2589389901804,-1.88438610668424,0.305028188720162,-6.17774414420763,6.50239766792709e-10,2.81143667783728e-08,"162515","Down",7.55107169368598
"79694",609.614882802305,2.60017354561739,0.421010001019776,6.17603747967794,6.5730389660915e-10,2.83326207213245e-08,"79694","Up",7.54771325208849
"219681",6.76360442894266,-2.36084224201665,0.382990699135293,-6.1642286544997,7.0827536240027e-10,3.04363467658979e-08,"219681","Down",7.51660747656064
"7295",1041.22926820897,1.23344640677696,0.200157233390995,6.16238736857186,7.16562967921067e-10,3.06446975509954e-08,"7295","Up",7.51364466057658
"9",128.345555089385,1.24448723305372,0.201955555481406,6.16218370466317,7.17485446504232e-10,3.06446975509954e-08,"9","Up",7.51364466057658
"157574",19.6970895681754,5.52691757556955,0.897051983291702,6.16120099895294,7.21952835272327e-10,3.07420643674144e-08,"157574","Up",7.5122669724487
"90417",127.905626900495,1.63201487127361,0.264915552609824,6.16050985000982,7.25111045577232e-10,3.07832640859555e-08,"90417","Up",7.51168533189374
"4729",897.629689991353,1.32710586866637,0.215525405692959,6.15753796820125,7.38845336288204e-10,3.12718514021742e-08,"4729","Up",7.50484640625479
"113115",80.0607889955343,2.27702318637474,0.369973072963195,6.15456462314288,7.52840221203821e-10,3.1743980010185e-08,"113115","Up",7.49833862300969
"23594",58.1789127548029,2.38254403868499,0.387170217820163,6.15373788846449,7.56777206334471e-10,3.1743980010185e-08,"23594","Up",7.49833862300969
"79568",133.424448272903,1.29597468387963,0.210584322170099,6.15418408419222,7.54649894128556e-10,3.1743980010185e-08,"79568","Up",7.49833862300969
"102288414",506.492542434101,1.0833046285205,0.17610345118036,6.15152412550398,7.67418495306525e-10,3.19820484379268e-08,"102288414","Up",7.49509372330406
"11144",25.4483953521807,3.17063777022738,0.515455325679539,6.15113980255697,7.69280698264964e-10,3.19820484379268e-08,"11144","Up",7.49509372330406
"115004",240.714288964899,1.16431909576175,0.189263830813795,6.15183096926349,7.65934868377308e-10,3.19820484379268e-08,"115004","Up",7.49509372330406
"9401",239.961767453157,2.29291870757284,0.372893871689816,6.14898468881291,7.79805055433855e-10,3.23239546871874e-08,"9401","Up",7.49047551071444
"3148",2696.55111271776,1.27609721811567,0.207578959598187,6.14752680418975,7.87004039239893e-10,3.25264139982323e-08,"3148","Up",7.48776381457325
"25902",157.173767152562,2.10016244859546,0.341716689175891,6.14591711531668,7.95027934072069e-10,3.27616789723774e-08,"25902","Up",7.48463384959311
"7283",472.465580210988,2.17833074576877,0.355186253368184,6.1329252613578,8.6277687313019e-10,3.53461825691703e-08,"7283","Up",7.45165748366816
"8419",23.5003794250072,3.87401992868309,0.632055803164546,6.12923718014586,8.83014084968405e-10,3.60700986103954e-08,"8419","Up",7.44285267038216
"8894",1487.80805818887,1.17768607703221,0.192191959583226,6.12765528581975,8.9183543347489e-10,3.63248449599686e-08,"8894","Up",7.43979623066171
"10225",2049.65288172203,-1.26672672327667,0.207284914845972,-6.1110415305327,9.89830008128976e-10,4.00838365251538e-08,"10225","Down",7.39703071773053
"126917",827.606815209529,-1.07842107791745,0.176595527293078,-6.10672928384932,1.01693508924964e-09,4.10631375693563e-08,"126917","Down",7.38654786994354
"1292",469.918260626505,-1.81278052661139,0.296910169190043,-6.10548480557796,1.02489105127531e-09,4.12658139040708e-08,"1292","Down",7.3844095846862
"10440",382.21233098998,1.59881283594013,0.262075746636089,6.10057533542087,1.05687355167376e-09,4.2431963280342e-08,"10440","Up",7.37230687343976
"54962",84.052729195985,1.64301391991719,0.26935890313228,6.09972011621357,1.06254348290623e-09,4.2538065589169e-08,"54962","Up",7.37122226344719
"11251",70.921284963385,-1.77253682680592,0.291274002232032,-6.0854618442531,1.16155985628269e-09,4.6238637678426e-08,"11251","Down",7.33499496994778
"51303",1447.61728735515,2.76154201477098,0.453787957906224,6.08553392979558,1.16103732454217e-09,4.6238637678426e-08,"51303","Up",7.33499496994778
"475",301.392741629018,1.395096597157,0.229295268096027,6.08427992754192,1.17016007112276e-09,4.64494048571102e-08,"475","Up",7.33301984612521
"1911",821.216696452457,-1.37717929780893,0.226790438786254,-6.07247512364002,1.25953615084265e-09,4.98563436384252e-08,"1911","Down",7.30227957492736
"5685",1643.51063080033,1.1937782171956,0.196616264922656,6.07161476526471,1.26630414274485e-09,4.99834432973331e-08,"5685","Up",7.30117382917152
"140691",37.2418549123345,1.91272908136191,0.315518629597877,6.0621747875859,1.3429315596397e-09,5.27119393185952e-08,"140691","Up",7.27809100541526
"558",161.198952585269,3.0109992479576,0.496955335556232,6.05889308862626,1.37061448952937e-09,5.36486763422473e-08,"558","Up",7.27044098878376
"80178",34.460450718282,3.11893617526285,0.515669830978092,6.04832004491525,1.46363983582875e-09,5.7130741591849e-08,"80178","Up",7.24313013849577
"79094",27.7842017582,3.0412274074337,0.503081423032307,6.04519918287342,1.49225529956275e-09,5.80863475608195e-08,"79094","Up",7.23592593087532
"57565",972.978793208691,4.11352026629079,0.680637723343877,6.0436266242806,1.50688009551669e-09,5.84935886801121e-08,"57565","Up",7.2328917331219
"387509",91.6960966818713,-1.74087880729024,0.288258535869923,-6.03929664055399,1.54787454470205e-09,5.9919374937061e-08,"387509","Down",7.22243272572917
"22820",2337.27831777291,1.26031683463132,0.208784379637449,6.03645175381337,1.57539824017342e-09,6.08172968981232e-08,"22820","Up",7.21597288653186
"102724971",1261.58197463607,2.93554226436506,0.48688388128495,6.02924511819488,1.64727285693225e-09,6.34177484537314e-08,"102724971","Up",7.19778918096989
"57118",1140.89875364851,-1.47460852670439,0.244708572150479,-6.02597822277187,1.6808981681384e-09,6.45354673734448e-08,"57118","Down",7.19020154038591
"283710",270.707659308438,3.57816203052994,0.594113289578275,6.02269313495724,1.71538486155709e-09,6.56800764975483e-08,"283710","Up",7.18256635006578
"3998",3456.4290832943,2.53202867236326,0.420534887173724,6.02097174239262,1.73373027275245e-09,6.62021135671669e-08,"3998","Up",7.17912814506325
"9055",197.288226040753,2.04707529614923,0.340173590915368,6.01773726949462,1.76871954424728e-09,6.73551410183274e-08,"9055","Up",7.17162925026497
"57519",183.886891129208,-1.16544556653665,0.193763905541219,-6.01477124070835,1.80140903698838e-09,6.84145940209751e-08,"57519","Down",7.16485124584251
"11096",11.8583910112909,-4.11155794234212,0.683872492515602,-6.01217037874691,1.83055777790927e-09,6.93342261325633e-08,"11096","Down",7.15905232742109
"2731",210.255113699766,3.32136606361542,0.552879186798664,6.00739934314968,1.88522772479982e-09,7.12129569593738e-08,"2731","Up",7.14744098074505
"7494",11912.345038261,2.6146085116304,0.435484532980582,6.00390671451695,1.92625400325704e-09,7.25676173023269e-08,"7494","Up",7.13925713638435
"348654",147.263206053033,1.50562048631681,0.250933882133591,6.00006851810973,1.97234284518486e-09,7.41052450816513e-08,"348654","Up",7.13015105208272
"4171",810.39190302654,2.20018131077106,0.36682042271822,5.99797932314465,1.99787952020233e-09,7.48645413810217e-08,"4171","Up",7.12572383155107
"4758",871.367507409577,1.02627292285205,0.171262238442316,5.9924063365417,2.06758523275394e-09,7.72704991772828e-08,"4758","Up",7.11198628214815
"11076",52.150505404442,-1.54889554775573,0.259123305032832,-5.97744594049337,2.26663107747174e-09,8.42611108482351e-08,"11076","Down",7.07437281969198
"29095",393.62532457763,1.03779677644346,0.173879239525801,5.96849157653159,2.39457005879571e-09,8.87823178527635e-08,"29095","Up",7.05167352097404
"5031",122.305822406827,2.95739133446896,0.496178052624754,5.96034290276349,2.51709184010432e-09,9.30794066766998e-08,"5031","Up",7.03114639373357
"26053",564.293835641032,-1.7575778783106,0.294906417881733,-5.95978171968928,2.52575080743201e-09,9.31544628504845e-08,"26053","Down",7.03079633405909
"8050",349.923469214261,1.03453862464916,0.173711304979852,5.95550545641891,2.59269248561159e-09,9.53730754131257e-08,"8050","Up",7.020574212821
"3899",259.89785291051,-1.56187433945335,0.262311328648568,-5.9542771084274,2.61223870191709e-09,9.55916099982786e-08,"3899","Down",7.0195802237422
"51726",1580.51347533515,2.04336309272446,0.343154135528961,5.95465093135096,2.60627506364756e-09,9.55916099982786e-08,"51726","Up",7.0195802237422
"54885",17.8932030108774,2.07038142571191,0.348030304757857,5.94885387107995,2.70026571291795e-09,9.83008647614586e-08,"54885","Up",7.00744266162384
"6844",3864.88013205195,-1.20273937254762,0.202555334815776,-5.93783112965905,2.88817301034041e-09,1.04599502941504e-07,"6844","Down",6.9804703792381
"38",368.203228197768,1.48353397173397,0.24990232759988,5.93645519824553,2.91250455407972e-09,1.05209547542232e-07,"38","Up",6.9779448470952
"8727",116.728751043021,1.9341697134382,0.326744170070121,5.91952325583381,3.22876183383504e-09,1.16334772536025e-07,"8727","Up",6.93429045497606
"140465",129.261978510282,2.07982091632355,0.351668041219248,5.9141595838869,3.33574354135955e-09,1.19855884429624e-07,"140465","Up",6.92134063903893
"57125",170.536652079473,-1.92342129881912,0.325244248326477,-5.9137749820818,3.34354587933479e-09,1.19855884429624e-07,"57125","Down",6.92134063903893
"1894",234.542703025225,1.93360232993356,0.327066431353542,5.91195593485848,3.38068990947148e-09,1.20879019358507e-07,"1894","Up",6.91764907190626
"25896",376.367894301226,1.24702895973798,0.211016897874554,5.90961658662672,3.42904915719361e-09,1.22296951159606e-07,"25896","Up",6.91258436970995
"9735",368.868667403307,1.72444952267159,0.292098034526672,5.90366698449703,3.55509431308769e-09,1.26471355158249e-07,"9735","Up",6.89800782789069
"5796",66.9463636396755,-1.50077378877671,0.254366007763906,-5.90005638713202,3.63377363818686e-09,1.28619111243833e-07,"5796","Down",6.89069449571136
"726",103.953347583008,-1.75433437101319,0.297338679070577,-5.90012162728679,3.63233705254677e-09,1.28619111243833e-07,"726","Down",6.89069449571136
"23753",570.411975058369,2.25547295475549,0.383129224736241,5.88697705404288,3.93323296621982e-09,1.38520776043411e-07,"23753","Up",6.85848508404124
"151246",199.63599932893,2.13570002737849,0.362838012843495,5.88609779510532,3.95420391943767e-09,1.38911183689845e-07,"151246","Up",6.85726278796099
"54478",15.5860699360957,3.16351459624967,0.538346636621083,5.87635248565009,4.1940479662445e-09,1.46969481350792e-07,"54478","Up",6.83277283842853
"2585",240.954418261776,1.14149959849407,0.194707516305456,5.86263756096244,4.55571911051464e-09,1.58457834012257e-07,"2585","Up",6.80008628481581
"10051",1490.41465301544,1.85423073616149,0.316773556712571,5.85348965173868,4.81364218949323e-09,1.66604187307288e-07,"10051","Up",6.7783140875535
"53",588.86918236297,1.23015774876097,0.210719130257479,5.8379025542571,5.28620576554994e-09,1.81618003465789e-07,"53","Up",6.74084110285071
"5450",5341.28232064837,2.97610128591944,0.509996951087178,5.83552760379289,5.36206180899285e-09,1.83774859853579e-07,"5450","Up",6.73571389977053
"23508",514.539121184993,-1.23832569503209,0.212363810565391,-5.83115217105592,5.50459560478437e-09,1.88200918341679e-07,"23508","Down",6.72537826172837
"913",13.0038087439445,-3.12185385037101,0.535436060390296,-5.8304886079122,5.52653119891854e-09,1.88492272833018e-07,"913","Down",6.72470644882565
"4582",79.5621166504769,2.18075715370431,0.374084422796287,5.82958557162875,5.55651978441477e-09,1.89056213100718e-07,"4582","Up",6.72340904551108
"23492",963.471843209987,-1.01839512541164,0.174821702774617,-5.82533580927635,5.69978725424442e-09,1.93462344194789e-07,"23492","Down",6.71340355415859
"10622",75.3281672443738,2.3084295506799,0.396500182583534,5.82201384029264,5.81427331335996e-09,1.96399443748399e-07,"10622","Up",6.70685974657627
"6507",27.9602202918527,2.5175380914842,0.432401310149737,5.82222586377548,5.80689993114219e-09,1.96399443748399e-07,"6507","Up",6.70685974657627
"5706",554.587027101806,1.22165323089046,0.210089264367612,5.81492459677913,6.06612236238206e-09,2.03926818219902e-07,"5706","Up",6.69052565681607
"65244",549.491784322665,2.40466145739292,0.413532734125372,5.81492408933192,6.06614076401359e-09,2.03926818219902e-07,"65244","Up",6.69052565681607
"55757",61.2423295164488,1.53416147415229,0.263859940892424,5.81430234905483,6.08872785920483e-09,2.04197622619442e-07,"55757","Up",6.68994931851389
"6373",44.825664338247,4.40131190886693,0.757136229807519,5.81310434713426,6.13248077418557e-09,2.05175285330609e-07,"6373","Up",6.68787495394506
"9871",1805.22696267082,1.74238186849346,0.299895327939447,5.80996669893194,6.24852703359035e-09,2.08561287116417e-07,"9871","Up",6.68076630162381
"3182",1454.44103069941,1.13419747515364,0.195384754119005,5.80494358563323,6.43876793966927e-09,2.14401817744627e-07,"3182","Up",6.66877153692183
"5917",516.493421325735,1.56821597951905,0.270359949517035,5.80047445015608,6.61275495727679e-09,2.19156680801069e-07,"5917","Up",6.65924528571815
"6676",20.3193681803233,3.71526016942925,0.640483882537402,5.80070829372087,6.60353895350848e-09,2.19156680801069e-07,"6676","Up",6.65924528571815
"79586",815.075507345751,2.85974803069816,0.493255298233904,5.7977036251561,6.72291268186692e-09,2.22283221189633e-07,"79586","Up",6.65309331831663
"8857",408.829477383787,-1.7079922472596,0.294750636948431,-5.79470248119745,6.84424040449073e-09,2.25763535596018e-07,"8857","Down",6.6463462022174
"29088",258.511285829948,1.30860733204404,0.226040880085754,5.789250738838,7.07010902860923e-09,2.32124233808451e-07,"29088","Up",6.63427951676131
"58473",360.63445858613,-1.22013097514343,0.210805157415061,-5.78795599740038,7.1248068177859e-09,2.33374791150414e-07,"58473","Down",6.63194605769745
"23457",171.672571699286,2.79867811547422,0.483977269034267,5.78266438227302,7.35266624398694e-09,2.40278293163964e-07,"23457","Up",6.61928546175925
"3915",528.906835227581,2.79127806367319,0.482799896725283,5.78143881679711,7.4064417731088e-09,2.40358706225693e-07,"3915","Up",6.61914014232128
"4175",850.038334658623,1.93656470401798,0.334947645480837,5.78169373675675,7.39522495129833e-09,2.40358706225693e-07,"4175","Up",6.61914014232128
"811",14024.7322746342,1.59010675518721,0.275002648798375,5.78215068885769,7.37515977433003e-09,2.40358706225693e-07,"811","Up",6.61914014232128
"10606",957.19485004499,1.94636847076634,0.336882824448347,5.77758297400161,7.57813530035675e-09,2.44799901702559e-07,"10606","Up",6.61118876091391
"2992",1206.37009585132,1.04548418635718,0.181150576791108,5.7713544437828,7.86368689131703e-09,2.52861620587613e-07,"2992","Up",6.59711708299996
"488",2410.92981155553,1.06398637986178,0.184569372890123,5.76469629387094,8.18050170448235e-09,2.62448424546543e-07,"488","Up",6.58095602991735
"57102",320.994645038584,1.10736306737599,0.192298144599425,5.75857385250767,8.48275528746804e-09,2.70908357498866e-07,"57102","Up",6.56717759681381
"55840",658.603315041987,2.24993892960269,0.390779166696626,5.75757133785329,8.53327114629155e-09,2.71903687409725e-07,"55840","Up",6.56558490270732
"256949",24.5800034056822,-1.41115975174644,0.245209644534203,-5.75491128999867,8.66873042098438e-09,2.75595022343151e-07,"256949","Down",6.55972863069919
"10439",27.581690973088,-3.35303991192821,0.582773098454846,-5.75359418754641,8.73657359155612e-09,2.77124903179564e-07,"10439","Down",6.55732444560894
"10256",220.465394009426,2.76748378565771,0.481540882229367,5.74714191003932,9.07645505862922e-09,2.87058518767512e-07,"10256","Up",6.54202956045347
"3737",96.4902589674199,2.68301399943504,0.466864569103496,5.74687859605012,9.09059499370503e-09,2.87058518767512e-07,"3737","Up",6.54202956045347
"9447",349.247957047224,1.98919486248252,0.346326452770697,5.74369889036333,9.26304463136564e-09,2.91848213363117e-07,"9447","Up",6.53484296101037
"3149",174.910284196909,2.47761662006319,0.431407208178221,5.74310436426376,9.29563944442037e-09,2.92219967501107e-07,"3149","Up",6.53429011188129
"5348",12.7724573152652,-2.15948701540501,0.376185177306042,-5.74048938044196,9.44033412075062e-09,2.96106194341044e-07,"5348","Down",6.52855250736924
"201305",59.113416485399,-1.55152762105246,0.270742688204639,-5.73063535470163,1.00055149725044e-08,3.12530749779425e-07,"201305","Down",6.5051072461518
"284194",55.6040656726911,-2.39859377611186,0.418559984911212,-5.73058548972535,1.0008456974149e-08,3.12530749779425e-07,"284194","Down",6.5051072461518
"2334",31.8248223057355,-1.37511939503719,0.240379023340826,-5.72062976180519,1.06129937176158e-08,3.30673586962168e-07,"2334","Down",6.48060049360974
"57690",801.830849686448,-1.0556710938398,0.184707482374971,-5.71536724049275,1.09467355968138e-08,3.40317541164661e-07,"57690","Down",6.4681156652601
"23657",37.5646336372627,2.15865336312629,0.378323018104964,5.70584727817798,1.15765764079577e-08,3.57525388317851e-07,"23657","Up",6.44669311298219
"84842",47.5010845223403,2.87386931918063,0.50388287525441,5.70344709121066,1.17408492870914e-08,3.61803539873263e-07,"84842","Up",6.4415271883333
"7532",1678.73655503368,1.38183032350788,0.242370095391954,5.70132351218175,1.18880775554416e-08,3.65538874855724e-07,"7532","Up",6.43706642927373
"11238",348.47336480364,-1.03467597601641,0.18153372477278,-5.69963502545593,1.20064195838783e-08,3.66932773454726e-07,"11238","Down",6.43541349648913
"27115",18.1689313434476,-1.6139659134446,0.283173804045444,-5.6995593885711,1.20117474942481e-08,3.66932773454726e-07,"27115","Down",6.43541349648913
"59285",24.8974868685544,-2.97402322517728,0.521797236088885,-5.69957642449197,1.20105472727126e-08,3.66932773454726e-07,"59285","Down",6.43541349648913
"51251",1915.04671890908,1.8026570064787,0.316626956218868,5.69331502284543,1.24596191607092e-08,3.78966598368582e-07,"51251","Up",6.42139906650546
"770",91.1502947024271,-1.33319380193894,0.23441738023223,-5.68726517043313,1.29089931698066e-08,3.91786548643892e-07,"770","Down",6.40695047888241
"7762",43.7122188589875,3.14285447267174,0.552681525234225,5.68655605294533,1.29626852190228e-08,3.92568217020924e-07,"7762","Up",6.40608486451997
"145508",341.349304573431,2.74093077452552,0.482249758245497,5.68363327852662,1.31862873478371e-08,3.97625986720616e-07,"145508","Up",6.40052524016867
"64943",556.909512322501,2.79664610997298,0.492039282806409,5.68378624979281,1.31744921675792e-08,3.97625986720616e-07,"64943","Up",6.40052524016867
"3145",191.505874644142,1.40239765909495,0.246767859610966,5.68306448540686,1.32302354373015e-08,3.98096934400343e-07,"3145","Up",6.40001116674683
"9576",9.75993450977756,3.42112891175183,0.602044223543976,5.68252094773555,1.32723651003218e-08,3.98511270063509e-07,"9576","Up",6.39955939206666
"84057",32.2901818056391,3.12843949666684,0.550647071153539,5.68138769922654,1.33606228923146e-08,4.00305912330075e-07,"84057","Up",6.39760799552226
"26271",288.038853478871,1.96864260005522,0.346810411263805,5.67642301418036,1.375404118876e-08,4.10241788886321e-07,"26271","Up",6.38696010272349
"899",270.932805415665,2.12466661193957,0.374374019531491,5.67525122228963,1.38485267358145e-08,4.11415428523606e-07,"899","Up",6.38571942582305
"151648",92.2597181843336,1.80194395516964,0.317695529243956,5.6719210353947,1.41205064662198e-08,4.16851590048993e-07,"151648","Up",6.3800185375802
"129831",107.690807241717,1.12095850181611,0.197732586150986,5.66906306965592,1.43580510007882e-08,4.22975540174164e-07,"129831","Up",6.37368474627633
"28998",213.016870595906,1.3160650898771,0.232259017314149,5.66636811391059,1.45856000170164e-08,4.26105720247638e-07,"28998","Up",6.37048263558291
"326624",1532.54265744394,-1.19191759229765,0.210337212031105,-5.66669863495855,1.4557505078178e-08,4.26105720247638e-07,"326624","Down",6.37048263558291
"55741",1057.72588009626,1.17186209424642,0.206776222274874,5.66729617822607,1.45068460956265e-08,4.26105720247638e-07,"55741","Up",6.37048263558291
"6355",57.2654280709398,6.41534901999745,1.13213680775583,5.66658461773204,1.45671908221236e-08,4.26105720247638e-07,"6355","Up",6.37048263558291
"924",2793.85019239692,-1.27878341667571,0.225776161000506,-5.66394348725261,1.47933145159231e-08,4.31277293729773e-07,"924","Down",6.36524340637399
"81037",2426.85877540326,1.74702872480476,0.30847328178598,5.66346853344938,1.48343383884712e-08,4.31577894481981e-07,"81037","Up",6.3649408080817
"51061",4130.15822504046,2.19221385140938,0.387177504259554,5.66203828293644,1.49585440390228e-08,4.34292274455266e-07,"51061","Up",6.36221789615306
"27033",276.116878759546,2.58914656839651,0.4574462606642,5.66000160245521,1.51371581585436e-08,4.37714176178494e-07,"27033","Up",6.35880938773371
"29100",300.502545732227,1.66222389131983,0.293679959775473,5.65998406084857,1.51387054954987e-08,4.37714176178494e-07,"29100","Up",6.35880938773371
"9824",334.986120633863,2.12772505054627,0.375965283545532,5.65936575441438,1.51933442736041e-08,4.38099499349848e-07,"9824","Up",6.35842724312341
"11169",140.787337540896,2.09859124776389,0.371326466890878,5.651606968217,1.58954718451483e-08,4.5677539952561e-07,"11169","Up",6.34029729385585
"143872",189.435230425961,2.845058651765,0.503625933272993,5.64915041859613,1.6124272321946e-08,4.62404642179562e-07,"143872","Up",6.33497781459002
"53822",45.7325292225398,-2.27369380073881,0.402801272323616,-5.64470362177032,1.65466042524513e-08,4.73549659787057e-07,"53822","Down",6.32463447106278
"27248",1446.12313670673,2.1427564900746,0.380044813596186,5.63816795655938,1.71868836240754e-08,4.90874163994933e-07,"27248","Up",6.30902982536542
"64108",211.027193472004,2.34286282423108,0.415765594609823,5.63505699991782,1.75000445061288e-08,4.98804513996191e-07,"64108","Up",6.30206962497143
"4939",8708.47448784798,2.10896201123479,0.374425007496174,5.63253513791099,1.7757964923425e-08,5.05131423287385e-07,"4939","Up",6.29659561399442
"5984",235.842729189165,1.97402251627345,0.350886341292499,5.62581749121976,1.84631477467917e-08,5.24129600278621e-07,"5984","Up",6.28056131277468
"221476",42.2749379677088,-1.76555093284212,0.31428289014037,-5.61771253934175,1.93502076579595e-08,5.46002244999291e-07,"221476","Down",6.26280557160149
"51754",158.729400708606,-1.18236583243945,0.210565187722775,-5.61520090394109,1.96333992167397e-08,5.52882817221695e-07,"51754","Down",6.25736690708018
"9694",223.693420850623,1.24234269425354,0.221308504066564,5.61362383923516,1.98132684034736e-08,5.56832095211221e-07,"9694","Up",6.25427574040286
"55076",17.1725285648823,2.49885324202835,0.445468059351182,5.60950036612702,2.02911568187501e-08,5.69124422389375e-07,"55076","Up",6.24479277745377
"55190",13.4981628999548,-2.13744732155636,0.38132582478332,-5.60530439492503,2.07889282088456e-08,5.81924341017329e-07,"55190","Down",6.23513347654363
"10497",121.408616857998,2.43311044968425,0.434331814405014,5.60196229930184,2.11938659503597e-08,5.92079929094344e-07,"10497","Up",6.22761966080841
"79770",821.856990041445,1.6911792327587,0.302742956763966,5.58618853048076,2.32107257080495e-08,6.42866999840604e-07,"79770","Up",6.19187886721559
"10802",1695.49331589637,1.9634415062,0.351811565175955,5.58094645131409,2.39213289739085e-08,6.60397867861222e-07,"10802","Up",6.18019433755582
"128239",28.3887968014866,2.55512034627072,0.457961518346329,5.57933416654112,2.4144100589551e-08,6.63939141848083e-07,"128239","Up",6.17787172721459
"6675",1024.87241374389,2.34673274445541,0.420598563252473,5.57950727721992,2.41200854943622e-08,6.63939141848083e-07,"6675","Up",6.17787172721459
"55215",451.975047296789,2.06087461659136,0.369584061701048,5.57619992351938,2.45829392763429e-08,6.74686450607754e-07,"55215","Up",6.17089801147709
"6812",30.1679606336914,-1.44451155222031,0.259284107793182,-5.57115345215269,2.53058312067006e-08,6.91824008008866e-07,"6812","Down",6.16000437096454
"9143",17.4771827164183,-1.88916857143113,0.339470975515648,-5.56503709503156,2.62096649593582e-08,7.15142159240585e-07,"9143","Down",6.14560761856682
"29028",519.664427993451,1.92454623476582,0.345911644992473,5.56369310668248,2.6412428165249e-08,7.19277985616432e-07,"29028","Up",6.14310323161026
"3419",912.570329425983,1.16089992913763,0.208752015413109,5.56114357430405,2.68012587201988e-08,7.28455101617472e-07,"3419","Up",6.1375972108407
"6509",1127.83662653192,2.07109811680838,0.372646987090253,5.5578018568731,2.73193258552458e-08,7.41102638837672e-07,"6509","Up",6.13012164034192
"8772",277.383267036378,1.14552985757542,0.206132403469837,5.55725270890291,2.7405384825575e-08,7.42004754468168e-07,"8772","Up",6.12959331192761
"55726",319.201835622815,1.48508078756744,0.267321430117664,5.55541239964851,2.76957085534702e-08,7.48423262679546e-07,"55726","Up",6.12585272211223
"10058",94.5213112772923,1.65684326666843,0.298273413042856,5.55478025938028,2.77961207219898e-08,7.49694987304033e-07,"10058","Up",6.12511539297338
"55120",65.828236352197,1.49176515721255,0.268581429040047,5.55423791787971,2.78825502901391e-08,7.50585434247193e-07,"55120","Up",6.12459986769731
"3703",2414.5293988477,2.0137603245292,0.362684576254592,5.55237376048662,2.81816225105819e-08,7.55740762440262e-07,"3703","Up",6.12162715257984
"81892",184.828107723961,1.17529261657644,0.211661704920151,5.55269370536261,2.8130072489299e-08,7.55740762440262e-07,"81892","Up",6.12162715257984
"950",1994.95677762853,1.16528799192869,0.209895487781761,5.55175341901727,2.828183418717e-08,7.56983493329739e-07,"950","Up",6.12091359055801
"4921",53.4053416434448,2.72296140479132,0.490504530599909,5.55134812202656,2.83474936374186e-08,7.57298442192027e-07,"4921","Up",6.12073293654407
"4121",5090.67518166978,2.10765500093252,0.380144364853048,5.54435418698703,2.95041079385794e-08,7.86701564996049e-07,"4121","Up",6.10418998588213
"5717",748.821578266924,1.05286961268209,0.189950074565216,5.54287549026784,2.975444432477e-08,7.91873961461494e-07,"5717","Up",6.10134393734702
"81029",50.8995976310084,2.6941315540005,0.486111299442287,5.54221133532888,2.98675521392437e-08,7.93381555124107e-07,"81029","Up",6.10051790040955
"91543",4009.43706282917,4.04937264982772,0.731018085483762,5.53936042108724,3.0357828972663e-08,8.03367632248324e-07,"91543","Up",6.09508567001426
"3815",19.9642892187589,-1.54248803990473,0.278484240100939,-5.5388701326353,3.04429278950634e-08,8.04105305980134e-07,"3815","Down",6.09468707213302
"10063",207.421636271832,1.11512131271952,0.20140093155186,5.53682301331553,3.08007517810558e-08,8.12030326505435e-07,"10063","Up",6.09042775106914
"27074",356.378954002115,2.74798294672264,0.496366816959056,5.53619390505977,3.09115333133766e-08,8.12229503486345e-07,"27074","Up",6.09032123921363
"3601",291.579160688422,1.1337636556253,0.20479377009714,5.53612375555917,3.09239100743805e-08,8.12229503486345e-07,"3601","Up",6.09032123921363
"79980",217.089695570489,1.48225136985633,0.267820136015657,5.53450308818331,3.12111932528059e-08,8.16721950816442e-07,"79980","Up",6.08792577183853
"90459",298.440489355849,1.21208962131577,0.219003733734264,5.53456144627427,3.12008037753305e-08,8.16721950816442e-07,"90459","Up",6.08792577183853
"57732",318.948840002891,-1.30609139614613,0.236081962240368,-5.53236419992274,3.15943033367286e-08,8.25210316891656e-07,"57732","Down",6.08343535105624
"4830",551.655687553896,1.96451912958098,0.355189082487066,5.53091079214834,3.18572316400399e-08,8.30533987023823e-07,"4830","Up",6.08064259069617
"87178",673.911356620894,1.44440181477467,0.261288269408901,5.52800100074244,3.23900204194457e-08,8.42860309137131e-07,"87178","Up",6.07424439690306
"51056",2689.0271290736,1.86827662667336,0.338414200092877,5.52068035608618,3.37689582913974e-08,8.77119042348828e-07,"51056","Up",6.05694146030929
"7347",214.660853863657,1.06314248884249,0.192671036147886,5.51791545889891,3.43044378002829e-08,8.89383689980767e-07,"7347","Up",6.05091083915097
"11346",227.20677099701,-1.82306878022306,0.330469891521915,-5.51659569296093,3.45629328327482e-08,8.92029751467666e-07,"11346","Down",6.04962066055352
"196410",52.8556831027199,3.65111585281606,0.661862950282873,5.5164227749198,3.45969409728066e-08,8.92029751467666e-07,"196410","Up",6.04962066055352
"3620",192.176392083344,3.28249130254306,0.595127215558024,5.51561282483984,3.47566680260809e-08,8.94506774912984e-07,"3620","Up",6.04841636577723
"91584",95.8775577206297,-1.67553771808554,0.303852559622272,-5.51431167856032,3.50147604801505e-08,8.96224798300682e-07,"91584","Down",6.04758304344446
"6036",1634.37389542061,2.4165237494081,0.438310590080229,5.51326799785006,3.52231252486316e-08,8.98285582565829e-07,"6036","Up",6.04658557066556
"6240",671.694931178277,1.93044042679591,0.350182993849766,5.51266183881021,3.53446929053929e-08,8.99752943309024e-07,"6240","Up",6.04587672399066
"90355",141.594462527588,1.49507688154831,0.271360805710407,5.50955351726012,3.59745010717736e-08,9.14129636637545e-07,"90355","Up",6.03899221073877
"26275",259.818236512541,2.27220333687273,0.412923872684255,5.50271729774798,3.73981846841875e-08,9.46953011594297e-07,"26275","Up",6.0236715704282
"346389",54.8361601641051,2.19453353101977,0.398893271433462,5.5015556495438,3.76454750225421e-08,9.51428444274751e-07,"346389","Up",6.02162386888531
"1718",390.556789600655,1.45132233944341,0.263825214719865,5.50107517579188,3.7748220665923e-08,9.52312382042279e-07,"1718","Up",6.02122056890134
"57595",393.776073562993,-1.81229055646652,0.329469914694757,-5.50062532460832,3.78446643775874e-08,9.53034451315159e-07,"57595","Down",6.02089139973352
"23174",319.962433205946,-1.10844044327184,0.201639723545497,-5.49713332165792,3.86014862490294e-08,9.6862157994886e-07,"23174","Down",6.01384585952207
"864",8697.73010191999,-1.21527834612282,0.221074878752003,-5.49713451380466,3.86012253875588e-08,9.6862157994886e-07,"864","Down",6.01384585952207
"10483",1575.26343139278,1.28193638617511,0.233254954272792,5.49585919909714,3.88812648680539e-08,9.71530865523004e-07,"10483","Up",6.01254339731496
"51121",159.444667731269,1.22211340392989,0.222370399737182,5.49584569427541,3.8884240834775e-08,9.71530865523004e-07,"51121","Up",6.01254339731496
"873",465.423798245304,1.19354117271641,0.217178798613857,5.49566154861424,3.89248418224773e-08,9.71530865523004e-07,"873","Up",6.01254339731496
"50489",4.02298940363415,-3.0047885527161,0.547408779944206,-5.48911282172414,4.03957551059573e-08,1.00467460309542e-06,"50489","Down",5.99797457601749
"57562",48.234460298593,-1.43439895568086,0.261315405029223,-5.48914808723372,4.03876916031437e-08,1.00467460309542e-06,"57562","Down",5.99797457601749
"57571",240.251761258571,-1.38397760053735,0.252340844003471,-5.48455643795147,4.14508139387684e-08,1.02727837295868e-06,"57571","Down",5.98831185488554
"23495",320.916971681553,2.61252153342559,0.476632600859566,5.48120612965653,4.22435948143231e-08,1.04141577952784e-06,"23495","Up",5.98237584618217
"6470",311.729496573565,1.48589076881929,0.271076855727262,5.48143722868871,4.21884412196204e-08,1.04141577952784e-06,"6470","Up",5.98237584618217
"79023",220.074622033216,1.45732436558793,0.265851686380225,5.48171947084677,4.21211766180646e-08,1.04141577952784e-06,"79023","Up",5.98237584618217
"1965",847.818123751779,1.29292376238508,0.235927094099436,5.48018347498549,4.24884996860757e-08,1.04561890996276e-06,"1965","Up",5.98062657116372
"283420",14.2198362487389,-2.44271340190105,0.445837558119163,-5.47893141216282,4.27902180283679e-08,1.05111159022422e-06,"283420","Down",5.97835117507927
"8702",218.891413567988,1.04003747141781,0.189835051851323,5.47863769770166,4.28612966978707e-08,1.05111159022422e-06,"8702","Up",5.97835117507927
"140823",187.139787780602,1.31923499057306,0.240828594134963,5.47790014433979,4.30402890569208e-08,1.05366226799277e-06,"140823","Up",5.97729857190487
"84274",272.797342258625,1.09874594839507,0.200613512242076,5.47692892724611,4.32770936661432e-08,1.05761690468982e-06,"84274","Up",5.97567161614623
"58477",619.57786374337,1.99471183282045,0.364352078657862,5.47468218149937,4.382975211656e-08,1.06741018499463e-06,"58477","Up",5.97166865756966
"66004",63.7477550753374,-2.2318214773147,0.407693205407374,-5.47426704127833,4.39326152829294e-08,1.06806420407565e-06,"66004","Down",5.97140263996881
"3665",4285.84628327393,1.94725619406047,0.355785221384218,5.47312276345958,4.42173568066007e-08,1.07313004809387e-06,"3665","Up",5.96934764453249
"55157",288.601571055217,1.501919256191,0.274654571031862,5.46839344616905,4.54132937134002e-08,1.10025448838052e-06,"55157","Up",5.95850685109956
"55672",138.194243398455,-1.02155373944192,0.186822956070128,-5.46803112920694,4.5506197645072e-08,1.10060772686498e-06,"55672","Down",5.95836744253064
"23256",740.511389230662,1.27228171674911,0.232702930537392,5.46740736702786,4.56665721856248e-08,1.10258878411065e-06,"23256","Up",5.95758642961807
"3925",1448.91171304254,2.05942343905276,0.376743274734476,5.46638407946159,4.59308555476788e-08,1.10706755086789e-06,"3925","Up",5.95582587860265
"51493",864.30472981332,1.01541303658122,0.185776114640023,5.46578896080789,4.60852374645948e-08,1.10888656995289e-06,"51493","Up",5.95511287636032
"10811",44.4321067019785,-1.3541601129981,0.247800924785258,-5.46470968246628,4.63665013794148e-08,1.11374714082656e-06,"10811","Down",5.95321339785953
"5983",169.089015806364,1.80245084147928,0.330274887665588,5.45742624944683,4.83085697375125e-08,1.15447622780872e-06,"5983","Up",5.93761500535208
"26608",340.92665248422,1.07957555113162,0.197838466754186,5.4568536081155,4.84645596075232e-08,1.15623767674858e-06,"26608","Up",5.93695288296522
"55008",828.199546395641,1.88910564571612,0.346343320906018,5.45443070989303,4.91299874944057e-08,1.1701264140193e-06,"55008","Up",5.93176721693306
"9697",2563.68160961892,2.19209251326056,0.401946355377139,5.4536942154974,4.93340084695588e-08,1.17299743995641e-06,"9697","Up",5.93070293572251
"259197",334.868884576762,-1.52102396951302,0.278958633116163,-5.45250724998942,4.96645467331867e-08,1.17886184238976e-06,"259197","Down",5.92853708939478
"23480",541.701730112625,1.85876429036135,0.341315847165975,5.44587749380846,5.15506086809635e-08,1.22156686877723e-06,"23480","Up",5.91308275468637
"284129",278.176053325585,-1.25115885473685,0.229821501130889,-5.44404613397893,5.20837212908488e-08,1.23212197235523e-06,"284129","Down",5.90934629761089
"5990",190.270210405895,-2.10346253059394,0.386849891664733,-5.43741274307225,5.40598097277519e-08,1.27457793002411e-06,"5990","Down",5.89463360582456
"64135",1771.91056573729,2.12488203632816,0.391505318177811,5.42746659539141,5.71595603131623e-08,1.34540392214499e-06,"64135","Up",5.87114731058852
"34",724.551227273484,1.46582107714003,0.270120106533373,5.42655300988832,5.74527674956807e-08,1.34859727999304e-06,"34","Up",5.87011772059383
"10964",4401.75791318649,3.03440077837552,0.559562264550065,5.42281167014619,5.86687961005546e-08,1.37402320467499e-06,"10964","Up",5.86200593279524
"339416",9.27981561642587,5.45296883966737,1.00590691541511,5.42094775978061,5.92838841338468e-08,1.3861183691328e-06,"339416","Up",5.85819968107619
"122769",138.084793448122,1.48920076735389,0.275031267601039,5.41465986883399,6.14053186948292e-08,1.4333347812288e-06,"122769","Up",5.84365236043354
"5479",8847.66530026917,1.95957799629155,0.362178957675637,5.41052414769642,6.28405484706487e-08,1.46440362704736e-06,"5479","Up",5.83433920412491
"155066",612.736043801147,-1.04821419716682,0.193838679364593,-5.4076627048992,6.38525286356605e-08,1.48552273574222e-06,"155066","Down",5.82812069698598
"1478",218.71895625967,1.21937525403114,0.225785627587523,5.40058845666985,6.64226485342814e-08,1.5421326866439e-06,"1478","Up",5.81187825754438
"291",233.317797096546,2.20411846297694,0.408164823430249,5.40006962004554,6.66150399084006e-08,1.5421326866439e-06,"291","Up",5.81187825754438
"29800",39.207045867554,-2.19682601556473,0.406797411203462,-5.40029497499917,6.65314091335566e-08,1.5421326866439e-06,"29800","Down",5.81187825754438
"3329",2062.31530188562,1.61472880038876,0.299070937983486,5.39914981802052,6.69574421173456e-08,1.54750982998839e-06,"3329","Up",5.81036658360274
"684",1962.67699951541,1.34490655543302,0.249254801717888,5.39570971617715,6.8253218590148e-08,1.57486736884854e-06,"684","Up",5.80275601546336
"54892",344.781319126382,1.8904538264393,0.350909626048119,5.38729543480825,7.15258108788475e-08,1.64497658669323e-06,"54892","Up",5.7838402790771
"127254",65.8903444913319,3.50773800229343,0.651603783428265,5.38323762308173,7.31578569188512e-08,1.67877112523287e-06,"127254","Up",5.7750085092365
"5468",47.3060700879065,2.51933253660515,0.468012099369874,5.38305001088039,7.32341801713457e-08,1.67877112523287e-06,"5468","Up",5.7750085092365
"83990",134.736565530009,1.3687235015842,0.254342378264884,5.38142133812534,7.38999956479275e-08,1.69127481896527e-06,"83990","Up",5.77178581720255
"642273",12.7622200548654,-2.32764976274174,0.432577535374592,-5.38088451756078,7.41207344296034e-08,1.69356839057689e-06,"642273","Down",5.77119726075514
"51673",187.723863346965,-2.44205889223417,0.453967609075552,-5.37936813863684,7.47477194907389e-08,1.70512167903225e-06,"51673","Down",5.76824462391682
"81627",400.160911872095,1.28859149564872,0.23969763419795,5.37590410502157,7.61993417486988e-08,1.73261027548983e-06,"81627","Up",5.76129911428464
"8891",185.769550288795,1.29823129988618,0.241810895110295,5.36878745390703,7.92677706741459e-08,1.79656566695661e-06,"8891","Up",5.74555690410604
"113251",458.821627378987,1.39093068870066,0.259096779428687,5.36838277869638,7.94458005033462e-08,1.79770110897427e-06,"113251","Up",5.74528251366708
"2079",685.990491986786,1.17044313874743,0.218227138378232,5.36341697666773,8.16621951299988e-08,1.84488290348351e-06,"2079","Up",5.73403119372433
"55829",605.253315989731,1.60697210368724,0.299776786509909,5.36056217826633,8.29633649776429e-08,1.87126999143794e-06,"55829","Up",5.72786354690284
"6319",458.112639103852,1.52732896182845,0.284976679353467,5.35948753874714,8.34583501716782e-08,1.87941784713529e-06,"6319","Up",5.7259766533583
"25927",6.73171812086124,-2.02340878890833,0.37765267577619,-5.35785635504796,8.42151516618741e-08,1.89342609784425e-06,"25927","Down",5.72275164112398
"160518",786.782530787649,2.63597703967855,0.492105010442833,5.35653363355617,8.48337144790642e-08,1.90428651095816e-06,"160518","Up",5.72026770891003
"6347",366.900710454258,4.45441509497206,0.83173126361046,5.35559415626137,8.52757249853253e-08,1.91115548244624e-06,"6347","Up",5.71870397939104
"23184",851.078959565852,1.18744786647208,0.221849163001004,5.35250099846764,8.67468243858314e-08,1.94102926157596e-06,"23184","Up",5.71196791744771
"375704",39.9246970883856,-2.11503847461068,0.395346606542036,-5.3498333857225,8.80352438040073e-08,1.96598365795743e-06,"375704","Down",5.70642009651833
"60468",563.338249129407,-1.20369042968937,0.225005086920885,-5.3496142961097,8.81418804805852e-08,1.96598365795743e-06,"60468","Down",5.70642009651833
"8638",1554.56247759296,2.53887206107499,0.474663502743839,5.34878297235577,8.85476463434544e-08,1.97190416231097e-06,"8638","Up",5.70511419628676
"83743",414.223853637849,1.29429470412716,0.241995077548928,5.34843401459469,8.87185096437967e-08,1.97258306568771e-06,"83743","Up",5.70496469954555
"160897",234.687266040782,1.35213298744743,0.252881950862261,5.34689400661854,8.94763779423858e-08,1.98629077858832e-06,"160897","Up",5.70195717361888
"91319",1176.06567378103,2.94968733196509,0.551935928976791,5.34425678254608,9.07887889677339e-08,2.01224615548044e-06,"91319","Up",5.69631889368178
"2110",214.615327880146,1.01147751753257,0.189279124966651,5.34384083670496,9.09974780764374e-08,2.01369537311826e-06,"2110","Up",5.69600622781423
"6196",107.073755801809,-1.14130616522749,0.213600855298696,-5.3431722622623,9.13338899906874e-08,2.01591803424032e-06,"6196","Down",5.69552712996501
"644019",118.757752885952,1.36889999663195,0.256231584290099,5.34243270760142,9.17074201809473e-08,2.01591803424032e-06,"644019","Up",5.69552712996501
"92979",308.520956720834,-1.02077909272103,0.191087824299029,-5.34193686314433,9.19586863043017e-08,2.01591803424032e-06,"92979","Down",5.69552712996501
"26589",153.496490661615,1.06586469437044,0.199603793395715,5.33990199403356,9.29968414927008e-08,2.03550096052248e-06,"26589","Up",5.69132868834746
"10276",465.377721714135,2.05866877767798,0.385616088123261,5.33864857064764,9.36419538708511e-08,2.04643349267994e-06,"10276","Up",5.68900236498473
"4193",1134.36837769969,1.05042002426533,0.196785187562934,5.33790188821705,9.40283134932091e-08,2.05168611988598e-06,"4193","Up",5.68788907963636
"7015",19.1926837617871,3.38515286592859,0.634437095856787,5.33567927858482,9.51875249691595e-08,2.07054969174401e-06,"7015","Up",5.68391434227281
"6728",568.84367352699,1.12110007970165,0.210130358289573,5.33525992544445,9.54077863314503e-08,2.07213325120485e-06,"6728","Up",5.68358232016125
"2625",823.54965657384,-1.33345531568206,0.25000450518516,-5.33372514505078,9.62181305994703e-08,2.08650798022185e-06,"2625","Down",5.6805799499124
"123096",576.194504077284,-1.03222245395259,0.193555635940662,-5.33294961387243,9.66301309818711e-08,2.09221356018067e-06,"123096","Down",5.67939398745568
"629",26.6287051974157,3.36236415692175,0.631342870935092,5.3257339422265,1.00546214433801e-07,2.17031552261715e-06,"629","Up",5.66347712340018
"6640",82.1729180098549,-1.04584494677169,0.196391484463814,-5.32530699906385,1.007826761143e-07,2.17067113984719e-06,"6640","Down",5.66340596787125
"84340",294.30162825165,1.05622332476859,0.198346336557324,5.32514662534907,1.0087163779677e-07,2.17067113984719e-06,"84340","Up",5.66340596787125
"10960",3604.79200254069,1.2352557119711,0.232197419106069,5.31985117115721,1.0385217224195e-07,2.22993135414953e-06,"10960","Up",5.651708505998
"118932",492.770699246869,3.60004274647375,0.676958864459209,5.31796381653065,1.04934929681367e-07,2.24436169236311e-06,"118932","Up",5.64890715261218
"8516",20.1303341640834,4.5827804482209,0.862182674786321,5.31532421404394,1.0646758795434e-07,2.27368168075134e-06,"8516","Up",5.64327033734835
"9789",2019.85579610713,1.70412528311222,0.320806366143812,5.31200581707997,1.08425141645013e-07,2.31197282305877e-06,"9789","Up",5.63601727529692
"4247",1191.13485246113,1.33054208420232,0.250543717608042,5.31061842980975,1.09253860323346e-07,2.32611400797524e-06,"4247","Up",5.633369003356
"5932",448.167549354339,1.3993795250584,0.263732026199544,5.30606595347509,1.12016441902982e-07,2.37772664897387e-06,"5932","Up",5.62383807472402
"57530",22.2752765082842,3.15082053162429,0.594102840129327,5.30349346745828,1.1360727136395e-07,2.40785728085404e-06,"57530","Up",5.61836925826738
"112495",409.092653131176,1.10104793816285,0.207694344958895,5.30128992380973,1.14987311603834e-07,2.42612868266827e-06,"112495","Up",5.61508616773548
"23446",1452.4996804806,1.71100953413095,0.322751169574587,5.30132713813617,1.14963870830811e-07,2.42612868266827e-06,"23446","Up",5.61508616773548
"2820",634.601113128682,1.21315718812354,0.228855921036939,5.30096482811878,1.15192281510017e-07,2.42680950491568e-06,"2820","Up",5.61496431275372
"85444",164.067992023654,1.3870056427476,0.261843857507772,5.29707152938054,1.17674608149896e-07,2.4716944599736e-06,"85444","Up",5.60700521584401
"81691",43.2909505538086,1.6651528622788,0.314400094938194,5.29628613059465,1.18181606719839e-07,2.47863871287639e-06,"81691","Up",5.60578677151329
"83416",620.658978400215,2.08605658436,0.394410207079866,5.28905324181326,1.22951101546708e-07,2.57099535555705e-06,"83416","Up",5.58989870789925
"117145",433.819532626998,-1.2055098551986,0.228044307710548,-5.28629662937578,1.24817437596414e-07,2.60614358559408e-06,"117145","Down",5.58400166049092
"1719",1193.15923049846,1.47253219696328,0.278662922569443,5.28427744669304,1.26201865600238e-07,2.61948096811603e-06,"1719","Up",5.58178475257859
"25974",71.3260592113254,1.81463794612136,0.343585440281171,5.28147509579092,1.28147904230064e-07,2.65203880742395e-06,"25974","Up",5.57642012516667
"51386",5620.28549110404,-1.01586254444975,0.192336709144262,-5.28168829013186,1.27998840964779e-07,2.65203880742395e-06,"51386","Down",5.57642012516667
"93589",137.144323903386,-1.24118681280802,0.235082720709418,-5.27978751080661,1.29333786961711e-07,2.67264466821465e-06,"93589","Down",5.57305877745431
"283149",4548.12328650978,-1.20206862704104,0.227719246604067,-5.27873091522678,1.30081664194684e-07,2.68415204884538e-06,"283149","Down",5.57119288637779
"51022",57.0969182809271,1.35957493625626,0.257924683720867,5.27120908570205,1.35527970223611e-07,2.79243260642549e-06,"51022","Up",5.55401729950536
"54910",202.120314911225,-1.27866339596501,0.242633833620586,-5.26993031798069,1.36475559081945e-07,2.80783976020423e-06,"54910","Down",5.55162768046132
"3959",2921.23212685118,2.38683649767118,0.453304782328287,5.26541212605741,1.39875213559347e-07,2.8735767557543e-06,"3959","Up",5.54157719798901
"4704",666.85270915437,1.1002568655099,0.208984061608222,5.26478841038381,1.4035090710464e-07,2.87914006807942e-06,"4704","Up",5.54073720649591
"2618",769.883346289649,1.24489558781724,0.236776754106147,5.25767655071053,1.45886815062564e-07,2.98267335054429e-06,"2618","Up",5.52539430608276
"84561",19.389531786408,2.42098932264027,0.460483849073163,5.25749019756742,1.46034675859271e-07,2.98267335054429e-06,"84561","Up",5.52539430608276
"4522",1012.91464649282,1.41086402544795,0.268567636924078,5.25329128113374,1.49404967728145e-07,3.04266464712449e-06,"4522","Up",5.51674591156859
"51081",618.914673680081,1.14487212534928,0.217924679120797,5.2535221341988,1.49217733634351e-07,3.04266464712449e-06,"51081","Up",5.51674591156859
"10923",5125.2605884722,1.70735095941327,0.325111702774798,5.25158259404748,1.50797885742895e-07,3.05967352817235e-06,"10923","Up",5.51432491092931
"51084",200.685072323272,-1.19035043887655,0.226671627965697,-5.2514311101021,1.50921979423645e-07,3.05967352817235e-06,"51084","Down",5.51432491092931
"85442",49.1208763883874,-2.98141684353571,0.567759099746464,-5.25120045608618,1.51111117887248e-07,3.05967352817235e-06,"85442","Down",5.51432491092931
"115201",336.430579864076,1.02742764349966,0.195861745519762,5.24567796928977,1.55708670490586e-07,3.14397011470362e-06,"115201","Up",5.50252159083905
"3396",242.73470419073,1.08433899895699,0.206721980161405,5.24539769844677,1.55945571445234e-07,3.14397011470362e-06,"3396","Up",5.50252159083905
"4753",618.111397947498,-1.47753136231435,0.281676234327713,-5.24549529654437,1.55863036421096e-07,3.14397011470362e-06,"4753","Down",5.50252159083905
"9276",2116.21556024348,1.36933054422038,0.261177170962489,5.24291820442856,1.58056618794809e-07,3.18196505344507e-06,"9276","Up",5.49730459438752
"401612",100.125221813753,-1.22666314646424,0.234176052540826,-5.23820917277777,1.62142232953079e-07,3.24561632116334e-06,"401612","Down",5.4887028213706
"83888",2753.73315271843,-2.01835013280982,0.38529199736722,-5.23849482107497,1.61891518464153e-07,3.24561632116334e-06,"83888","Down",5.4887028213706
"10654",328.025944981838,1.01457367076952,0.193714130474129,5.23747889886136,1.62784904906449e-07,3.2507352113185e-06,"10654","Up",5.48801840452621
"202051",53.1990191274414,1.62111718758851,0.309542991856411,5.23713096480152,1.6309196726299e-07,3.2507352113185e-06,"202051","Up",5.48801840452621
"2941",14.0892246301878,-1.30236679398346,0.248747860083269,-5.23569044391974,1.64369240764218e-07,3.26811023030128e-06,"2941","Down",5.48570330354592
"9912",28.2204375507153,2.38468749904779,0.455653602274881,5.23355348699556,1.66281859726266e-07,3.30027216507555e-06,"9912","Up",5.48145024348074
"63875",209.190908185749,1.04754668538595,0.200470067058256,5.22545186300322,1.73730315122241e-07,3.44324173215477e-06,"63875","Up",5.46303248666051
"10419",778.622868444554,1.10214973548587,0.211151012616241,5.21972270854785,1.79191217882017e-07,3.54565156208562e-06,"10419","Up",5.4503039455819
"55247",27.2516247783558,2.76925452207963,0.530728225219387,5.21783916982162,1.81022539948343e-07,3.56764197945878e-06,"55247","Up",5.44761873449403
"5718",453.735782848762,1.20096663972167,0.230159062732698,5.21798544651033,1.80879672858388e-07,3.56764197945878e-06,"5718","Up",5.44761873449403
"5610",3108.89478259505,1.64700057609592,0.315754708784888,5.21607605610708,1.82753161522131e-07,3.59317254539954e-06,"5610","Up",5.44452192732203
"79007",101.266820073834,-2.46665108277683,0.473017977302445,-5.21470895639906,1.84106065318702e-07,3.6132100975676e-06,"79007","Down",5.44210678474766
"91624",354.449814950537,2.08661505663599,0.400552056703281,5.20934800287819,1.89505379577654e-07,3.70881559028579e-06,"91624","Up",5.43076476012308
"5557",206.586510918393,1.28963784547792,0.247783018137913,5.20470634012587,1.94303620223715e-07,3.79215898803284e-06,"5557","Up",5.42111346295372
"64983",319.375597109282,1.07157279135784,0.205884892424129,5.2047179311747,1.94291493177952e-07,3.79215898803284e-06,"64983","Up",5.42111346295372
"51128",808.314532925109,1.35835498991803,0.26110817663906,5.20226906488545,1.96869917817038e-07,3.83160122599034e-06,"51128","Up",5.41661969645251
"6441",4.23209836233772,-2.64209864934883,0.508046897645209,-5.2005014922735,1.98751523292334e-07,3.86287192988088e-06,"6441","Down",5.41308969026782
"9761",1876.23139173023,1.54747683902515,0.297665013695449,5.19871925764319,2.00666329868013e-07,3.89470064544934e-06,"9761","Up",5.40952591745886
"5654",7.03441775475683,-2.89683166491691,0.557380551240189,-5.19722415586867,2.02286386291087e-07,3.9099426412137e-06,"5654","Down",5.40782961364943
"65108",1175.70563128838,-1.33541653566966,0.256943090036773,-5.19732418364915,2.02177605173197e-07,3.9099426412137e-06,"65108","Down",5.40782961364943
"4938",4694.665550929,1.99121694575601,0.383233181816199,5.19583647824894,2.03801346534079e-07,3.93381390315505e-06,"4938","Up",5.40518618908992
"3337",2932.01408986875,-1.20098207789589,0.231387759498711,-5.19034403763517,2.099058779184e-07,4.04054437877995e-06,"3337","Down",5.39356011885645
"11014",1675.69450644786,1.65201095760616,0.318495614328105,5.18691901328444,2.13801650077532e-07,4.09310733908648e-06,"11014","Up",5.38794686611415
"10643",117.815074425035,1.48799899890281,0.286978397794177,5.18505577541769,2.15950227774025e-07,4.12861578323891e-06,"10643","Up",5.38419553150729
"10036",557.759682492744,1.29630158543179,0.250117030499543,5.18278016831866,2.1860263838711e-07,4.17364711224954e-06,"10036","Up",5.37948427392932
"3164",1360.6819243036,-2.50606049262587,0.484070179938237,-5.17706026210004,2.25409424764064e-07,4.28613428522954e-06,"3164","Down",5.36793422656983
"54732",1879.03238650271,1.19418475475976,0.230666201077156,5.17711198772598,2.25346962527402e-07,4.28613428522954e-06,"54732","Up",5.36793422656983
"57823",4155.52383783049,1.73176764958186,0.334494295134661,5.17727110677533,2.25154920213211e-07,4.28613428522954e-06,"57823","Up",5.36793422656983
"10213",447.908927293628,1.39536022550817,0.269558073021399,5.17647351410394,2.26119135368808e-07,4.29381904081417e-06,"10213","Up",5.36715626246891
"51284",1060.49056177515,1.8564484838805,0.359173697315306,5.16866490435347,2.35772200215026e-07,4.44707511063295e-06,"51284","Up",5.3519255353008
"25992",156.096860940255,-1.31032990629289,0.253574324485488,-5.16743920722889,2.37323122152308e-07,4.46979582245886e-06,"25992","Down",5.34971231472146
"26354",923.803877790342,1.53689371463669,0.297431963884251,5.16721099698212,2.37612971774606e-07,4.46979582245886e-06,"26354","Up",5.34971231472146
"11043",124.916385425123,-1.36950179674034,0.265140377392445,-5.1651951702297,2.40188168204451e-07,4.50617375114679e-06,"11043","Down",5.34619206656038
"5686",1058.50147041461,1.26785503045134,0.24546054625376,5.16520903176274,2.40170368525341e-07,4.50617375114679e-06,"5686","Up",5.34619206656038
"284486",6.88249508396029,-2.23653652059688,0.433124555162823,-5.16372598583358,2.42082000408453e-07,4.52960888114458e-06,"284486","Down",5.34393929646266
"3543",347.198393698236,3.72529571446601,0.721543401569228,5.16295444787405,2.43082309794436e-07,4.54227741653113e-06,"3543","Up",5.34272634506356
"25996",277.618974786732,1.26546485512437,0.245348266625736,5.15783083584921,2.49827170202883e-07,4.65593023301182e-06,"25996","Up",5.33199353601388
"6747",3071.97641698818,1.77128461108786,0.343457286348615,5.15721948984938,2.50643933870639e-07,4.6649649784771e-06,"6747","Up",5.33115161230574
"51510",751.572747499658,1.55561331424755,0.301689604073473,5.15633715329713,2.51827292852407e-07,4.67496778455046e-06,"51510","Up",5.33022137752733
"1414",18.333565436894,3.6893165612756,0.715685649881627,5.15493996824696,2.5371219580473e-07,4.69191132281251e-06,"1414","Up",5.32865020465053
"401647",127.891184431128,-1.25353258331456,0.243150785714456,-5.15537130439975,2.53128842911346e-07,4.69191132281251e-06,"401647","Down",5.32865020465053
"51118",300.530540288452,1.10899935993171,0.215248068650567,5.15219191923183,2.57459353071551e-07,4.74779373931947e-06,"51118","Up",5.3235081565711
"285601",12.4502077351848,-1.79291095306682,0.348128060039311,-5.15014777281775,2.60281304271754e-07,4.79354244774139e-06,"285601","Down",5.31934342251441
"201501",9.43169908396963,-3.15021386222461,0.611711168051148,-5.1498387257844,2.60710536265094e-07,4.7951628999962e-06,"201501","Down",5.3191966345063
"219285",5389.79746863061,1.91238910943705,0.371865915046811,5.14268458618024,2.70840119643628e-07,4.97496125651275e-06,"219285","Up",5.30321029705861
"56851",830.351060392037,1.07565771460881,0.209243592567513,5.14069607298369,2.73722512769745e-07,5.00826660083392e-06,"56851","Up",5.30031256075024
"54908",150.260611941831,1.77041749838647,0.344827886855913,5.13420626889796,2.83337219179129e-07,5.17072026481185e-06,"54908","Up",5.28644895685852
"440068",84.3204991537262,2.35214992575319,0.458267137764755,5.13270477395791,2.85607719085018e-07,5.2053951602888e-06,"440068","Up",5.28354629604418
"322",411.657400139594,-1.10498877570283,0.215349416272773,-5.13114358435594,2.87987115822922e-07,5.24196237246593e-06,"322","Down",5.28050610080435
"54148",180.32817822436,1.41304637094903,0.275558515817633,5.12793577348269,2.92936336536966e-07,5.31140825937736e-06,"54148","Up",5.27479031541755
"163786",128.626491201542,1.32797594792119,0.259624628361626,5.11498449242449,3.13766732933334e-07,5.66715955164423e-06,"163786","Up",5.24663456017953
"84448",13.5909467612342,-1.31591576324506,0.257329482501743,-5.11373881629033,3.15843997109821e-07,5.69735538817356e-06,"84448","Down",5.24432668938853
"55033",88.063872551947,1.75751970431102,0.343786758131379,5.11223792872029,3.18364486696346e-07,5.72811493861339e-06,"55033","Up",5.24198827619169
"3069",5534.65005997023,1.24396687854767,0.243363513854448,5.11155866730158,3.19511565297971e-07,5.73406962396818e-06,"3069","Up",5.24153703808615
"8463",14.3760453349462,-2.22391694070899,0.435073382419754,-5.11159043639996,3.19457827529653e-07,5.73406962396818e-06,"8463","Down",5.24153703808615
"9651",226.544920084736,-1.59566676038259,0.312309424749086,-5.10924946201854,3.23441069912799e-07,5.7971861153248e-06,"9651","Down",5.23678275663094
"55600",6.09547844297614,-2.77653773293724,0.543669500554327,-5.1070323608484,3.27257720096332e-07,5.85812163413204e-06,"55600","Down",5.23224161515972
"5420",48.3470606942942,1.13636073967931,0.222676194254006,5.10319813703598,3.3396102533066e-07,5.97050932308706e-06,"5420","Up",5.22398861916021
"6941",645.536524286549,1.85481248641332,0.363851287050085,5.09772138351128,3.43766276618624e-07,6.1379971017089e-06,"6941","Up",5.21197332097297
"60561",261.642152733353,1.25961293818711,0.247115895521681,5.09725582617002,3.44612479940501e-07,6.14529767528417e-06,"60561","Up",5.21145707525073
"51186",14.983847723191,1.91432729751562,0.375734679257218,5.09489116442488,3.4894165702676e-07,6.20674451207599e-06,"51186","Up",5.20713613108942
"3897",17.6144093717826,-1.54587576878347,0.303557550485788,-5.09252946042549,3.53317792493826e-07,6.24505864166445e-06,"3897","Down",5.20446347920631
"79174",713.096035482007,1.7525468993953,0.344140493844808,5.0925332262283,3.53310772639047e-07,6.24505864166445e-06,"79174","Up",5.20446347920631
"65260",86.6353697087685,1.24061036557268,0.24367246467942,5.09130306210366,3.55611103991444e-07,6.26982086987174e-06,"65260","Up",5.20274486687862
"57003",905.631947473905,1.15842464763936,0.227601436727822,5.08970709628985,3.58617012779462e-07,6.3148950671391e-06,"57003","Up",5.19963386159972
"57447",143.377732893475,-1.07922494257797,0.212409835478529,-5.08086144008647,3.75727109203139e-07,6.59964667315314e-06,"57447","Down",5.18047931476228
"8631",751.35833032244,-1.03769353833595,0.204380644995039,-5.07725933813908,3.82918056696949e-07,6.70918270910914e-06,"8631","Down",5.17333038095504
"2043",138.302250139536,-1.61357243983706,0.317841152222423,-5.07666307070235,3.84121138030367e-07,6.71853392613624e-06,"2043","Down",5.17272548546598
"9249",161.86807732843,-1.2147283055263,0.23928360918703,-5.07652116103295,3.84408004313516e-07,6.71853392613624e-06,"9249","Down",5.17272548546598
"1017",400.488159537808,1.1656727925791,0.22997755417575,5.06863722747606,4.00674058560221e-07,6.98544897132534e-06,"1017","Up",5.15580567551932
"113146",32.2102989570673,-1.85432469344768,0.365828612559233,-5.06883450278903,4.00259058821356e-07,6.98544897132534e-06,"113146","Down",5.15580567551932
"92211",43.3770861746447,-1.69476192059789,0.334692761792517,-5.06363481397458,4.11337256087989e-07,7.14476034925639e-06,"92211","Down",5.14601233380668
"55732",118.463691195153,1.0891285038828,0.215263243360742,5.0595191583991,4.20315047641659e-07,7.28269673176399e-06,"55732","Up",5.13770777468993
"57089",193.48602000237,1.45720854007667,0.288401492248803,5.05270804500393,4.35589473404148e-07,7.51953719935515e-06,"57089","Up",5.12380888785933
"51465",8830.45072471339,1.66919887915932,0.330668461347194,5.04795308375872,4.46568770664624e-07,7.69961271825681e-06,"51465","Up",5.11353111879556
"5376",12.063833845745,-1.69883743798347,0.336690220476336,-5.04569878976592,4.51866801481227e-07,7.78141212550759e-06,"5376","Down",5.10894158261632
"5238",218.560703426448,1.41540216245326,0.280613926293924,5.04394839253531,4.56022342150733e-07,7.83377255733754e-06,"5238","Up",5.1060290417398
"2286",546.218268088503,1.53083719852707,0.303589141685818,5.04246360731609,4.59576180338869e-07,7.88518252273722e-06,"2286","Up",5.10318824936106
"8542",1240.21111041262,1.37784967895703,0.273306358543413,5.04141098765606,4.62111795939974e-07,7.91901823969331e-06,"8542","Up",5.10132865673279
"51805",36.4726535887828,1.64177063308809,0.325718947300458,5.04045173513851,4.64434250719038e-07,7.94912313167348e-06,"51805","Up",5.09968077575597
"79026",24910.6345713797,-1.05635626156749,0.209833019065105,-5.03427089918452,4.79670951075118e-07,8.18995893621817e-06,"79026","Down",5.08671827575101
"129049",47.5556110121392,-1.32306059873186,0.262824317716687,-5.03401135110361,4.80321211416599e-07,8.19110881410929e-06,"129049","Down",5.08665730467984
"129607",1478.19633119484,2.54650331703407,0.506354362032921,5.02909327533059,4.92804635890752e-07,8.38364496796228e-06,"129607","Up",5.07656712154828
"4642",654.952790959594,2.27058889178239,0.451582763353452,5.02806811075117,4.95445910324175e-07,8.41838685837402e-06,"4642","Up",5.07477112056986
"10293",52.2790298994887,1.73848886389035,0.345813892115546,5.02723836007569,4.97593704519163e-07,8.43448339674702e-06,"10293","Up",5.07394151234134
"3434",4472.48604022285,3.74342192793586,0.744600495297839,5.02742336538266,4.97114045272388e-07,8.43448339674702e-06,"3434","Up",5.07394151234134
"643155",459.868015851483,1.04203234071788,0.20729663961011,5.02676909127792,4.98812370319326e-07,8.44495352738214e-06,"643155","Up",5.07340273601092
"2271",457.583780184804,1.26741665454046,0.252152012172978,5.02639912970834,4.99775169223777e-07,8.4510718145999e-06,"2271","Up",5.07308820777842
"55055",231.401521795611,1.63755753981066,0.32581130897488,5.0260917736803,5.00576404319345e-07,8.45444667487432e-06,"55055","Up",5.07291481076433
"158586",357.186732769294,-1.10407781371353,0.219833306419987,-5.02234093501834,5.10454679176073e-07,8.58003487055285e-06,"158586","Down",5.06651094710958
"112267968",16.9916652439658,2.46260988700207,0.490472015030409,5.02089785255004,5.14305060033227e-07,8.62412255797959e-06,"112267968","Up",5.0642850803257
"8433",16.4095512353214,-2.24285290043311,0.446853212591773,-5.01921623753009,5.18827222684718e-07,8.67923825376864e-06,"8433","Down",5.06151838965093
"25932",1203.82495127046,1.12144853611296,0.223636239212015,5.01461006527563,5.3141125817447e-07,8.84831991070593e-06,"25932","Up",5.05313918385327
"5694",925.883556292667,1.06810657250023,0.213004473786447,5.01447952483424,5.31772147937498e-07,8.84831991070593e-06,"5694","Up",5.05313918385327
"63898",8.69677371746589,3.36437858052625,0.670899147499688,5.0147307431596,5.31077844338733e-07,8.84831991070593e-06,"63898","Up",5.05313918385327
"8914",537.458737393436,1.35627705107039,0.270506602984913,5.01384083088734,5.33541279131741e-07,8.85440583270809e-06,"8914","Up",5.05284057645402
"8445",1362.54366814431,-1.0371170315605,0.206893175159918,-5.01281412863842,5.36397062018018e-07,8.8885041456099e-06,"8445","Down",5.05117132069105
"100",591.345556649033,1.25603816852395,0.250728741703858,5.0095500020795,5.45574510968892e-07,9.02993289532965e-06,"100","Up",5.04431547707258
"1029",151.136738837563,2.48084579381187,0.495420904547704,5.00755170207597,5.51267464655033e-07,9.11342401568533e-06,"1029","Up",5.04031842305599
"29926",838.969332403374,1.5075156837722,0.301216593391547,5.00475643389474,5.5932707986779e-07,9.23579803325755e-06,"29926","Up",5.03452557272333
"23089",59.5970853848701,-1.62602851117108,0.324935675144835,-5.00415508529896,5.61075740875104e-07,9.25379848682742e-06,"23089","Down",5.03367996204509
"64785",107.074358852522,1.69275104557432,0.338452721608056,5.00144019386733,5.69036198091571e-07,9.36311083791892e-06,"64785","Up",5.0285798355265
"7089",102.665808908151,-1.35068251038133,0.270157809373611,-4.99960565090836,5.74476873476161e-07,9.43054792767174e-06,"7089","Down",5.02546307342903
"729230",2836.87147433396,2.28240808606282,0.456546869523961,4.99928537116611,5.75431849665368e-07,9.43520227712689e-06,"729230","Up",5.02524878475201
"2635",848.257354811389,1.64571837940473,0.329225452644415,4.99875804311586,5.77007515651406e-07,9.44706755812615e-06,"2635","Up",5.02470297889419
"3428",6933.69967584011,1.14598154447994,0.229371203680246,4.9961875165354,5.84748040432269e-07,9.55451100483052e-06,"3428","Up",5.01979153501798
"3949",1153.56296918601,1.0126275247988,0.202692192277878,4.99588816628195,5.85655942522309e-07,9.55823148005051e-06,"3949","Up",5.0196224559986
"388650",408.620109789502,1.99366499363066,0.399197702879238,4.99417952370774,5.90864171140481e-07,9.60974922785422e-06,"388650","Up",5.01728794535748
"9643",868.062167318398,1.19708779480794,0.239790852977344,4.99221625822833,5.9690366135884e-07,9.68555456052473e-06,"9643","Up",5.01387550807025
"6461",22.6319607262781,-1.09361326622208,0.219089592760301,-4.99162581135733,5.98731631472457e-07,9.70401024850168e-06,"6461","Down",5.01304875347852
"11153",68.6784380209355,1.64451526573291,0.329721265709013,4.98759235985779,6.11363949474346e-07,9.87458185978565e-06,"11153","Up",5.00548128555796
"11262",1307.54283054307,1.19433197299976,0.239504726930387,4.98667390955877,6.14276135777092e-07,9.91022762335212e-06,"11262","Up",5.0039163702947
"389333",51.9265010868934,1.52090603641743,0.305064536355951,4.98552225894532,6.17946642412706e-07,9.95801171924695e-06,"389333","Up",5.00182736695378
"9781",322.248465829345,-1.0756504926292,0.215785601521508,-4.98481124340442,6.20223314913825e-07,9.98325088335518e-06,"9781","Down",5.00072801474409
"1977",504.265423811028,1.13051596947234,0.226825339850132,4.98408145324191,6.22568510490594e-07,1.00095339924643e-05,"1977","Up",4.99958614122321
"7789",137.668011153299,-1.01284460693623,0.20327441453993,-4.9826467793726,6.27203805504317e-07,1.00725347142248e-05,"7789","Down",4.99686122717411
"79990",33.7964504765351,1.73052274333316,0.347605895891369,4.9784044626043,6.41105751829295e-07,1.02840388409877e-05,"79990","Up",4.98783629177297
"91937",36.7726979055906,2.71893102146711,0.546413574125668,4.97595804756086,6.49257090891776e-07,1.04029197733309e-05,"91937","Up",4.98284475075125
"80176",166.523657825898,1.42895015889966,0.287257312644053,4.97446051328311,6.54295990232942e-07,1.0471716691063e-05,"80176","Up",4.9799821159963
"64927",17.6161703885095,1.57625819216241,0.316994702677943,4.97250641366031,6.60927839154751e-07,1.0565822520822e-05,"64927","Up",4.97609668864009
"694",9968.55186030872,-1.05943039903717,0.213147989147203,-4.97039828185063,6.68155074170169e-07,1.066922170709e-05,"694","Down",4.97186726011107
"64762",12.3185540742829,2.75042737553055,0.553992096564958,4.96474118057757,6.87927491019689e-07,1.09600420678103e-05,"64762","Up",4.96018777890066
"55561",75.2197541557,-1.17606474174309,0.237085207079207,-4.9605150664258,7.03065076756533e-07,1.11616541538807e-05,"55561","Down",4.95227143831355
"10090",93.4239613445221,-1.17095736538318,0.236257986841174,-4.95626573746421,7.18609164242093e-07,1.13587131337794e-05,"10090","Down",4.94467086849789
"79365",163.789403741017,2.43767686728168,0.492102788965863,4.95359287112429,7.28555611648379e-07,1.1502992645936e-05,"79365","Up",4.93918915786061
"5359",2315.83206695354,2.04463478880234,0.412834766496381,4.95267103145071,7.32016682427028e-07,1.15397360076429e-05,"5359","Up",4.93780412633933
"6352",13890.7154458627,-1.62023564090445,0.327167126629792,-4.95231797153579,7.33346445689232e-07,1.15397360076429e-05,"6352","Down",4.93780412633933
"64919",1201.5262963572,-1.13233766426852,0.228868187711773,-4.9475537670379,7.5151949070112e-07,1.18124741424297e-05,"64919","Down",4.92765912915463
"100996741",316.160944431758,-1.05179663930819,0.212608301240099,-4.9471099349051,7.53234407059605e-07,1.18188935801252e-05,"100996741","Down",4.92742317781492
"79968",295.51844118775,1.66503637314809,0.336574095601759,4.94701284176723,7.53610066025634e-07,1.18188935801252e-05,"79968","Up",4.92742317781492
"79000",22.1114936175704,1.96190839967054,0.396919231318881,4.94284036868538,7.69925239734057e-07,1.2034471044208e-05,"79000","Up",4.91957299368393
"5373",725.330547848905,1.04177109064724,0.210933431150781,4.93886191943919,7.85798274429117e-07,1.22689303914199e-05,"5373","Up",4.9111932975299
"128611",682.169387461927,-1.12112014174619,0.227109114372784,-4.93648238135414,7.95442197427855e-07,1.23919664725679e-05,"128611","Down",4.90685977026487
"9231",142.410028183794,-1.57277788944891,0.318660724829123,-4.93558749761925,7.99098447488997e-07,1.24351399602607e-05,"9231","Down",4.90534932228574
"2673",591.251396476495,1.50726447017998,0.305456889703079,4.93445890726223,8.03732643959768e-07,1.24934193727021e-05,"2673","Up",4.90331868160522
"4678",1277.38690567973,1.30755034748944,0.265034993599426,4.93350077939396,8.07687196730348e-07,1.25410171143147e-05,"4678","Up",4.90166723948447
"51316",4350.46175695141,1.48183953708973,0.300509125612804,4.93109663165114,8.17692697662011e-07,1.26823595889035e-05,"51316","Up",4.89679993721887
"3115",6745.95936532308,-1.20234442405298,0.244008064275225,-4.92747822750979,8.32977021495222e-07,1.28767800946654e-05,"3115","Down",4.89019272097787
"4234",86.3308464386408,1.49909311963606,0.304229448667298,4.92750825471684,8.32849060146158e-07,1.28767800946654e-05,"4234","Up",4.89019272097787
"150684",254.181748924597,1.19531995385783,0.242644953485616,4.92620982504253,8.38399662378989e-07,1.29321537384737e-05,"150684","Up",4.8883291411024
"389",1212.09569904487,-1.45269305844295,0.294922084592389,-4.92568422080264,8.40656660559574e-07,1.29527493357271e-05,"389","Down",4.88763803894911
"892",729.276988351781,1.63308806962912,0.331590822525635,4.92500985760204,8.43561015975416e-07,1.29791297354733e-05,"892","Up",4.88675442646881
"107984832",9.28357908272818,-2.00596744349308,0.407339872246997,-4.92455460455571,8.4552716638759e-07,1.29791864586603e-05,"107984832","Down",4.88675252845918
"54084",2.94625774952602,-5.0992504043202,1.03550068683549,-4.92442976537621,8.46067093376947e-07,1.29791864586603e-05,"54084","Down",4.88675252845918
"388507",17.2541832468422,1.59059681871059,0.323165677628182,4.92192373393271,8.56976125001292e-07,1.31322012088529e-05,"388507","Up",4.88166247172208
"111064649",10.4541517828359,3.76004701214224,0.763990074303131,4.92159144288876,8.58432756208024e-07,1.31401929087529e-05,"111064649","Up",4.8813982589321
"580",121.262287406046,1.20491954058554,0.245049811827858,4.9170392402993,8.78629446077443e-07,1.34280788455245e-05,"580","Up",4.87198611737371
"90525",17.3334761201837,-1.28878007551171,0.262111096744835,-4.91692298234264,8.79151191138807e-07,1.34280788455245e-05,"90525","Down",4.87198611737371
"100128108",43.4768617076763,-1.00846104227464,0.20519004313213,-4.9147659744155,8.88885749492027e-07,1.35473129629739e-05,"100128108","Down",4.86814683623431
"29927",6447.4222400367,1.25620304466162,0.255653547933957,4.91369298338912,8.93766723201955e-07,1.3606944739365e-05,"29927","Up",4.86623937896937
"83959",19.7074087614806,2.11465720026007,0.430675544748756,4.91009351713645,9.1032969534894e-07,1.38291382476144e-05,"83959","Up",4.85920488178268
"400961",75.9794324811107,-1.02793230139907,0.209385922574728,-4.90927130515287,9.14154365151316e-07,1.38722431307843e-05,"400961","Down",4.85785330817289
"56971",13.0358533782654,-2.02941307172682,0.413511101046073,-4.90775958999153,9.21226796585327e-07,1.39494385189839e-05,"56971","Down",4.85544327289322
"1315",1664.20086568189,1.04495072017466,0.213034003078001,4.90508888288629,9.33850420082629e-07,1.41253671722294e-05,"1315","Up",4.8500002543899
"8615",1516.15651174912,1.28651045971733,0.262328777708018,4.90419111070333,9.38131196049542e-07,1.41748597493421e-05,"8615","Up",4.8484812294642
"3586",31.8281032098698,1.72176641230746,0.351242963933236,4.90192427779063,9.49024196543032e-07,1.43240472715604e-05,"3586","Up",4.84393425441915
"116028",58.148496125015,1.75851462161413,0.358864575787474,4.90021791021121,9.57304171571761e-07,1.44174635025467e-05,"116028","Up",4.84111113932145
"2617",1694.40684324668,1.13592986822607,0.231857122495027,4.89926665181672,9.6195020262162e-07,1.44570312804695e-05,"2617","Up",4.83992087930142
"2633",4291.92455750878,2.40750683124598,0.491547988232797,4.89780629537595,9.69124981914317e-07,1.45492994079701e-05,"2633","Up",4.8371579187453
"11149",20.2888642144902,2.51798694597372,0.514133084861277,4.89753921721088,9.70442706103326e-07,1.45535335177843e-05,"11149","Up",4.83703154956703
"23641",102.855827043254,-1.66494490612167,0.340207825940766,-4.89390536951245,9.88543856868477e-07,1.47776790177828e-05,"23641","Down",4.83039377087508
"5901",2673.25274524117,1.12423946202145,0.229734246981302,4.89365202094988,9.89817899840999e-07,1.47810001366267e-05,"5901","Up",4.83029617899107
"285753",92.7400216140994,1.15665756921024,0.236748611923757,4.88559387872032,1.03117557117315e-06,1.5365937567471e-05,"285753","Up",4.8134409357033
"3581",70.4778265187863,-1.43335678087811,0.293374157492922,-4.88576360347176,1.03028757372627e-06,1.5365937567471e-05,"3581","Down",4.8134409357033
"23516",246.281373488685,1.6765796074609,0.343386954555207,4.88247903777416,1.04760378926698e-06,1.55942038631139e-05,"23516","Up",4.80703679254405
"80380",39.8539353647838,2.11794311739811,0.434306354639136,4.87661093321534,1.07924005075422e-06,1.60311640520067e-05,"80380","Up",4.79503494158793
"10969",402.967621614212,1.12802529001054,0.231331321367066,4.87623242431852,1.08131193704895e-06,1.60419960810814e-05,"10969","Up",4.79474159409025
"3015",1417.21230579926,1.29800964211954,0.26622068560668,4.87569040385254,1.08428552149747e-06,1.60419960810814e-05,"3015","Up",4.79474159409025
"55835",179.145089295634,1.19657983170158,0.245419809343369,4.87564485891777,1.08453574416648e-06,1.60419960810814e-05,"55835","Up",4.79474159409025
"8743",5053.39330715385,2.06968607348577,0.424900097394281,4.87099458479349,1.11037883579652e-06,1.6401663102284e-05,"8743","Up",4.78511211295689
"522",909.257567001272,1.15280387119672,0.236707549092004,4.87016098818483,1.11507361085103e-06,1.64417779429996e-05,"522","Up",4.78405122152323
"746",744.450327412606,1.48811478370832,0.305734754358422,4.86733929490974,1.13110742576258e-06,1.66607144096602e-05,"746","Up",4.77830638002881
"10952",1139.1897641741,1.65346165327509,0.339806738695196,4.8658883564938,1.13943828550601e-06,1.67483125396762e-05,"10952","Up",4.77602894335101
"374393",191.074511345631,2.21191977780859,0.454558611661298,4.86608265922974,1.13831924243641e-06,1.67483125396762e-05,"374393","Up",4.77602894335101
"284992",9.19676397971756,2.76813280409827,0.569987082914634,4.85648339598047,1.19488795838469e-06,1.75002821689052e-05,"284992","Up",4.7569549488331
"57130",2823.90143855565,1.0970644551185,0.225894424974739,4.8565362126187,1.19456943314182e-06,1.75002821689052e-05,"57130","Up",4.7569549488331
"4493",62.0680314781258,1.53244587081506,0.315624244599973,4.85528566652828,1.2021331708841e-06,1.75596417019369e-05,"4493","Up",4.75548434995948
"283820",2929.11042952886,1.34304363731917,0.276636731688503,4.85489988665518,1.20447578643399e-06,1.75755906032922e-05,"283820","Up",4.75509007220053
"5723",101.225169886937,1.1996322250894,0.247175321662992,4.85336568803992,1.21383561551242e-06,1.76937946775732e-05,"5723","Up",4.75217901667767
"1269",135.031629640295,-1.26920790174807,0.261535618258548,-4.85290649969275,1.21665060807632e-06,1.77164500981227e-05,"1269","Down",4.7516232947088
"29880",396.041552407935,1.5168056082145,0.312687936118161,4.85086066013533,1.22926885893219e-06,1.78411142199663e-05,"29880","Up",4.74857802639082
"643",398.530349671265,-1.65335037225084,0.340848075359502,-4.85069593104496,1.23029032729486e-06,1.78411142199663e-05,"643","Down",4.74857802639082
"79022",447.688268539628,1.55814399238628,0.32123599366992,4.85046515051274,1.23172274735984e-06,1.78434722122685e-05,"79022","Up",4.74852063113146
"9585",331.617484051262,1.49651450386246,0.308633212488907,4.84884465866178,1.24182617803882e-06,1.797130942719e-05,"9585","Up",4.74542027813393
"713",485.815285250099,2.32615029797701,0.480300562910936,4.8431138283058,1.27820013287881e-06,1.84466457720045e-05,"713","Up",4.73408259184326
"81558",2306.80801299029,-1.03155301513626,0.212996561146457,-4.84305009237666,1.27861037446145e-06,1.84466457720045e-05,"81558","Down",4.73408259184326
"6996",664.768802958507,1.03352640320047,0.213500187034208,4.84086884211898,1.29272675888586e-06,1.8612086491664e-05,"6996","Up",4.73020493793733
"26030",1227.32463589938,-1.64175210134214,0.33924917285493,-4.83936950391384,1.30251682603673e-06,1.8714689610908e-05,"26030","Down",4.72781737140223
"5079",1620.23552112435,-1.34257059167508,0.277424331337235,-4.83941183242165,1.30223946251745e-06,1.8714689610908e-05,"5079","Down",4.72781737140223
"6741",1067.44376716925,1.10585660364924,0.228546140853735,4.83865795991265,1.30718783317098e-06,1.87626184185073e-05,"6741","Up",4.72670655373111
"54809",4534.74748748,1.79503643504753,0.371547775435086,4.83123989356556,1.3568539711001e-06,1.93568649765468e-05,"54809","Up",4.71316497934354
"254295",50.8638075977834,1.74639512676037,0.361630923729207,4.82921955000753,1.37069214497241e-06,1.95146565563853e-05,"254295","Up",4.70963908757921
"51154",268.232556718156,1.15246234298506,0.238635363748016,4.8293862438678,1.36954527132249e-06,1.95146565563853e-05,"51154","Up",4.70963908757921
"10763",10.3284422274981,4.99936982869812,1.03608142990627,4.8252672853623,1.39815633448241e-06,1.98658432063491e-05,"10763","Up",4.70189299657425
"10113",1538.54895366632,1.33033536420636,0.275733740082554,4.82471011276336,1.40207041838724e-06,1.98659002064259e-05,"10113","Up",4.70189175047646
"51010",151.502879778633,1.18261936747799,0.245119796707483,4.82465873162127,1.40243189615532e-06,1.98659002064259e-05,"51010","Up",4.70189175047646
"813",1459.86851077879,1.43169883220008,0.296739147617939,4.82477234194742,1.4016327421992e-06,1.98659002064259e-05,"813","Up",4.70189175047646
"2624",426.66342024729,-1.88866242557118,0.39155705820749,-4.82346668507853,1.41084341140996e-06,1.99649260998316e-05,"2624","Down",4.69973229300757
"6185",6763.12923276838,1.49198837930456,0.309338239749747,4.82316179374257,1.41300261473807e-06,1.99753649318908e-05,"6185","Up",4.69950527777323
"21",143.188076944464,-1.12760750228384,0.233901961538444,-4.820855262894,1.42944044847026e-06,2.01469379958917e-05,"21","Down",4.69579095014508
"3662",2108.0099457755,2.08597889097982,0.433101935891598,4.81636935352311,1.46193806600878e-06,2.05843223482519e-05,"3662","Up",4.68646342574005
"1479",298.979402445418,1.04390524551529,0.216787444943195,4.81533995563636,1.46949500500476e-06,2.06700138241511e-05,"1479","Up",4.6846592329155
"26263",160.096386125323,1.0055242343839,0.208913071355292,4.81312264407734,1.48590035821145e-06,2.08798718335873e-05,"26263","Up",4.68027217148092
"5097",104.209029392817,-2.1813545878566,0.453331669784327,-4.81182924831698,1.49555104917951e-06,2.09944888542162e-05,"5097","Down",4.67789469451952
"119559",183.145369022436,1.2470196904235,0.259388019983761,4.80754543136406,1.52794703105525e-06,2.14276581515756e-05,"119559","Up",4.66902529080714
"654364",40.2716042306667,2.04551191046044,0.425496967964697,4.80734779437994,1.52945780857033e-06,2.14276581515756e-05,"654364","Up",4.66902529080714
"51026",353.554660937857,1.07482537309114,0.223634628467632,4.80616700756925,1.53851394999987e-06,2.15116398262668e-05,"51026","Up",4.66732648220416
"64411",496.202887954304,-1.91568227986091,0.398644494157719,-4.8054903753493,1.54372664771634e-06,2.15416552668421e-05,"64411","Down",4.66672092844585
"445",24.639819922404,2.2667283840062,0.471772470678723,4.80470677050132,1.54978466894338e-06,2.16047362777701e-05,"445","Up",4.66545103061673
"54433",133.993632999986,1.09182242022295,0.227712322501205,4.79474456292179,1.6288224347603e-06,2.26391818528702e-05,"54433","Up",4.64513927197158
"55507",116.778705702581,2.80565191561662,0.585404617943459,4.79267130736505,1.64575138795216e-06,2.28518759916045e-05,"55507","Up",4.64107814135523
"5163",830.509721581756,1.57528191904741,0.32871833529266,4.79219365005888,1.64967555121211e-06,2.28611842659098e-05,"5163","Up",4.64090127582928
"64222",961.912013120286,1.09052784208907,0.227556990354645,4.79232846413327,1.64856708471527e-06,2.28611842659098e-05,"64222","Up",4.64090127582928
"8520",600.423755862548,1.13300750040294,0.236498786905621,4.79075396211264,1.66155769641883e-06,2.2957924041374e-05,"8520","Up",4.63906738535669
"140862",12.915451335541,-2.48699720546277,0.519217326974407,-4.78989640032826,1.66867443927067e-06,2.30336082717402e-05,"140862","Down",4.63763802340102
"79659",34.6362081964751,-1.45348030862078,0.303500852172628,-4.78904852561685,1.67573958911719e-06,2.3108432488984e-05,"79659","Down",4.63622951295763
"115352",1030.71905159836,-1.09428446420219,0.22853867662616,-4.78818062814025,1.68300135783974e-06,2.31518184567211e-05,"115352","Down",4.63541489169987
"51191",1688.84394470381,2.43915321012966,0.509443862251071,4.78787436824111,1.68557107139443e-06,2.3153122869242e-05,"51191","Up",4.63539042350517
"3336",466.106419494527,1.38022998836472,0.288590180724806,4.78266441671099,1.72986789380235e-06,2.37383824645611e-05,"3336","Up",4.62454887723689
"6713",413.513775760514,1.18575059931134,0.248056021596362,4.78017260649614,1.75144758845114e-06,2.39643052706089e-05,"6713","Up",4.6204351567625
"161291",60.2134653078828,-1.56353079668557,0.327433696569924,-4.77510657291705,1.79612109808141e-06,2.44668620129518e-05,"161291","Down",4.61142172733186
"1757",30.8870732123973,-1.63299749514635,0.341987484914523,-4.77502121328945,1.79688311965316e-06,2.44668620129518e-05,"1757","Down",4.61142172733186
"2051",420.452533616563,-1.12648074358015,0.236186675555255,-4.76945086310175,1.84728794323374e-06,2.51045359558225e-05,"2051","Down",4.60024780192111
"55110",151.880005247633,1.11727945641208,0.234366188973241,4.76723823221637,1.867684192618e-06,2.53327203423437e-05,"55110","Up",4.59631817119513
"51258",626.145380388769,1.25108385744468,0.262508023113144,4.76588807689679,1.88023617157869e-06,2.54538330279613e-05,"51258","Up",4.59424680910138
"2289",2597.61678757681,1.2790022374563,0.268543237052555,4.76274231104913,1.90979657938207e-06,2.57849048763567e-05,"2289","Up",4.58863446641936
"4054",854.801938861412,-1.30247563171549,0.273480805643139,-4.76258517906763,1.9112847789909e-06,2.57849048763567e-05,"4054","Down",4.58863446641936
"6119",189.958710443237,1.43601589588694,0.301525245476491,4.76250634873923,1.91203180196155e-06,2.57849048763567e-05,"6119","Up",4.58863446641936
"123920",1339.0717224223,-1.07114378507038,0.224934528521178,-4.76202471942646,1.91660198101738e-06,2.58217555486637e-05,"123920","Down",4.58801423460333
"55026",99.1808928423574,2.33755951242407,0.491465791575485,4.75630156257792,1.97171866143903e-06,2.6462837278454e-05,"55026","Up",4.57736359369665
"9521",150.219425528894,1.22198313022599,0.257086498133741,4.75319839469088,2.00223699746469e-06,2.68211956991171e-05,"9521","Up",4.57152186503948
"10592",531.017948522238,1.84522976399131,0.388402670833601,4.75081636290252,2.02597058070869e-06,2.7061728707337e-05,"10592","Up",4.56764446405483
"6400",2635.43044107007,1.49344100256589,0.314342600090771,4.75099780346232,2.02415331501509e-06,2.7061728707337e-05,"6400","Up",4.56764446405483
"400",536.664543651911,1.09957386604525,0.23179194677891,4.74379667337647,2.09749384883889e-06,2.79109692839811e-05,"400","Up",4.55422508119769
"10046",25.3361861452087,-1.25397116386605,0.264402648705147,-4.74265734480004,2.10932881352446e-06,2.80419001775267e-05,"10046","Down",4.55219256101016
"9669",1331.48178024165,1.11884138553917,0.235925888410904,4.74234257662527,2.11260981102153e-06,2.80589726507321e-05,"9669","Up",4.55192823424444
"7922",978.560858791498,1.21072903706927,0.255397286838261,4.74057125687481,2.13116482517709e-06,2.82786856689221e-05,"7922","Up",4.54854077945786
"80055",113.607394277564,1.77891101185781,0.375428559400835,4.73834759586979,2.15467987746604e-06,2.85637373944837e-05,"80055","Up",4.54418496833816
"6566",325.436160773236,1.82717435721322,0.385716520283811,4.7370912603608,2.16807548802856e-06,2.87142288009211e-05,"6566","Up",4.54190284339125
"29090",139.467985301829,1.28730979970827,0.271875426043468,4.73492517673316,2.19135927380197e-06,2.89407711611516e-05,"29090","Up",4.53848990077155
"6932",6273.67210094954,-1.21174807029945,0.255985014796831,-4.73366798935938,2.20498303656651e-06,2.90933536430354e-05,"6932","Down",4.53620621396379
"89958",176.662698754279,1.63246433098215,0.345000431844039,4.73177474664762,2.22565312613628e-06,2.93385344544718e-05,"89958","Up",4.53256158422936
"51645",255.870400729066,1.31735800866973,0.278428094112553,4.73141193911701,2.22963538310999e-06,2.93634830397952e-05,"51645","Up",4.53219243052555
"8317",196.949207519577,1.24769695047281,0.263748040982582,4.73063968863833,2.23813457241897e-06,2.94478155539619e-05,"8317","Up",4.53094691575113
"4306",248.231326477799,-1.27884946481177,0.270355737099046,-4.73024718666597,2.24246626372446e-06,2.94772085480412e-05,"4306","Down",4.53051364596843
"654346",234.410427536403,-2.00967019369885,0.425006469194435,-4.7285637734127,2.26113606029989e-06,2.96948447844244e-05,"654346","Down",4.52731894044738
"54821",46.9724120261761,2.35282259946165,0.497613500646572,4.72821295323483,2.26504556056771e-06,2.97184129011181e-05,"54821","Up",4.5269743875996
"84300",193.117394863711,1.2148934331249,0.256970009868951,4.72776349950124,2.2700637073153e-06,2.97564694171591e-05,"84300","Up",4.52641859878494
"10525",4228.96658164236,1.54151935189399,0.326460519476827,4.72191661755721,2.33632469535499e-06,3.0568002438667e-05,"10525","Up",4.51473294067232
"79723",99.8629052131666,1.43258378466264,0.303783520893015,4.71580479563657,2.40757178975513e-06,3.14416345628616e-05,"79723","Up",4.50249488428726
"57480",163.729301645905,-1.30772200024289,0.277326783687337,-4.71545511347813,2.41171058906308e-06,3.14664412233189e-05,"57480","Down",4.50215237194128
"10174",620.763810109919,-1.22963790298899,0.260819670214268,-4.7145136790443,2.42288728049307e-06,3.15829425468355e-05,"10174","Down",4.50054740971975
"1163",280.128891494594,1.47402343581018,0.312792524734953,4.71246375551718,2.44739620862862e-06,3.18728559069966e-05,"1163","Up",4.49657902064675
"5864",41.1339209662114,-1.49967111529523,0.318424550922874,-4.70965919854109,2.4813133868016e-06,3.22846441771631e-05,"5864","Down",4.49100399577653
"6370",17.7903477974591,3.68434046874839,0.782919620415806,4.70589875725896,2.52749937817754e-06,3.28435265545343e-05,"6370","Up",4.48355021693183
"63943",52.1643779703793,1.12388693513947,0.238831049064837,4.70578234923869,2.52894219555978e-06,3.28435265545343e-05,"63943","Up",4.48355021693183
"4706",323.49198214773,1.15989487646725,0.246557210561969,4.70436404525971,2.54658496186022e-06,3.30421162364357e-05,"4706","Up",4.4809321453597
"53632",7.64817542888149,-2.34920322849059,0.499613968348977,-4.70203672698296,2.57579153192849e-06,3.33594678402388e-05,"53632","Down",4.47678088596869
"8728",3226.17047694678,1.48047287422048,0.314850859000135,4.70214017812111,2.57448647660417e-06,3.33594678402388e-05,"8728","Up",4.47678088596869
"7434",12.0092143715128,-1.74421282009208,0.371111425375718,-4.69997068488585,2.60198839786832e-06,3.36677172807051e-05,"7434","Down",4.47278632839959
"113451",18.5894143180699,-1.35218002588096,0.287750647937864,-4.69913807517455,2.61261779894989e-06,3.37741539198195e-05,"113451","Down",4.47141552173024
"84883",109.132373870858,1.39914140957484,0.297955795930135,4.69580195682083,2.65562745545992e-06,3.42986001876129e-05,"84883","Up",4.4647236042488
"5866",22.5663298437169,2.54553075185058,0.542446586566971,4.69268461612174,2.69643014523014e-06,3.4777671440562e-05,"5866","Up",4.45869949980224
"10237",685.042738143429,1.42502039502601,0.303707613569552,4.6920799194903,2.70441435226264e-06,3.48326585499492e-05,"10237","Up",4.45801337740767
"54733",270.400929790041,1.77300073819926,0.377937538611893,4.69125333437696,2.71536501028456e-06,3.4909706426824e-05,"54733","Up",4.45705380336991
"84693",84.4044842420577,1.49291395039092,0.318320560461751,4.68997022443451,2.73244808152357e-06,3.50651693530312e-05,"84693","Up",4.45512405926315
"138050",722.553542078114,-1.08456728152192,0.231381088631015,-4.68736355221962,2.76747093992783e-06,3.54822095327243e-05,"138050","Down",4.44998934380109
"5519",394.138767398936,1.09254133554683,0.233093439845205,4.68713892708596,2.77050904751922e-06,3.54887813452507e-05,"5519","Up",4.44990891370171
"93010",173.55495735977,-1.76283094460573,0.376161902692912,-4.68636226046756,2.78103832896331e-06,3.55912118384267e-05,"93010","Down",4.4486572245339
"2254",8.15517659809404,-2.21561245257357,0.473397712787998,-4.68023480621628,2.86546545489139e-06,3.66383262712773e-05,"2254","Down",4.43606437418954
"23231",6148.94242312176,2.05344191395429,0.439003666484832,4.67750515706739,2.90386273485598e-06,3.70955265001784e-05,"23231","Up",4.43067846055823
"154796",71.0703568556451,-1.25662884886889,0.268806159912206,-4.67485138465322,2.9416656378388e-06,3.74762334931196e-05,"154796","Down",4.42624406387157
"6425",23.0322151701943,-2.10215054821461,0.449964795335774,-4.6718111505722,2.98555399954364e-06,3.79321924064984e-05,"6425","Down",4.42099205520052
"10458",149.964641257082,-1.20150913258814,0.25720121571826,-4.6714753242235,2.9904402877754e-06,3.79599520540379e-05,"10458","Down",4.42067434478742
"85363",745.986626374381,1.3052282408232,0.279497595579746,4.6699086556213,3.01333694568757e-06,3.82160746938644e-05,"85363","Up",4.4177539228891
"5683",1118.70483137983,1.15904345046445,0.248310404809637,4.66772003111593,3.04560516864565e-06,3.85904813614145e-05,"5683","Up",4.41351980418833
"1468",103.259364147156,1.67046298797991,0.358237692334578,4.66300175476727,3.11630094911939e-06,3.94151763609592e-05,"1468","Up",4.40433652587085
"501",27.3728908876252,2.00112923887589,0.429548003149743,4.65868593079757,3.18234294800021e-06,4.0178151936477e-05,"501","Up",4.39601004325349
"3112",259.17138769374,-1.37380999694835,0.294924221497003,-4.65817961636058,3.19017812986771e-06,4.02409183850099e-05,"3112","Down",4.39533211629729
"10535",215.814440094885,1.32111575337628,0.283692463619728,4.65685882705419,3.21070444188909e-06,4.04371741802501e-05,"10535","Up",4.39321920127105
"440026",199.054135293775,1.17331696317017,0.25195732472327,4.6568083085453,3.21149205701388e-06,4.04371741802501e-05,"440026","Up",4.39321920127105
"10447",878.440518357215,1.74943882197261,0.376367580671879,4.64821868783058,3.3481384245599e-06,4.19323004829908e-05,"10447","Up",4.37745131075021
"576",28.6685742001228,-1.89035699404968,0.406678354506836,-4.64828524336401,3.34705851483386e-06,4.19323004829908e-05,"576","Down",4.37745131075021
"9695",3152.43166525435,1.47956485552527,0.318425529946515,4.64650198045926,3.37610893716842e-06,4.21324003419988e-05,"9695","Up",4.37538379780197
"143471",20.7286881675416,2.14235215202661,0.461097412505095,4.64620293657132,3.3810041549408e-06,4.21560518058813e-05,"143471","Up",4.37514007045235
"4261",1805.78991775286,-1.30840130100073,0.281628251079367,-4.64584535104756,3.38686660974477e-06,4.21917106384163e-05,"4261","Down",4.37477286604348
"10970",2593.32144215807,1.2005097797909,0.258619042130852,4.64200072005327,3.45051658393799e-06,4.27571949184274e-05,"10970","Up",4.36899079437552
"1434",935.959162902858,1.30711976269754,0.281555306401763,4.64249734591169,3.44223061961416e-06,4.27571949184274e-05,"1434","Up",4.36899079437552
"79622",219.127746116745,1.44230491657703,0.311094849373889,4.63622242373933,3.54834142564299e-06,4.38148450906285e-05,"79622","Up",4.35837871943589
"320",13.9169819799169,-1.96477318320178,0.423826057519982,-4.6358008157843,3.55558227181788e-06,4.38272298978815e-05,"320","Down",4.35825597808167
"116443",81.9090290172306,2.31212151080901,0.499065344901159,4.6329033551046,3.60572890955771e-06,4.43286987201268e-05,"116443","Up",4.35331501733507
"6489",35.5128301404235,-1.26552049285759,0.273204742468989,-4.63213222955395,3.61918867754357e-06,4.44552791056313e-05,"6489","Down",4.35207665875878
"54549",149.241800989574,-1.87256522685402,0.40434259897568,-4.63113516012853,3.63666365212897e-06,4.45919700172044e-05,"54549","Down",4.35074334064205
"7466",259.980253145332,2.05885289801124,0.444559306989971,4.63122212411061,3.63513627776532e-06,4.45919700172044e-05,"7466","Up",4.35074334064205
"64318",207.143260268355,1.0253235288487,0.221483097225806,4.62935339848246,3.66809304172763e-06,4.48989925281853e-05,"64318","Up",4.3477634038599
"83879",189.582235216979,1.59664765269171,0.345320755298608,4.62366547099392,3.77017723329663e-06,4.5948421927393e-05,"83879","Up",4.3377293996205
"8996",43.497664806067,1.13025588823905,0.244698915053953,4.61896567048468,3.85657650107163e-06,4.68794230043759e-05,"8996","Up",4.3290177422877
"131076",62.0887887091749,1.39576889818383,0.302326320867078,4.61676275549126,3.89772427588003e-06,4.73386530031687e-05,"131076","Up",4.32478410385547
"11040",7595.92491829353,1.73313234070656,0.375598093853784,4.61432677392994,3.94371534685234e-06,4.76911256918839e-05,"11040","Up",4.32156242644423
"153579",25.7424355338547,-2.14844422716691,0.465595778422033,-4.61439799658038,3.94236332017197e-06,4.76911256918839e-05,"153579","Down",4.32156242644423
"8704",154.381420576439,1.9587397058772,0.424634744768061,4.61276362806128,3.97350085533934e-06,4.79687577484781e-05,"8704","Up",4.31904152835434
"92304",3.15326017235863,-3.97557312404447,0.86211426802933,-4.61142248942483,3.99922779079151e-06,4.81965256571203e-05,"92304","Down",4.31698426761852
"54602",84.7146171093508,1.50724236943589,0.326960738142854,4.60985737308115,4.02945314596384e-06,4.84776332252431e-05,"54602","Up",4.31445859144713
"3017",204.037946253725,1.70886607059243,0.370890908636568,4.60746281669289,4.07612065083665e-06,4.89552541756894e-05,"3017","Up",4.31020069023361
"9053",33.2663895986971,-1.00619719819273,0.218417093854566,-4.60676946312045,4.08972983461671e-06,4.90767580154005e-05,"9053","Down",4.30912413426056
"55572",344.842515896696,1.24383360774314,0.270034022292461,4.60621071812946,4.1007285875104e-06,4.91667560680001e-05,"55572","Up",4.30832844471456
"84823",686.290363227396,1.01762952690241,0.221018493976571,4.60427319267808,4.13908828065713e-06,4.95843721396368e-05,"84823","Up",4.30465518163431
"10785",135.000768468545,1.06679704169243,0.231744587672508,4.60333098782002,4.1578663666745e-06,4.97668979425128e-05,"10785","Up",4.30305942874433
"126306",38.6363596799907,2.67112877220719,0.580555269555815,4.60098962541651,4.2048837341625e-06,5.02868308361289e-05,"126306","Up",4.29854573351311
"27090",807.656494177017,1.7037686902868,0.370370406719994,4.60017501229486,4.22136128585001e-06,5.04409598543915e-05,"27090","Up",4.29721665771554
"3416",635.562580222258,1.12377990460509,0.244930721702269,4.58815413923913,4.47182417064821e-06,5.30726969982675e-05,"3416","Up",4.27512884224241
"28960",1147.21878012765,1.46434459931497,0.319276436509638,4.58644745388459,4.5085180673588e-06,5.34179560560926e-05,"28960","Up",4.27231273350938
"79366",42.7483389884219,1.90657175580936,0.415988153391824,4.5832357009781,4.57835468848631e-06,5.41540741436108e-05,"79366","Up",4.26636886477219
"107984745",18.1138485254023,2.68250368631835,0.585957075895759,4.57798667627246,4.6947258792981e-06,5.53442013891753e-05,"107984745","Up",4.25692787499493
"165545",7.21440781177763,3.09338567214105,0.675963548080276,4.57626107343541,4.73359758623334e-06,5.57089725977813e-05,"165545","Up",4.25407485086076
"92092",34.2353991704685,1.18070093891063,0.258071308247729,4.57509572423002,4.76002296110445e-06,5.59262898406686e-05,"92092","Up",4.25238399088399
"9572",372.620586201188,-1.47414639018436,0.322406839519739,-4.57231736268456,4.8235961117099e-06,5.65786081483703e-05,"9572","Down",4.24734774052904
"6182",393.020378692409,1.16348773144337,0.2547163161452,4.56777857442053,4.9292033729641e-06,5.75292074725013e-05,"6182","Up",4.24011160881285
"4712",201.6347714046,1.2823060482197,0.280789888353179,4.56678143127008,4.95269950416333e-06,5.77554634294631e-05,"4712","Up",4.23840692701956
"10935",1198.70695877588,1.02024267932022,0.223476564501668,4.56532290799829,4.9872606197431e-06,5.80355680210723e-05,"10935","Up",4.23630576056037
"23612",18.1392732563315,1.65214642812646,0.361899584916733,4.56520675066979,4.99002298698619e-06,5.80355680210723e-05,"23612","Up",4.23630576056037
"54187",571.886604454318,1.22645205038161,0.268718832038996,4.56407182583924,5.0170901358661e-06,5.82645872637938e-05,"54187","Up",4.23459532566569
"165082",23.9395075932296,1.17250305765688,0.257019759070176,4.56191797042634,5.06884514736281e-06,5.88170206529663e-05,"165082","Up",4.23049697824356
"120071",143.995811345145,-1.84491474156056,0.404511397363038,-4.56084736694032,5.09476053011991e-06,5.89716433025082e-05,"120071","Down",4.22935677001314
"51744",831.420458374333,-1.3072611443236,0.286613283025013,-4.56106266438988,5.08953879787018e-06,5.89716433025082e-05,"51744","Down",4.22935677001314
"64782",449.53702869294,1.01610578547315,0.222782680723179,4.56097297229189,5.09171352855722e-06,5.89716433025082e-05,"64782","Up",4.22935677001314
"4176",1928.32654474433,1.22795574896166,0.269304225099988,4.55973443604808,5.12183498483234e-06,5.92362347381597e-05,"4176","Up",4.22741255454667
"126259",248.144580286011,-1.20330997633009,0.264084123031461,-4.55654040279708,5.20030398974274e-06,6.00600196827611e-05,"126259","Down",4.22141452981081
"283987",228.761600430797,2.22369078195162,0.488027399399373,4.55648757567375,5.2016114399317e-06,6.00600196827611e-05,"283987","Up",4.22141452981081
"3309",12063.1631566963,1.47376058254972,0.323567539441619,4.55472321201621,5.24545998798891e-06,6.05165876446799e-05,"3309","Up",4.218125568568
"10653",448.926271601994,-1.02365245329576,0.224767003066956,-4.55428260967124,5.25646508423015e-06,6.05441371832804e-05,"10653","Down",4.21792790557174
"11247",34.2149706325885,-2.28629590019909,0.502073483548672,-4.55370772429461,5.27085746399681e-06,6.0610547531983e-05,"11247","Down",4.21745179272576
"27076",39.4266141459295,-1.81452956804427,0.398783062770674,-4.55016708943765,5.36033328899395e-06,6.15387282491365e-05,"27076","Down",4.21085148306564
"54512",188.868603339171,1.12623669408439,0.247561947447872,4.54931262940374,5.38214327332052e-06,6.17386753279183e-05,"54512","Up",4.20944269302605
"102157402",137.940023827649,1.23447737407548,0.271412872686498,4.5483376004107,5.40713455297909e-06,6.19747591667717e-05,"102157402","Up",4.20778515222041
"4118",581.378362232702,-1.35768322110032,0.298690285754277,-4.54545489375989,5.48167358729748e-06,6.27267730038307e-05,"4118","Down",4.2025470542876
"6338",6.88981594814344,4.87142803184472,1.07191562932821,4.54460024516831,5.5039608893466e-06,6.28793970870719e-05,"6338","Up",4.2014916311387
"6003",12.8890039744181,2.77906593726701,0.611900490805434,4.54169587870238,5.5803503116047e-06,6.36486059891796e-05,"6003","Up",4.19621110368097
"163486",581.259719903892,1.14027261201048,0.251093500611752,4.54122710955234,5.59277441346618e-06,6.37385775004272e-05,"163486","Up",4.19559763321573
"93587",63.5699814609074,1.16536816770279,0.256632843663489,4.54099386137374,5.59896620693446e-06,6.37574336627578e-05,"93587","Up",4.19546917229786
"5464",1074.850697288,1.11837006158939,0.246308168663606,4.54053175604094,5.61125261377798e-06,6.38456046387111e-05,"5464","Up",4.1948689957672
"79172",206.247472556882,1.16996316135456,0.257717172739533,4.53971750860782,5.63296456640742e-06,6.39890202806443e-05,"79172","Up",4.1938945391506
"6948",754.596096820694,1.97193983630634,0.434507552205635,4.53833270859491,5.67007514393684e-06,6.43585589035545e-05,"6948","Up",4.19139368904848
"55847",118.152544699478,1.25058000855271,0.276013630412322,4.53086322832873,5.87431615738439e-06,6.64620697613248e-05,"55847","Up",4.17742613805091
"93035",266.027434870582,1.62893743939688,0.359564898628213,4.53030161067304,5.88995404938434e-06,6.65853856009241e-05,"93035","Up",4.17662108088
"3418",2572.35261761316,1.34595695346717,0.297271359794233,4.52770476913358,5.9627809684898e-06,6.73004001359186e-05,"3418","Up",4.17198235366154
"94240",2520.45743658214,1.95188976793162,0.43120251128926,4.52661966669822,5.99346663575038e-06,6.75924503736471e-05,"94240","Up",4.17010180914959
"25879",328.389209097154,1.07085208767337,0.236610016566293,4.52581045897245,6.01644857628061e-06,6.7797221647069e-05,"25879","Up",4.16878810330211
"80119",74.4091457606389,1.77560651597751,0.392347132929621,4.52560084412804,6.02241549049804e-06,6.78100821093577e-05,"80119","Up",4.16870572974747
"3004",709.007694104546,-1.12409066275384,0.24850223474721,-4.52346299379292,6.08359603130847e-06,6.84441084323031e-05,"3004","Down",4.16466392934827
"283385",20.9964383152516,-1.36477696260362,0.301938567843961,-4.52004847326731,6.18254737742316e-06,6.94461676639091e-05,"283385","Down",4.15835171548921
"6890",7256.29166341639,1.07581795730782,0.238068223968055,4.51894813753966,6.21476143922766e-06,6.96410109601491e-05,"6890","Up",4.15713493297074
"54205",1475.22328912424,1.27135950422973,0.281668970507267,4.51366546318571,6.37166960110799e-06,7.12556806081881e-05,"54205","Up",4.14718050734123
"8322",25.3217064320235,-1.72216848396009,0.381552183176556,-4.51358571617239,6.37406707404586e-06,7.12556806081881e-05,"8322","Down",4.14718050734123
"63910",415.203265037402,1.77088183420654,0.392626763136322,4.51034417537065,6.47225297373755e-06,7.21237896803807e-05,"63910","Up",4.14192146173281
"27065",185.440878929404,-1.41335235581292,0.313535088447558,-4.50779644093748,6.55043747375685e-06,7.29372007775208e-05,"27065","Down",4.1370509082858
"55631",223.726652126867,1.11716034107024,0.247857914618881,4.5072611168703,6.56697990395312e-06,7.30635008791363e-05,"55631","Up",4.13629952215881
"200916",265.86697270978,1.46160727945055,0.324317997996132,4.50671035366955,6.58404113868941e-06,7.31953687348605e-05,"200916","Up",4.1355163970362
"8553",2552.43077739532,-1.49623258474971,0.332052730931467,-4.50600897198621,6.60582954133813e-06,7.33795389050461e-05,"8553","Down",4.13442502154741
"29893",29.4673451806179,1.44804697260957,0.321420910470033,4.50514240188047,6.63284478826369e-06,7.36214336213913e-05,"29893","Up",4.13299572984239
"55236",555.321680454179,1.04994592555691,0.233188150211214,4.50256981157022,6.71366910761745e-06,7.4401008123218e-05,"55236","Up",4.12842117978498
"220359",25.262679647133,-1.72772430030964,0.383875443775782,-4.5007419159606,6.77166861368853e-06,7.49255805980718e-05,"220359","Down",4.1253698830228
"85025",145.072275835063,1.28801079864402,0.286455792076756,4.49636849478992,6.91238981646496e-06,7.64224246270382e-05,"85025","Up",4.11677918772273
"192683",260.658871319823,1.47643101482617,0.328527682646801,4.49408403861502,6.98700334105711e-06,7.71476960539634e-05,"192683","Up",4.11267703921834
"51232",146.772699534825,-1.43134270485837,0.318593289428971,-4.49269571064672,7.03272374099247e-06,7.75697284210566e-05,"51232","Down",4.11030772905914
"554313",22.2145450556671,1.3347457499836,0.297156914741761,4.49172031262855,7.06501652785087e-06,7.78037713552982e-05,"554313","Up",4.10899935109388
"8370",22.2145450556671,1.3347457499836,0.297156914741761,4.49172031262855,7.06501652785087e-06,7.78037713552982e-05,"8370","Up",4.10899935109388
"153090",51.7035567205622,1.75469482537372,0.391194963224814,4.48547397161993,7.27520277622805e-06,7.99305312052827e-05,"153090","Up",4.09728730077019
"78995",46.0629957291692,2.00050524655973,0.446049086957399,4.48494415761643,7.29330328381612e-06,8.00667951126439e-05,"78995","Up",4.09654755494169
"84627",96.1366101764202,-1.29039343788685,0.287897655434912,-4.4821255523513,7.39032407584703e-06,8.10053306659926e-05,"84627","Down",4.09148640084172
"6252",323.991854369121,-2.1473259097931,0.479378324671518,-4.47939716770569,7.485414062282e-06,8.1919811840488e-05,"6252","Down",4.08661105388694
"26995",228.865334507091,1.02805026773172,0.229712607620832,4.47537589851683,7.62769940920332e-06,8.32823870226301e-05,"26995","Up",4.07944683566011
"6614",3498.06929042412,2.88381216123352,0.644762542267884,4.47267322802285,7.72477766876304e-06,8.42114629957007e-05,"6614","Up",4.07462878763413
"84502",51.8903147830943,2.02457672552523,0.452846218149626,4.4707820102768,7.79341036330853e-06,8.48295732753536e-05,"84502","Up",4.07145271765736
"23420",2732.1381287967,1.43797701341603,0.321790766908108,4.46867082990814,7.87071413923603e-06,8.5536949021303e-05,"23420","Up",4.06784624445614
"3892",6.26366851310994,-2.50645233514337,0.56098682582541,-4.46793439659745,7.89785170384358e-06,8.5765542613918e-05,"3892","Down",4.06668716038384
"2287",405.722171783946,1.02838381558024,0.230436922575425,4.4627562462072,8.09120786248639e-06,8.77296704349219e-05,"2287","Up",4.05685350210802
"9175",40.4760651148857,1.59471356308687,0.357369616001085,4.46236471060827,8.10601067912824e-06,8.78224071419507e-05,"9175","Up",4.05639466340404
"29799",329.662505740894,-1.15346868597042,0.258599460246363,-4.460445063851,8.17896230137779e-06,8.82734865926338e-05,"29799","Down",4.05416971947545
"91057",56.3434588753697,1.58867858348264,0.356146268330795,4.46074752075473,8.16742664080028e-06,8.82734865926338e-05,"91057","Up",4.05416971947545
"8444",23.1534367949324,2.14736825077774,0.481485182817036,4.459884389825,8.20038753045234e-06,8.84357986016242e-05,"8444","Up",4.05337189801861
"8348",34.2789003564581,2.24190071964297,0.503070803598863,4.45643178575438,8.33351013760713e-06,8.95278933131922e-05,"8348","Up",4.04804163479917
"9197",507.631174794585,1.14392000264533,0.256680929057462,4.45658353678952,8.32761590158351e-06,8.95278933131922e-05,"9197","Up",4.04804163479917
"5902",889.266230242369,1.0869743772991,0.244019785324213,4.45445182182629,8.41078124222742e-06,9.00139360363897e-05,"5902","Up",4.04569024750329
"115350",823.157758915443,-1.5361670515815,0.34574863329959,-4.4430169887336,8.87061586388075e-06,9.47187645283072e-05,"115350","Down",4.02356397533862
"23412",445.532884390118,1.02577957259221,0.230910264529277,4.44232990111251,8.89899778753595e-06,9.49496711544838e-05,"23412","Up",4.02250653504535
"7443",345.846942422791,1.40810041112204,0.317002604142321,4.44192064267669,8.9159444756016e-06,9.50583093863078e-05,"7443","Up",4.02200991390752
"5985",262.483442400848,1.04135911373175,0.234496149994989,4.44083672057731,8.96097694904547e-06,9.53936727939295e-05,"5985","Up",4.02048042992703
"6184",5064.12283445375,1.11627552297324,0.251741429332237,4.43421460636912,9.24085417739012e-06,9.80018738873101e-05,"6184","Up",4.00876562011222
"7468",1151.88630165386,1.03219736018163,0.23297709072822,4.43046720583244,9.40291465283386e-06,9.95774650680209e-05,"7468","Up",4.00183893370409
"7476",23.4228701837964,-1.66597003515889,0.376032870982915,-4.43038405340523,9.4065412823095e-06,9.95774650680209e-05,"7476","Down",4.00183893370409
"79624",350.516423736592,1.0564119848126,0.238452149992474,4.43028919993358,9.41067987548618e-06,9.95774650680209e-05,"79624","Up",4.00183893370409
"130612",16.7961839554719,2.41099603758069,0.544282495587266,4.42967770804258,9.43740192928446e-06,9.97850804441725e-05,"130612","Up",4.00093438822305
"401541",78.5945862785175,1.6987639285599,0.383558492661243,4.4289566286836,9.4690060729257e-06,0.000100043964914851,"401541","Up",3.99980910476122
"51310",57.2043864101286,-1.52877742331314,0.345383376260261,-4.42632022382323,9.58541971986203e-06,0.000101197834638243,"51310","Down",3.99482878013183
"3902",746.481809822842,1.60825326492054,0.363463799317911,4.42479627390305,9.65333382131397e-06,0.000101838323466294,"3902","Up",3.99208875895505
"8208",164.240365190343,1.35995285898618,0.307512201962634,4.42243543607881,9.75945179850054e-06,0.00010280346077401,"8208","Up",3.98799226501237
"285704",101.645618289605,-1.145602076874,0.259119506027756,-4.42113407221181,9.81842264245082e-06,0.000103269816595598,"285704","Down",3.98602659427366
"7358",198.736816804398,1.15071734637087,0.260312645266114,4.42052035234211,9.84635110083447e-06,0.00010348610745619,"7358","Up",3.98511794837209
"55210",362.342743764479,1.08946298220332,0.24648958321314,4.41991490269696,9.87397755144547e-06,0.000103698903253297,"55210","Up",3.98422583679861
"55345",95.3593656804956,1.19510775882538,0.270530508442406,4.41764504013346,9.97821112176651e-06,0.000104637181106763,"55345","Up",3.98031396862099
"66005",500.359337820786,1.07511159393717,0.243426894474502,4.41656866328621,1.00280056079862e-05,0.000105002633981686,"66005","Up",3.97879980655517
"158038",39.8957463368493,-1.97210354776264,0.446603426011322,-4.41578239866131,1.00645290627843e-05,0.000105306598950294,"158038","Down",3.97754441325988
"53981",982.398890232143,1.08669281392939,0.246117361040508,4.41534400228897,1.00849485223529e-05,0.000105441738568529,"53981","Up",3.97698744185767
"10391",55.2825368547124,-1.77539915869484,0.402219493582531,-4.41400575313127,1.01475260110503e-05,0.000106017126771211,"10391","Down",3.97462397000506
"79633",27.8806785946178,-2.05802703414704,0.46629386968324,-4.41358372466937,1.01673371592959e-05,0.000106145187044893,"79633","Down",3.97409969332307
"79698",23.0869726888019,-2.25297008922646,0.510518308427935,-4.41310341281225,1.01899292295577e-05,0.000106302067953783,"79698","Down",3.97345828682025
"54797",204.445689173901,1.10148661267201,0.249689872809501,4.41141885442979,1.02695440829007e-05,0.000107053140543709,"54797","Up",3.97040058758676
"27106",1096.00212841051,-1.04140389925119,0.236152734256865,-4.40987440830747,1.03430587203378e-05,0.000107739556069819,"27106","Down",3.96762481825382
"6396",1499.85956259772,1.13862008028997,0.258253263182435,4.40892814386483,1.03883482954175e-05,0.000108051125275505,"6396","Up",3.96637070588951
"166379",32.998470741882,1.13684281713544,0.258177377292567,4.4033401727804,1.06596822370237e-05,0.00011062766232988,"166379","Up",3.95613626457649
"85414",140.526248128248,-1.64570343624921,0.373990677432824,-4.40038625440018,1.08058359014465e-05,0.000111731866142109,"85414","Down",3.95182294760065
"3359",6.51552819443619,-2.42559964312403,0.551450896519065,-4.39857774905289,1.08962591577383e-05,0.000112501273831402,"3359","Down",3.94884256008758
"8111",156.674198194439,-1.11780777328571,0.254245050314013,-4.39657634201778,1.09971693343957e-05,0.0001131275428162,"8111","Down",3.94643164585408
"64146",74.5761305076247,1.2022817157122,0.273514237812208,4.39568237956841,1.10425302856089e-05,0.000113428096179369,"64146","Up",3.94527935722163
"10799",49.0122685657286,1.21417003733115,0.276329862542928,4.39391539574383,1.11327156354736e-05,0.000114270942373758,"10799","Up",3.94206419104911
"60559",3141.14599254858,1.23573831311076,0.281258150136885,4.39360890523293,1.11484300415452e-05,0.000114296016762304,"60559","Up",3.94196890458543
"932",129.963124560703,-1.88072506083627,0.428079612054918,-4.39340021779639,1.11591419965417e-05,0.000114296016762304,"932","Down",3.94196890458543
"140578",9.52553091734032,2.27518590122971,0.518107024128129,4.391343477843,1.12652417144809e-05,0.000115043006229568,"140578","Up",3.93913977810989
"54587",33.2610545890376,-1.71249457722935,0.389945168799371,-4.39162916802399,1.12504466171177e-05,0.000115043006229568,"54587","Down",3.93913977810989
"55690",4951.2332278302,-1.13999706550406,0.259817440592725,-4.38768491793071,1.14563579011237e-05,0.000116655609584486,"55690","Down",3.93309437257522
"80045",23.8585262531592,-1.26714035706537,0.289048582883114,-4.38383175736856,1.16609843516451e-05,0.000118310579140301,"80045","Down",3.9269764197268
"2775",101.931402332938,-1.60398117244972,0.365930728133669,-4.38329183403207,1.1689934759705e-05,0.000118433282799838,"2775","Down",3.92652623253647
"253714",160.653077046281,1.14154111889892,0.260543032284473,4.38139185258476,1.1792357222249e-05,0.000119175960079463,"253714","Up",3.92381134071803
"388962",122.951449112912,1.28687774883651,0.29372032298193,4.3813030564987,1.17971648498813e-05,0.000119175960079463,"388962","Up",3.92381134071803
"8365",23.5298745848883,2.07583563937775,0.473770590064189,4.38152068303038,1.17853853654339e-05,0.000119175960079463,"8365","Up",3.92381134071803
"8277",146.622316074692,-1.77594543659885,0.405478401747786,-4.37987677998078,1.18746436185354e-05,0.000119872479976767,"8277","Down",3.92128050969563
"23424",564.17657638988,1.21768086941128,0.278050999423543,4.37934361658754,1.1903730850923e-05,0.000120079846315269,"23424","Up",3.92052987659818
"286151",10.9360744392756,2.59173140942637,0.591867551502282,4.37890437285846,1.19277452843507e-05,0.000120149589057847,"286151","Up",3.92027771025513
"199857",115.168575653976,1.70065976475436,0.388437917030721,4.37820225624332,1.19662276170127e-05,0.00012036466032517,"199857","Up",3.91950100542579
"79856",203.234053034103,-1.65529276188164,0.378277018677361,-4.37587450506335,1.2094658830159e-05,0.00012139581848671,"79856","Down",3.91579627239934
"79148",22.7078733816379,-1.59907501446947,0.365444782592671,-4.37569529143291,1.21046011042186e-05,0.000121408889876146,"79148","Down",3.91574951191973
"5281",115.04927075533,1.08662701632539,0.24842875660958,4.37399853042412,1.21991200008622e-05,0.000122182490557459,"5281","Up",3.91299102649213
"79876",586.467859744383,1.24487046172493,0.284963484798223,4.36852624330586,1.25087787931563e-05,0.000124485382153989,"79876","Up",3.90488164312714
"8987",67.1565596382437,1.17931435977214,0.270096835196702,4.36626500607934,1.26389125595348e-05,0.000125425140739112,"8987","Up",3.90161540297962
"26519",321.481463762905,1.75019059240529,0.400919909222217,4.36543696670155,1.26868884083978e-05,0.000125723664255857,"26519","Up",3.90058296982031
"4594",258.410451800523,1.26205070391947,0.289372967376244,4.3613289636642,1.29274830351428e-05,0.000127927458880159,"4594","Up",3.89303622674731
"81542",923.336141857957,1.05094242864403,0.241225341697732,4.35668334532164,1.32048087131418e-05,0.000130333803050462,"81542","Up",3.88494293214331
"9743",209.352358449647,-1.16063999894627,0.266398727340987,-4.35677756621059,1.31991281196856e-05,0.000130333803050462,"9743","Down",3.88494293214331
"6748",2365.41990054784,1.46744793586617,0.336928303359329,4.35537151742684,1.32841417388148e-05,0.000130995620851807,"6748","Up",3.88274322244869
"6632",382.577630632403,1.02294755150863,0.234964447814654,4.35362694664154,1.33903496138891e-05,0.000131857878608528,"6632","Up",3.87989391566968
"9037",14.8043198649975,-1.80903983521631,0.415717879783841,-4.351604593377,1.35144824260888e-05,0.000132801053882098,"9037","Down",3.87679847848183
"2653",87.3660583926326,1.75653123021236,0.403819833819188,4.34978939394754,1.36268342060559e-05,0.000133624755243194,"2653","Up",3.87411307726775
"6782",925.055723441296,1.71651190364954,0.394637936912708,4.34958665423296,1.36394379507247e-05,0.000133655078161495,"6782","Up",3.87401453578049
"51090",7.49792106881396,-1.77033980255028,0.407117945212371,-4.34846909444582,1.37091132562617e-05,0.000134150737797347,"51090","Down",3.87240693446848
"259236",10.9895904513176,-1.89898629660073,0.436812834463857,-4.3473683618558,1.37780712425626e-05,0.000134638009110215,"259236","Down",3.87083231888933
"285016",3.97107261872585,-2.83081786322917,0.651135101710684,-4.34751229935531,1.37690351720518e-05,0.000134638009110215,"285016","Down",3.87083231888933
"9111",1631.65854608218,1.21997564027061,0.280711332629055,4.34601492160897,1.38633142542828e-05,0.000135376853301725,"9111","Up",3.8684555848582
"94081",571.860333624028,1.14380311537316,0.263343052229178,4.34339583175237,1.40297016509098e-05,0.000136716621080849,"94081","Up",3.86417868364071
"9771",29.0921669229074,3.06897108130174,0.706562651659143,4.3435229333099,1.40215832705839e-05,0.000136716621080849,"9771","Up",3.86417868364071
"641",280.13457381238,1.3991439093292,0.322280143046669,4.34139036957854,1.41583918324443e-05,0.000137734890317668,"641","Up",3.86095603248764
"8819",168.517976083722,1.3181748180396,0.303635296845806,4.34130956358806,1.41636006624701e-05,0.000137734890317668,"8819","Up",3.86095603248764
"84904",62.9787432051449,1.24097427981555,0.285964412964763,4.3396108870668,1.42735229124255e-05,0.000138707845065977,"84904","Up",3.85789897531811
"131096",22.0471497710179,-1.97030384733711,0.454144403235563,-4.33849637538112,1.43460850510748e-05,0.000139316646259643,"131096","Down",3.85599698876779
"102723475",23.33871727495,2.30326535303536,0.531363968748447,4.33462840632641,1.46006543765037e-05,0.000141690880731098,"102723475","Up",3.84865810018026
"79763",388.305537224778,1.49729728070965,0.345501519098006,4.33369232244945,1.46629067478268e-05,0.000142196801670436,"79763","Up",3.84711017176731
"1653",773.080445177457,1.10475618106833,0.25504448948038,4.33162144894457,1.4801526562238e-05,0.000143442104312116,"1653","Up",3.8433233522493
"51602",766.119767070827,1.09080130966892,0.252159039136122,4.32584655067662,1.51947175519964e-05,0.000147049704573453,"51602","Up",3.83253584366455
"4856",23.5065802668556,-2.88829181000545,0.667727416222823,-4.3255552188404,1.52148147994863e-05,0.000147142861364337,"4856","Down",3.83226080284932
"151449",34.9641225260698,-1.48757232800378,0.343942957540494,-4.32505534825101,1.52493569542884e-05,0.000147375491005269,"151449","Down",3.83157473497218
"51560",61.1514048368003,-1.07504671746753,0.24882521059635,-4.32048953114923,1.55683442497581e-05,0.000150148506106796,"51560","Down",3.82347898442939
"5034",10317.7224039495,1.18949371861193,0.275450596262792,4.31835594023222,1.5719577387766e-05,0.000151503087416247,"5034","Up",3.81957851677107
"64080",32.2089292915359,1.07133536524276,0.248126873973736,4.31769178438997,1.576693918968e-05,0.000151751390063962,"64080","Up",3.81886732203628
"81563",418.655961056873,-1.37631602243779,0.318940237241656,-4.31527873165461,1.59401645890295e-05,0.000153313615882986,"81563","Down",3.81441927345445
"57091",262.317299067636,-1.68395041790582,0.390566807796509,-4.31155537104214,1.62110166297285e-05,0.000155705540451774,"57091","Down",3.80769593370791
"6490",6.7198270291234,2.34756280553651,0.54479520923376,4.30907387904218,1.63939601777218e-05,0.000157033352704394,"6490","Up",3.80400809690844
"8332",5.27693779432223,2.68796085868239,0.623818816022326,4.30888070324924,1.64082839696288e-05,0.000157063492058055,"8332","Up",3.8039247509262
"440",402.435467614718,1.36060467445369,0.315875246235368,4.30741151979938,1.65176134518684e-05,0.000157894900833779,"440","Up",3.8016318951691
"1798",636.084392490776,1.07499856193363,0.249593605718999,4.30699560125709,1.65486899618031e-05,0.000158084426474002,"1798","Up",3.80111091203834
"8313",126.842316992788,-1.37969708323763,0.320505544696473,-4.30475261994059,1.67172434066961e-05,0.000159586076325336,"8313","Down",3.7970050029531
"8624",193.844168490961,1.0922767762687,0.2540593804421,4.29929717362917,1.71340599756322e-05,0.000163343155208672,"8624","Up",3.78689905964209
"102724843",34.5352783279594,1.49686527648245,0.348590401513106,4.29405190155866,1.7544143269281e-05,0.000166246091336487,"102724843","Up",3.77924855673734
"22809",726.677699899901,1.05514043252994,0.245863967143494,4.29156189411898,1.77420733567843e-05,0.000167660803503385,"22809","Up",3.77556845684455
"112268102",10.1734006626588,-1.57007474026732,0.366082301595041,-4.28885726905238,1.79594732924294e-05,0.000169487252320496,"112268102","Down",3.77086296091258
"348235",462.185957245999,1.12560399998716,0.262484900208549,4.28826191180082,1.80076682379591e-05,0.000169801493767943,"348235","Up",3.7700584935248
"4064",1112.78449691806,1.62258770048095,0.378397379870919,4.2880521557376,1.80246775989138e-05,0.000169801493767943,"4064","Up",3.7700584935248
"2837",11.9544516536064,3.50367795638521,0.817434830431859,4.28618628170539,1.81766586306623e-05,0.00017096278920888,"2837","Up",3.76709840539626
"6764",17.9690342577854,-1.93076384212678,0.450572903900503,-4.28513083102116,1.82631680450704e-05,0.000171546816423349,"6764","Down",3.76561733719744
"389337",6.83220420040509,2.62437306062716,0.6128469697978,4.28226488823634,1.85000563712629e-05,0.000173363121979277,"389337","Up",3.76104328070206
"4495",4.23079383452592,3.84063481833972,0.896826886632601,4.28247064799819,1.84829519601538e-05,0.000173363121979277,"4495","Up",3.76104328070206
"81621",6.90270159921717,1.60669388382351,0.375203359411688,4.28219482454202,1.85058840712294e-05,0.000173363121979277,"81621","Up",3.76104328070206
"26056",329.181259008996,-1.2571778145441,0.293647436951737,-4.28124906382453,1.85847210976071e-05,0.000173985676791189,"26056","Down",3.75948650313459
"9254",322.96937128819,-1.40957532135049,0.329267121591491,-4.28094768325911,1.86099108220975e-05,0.00017410550390953,"9254","Down",3.75918749953313
"112479",80.7718207228155,1.08201305542652,0.252987333856759,4.27694556455206,1.89475110877601e-05,0.000176910581930368,"112479","Up",3.75224618893019
"9097",649.362201041197,1.16264234096811,0.271893553792167,4.27609380491904,1.90201106221281e-05,0.000177470514251091,"9097","Up",3.75087379225265
"26047",97.5776543828305,-2.28678263149533,0.535183175806034,-4.27289708435102,1.92949526168847e-05,0.00017955806236587,"26047","Down",3.74579508977267
"4236",224.910371976805,1.24889238156931,0.292370651319757,4.2716065238827,1.9406978423311e-05,0.000180481046197463,"4236","Up",3.74356840020746
"55759",195.003874184072,1.12930625699996,0.264423090847104,4.2708307106695,1.94746199373162e-05,0.000180678157426103,"55759","Up",3.74309434706657
"10282",194.806027911135,1.23655668446449,0.289601565164509,4.26985497734467,1.95600108702746e-05,0.000181103617466444,"10282","Up",3.74207287475483
"1674",8.8543456348282,-2.06176872058752,0.482987266433955,-4.26878483942278,1.96540735463087e-05,0.000181696737811006,"1674","Down",3.74065286995887
"360",2536.72427949339,1.7255656802491,0.404549797694459,4.26539746177887,1.99546644012984e-05,0.000184112241738047,"360","Up",3.73491733402434
"7852",7515.9306251947,-1.58417969176481,0.371691741283781,-4.26207934105083,2.02533504702998e-05,0.000186378572893682,"7852","Down",3.72960401799562
"10651",143.981643429648,1.16354725205018,0.273054560531178,4.26122621715861,2.0330831026863e-05,0.000186969134548088,"10651","Up",3.72823008224334
"4172",1172.85361542126,1.23040420785179,0.288865114287309,4.25944202673089,2.04937841930132e-05,0.000188344444395174,"4172","Up",3.72504718567629
"1031",236.195288087787,1.16594910086931,0.27399871598298,4.25530863050371,2.08760852677768e-05,0.000191491446937737,"1031","Up",3.7178506192447
"348801",19.7511102587872,1.73680308914759,0.408150769677937,4.25529784132973,2.08770919946351e-05,0.000191491446937737,"348801","Up",3.7178506192447
"494470",72.047527249072,-1.30725331172216,0.307275395812683,-4.25433773590864,2.09668637563335e-05,0.000192064126143415,"494470","Down",3.71655374535628
"10038",238.025637522513,1.26647119615216,0.29774708609211,4.25351331821386,2.10442416035692e-05,0.0001926473504973,"10038","Up",3.71523695951532
"79675",304.872348731974,1.0407114830385,0.244701845225516,4.25297766790189,2.10946620645056e-05,0.000192983197480751,"79675","Up",3.71448050217906
"162517",16.6733141922184,2.60575398613879,0.61303240222807,4.25059748337635,2.13201017062032e-05,0.000194791982558886,"162517","Up",3.71042892221146
"3486",64.4287306016812,-1.7097656654604,0.402447905813874,-4.24841486503135,2.15288431678782e-05,0.000196316225953942,"3486","Down",3.70704380355316
"5721",3530.25558559977,1.10638447805974,0.260414460424457,4.24855238935817,2.15156333781828e-05,0.000196316225953942,"5721","Up",3.70704380355316
"638",30.0736805239201,1.48304410826618,0.349116607857686,4.24799071395288,2.15696333040919e-05,0.000196560627230285,"638","Up",3.70650347068031
"2175",375.721914026991,1.09961420807843,0.258972401719434,4.24606715147094,2.17555452923757e-05,0.000198126326927066,"2175","Up",3.70305781179377
"1347",1137.06159294271,1.01973371066412,0.240235512585244,4.24472510200704,2.18861563972115e-05,0.000199057779736968,"1347","Up",3.70102084430038
"3679",58.8376937550317,1.9346458016106,0.455816633940852,4.24435103406437,2.19226942858057e-05,0.000199171849827814,"3679","Up",3.70077204306269
"64064",26.9465985279985,2.71603727220035,0.639924863810118,4.24430652065782,2.19270460919177e-05,0.000199171849827814,"64064","Up",3.70077204306269
"10156",1189.90610361608,-1.09856053848418,0.258929446629077,-4.24270222172873,2.2084438674758e-05,0.000200471920063113,"10156","Down",3.69794645005463
"11009",39.9317131374599,-1.05782286053639,0.249376591043159,-4.24186911895556,2.21665953070533e-05,0.000200958062744976,"11009","Down",3.69689456456323
"2335",56.8860348746065,2.22382345408341,0.52424847036002,4.24192645246296,2.21609320411498e-05,0.000200958062744976,"2335","Up",3.69689456456323
"51661",29.8199541109589,1.41596526251594,0.333843988920697,4.24139810662368,2.22131729428244e-05,0.000201250487551623,"51661","Up",3.69626305883228
"780",99.6355359606729,-1.08603692947542,0.256246830703941,-4.2382453140667,2.25273544146374e-05,0.000203834117343519,"780","Down",3.69072312291085
"91433",97.2179732496376,1.03100029427284,0.243380325608052,4.23616942617293,2.27365245704859e-05,0.000205330104925751,"91433","Up",3.68754737091865
"124454",196.453490583847,1.20036892586611,0.283389008455755,4.23576387950671,2.27776034147373e-05,0.000205568968005067,"124454","Up",3.68704244435251
"54739",6604.44653545023,1.81000101172241,0.427481448330486,4.23410423725123,2.29464499082679e-05,0.000206959893524378,"54739","Up",3.68411380772496
"1789",30.3366253228709,1.31236281729891,0.310187935938604,4.23086350321072,2.32795911704486e-05,0.000209159088955974,"1789","Up",3.67952325851505
"2805",249.938288696306,1.20016539349281,0.283699376269882,4.23041252072088,2.33263144993878e-05,0.000209444965715909,"2805","Up",3.67893007401404
"9638",67.3641810273095,-1.33297993098464,0.315157142979896,-4.2295723282073,2.3413599402443e-05,0.000209960369370217,"9638","Down",3.67786267187596
"254050",9.06400278257193,-1.65604410776415,0.391574398339463,-4.22919403001545,2.34530009755127e-05,0.000210179572517797,"254050","Down",3.67740949560512
"55638",8.42029201371413,-1.8441898066565,0.436536834463169,-4.22459151453828,2.39374565991213e-05,0.000214111483215056,"55638","Down",3.66936004002365
"150275",782.272977563278,1.1112635303435,0.263084876073115,4.22397344511232,2.40032344882688e-05,0.000214426860158394,"150275","Up",3.66872081371844
"23138",74.0226970812544,-1.31490316815347,0.311337950298404,-4.22339508207461,2.40649423626345e-05,0.000214705123860152,"23138","Down",3.66815759115929
"79924",67.7128651881095,1.33489760963211,0.316504369575643,4.21762774214426,2.46885960171378e-05,0.000219572247615709,"79924","Up",3.65842255251436
"23155",342.537541213406,1.15745661740926,0.274650741349723,4.21428542927334,2.50570239377817e-05,0.000222320237314818,"23155","Up",3.65302100264459
"10247",71.9733021592409,1.06797198108133,0.253458985083032,4.2135889589058,2.5134452534164e-05,0.000222832382971655,"10247","Up",3.65202169534775
"130271",10.1067906375991,-2.03085994764187,0.482134232792091,-4.21222931190956,2.52862646852259e-05,0.000223754780451382,"130271","Down",3.65022767734623
"6723",1552.99770313139,1.52444533301321,0.36190249524038,4.21230953934334,2.52772826850227e-05,0.000223754780451382,"6723","Up",3.65022767734623
"3437",6677.3547977922,2.85190019254216,0.677108678670025,4.21187954368544,2.53254590695157e-05,0.000223877163896465,"3437","Up",3.64999020342654
"55706",462.216135496461,1.29027888176366,0.306374361695823,4.21144535274359,2.53741941039571e-05,0.000223968703234174,"55706","Up",3.64981266453329
"8703",1317.20160295379,1.14788064528973,0.27286872894115,4.20671379144107,2.59110955816157e-05,0.000228420774851232,"8703","Up",3.64126439958142
"81611",1572.55054140405,1.06884781070793,0.254138252799792,4.20577303468736,2.60191254043498e-05,0.000228942235555369,"81611","Up",3.64027408073484
"9069",20.6522529410358,1.37974906034736,0.32805654041884,4.20582701562906,2.60129150493794e-05,0.000228942235555369,"9069","Up",3.64027408073484
"64946",113.390802231028,1.35365231065975,0.321944729106753,4.2046108796858,2.6153170528061e-05,0.000229833866329152,"64946","Up",3.63858597705678
"65986",399.378787208071,-1.92641918913133,0.458283452589887,-4.20355388841688,2.6275655957823e-05,0.000230621809818444,"65986","Down",3.63709962403217
"705",113.725524498154,1.23075444107558,0.293155241311342,4.19830269986023,2.68923009674786e-05,0.000235299261018063,"705","Up",3.62837943676908
"80270",61.9640009815441,1.73531162509142,0.413865670859828,4.19293444050631,2.75369043789473e-05,0.000240490105862627,"80270","Up",3.61890278647375
"55061",32.3097281576569,-1.54678607338948,0.368924826896288,-4.19268631607793,2.75670507599352e-05,0.000240603849241372,"55061","Down",3.61869742898738
"54757",87.9233431559608,1.87905331874192,0.448208652970166,4.19236287896252,2.76063945226731e-05,0.000240797675873744,"54757","Up",3.61834770910889
"9265",205.986483612016,-1.03111327016222,0.24600713664871,-4.19139576277665,2.77243558800386e-05,0.000241526750667268,"9265","Down",3.61703476129428
"81831",211.117878031965,1.06530695582989,0.254252010805781,4.18996472222068,2.78997827064164e-05,0.000242754022656696,"81831","Up",3.61483356470263
"51513",262.324652279972,2.46278223488613,0.5879826379398,4.18852883737407,2.80768637698209e-05,0.000244143619859854,"51513","Up",3.61235462053351
"81502",3859.31312345701,1.14623708700998,0.273712045949125,4.18774805118746,2.81736025033546e-05,0.000244833310066258,"81502","Up",3.61112949586539
"55601",1517.28214235463,1.94109305899476,0.463696747764325,4.18612610149539,2.83755744714329e-05,0.000245992832092797,"55601","Up",3.60907754748158
"117157",636.614459749014,-1.71770123548844,0.410481112117446,-4.18460480831327,2.85662626561784e-05,0.000247327863736673,"117157","Down",3.60672695365322
"348094",29.5000414344222,1.09618533550741,0.262497016994677,4.17599159052401,2.96690779954974e-05,0.000255772934964865,"348094","Up",3.59214541301329
"24138",715.269150135242,1.63027007171719,0.390474896799841,4.17509572338238,2.97860780245285e-05,0.000256624137584718,"24138","Up",3.59070249711605
"59352",203.013199601246,-1.67642137576934,0.401565264303111,-4.17471710029165,2.98356578237676e-05,0.000256736475039548,"59352","Down",3.59051242590169
"9580",153.151210820381,-1.24142122769053,0.29740074022044,-4.17423718169079,2.98986147569048e-05,0.000256963507378609,"9580","Down",3.59012854853412
"421",56.3428689003951,-1.58837862781258,0.38078128560566,-4.17136736456505,3.02777275396173e-05,0.000259903865233172,"421","Down",3.58518726171886
"3090",89.2355214802066,-1.77289191200604,0.425143947002909,-4.17009797388438,3.0446871774766e-05,0.000261196240646527,"3090","Down",3.58303307807927
"79135",90.9112762296594,1.17509711954434,0.28199987313585,4.16701293684004,3.08616989850152e-05,0.000264432069595996,"79135","Up",3.57768587594892
"9564",7.18678636764095,3.62063501119765,0.868987162059554,4.16650000054836,3.0931189204839e-05,0.000264865978492625,"9564","Up",3.57697382238156
"1850",307.51620473176,-2.27615637360445,0.54639749283158,-4.16575186282205,3.10328100573737e-05,0.000265574328213286,"1850","Down",3.57581390842359
"26012",873.873333298663,-1.09561877811809,0.263112676444523,-4.16406686642138,3.12628492182382e-05,0.000267055049978531,"26012","Down",3.57339920516134
"84955",198.008172153839,1.08298363423913,0.260103202060236,4.16366898085446,3.13174053676085e-05,0.000267358554207554,"84955","Up",3.57290591597469
"3748",69.8234140891846,-1.52521952237747,0.366378186811284,-4.1629648742246,3.14141708314121e-05,0.000268021814525199,"3748","Down",3.57182985693254
"10076",14.8071691018156,1.86295979943883,0.447600460402534,4.16210429668336,3.15328259433379e-05,0.000268870916356665,"10076","Up",3.57045617267044
"4061",12771.9008729435,1.54678291333792,0.371690375146373,4.16148228946954,3.16188523387643e-05,0.000269440941821902,"4061","Up",3.56953641211579
"11126",264.44451552682,-1.59313293700109,0.382856982749004,-4.16116985920439,3.16621469396764e-05,0.000269646356846262,"11126","Down",3.56920544302742
"79796",230.667673378825,1.13697226343342,0.27327649210567,4.16051982617582,3.17524049622329e-05,0.000270087648020156,"79796","Up",3.56849527704672
"25780",393.370435073941,1.10982532979375,0.266785411764768,4.15999256650626,3.18257952394928e-05,0.000270524284958104,"25780","Up",3.56779374220292
"6772",9367.81848104647,1.47998743534596,0.355834991758982,4.15919589029175,3.19369919306853e-05,0.000271165323631414,"6772","Up",3.5667658484274
"7371",234.04676411144,1.10650685086853,0.266077111574286,4.15859464319087,3.20211557602664e-05,0.000271715749241101,"7371","Up",3.56588518819133
"23242",6.18786563099408,2.66225954820401,0.640781587997782,4.1547066864431,3.25705085531038e-05,0.000276043899992891,"23242","Up",3.55902184543997
"79598",251.067934274094,1.16518621016271,0.280768634282252,4.14998709931169,3.32494013584466e-05,0.000281288734430399,"79598","Up",3.55084766091224
"27077",62.5500832145979,2.12071808074062,0.511156394394325,4.14886344766064,3.34130037091741e-05,0.000281993710583372,"27077","Up",3.54976057781325
"115557",11.4951334933142,-1.54435749675018,0.372282974875987,-4.14834306420977,3.34890297228568e-05,0.000282465693676821,"115557","Down",3.54903429103598
"2321",49.1347036739468,1.46698621801978,0.35376745270582,4.14675292144434,3.37223629374994e-05,0.000283922494905777,"2321","Up",3.54680019737753
"3757",42.4165057722589,-1.44606410959221,0.348865412753132,-4.14504865409371,3.39741565629785e-05,0.000285700088583467,"3757","Down",3.54408962496096
"89839",27.3928083094329,1.09738953193218,0.264837289334711,4.14363677671261,3.41841030285142e-05,0.000287293669710934,"89839","Up",3.54167394323847
"79915",146.820747819917,1.27982569919008,0.308920421535188,4.14289768487935,3.42944969199986e-05,0.000288049175564746,"79915","Up",3.54053336344455
"3489",5.04335755849556,-1.86710094784265,0.451159813171689,-4.13844693904978,3.49664715708954e-05,0.000292690417912335,"3489","Down",3.53359149524956
"3376",1336.00413480933,1.17139649618986,0.283109301335049,4.13761218958875,3.50938868530444e-05,0.000293413622044393,"3376","Up",3.53251972743417
"79807",85.3082278183606,1.23052403255637,0.297749336552989,4.13275155136199,3.58446124899596e-05,0.00029839365800291,"79807","Up",3.52521041150637
"2199",57.2001135750475,-1.14923785199982,0.278145756352028,-4.13178280004142,3.59960474904302e-05,0.000299299680080192,"2199","Down",3.52389374737458
"5827",72.3233101669066,1.15057697370856,0.278582258413824,4.13011575202114,3.62580632137691e-05,0.000300457696150124,"5827","Up",3.52221666716173
"8787",134.057527809462,-1.33241757538332,0.322612972967104,-4.13008058271475,3.62636103523064e-05,0.000300457696150124,"8787","Down",3.52221666716173
"90488",492.163127740684,1.26873454133714,0.307385844136194,4.12749827469283,3.6673118242824e-05,0.000303492731182664,"90488","Up",3.51785170605516
"152926",728.955861202376,1.05691939357725,0.256105434187672,4.12689171133616,3.67699431341139e-05,0.000304114915197509,"152926","Up",3.5169622795299
"1138",10.0534415407526,2.2176721891895,0.537594074306375,4.125179750262,3.70445320908313e-05,0.000305845925346864,"1138","Up",3.5144973010454
"374875",16.4750227333287,-1.20991994464994,0.293424455166161,-4.12344616594681,3.732457242561e-05,0.000307615772272534,"374875","Down",3.51199140087541
"8803",255.15551430537,1.20231772017546,0.291647372252231,4.12250489654897,3.74774641961236e-05,0.000308694798876864,"8803","Up",3.51047068777773
"1116",330.942729980077,-3.00241486763457,0.72884183555976,-4.11943266858258,3.79806385095692e-05,0.000312290188611157,"1116","Down",3.50544166001882
"79833",60.6619843160157,1.08828109147904,0.264253877837855,4.11831644774123,3.81650380745662e-05,0.000313622874282926,"79833","Up",3.50359226928937
"10576",1165.60626676164,1.05620851913093,0.256681655684382,4.11485782384719,3.87418135815396e-05,0.000317619582524967,"10576","Up",3.49809272941762
"89927",46.2308193299415,-1.22353774174102,0.297454399511863,-4.11336239688807,3.89937511837627e-05,0.00031949865401413,"89927","Down",3.49553096710016
"3417",577.754215730404,1.08933614574627,0.264877790407173,4.11259903698127,3.91229546918714e-05,0.000320370489120149,"3417","Up",3.49434749571685
"10056",582.012643863909,1.0988601647708,0.267223177442168,4.11214392138055,3.92001791271785e-05,0.000320815909781662,"10056","Up",3.49374410248559
"9034",143.241465569052,1.41127900163393,0.34324239899791,4.11161035394849,3.92908995749547e-05,0.000321371199550212,"9034","Up",3.49299304616902
"255631",21.0145122739869,1.17858465635173,0.286720853529538,4.11056482932208,3.94692442635899e-05,0.000322642129372871,"255631","Up",3.49127892473514
"91179",37.8451722095737,-1.2512112588455,0.304480194328305,-4.10933545810989,3.96799321744794e-05,0.000324175817974293,"91179","Down",3.48921938465105
"54543",1447.87611073853,-1.01769752761467,0.247744513651228,-4.10785091712414,3.99357734659143e-05,0.000325887043404778,"54543","Down",3.48693290584251
"80008",366.291393546416,1.56885438567113,0.382022528587746,4.10670645909507,4.01340736865949e-05,0.000327315149996536,"80008","Up",3.48503389262165
"1305",16.1000972870643,-2.46983060347834,0.601567179330499,-4.1056604953533,4.03161247571864e-05,0.000328609156083517,"1305","Down",3.48332033992363
"3695",4877.26235155097,1.05106551119935,0.256047943487487,4.10495588007221,4.04392052493941e-05,0.000329230424197269,"3695","Up",3.48250003843406
"10184",368.677862865718,1.40553733727625,0.342452253331369,4.10433081868556,4.05486878387264e-05,0.000329739676799643,"10184","Up",3.48182879207919
"50651",10.0438377046763,-1.25354692958368,0.305603644111162,-4.10187166854498,4.09821563289777e-05,0.000331918151755258,"50651","Down",3.47896899648689
"256302",609.683305786186,-1.09291684819221,0.266673496861038,-4.09833320917421,4.1613593771773e-05,0.000336258895733729,"256302","Down",3.47332621757104
"55204",338.243499665432,1.2448917761675,0.303778835450303,4.09802010835333,4.16699089040149e-05,0.000336520436735182,"55204","Up",3.47298855613003
"2766",322.945185251816,1.33882750199956,0.326752053147944,4.09738053395911,4.17851692192029e-05,0.000336870452018497,"2766","Up",3.47253708070215
"166647",30.9755371827893,-1.15325736776533,0.281765422937251,-4.09296980354527,4.25883199934255e-05,0.000342363313814425,"166647","Down",3.4655127786373
"27089",537.326566771211,1.17839884091293,0.288145371299759,4.08959837042476,4.32120775933776e-05,0.000345992087944241,"27089","Up",3.46093383242527
"110599564",67.0482194899594,1.22321722270042,0.299473487844728,4.08455930941921,4.4160546355469e-05,0.000352560637038753,"110599564","Up",3.4527661777745
"5358",16.5963800782817,1.70550245128785,0.417548348697268,4.08456279759923,4.41598830206826e-05,0.000352560637038753,"5358","Up",3.4527661777745
"1359",101.544673061261,-1.67980855135626,0.411639213917705,-4.08077873672183,4.48850674415126e-05,0.000357756646448177,"1359","Down",3.44641228911548
"8331",6.39611424322047,3.58937325721365,0.879797775996885,4.07977077817297,4.50801310818993e-05,0.00035890425040388,"8331","Up",3.44502139840674
"220869",508.603380356767,1.03207710931169,0.253129500509136,4.07726917343023,4.55677299657394e-05,0.000362375631849785,"220869","Up",3.44084101438648
"8202",3807.83675219415,1.11926326885471,0.274623359865623,4.07563023554291,4.58898899472005e-05,0.000364731184127863,"8202","Up",3.43802710338302
"11098",497.765931863494,-1.8041584660905,0.442715544226388,-4.07520921643519,4.59729961456461e-05,0.00036497883719696,"11098","Down",3.4377323167902
"4862",45.6844860855906,-1.43935524710845,0.353525922372232,-4.07142773986721,4.67258576929583e-05,0.000370328117485308,"4862","Down",3.43141331251138
"3560",9172.44398382722,-1.28946486911866,0.317078648410594,-4.06670356260914,4.76828347866373e-05,0.000376638108162916,"3560","Down",3.42407574027376
"51360",184.61481369286,1.04067795708408,0.2564042421287,4.0587392331899,4.93383712062378e-05,0.000388187453633849,"51360","Up",3.41095850528367
"22836",66.5114683802455,-1.03596450673564,0.255346124069155,-4.05709900830556,4.96860226922071e-05,0.000390703968030718,"22836","Down",3.40815217801224
"478",200.845203266386,-1.04373512339524,0.257277802783719,-4.05684094042367,4.97409320585451e-05,0.000390916989533935,"478","Down",3.40791545440659
"4174",1902.74339930956,1.09985206758658,0.271174263892968,4.0558866162192,4.99444846512758e-05,0.000392078155485881,"4174","Up",3.40662735360956
"348738",12.9169275349012,2.30165512279465,0.567520840643587,4.05563101468573,4.9999137093703e-05,0.000392288037096993,"348738","Up",3.40639493556656
"23321",18.3367302424111,-1.32709705979007,0.327880214425479,-4.04750577010403,5.17663062883445e-05,0.000405473877348839,"23321","Down",3.39203711996995
"2189",218.444554134306,1.21611570171602,0.300591283986171,4.04574505816997,5.21569714407727e-05,0.000407500589742781,"2189","Up",3.38987175840413
"9079",11.2471226520893,-1.97256143269993,0.487571520532337,-4.04568632422636,5.21700513056692e-05,0.000407500589742781,"9079","Down",3.38987175840413
"894",1837.39155515349,1.30519952191236,0.32270732309059,4.04453022451545,5.24281447242314e-05,0.000408834788937236,"894","Up",3.38845215592463
"2099",92.1102767272474,1.35609114065751,0.335302569700407,4.04438039908008,5.24616809227539e-05,0.000408869406725756,"2099","Up",3.38841538391191
"222256",27.1121463372795,-1.4619483894449,0.36188721931359,-4.03979005453095,5.34990688952992e-05,0.000416031497574291,"222256","Down",3.38087378787116
"54762",27.2860640885688,-1.64912850233011,0.408367186893772,-4.03834724056588,5.38291301022831e-05,0.000417904384639382,"54762","Down",3.37892307222871
"90139",367.14219938916,-1.15304676179319,0.285614646438164,-4.03707154437833,5.41225673275095e-05,0.000419718717486845,"90139","Down",3.37704166285905
"22837",722.019993070916,1.84294658694314,0.456971971899773,4.03295322310784,5.50802468148996e-05,0.000425735769110544,"22837","Up",3.37085986010067
"84824",451.36733168052,-1.07525667462322,0.266722456676954,-4.03136911687018,5.5452874333365e-05,0.0004283803134318,"84824","Down",3.36817049574025
"58505",1053.46108509269,1.43269881059374,0.355407417581512,4.03114493316717,5.55058013106196e-05,0.000428553582426828,"58505","Up",3.36799487012942
"25999",32.3790588384524,-1.25865975737911,0.312503489403674,-4.02766625032224,5.63332324640652e-05,0.000433988257996187,"25999","Down",3.36252202061755
"8900",29.0193854926349,2.41970545953373,0.600919467148886,4.02667177852338,5.65719142341706e-05,0.000435588240448529,"8900","Up",3.36092385338194
"9379",22.4062188696091,-2.06811430960337,0.513627777758642,-4.02648454612048,5.66169586373881e-05,0.000435696332296045,"9379","Down",3.360816095952
"23220",172.993550086626,-1.12518082572144,0.279596538776443,-4.02430169788727,5.71446216696411e-05,0.0004392758335349,"23220","Down",3.35726268849688
"639",2766.88885773994,1.32645897583636,0.329688936952923,4.02336513956418,5.73724422949896e-05,0.000440226838154979,"639","Up",3.356323484483
"84443",83.2379096631587,-1.35563766361402,0.337557044981334,-4.01602539117199,5.91878816373514e-05,0.000452753463673415,"84443","Down",3.34413821854345
"5558",131.335456381751,1.11044229783904,0.276855235179568,4.01091312981244,6.048436367096e-05,0.000461164556866158,"5558","Up",3.33614407810965
"246778",26.0946036409816,2.18390763944178,0.544525761056192,4.01065990928649,6.05492748894666e-05,0.000461409116457042,"246778","Up",3.33591382900029
"6745",4354.5274187684,1.0039350268778,0.250391980237754,4.00945360120774,6.08594096921216e-05,0.000463521097557557,"6745","Up",3.33393049378636
"8519",14884.7112850786,1.15609588544024,0.288373888426544,4.00901722325918,6.09719699240096e-05,0.000464126826312125,"8519","Up",3.33336332883884
"84752",133.584845851057,1.4857822316515,0.370761041967912,4.00738498242782,6.13947434563816e-05,0.000466839250567681,"84752","Up",3.33083263679905
"54855",3806.94691612209,2.1333031909295,0.532509232453268,4.0061337173468,6.1720716616734e-05,0.000469064094049943,"54855","Up",3.32876781018394
"100287482",11.0638156798504,-1.39276170639098,0.347673154025191,-4.00595125124348,6.17683884237249e-05,0.000469172645475774,"100287482","Down",3.32866731681491
"4940",9058.88895634802,1.9189825643826,0.479506065134922,4.00199852288133,6.2809690919164e-05,0.000475642768280906,"4940","Up",3.32271910192274
"57088",7.09904762802947,2.38373702744108,0.595644284654313,4.00194728440062,6.28232976038544e-05,0.000475642768280906,"57088","Up",3.32271910192274
"79870",7.21129084509454,-1.98207283309857,0.49532450063752,-4.00156428875916,6.29250928026092e-05,0.0004761569219506,"79870","Down",3.32224989789671
"4092",381.937593642459,-1.4448672800298,0.361099147856571,-4.00130348854687,6.2994499407221e-05,0.000476425568175602,"4092","Down",3.32200493942349
"51650",205.762300912271,1.14244526337162,0.285725426043335,3.99840251948159,6.37714348637741e-05,0.000481265414986978,"51650","Up",3.31761534675811
"86",334.683551005777,1.11254650598976,0.278262886250245,3.99818502920737,6.38300469858281e-05,0.000481449178875393,"86","Up",3.31744954965855
"28957",78.2554342781415,1.13389772672306,0.283675360498352,3.99716677800662,6.41051374995114e-05,0.00048300557219471,"28957","Up",3.31604785898046
"378708",32.0919336136727,1.89516255153874,0.474411786569837,3.99476278876084,6.47590575373589e-05,0.00048740989636581,"378708","Up",3.31210565715082
"4330",39.5089298594176,-1.65479759790446,0.415276834453835,-3.98480594295807,6.75352940602475e-05,0.000505866712225266,"4330","Down",3.29596389772628
"55379",2104.35589409564,1.10085043576312,0.276486954028392,3.98156375815866,6.84633503266654e-05,0.000510640657532008,"55379","Up",3.29188460935387
"260429",16.40061130503,-2.54512899122145,0.63974588749409,-3.97834365327587,6.93970210190962e-05,0.000517055641230296,"260429","Down",3.286462719229
"1841",174.861863708851,1.18843820219492,0.298982225707224,3.97494600016355,7.03952265760438e-05,0.000523937353732292,"1841","Up",3.28072063773928
"55771",472.90199910493,1.26850254706773,0.319214890735057,3.97382009387704,7.07289951912125e-05,0.000525864465834348,"55771","Up",3.27912617471507
"1521",4036.31162228301,-1.1943355024978,0.300724256601088,-3.97153031816148,7.14124101036211e-05,0.000530664826428389,"1521","Down",3.27517969736082
"5471",154.161895864527,1.36971577308983,0.345259423519199,3.96720749611536,7.27196776225973e-05,0.000539238474909096,"5471","Up",3.26821912825949
"8140",1630.21950438688,1.62002598519941,0.408609640779324,3.96472775852672,7.34797594629168e-05,0.000544013477330298,"8140","Up",3.26439034100462
"22929",586.293447018625,1.11060738155223,0.280142158100709,3.96444215708859,7.35677821244205e-05,0.000544378343555744,"22929","Up",3.26409916021616
"1820",1410.49038511139,1.04097532578446,0.262591489512656,3.9642386267598,7.36305712318476e-05,0.000544556203657854,"1820","Up",3.26395729005182
"129293",665.570375898768,-1.10797319907883,0.279557732331646,-3.96330729197795,7.39185351614275e-05,0.000546398346180105,"129293","Down",3.26249062383227
"4929",715.757081284916,-2.71525382120928,0.686090662582633,-3.95757291170284,7.57151797919616e-05,0.000558503782906375,"4929","Down",3.25297388093727
"1043",10284.522777593,-1.05388924056553,0.266671431244502,-3.95201404082634,7.74961923658501e-05,0.000569846412938213,"1043","Down",3.24424218117225
"1650",5189.58441399694,1.10223907211687,0.278947339634036,3.95142349650278,7.7687707765115e-05,0.000570657433097436,"1650","Up",3.24362452145903
"2957",764.304979457586,1.05779222290313,0.267978268164911,3.94730598920123,7.90355180420279e-05,0.000579346426461437,"2957","Up",3.23706166751663
"5307",4.84864483134447,3.59977473846753,0.912043145043236,3.94693470153419,7.91581345476945e-05,0.000579942704204486,"5307","Up",3.23661491070769
"51440",99.6469380237679,-1.11729784582366,0.283097472648177,-3.94668958140858,7.92391831758239e-05,0.000580233977064449,"51440","Down",3.23639684357962
"2049",11.2320993045038,-2.29947169273344,0.583053335203135,-3.94384450597869,8.01856611267657e-05,0.000585943271010563,"2049","Down",3.23214442882777
"80010",175.199231384399,1.12061778918087,0.284165353743201,3.94354123196019,8.02871799272796e-05,0.000586380172732917,"80010","Up",3.23182072291376
"116832",45.2296021971749,1.14129952822254,0.289470562737276,3.94271361284633,8.05648380126582e-05,0.00058718729447815,"116832","Up",3.23122335022708
"4225",7.7961868441258,3.23000158397141,0.8195509419918,3.94118463962881,8.1080182495122e-05,0.000590025232740266,"4225","Up",3.22912941512813
"3117",2043.8859083355,-1.2900892527247,0.327608196936636,-3.93790285099068,8.21968586699732e-05,0.000596606538238876,"3117","Down",3.2243119914944
"5064",10.1900817828857,-2.52669561789642,0.642233424213129,-3.93423251209971,8.34629591174305e-05,0.000604858948694241,"5064","Down",3.2183458897207
"4925",871.594156997841,1.0875619190898,0.276474857563189,3.93367385618865,8.36572786787114e-05,0.000605954680408893,"4925","Up",3.21755985567585
"966",951.336347463342,1.18802020821853,0.302307263436504,3.92984341399412,8.50011977632072e-05,0.000615055010797419,"966","Up",3.21108603899316
"11200",124.718088023383,1.01535878921328,0.258557332503932,3.92701602921215,8.6006251363734e-05,0.000621048224133191,"11200","Up",3.20687467573036
"22797",704.019620428602,1.6974085425761,0.432272745288568,3.9267072955131,8.61166747359085e-05,0.00062120714239681,"22797","Up",3.20676355956664
"55723",400.435342619165,1.40171179543814,0.357184851137496,3.92433159181928,8.69708742831874e-05,0.000626404267261583,"55723","Up",3.20314529239033
"25849",592.713911165134,1.98943147841828,0.507112755363055,3.92305548890009,8.74330039529008e-05,0.000629410128865862,"25849","Up",3.20106627242509
"89891",303.389813159228,1.46912487684471,0.374500929476622,3.9228871311424,8.7494146209165e-05,0.0006295277739535,"89891","Up",3.20098510462099
"23308",174.769651296202,-1.46472380179976,0.373544993320228,-3.92114424765988,8.81294850137856e-05,0.000633450395608038,"23308","Down",3.1982873882899
"127396",90.270759883189,1.75795835930288,0.44838670449798,3.92062998672343,8.83177813516263e-05,0.000633956732577217,"127396","Up",3.19794038162013
"9500",1445.62206337649,1.56603934778317,0.399440502198887,3.92058226234509,8.83352748638052e-05,0.000633956732577217,"9500","Up",3.19794038162013
"286826",89.5540026580924,1.05366073746633,0.268886464748796,3.91860831838709,8.90617043855474e-05,0.000637867008168049,"286826","Up",3.19526985989861
"3433",6322.12489261528,2.91111626661948,0.742945215652078,3.91834580166777,8.91587370341312e-05,0.000638236664698733,"3433","Up",3.1950182505672
"650",4.84829354364718,-2.22622629007373,0.568311612798334,-3.91726341665257,8.95598689665539e-05,0.000640455612579143,"650","Down",3.19351096409251
"94",61.2302905990173,1.65088959511608,0.421543578963242,3.91629638666619,8.99196917315549e-05,0.000642374940626238,"94","Up",3.19221140944796
"79070",22.1746593425199,1.76972302087409,0.452545391290623,3.9105978205346,9.20679636637714e-05,0.000656054272516894,"79070","Up",3.18306023184439
"5832",764.076522727169,1.26129388155371,0.322561380436971,3.91024455514498,9.22027224826552e-05,0.000656511405271304,"5832","Up",3.18275772471027
"1844",1227.38492742433,-1.60791420478959,0.411242837245741,-3.90988987323996,9.23382090548292e-05,0.000656648033217844,"1844","Down",3.18266735219079
"283",102.662492521061,1.19627789719536,0.306411800862848,3.90415086438143,9.45567859319275e-05,0.00067106664440174,"283","Up",3.17323434740376
"3619",568.056168942936,1.0431061859077,0.267539468145435,3.89888711799585,9.6635809072283e-05,0.000683306490993442,"3619","Up",3.16538445372595
"712",379.790251786695,1.63521821570193,0.419584416802767,3.89723295293541,9.72980180549929e-05,0.000687396555911896,"712","Up",3.16279264815487
"80830",4087.28639448048,1.29445984266694,0.33255686811898,3.89244657609602,9.92383572115879e-05,0.00069969763950689,"80830","Up",3.155089591217
"8510",93.0733220128117,-1.46411113284027,0.376161596136221,-3.89223979236324,9.9323002521178e-05,0.000699943245450147,"8510","Down",3.15493717311016
"1310",65.7093780953563,-1.61601951256761,0.415331411256556,-3.89091570916453,9.98666232629651e-05,0.000703069033111816,"1310","Down",3.15300203027519
"9510",46.1826896347331,-2.03732205679407,0.523808513941922,-3.88944051608134,0.000100475591736018,0.000706648155692952,"9510","Down",3.15079677018577
"4248",149.93003949236,1.66182340031776,0.427830737072326,3.8843010946098,0.000102624667006937,0.000719960968937332,"4248","Up",3.14269104722791
"388695",31.9465988353451,1.16747880759762,0.300759780851988,3.88176505612021,0.000103701041002081,0.00072678654771134,"388695","Up",3.13859311976357
"79925",52.9158643037379,-1.25011441147765,0.322077678087168,-3.88140655664847,0.000103854056162167,0.000727496110264595,"79925","Down",3.13816932439723
"494514",4.14989327431019,2.98907902440422,0.772797125953153,3.86787026506801,0.000109790046285972,0.000763515565063202,"494514","Up",3.11718210497016
"933",1173.7733473785,-1.27767536339989,0.330334445845857,-3.86782359353491,0.000109811055863417,0.000763515565063202,"933","Down",3.11718210497016
"284346",109.394563109588,-1.07326499540827,0.277985602180529,-3.86086540809864,0.000112986131805463,0.000782880238723063,"284346","Down",3.10630466915504
"51495",449.109205772017,1.00471812060086,0.260669205066677,3.85437980809379,0.000116023363570592,0.000799588182880806,"51495","Up",3.09713363294759
"79899",593.987619502108,-1.10093255324613,0.285763637516293,-3.85259847199195,0.000116870952242959,0.000804194818238096,"79899","Down",3.09463872956418
"80310",153.127542174814,-1.46915548647658,0.381351766369551,-3.85249424819207,0.000116920724000885,0.000804194818238096,"80310","Down",3.09463872956418
"51561",45.9935049611086,-1.45729712814965,0.378381018911,-3.8514012471974,0.00011744388867965,0.000805821056507052,"51561","Down",3.09376138846745
"256126",9.21726734714746,1.99933988309831,0.519478987312726,3.84874062652838,0.000118726636259118,0.000813827654982013,"256126","Up",3.08946755630871
"81788",833.005909071233,-1.09747080724146,0.285407416017533,-3.84527782268291,0.000120415928171981,0.000823799718925356,"81788","Down",3.08417836055779
"7433",378.979712327113,-1.28232412297312,0.333578700798324,-3.84414268628138,0.000120974606740434,0.000827219062733128,"7433","Down",3.08237946609682
"2203",403.64634603201,-1.08833804242035,0.28321276984193,-3.84282828428883,0.000121624567286451,0.000829242319024365,"2203","Down",3.08131854250463
"85365",418.838277556872,1.00797839637415,0.262474448258121,3.84029151433016,0.000122888297693188,0.000835426395348176,"85365","Up",3.07809180729335
"203068",8530.60763862129,1.01795378445607,0.265178989838848,3.83874222114916,0.000123666179431663,0.000839496209359289,"203068","Up",3.07598126052422
"199713",33.9746704098768,2.21626904768739,0.577449583486897,3.83803038579501,0.000124025137704269,0.000840068747190639,"199713","Up",3.07568517190973
"3995",120.676323074877,-1.2882289046521,0.335663640036745,-3.83785656531364,0.000124112939498268,0.000840068747190639,"3995","Down",3.07568517190973
"999",46.0556845719197,1.57292578911615,0.40990391435673,3.83730365586915,0.000124392619971221,0.000841176658246197,"999","Up",3.07511278702652
"8745",25.1768446294599,-1.60591721725648,0.418634432716962,-3.83608487919634,0.000125011218345207,0.000844953169883047,"8745","Down",3.07316736042897
"54464",2073.75550863668,1.11018849548541,0.28951296015463,3.83467632983494,0.000125729749094446,0.000848177836905977,"54464","Up",3.07151307994892
"151636",2925.38223661786,1.2817783937814,0.334558540735553,3.83125294294778,0.000127492352703333,0.000858420000089718,"151636","Up",3.06630017241744
"23037",17.8186561156654,-1.24710734271551,0.325636642522116,-3.82975126219345,0.000128272850794903,0.000862848300320718,"23037","Down",3.06406555205391
"285180",182.663086071745,2.21791947238743,0.57911768745289,3.82982512957326,0.000128234353174282,0.000862848300320718,"285180","Up",3.06406555205391
"55959",2540.35618955137,-1.54837374987855,0.404422806558883,-3.82860146551381,0.000128873498914531,0.000865645509917302,"55959","Down",3.06265991930498
"222171",9.31226444595906,3.68166781625677,0.961659722780553,3.8284517163842,0.000128951921928907,0.000865758436189679,"222171","Up",3.06260326787232
"102723534",19.7001925372227,1.87483037854755,0.489990660091463,3.82625737845206,0.000130106258318539,0.000872112875813419,"102723534","Up",3.05942730156926
"4683",1006.15526113982,1.13390477300771,0.296805662373108,3.82036098618058,0.000133256495627208,0.000891676322168344,"4683","Up",3.04979276558665
"84033",701.503324286351,-1.16020110634392,0.303826794764047,-3.81862668578964,0.000134196663479814,0.000896686407616902,"84033","Down",3.04735941342575
"3119",3536.26788776936,-1.30082222924419,0.34081210459366,-3.81683106823663,0.000135176654240052,0.000902376411107465,"3119","Down",3.04461226604221
"140469",12.51076296299,-1.56795069335865,0.410879036180121,-3.81608832598434,0.000135583987231404,0.000904665806541164,"140469","Down",3.04351182430818
"160622",179.435562166947,-1.93006540742298,0.50581298837467,-3.81576877577791,0.000135759589751667,0.00090515439991433,"160622","Down",3.04327733315789
"8462",1153.86364226581,-1.27229009869411,0.333433762096247,-3.81572067176227,0.000135786042913422,0.00090515439991433,"8462","Down",3.04327733315789
"11001",42.4910332374767,1.50052639062134,0.39335705925513,3.8146675019962,0.000136366416094917,0.000908592166413361,"11001","Up",3.04163101185126
"91687",65.6014293743889,1.10593893431996,0.289981728551393,3.81382282202636,0.000136833584158842,0.000911272760473956,"91687","Up",3.04035161134909
"133121",4.363846204588,3.64680158341151,0.95668946947342,3.81189685867325,0.000137904422912533,0.000916666485698633,"133121","Up",3.03778864662768
"23468",999.929761731311,1.02425751860747,0.268708856421656,3.81177432053155,0.000137972820735495,0.000916687506844053,"23468","Up",3.03777868742995
"2530",302.067254457538,1.02662176031596,0.269476251855775,3.80969288850512,0.000139139518338073,0.000923129608917186,"2530","Up",3.03473731903274
"81796",22.8197048723545,2.0648745533916,0.542286102939647,3.80772168454667,0.00014025299251696,0.000929200872630044,"81796","Up",3.03189039101748
"10376",13027.6732490751,1.02414734103958,0.269001209275467,3.80722207085255,0.000140536539605076,0.000930115171946253,"10376","Up",3.03146327139895
"51339",49.1081873512992,-1.50814785956906,0.396154426713706,-3.80696960041539,0.000140680030096713,0.000930275662550122,"51339","Down",3.03138834070962
"57535",267.953431664108,-1.58915009470456,0.418048144196196,-3.80135665417221,0.000143905984417444,0.000950266397102408,"57535","Down",3.02215462779205
"5889",154.005085065366,1.13864317897178,0.299804456956719,3.7979528074066,0.000145896091744408,0.000962051563206205,"5889","Up",3.01680165039899
"5800",214.805017378188,1.1794889351412,0.310577534182569,3.79772779845645,0.000146028555445152,0.000962473387014672,"5800","Up",3.01661127016488
"121599",4.96116841058052,2.68592942609645,0.707335160741931,3.79725139533449,0.000146309389747673,0.000963298691836024,"121599","Up",3.0162390294873
"3675",166.442338397707,1.11991949488445,0.294935569933005,3.79716659858573,0.000146359429765863,0.000963298691836024,"3675","Up",3.0162390294873
"25788",56.8405687618512,1.42852388269311,0.376228008230013,3.7969631485271,0.000146479554864102,0.000963489196296663,"25788","Up",3.01615315076987
"389197",26.5735461291958,-1.30168650173588,0.34298897361054,-3.79512637981748,0.00014756826733351,0.000968080902227113,"389197","Down",3.01408834731698
"7326",2189.46585113167,1.0576880635001,0.278696194812849,3.79512918793298,0.000147566597072189,0.000968080902227113,"7326","Up",3.01408834731698
"5414",123.009876466884,1.92710975832256,0.508077115457685,3.79294736899652,0.000148869718203656,0.00097479835983121,"5414","Up",3.0110852102186
"283383",45.4843447928849,-1.60105949067512,0.422416711873618,-3.79023709448819,0.000150503556645529,0.000983663245573476,"283383","Down",3.00715355565462
"85453",76.4107524392053,-1.15658627544508,0.305170401183979,-3.78996872225432,0.00015066625516064,0.00098426881335068,"85453","Down",3.00688627533753
"909",23.9075621418341,-1.36669190849977,0.36061930419338,-3.7898467791588,0.000150740236882506,0.000984294520758817,"909","Down",3.00687493246092
"2784",7.6623599758036,2.12431306295784,0.560644488294589,3.78905546618275,0.00015122115062776,0.000986976130339656,"2784","Up",3.00569335045815
"84515",339.617588846695,1.16513414242485,0.307517033989405,3.78884423834872,0.0001513497665727,0.000987356973017446,"84515","Up",3.00552580236284
"939",3621.31080448712,1.66189723685317,0.438704985984557,3.7881886232122,0.000151749624669823,0.000989487222310074,"939","Up",3.00458980965976
"1514",593.338144714215,1.57710413635767,0.416397702913205,3.78749480442357,0.000152173866049324,0.000991233707654331,"1514","Up",3.0038239378675
"2208",559.704880024177,-1.45774611624007,0.38494963941941,-3.78684889389343,0.000152569816804026,0.000992551419319523,"2208","Down",3.00324698527186
"57099",156.984670982712,1.05439069709866,0.278565715833255,3.78506986742692,0.000153665401023112,0.000998346585941565,"57099","Up",3.0007186628894
"64092",792.931417042993,1.0809652880331,0.285746669867274,3.78294973143587,0.000154980723115829,0.00100590721534579,"64092","Up",2.99744207665754
"6875",257.356663821298,1.10364639755354,0.291760841882528,3.78270912036203,0.000155130664816164,0.00100641555955528,"6875","Up",2.99722265749423
"64699",20.2983694220927,1.61151665436599,0.42619548778417,3.78116779871232,0.000156094414434391,0.00101173372307752,"64699","Up",2.99493377387435
"4629",25.5377913623131,1.59145957044234,0.421128539135052,3.77903519365135,0.000157437174236314,0.001018557630004,"4629","Up",2.99201439358118
"222950",3.75380637775607,-2.14458901959763,0.568277654796266,-3.77384013166327,0.000160753795874378,0.0010352485516163,"222950","Down",2.98495536843292
"140685",55.1146945474776,-1.03951363498879,0.275588657698731,-3.77197539140079,0.000161960232562809,0.0010425401685628,"140685","Down",2.98190720287786
"60312",152.245182152402,-1.23279436773303,0.326939587235826,-3.77070999005023,0.000162783759769649,0.0010468821017314,"60312","Down",2.98010222515072
"414149",12.6716249077831,1.31971944875921,0.350420625997008,3.76610093941924,0.000165816776171586,0.00106395312272289,"414149","Up",2.97307750643126
"717",644.49067912952,1.938698115895,0.514954254027761,3.76479677705601,0.000166684591168454,0.00106854556345762,"717","Up",2.97120695451411
"79047",153.217077257156,-1.30932684074888,0.34778034565245,-3.76480976316395,0.000166675928937883,0.00106854556345762,"79047","Down",2.97120695451411
"4675",29.1191408137135,-1.27580058809675,0.339178754646472,-3.76144015690643,0.000168937842853807,0.00108151005365909,"4675","Down",2.96596943902806
"283742",324.401109285762,1.25975487897442,0.335250132976378,3.75765661236348,0.000171512022790651,0.00109599224386277,"283742","Up",2.96019251926362
"84417",5.33447399979091,-2.19680346795088,0.584714946261935,-3.75705030629879,0.000171927944287897,0.00109765173699842,"84417","Down",2.95953543100742
"7163",1012.13505945565,1.58235028586401,0.42135730093317,3.7553645857319,0.000173089327127528,0.00110456458891736,"7163","Up",2.9568088838756
"2119",10.1084306977483,1.36041127558353,0.362281368216828,3.75512348945672,0.00017325603306435,0.00110512654408545,"2119","Up",2.95658798962464
"23236",122.18180229824,-1.27926668663887,0.340857414054161,-3.75308452711432,0.000174671923710021,0.00111264273434869,"23236","Down",2.95364426370545
"30819",29.6468923739756,-1.20590986549053,0.321514826629114,-3.75071307949857,0.000176332384673075,0.00112169428222094,"30819","Down",2.95012549391432
"271",1736.74096714482,-1.12703680375215,0.300604474621621,-3.74923495457206,0.000177374848415078,0.00112679537519379,"271","Down",2.94815494419597
"80139",681.61972171449,-1.86346628314636,0.497389020192261,-3.74649662034369,0.000179321418341901,0.00113659204805611,"80139","Down",2.94439538673703
"5148",66.3550860389146,-1.10744207735902,0.29565855379519,-3.74567913947849,0.000179906414092487,0.00113978581191507,"5148","Down",2.94317675343812
"55166",69.2440531909698,1.22538819941307,0.327296762280449,3.74396676238147,0.000181137625502676,0.00114706891102461,"55166","Up",2.94041049074847
"1628",261.728806956832,-1.03242657872919,0.275797317258322,-3.74342502310195,0.000181528786592057,0.00114902815729351,"1628","Down",2.93966932865953
"715",90.9411293766216,1.05154031675626,0.280945111193276,3.74286746720735,0.000181932197209973,0.00115002754619637,"715","Up",2.93929175702221
"23251",32.1374925475547,1.00886599632705,0.269613935116725,3.74189114479665,0.000182640630486186,0.00115294974824433,"23251","Up",2.93818962118387
"388963",62.5615173338616,-1.0202848175524,0.272860379238616,-3.73921937805474,0.000184592584468863,0.00116266024067973,"388963","Down",2.93454717878458
"83666",4086.23297872284,1.39680266144276,0.37370472123667,3.73771745997867,0.000185698457497951,0.00116910157919409,"83666","Up",2.93214775285279
"10849",35.2403676935571,1.29318554245226,0.346534932437794,3.73176098973629,0.000190145870562929,0.00119446931610135,"10849","Up",2.9228250020623
"80381",8.30794944200677,2.27680444018502,0.610469176324619,3.72959770695174,0.000191785727690599,0.00120311296674477,"80381","Up",2.91969359250178
"23705",185.101388256761,1.65483909026668,0.443772786864644,3.72902336341644,0.000192223331204357,0.00120478244874381,"23705","Up",2.91909136789407
"136853",9.21311873602579,1.51354715326389,0.40625541123034,3.72560490623405,0.00019484739506309,0.00121851161345196,"136853","Up",2.91417032726377
"6331",4.11746749485359,-2.39983896769501,0.645098809420167,-3.720110675529,0.000199135494504929,0.00124257438715363,"6331","Down",2.90567760262415
"2041",84.5439325137471,-1.12881586276466,0.303559653612897,-3.71859649110069,0.000200332767631362,0.00124923033002828,"2041","Down",2.90335748009024
"102724770",21.4102307672189,-1.22614787048837,0.329837198611226,-3.71743355707312,0.000201256893435574,0.00125357352240988,"102724770","Down",2.90185018947559
"23331",51.8650061845495,-1.08326545697526,0.29141414738676,-3.71727133596423,0.000201386120314239,0.00125382266843406,"23331","Down",2.90176388261731
"284498",9.82050648608979,3.2131263556029,0.865045203297539,3.7144028350825,0.000203684111276803,0.00126593346606548,"284498","Up",2.89758911902636
"710",3547.72025449885,2.56645521854606,0.690948674791598,3.71439343062659,0.000203691685651441,0.00126593346606548,"710","Up",2.89758911902636
"54814",288.999650266691,1.63020893211054,0.439550013546598,3.70881329056703,0.000208232900777673,0.00128789116273233,"54814","Up",2.89012083683797
"107303344",296.314252081729,1.01312663867018,0.273320844593924,3.70673023557862,0.000209952370716315,0.00129738377893829,"107303344","Up",2.88693153631302
"2627",5.68342870404059,-2.00374686727832,0.541890312412925,-3.69769826361363,0.0002175632800981,0.00133970167043756,"2627","Down",2.87299190111836
"113174",158.002636038443,1.06097778638474,0.287238594797344,3.69371597550564,0.000221000638566824,0.00135851761277818,"113174","Up",2.86693472671036
"135112",1067.04887166515,1.17370821838773,0.317780165111125,3.69345965308217,0.000221223623590027,0.00135879992983348,"135112","Up",2.86684448422836
"6753",157.842006014405,1.16947912371447,0.316975212505157,3.68949708865783,0.000224697799503794,0.0013775975037641,"6753","Up",2.86087765284052
"85461",14.6631247152406,1.7090213741271,0.46361119318492,3.6863246600809,0.000227516069750058,0.00139305264145003,"85461","Up",2.85603247190389
"771",5.6096475305662,4.37125473089426,1.18643800851901,3.68435156283534,0.000229285596226511,0.00140144462730532,"771","Up",2.85342405704092
"6993",569.311862334886,1.06903212390081,0.29035139056036,3.68185639420443,0.000231541827948635,0.00141155130860486,"6993","Up",2.85030333102115
"55132",297.820706336619,1.21044630507092,0.3287698210197,3.6817439669999,0.000231643978078165,0.00141156165652835,"55132","Up",2.85030014726894
"7480",38.9366032620666,-1.16415293623139,0.316267785503389,-3.68090899418815,0.000232403949725271,0.00141496546860464,"7480","Down",2.84925415871033
"114783",78.3474046540152,-1.01444180972106,0.275779670632305,-3.6784502911152,0.000234655412109208,0.00142743629911627,"114783","Down",2.84544326350914
"6596",242.746209975561,1.10828156435199,0.301451231085006,3.67648710659758,0.000236467801047795,0.00143685997870026,"6596","Up",2.84258555158791
"57333",183.691343892422,-1.63219784219042,0.444183129636984,-3.67460565988709,0.000238217049380521,0.0014459723446631,"57333","Down",2.83984001317915
"80303",11.187017405564,-1.52034226720009,0.413987622169745,-3.67243411586038,0.000240251102973053,0.00145706020672306,"80303","Down",2.83652250251458
"9985",507.773157542507,1.08547105533741,0.295722417253372,3.67057413306409,0.000242006265912661,0.00146580691750203,"9985","Up",2.833923233096
"8842",5.22594983311588,-2.09848548158892,0.572512746810782,-3.66539521308245,0.00024695691452211,0.00149001226400373,"8842","Down",2.82681015697885
"221468",4.35982948973186,1.98104183685932,0.540548541091346,3.66487315433258,0.000247461198674906,0.00149241406170806,"221468","Up",2.82611066763614
"8174",3.25918995501277,-3.90450674106115,1.06564108721444,-3.66399793317601,0.000248308788651442,0.00149601418429894,"8174","Down",2.82506428873522
"285025",32.7645710977717,-1.12011506712468,0.305857294758745,-3.66221465474024,0.000250044201259348,0.00150540750475422,"285025","Down",2.82234592325244
"60681",6.69166598466925,-1.96847521324575,0.537771038718115,-3.66043366325193,0.000251788737040682,0.00151461272812314,"60681","Down",2.81969839788086
"50944",17.5449785034029,-1.71813117744154,0.469475048610221,-3.65968581829363,0.000252524671631551,0.00151838968154324,"50944","Down",2.81861675622346
"23586",1832.3341537445,1.5402743249186,0.421026243169004,3.65838080145594,0.000253813738201401,0.00152483567730059,"23586","Up",2.81677695519374
"8507",258.928731270284,-1.030118148856,0.281717379304831,-3.65656585120139,0.000255616767363129,0.00153370060417878,"8507","Down",2.81425941134109
"1152",59.154478966775,-1.4511082830574,0.397261499896691,-3.65277854369167,0.000259417949940713,0.00155385380757327,"1152","Down",2.80858984367593
"721",42.9635568430881,3.3559131919859,0.919149403541938,3.65110740327297,0.000261112009746188,0.0015613387067887,"721","Up",2.80650287366221
"10500",36.1080081421055,-1.10719122947377,0.304159499406849,-3.64016652984023,0.000272461767638289,0.00161955700459105,"10500","Down",2.79060376124217
"5662",25.344630729315,-1.0905238403137,0.299707927063335,-3.63862194436802,0.000274100831902879,0.00162723484997856,"5662","Down",2.78854976317298
"54796",36.6570868710003,-1.50300161513194,0.413385907398113,-3.63583176937977,0.000277085124111754,0.0016428692675183,"54796","Down",2.78439699447995
"83714",52.5067081526522,-1.03947666518728,0.286317620562016,-3.63050189906886,0.000282870623316991,0.00167223306640739,"83714","Down",2.77670319316457
"23127",71.0528286955281,-1.63296775621405,0.450185972745908,-3.62731816421059,0.000286380321507864,0.0016880101836529,"23127","Down",2.77262493763281
"57460",39.9365930855067,-1.11156001592667,0.306683471687977,-3.6244536094778,0.000289572988991668,0.00170396969904143,"57460","Down",2.7685381323722
"8115",577.162710059981,-1.41794465929199,0.391228672733755,-3.6243372690042,0.000289703357326964,0.00170402326377501,"8115","Down",2.76852448042604
"7855",54.4142090651231,1.32728692780491,0.366339046316167,3.62311072530173,0.000291081142274262,0.00171025829420635,"7855","Up",2.76693829470881
"9023",12.6223997880111,3.47903981340544,0.960275370042256,3.62296058187179,0.000291250220469384,0.00171025829420635,"9023","Up",2.76693829470881
"84102",34.3821516026282,1.09553760977422,0.30247565159089,3.62190346235199,0.00029244326132472,0.00171582994076616,"84102","Up",2.76552575812293
"10677",48.2817429800249,-1.67764165033123,0.463426378550481,-3.6200823431299,0.00029450927722827,0.00172578997648526,"10677","Down",2.76301205775373
"6563",73.9875925413442,-1.20079290969684,0.332046990911608,-3.61633426160604,0.000298804482981883,0.00174731610273051,"6563","Down",2.75762852074507
"5243",235.587797245054,-1.13542741450123,0.314165988864982,-3.61410036332482,0.000301392304723135,0.0017602513158643,"5243","Down",2.7544253223556
"2064",309.279784180791,-1.12002714675932,0.310036793857133,-3.61256202151103,0.000303186558216134,0.00176852532837406,"2064","Down",2.75238871594857
"9256",661.259832486639,-1.19082196491453,0.329739664138471,-3.61140043017226,0.000304548009599625,0.00177499321065696,"9256","Down",2.75080330378064
"27338",1106.71056440979,1.16132318398885,0.321706065582565,3.60988898945953,0.000306328076186816,0.00178241081845845,"27338","Up",2.74899219051975
"148252",27.9666268586393,-1.54049420476878,0.426952480611621,-3.60811630034794,0.000308428235323209,0.00179166331656128,"148252","Down",2.74674359818801
"41",13.2147030107067,-1.64207500931634,0.455176686087877,-3.60755517473783,0.000309095822186345,0.00179479937742253,"41","Down",2.74598408978639
"1573",15.4954574892795,1.47323839023041,0.408981722953761,3.60221082641624,0.000315522303068345,0.00183060256098942,"1573","Up",2.73740593440113
"2209",1021.7606297361,1.75658433106799,0.487754319452434,3.60137114324272,0.000316543305066459,0.00183425423620366,"2209","Up",2.73654046925046
"84518",14.0504782432633,-1.82577113032471,0.50722041363668,-3.59956161313433,0.000318754103408973,0.00184326446958966,"84518","Down",2.73441234820838
"100996318",61.0688026796159,2.14685764386348,0.596781692768438,3.5973919271959,0.00032142397710288,0.0018548869512319,"100996318","Up",2.73168255394773
"85465",491.820234956456,1.14662340235388,0.318889550686208,3.59567568108298,0.000323550689054209,0.00186562752670896,"85465","Up",2.72917505900426
"26228",377.408542385363,1.18902324933762,0.330912785257665,3.59316201219541,0.00032668932105372,0.00188140915551102,"26228","Up",2.72551674689648
"113675",37.1428352381469,1.38292283429725,0.385064646808908,3.59140431550327,0.000328900930592331,0.00189259454409641,"113675","Up",2.72294241621162
"3014",810.161111451569,1.24921509647287,0.348281644835278,3.58679567240385,0.0003347664353038,0.0019231962178614,"3014","Up",2.71597640375573
"23601",243.597511537318,1.58091596540099,0.440790867962094,3.58654427826518,0.000335089187612436,0.00192426369608907,"23601","Up",2.71573541363441
"947",18.6262683584539,-1.74635356498599,0.487012188213401,-3.58585186829198,0.000335979643958672,0.00192858903468434,"947","Down",2.71476030682151
"55092",59.3358448110095,1.53183421839634,0.427202876410625,3.58573011321195,0.000336136452707919,0.00192870127948211,"55092","Up",2.71473503141192
"28968",43.0291814279353,-1.05688911491495,0.294860995058178,-3.58436392954047,0.000337900666216424,0.0019372420080266,"28968","Down",2.71281612208661
"5334",147.137462037355,-1.03631507625831,0.289286884503916,-3.58230922924638,0.000340570311159772,0.00195016055925718,"5334","Down",2.70992963113551
"79623",58.3159431488834,2.32870061235996,0.650204697432938,3.58148844749025,0.00034164224739896,0.00195550177615079,"79623","Up",2.70874178524898
"3823",223.814205188809,-1.30869297245427,0.365763130501603,-3.57797947174048,0.000346260639260163,0.00197744950748408,"3823","Down",2.70389459703433
"56670",47.2833091026621,1.82016412742028,0.508719331495116,3.57793387184807,0.000346321038849867,0.00197744950748408,"56670","Up",2.70389459703433
"9308",1007.44652353754,-2.42657256911448,0.678492902399817,-3.57641555354778,0.00034833777197572,0.00198573727050824,"9308","Down",2.70207821279758
"5168",71.6534085808839,1.33899493618005,0.375288749908744,3.56790587649014,0.000359845712948461,0.00204305129630375,"5168","Up",2.68972072909835
"90102",72.558408149244,-1.19410356619501,0.334752382841318,-3.56712491800559,0.000360919452949627,0.00204666672834873,"90102","Down",2.68895287048981
"53340",17.0780489637486,1.04097389420108,0.292057865072394,3.56427276472437,0.000364866382823091,0.00206639266086575,"53340","Up",2.68478714930046
"23034",190.631943627765,1.60991379472327,0.451882668896826,3.5626809911819,0.000367086656045835,0.00207582769623048,"23034","Up",2.68280869787651
"4684",395.470971034853,-1.38050002694075,0.387505193919495,-3.56253296369378,0.000367293771769017,0.00207611105426316,"4684","Down",2.68274941914549
"8351",53.7284272794233,1.64489072919714,0.462069340537259,3.55983525607777,0.000371087516996189,0.00209213355848897,"8351","Up",2.67941059424869
"93099",9.05346164791052,-1.69616933697993,0.476734523853053,-3.55789071718822,0.000373844777896769,0.0021063619963935,"93099","Down",2.67646698950087
"400793",12.9502126708503,2.49472667733398,0.701631972611362,3.55560575161506,0.000377109218501392,0.00212220213791812,"400793","Up",2.67321325229073
"1286",178.488005863249,1.60509441158452,0.451638357611696,3.5539373140767,0.0003795096596523,0.00213485577959733,"1286","Up",2.67063145845659
"112476",14.4757817750537,-1.42620189030044,0.40140456052894,-3.55302861636923,0.000380823035675601,0.00214138667359486,"112476","Down",2.66930490437958
"389813",134.822733488821,-1.15627608899362,0.325785904207552,-3.54919004800457,0.000386418082916975,0.0021711103163332,"389813","Down",2.66331810903863
"1663",678.125966525952,1.10948543046748,0.312637142611378,3.54879596582873,0.000386996819704317,0.00217300826980229,"1663","Up",2.66293862088488
"10570",9.50756358354717,-1.75146416157628,0.493673723688041,-3.54781726783387,0.000388437610747143,0.00217897217813128,"10570","Down",2.66174831494016
"283554",5.13013193599396,2.21575812073204,0.624735164077056,3.54671586960445,0.000390065029133644,0.00218548396705979,"283554","Up",2.66045237519263
"55113",728.474038630103,-1.03523250553051,0.292052215228985,-3.54468294211988,0.000393085614509003,0.00220153011362316,"55113","Down",2.65727536966804
"246",28.2083056071684,-2.04909686195588,0.57810370683283,-3.54451431073148,0.000393337151340939,0.00220206121539557,"246","Down",2.65717061218581
"91768",28.4415663104988,1.57688015732571,0.445139772264723,3.54243825327732,0.000396446224186722,0.0022159356970055,"91768","Up",2.65444284630862
"2833",1152.28799812135,1.61505000013436,0.45603925155653,3.54147147339171,0.000397901881868592,0.00222318777098109,"2833","Up",2.65302385513408
"114801",41.1572093229823,1.79558240334002,0.507068286532816,3.54110570711824,0.000398453908385644,0.00222450310712558,"114801","Up",2.65276698330477
"353497",18.2157590081322,1.53684544631344,0.434364752450317,3.53814492921874,0.000402948822130302,0.00224691938435516,"353497","Up",2.6484125090485
"23462",4.21076221286191,-2.43593076018872,0.689251048515173,-3.53417055430869,0.000409057028606838,0.00227824081106766,"23462","Down",2.64240037271063
"56967",22.2645783837254,-1.38185167550217,0.391172433473084,-3.532589613315,0.000411510730717005,0.00228830581243979,"56967","Down",2.64048593626884
"117854",21.0406199988843,1.9555125759468,0.553780910391423,3.53120257353149,0.000413674802783383,0.00229852049375726,"117854","Up",2.63855161969874
"9437",119.710031642036,-1.43132002037929,0.405485354304715,-3.52989326293565,0.000415727349206136,0.00230816570218095,"9437","Down",2.63673301659098
"441478",29.251224274649,-1.81728636987596,0.515306466661523,-3.5266127779251,0.000420911860857215,0.00233227660440283,"441478","Down",2.63221994420374
"80258",42.653429915747,-1.34852738668649,0.382800649812125,-3.52279283577062,0.000427025004894399,0.00236056466120224,"80258","Down",2.62698409876219
"147912",61.5004267697821,1.3227639219007,0.375649198717642,3.52127444013254,0.000429477875034464,0.00237165732083597,"147912","Up",2.62494806169108
"8013",150.613316089089,-2.86413021352856,0.813990823574247,-3.51862715227196,0.000433785885185137,0.00239041539553786,"8013","Down",2.62152662276981
"63827",3.9507777302267,2.60007072121096,0.739187845269364,3.51746952801081,0.000435682370528865,0.00239804491604842,"63827","Up",2.62014268670452
"51760",22.532390640102,-2.02172027700519,0.574936594898039,-3.51642301941788,0.000437403478707081,0.0024056335353393,"51760","Down",2.61877053065442
"22914",1875.29327668967,-1.06901161981543,0.304859287854465,-3.50657389295537,0.00045391538618766,0.00247801826212471,"22914","Down",2.60589549735029
"84225",42.204412429681,-1.4028616691646,0.400126080635466,-3.50604906067763,0.000454811379286094,0.00248194543756435,"84225","Down",2.605207770148
"29126",208.158762739275,1.55991560762121,0.445115174237325,3.50452129674981,0.000457428979929646,0.00249517879570222,"29126","Up",2.60289832891645
"27287",99.3571907345184,-1.4641186569486,0.417888850018238,-3.50360785382213,0.00045900073938315,0.00250092221396356,"27287","Down",2.60189981589515
"2570",94.8116111232076,1.55363325766344,0.4436691559087,3.5017833378148,0.000462155277289259,0.00251615883629162,"2570","Up",2.59926194687238
"342035",5.00889727967758,2.49201073168342,0.7123551937436,3.49826989901947,0.000468286975961638,0.00254559713199727,"342035","Up",2.59421032699607
"58512",58.3432926624731,-1.07432179450655,0.307423185465089,-3.4946023764644,0.000474768487632678,0.00257684310089393,"58512","Down",2.58891202401425
"164091",121.375194621335,-1.02321260672686,0.293067401310638,-3.49139004253258,0.00048051420767433,0.00260099601164857,"164091","Down",2.58486031374813
"6300",8.23174229742167,1.70776651501399,0.489229646874494,3.49072572752749,0.000481710494822313,0.00260646741364773,"6300","Up",2.58394770030207
"3592",43.0803607615647,1.68248176751334,0.482096170839746,3.48992974696871,0.000483147541152895,0.00261223133831492,"3592","Up",2.58298836472287
"3696",16.1720120399475,-1.41109147653405,0.404445019919619,-3.48895747761832,0.000484908280142529,0.00261973516053934,"3696","Down",2.58174261101995
"79674",26.1288008344009,-1.58946263411278,0.455592978865045,-3.48877772013166,0.000485234468182988,0.00262048991041789,"79674","Down",2.58161750810727
"114132",89.7942862625089,1.86312984262689,0.534336019187677,3.48681312081358,0.000488812795958424,0.00263677443716229,"114132","Up",2.57892702033385
"22895",271.982065536071,-1.87656042149033,0.538225765045647,-3.4865674283192,0.000489262028269335,0.00263818496594041,"22895","Down",2.57869475887639
"64073",13.1052294887075,-2.28943586148112,0.65749435729326,-3.4820616117622,0.000497569195329678,0.0026778408015215,"64073","Down",2.57221524550021
"56100",13.4665328561173,-1.65428938157574,0.475343954855368,-3.48019442485408,0.00050105003090403,0.00269347935511225,"56100","Down",2.56968634887065
"23007",5.05434702754669,-2.13041855058965,0.612420415749706,-3.47868636609975,0.000503877933985886,0.00270557612853254,"23007","Down",2.56774024153681
"5118",31.543763499727,-1.1100924762611,0.319236468771981,-3.47733603410454,0.000506422688786883,0.00271716365896651,"5118","Down",2.56588420256646
"339221",3.24060538660941,4.08090772602848,1.17391515469827,3.47632255167316,0.000508340502386756,0.00272641249600714,"339221","Up",2.56440843640044
"27134",48.726254991998,-1.06994495652855,0.307941583802226,-3.47450624666434,0.000511794447361267,0.00274257729185831,"27134","Down",2.56184112420738
"29802",160.733765208574,-1.3493320699905,0.388529535530007,-3.47292019421336,0.000514828415899887,0.00275490057129673,"29802","Down",2.55989407090164
"8412",49.414502572876,1.38997806747039,0.400647119877794,3.46933248364387,0.000521753326181453,0.00278676930523413,"8412","Up",2.55489898163139
"285973",13.1161542773565,-1.41381369259977,0.407785219403542,-3.46705477620724,0.000526194648758507,0.00280610520089356,"285973","Down",2.55189605130084
"1515",5.30393422164366,2.52164638635822,0.727460675610506,3.46636797135732,0.000527540753681606,0.00280901957966424,"1515","Up",2.55144523363199
"259307",101.408076768522,1.61358940497679,0.46548520973707,3.4664676153475,0.000527345257371048,0.00280901957966424,"259307","Up",2.55144523363199
"920",5246.57048657152,-1.01574966989405,0.293022424842402,-3.46645711651711,0.000527365852346152,0.00280901957966424,"920","Down",2.55144523363199
"4502",1636.54093620207,1.39619677879397,0.403072007057883,3.4638892166815,0.000532425732477984,0.00283181165510243,"4502","Up",2.54793563511709
"56344",41.5775112634491,-1.89387845049076,0.547025115296296,-3.46214167783676,0.000535894973188949,0.00284810747475458,"56344","Down",2.54544362640731
"79805",16.9056041712385,1.21273235287428,0.350383242113283,3.46115968777465,0.000537853666459132,0.00285743656751748,"79805","Up",2.54402340176659
"140766",11.9515972340376,1.70942663299772,0.494357549332864,3.45787504470114,0.000544453844641022,0.00289031561197417,"140766","Up",2.53905473127292
"10462",330.844976267435,-1.26773559610049,0.366765360475048,-3.45653033988398,0.000547177606730711,0.00290117853269522,"10462","Down",2.53742554476554
"89765",6.04880873131303,2.16103623373504,0.625227882812676,3.45639772815843,0.000547446904475904,0.00290117853269522,"89765","Up",2.53742554476554
"3838",1097.66273286287,1.2741818097689,0.368664954091695,3.45620541260341,0.000547837663556986,0.00290170178978619,"3838","Up",2.53734722239623
"26002",35.9040471355621,1.76427534799721,0.511197793916019,3.45125774992496,0.000557980416290149,0.00293991031485159,"26002","Up",2.53166591800933
"2210",422.671880853244,1.73264649267995,0.502102466967936,3.45078267219626,0.000558963478309805,0.00294398605592556,"2210","Up",2.53106425134844
"3784",845.186827327127,-1.01166587694302,0.293258107198946,-3.44974564081431,0.000561114978219158,0.00294978962736087,"3784","Down",2.53020895586393
"486",11.8866909338196,-1.06173741378737,0.307926708919386,-3.44801987951401,0.000564712471954064,0.00296648211435458,"486","Down",2.52775826578617
"8739",20.1118427013175,-1.61238915836947,0.467721220488757,-3.44732949401903,0.000566157644351507,0.00297185178125789,"8739","Down",2.52697285446294
"79132",723.62001120208,1.20971719077203,0.351007029527571,3.44641870107336,0.000568069461335224,0.00297854928010544,"79132","Up",2.52599521010238
"6525",123.554002614092,1.12600526068042,0.32692020244402,3.44428166954052,0.000572578864356804,0.00299995458685377,"6525","Up",2.52288531955637
"28986",347.747912234282,1.10555799182392,0.321067705769682,3.44337961108115,0.000574492306146916,0.00300773691727886,"28986","Up",2.52176015357601
"516",514.189458873122,1.05057341032281,0.305383885200874,3.4401730452534,0.000581342363022146,0.00303794082751476,"516","Up",2.51742068950355
"23022",211.256101454297,-1.16956597274825,0.340364413979617,-3.43621696250034,0.000589898363717312,0.00307807345226724,"23022","Down",2.51172102078338
"3480",508.516884111253,-1.09155379763058,0.31785116133179,-3.4341664603552,0.000594379064609567,0.00309692110468632,"3480","Down",2.5090698583293
"57699",2651.56996202388,1.45417552241826,0.4234442432363,3.43416056693625,0.000594391988282025,0.00309692110468632,"57699","Up",2.5090698583293
"8309",7.93362996340694,1.74245689419702,0.50798577331148,3.43012931806774,0.000603293650213383,0.00313748422383363,"8309","Up",2.50341844926205
"2619",16.3610099321713,-1.18855482478922,0.346670500116499,-3.42848562075459,0.000606958687252093,0.00315537679366127,"2619","Down",2.50094877282645
"6242",19.0616500957196,-1.0478415205271,0.305846823861791,-3.42603368345133,0.000612464424612029,0.00317694724793217,"6242","Down",2.49798999641685
"4608",4.76144195131018,-2.21933524997142,0.647863244905026,-3.42562302681142,0.000613391070487947,0.0031805798237995,"4608","Down",2.49749370035451
"51646",2860.84820070799,-1.01435780294586,0.296243875290938,-3.42406337329225,0.000616922325145474,0.0031953529351066,"51646","Down",2.49548116589244
"6444",25.1777591936777,-1.69866008328995,0.496140199963065,-3.42375014847901,0.000617633783157458,0.0031978592192073,"6444","Down",2.49514065930999
"4488",16.8906818026747,-1.06095094440378,0.309954171629856,-3.42292842462774,0.000619503874740886,0.00320517984089062,"4488","Down",2.49414759743527
"19",675.3727962967,1.35982339388286,0.397327209376318,3.42242706211177,0.000620647469634522,0.00320873371718334,"19","Up",2.49366632215544
"54596",53.7872177129847,1.02460492783734,0.299375917108417,3.42246944154259,0.000620550727306549,0.00320873371718334,"54596","Up",2.49366632215544
"83648",71.3123106788715,-1.00018210623757,0.292332805197442,-3.42138168708793,0.000623038263172391,0.00321990940570005,"83648","Down",2.49215634729735
"84073",19.4081899301561,1.63863036468149,0.478958704897668,3.42123516688478,0.000623374041627961,0.00322046030623387,"84073","Up",2.49208204936938
"2737",9.06243481446884,-1.78482810876248,0.522606968323455,-3.41523978237085,0.000637258861352169,0.00328374093132405,"2737","Down",2.48363111359114
"5055",185.383644285079,1.74128865692354,0.510275966529716,3.41244497318911,0.000643829239165475,0.00331031411224049,"5055","Up",2.48013079452027
"28972",1778.15403875149,1.02550704225587,0.300942537243134,3.40765068192188,0.000655247191729195,0.0033616405761879,"28972","Up",2.47344872281885
"118980",101.222756161655,1.13360011215206,0.332759439951936,3.40666552484821,0.000657616615994809,0.00337133480042286,"118980","Up",2.472198116433
"126549",69.1619081158345,1.01468952609892,0.297901358093744,3.40612588204319,0.000658917898577686,0.00337677400102613,"126549","Up",2.47149800462715
"158067",6.62136797103341,-1.58442204308861,0.465425657886214,-3.40424301119206,0.000663476986535432,0.00339642208189286,"158067","Down",2.46897834420946
"199786",498.37242110189,-1.24428215146744,0.365615456724822,-3.40325368794224,0.000665884221542309,0.00340502368308316,"199786","Down",2.46787986307673
"55349",27.7935014363349,1.25631931823119,0.369269319601164,3.40217627499653,0.000668515033591053,0.00341350772239153,"55349","Up",2.46679911030513
"5019",838.057934595364,1.15603609694049,0.339880813644849,3.40129848620542,0.000670665546533038,0.00341951823653202,"5019","Up",2.46603507580166
"10544",27.3837890447457,-1.09468554408204,0.32196657576211,-3.39999747331185,0.000673864758247641,0.00343209408586294,"10544","Down",2.46444081510916
"55799",27.7590608628229,-1.76271749961027,0.518521411953927,-3.3995076364694,0.000675072947069449,0.00343575699102495,"55799","Down",2.46397756113565
"54625",3886.49909234553,1.17292950704367,0.345252460973872,3.39730962014038,0.000680519215771854,0.0034605269140482,"54625","Up",2.46085776870984
"121268",32.2760806781047,1.0704004192719,0.315453679901618,3.39320948674851,0.000690787881445114,0.00350304991341275,"121268","Up",2.45555367456775
"343413",829.263496694055,-1.28222802825031,0.378117451239677,-3.39108397151853,0.000696167677267937,0.00352778514279447,"343413","Down",2.45249787312645
"4481",371.120705260479,1.72749295026498,0.509473403593261,3.3907421625568,0.0006970364401742,0.00353091422398264,"4481","Up",2.45211283256533
"79843",14.2354916740229,-1.09924552176216,0.324384956521699,-3.38870684247846,0.0007022304329829,0.00355210296770184,"79843","Down",2.44951445346309
"8622",10.0978306866626,-1.09527240729996,0.323276924983818,-3.3880315069032,0.000703961773078552,0.00355957928582217,"8622","Down",2.44860132917407
"8613",15.8313492457174,1.31564451351787,0.388397327797193,3.38736757273689,0.00070566774971007,0.00356692202119637,"8613","Up",2.44770638495217
"84229",5.67993569302702,-1.87609281762569,0.554183329268277,-3.38532885877821,0.000710930258222422,0.00359093888876401,"84229","Down",2.44479198571169
"26289",143.411881259922,-1.24920558028998,0.3693096780078,-3.38254222588665,0.000718182360880244,0.00362496355427054,"26289","Down",2.4406963555092
"1299",76.5478172099538,1.30958433317676,0.387263292267644,3.38163817569285,0.000720549842595126,0.00363039311156211,"1299","Up",2.44004634550426
"1748",12.7291201781778,-1.14876261006643,0.339891406700065,-3.37979303807511,0.000725404314210508,0.00365092457854085,"1748","Down",2.43759713869143
"79153",39.9383935226437,-1.25360120072274,0.371071264343248,-3.37833004380294,0.000729274960966988,0.0036651544175637,"79153","Down",2.43590772326485
"387723",60.4325114181494,-1.03411040245339,0.306166539678152,-3.37760750583806,0.000731193650306223,0.00367217054113762,"387723","Down",2.43507715771177
"6521",225.828465666238,-2.56435632816809,0.759270645414325,-3.37739427127299,0.000731760787151451,0.00367239377894721,"6521","Down",2.43505075697657
"4810",56.2993424621406,-1.28472009697337,0.380606400192751,-3.37545584184277,0.000736935172435972,0.00369308596400509,"4810","Down",2.43261058315364
"1266",24.1306476941222,-1.32253415274465,0.3923651318464,-3.37067197210171,0.000749850871457958,0.00374712106889304,"1266","Down",2.42630227469303
"163259",22.3572256598277,1.40571227524189,0.417322966791569,3.36840381934686,0.000756047708864461,0.00376736964715014,"163259","Up",2.42396176555687
"4053",47.0398401184664,-1.0266857449904,0.304911898865172,-3.36715539410414,0.000759478798228083,0.00378312515870295,"4053","Down",2.42214929052462
"54361",4.72048675154057,2.45289817304047,0.728838084493736,3.36549121845669,0.00076407499288021,0.00380197655805691,"54361","Up",2.4199905652028
"117144",75.1996840125104,-1.10739079792196,0.329067636991713,-3.36523763942743,0.000764777601923661,0.00380412561494913,"117144","Down",2.41974515078338
"10516",58.8656194205226,-1.2794473333665,0.380236605990115,-3.36487153843299,0.000765793041651649,0.00380578277994914,"10516","Down",2.4195560032696
"54558",73.1890122592961,-1.29419906545747,0.38466990447599,-3.36444065521702,0.000766989768848644,0.00380973497061193,"54558","Down",2.41910523555909
"27293",29.0662356066726,1.69412036707755,0.504090864274165,3.36074403870996,0.000777328261630501,0.003853341137649,"27293","Up",2.41416254104143
"57555",65.1300468650802,-1.1294841729417,0.336619214670124,-3.35537641262862,0.000792570612024728,0.00391741197332799,"57555","Down",2.40700075361558
"1910",6.12770410796769,2.7394453007169,0.816676176159043,3.35438375783281,0.000795419651300437,0.00392947775084291,"1910","Up",2.4056651659092
"2263",13.0568937972143,-1.50627111618712,0.449413983291589,-3.35163384359987,0.000803361950999526,0.00395660377160717,"2263","Down",2.40267743935253
"11162",17.5557430356765,1.12170723931885,0.334770223938923,3.35067804454286,0.000806139679911199,0.0039677319727188,"11162","Up",2.40145767288397
"113177",27.1030691709678,-1.09045172863303,0.326201767354604,-3.34287498647312,0.000829152443494699,0.00406817393016324,"113177","Down",2.39060048758426
"5169",20.8634303327337,-1.18576093511061,0.355373667348892,-3.33665953348896,0.000847917495487763,0.00414576779630969,"5169","Down",2.38239502631487
"4326",197.49581580387,-1.06597484657846,0.319577367541443,-3.33557677998028,0.00085122644107501,0.00416032092810569,"4326","Down",2.3808731665056
"6691",8.10084854298467,-1.36950944829308,0.410616276210654,-3.33525368485514,0.000852216152458683,0.00416244051941238,"6691","Down",2.38065195943771
"10791",684.340078044062,1.01743865932589,0.305746413855215,3.32772066398689,0.000875596142884188,0.00425887054337439,"10791","Up",2.37070556094824
"26270",714.224756370328,1.0427257277815,0.313542496927844,3.32562806636532,0.00088219562231962,0.00428551506707953,"26270","Up",2.3679969736597
"85455",19.1907201882067,1.58004652218409,0.475116656807208,3.32559698664751,0.000882293985842662,0.00428551506707953,"85455","Up",2.3679969736597
"348093",57.6318748268301,-1.42393179538143,0.428201724961858,-3.32537613086044,0.000882993260407595,0.00428742961135022,"348093","Down",2.36780299689742
"285382",9.04638542144914,2.44496513765858,0.735574177446504,3.32388658088312,0.000887722914528102,0.00430890583590635,"285382","Up",2.36563299660393
"113263",1129.91840113476,1.3148572513094,0.395786059504634,3.32214139364858,0.000893294145715828,0.00433145939806722,"113263","Up",2.3633657522053
"9891",31.4747903729655,-2.06754524639006,0.62316792013418,-3.31779794753375,0.000907300912664106,0.00439331234485045,"9891","Down",2.35720791924257
"54900",972.150234675828,1.19066841794007,0.359149798752997,3.3152417795421,0.000915638917044508,0.004427583641538,"54900","Up",2.3538332257979
"84674",436.800600675118,1.15524811814591,0.348713100613497,3.31288992616985,0.000923373129591207,0.00446344658308071,"84674","Up",2.35032965833878
"374378",14.7598023344126,1.6667855613952,0.503547653719726,3.31008505169787,0.00093267626314796,0.00450222152172969,"374378","Up",2.34657314032217
"345611",9.35385433961058,-1.63658076008771,0.49500188718368,-3.30621115284845,0.000945667949810546,0.00455867102255156,"345611","Down",2.34116174761941
"127707",4.17690071368018,-2.04888303202223,0.619958011251119,-3.30487387022783,0.000950191507022628,0.00457733666667191,"127707","Down",2.33938714370102
"23166",2970.95378304221,1.41931363154733,0.429686395201471,3.30313839906857,0.000956091881619934,0.00460206865894185,"23166","Up",2.33704690631554
"339983",6.24889134654958,-1.31999976009956,0.399637444306976,-3.30299319771853,0.000956587082501172,0.00460206865894185,"339983","Down",2.33704690631554
"66000",12.4467958126129,2.51158720682677,0.760466474009078,3.30269287689438,0.000957612063358984,0.00460206865894185,"66000","Up",2.33704690631554
"29993",270.607472253863,1.17202383933495,0.355719987866802,3.29479331865325,0.000984940927721881,0.00471402926306126,"29993","Up",2.32660772585357
"64900",10.0581567235102,1.74241375380234,0.52949754242153,3.29069280630431,0.00099940986815615,0.00476704258904624,"64900","Up",2.32175096804251
"4833",405.52543565059,-1.06406618315883,0.323443528493704,-3.28980514191844,0.00100256785118513,0.00477886141277252,"4833","Down",2.32067556385897
"219670",65.8717179732568,-1.44789372003162,0.44062797025825,-3.28597778117221,0.00101629026098302,0.00483443153261118,"219670","Down",2.31565458606177
"8711",54.9548730566877,-1.17396183101852,0.357388056929889,-3.28483789050854,0.00102041063723058,0.00484910729603116,"8711","Down",2.31433820615902
"653659",13.7293402702147,1.52123023560089,0.463872640202482,3.27941357985,0.00104023064775462,0.00493494971716676,"653659","Up",2.30671726805377
"146760",4.64624188578702,-1.52505348644244,0.46541605291201,-3.27675308339818,0.00105008156308204,0.00497328821180614,"146760","Down",2.30335637182145
"729264",9.55823989489676,-2.7399615550475,0.836568904754572,-3.27523714959419,0.00105573308275644,0.00499836970313122,"729264","Down",2.30117162454174
"139105",99.2988479572325,-2.15953091358224,0.659523930096034,-3.27437840393114,0.0010589470264627,0.00501020997166796,"139105","Down",2.30014407300982
"654231",6.72463047756442,-1.25447452728117,0.383383686981726,-3.27211242908456,0.00106747117626659,0.00504544398550224,"654231","Down",2.29710061099901
"6773",4171.03157446436,1.05382167830094,0.322132245389401,3.27139456972726,0.00107018483291993,0.00505656935850397,"6773","Up",2.29614403137619
"27151",88.4626429586876,-1.23644856635342,0.378252059669816,-3.26884820516969,0.00107986216526537,0.00508519542436627,"27151","Down",2.29369235245745
"51700",24.6895343990181,1.19612407222912,0.365909165827113,3.26890983866273,0.00107962697746657,0.00508519542436627,"51700","Up",2.29369235245745
"22891",37.2510395741707,-1.25214542540775,0.383093269572329,-3.26851324432193,0.00108114117419603,0.00508951282405447,"22891","Down",2.29332378700525
"10913",66.7858434927022,-1.23727603105806,0.379209990476129,-3.26277277005429,0.0011032794246609,0.00517638813867611,"10913","Down",2.28597316661963
"11074",5.14719584324294,3.18123180901342,0.975739417493307,3.26032929692035,0.00111282931044539,0.00521945175913837,"11074","Up",2.28237511203321
"126661",96.8711192887253,1.42409171333627,0.437193022568452,3.25735233597719,0.00112456751310909,0.00526221201938361,"126661","Up",2.27883165777191
"970",100.308749838792,1.13062201072469,0.34765091454595,3.2521761439959,0.00114525024521695,0.00534653038066067,"970","Up",2.27192796103612
"1946",20.6944983100524,-1.678651015061,0.516889031051002,-3.24760425201471,0.00116381019875204,0.00542236767667892,"1946","Down",2.26581103737543
"1232",117.729716964368,-1.29029859829292,0.397420190201942,-3.24668607711469,0.00116757095857703,0.00543534905370063,"1232","Down",2.2647725606433
"7138",101.078673059248,1.65674956870033,0.511163334709193,3.24113537924796,0.00119054629719981,0.00552312861282659,"7138","Up",2.25781484357869
"643699",192.983225448453,-1.1324007410945,0.349702701950981,-3.23818127448506,0.00120294348913108,0.00556960853682698,"643699","Down",2.25417532839367
"56944",3.3018170491055,2.1857179659544,0.675491786976164,3.23574321419769,0.00121326475843516,0.00561000210119474,"56944","Up",2.25103697608125
"27181",7.64857530356586,-2.19347235368545,0.677932098597728,-3.23553399849712,0.00121415425098205,0.00561226826802625,"27181","Down",2.25086157774723
"196294",38.5953665518123,1.08664493001706,0.336357641349243,3.23062358761395,0.00123520490866428,0.00569150482665162,"196294","Up",2.24477289151247
"84254",141.472741599426,-1.14531517007784,0.354515682734584,-3.23064740392687,0.00123510200102952,0.00569150482665162,"84254","Down",2.24477289151247
"100191040",8.88265192624414,-1.19403118407206,0.369626477006155,-3.23037243907225,0.00123629057564696,0.00569398727269457,"100191040","Down",2.24458350793102
"10129",639.673155827129,-1.09445928508902,0.338899441014218,-3.22945143200488,0.00124027945822032,0.0057067475268212,"10129","Down",2.24361134072138
"54943",8.48733818114483,1.27337749569366,0.394574881832692,3.22721377949648,0.00125002029976107,0.00574780276578619,"54943","Up",2.2404981429735
"696",11.6838677068605,1.48560076996697,0.461034538294188,3.22231990571389,0.00127157075380643,0.00582402615139764,"696","Up",2.23477668359506
"81629",78.7392119345701,-1.10964826386028,0.344429503238871,-3.22169922560527,0.00127432832917381,0.00583475453944295,"81629","Down",2.23397740943999
"8938",152.86967327969,-1.39721826727807,0.434045127659933,-3.21906220860234,0.00128610580660257,0.00587910175484036,"8938","Down",2.2306890230252
"375790",426.465747661475,1.34034158884423,0.416455266053043,3.21845273214412,0.0012888421138435,0.00588969410852973,"375790","Up",2.22990726046372
"1847",2048.79303284352,1.44797983579512,0.451224178783368,3.20900320479124,0.00133196007440081,0.00603959437414656,"1847","Up",2.21899222809829
"400709",186.04936617797,1.4478723313417,0.451339737925688,3.20794339535885,0.0013368780796634,0.00605603184249844,"400709","Up",2.21781184998998
"654",379.236626902648,1.12603759932217,0.351063807023175,3.20750124847771,0.00133893479376486,0.00606144063208244,"654","Up",2.21742414411633
"3005",1297.50577378513,1.44939806083771,0.451931074022733,3.20712193551179,0.00134070155226346,0.0060674841263788,"3005","Up",2.2169913511864
"27239",172.009791488153,-1.19865059771551,0.374012937660436,-3.2048372583404,0.00135138865955585,0.00610798116567348,"27239","Down",2.21410231078665
"55138",12.4381366233599,1.26396539117577,0.394431362825643,3.20452557859732,0.00135285269025414,0.00611066731065613,"55138","Up",2.21391136037759
"286676",22.2633318847704,1.15004609832485,0.35902237413723,3.20327138688372,0.00135875871575975,0.00613143143026849,"286676","Up",2.21243812422624
"154467",220.052957694623,1.11439487284873,0.347921925387707,3.20300271851767,0.00136002697205996,0.00613256466460343,"154467","Up",2.21235786369518
"7143",5.08075680421603,-2.36176481302943,0.737373842379797,-3.20294086566331,0.00136031910472309,0.00613256466460343,"7143","Down",2.21235786369518
"8336",18.5991883932203,1.21362338144611,0.378905976406356,3.20296711325705,0.00136019512957642,0.00613256466460343,"8336","Up",2.21235786369518
"55224",26.6044337671435,-1.16682141318748,0.364374785840036,-3.20225618931746,0.00136355671795917,0.00614518890338753,"55224","Down",2.21146476234012
"60401",6.23307627188538,1.65754671647361,0.517868145785921,3.20071186065731,0.00137088546199948,0.00617623677846,"60401","Up",2.20927606280065
"79730",18.6513225467796,-1.76606389685515,0.551945558340496,-3.19970669238662,0.00137567507478299,0.00619185975363567,"79730","Down",2.20817888903575
"1953",269.662143600203,-1.15004948436079,0.359988213504648,-3.19468649588422,0.00139982810039643,0.00627845019686264,"1953","Down",2.20214754639271
"122618",522.654266056679,-1.11444937946304,0.348924310706777,-3.1939573863616,0.00140336831191714,0.00629031308422954,"122618","Down",2.2013277381208
"9672",306.69697039966,1.58141825552425,0.495767009551498,3.18984164951779,0.00142350769038209,0.0063663685758272,"9672","Up",2.19610822185478
"8671",60.041989917647,-1.25804574112682,0.394750523936703,-3.18693874951905,0.00143787221141628,0.00642439069182183,"8671","Down",2.19216805581422
"55701",852.348576851829,-1.27398701287619,0.399846883702446,-3.18618717514941,0.00144161296570378,0.00643630846299895,"55701","Down",2.19136315031444
"23189",148.945362728441,1.30104538766562,0.408458265280635,3.18525905399839,0.00144624481113195,0.00644753556028749,"23189","Up",2.19060625390595
"2012",155.090308639038,1.26004848222289,0.395654634806654,3.18471811366154,0.00144895073016755,0.00645755016185043,"2012","Up",2.18993221156886
"90007",3360.07735681653,-1.24931174745688,0.392393702993543,-3.18382211010515,0.00145344303215524,0.00647433087035146,"90007","Down",2.18880510976878
"729830",16.7657173685939,-1.1331975806686,0.356048688617408,-3.18270398655023,0.00145906698329998,0.0064923398509599,"729830","Down",2.18759875447528
"338339",252.460196599601,1.65676672364888,0.520672448499173,3.18197501793013,0.0014627443509423,0.00650458342387381,"338339","Up",2.1867805119396
"656",234.404943314188,1.28592742392669,0.404356422146251,3.18018301057571,0.00147182067905219,0.00654080461165128,"656","Up",2.1843688240142
"100820829",74.4649990587517,-1.5566767454798,0.490336774950332,-3.17470935284729,0.00149986651709924,0.00664442758457707,"100820829","Down",2.17754242744774
"55713",4.91214077714456,1.76635408445181,0.556377554432674,3.17474001310661,0.00149970805857988,0.00664442758457707,"55713","Up",2.17754242744774
"7093",4.10257796057678,2.04094275573654,0.643253474093169,3.17284373568876,0.00150953748483056,0.00668095141317766,"7093","Up",2.17516168661564
"9451",874.642423774093,1.02941868558176,0.32455267706514,3.17180771667198,0.00151493276524898,0.00670271889712806,"9451","Up",2.17374899394151
"162387",4.50412325341676,-2.02089455217858,0.637218115689942,-3.17143298725975,0.00151688861561753,0.00670925993914306,"162387","Down",2.17332538177914
"126410",75.1072172362328,-1.61844362970155,0.510354944899423,-3.17121181224276,0.00151804410054261,0.00671225792977492,"126410","Down",2.17313136336444
"29760",798.036265986028,1.02124743537746,0.322087546723742,3.17071381916357,0.00152064873497253,0.00672165964889399,"29760","Up",2.17252348180249
"57096",34.9126670198431,-1.30972369413651,0.413103468092667,-3.17044952486991,0.00152203273494212,0.00672566163251783,"57096","Down",2.17226498579136
"146429",7.18193683239823,1.77553676026888,0.560224395261091,3.16933138807959,0.00152790080244993,0.00674734823256645,"146429","Up",2.17086687520423
"25817",2.52375942716153,3.48862408473424,1.10239607400909,3.16458319018422,0.00155305257388031,0.00684336618631736,"25817","Up",2.16473022042426
"83699",265.655953298565,-1.5404497845788,0.48707744924219,-3.16263827647015,0.00156346465234724,0.00688277108232563,"83699","Down",2.16223667463282
"7471",19.5569882579966,-1.16829752999903,0.370075256372255,-3.15691878849595,0.00159445746324819,0.00700100342075729,"7471","Down",2.15483971014756
"3742",31.6022709287736,-1.05894238592988,0.336099280108668,-3.15068329092375,0.00162889014967468,0.00712614084160294,"3742","Down",2.14714559847019
"3887",4.20146241814891,-1.75185074484831,0.556947580090059,-3.1454499623915,0.00165831559707235,0.00722562814575526,"3887","Down",2.14112439239462
"10346",5631.61920667516,1.09095980555758,0.34704440044556,3.14357414831338,0.00166898126455754,0.00726309220488157,"10346","Up",2.13887844243958
"10957",6000.56771678259,-1.00558907814075,0.320127714979241,-3.14121218216286,0.0016825008982112,0.00731060687126274,"10957","Down",2.13604656970412
"27314",845.355426912029,1.16080505025068,0.369790799528319,3.13908580670836,0.00169475813606451,0.00734897862903337,"27314","Up",2.13377301555495
"55083",34.8590825958296,1.72641522908035,0.550314958776548,3.13714028947803,0.00170604473898739,0.00738644143692068,"55083","Up",2.13156474110828
"64065",132.888770780151,1.21114294847402,0.386138499253765,3.13655061801562,0.0017094792501799,0.00739809129150844,"64065","Up",2.13088031384872
"25854",6.33079559187319,2.17988137002529,0.695375162440962,3.13482777034097,0.00171955035287826,0.00742566735053636,"25854","Up",2.12926450987182
"146713",8.35250103026805,-1.88090059940859,0.60012817129929,-3.13416481571995,0.00172344024663898,0.00743789384083874,"146713","Down",2.12855002450716
"23416",76.1896021283813,-1.13427749276333,0.362449638078694,-3.12947613570816,0.00175118296332639,0.00753679111812018,"23416","Down",2.1228135210165
"55022",201.698305647692,-1.76713310264207,0.564708902076282,-3.12928146899189,0.00175234362675851,0.00753914450467439,"55022","Down",2.12267793237668
"407738",11.5866263492726,-1.39079847193443,0.444749224548665,-3.1271521009302,0.00176508584447893,0.00758501109682504,"407738","Down",2.1200437795066
"653319",84.9360456997141,1.0318241238776,0.329988644961457,3.1268473616664,0.00176691636718856,0.00758950041665443,"653319","Up",2.11978681085433
"9856",13.478622949476,-1.77805665137788,0.569042408938056,-3.12464699194578,0.00178018553839256,0.00763821898793656,"9856","Down",2.11700789455014
"387707",20.2209017720015,1.03498741048742,0.331638577917702,3.12082935883369,0.00180342502895894,0.00772378192835448,"387707","Up",2.11216999649923
"284417",279.053803295625,1.35193490108752,0.433610027250598,3.11785894265353,0.00182169968604857,0.00779254915931644,"284417","Up",2.10832044929462
"56659",32.5388757415093,1.13943719399573,0.366664786699309,3.10757191671679,0.00188631083940592,0.0080201028488145,"56659","Up",2.095820062341
"57453",3.72763846841004,-2.06749368532647,0.666409184171639,-3.10243876349995,0.0019193325243329,0.00813343203616583,"57453","Down",2.08972615799133
"51293",430.019720525733,1.01710749835684,0.328106540873656,3.0999305763566,0.00193566006421145,0.00819061883816457,"51293","Up",2.08668328409466
"5273",54.2116759686545,1.3254052097272,0.427895269033185,3.09749909766918,0.00195160990441185,0.00824782627873543,"5273","Up",2.08366049503069
"80115",14.1425250118398,-1.32367243054137,0.427446277526625,-3.09669893068357,0.0019568851126904,0.00826387153821892,"80115","Down",2.08281644253833
"392490",14.0262750463877,-1.09569715981007,0.353969472238579,-3.0954566586792,0.00196510090002273,0.00828988227172604,"392490","Down",2.08145163701339
"91351",2991.18743272442,1.39627026148404,0.451226129363314,3.09439141623779,0.0019721711041435,0.00831282667815061,"91351","Up",2.080251274413
"431705",20.1431951276525,-1.51223035323437,0.490596641046227,-3.08243111899308,0.00205317241510002,0.00860458657231894,"431705","Down",2.06526999153908
"4647",100.73275788642,1.28458349117964,0.41678335610914,3.08213721193621,0.00205520078897227,0.00861051922678545,"4647","Up",2.06497065917019
"4603",619.284587903845,-1.05277560611532,0.341956988819472,-3.07867843189806,0.0020792097688,0.00869037943818487,"4603","Down",2.06096126102977
"84144",32.2853986614763,-1.15042810554042,0.374026148001807,-3.07579593482022,0.00209941475623211,0.00875140200372993,"84144","Down",2.05792236598244
"257101",287.775741967792,-1.30080616343216,0.423263519577031,-3.07327729243489,0.00211721653684334,0.00880992797622821,"257101","Down",2.05502764205952
"147495",31.6111561250093,-1.29476783310421,0.42150387990885,-3.07178152994513,0.00212785400313711,0.00884371619404987,"147495","Down",2.05336520292459
"2829",58.7686664955123,1.4391051861155,0.468737144155802,3.0701752657288,0.00213933188414839,0.00888616365239528,"2829","Up",2.05128569281946
"2296",11.9357668058554,1.87162589853371,0.609972600489491,3.06837700092064,0.0021522490779158,0.00893189723652476,"2296","Up",2.049056282227
"125875",102.236638533431,-1.0593332204111,0.345462006328399,-3.06642467479938,0.00216635384534968,0.00897982425806894,"125875","Down",2.04673216271997
"150051",3.29910142853153,2.42813711113339,0.792116288332962,3.06537960006288,0.0021739388615716,0.00900476958688333,"150051","Up",2.04552739538474
"101927789",11.6489014947918,1.54921474862724,0.505443741152695,3.06505872462514,0.00217627261393868,0.00900500081597947,"101927789","Up",2.04551624349127
"284",17.7233335663827,-1.46024284558974,0.476458064196665,-3.06478776479897,0.00217824511436923,0.00901050937507108,"284","Down",2.04525065713086
"7130",238.169138627562,2.29036637162706,0.747858303700472,3.06256728085269,0.00219447137300106,0.00906695434678356,"7130","Up",2.04253857099003
"5054",43.8448231932417,1.24395808843679,0.406251881808012,3.06203649543872,0.00219836647607212,0.00908037793114797,"5054","Up",2.04189607548812
"5133",128.721361015626,1.02853857314549,0.335924087361654,3.06181846387863,0.00219996830898154,0.00908432403109275,"5133","Up",2.04170738321433
"81491",8.6516754464607,1.54147674553438,0.503927793300856,3.05892384985816,0.00222133605979292,0.00916447865889905,"81491","Up",2.03789223577577
"55351",14.5979341163308,-1.18792945615103,0.388443561423261,-3.05817774865013,0.00222687444845887,0.00917924310640777,"55351","Down",2.03719312797768
"10993",11.0310180402152,1.75469518967085,0.573961773736819,3.05716385648261,0.00223442096047106,0.00920225185713344,"10993","Up",2.03610588466974
"1880",1093.74166145353,-1.00509160218824,0.329176222922066,-3.05335419814389,0.00226298660097931,0.0093089835237006,"1880","Down",2.03109773836867
"167465",69.2664946233939,1.2556908132226,0.411407948913421,3.05217927008711,0.00227186373674306,0.00934003195690859,"167465","Up",2.0296516378293
"64499",8.64601886926026,-2.26888541068262,0.744514931698913,-3.04746797422214,0.00230778116130136,0.00946001775922016,"64499","Down",2.02410804829968
"22981",28.1815191932858,-1.01063323708415,0.331708246269828,-3.04675343000684,0.00231327381707731,0.00947700398762984,"22981","Down",2.02332893663748
"7044",8.50067087024275,2.03585872528201,0.66868473355741,3.04457186341195,0.00233011754452061,0.00953211404238824,"7044","Up",2.02081077038731
"112268131",27.9686240381908,1.16356149788815,0.38231767108053,3.04344158249243,0.00233888846803654,0.00956520976509006,"112268131","Up",2.01930550145245
"1942",7.98203363969187,-1.31261736999081,0.432422835962723,-3.03549503131228,0.00240141180190547,0.00977255680288898,"1942","Down",2.00999179655603
"253012",3.65849478062568,3.18378240955806,1.04933757876167,3.03408786075808,0.00241264154657871,0.00980689586708824,"253012","Up",2.00846843616005
"4091",17.6472054623055,1.3589702709708,0.447985463046998,3.03351421657231,0.00241723321618892,0.00981987891121329,"4091","Up",2.00789386745909
"93978",39.7489545464568,1.52430616857067,0.502549660761461,3.03314535375678,0.00242018996030557,0.00982904893705603,"93978","Up",2.0074885026532
"2643",1077.58481063313,1.10802658820551,0.365376752086311,3.03255908286076,0.00242489622454583,0.00984531688740768,"2643","Up",2.00677030083234
"64174",816.192967125124,-1.17674793874577,0.388206894202837,-3.03123915705351,0.00243552254422958,0.00987704553867651,"64174","Down",2.00537294388753
"257019",297.41327237069,1.36736953336802,0.451313908282125,3.02975270266489,0.00244754054474243,0.00991433834958796,"257019","Up",2.00373626388037
"84447",3136.16803725557,1.01644189407925,0.335610416465957,3.0286363122533,0.00245660223171576,0.00994531102278014,"84447","Up",2.00238163050184
"23254",13.86570938139,-1.36674267490285,0.451855408691478,-3.02473456909763,0.00248851416872607,0.0100484485916491,"23254","Down",1.99790098501919
"7473",5.28358692014367,-1.62566280871362,0.537682665341713,-3.02346144575902,0.00249900868960783,0.0100845468888418,"7473","Down",1.99634361040079
"8910",15.5611184634516,-1.07838998696917,0.35704330738547,-3.02033384931909,0.0025249620045163,0.010175155172774,"8910","Down",1.99245895899064
"4651",43.3273211576853,1.2527053173042,0.415746220699636,3.01314901960164,0.0025855192260475,0.0103656822152409,"4651","Up",1.98440210962757
"3240",255.553199758759,1.43797435554275,0.478180354631837,3.00717990945045,0.00263683656595123,0.0105473462638049,"3240","Up",1.97685679609709
"126695",12.5290122595558,-1.18130337173339,0.393112058694777,-3.00500416002397,0.00265577217109694,0.0106200656084958,"126695","Down",1.97387280026776
"54836",32.5400249909215,1.08981237997194,0.362722316838711,3.00453633366191,0.00265985987658905,0.0106303614862996,"54836","Up",1.97345196700672
"102724951",7.3469374114231,2.77869181841946,0.925036726795097,3.00387188738611,0.00266567546315437,0.0106475473587963,"102724951","Up",1.97275041956902
"2139",28.3179794261387,1.71124565948802,0.569999216817277,3.00218949254555,0.00268045267846116,0.0106944125604021,"2139","Up",1.97084306605108
"4914",12.6500719960876,-1.09289485407882,0.364130263546326,-3.00138429427682,0.00268755154501281,0.0107136097334808,"4914","Down",1.97006417779541
"57214",6.95148823209178,-1.55352095850107,0.518474237745614,-2.99633201691171,0.00273248741733334,0.0108619273517307,"57214","Down",1.96409310624308
"6857",14.8672260680833,1.79440867668128,0.599057898058791,2.99538439021662,0.00274099184050233,0.0108926519634442,"6857","Up",1.96286637250537
"6375",60.4897881469119,-1.08244067010985,0.361801267390068,-2.99181005616225,0.00277328756579136,0.0109958224606393,"6375","Down",1.95877228092271
"643988",127.754211366368,-1.01044777873769,0.33774674656822,-2.99173208625888,0.00277399591680659,0.0109958224606393,"643988","Down",1.95877228092271
"93233",25.7046781239364,-1.05436754636545,0.352424145655946,-2.99175740187444,0.00277376590812811,0.0109958224606393,"93233","Down",1.95877228092271
"51338",149.067177307793,1.17973108420795,0.395069896226671,2.98613256913677,0.00282530133822599,0.011164548482776,"51338","Up",1.95215883599639
"3812",256.390024340776,-1.34285703569585,0.449919830152894,-2.98465847846608,0.0028389509725416,0.0112121807380985,"3812","Down",1.95030991011562
"1594",6.56787625172205,1.27888224509681,0.428684942163682,2.98326840836061,0.00285187773573471,0.011256906163636,"1594","Up",1.94858095412816
"9722",4.31192293138811,2.04873490810849,0.687272034082356,2.98096649726764,0.00287340226338211,0.011332364784049,"9722","Up",1.94567945417016
"6512",40.5966593525723,-1.38087871235451,0.463490353466038,-2.9793041042346,0.00288903894873822,0.0113844013762393,"6512","Down",1.94368980087063
"114112",7.32642934731382,-1.33676662934714,0.448890331369915,-2.97793589197526,0.00290196676076045,0.0114321381895727,"114112","Down",1.94187253451396
"2355",4687.66371569941,-1.14628128344824,0.385026499101518,-2.97714906928006,0.00290942509553948,0.0114486814456793,"2355","Down",1.94124452850663
"57211",9.82077431810787,-1.20187190301229,0.403693329768712,-2.97719039276888,0.00290903295307714,0.0114486814456793,"57211","Down",1.94124452850663
"79703",161.105715911159,1.18196953973139,0.397308408031351,2.97494217549537,0.00293043781088305,0.0115055915391251,"79703","Up",1.93909104795808
"6004",61.4756468109128,1.72345340893014,0.579417718858533,2.97445755080702,0.00293507062201218,0.0115173449819925,"6004","Up",1.93864762443394
"153",18.9929751017274,-1.67603012326791,0.563547087690041,-2.9740729033627,0.0029387524488816,0.0115285732584266,"153","Down",1.93822443635945
"161502",22.5961000288636,-1.79607120410786,0.604349562574444,-2.97190784164193,0.00295955505866752,0.0115960672823875,"161502","Down",1.93568927345805
"80759",12.0418332183339,1.20858124421837,0.406885257519453,2.97032448800529,0.00297485339772224,0.0116312298121294,"80759","Up",1.93437436331245
"5819",250.001032333925,1.25718105504345,0.423987811696389,2.96513489388628,0.00302550234356665,0.0118095441477218,"5819","Up",1.92776686597242
"259283",9.71207974223493,-1.34109978658806,0.452471731772865,-2.96394159549679,0.00303725926487966,0.0118488526346721,"259283","Down",1.92632370185266
"56155",8.39482559052319,1.53275209852239,0.517511306861646,2.96177509206028,0.00305871120765077,0.0119235531370845,"56155","Up",1.9235943085313
"6653",6866.64439875799,-1.123437223728,0.379313455523852,-2.9617647551587,0.00305881389034106,0.0119235531370845,"6653","Down",1.9235943085313
"79901",383.235158126624,-1.58119727273425,0.534531699002775,-2.95809823006595,0.00309543465520509,0.0120457069440437,"79901","Down",1.91916770684142
"1795",36.0350656154048,-1.05518775578367,0.356775672469287,-2.95756644078501,0.00310077916591606,0.0120598253084563,"1795","Down",1.918658983085
"84253",17.328893528868,1.37383151035391,0.465595779869419,2.95069579612431,0.00317059017570672,0.0123040964233722,"84253","Up",1.90995027409869
"163351",16.7889745312375,1.97426355094186,0.669124479784794,2.9505175951369,0.00317241974536068,0.0123077974218134,"163351","Up",1.90981966056503
"5244",34.7106297193429,-1.04199413302892,0.353390723720238,-2.9485610772676,0.00319257047105728,0.0123825559644761,"5244","Down",1.90718970049404
"53831",99.0523816808667,1.37771283733235,0.467382478812105,2.94772033567441,0.0032012652820726,0.0124025860886915,"53831","Up",1.90648774976132
"10252",37.1007564603039,-1.14023802979316,0.386897103308531,-2.94713509106808,0.00320733051886828,0.0124226594407765,"10252","Down",1.90578542051883
"221687",3.66530690147886,-2.47341554634011,0.839717380707925,-2.94553334629669,0.00322398393886505,0.0124596871036666,"221687","Down",1.90449286384517
"728656",7.97979450961867,-1.62375878515762,0.551292420170613,-2.9453675141318,0.003225712597513,0.0124629401760387,"728656","Down",1.9043794896513
"5792",59.274200695346,1.69325081567402,0.575070600776838,2.9444224994056,0.00323557969901717,0.0124941923414645,"5792","Up",1.90329181260533
"153643",5.35662779987784,-1.30613875800598,0.44422499141272,-2.94026401768214,0.00327932689660272,0.012649218103503,"153643","Down",1.89793631905963
"1230",2711.49968328332,1.23281842039259,0.419545783902379,2.93845980032406,0.00329847431022517,0.0127160935548105,"1230","Up",1.89564628555528
"728392",271.162250211689,-1.12783131537114,0.383811198731952,-2.93850549201614,0.0032979881490113,0.0127160935548105,"728392","Down",1.89564628555528
"101928589",151.732912093846,-1.27199297538435,0.433670731130998,-2.9330846747878,0.0033561234723013,0.0129100046626821,"101928589","Down",1.88907360088023
"100505591",16.466691475289,-1.08867852512414,0.371286506406763,-2.93217907556123,0.00336592600609681,0.0129370875923611,"100505591","Down",1.88816348138966
"4920",16.5697993147286,2.16063990423445,0.738505706960704,2.92569154695702,0.0034369152126826,0.0131702169792496,"4920","Up",1.88040706998016
"375616",10.2490127175604,1.67851984868277,0.574871867155087,2.91981560515284,0.00350238553189304,0.0133665186024337,"375616","Up",1.87398169286024
"105369205",22.6895300551214,-1.19131197078483,0.408247631565964,-2.91811116261758,0.00352158781755614,0.0134179370966103,"105369205","Down",1.87231424843116
"116071",285.605627945886,1.77793690239204,0.609488870661498,2.91709494295177,0.00353308210301299,0.0134507910353667,"116071","Up",1.8712521742346
"81610",49.8833695793144,1.38484567965627,0.474826813791565,2.91652796226494,0.00353950994884652,0.0134710719206237,"81610","Up",1.87059784520576
"256309",6.02966766519212,1.83672950520321,0.63020833754011,2.91447985657015,0.0035628180043116,0.0135310050261045,"256309","Up",1.86866994463807
"140",32.8540486175894,1.51058525952662,0.518942270066479,2.91089268818497,0.0036039777370938,0.0136688515955849,"140","Up",1.86426797165392
"5797",129.030555740236,-1.08894229844596,0.374727324722489,-2.9059591511038,0.00366129243033034,0.0138563105927826,"5797","Down",1.85835239039458
"1846",86.830148097593,-1.48852431695329,0.513171548736467,-2.90063687400119,0.00372405157244592,0.0140440082180536,"1846","Down",1.85250892507294
"6285",111.154627007399,-1.41282070729408,0.487280676493239,-2.89939818147844,0.0037387975446659,0.0140851429216207,"6285","Down",1.85123874187975
"100130967",4.43370723761004,2.07501097135972,0.716476211263429,2.89613379863745,0.00377791285919765,0.0141913085190339,"100130967","Up",1.8479775582849
"342346",4.64174719713472,-1.28535847080094,0.443820968611005,-2.89611929518254,0.00377808747293666,0.0141913085190339,"342346","Down",1.8479775582849
"9027",18.175194642273,1.42740821949196,0.492859635078094,2.89617594523802,0.00377740547858546,0.0141913085190339,"9027","Up",1.8479775582849
"84658",375.943347733968,-1.91728994254887,0.662336753066775,-2.89473584799781,0.00379477718438104,0.0142425771888147,"84658","Down",1.84641141817035
"5329",1774.56414060454,-1.35291561328241,0.467448842157802,-2.89425385468318,0.00380060760264076,0.0142606510099621,"5329","Down",1.8458606481461
"9509",26.6191164847916,1.95551479181877,0.675975121812422,2.89287982459422,0.00381727322524331,0.0143079016700771,"9509","Up",1.8444240531673
"4747",24.3947791413249,-1.37234655592654,0.47440627253738,-2.89276646488356,0.00381865112692417,0.0143092495028102,"4747","Down",1.84438314369204
"463",417.266098110945,-1.04368205568031,0.360844339487519,-2.89233317934979,0.00382392193354743,0.0143213622095438,"463","Down",1.8440156711377
"348",5.46706778217841,1.68549073335379,0.582800642038591,2.89205366599817,0.00382732564804774,0.014326473097061,"348","Up",1.84386071141763
"631",27.2165689502292,-1.07617059297652,0.372108214972421,-2.89209039111453,0.00382687827871196,0.014326473097061,"631","Down",1.84386071141763
"79690",54.8952297209268,-1.04789971157324,0.362393737871791,-2.89160546130621,0.00383278931204318,0.0143392852536823,"79690","Down",1.84347249567783
"55964",14.5548736582495,1.56779624465761,0.542336593511462,2.8908177383101,0.0038424089158593,0.0143714479865997,"55964","Up",1.8424994725819
"221061",135.760854892452,1.14349798814808,0.395619830788145,2.89039602961771,0.00384756779531581,0.0143869139594938,"221061","Up",1.84203235367261
"58191",1394.27259852479,-1.2759792526391,0.441545402355795,-2.88980305497761,0.00385483246410116,0.0144025806396037,"58191","Down",1.84155968449325
"146212",10.2859492692478,1.64748087773294,0.570338554803585,2.88860162767763,0.00386958964124291,0.0144538739071625,"146212","Up",1.84001573830366
"123872",14.659511182737,1.82980039024627,0.633963326912275,2.88628744372065,0.00389815956973261,0.0145470052862441,"123872","Up",1.83722640334628
"4166",7.63444067182812,1.71434595324551,0.59397068301849,2.88624674964326,0.00389866367122085,0.0145470052862441,"4166","Up",1.83722640334628
"112268354",21.496322110715,1.61106640933669,0.558418673825604,2.88505110027862,0.00391350133714873,0.0145830073692957,"112268354","Up",1.83615290474179
"80863",19.2365969739833,-1.26590001592627,0.43909803290615,-2.88295533356862,0.00393963299295858,0.0146687129880906,"80863","Down",1.83360798886224
"5101",84.8451054412032,-1.06381871196339,0.3693840786518,-2.87997987310709,0.00397700558676024,0.014772636136705,"5101","Down",1.83054199910444
"440021",5.83025880519707,-1.55430344267345,0.540607429622282,-2.87510558957621,0.00403892403533376,0.0149591356205878,"440021","Down",1.82509350045916
"26648",39.8426993065401,1.15729585843607,0.402726782570325,2.87365009858509,0.00405758220061037,0.0150124131340118,"26648","Up",1.82354949253015
"23710",784.778582075172,-1.10911636957015,0.386514630680356,-2.8695326943196,0.00411078831930669,0.0151812871124567,"23710","Down",1.81869140616513
"284338",8.04614877452062,1.40506441003333,0.490134445079064,2.86669183147632,0.0041478669274738,0.0152941028771613,"284338","Up",1.81547599281629
"23209",433.051278071549,-1.04851199263332,0.366438933984796,-2.86135531841936,0.00421833990988172,0.0155132458554457,"23209","Down",1.80929732471208
"100526772",23.6426440094524,1.69651000184346,0.592928216265974,2.86124012199556,0.00421987307611996,0.0155148237743688,"100526772","Up",1.80925315299982
"23217",6.75115032656078,-1.38201945638335,0.483196093411673,-2.86016272736274,0.00423423676911405,0.0155554235502198,"23217","Down",1.80811815922458
"414332",83.0695658325214,-1.25742590322869,0.439719146961747,-2.85961144043171,0.00424160359616702,0.0155702752699423,"414332","Down",1.80770370938691
"100506581",21.547431514145,1.00405044181614,0.351281113456149,2.85825341401816,0.00425980046696524,0.0156207505641429,"100506581","Up",1.80629810246677
"4973",33.8623599918858,1.60825454216022,0.562842212639451,2.8573808183617,0.00427153014040959,0.015655592470797,"4973","Up",1.80533049228028
"3201",5.81265650028413,-1.12915369760796,0.395425412327503,-2.85554155703267,0.0042963499899187,0.0157273577082017,"3201","Down",1.8033442353639
"145873",3.85164171918473,1.81272028013749,0.635381882636221,2.85296186384235,0.00433138192120812,0.015817859520995,"145873","Up",1.8008522857634
"54360",4.52965368649837,-1.53841216078265,0.539473871330121,-2.85168984549623,0.00434875093678115,0.0158682545218511,"54360","Down",1.79947084219404
"399668",10.0777051099766,-1.2467747541968,0.437236790577215,-2.85148638235789,0.0043515350130124,0.0158742912779985,"399668","Down",1.79930565507065
"8340",12.9402240814963,1.51699349545708,0.532161694803702,2.8506251206537,0.00436333794330573,0.0158967137099643,"8340","Up",1.79869264707206
"285848",137.215099662935,1.42912883146264,0.501354553422548,2.85053525834471,0.00436457110769525,0.0158970848121653,"285848","Up",1.7986825087655
"54734",36.267465789043,1.21935526980925,0.428407959889408,2.84624793181718,0.00442377370335068,0.0160835363724408,"54734","Up",1.79361845445701
"196500",14.5304360222529,-1.04588277265373,0.367482613417644,-2.84607416641255,0.00442618845981191,0.0160881531912253,"196500","Down",1.79349380704414
"112268237",26.2617857176414,1.81594188936422,0.638109817226267,2.84581405949489,0.00442980530622153,0.016092974188993,"112268237","Up",1.79336368526695
"284348",10.30628122893,1.40985599010099,0.495589224328115,2.84480759647745,0.00444382565268785,0.0161230905319184,"284348","Up",1.79255170742478
"5239",22.5979222060067,-1.23841706660955,0.435540859539682,-2.84340042842001,0.0044634953630848,0.0161860740237594,"5239","Down",1.79085847778032
"2161",31.2665645408631,1.12301209869783,0.395327390488376,2.84071411624298,0.00450126443633756,0.0163020020256225,"2161","Up",1.78775905723474
"253152",7.4909152744911,-1.27030305688164,0.447231268809459,-2.84037173935361,0.00450609894143602,0.0163153059327645,"253152","Down",1.78740477822513
"9848",157.378212677835,-1.34868244115831,0.474911740675931,-2.83985912674798,0.00451334604074407,0.016337336054749,"9848","Down",1.78681875753688
"10170",242.335902621133,1.43903994124447,0.506754965801062,2.83971552004366,0.00451537818389461,0.0163404826783639,"10170","Up",1.78673511907325
"5008",498.627270775727,-1.49386219546022,0.526810453898986,-2.83567302889296,0.00457292365597999,0.0165231995921396,"5008","Down",1.78190585104333
"8811",17.1846643098577,1.40248270021847,0.494729021301319,2.83485027122409,0.00458471677517761,0.0165530687082603,"8811","Up",1.78112148227967
"9060",66.6394641391999,-1.10269152639105,0.388977060560047,-2.83484975901509,0.00458472412557281,0.0165530687082603,"9060","Down",1.78112148227967
"110806298",6.52825241267565,-1.15147693426089,0.406342418211337,-2.83376010638891,0.00460038524235598,0.0165925599141649,"110806298","Down",1.78008660548678
"167127",4.10155920263044,1.64895232435647,0.581947056245701,2.83350917692464,0.00460399860169834,0.0165936266308074,"167127","Up",1.78005868609019
"85441",3250.53870773228,1.02011934441776,0.360224810166281,2.83189640365657,0.00462728378765307,0.0166681855380931,"85441","Up",1.77811167393821
"1962",40.8843557282301,1.16350468239626,0.412080022493365,2.82349208621243,0.00475035986743492,0.0170321253319442,"1962","Up",1.76873115577526
"7177",4.76515195483005,-2.32257461701299,0.823545226999575,-2.82021501778941,0.00479914802237575,0.0171640692314645,"7177","Down",1.7653797424042
"101927509",12.2508296349923,1.47202876271669,0.522413443071625,2.81774671429132,0.00483619438603241,0.0172745814724269,"101927509","Up",1.7625924658882
"55897",6.38830856626082,1.47096601139448,0.522497184773321,2.81526112343101,0.00487376149667018,0.0173999229042707,"55897","Up",1.75945267598889
"203859",22.2309464880762,1.16780847633981,0.4152412939449,2.81236113404168,0.0049179253605037,0.0175353177279366,"203859","Up",1.75608636059289
"441869",8.70785384757388,1.14753256199002,0.409385211273682,2.80306305745586,0.00506197711987564,0.0179623491132557,"441869","Up",1.74563686698886
"2781",270.967704972437,-1.38369339252453,0.494239631993339,-2.7996407065615,0.00511595146242124,0.0181264119893957,"2781","Down",1.74168815329112
"166614",9.02335485202417,-1.3563280207329,0.48500536528455,-2.79652168370787,0.00516559445638719,0.0182792579453923,"166614","Down",1.73804143862203
"140807",48.8766769625264,-1.68135195635438,0.602097339330742,-2.7924919220259,0.00523037735357476,0.0184666488875459,"140807","Down",1.73361190811638
"5327",5.24896212686211,1.26566732897281,0.453288234261335,2.79219100190259,0.00523524430675694,0.0184791893992837,"5327","Up",1.73331708328578
"282618",4.10921122260862,-1.56517981445838,0.560770913990111,-2.79112160672081,0.0052525733696382,0.018531047198131,"282618","Down",1.73210003780365
"257194",16.6537666163239,-1.02463798721669,0.367502900751584,-2.78810857035737,0.00530167727887756,0.0186948981487547,"257194","Down",1.72827689657311
"8224",92.6709910746278,-1.33922977427048,0.480852593074124,-2.78511500938093,0.00535087402371556,0.0188400104688677,"8224","Down",1.72491886021776
"644634",68.4484043351047,-1.11401329362065,0.40006013298289,-2.78461461609396,0.00535913767941612,0.0188596550641511,"644634","Down",1.72446625460536
"3202",9.06416746545482,-1.65062027986581,0.592842422063838,-2.7842479188982,0.00536520075001544,0.0188715396593785,"3202","Down",1.7241926659032
"63920",5.95963672723591,1.42830942428857,0.513271964748634,2.78275363235173,0.00538997178773128,0.0189444431118559,"63920","Up",1.72251815665992
"3576",4771.23506862346,-2.2985905383755,0.82688085925984,-2.77983280497388,0.00543868923671426,0.0190822624605016,"3576","Down",1.71937013508998
"3822",85.9115518734827,-1.23752096045218,0.445519603402664,-2.77770259939314,0.00547446993942683,0.0191695119832609,"3822","Down",1.71738894323434
"100533496",61.7167714234979,1.71084609928759,0.616857378017732,2.77348729261436,0.00554590062943131,0.0193713635706609,"100533496","Up",1.71283980775943
"79025",5.03694361004745,-1.46314130632957,0.528691944714642,-2.7674741802985,0.00564925201562367,0.0196785546166445,"79025","Down",1.70600680351992
"6710",73.7762456625986,-1.40336018382249,0.507332710303278,-2.76615356219309,0.00567218175657819,0.0197486367798406,"6710","Down",1.70446287772999
"1879",102.083002447306,-1.02525696762877,0.370893536955189,-2.76428911661687,0.0057046968401572,0.0198372680024471,"1879","Down",1.70251813929676
"1262",7.46306699033454,1.44899135659213,0.524636467686815,2.76189599053398,0.00574667820289607,0.0199585571198951,"1262","Up",1.69987085871588
"23145",22.2344609673571,-1.19018945834971,0.431246592058485,-2.75988142345318,0.00578223445981471,0.0200523096321116,"23145","Down",1.69783559797085
"9148",125.3384007274,-1.12955687119869,0.409396371294462,-2.75907885462485,0.00579645462619472,0.020096664299849,"9148","Down",1.69687602200189
"1839",561.43005315726,-1.63046336020089,0.590992948766769,-2.75885416840115,0.0058004413325813,0.0200969044889547,"1839","Down",1.69687083147981
"10371",4.35310558136416,-1.42423523040213,0.516500880511046,-2.75746912375625,0.00582507142575924,0.0201560954628832,"10371","Down",1.69559359341484
"6508",24.5387947046984,-1.1918403240194,0.432299117947418,-2.75698069817567,0.00583377950484512,0.0201713261816151,"6508","Down",1.69526554777515
"85458",18.0766971295734,-1.00981322008323,0.366684414063866,-2.75390276039206,0.00588892619832392,0.020344295953462,"85458","Down",1.69155733499807
"319101",54.1381660773843,-1.4034066433048,0.510038257330371,-2.75157132457176,0.00593101026112345,0.0204622038274752,"319101","Down",1.68904759356774
"5087",78.0653049451587,-1.37194454431595,0.498576680842661,-2.75172224661046,0.00592827782916271,0.0204622038274752,"5087","Down",1.68904759356774
"11221",309.211486526943,-1.09939825361021,0.399707962342232,-2.75050376071543,0.00595037085468663,0.0205138889229776,"11221","Down",1.68795200039764
"387597",9.90023166595964,1.06882199423999,0.389186632381892,2.74629677720071,0.00602722140464334,0.0207381281043213,"387597","Up",1.68323044711057
"100289279",26.4182219285881,-3.17503496213998,1.15638992994618,-2.7456439042908,0.00603922750270803,0.0207540290702013,"100289279","Down",1.6828975792846
"56911",869.085988510801,-1.07039602691301,0.391160188755888,-2.73646464461907,0.00621032680122339,0.0212640136965865,"56911","Down",1.67235475666329
"4137",11.2287488620145,-1.03460554108414,0.378285972458935,-2.73498256982407,0.00623835793146094,0.0213463913290288,"4137","Down",1.67067553320825
"283659",3.12367440112225,2.50797935079868,0.919697527208631,2.72696106774434,0.00639205804655785,0.0217801163118892,"283659","Up",1.66193980532052
"440503",34.2520196524832,-1.96955460218641,0.723244501510771,-2.72322098276897,0.00646487985345529,0.0219909202858276,"440503","Down",1.65775659570998
"5046",150.877678136606,-1.41379741075153,0.519354227880801,-2.72222181866211,0.00648446011583597,0.0220255338524842,"5046","Down",1.65707355640612
"146862",12.5847339680814,-1.23211699567657,0.452671947304746,-2.72187619094294,0.0064912456670266,0.0220350454817473,"146862","Down",1.65688604874147
"84900",13.9791180701783,1.17220346750025,0.430665890188354,2.72183958424843,0.00649196472348662,0.0220350454817473,"84900","Up",1.65688604874147
"25925",8.77038661778448,-1.24042864165133,0.455775526603143,-2.72157799014822,0.00649710523901134,0.0220471680315352,"25925","Down",1.65664718793151
"1800",8.77784166452041,1.80727272075573,0.664399524692201,2.72015956301744,0.00652504217312579,0.022131279897843,"1800","Up",1.65499346919532
"5321",71.8470452027462,1.1021898834413,0.406054820226445,2.71438689688905,0.00663985691943554,0.0224178927034859,"5321","Up",1.64940521378657
"1875",228.786770961586,1.10913100238625,0.408846030637246,2.71283299646449,0.00667107174836997,0.0224962563494348,"1875","Up",1.64788974775777
"408050",966.350683744269,1.54992474738091,0.571449398168856,2.71226945438645,0.00668242476691363,0.0225237305887911,"408050","Up",1.64735967599011
"1291",48.2733956465582,-1.05585970530965,0.389466343643447,-2.71104223135718,0.00670720830230227,0.0225855957498086,"1291","Down",1.64616844938232
"4056",4.96451491534444,-1.3286737908879,0.490208622052843,-2.71042517637455,0.00671970079992858,0.0226059936893934,"4056","Down",1.64577639797119
"23584",41.5555950487779,-1.61772166143839,0.597436137415933,-2.70777336710072,0.00677362603241521,0.0227384120897034,"23584","Down",1.64323986703432
"3727",5965.33606978696,-1.17188416344492,0.433046337504166,-2.70614034100599,0.00680702722876058,0.0228396243119732,"3727","Down",1.64131104405924
"2359",73.1138254523013,1.42284968477665,0.525960536435614,2.70524038632094,0.0068254976961786,0.022890666736683,"2359","Up",1.64034155744144
"2273",267.542947063722,-1.13810762198502,0.420863759322848,-2.70421863791786,0.00684652241042691,0.0229338099907793,"2273","Down",1.63952378999227
"348938",22.2777645777477,-1.24486306798717,0.461006593643622,-2.70031510427702,0.00692738303683203,0.0231715273586202,"348938","Down",1.63504533860715
"10842",15.635808667005,-1.95872402907948,0.72626448125175,-2.69698447279637,0.00699705328767924,0.0233711891605583,"10842","Down",1.6313191895021
"9671",6.25578321803725,-1.44371186868726,0.53569851727268,-2.69500814756293,0.00703869099038412,0.0234879329842977,"9671","Down",1.62915520089001
"719",1111.12629624254,1.29163042410343,0.479409203680548,2.6942128231733,0.00705550976917196,0.023521713707332,"719","Up",1.62853104031166
"115362",4509.85907852737,1.19164030544844,0.443374628060033,2.68766011862793,0.00719545951770011,0.0239167357234555,"115362","Up",1.62129809533709
"23428",89.3893959432444,-1.0251934727518,0.381936785723916,-2.68419673378322,0.00727043098959865,0.0241336122960138,"23428","Down",1.61737766844299
"64283",13.2353007771429,-1.39294740164324,0.518994711641984,-2.68393370952907,0.00727615318107482,0.0241427401417859,"64283","Down",1.61721344008283
"3728",1594.951228122,1.21272857614884,0.452105914466267,2.68239927270256,0.00730961606059542,0.0242366033231446,"3728","Up",1.61552824512372
"66002",4.61911576561473,-1.841433384183,0.686570399856026,-2.68207511504887,0.00731670290720206,0.0242486578424536,"66002","Down",1.6153122944946
"9582",344.320575797308,2.01174768837601,0.751365398839827,2.67745585767233,0.00741836269676187,0.0245277253211524,"9582","Up",1.6103427259998
"89790",1721.16202715677,-1.06193963650167,0.396810288314655,-2.67618977575398,0.00744644672908649,0.0246067788665548,"89790","Down",1.60894523359663
"1493",176.978456723508,1.19397495473412,0.446176635186658,2.67601407284499,0.00745035166921952,0.0246103294912724,"1493","Up",1.60888257177938
"1823",46.1645131446571,-1.24558479048467,0.466244710527766,-2.67152583688238,0.00755072594377553,0.0248600752019526,"1823","Down",1.60449756194765
"8329",11.9992366104201,1.12974094471997,0.42306562207531,2.67036810785554,0.00757681316940589,0.0249167747850436,"8329","Up",1.60350817323707
"84953",97.6335665168121,-1.13749939406013,0.427452953814061,-2.66111015004223,0.00778834736500582,0.0255109224179631,"84953","Down",1.59327383798806
"8630",8.17880614995949,1.02075653471823,0.383667807577144,2.66052171842171,0.00780196953679991,0.0255495865605016,"8630","Up",1.59261612315923
"4600",4367.60660239896,1.0738477134289,0.403728056398422,2.6598292994757,0.0078180263472273,0.025590241376948,"4600","Up",1.59192561766177
"81888",141.007986329027,1.06643205811478,0.401115533324397,2.65866557018204,0.0078450792839484,0.0256548880842548,"81888","Up",1.59082987555144
"388323",6.64427414790458,-1.44884068787492,0.545041047741311,-2.65822307123292,0.00785538793739837,0.025679886167763,"388323","Down",1.59040690571307
"4430",15.1172056472971,-1.23464563823534,0.46466235368831,-2.65708127296131,0.00788204385494039,0.0257517973144902,"4430","Down",1.58919245452471
"3755",45.0284353031876,-1.27935522551628,0.481902374647967,-2.65480166278669,0.00793550510797177,0.0258903454323704,"3755","Down",1.58686215511277
"23129",1738.81088661644,-1.03808560559304,0.3929828374039,-2.64155455859288,0.00825265141858775,0.0267018783638027,"23129","Down",1.57345818678744
"102724642",9.08545662342093,1.27473771788944,0.482943028473521,2.63951986618092,0.00830235570773519,0.0268256386307415,"102724642","Up",1.57144993010738
"29785",233.716367903076,-1.11141703793497,0.421158943248046,-2.63894915625806,0.00831634525448886,0.0268646628772592,"29785","Down",1.57081860499161
"10894",5.59146389028134,-2.00096816521153,0.758438261553292,-2.6382742889494,0.00833291517345379,0.0269058189378154,"10894","Down",1.57015378470793
"112268353",18.0712624074984,-3.31280135242893,1.25579185708795,-2.63801786397227,0.00833921887771345,0.0269103145121503,"112268353","Down",1.57008122642453
"1234",691.145209472687,1.16187947001359,0.440610636715998,2.63697553620906,0.00836488639363198,0.0269780545336967,"1234","Up",1.56898937177841
"10381",33.1766451029512,1.44344503823722,0.548037479795342,2.63384365386151,0.00844243529340255,0.0271782590476272,"10381","Up",1.56577836622841
"23493",6.52769360078448,-1.03843845314753,0.394313242753567,-2.63353684470728,0.00845006670178317,0.0271965958070218,"23493","Down",1.56548545312568
"10410",20236.4849537892,1.26341695896071,0.480025180417306,2.63198059289801,0.00848887117515208,0.0273152319105191,"10410","Up",1.56359510790681
"11240",1315.21606850893,-1.26124222460849,0.479685513202099,-2.62931064186028,0.00855581659357757,0.0274677484059749,"11240","Down",1.56117693923026
"9289",3877.87057626086,-1.11247338558249,0.423487979075279,-2.62693025670212,0.00861589912127275,0.0276353833490355,"9289","Down",1.55853450664884
"79746",41.3663995940935,1.09452290571166,0.417028823838897,2.62457375400622,0.00867575005929785,0.0277956315169297,"79746","Up",1.55602345433986
"10810",20.259638494757,-1.26683330260889,0.483413787947223,-2.6205982001225,0.00877756463502401,0.028077017585103,"10810","Down",1.55164902599816
"80728",4.40469574683633,-1.36509243815701,0.522216472817498,-2.61403557569137,0.00894797188623743,0.0285053051338491,"80728","Down",1.54507430574781
"80763",33.4230283780755,-1.61030648863617,0.618226934704233,-2.60471745606904,0.00919500512357553,0.0291431131059379,"80763","Down",1.53546405817631
"8082",55.0311943669777,1.22463207325907,0.470519230981749,2.60272480405073,0.00924861586485327,0.0292706193993059,"8082","Up",1.53356808730811
"9625",297.05185420584,-1.26889662498095,0.487612275026184,-2.60226554984247,0.00926101122241665,0.0292900584509113,"9625","Down",1.53327976164435
"128434",7.2808867711459,1.68331667708248,0.647342762320957,2.60034833949048,0.00931291736239482,0.0294277298800027,"128434","Up",1.53124323904257
"100132074",4.4878901906357,-1.59394031297294,0.613762731325549,-2.59699755560344,0.00940425933357448,0.0296896544945829,"100132074","Down",1.52739485636048
"10398",736.001636192858,-1.50208364471793,0.578503872977455,-2.59649712799151,0.00941796930330183,0.0297202760847804,"10398","Down",1.52694716053933
"653121",16.3571543656913,1.14658266488335,0.441711472061176,2.59577289114319,0.00943784243704256,0.0297756088741181,"653121","Up",1.52613934897311
"6556",2796.50189392048,-1.06056119459425,0.408786137219468,-2.59441575442873,0.00947518314948083,0.0298465083202207,"6556","Down",1.52510646875433
"127435",39.306353149894,-1.16587152473125,0.450162647567004,-2.5898895233366,0.00960067373769465,0.0301741595531392,"127435","Down",1.52036481755264
"23066",19.4803964155138,-1.00375960659369,0.387616094712411,-2.58957153814374,0.00960954539283597,0.0301885383098884,"23066","Down",1.52015791444685
"2297",4.33051656785129,-1.48712954903141,0.57537586983631,-2.5846227257575,0.00974856035607721,0.0305365069379396,"2297","Down",1.51518064325668
"653082",24.5983343355045,-1.08526119344029,0.41988669288444,-2.58465250704902,0.00974771844995205,0.0305365069379396,"653082","Down",1.51518064325668
"100507588",5.39367987948053,-1.11225373548033,0.430404753140039,-2.58420411802107,0.00976040110182255,0.0305667832143549,"100507588","Down",1.51475026313073
"8497",10.9062854503975,-1.09959570706841,0.425825202996089,-2.58227014120277,0.00981527216828844,0.0307249286052103,"8497","Down",1.51250911760015
"400668",23.2239880988721,-1.40955114870964,0.546803234477874,-2.57780323859199,0.00994305972970811,0.0310626668123296,"400668","Down",1.50776126167375
"201191",75.5023842096673,-1.58163325118604,0.613630609402159,-2.57750057926051,0.0099517714723239,0.0310829723781052,"201191","Down",1.50747745751317
"152519",5.06628832383332,1.45167479497403,0.563478645520053,2.57627295464628,0.00998717716686414,0.0311589284078097,"152519","Up",1.5064174866406
"101929355",12.7468355476808,-1.28939929192321,0.500625369351077,-2.57557720974981,0.0100072927905626,0.0312078291817545,"101929355","Down",1.50573643983112
"81493",4.57111469687708,1.84155001554193,0.715364189579981,2.57428320059351,0.0100448016370102,0.0312970183155804,"81493","Up",1.50449703596066
"9623",19.4505243570409,-1.56369972993363,0.60797148513389,-2.57199518097344,0.0101114299197754,0.0314557921701759,"9623","Down",1.50229937324152
"106821730",35.4145442919438,-1.02754248667925,0.400098708304176,-2.56822245449005,0.0102221533561975,0.0317510386740247,"106821730","Down",1.49824206303282
"9086",377.922177118502,1.94640008656366,0.758083791468961,2.56752631894697,0.0102427013582915,0.0318008041287478,"9086","Up",1.49756189812052
"57475",20.230294733047,1.20448716428649,0.470054199749208,2.56244315002212,0.0103938602369209,0.0322051374674966,"57475","Up",1.49207484271991
"3485",57.6176562995147,1.85751836969596,0.725588391884881,2.56001665747523,0.0104667146274367,0.0323747026072507,"3485","Up",1.48979421230446
"10267",17.270001372336,-1.29361795009886,0.505366373655029,-2.55976261487849,0.0104743683576934,0.0323906694836345,"10267","Down",1.48958007545252
"2350",56.3885526564976,-1.0690304187547,0.41783398539148,-2.55850518658289,0.0105123251979288,0.0324800337909621,"2350","Down",1.48838352760756
"9936",2447.66996422074,-1.07833384423069,0.422055887200974,-2.55495510649566,0.0106201494359612,0.0327584188647965,"9936","Down",1.48467706829335
"440829",25.6604391601738,-1.3861950916122,0.543522906456935,-2.55038945947724,0.0107602640926508,0.0331295422940246,"440829","Down",1.47978456413472
"7051",20.2108739317774,1.01368227644577,0.398172666066348,2.54583592203906,0.0109016416352859,0.0334768068747898,"7051","Up",1.47525597310391
"728340",66.7234517218815,1.7417616977441,0.684809632620238,2.54342464646668,0.0109771731136704,0.0336425815906862,"728340","Up",1.47311068565738
"347744",4.14352242765533,1.70344628913176,0.670737664523747,2.53966100195265,0.0110959961098215,0.0339401256715742,"347744","Up",1.46928655393437
"9173",30.8608156413582,1.13132307401114,0.446498726535406,2.53376551102308,0.0112844215778896,0.0343966793953371,"9173","Up",1.46348348155317
"1066",867.091447201032,1.29711842788716,0.512316065481813,2.53187146623496,0.0113455571951031,0.0345530493510161,"1066","Up",1.46151361955225
"7053",19.5041263893572,-2.01777985361446,0.797610219996735,-2.52978184459913,0.0114133466156703,0.0347293951155043,"7053","Down",1.45930278076313
"80164",5.65305359440649,-1.5470484698251,0.611857471299071,-2.52844582667344,0.0114568765750907,0.0348392187044309,"80164","Down",1.45793159293415
"100128071",16.2102524321813,-1.20195882688724,0.475795002662563,-2.52621154102302,0.0115300031224865,0.0350009945727327,"100128071","Down",1.45591961475507
"79696",10.297934648961,1.02334145974741,0.405471342855523,2.52383177696492,0.0116083463364458,0.0351853163860234,"79696","Up",1.45363853944726
"374618",67.7172925563772,1.14865323270922,0.455994954743491,2.51900425818389,0.011768723344649,0.0356102714123617,"374618","Up",1.4484247162319
"1047",4.49624606595462,1.54201861254551,0.615355604894081,2.50589837856589,0.0122140718293882,0.0367524629297257,"1047","Up",1.43471355179208
"727909",12.6799660042615,-1.88388260232889,0.754691786073999,-2.49622778078596,0.0125521970377233,0.037613649108836,"727909","Down",1.42465453121588
"375686",22.2790213693442,1.61339320108521,0.646797706249174,2.49443247169412,0.0126158729031404,0.0377509041812031,"375686","Up",1.42307264201613
"8341",6.60185637946939,1.45387041940118,0.585095166668077,2.48484435050197,0.0129608089697645,0.0386185936478224,"8341","Up",1.41320354573299
"10279",12.1669315497778,1.21673459413088,0.489916265625515,2.48355623093545,0.0130077795848937,0.0387503325687781,"10279","Up",1.41172456587598
"7424",11.055592733492,1.61096387764345,0.649292226371701,2.48110760026444,0.0130974829519159,0.038992760686509,"7424","Up",1.40901601568472
"7052",233.682716988628,1.17948485304085,0.47656417311067,2.47497592053976,0.0133245159166116,0.0395429984498893,"7052","Up",1.40293040227404
"2239",10.2252102991838,-1.15388276681055,0.467635431457079,-2.46748361905604,0.0136066446894965,0.0402540084456991,"2239","Down",1.39519086662109
"2615",17.123715211025,-1.23734306430698,0.502344242558953,-2.46313774395805,0.0137726992954758,0.0406157335781798,"2615","Down",1.39130569837994
"7851",8.13449825276069,1.08074729119503,0.439266824231639,2.46034353512917,0.0138804080733931,0.0408647589036917,"7851","Up",1.38865105901375
"100527949",306.568798704438,1.44341183789244,0.587381971765915,2.45736489588359,0.01399604442099,0.0411104548920886,"100527949","Up",1.3860477176728
"50486",2706.50012693495,-2.32107338983317,0.945664217821236,-2.4544371523127,0.01411053274193,0.0413775471806345,"50486","Down",1.38323525744719
"57549",4.81657105999933,1.47404947853055,0.601049225346136,2.452460491371,0.0141882959340985,0.0415503518186576,"57549","Up",1.38142529456929
"107987044",18.8784767851088,1.54544554690118,0.631104447910027,2.44879520659235,0.0143334919024328,0.0419176333429732,"107987044","Up",1.37760324546856
"57801",92.635037551722,1.14834973769584,0.469269933296487,2.44709847406803,0.0144011486448414,0.0420804617919134,"57801","Up",1.37591950287097
"100529251",7.03773940158544,-1.95631046474556,0.799736280545845,-2.44619446726903,0.0144373105500456,0.0421510674941285,"100529251","Down",1.3751914222032
"9966",56.8731389340582,1.2582652931096,0.51555848985614,2.44058689337208,0.0146634178342397,0.0427401674770249,"9966","Up",1.36916378038895
"654254",4.66193562676669,-1.01570042093423,0.416593479998245,-2.43810925926758,0.0147643107574809,0.0429807530068619,"654254","Down",1.36672598009957
"4241",28.8005926794867,1.03920003365194,0.426910810544011,2.43423218148937,0.0149234190169515,0.0433182987040287,"4241","Up",1.36332860832468
"9536",17.8038670111301,-1.39103016415137,0.573417083990084,-2.42586104074887,0.0152721166433613,0.0441935302867613,"9536","Down",1.35464130455173
"5332",4.46529323368295,1.34624081318662,0.555619014487322,2.42295669889702,0.0153947615527042,0.0445117673536213,"5332","Up",1.35152516157712
"51299",23.4056935697258,1.54329916595033,0.637242126647147,2.42184108899141,0.0154421016298644,0.0446027568556742,"51299","Up",1.35063829711287
"112268368",67.9271176171372,-1.95099838878132,0.80596532352689,-2.42069767994954,0.0154907542499419,0.0447248980316793,"112268368","Down",1.3494506409077
"128229",4.34896584887426,1.4740717851994,0.609618272753454,2.41802428024588,0.0156050355045101,0.0450080131768326,"128229","Up",1.34671015803204
"9762",82.6904545361573,-1.00393240023727,0.415261884270157,-2.41758860676976,0.0156237296003091,0.0450347996602141,"9762","Down",1.34645176489884
"57864",225.307974604371,-1.13522094751526,0.470281168564571,-2.41391963658735,0.0157819428285377,0.0454163138698774,"57864","Down",1.34278811738479
"2206",97.9476429308228,-1.01408758143057,0.420847875636502,-2.40962979769552,0.0159687147412745,0.0458332748501816,"2206","Down",1.33881911071177
"10769",93.2596858060831,-1.26958005316253,0.528016234996601,-2.40443374467587,0.0161975420590127,0.046355979839765,"10769","Down",1.33389423468237
"246777",7.51063005504734,1.26780638083668,0.528584263321392,2.39849437225077,0.0164626294626066,0.047018875855396,"246777","Up",1.32772775835941
"6854",6.45956305952588,1.59947986838798,0.667167245045946,2.39741965791175,0.0165110014138987,0.0471378691320814,"6854","Up",1.32663005365504
"482",36.8495586495554,1.30906899590195,0.54666432084795,2.39464868289082,0.0166362968981338,0.0474377524376168,"482","Up",1.32387589567802
"85413",26.6616416679885,1.34457204239087,0.561940955116008,2.39272832874994,0.0167236188547674,0.047648072211515,"85413","Up",1.32195466574628
"399939",4.79494895370593,-1.47777631946876,0.617921108011489,-2.39152911319754,0.0167783532296202,0.0477640478282729,"399939","Down",1.32089887545091
"3013",14.3914416602303,1.88973059206498,0.791084780242957,2.38878390693423,0.016904241849712,0.0480457941893513,"3013","Up",1.31834462340232
"284013",11.7748211142649,-2.20007539829608,0.924258576975072,-2.38036784629743,0.0172953634702771,0.0489298263507818,"284013","Down",1.31042632552416
"83439",29.135038621895,1.15672436143072,0.486160826018716,2.37930392480078,0.0173453681368269,0.0490120878863244,"83439","Up",1.30969679640197
"107987158",19.1757223620201,-1.30240384475811,0.549134153518362,-2.37174074206361,0.0177045087216254,0.049707044266989,"107987158","Down",1.30358206057255
"9241",85.9296855784948,-1.20300820967174,0.507549427703999,-2.37022867923186,0.0177770862211454,0.0498510508041379,"9241","Down",1.30232568281614
