"Gene","baseMean","log2FoldChange","lfcSE","stat","pvalue","padj","PlotGene","Regulation","minusLog10Padj"
"137797",68.7943135531866,-5.79880438662694,0.664583003780506,-8.7254780119868,2.6505860363831e-18,2.06922416573641e-15,"137797","Down",14.6841924582618
"26207",1354.70766127648,-1.16769121169126,0.133947033635934,-8.71755932173176,2.84262884904209e-18,2.10234845193366e-15,"26207","Down",14.6772953005769
"55893",877.294829106627,-1.25827998982069,0.144868364449322,-8.68567816447506,3.76489447339594e-18,2.51022290973251e-15,"55893","Down",14.6002877111212
"4907",232.645239084918,-1.78453096769216,0.214790884528926,-8.30822486534263,9.71443102572029e-17,3.2236960824746e-14,"4907","Down",13.4916459085313
"23544",60.756628272545,-3.00876486884653,0.364040747257286,-8.26491235257267,1.39797417397286e-16,4.17964533886525e-14,"23544","Down",13.3788605684423
"57593",28.5476622735381,-2.7411233048774,0.333428916552641,-8.22101254209798,2.01792159868879e-16,5.65044702900873e-14,"57593","Down",13.2479171920829
"4145",833.249117865287,-2.0725156756122,0.268652882363003,-7.71447399850275,1.21482197250545e-14,1.93984981336893e-12,"4145","Down",11.7122318926213
"23268",247.146454946017,-1.02703486469854,0.133592818943789,-7.68779993429641,1.49686631637594e-14,2.31142477777085e-12,"23268","Down",11.6361202355292
"728763",15.9071065908313,-3.96880337339025,0.527058536960668,-7.53009978033318,5.07015633860911e-14,6.83597012299513e-12,"728763","Down",11.1651998440564
"91010",929.670124781204,-1.22066701848767,0.167257523201601,-7.29812922684718,2.91796320162686e-13,3.25384299383665e-11,"91010","Down",10.487603406702
"3707",2217.67287733895,-1.12928034405866,0.155180042291745,-7.27722668057773,3.40752432292086e-13,3.65515509814381e-11,"3707","Down",10.4370941900224
"55450",48.7904484347015,-1.96422543179703,0.270386023997178,-7.26452278397913,3.74357523769747e-13,3.98520600303976e-11,"55450","Down",10.3995492241622
"8722",103.185284159413,-1.56420122969764,0.219892959701226,-7.11346662404727,1.13163861494145e-12,1.12778622816718e-10,"8722","Down",9.94777321305279
"56981",116.356891652909,-1.29995524152524,0.184041668718935,-7.06337456389024,1.62506898106676e-12,1.56407324122946e-10,"56981","Down",9.80574291398906
"911",192.648349413146,-2.24204835977471,0.321909969786666,-6.96483045014278,3.28799495728403e-12,2.90584309055064e-10,"911","Down",9.53672784039857
"5644",181.591121634534,-1.74566347343152,0.250684114562058,-6.96359829772689,3.3168953278291e-12,2.91306332166591e-10,"5644","Down",9.53565007494968
"92840",48.9781612125686,-1.69997580325044,0.244256020395999,-6.95981126890695,3.40728889821951e-12,2.97386481973792e-10,"92840","Down",9.52667877669375
"27086",1744.38685730646,-1.16239183492177,0.167142314617994,-6.95450363708574,3.53805513025064e-12,3.06893522779519e-10,"27086","Down",9.51301227758577
"25777",9350.74623218947,-1.05010553291797,0.151017010678927,-6.95355793494395,3.56186575315148e-12,3.07063420633648e-10,"25777","Down",9.51277191642295
"56172",723.418972239795,-1.07525087571093,0.155212106800159,-6.92762245083981,4.27972062212854e-12,3.62280928808134e-10,"56172","Down",9.4409545274929
"23467",128.591866465832,-1.67267913412635,0.242276833932597,-6.90399947438517,5.05584867749791e-12,4.20383346841424e-10,"23467","Down",9.37635449654038
"57692",116.78155713177,-1.31025429236796,0.192769919231683,-6.79698522253991,1.06831050774784e-11,8.23947875657475e-10,"57692","Down",9.08410026164069
"9940",39.711455045854,-1.95401630653051,0.292340336893693,-6.68404616103686,2.32433537279798e-11,1.62495326659488e-09,"9940","Down",8.78915912474776
"3111",889.866376721316,-1.53567280171906,0.233873957305726,-6.56624114719876,5.16012266609384e-11,3.20840901344914e-09,"3111","Down",8.49371027225786
"64131",731.234743538384,-1.20268924868089,0.183627294315071,-6.54962135758151,5.76831492484798e-11,3.47881379072806e-09,"64131","Down",8.45856881696198
"100507050",12.8635866870513,-2.9856300152558,0.46092646554365,-6.47745408095482,9.32831479059582e-11,5.18108614377283e-09,"100507050","Down",8.28557918681842
"1952",158.23528466261,-1.31499369318201,0.203784969370745,-6.45284928148773,1.09766514089984e-10,6.00170838907572e-09,"1952","Down",8.22172510989283
"3820",717.974022306598,-1.96514373476728,0.304651275715274,-6.45046941015896,1.11504238308167e-10,6.07309130506345e-09,"3820","Down",8.21659018948716
"5729",166.631473661167,-1.94686475281226,0.302519708238249,-6.43549725784813,1.23069751678671e-10,6.62596226279189e-09,"5729","Down",8.17875104190832
"1397",182.785617468727,-2.51745148731661,0.392123287286641,-6.42005096085088,1.36228733267075e-10,7.22083614291176e-09,"1397","Down",8.14141251001661
"23529",83.7117794348275,-1.78984232100865,0.281186048992172,-6.36533116569549,1.94868822527797e-10,9.88554763234873e-09,"23529","Down",8.00499926695533
"81794",179.16240519705,-2.03953159711513,0.322866497417515,-6.31695023617673,2.66775438964548e-10,1.31534332222099e-08,"81794","Down",7.88096087570239
"50861",460.712197302541,-1.37117324492033,0.217976012878648,-6.29047768519233,3.16490545031116e-10,1.53886683002673e-08,"50861","Down",7.8127989613816
"2205",392.512181586752,-2.41455202982701,0.384236892366199,-6.28401925426204,3.29929817268805e-10,1.59318687019287e-08,"2205","Down",7.79773328136532
"29997",7406.77589207189,-1.12345194196787,0.179163095057642,-6.27055444429795,3.59764724693445e-10,1.71369963098044e-08,"29997","Down",7.76606529678812
"54753",105.407613652797,-1.22598667462055,0.19652034788552,-6.23847193337316,4.41865881531189e-10,2.06368014492934e-08,"54753","Down",7.68535761424286
"10316",278.07308210705,-2.0443178397845,0.328241411036628,-6.228092407135,4.72148573555003e-10,2.18964744409073e-08,"10316","Down",7.65962580543919
"9022",344.874849117494,-1.97397327590229,0.318055145284351,-6.20638686457187,5.42166186518442e-10,2.4559622334766e-08,"9022","Down",7.60977831583658
"5140",1231.51324101753,-1.06244813166535,0.171374213358973,-6.19957991836183,5.66140643022706e-10,2.5498103576138e-08,"5140","Down",7.59349211905803
"84525",393.469467631874,-1.79391771050245,0.289467341555594,-6.19730606175455,5.743774447719e-10,2.57864276483538e-08,"84525","Down",7.58860881916755
"116987",221.202403517084,-1.65821906302343,0.267870011675042,-6.19038709355432,6.00166442391879e-10,2.6604223496816e-08,"116987","Down",7.57504941240058
"3568",47.8495237854928,-1.50406094628884,0.242994413067058,-6.18969352959473,6.02813010868911e-10,2.66375107821696e-08,"3568","Down",7.57450636148663
"162515",18.2589389901804,-1.88438610668424,0.305028188720162,-6.17774414420763,6.50239766792709e-10,2.81143667783728e-08,"162515","Down",7.55107169368598
"219681",6.76360442894266,-2.36084224201665,0.382990699135293,-6.1642286544997,7.0827536240027e-10,3.04363467658979e-08,"219681","Down",7.51660747656064
"10225",2049.65288172203,-1.26672672327667,0.207284914845972,-6.1110415305327,9.89830008128976e-10,4.00838365251538e-08,"10225","Down",7.39703071773053
"126917",827.606815209529,-1.07842107791745,0.176595527293078,-6.10672928384932,1.01693508924964e-09,4.10631375693563e-08,"126917","Down",7.38654786994354
"1292",469.918260626505,-1.81278052661139,0.296910169190043,-6.10548480557796,1.02489105127531e-09,4.12658139040708e-08,"1292","Down",7.3844095846862
"11251",70.921284963385,-1.77253682680592,0.291274002232032,-6.0854618442531,1.16155985628269e-09,4.6238637678426e-08,"11251","Down",7.33499496994778
"1911",821.216696452457,-1.37717929780893,0.226790438786254,-6.07247512364002,1.25953615084265e-09,4.98563436384252e-08,"1911","Down",7.30227957492736
"387509",91.6960966818713,-1.74087880729024,0.288258535869923,-6.03929664055399,1.54787454470205e-09,5.9919374937061e-08,"387509","Down",7.22243272572917
"57118",1140.89875364851,-1.47460852670439,0.244708572150479,-6.02597822277187,1.6808981681384e-09,6.45354673734448e-08,"57118","Down",7.19020154038591
"57519",183.886891129208,-1.16544556653665,0.193763905541219,-6.01477124070835,1.80140903698838e-09,6.84145940209751e-08,"57519","Down",7.16485124584251
"11096",11.8583910112909,-4.11155794234212,0.683872492515602,-6.01217037874691,1.83055777790927e-09,6.93342261325633e-08,"11096","Down",7.15905232742109
"11076",52.150505404442,-1.54889554775573,0.259123305032832,-5.97744594049337,2.26663107747174e-09,8.42611108482351e-08,"11076","Down",7.07437281969198
"26053",564.293835641032,-1.7575778783106,0.294906417881733,-5.95978171968928,2.52575080743201e-09,9.31544628504845e-08,"26053","Down",7.03079633405909
"3899",259.89785291051,-1.56187433945335,0.262311328648568,-5.9542771084274,2.61223870191709e-09,9.55916099982786e-08,"3899","Down",7.0195802237422
"6844",3864.88013205195,-1.20273937254762,0.202555334815776,-5.93783112965905,2.88817301034041e-09,1.04599502941504e-07,"6844","Down",6.9804703792381
"57125",170.536652079473,-1.92342129881912,0.325244248326477,-5.9137749820818,3.34354587933479e-09,1.19855884429624e-07,"57125","Down",6.92134063903893
"5796",66.9463636396755,-1.50077378877671,0.254366007763906,-5.90005638713202,3.63377363818686e-09,1.28619111243833e-07,"5796","Down",6.89069449571136
"726",103.953347583008,-1.75433437101319,0.297338679070577,-5.90012162728679,3.63233705254677e-09,1.28619111243833e-07,"726","Down",6.89069449571136
"23508",514.539121184993,-1.23832569503209,0.212363810565391,-5.83115217105592,5.50459560478437e-09,1.88200918341679e-07,"23508","Down",6.72537826172837
"913",13.0038087439445,-3.12185385037101,0.535436060390296,-5.8304886079122,5.52653119891854e-09,1.88492272833018e-07,"913","Down",6.72470644882565
"23492",963.471843209987,-1.01839512541164,0.174821702774617,-5.82533580927635,5.69978725424442e-09,1.93462344194789e-07,"23492","Down",6.71340355415859
"8857",408.829477383787,-1.7079922472596,0.294750636948431,-5.79470248119745,6.84424040449073e-09,2.25763535596018e-07,"8857","Down",6.6463462022174
"58473",360.63445858613,-1.22013097514343,0.210805157415061,-5.78795599740038,7.1248068177859e-09,2.33374791150414e-07,"58473","Down",6.63194605769745
"256949",24.5800034056822,-1.41115975174644,0.245209644534203,-5.75491128999867,8.66873042098438e-09,2.75595022343151e-07,"256949","Down",6.55972863069919
"10439",27.581690973088,-3.35303991192821,0.582773098454846,-5.75359418754641,8.73657359155612e-09,2.77124903179564e-07,"10439","Down",6.55732444560894
"5348",12.7724573152652,-2.15948701540501,0.376185177306042,-5.74048938044196,9.44033412075062e-09,2.96106194341044e-07,"5348","Down",6.52855250736924
"201305",59.113416485399,-1.55152762105246,0.270742688204639,-5.73063535470163,1.00055149725044e-08,3.12530749779425e-07,"201305","Down",6.5051072461518
"284194",55.6040656726911,-2.39859377611186,0.418559984911212,-5.73058548972535,1.0008456974149e-08,3.12530749779425e-07,"284194","Down",6.5051072461518
"2334",31.8248223057355,-1.37511939503719,0.240379023340826,-5.72062976180519,1.06129937176158e-08,3.30673586962168e-07,"2334","Down",6.48060049360974
"57690",801.830849686448,-1.0556710938398,0.184707482374971,-5.71536724049275,1.09467355968138e-08,3.40317541164661e-07,"57690","Down",6.4681156652601
"11238",348.47336480364,-1.03467597601641,0.18153372477278,-5.69963502545593,1.20064195838783e-08,3.66932773454726e-07,"11238","Down",6.43541349648913
"27115",18.1689313434476,-1.6139659134446,0.283173804045444,-5.6995593885711,1.20117474942481e-08,3.66932773454726e-07,"27115","Down",6.43541349648913
"59285",24.8974868685544,-2.97402322517728,0.521797236088885,-5.69957642449197,1.20105472727126e-08,3.66932773454726e-07,"59285","Down",6.43541349648913
"770",91.1502947024271,-1.33319380193894,0.23441738023223,-5.68726517043313,1.29089931698066e-08,3.91786548643892e-07,"770","Down",6.40695047888241
"326624",1532.54265744394,-1.19191759229765,0.210337212031105,-5.66669863495855,1.4557505078178e-08,4.26105720247638e-07,"326624","Down",6.37048263558291
"924",2793.85019239692,-1.27878341667571,0.225776161000506,-5.66394348725261,1.47933145159231e-08,4.31277293729773e-07,"924","Down",6.36524340637399
"53822",45.7325292225398,-2.27369380073881,0.402801272323616,-5.64470362177032,1.65466042524513e-08,4.73549659787057e-07,"53822","Down",6.32463447106278
"221476",42.2749379677088,-1.76555093284212,0.31428289014037,-5.61771253934175,1.93502076579595e-08,5.46002244999291e-07,"221476","Down",6.26280557160149
"51754",158.729400708606,-1.18236583243945,0.210565187722775,-5.61520090394109,1.96333992167397e-08,5.52882817221695e-07,"51754","Down",6.25736690708018
"55190",13.4981628999548,-2.13744732155636,0.38132582478332,-5.60530439492503,2.07889282088456e-08,5.81924341017329e-07,"55190","Down",6.23513347654363
"6812",30.1679606336914,-1.44451155222031,0.259284107793182,-5.57115345215269,2.53058312067006e-08,6.91824008008866e-07,"6812","Down",6.16000437096454
"9143",17.4771827164183,-1.88916857143113,0.339470975515648,-5.56503709503156,2.62096649593582e-08,7.15142159240585e-07,"9143","Down",6.14560761856682
"3815",19.9642892187589,-1.54248803990473,0.278484240100939,-5.5388701326353,3.04429278950634e-08,8.04105305980134e-07,"3815","Down",6.09468707213302
"57732",318.948840002891,-1.30609139614613,0.236081962240368,-5.53236419992274,3.15943033367286e-08,8.25210316891656e-07,"57732","Down",6.08343535105624
"11346",227.20677099701,-1.82306878022306,0.330469891521915,-5.51659569296093,3.45629328327482e-08,8.92029751467666e-07,"11346","Down",6.04962066055352
"91584",95.8775577206297,-1.67553771808554,0.303852559622272,-5.51431167856032,3.50147604801505e-08,8.96224798300682e-07,"91584","Down",6.04758304344446
"57595",393.776073562993,-1.81229055646652,0.329469914694757,-5.50062532460832,3.78446643775874e-08,9.53034451315159e-07,"57595","Down",6.02089139973352
"23174",319.962433205946,-1.10844044327184,0.201639723545497,-5.49713332165792,3.86014862490294e-08,9.6862157994886e-07,"23174","Down",6.01384585952207
"864",8697.73010191999,-1.21527834612282,0.221074878752003,-5.49713451380466,3.86012253875588e-08,9.6862157994886e-07,"864","Down",6.01384585952207
"50489",4.02298940363415,-3.0047885527161,0.547408779944206,-5.48911282172414,4.03957551059573e-08,1.00467460309542e-06,"50489","Down",5.99797457601749
"57562",48.234460298593,-1.43439895568086,0.261315405029223,-5.48914808723372,4.03876916031437e-08,1.00467460309542e-06,"57562","Down",5.99797457601749
"57571",240.251761258571,-1.38397760053735,0.252340844003471,-5.48455643795147,4.14508139387684e-08,1.02727837295868e-06,"57571","Down",5.98831185488554
"283420",14.2198362487389,-2.44271340190105,0.445837558119163,-5.47893141216282,4.27902180283679e-08,1.05111159022422e-06,"283420","Down",5.97835117507927
"66004",63.7477550753374,-2.2318214773147,0.407693205407374,-5.47426704127833,4.39326152829294e-08,1.06806420407565e-06,"66004","Down",5.97140263996881
"55672",138.194243398455,-1.02155373944192,0.186822956070128,-5.46803112920694,4.5506197645072e-08,1.10060772686498e-06,"55672","Down",5.95836744253064
"10811",44.4321067019785,-1.3541601129981,0.247800924785258,-5.46470968246628,4.63665013794148e-08,1.11374714082656e-06,"10811","Down",5.95321339785953
"259197",334.868884576762,-1.52102396951302,0.278958633116163,-5.45250724998942,4.96645467331867e-08,1.17886184238976e-06,"259197","Down",5.92853708939478
"284129",278.176053325585,-1.25115885473685,0.229821501130889,-5.44404613397893,5.20837212908488e-08,1.23212197235523e-06,"284129","Down",5.90934629761089
"5990",190.270210405895,-2.10346253059394,0.386849891664733,-5.43741274307225,5.40598097277519e-08,1.27457793002411e-06,"5990","Down",5.89463360582456
"155066",612.736043801147,-1.04821419716682,0.193838679364593,-5.4076627048992,6.38525286356605e-08,1.48552273574222e-06,"155066","Down",5.82812069698598
"29800",39.207045867554,-2.19682601556473,0.406797411203462,-5.40029497499917,6.65314091335566e-08,1.5421326866439e-06,"29800","Down",5.81187825754438
"642273",12.7622200548654,-2.32764976274174,0.432577535374592,-5.38088451756078,7.41207344296034e-08,1.69356839057689e-06,"642273","Down",5.77119726075514
"51673",187.723863346965,-2.44205889223417,0.453967609075552,-5.37936813863684,7.47477194907389e-08,1.70512167903225e-06,"51673","Down",5.76824462391682
"25927",6.73171812086124,-2.02340878890833,0.37765267577619,-5.35785635504796,8.42151516618741e-08,1.89342609784425e-06,"25927","Down",5.72275164112398
"375704",39.9246970883856,-2.11503847461068,0.395346606542036,-5.3498333857225,8.80352438040073e-08,1.96598365795743e-06,"375704","Down",5.70642009651833
"60468",563.338249129407,-1.20369042968937,0.225005086920885,-5.3496142961097,8.81418804805852e-08,1.96598365795743e-06,"60468","Down",5.70642009651833
"6196",107.073755801809,-1.14130616522749,0.213600855298696,-5.3431722622623,9.13338899906874e-08,2.01591803424032e-06,"6196","Down",5.69552712996501
"92979",308.520956720834,-1.02077909272103,0.191087824299029,-5.34193686314433,9.19586863043017e-08,2.01591803424032e-06,"92979","Down",5.69552712996501
"2625",823.54965657384,-1.33345531568206,0.25000450518516,-5.33372514505078,9.62181305994703e-08,2.08650798022185e-06,"2625","Down",5.6805799499124
"123096",576.194504077284,-1.03222245395259,0.193555635940662,-5.33294961387243,9.66301309818711e-08,2.09221356018067e-06,"123096","Down",5.67939398745568
"6640",82.1729180098549,-1.04584494677169,0.196391484463814,-5.32530699906385,1.007826761143e-07,2.17067113984719e-06,"6640","Down",5.66340596787125
"117145",433.819532626998,-1.2055098551986,0.228044307710548,-5.28629662937578,1.24817437596414e-07,2.60614358559408e-06,"117145","Down",5.58400166049092
"51386",5620.28549110404,-1.01586254444975,0.192336709144262,-5.28168829013186,1.27998840964779e-07,2.65203880742395e-06,"51386","Down",5.57642012516667
"93589",137.144323903386,-1.24118681280802,0.235082720709418,-5.27978751080661,1.29333786961711e-07,2.67264466821465e-06,"93589","Down",5.57305877745431
"283149",4548.12328650978,-1.20206862704104,0.227719246604067,-5.27873091522678,1.30081664194684e-07,2.68415204884538e-06,"283149","Down",5.57119288637779
"54910",202.120314911225,-1.27866339596501,0.242633833620586,-5.26993031798069,1.36475559081945e-07,2.80783976020423e-06,"54910","Down",5.55162768046132
"51084",200.685072323272,-1.19035043887655,0.226671627965697,-5.2514311101021,1.50921979423645e-07,3.05967352817235e-06,"51084","Down",5.51432491092931
"85442",49.1208763883874,-2.98141684353571,0.567759099746464,-5.25120045608618,1.51111117887248e-07,3.05967352817235e-06,"85442","Down",5.51432491092931
"4753",618.111397947498,-1.47753136231435,0.281676234327713,-5.24549529654437,1.55863036421096e-07,3.14397011470362e-06,"4753","Down",5.50252159083905
"401612",100.125221813753,-1.22666314646424,0.234176052540826,-5.23820917277777,1.62142232953079e-07,3.24561632116334e-06,"401612","Down",5.4887028213706
"83888",2753.73315271843,-2.01835013280982,0.38529199736722,-5.23849482107497,1.61891518464153e-07,3.24561632116334e-06,"83888","Down",5.4887028213706
"2941",14.0892246301878,-1.30236679398346,0.248747860083269,-5.23569044391974,1.64369240764218e-07,3.26811023030128e-06,"2941","Down",5.48570330354592
"79007",101.266820073834,-2.46665108277683,0.473017977302445,-5.21470895639906,1.84106065318702e-07,3.6132100975676e-06,"79007","Down",5.44210678474766
"6441",4.23209836233772,-2.64209864934883,0.508046897645209,-5.2005014922735,1.98751523292334e-07,3.86287192988088e-06,"6441","Down",5.41308969026782
"5654",7.03441775475683,-2.89683166491691,0.557380551240189,-5.19722415586867,2.02286386291087e-07,3.9099426412137e-06,"5654","Down",5.40782961364943
"65108",1175.70563128838,-1.33541653566966,0.256943090036773,-5.19732418364915,2.02177605173197e-07,3.9099426412137e-06,"65108","Down",5.40782961364943
"3337",2932.01408986875,-1.20098207789589,0.231387759498711,-5.19034403763517,2.099058779184e-07,4.04054437877995e-06,"3337","Down",5.39356011885645
"3164",1360.6819243036,-2.50606049262587,0.484070179938237,-5.17706026210004,2.25409424764064e-07,4.28613428522954e-06,"3164","Down",5.36793422656983
"25992",156.096860940255,-1.31032990629289,0.253574324485488,-5.16743920722889,2.37323122152308e-07,4.46979582245886e-06,"25992","Down",5.34971231472146
"11043",124.916385425123,-1.36950179674034,0.265140377392445,-5.1651951702297,2.40188168204451e-07,4.50617375114679e-06,"11043","Down",5.34619206656038
"284486",6.88249508396029,-2.23653652059688,0.433124555162823,-5.16372598583358,2.42082000408453e-07,4.52960888114458e-06,"284486","Down",5.34393929646266
"401647",127.891184431128,-1.25353258331456,0.243150785714456,-5.15537130439975,2.53128842911346e-07,4.69191132281251e-06,"401647","Down",5.32865020465053
"285601",12.4502077351848,-1.79291095306682,0.348128060039311,-5.15014777281775,2.60281304271754e-07,4.79354244774139e-06,"285601","Down",5.31934342251441
"201501",9.43169908396963,-3.15021386222461,0.611711168051148,-5.1498387257844,2.60710536265094e-07,4.7951628999962e-06,"201501","Down",5.3191966345063
"322",411.657400139594,-1.10498877570283,0.215349416272773,-5.13114358435594,2.87987115822922e-07,5.24196237246593e-06,"322","Down",5.28050610080435
"84448",13.5909467612342,-1.31591576324506,0.257329482501743,-5.11373881629033,3.15843997109821e-07,5.69735538817356e-06,"84448","Down",5.24432668938853
"8463",14.3760453349462,-2.22391694070899,0.435073382419754,-5.11159043639996,3.19457827529653e-07,5.73406962396818e-06,"8463","Down",5.24153703808615
"9651",226.544920084736,-1.59566676038259,0.312309424749086,-5.10924946201854,3.23441069912799e-07,5.7971861153248e-06,"9651","Down",5.23678275663094
"55600",6.09547844297614,-2.77653773293724,0.543669500554327,-5.1070323608484,3.27257720096332e-07,5.85812163413204e-06,"55600","Down",5.23224161515972
"3897",17.6144093717826,-1.54587576878347,0.303557550485788,-5.09252946042549,3.53317792493826e-07,6.24505864166445e-06,"3897","Down",5.20446347920631
"57447",143.377732893475,-1.07922494257797,0.212409835478529,-5.08086144008647,3.75727109203139e-07,6.59964667315314e-06,"57447","Down",5.18047931476228
"8631",751.35833032244,-1.03769353833595,0.204380644995039,-5.07725933813908,3.82918056696949e-07,6.70918270910914e-06,"8631","Down",5.17333038095504
"2043",138.302250139536,-1.61357243983706,0.317841152222423,-5.07666307070235,3.84121138030367e-07,6.71853392613624e-06,"2043","Down",5.17272548546598
"9249",161.86807732843,-1.2147283055263,0.23928360918703,-5.07652116103295,3.84408004313516e-07,6.71853392613624e-06,"9249","Down",5.17272548546598
"113146",32.2102989570673,-1.85432469344768,0.365828612559233,-5.06883450278903,4.00259058821356e-07,6.98544897132534e-06,"113146","Down",5.15580567551932
"92211",43.3770861746447,-1.69476192059789,0.334692761792517,-5.06363481397458,4.11337256087989e-07,7.14476034925639e-06,"92211","Down",5.14601233380668
"5376",12.063833845745,-1.69883743798347,0.336690220476336,-5.04569878976592,4.51866801481227e-07,7.78141212550759e-06,"5376","Down",5.10894158261632
"79026",24910.6345713797,-1.05635626156749,0.209833019065105,-5.03427089918452,4.79670951075118e-07,8.18995893621817e-06,"79026","Down",5.08671827575101
"129049",47.5556110121392,-1.32306059873186,0.262824317716687,-5.03401135110361,4.80321211416599e-07,8.19110881410929e-06,"129049","Down",5.08665730467984
"158586",357.186732769294,-1.10407781371353,0.219833306419987,-5.02234093501834,5.10454679176073e-07,8.58003487055285e-06,"158586","Down",5.06651094710958
"8433",16.4095512353214,-2.24285290043311,0.446853212591773,-5.01921623753009,5.18827222684718e-07,8.67923825376864e-06,"8433","Down",5.06151838965093
"8445",1362.54366814431,-1.0371170315605,0.206893175159918,-5.01281412863842,5.36397062018018e-07,8.8885041456099e-06,"8445","Down",5.05117132069105
"23089",59.5970853848701,-1.62602851117108,0.324935675144835,-5.00415508529896,5.61075740875104e-07,9.25379848682742e-06,"23089","Down",5.03367996204509
"7089",102.665808908151,-1.35068251038133,0.270157809373611,-4.99960565090836,5.74476873476161e-07,9.43054792767174e-06,"7089","Down",5.02546307342903
"6461",22.6319607262781,-1.09361326622208,0.219089592760301,-4.99162581135733,5.98731631472457e-07,9.70401024850168e-06,"6461","Down",5.01304875347852
"9781",322.248465829345,-1.0756504926292,0.215785601521508,-4.98481124340442,6.20223314913825e-07,9.98325088335518e-06,"9781","Down",5.00072801474409
"7789",137.668011153299,-1.01284460693623,0.20327441453993,-4.9826467793726,6.27203805504317e-07,1.00725347142248e-05,"7789","Down",4.99686122717411
"694",9968.55186030872,-1.05943039903717,0.213147989147203,-4.97039828185063,6.68155074170169e-07,1.066922170709e-05,"694","Down",4.97186726011107
"55561",75.2197541557,-1.17606474174309,0.237085207079207,-4.9605150664258,7.03065076756533e-07,1.11616541538807e-05,"55561","Down",4.95227143831355
"10090",93.4239613445221,-1.17095736538318,0.236257986841174,-4.95626573746421,7.18609164242093e-07,1.13587131337794e-05,"10090","Down",4.94467086849789
"6352",13890.7154458627,-1.62023564090445,0.327167126629792,-4.95231797153579,7.33346445689232e-07,1.15397360076429e-05,"6352","Down",4.93780412633933
"64919",1201.5262963572,-1.13233766426852,0.228868187711773,-4.9475537670379,7.5151949070112e-07,1.18124741424297e-05,"64919","Down",4.92765912915463
"100996741",316.160944431758,-1.05179663930819,0.212608301240099,-4.9471099349051,7.53234407059605e-07,1.18188935801252e-05,"100996741","Down",4.92742317781492
"128611",682.169387461927,-1.12112014174619,0.227109114372784,-4.93648238135414,7.95442197427855e-07,1.23919664725679e-05,"128611","Down",4.90685977026487
"9231",142.410028183794,-1.57277788944891,0.318660724829123,-4.93558749761925,7.99098447488997e-07,1.24351399602607e-05,"9231","Down",4.90534932228574
"3115",6745.95936532308,-1.20234442405298,0.244008064275225,-4.92747822750979,8.32977021495222e-07,1.28767800946654e-05,"3115","Down",4.89019272097787
"389",1212.09569904487,-1.45269305844295,0.294922084592389,-4.92568422080264,8.40656660559574e-07,1.29527493357271e-05,"389","Down",4.88763803894911
"107984832",9.28357908272818,-2.00596744349308,0.407339872246997,-4.92455460455571,8.4552716638759e-07,1.29791864586603e-05,"107984832","Down",4.88675252845918
"54084",2.94625774952602,-5.0992504043202,1.03550068683549,-4.92442976537621,8.46067093376947e-07,1.29791864586603e-05,"54084","Down",4.88675252845918
"90525",17.3334761201837,-1.28878007551171,0.262111096744835,-4.91692298234264,8.79151191138807e-07,1.34280788455245e-05,"90525","Down",4.87198611737371
"100128108",43.4768617076763,-1.00846104227464,0.20519004313213,-4.9147659744155,8.88885749492027e-07,1.35473129629739e-05,"100128108","Down",4.86814683623431
"400961",75.9794324811107,-1.02793230139907,0.209385922574728,-4.90927130515287,9.14154365151316e-07,1.38722431307843e-05,"400961","Down",4.85785330817289
"56971",13.0358533782654,-2.02941307172682,0.413511101046073,-4.90775958999153,9.21226796585327e-07,1.39494385189839e-05,"56971","Down",4.85544327289322
"23641",102.855827043254,-1.66494490612167,0.340207825940766,-4.89390536951245,9.88543856868477e-07,1.47776790177828e-05,"23641","Down",4.83039377087508
"3581",70.4778265187863,-1.43335678087811,0.293374157492922,-4.88576360347176,1.03028757372627e-06,1.5365937567471e-05,"3581","Down",4.8134409357033
"1269",135.031629640295,-1.26920790174807,0.261535618258548,-4.85290649969275,1.21665060807632e-06,1.77164500981227e-05,"1269","Down",4.7516232947088
"643",398.530349671265,-1.65335037225084,0.340848075359502,-4.85069593104496,1.23029032729486e-06,1.78411142199663e-05,"643","Down",4.74857802639082
"81558",2306.80801299029,-1.03155301513626,0.212996561146457,-4.84305009237666,1.27861037446145e-06,1.84466457720045e-05,"81558","Down",4.73408259184326
"26030",1227.32463589938,-1.64175210134214,0.33924917285493,-4.83936950391384,1.30251682603673e-06,1.8714689610908e-05,"26030","Down",4.72781737140223
"5079",1620.23552112435,-1.34257059167508,0.277424331337235,-4.83941183242165,1.30223946251745e-06,1.8714689610908e-05,"5079","Down",4.72781737140223
"2624",426.66342024729,-1.88866242557118,0.39155705820749,-4.82346668507853,1.41084341140996e-06,1.99649260998316e-05,"2624","Down",4.69973229300757
"21",143.188076944464,-1.12760750228384,0.233901961538444,-4.820855262894,1.42944044847026e-06,2.01469379958917e-05,"21","Down",4.69579095014508
"5097",104.209029392817,-2.1813545878566,0.453331669784327,-4.81182924831698,1.49555104917951e-06,2.09944888542162e-05,"5097","Down",4.67789469451952
"64411",496.202887954304,-1.91568227986091,0.398644494157719,-4.8054903753493,1.54372664771634e-06,2.15416552668421e-05,"64411","Down",4.66672092844585
"140862",12.915451335541,-2.48699720546277,0.519217326974407,-4.78989640032826,1.66867443927067e-06,2.30336082717402e-05,"140862","Down",4.63763802340102
"79659",34.6362081964751,-1.45348030862078,0.303500852172628,-4.78904852561685,1.67573958911719e-06,2.3108432488984e-05,"79659","Down",4.63622951295763
"115352",1030.71905159836,-1.09428446420219,0.22853867662616,-4.78818062814025,1.68300135783974e-06,2.31518184567211e-05,"115352","Down",4.63541489169987
"161291",60.2134653078828,-1.56353079668557,0.327433696569924,-4.77510657291705,1.79612109808141e-06,2.44668620129518e-05,"161291","Down",4.61142172733186
"1757",30.8870732123973,-1.63299749514635,0.341987484914523,-4.77502121328945,1.79688311965316e-06,2.44668620129518e-05,"1757","Down",4.61142172733186
"2051",420.452533616563,-1.12648074358015,0.236186675555255,-4.76945086310175,1.84728794323374e-06,2.51045359558225e-05,"2051","Down",4.60024780192111
"4054",854.801938861412,-1.30247563171549,0.273480805643139,-4.76258517906763,1.9112847789909e-06,2.57849048763567e-05,"4054","Down",4.58863446641936
"123920",1339.0717224223,-1.07114378507038,0.224934528521178,-4.76202471942646,1.91660198101738e-06,2.58217555486637e-05,"123920","Down",4.58801423460333
"10046",25.3361861452087,-1.25397116386605,0.264402648705147,-4.74265734480004,2.10932881352446e-06,2.80419001775267e-05,"10046","Down",4.55219256101016
"6932",6273.67210094954,-1.21174807029945,0.255985014796831,-4.73366798935938,2.20498303656651e-06,2.90933536430354e-05,"6932","Down",4.53620621396379
"4306",248.231326477799,-1.27884946481177,0.270355737099046,-4.73024718666597,2.24246626372446e-06,2.94772085480412e-05,"4306","Down",4.53051364596843
"654346",234.410427536403,-2.00967019369885,0.425006469194435,-4.7285637734127,2.26113606029989e-06,2.96948447844244e-05,"654346","Down",4.52731894044738
"57480",163.729301645905,-1.30772200024289,0.277326783687337,-4.71545511347813,2.41171058906308e-06,3.14664412233189e-05,"57480","Down",4.50215237194128
"10174",620.763810109919,-1.22963790298899,0.260819670214268,-4.7145136790443,2.42288728049307e-06,3.15829425468355e-05,"10174","Down",4.50054740971975
"5864",41.1339209662114,-1.49967111529523,0.318424550922874,-4.70965919854109,2.4813133868016e-06,3.22846441771631e-05,"5864","Down",4.49100399577653
"53632",7.64817542888149,-2.34920322849059,0.499613968348977,-4.70203672698296,2.57579153192849e-06,3.33594678402388e-05,"53632","Down",4.47678088596869
"7434",12.0092143715128,-1.74421282009208,0.371111425375718,-4.69997068488585,2.60198839786832e-06,3.36677172807051e-05,"7434","Down",4.47278632839959
"113451",18.5894143180699,-1.35218002588096,0.287750647937864,-4.69913807517455,2.61261779894989e-06,3.37741539198195e-05,"113451","Down",4.47141552173024
"138050",722.553542078114,-1.08456728152192,0.231381088631015,-4.68736355221962,2.76747093992783e-06,3.54822095327243e-05,"138050","Down",4.44998934380109
"93010",173.55495735977,-1.76283094460573,0.376161902692912,-4.68636226046756,2.78103832896331e-06,3.55912118384267e-05,"93010","Down",4.4486572245339
"2254",8.15517659809404,-2.21561245257357,0.473397712787998,-4.68023480621628,2.86546545489139e-06,3.66383262712773e-05,"2254","Down",4.43606437418954
"154796",71.0703568556451,-1.25662884886889,0.268806159912206,-4.67485138465322,2.9416656378388e-06,3.74762334931196e-05,"154796","Down",4.42624406387157
"6425",23.0322151701943,-2.10215054821461,0.449964795335774,-4.6718111505722,2.98555399954364e-06,3.79321924064984e-05,"6425","Down",4.42099205520052
"10458",149.964641257082,-1.20150913258814,0.25720121571826,-4.6714753242235,2.9904402877754e-06,3.79599520540379e-05,"10458","Down",4.42067434478742
"3112",259.17138769374,-1.37380999694835,0.294924221497003,-4.65817961636058,3.19017812986771e-06,4.02409183850099e-05,"3112","Down",4.39533211629729
"576",28.6685742001228,-1.89035699404968,0.406678354506836,-4.64828524336401,3.34705851483386e-06,4.19323004829908e-05,"576","Down",4.37745131075021
"4261",1805.78991775286,-1.30840130100073,0.281628251079367,-4.64584535104756,3.38686660974477e-06,4.21917106384163e-05,"4261","Down",4.37477286604348
"320",13.9169819799169,-1.96477318320178,0.423826057519982,-4.6358008157843,3.55558227181788e-06,4.38272298978815e-05,"320","Down",4.35825597808167
"6489",35.5128301404235,-1.26552049285759,0.273204742468989,-4.63213222955395,3.61918867754357e-06,4.44552791056313e-05,"6489","Down",4.35207665875878
"54549",149.241800989574,-1.87256522685402,0.40434259897568,-4.63113516012853,3.63666365212897e-06,4.45919700172044e-05,"54549","Down",4.35074334064205
"153579",25.7424355338547,-2.14844422716691,0.465595778422033,-4.61439799658038,3.94236332017197e-06,4.76911256918839e-05,"153579","Down",4.32156242644423
"92304",3.15326017235863,-3.97557312404447,0.86211426802933,-4.61142248942483,3.99922779079151e-06,4.81965256571203e-05,"92304","Down",4.31698426761852
"9053",33.2663895986971,-1.00619719819273,0.218417093854566,-4.60676946312045,4.08972983461671e-06,4.90767580154005e-05,"9053","Down",4.30912413426056
"9572",372.620586201188,-1.47414639018436,0.322406839519739,-4.57231736268456,4.8235961117099e-06,5.65786081483703e-05,"9572","Down",4.24734774052904
"120071",143.995811345145,-1.84491474156056,0.404511397363038,-4.56084736694032,5.09476053011991e-06,5.89716433025082e-05,"120071","Down",4.22935677001314
"51744",831.420458374333,-1.3072611443236,0.286613283025013,-4.56106266438988,5.08953879787018e-06,5.89716433025082e-05,"51744","Down",4.22935677001314
"126259",248.144580286011,-1.20330997633009,0.264084123031461,-4.55654040279708,5.20030398974274e-06,6.00600196827611e-05,"126259","Down",4.22141452981081
"10653",448.926271601994,-1.02365245329576,0.224767003066956,-4.55428260967124,5.25646508423015e-06,6.05441371832804e-05,"10653","Down",4.21792790557174
"11247",34.2149706325885,-2.28629590019909,0.502073483548672,-4.55370772429461,5.27085746399681e-06,6.0610547531983e-05,"11247","Down",4.21745179272576
"27076",39.4266141459295,-1.81452956804427,0.398783062770674,-4.55016708943765,5.36033328899395e-06,6.15387282491365e-05,"27076","Down",4.21085148306564
"4118",581.378362232702,-1.35768322110032,0.298690285754277,-4.54545489375989,5.48167358729748e-06,6.27267730038307e-05,"4118","Down",4.2025470542876
"3004",709.007694104546,-1.12409066275384,0.24850223474721,-4.52346299379292,6.08359603130847e-06,6.84441084323031e-05,"3004","Down",4.16466392934827
"283385",20.9964383152516,-1.36477696260362,0.301938567843961,-4.52004847326731,6.18254737742316e-06,6.94461676639091e-05,"283385","Down",4.15835171548921
"8322",25.3217064320235,-1.72216848396009,0.381552183176556,-4.51358571617239,6.37406707404586e-06,7.12556806081881e-05,"8322","Down",4.14718050734123
"27065",185.440878929404,-1.41335235581292,0.313535088447558,-4.50779644093748,6.55043747375685e-06,7.29372007775208e-05,"27065","Down",4.1370509082858
"8553",2552.43077739532,-1.49623258474971,0.332052730931467,-4.50600897198621,6.60582954133813e-06,7.33795389050461e-05,"8553","Down",4.13442502154741
"220359",25.262679647133,-1.72772430030964,0.383875443775782,-4.5007419159606,6.77166861368853e-06,7.49255805980718e-05,"220359","Down",4.1253698830228
"51232",146.772699534825,-1.43134270485837,0.318593289428971,-4.49269571064672,7.03272374099247e-06,7.75697284210566e-05,"51232","Down",4.11030772905914
"84627",96.1366101764202,-1.29039343788685,0.287897655434912,-4.4821255523513,7.39032407584703e-06,8.10053306659926e-05,"84627","Down",4.09148640084172
"6252",323.991854369121,-2.1473259097931,0.479378324671518,-4.47939716770569,7.485414062282e-06,8.1919811840488e-05,"6252","Down",4.08661105388694
"3892",6.26366851310994,-2.50645233514337,0.56098682582541,-4.46793439659745,7.89785170384358e-06,8.5765542613918e-05,"3892","Down",4.06668716038384
"29799",329.662505740894,-1.15346868597042,0.258599460246363,-4.460445063851,8.17896230137779e-06,8.82734865926338e-05,"29799","Down",4.05416971947545
"115350",823.157758915443,-1.5361670515815,0.34574863329959,-4.4430169887336,8.87061586388075e-06,9.47187645283072e-05,"115350","Down",4.02356397533862
"7476",23.4228701837964,-1.66597003515889,0.376032870982915,-4.43038405340523,9.4065412823095e-06,9.95774650680209e-05,"7476","Down",4.00183893370409
"51310",57.2043864101286,-1.52877742331314,0.345383376260261,-4.42632022382323,9.58541971986203e-06,0.000101197834638243,"51310","Down",3.99482878013183
"285704",101.645618289605,-1.145602076874,0.259119506027756,-4.42113407221181,9.81842264245082e-06,0.000103269816595598,"285704","Down",3.98602659427366
"158038",39.8957463368493,-1.97210354776264,0.446603426011322,-4.41578239866131,1.00645290627843e-05,0.000105306598950294,"158038","Down",3.97754441325988
"10391",55.2825368547124,-1.77539915869484,0.402219493582531,-4.41400575313127,1.01475260110503e-05,0.000106017126771211,"10391","Down",3.97462397000506
"79633",27.8806785946178,-2.05802703414704,0.46629386968324,-4.41358372466937,1.01673371592959e-05,0.000106145187044893,"79633","Down",3.97409969332307
"79698",23.0869726888019,-2.25297008922646,0.510518308427935,-4.41310341281225,1.01899292295577e-05,0.000106302067953783,"79698","Down",3.97345828682025
"27106",1096.00212841051,-1.04140389925119,0.236152734256865,-4.40987440830747,1.03430587203378e-05,0.000107739556069819,"27106","Down",3.96762481825382
"85414",140.526248128248,-1.64570343624921,0.373990677432824,-4.40038625440018,1.08058359014465e-05,0.000111731866142109,"85414","Down",3.95182294760065
"3359",6.51552819443619,-2.42559964312403,0.551450896519065,-4.39857774905289,1.08962591577383e-05,0.000112501273831402,"3359","Down",3.94884256008758
"8111",156.674198194439,-1.11780777328571,0.254245050314013,-4.39657634201778,1.09971693343957e-05,0.0001131275428162,"8111","Down",3.94643164585408
"932",129.963124560703,-1.88072506083627,0.428079612054918,-4.39340021779639,1.11591419965417e-05,0.000114296016762304,"932","Down",3.94196890458543
"54587",33.2610545890376,-1.71249457722935,0.389945168799371,-4.39162916802399,1.12504466171177e-05,0.000115043006229568,"54587","Down",3.93913977810989
"55690",4951.2332278302,-1.13999706550406,0.259817440592725,-4.38768491793071,1.14563579011237e-05,0.000116655609584486,"55690","Down",3.93309437257522
"80045",23.8585262531592,-1.26714035706537,0.289048582883114,-4.38383175736856,1.16609843516451e-05,0.000118310579140301,"80045","Down",3.9269764197268
"2775",101.931402332938,-1.60398117244972,0.365930728133669,-4.38329183403207,1.1689934759705e-05,0.000118433282799838,"2775","Down",3.92652623253647
"8277",146.622316074692,-1.77594543659885,0.405478401747786,-4.37987677998078,1.18746436185354e-05,0.000119872479976767,"8277","Down",3.92128050969563
"79856",203.234053034103,-1.65529276188164,0.378277018677361,-4.37587450506335,1.2094658830159e-05,0.00012139581848671,"79856","Down",3.91579627239934
"79148",22.7078733816379,-1.59907501446947,0.365444782592671,-4.37569529143291,1.21046011042186e-05,0.000121408889876146,"79148","Down",3.91574951191973
"9743",209.352358449647,-1.16063999894627,0.266398727340987,-4.35677756621059,1.31991281196856e-05,0.000130333803050462,"9743","Down",3.88494293214331
"9037",14.8043198649975,-1.80903983521631,0.415717879783841,-4.351604593377,1.35144824260888e-05,0.000132801053882098,"9037","Down",3.87679847848183
"51090",7.49792106881396,-1.77033980255028,0.407117945212371,-4.34846909444582,1.37091132562617e-05,0.000134150737797347,"51090","Down",3.87240693446848
"259236",10.9895904513176,-1.89898629660073,0.436812834463857,-4.3473683618558,1.37780712425626e-05,0.000134638009110215,"259236","Down",3.87083231888933
"285016",3.97107261872585,-2.83081786322917,0.651135101710684,-4.34751229935531,1.37690351720518e-05,0.000134638009110215,"285016","Down",3.87083231888933
"131096",22.0471497710179,-1.97030384733711,0.454144403235563,-4.33849637538112,1.43460850510748e-05,0.000139316646259643,"131096","Down",3.85599698876779
"4856",23.5065802668556,-2.88829181000545,0.667727416222823,-4.3255552188404,1.52148147994863e-05,0.000147142861364337,"4856","Down",3.83226080284932
"151449",34.9641225260698,-1.48757232800378,0.343942957540494,-4.32505534825101,1.52493569542884e-05,0.000147375491005269,"151449","Down",3.83157473497218
"51560",61.1514048368003,-1.07504671746753,0.24882521059635,-4.32048953114923,1.55683442497581e-05,0.000150148506106796,"51560","Down",3.82347898442939
"81563",418.655961056873,-1.37631602243779,0.318940237241656,-4.31527873165461,1.59401645890295e-05,0.000153313615882986,"81563","Down",3.81441927345445
"57091",262.317299067636,-1.68395041790582,0.390566807796509,-4.31155537104214,1.62110166297285e-05,0.000155705540451774,"57091","Down",3.80769593370791
"8313",126.842316992788,-1.37969708323763,0.320505544696473,-4.30475261994059,1.67172434066961e-05,0.000159586076325336,"8313","Down",3.7970050029531
"112268102",10.1734006626588,-1.57007474026732,0.366082301595041,-4.28885726905238,1.79594732924294e-05,0.000169487252320496,"112268102","Down",3.77086296091258
"6764",17.9690342577854,-1.93076384212678,0.450572903900503,-4.28513083102116,1.82631680450704e-05,0.000171546816423349,"6764","Down",3.76561733719744
"26056",329.181259008996,-1.2571778145441,0.293647436951737,-4.28124906382453,1.85847210976071e-05,0.000173985676791189,"26056","Down",3.75948650313459
"9254",322.96937128819,-1.40957532135049,0.329267121591491,-4.28094768325911,1.86099108220975e-05,0.00017410550390953,"9254","Down",3.75918749953313
"26047",97.5776543828305,-2.28678263149533,0.535183175806034,-4.27289708435102,1.92949526168847e-05,0.00017955806236587,"26047","Down",3.74579508977267
"1674",8.8543456348282,-2.06176872058752,0.482987266433955,-4.26878483942278,1.96540735463087e-05,0.000181696737811006,"1674","Down",3.74065286995887
"7852",7515.9306251947,-1.58417969176481,0.371691741283781,-4.26207934105083,2.02533504702998e-05,0.000186378572893682,"7852","Down",3.72960401799562
"494470",72.047527249072,-1.30725331172216,0.307275395812683,-4.25433773590864,2.09668637563335e-05,0.000192064126143415,"494470","Down",3.71655374535628
"3486",64.4287306016812,-1.7097656654604,0.402447905813874,-4.24841486503135,2.15288431678782e-05,0.000196316225953942,"3486","Down",3.70704380355316
"10156",1189.90610361608,-1.09856053848418,0.258929446629077,-4.24270222172873,2.2084438674758e-05,0.000200471920063113,"10156","Down",3.69794645005463
"11009",39.9317131374599,-1.05782286053639,0.249376591043159,-4.24186911895556,2.21665953070533e-05,0.000200958062744976,"11009","Down",3.69689456456323
"780",99.6355359606729,-1.08603692947542,0.256246830703941,-4.2382453140667,2.25273544146374e-05,0.000203834117343519,"780","Down",3.69072312291085
"9638",67.3641810273095,-1.33297993098464,0.315157142979896,-4.2295723282073,2.3413599402443e-05,0.000209960369370217,"9638","Down",3.67786267187596
"254050",9.06400278257193,-1.65604410776415,0.391574398339463,-4.22919403001545,2.34530009755127e-05,0.000210179572517797,"254050","Down",3.67740949560512
"55638",8.42029201371413,-1.8441898066565,0.436536834463169,-4.22459151453828,2.39374565991213e-05,0.000214111483215056,"55638","Down",3.66936004002365
"23138",74.0226970812544,-1.31490316815347,0.311337950298404,-4.22339508207461,2.40649423626345e-05,0.000214705123860152,"23138","Down",3.66815759115929
"130271",10.1067906375991,-2.03085994764187,0.482134232792091,-4.21222931190956,2.52862646852259e-05,0.000223754780451382,"130271","Down",3.65022767734623
"65986",399.378787208071,-1.92641918913133,0.458283452589887,-4.20355388841688,2.6275655957823e-05,0.000230621809818444,"65986","Down",3.63709962403217
"55061",32.3097281576569,-1.54678607338948,0.368924826896288,-4.19268631607793,2.75670507599352e-05,0.000240603849241372,"55061","Down",3.61869742898738
"9265",205.986483612016,-1.03111327016222,0.24600713664871,-4.19139576277665,2.77243558800386e-05,0.000241526750667268,"9265","Down",3.61703476129428
"117157",636.614459749014,-1.71770123548844,0.410481112117446,-4.18460480831327,2.85662626561784e-05,0.000247327863736673,"117157","Down",3.60672695365322
"59352",203.013199601246,-1.67642137576934,0.401565264303111,-4.17471710029165,2.98356578237676e-05,0.000256736475039548,"59352","Down",3.59051242590169
"9580",153.151210820381,-1.24142122769053,0.29740074022044,-4.17423718169079,2.98986147569048e-05,0.000256963507378609,"9580","Down",3.59012854853412
"421",56.3428689003951,-1.58837862781258,0.38078128560566,-4.17136736456505,3.02777275396173e-05,0.000259903865233172,"421","Down",3.58518726171886
"3090",89.2355214802066,-1.77289191200604,0.425143947002909,-4.17009797388438,3.0446871774766e-05,0.000261196240646527,"3090","Down",3.58303307807927
"1850",307.51620473176,-2.27615637360445,0.54639749283158,-4.16575186282205,3.10328100573737e-05,0.000265574328213286,"1850","Down",3.57581390842359
"26012",873.873333298663,-1.09561877811809,0.263112676444523,-4.16406686642138,3.12628492182382e-05,0.000267055049978531,"26012","Down",3.57339920516134
"3748",69.8234140891846,-1.52521952237747,0.366378186811284,-4.1629648742246,3.14141708314121e-05,0.000268021814525199,"3748","Down",3.57182985693254
"11126",264.44451552682,-1.59313293700109,0.382856982749004,-4.16116985920439,3.16621469396764e-05,0.000269646356846262,"11126","Down",3.56920544302742
"115557",11.4951334933142,-1.54435749675018,0.372282974875987,-4.14834306420977,3.34890297228568e-05,0.000282465693676821,"115557","Down",3.54903429103598
"3757",42.4165057722589,-1.44606410959221,0.348865412753132,-4.14504865409371,3.39741565629785e-05,0.000285700088583467,"3757","Down",3.54408962496096
"3489",5.04335755849556,-1.86710094784265,0.451159813171689,-4.13844693904978,3.49664715708954e-05,0.000292690417912335,"3489","Down",3.53359149524956
"2199",57.2001135750475,-1.14923785199982,0.278145756352028,-4.13178280004142,3.59960474904302e-05,0.000299299680080192,"2199","Down",3.52389374737458
"8787",134.057527809462,-1.33241757538332,0.322612972967104,-4.13008058271475,3.62636103523064e-05,0.000300457696150124,"8787","Down",3.52221666716173
"374875",16.4750227333287,-1.20991994464994,0.293424455166161,-4.12344616594681,3.732457242561e-05,0.000307615772272534,"374875","Down",3.51199140087541
"1116",330.942729980077,-3.00241486763457,0.72884183555976,-4.11943266858258,3.79806385095692e-05,0.000312290188611157,"1116","Down",3.50544166001882
"89927",46.2308193299415,-1.22353774174102,0.297454399511863,-4.11336239688807,3.89937511837627e-05,0.00031949865401413,"89927","Down",3.49553096710016
"91179",37.8451722095737,-1.2512112588455,0.304480194328305,-4.10933545810989,3.96799321744794e-05,0.000324175817974293,"91179","Down",3.48921938465105
"54543",1447.87611073853,-1.01769752761467,0.247744513651228,-4.10785091712414,3.99357734659143e-05,0.000325887043404778,"54543","Down",3.48693290584251
"1305",16.1000972870643,-2.46983060347834,0.601567179330499,-4.1056604953533,4.03161247571864e-05,0.000328609156083517,"1305","Down",3.48332033992363
"50651",10.0438377046763,-1.25354692958368,0.305603644111162,-4.10187166854498,4.09821563289777e-05,0.000331918151755258,"50651","Down",3.47896899648689
"256302",609.683305786186,-1.09291684819221,0.266673496861038,-4.09833320917421,4.1613593771773e-05,0.000336258895733729,"256302","Down",3.47332621757104
"166647",30.9755371827893,-1.15325736776533,0.281765422937251,-4.09296980354527,4.25883199934255e-05,0.000342363313814425,"166647","Down",3.4655127786373
"1359",101.544673061261,-1.67980855135626,0.411639213917705,-4.08077873672183,4.48850674415126e-05,0.000357756646448177,"1359","Down",3.44641228911548
"11098",497.765931863494,-1.8041584660905,0.442715544226388,-4.07520921643519,4.59729961456461e-05,0.00036497883719696,"11098","Down",3.4377323167902
"4862",45.6844860855906,-1.43935524710845,0.353525922372232,-4.07142773986721,4.67258576929583e-05,0.000370328117485308,"4862","Down",3.43141331251138
"3560",9172.44398382722,-1.28946486911866,0.317078648410594,-4.06670356260914,4.76828347866373e-05,0.000376638108162916,"3560","Down",3.42407574027376
"22836",66.5114683802455,-1.03596450673564,0.255346124069155,-4.05709900830556,4.96860226922071e-05,0.000390703968030718,"22836","Down",3.40815217801224
"478",200.845203266386,-1.04373512339524,0.257277802783719,-4.05684094042367,4.97409320585451e-05,0.000390916989533935,"478","Down",3.40791545440659
"23321",18.3367302424111,-1.32709705979007,0.327880214425479,-4.04750577010403,5.17663062883445e-05,0.000405473877348839,"23321","Down",3.39203711996995
"9079",11.2471226520893,-1.97256143269993,0.487571520532337,-4.04568632422636,5.21700513056692e-05,0.000407500589742781,"9079","Down",3.38987175840413
"222256",27.1121463372795,-1.4619483894449,0.36188721931359,-4.03979005453095,5.34990688952992e-05,0.000416031497574291,"222256","Down",3.38087378787116
"54762",27.2860640885688,-1.64912850233011,0.408367186893772,-4.03834724056588,5.38291301022831e-05,0.000417904384639382,"54762","Down",3.37892307222871
"90139",367.14219938916,-1.15304676179319,0.285614646438164,-4.03707154437833,5.41225673275095e-05,0.000419718717486845,"90139","Down",3.37704166285905
"84824",451.36733168052,-1.07525667462322,0.266722456676954,-4.03136911687018,5.5452874333365e-05,0.0004283803134318,"84824","Down",3.36817049574025
"25999",32.3790588384524,-1.25865975737911,0.312503489403674,-4.02766625032224,5.63332324640652e-05,0.000433988257996187,"25999","Down",3.36252202061755
"9379",22.4062188696091,-2.06811430960337,0.513627777758642,-4.02648454612048,5.66169586373881e-05,0.000435696332296045,"9379","Down",3.360816095952
"23220",172.993550086626,-1.12518082572144,0.279596538776443,-4.02430169788727,5.71446216696411e-05,0.0004392758335349,"23220","Down",3.35726268849688
"84443",83.2379096631587,-1.35563766361402,0.337557044981334,-4.01602539117199,5.91878816373514e-05,0.000452753463673415,"84443","Down",3.34413821854345
"100287482",11.0638156798504,-1.39276170639098,0.347673154025191,-4.00595125124348,6.17683884237249e-05,0.000469172645475774,"100287482","Down",3.32866731681491
"79870",7.21129084509454,-1.98207283309857,0.49532450063752,-4.00156428875916,6.29250928026092e-05,0.0004761569219506,"79870","Down",3.32224989789671
"4092",381.937593642459,-1.4448672800298,0.361099147856571,-4.00130348854687,6.2994499407221e-05,0.000476425568175602,"4092","Down",3.32200493942349
"4330",39.5089298594176,-1.65479759790446,0.415276834453835,-3.98480594295807,6.75352940602475e-05,0.000505866712225266,"4330","Down",3.29596389772628
"260429",16.40061130503,-2.54512899122145,0.63974588749409,-3.97834365327587,6.93970210190962e-05,0.000517055641230296,"260429","Down",3.286462719229
"1521",4036.31162228301,-1.1943355024978,0.300724256601088,-3.97153031816148,7.14124101036211e-05,0.000530664826428389,"1521","Down",3.27517969736082
"129293",665.570375898768,-1.10797319907883,0.279557732331646,-3.96330729197795,7.39185351614275e-05,0.000546398346180105,"129293","Down",3.26249062383227
"4929",715.757081284916,-2.71525382120928,0.686090662582633,-3.95757291170284,7.57151797919616e-05,0.000558503782906375,"4929","Down",3.25297388093727
"1043",10284.522777593,-1.05388924056553,0.266671431244502,-3.95201404082634,7.74961923658501e-05,0.000569846412938213,"1043","Down",3.24424218117225
"51440",99.6469380237679,-1.11729784582366,0.283097472648177,-3.94668958140858,7.92391831758239e-05,0.000580233977064449,"51440","Down",3.23639684357962
"2049",11.2320993045038,-2.29947169273344,0.583053335203135,-3.94384450597869,8.01856611267657e-05,0.000585943271010563,"2049","Down",3.23214442882777
"3117",2043.8859083355,-1.2900892527247,0.327608196936636,-3.93790285099068,8.21968586699732e-05,0.000596606538238876,"3117","Down",3.2243119914944
"5064",10.1900817828857,-2.52669561789642,0.642233424213129,-3.93423251209971,8.34629591174305e-05,0.000604858948694241,"5064","Down",3.2183458897207
"23308",174.769651296202,-1.46472380179976,0.373544993320228,-3.92114424765988,8.81294850137856e-05,0.000633450395608038,"23308","Down",3.1982873882899
"650",4.84829354364718,-2.22622629007373,0.568311612798334,-3.91726341665257,8.95598689665539e-05,0.000640455612579143,"650","Down",3.19351096409251
"1844",1227.38492742433,-1.60791420478959,0.411242837245741,-3.90988987323996,9.23382090548292e-05,0.000656648033217844,"1844","Down",3.18266735219079
"8510",93.0733220128117,-1.46411113284027,0.376161596136221,-3.89223979236324,9.9323002521178e-05,0.000699943245450147,"8510","Down",3.15493717311016
"1310",65.7093780953563,-1.61601951256761,0.415331411256556,-3.89091570916453,9.98666232629651e-05,0.000703069033111816,"1310","Down",3.15300203027519
"9510",46.1826896347331,-2.03732205679407,0.523808513941922,-3.88944051608134,0.000100475591736018,0.000706648155692952,"9510","Down",3.15079677018577
"79925",52.9158643037379,-1.25011441147765,0.322077678087168,-3.88140655664847,0.000103854056162167,0.000727496110264595,"79925","Down",3.13816932439723
"933",1173.7733473785,-1.27767536339989,0.330334445845857,-3.86782359353491,0.000109811055863417,0.000763515565063202,"933","Down",3.11718210497016
"284346",109.394563109588,-1.07326499540827,0.277985602180529,-3.86086540809864,0.000112986131805463,0.000782880238723063,"284346","Down",3.10630466915504
"79899",593.987619502108,-1.10093255324613,0.285763637516293,-3.85259847199195,0.000116870952242959,0.000804194818238096,"79899","Down",3.09463872956418
"80310",153.127542174814,-1.46915548647658,0.381351766369551,-3.85249424819207,0.000116920724000885,0.000804194818238096,"80310","Down",3.09463872956418
"51561",45.9935049611086,-1.45729712814965,0.378381018911,-3.8514012471974,0.00011744388867965,0.000805821056507052,"51561","Down",3.09376138846745
"81788",833.005909071233,-1.09747080724146,0.285407416017533,-3.84527782268291,0.000120415928171981,0.000823799718925356,"81788","Down",3.08417836055779
"7433",378.979712327113,-1.28232412297312,0.333578700798324,-3.84414268628138,0.000120974606740434,0.000827219062733128,"7433","Down",3.08237946609682
"2203",403.64634603201,-1.08833804242035,0.28321276984193,-3.84282828428883,0.000121624567286451,0.000829242319024365,"2203","Down",3.08131854250463
"3995",120.676323074877,-1.2882289046521,0.335663640036745,-3.83785656531364,0.000124112939498268,0.000840068747190639,"3995","Down",3.07568517190973
"8745",25.1768446294599,-1.60591721725648,0.418634432716962,-3.83608487919634,0.000125011218345207,0.000844953169883047,"8745","Down",3.07316736042897
"23037",17.8186561156654,-1.24710734271551,0.325636642522116,-3.82975126219345,0.000128272850794903,0.000862848300320718,"23037","Down",3.06406555205391
"55959",2540.35618955137,-1.54837374987855,0.404422806558883,-3.82860146551381,0.000128873498914531,0.000865645509917302,"55959","Down",3.06265991930498
"84033",701.503324286351,-1.16020110634392,0.303826794764047,-3.81862668578964,0.000134196663479814,0.000896686407616902,"84033","Down",3.04735941342575
"3119",3536.26788776936,-1.30082222924419,0.34081210459366,-3.81683106823663,0.000135176654240052,0.000902376411107465,"3119","Down",3.04461226604221
"140469",12.51076296299,-1.56795069335865,0.410879036180121,-3.81608832598434,0.000135583987231404,0.000904665806541164,"140469","Down",3.04351182430818
"160622",179.435562166947,-1.93006540742298,0.50581298837467,-3.81576877577791,0.000135759589751667,0.00090515439991433,"160622","Down",3.04327733315789
"8462",1153.86364226581,-1.27229009869411,0.333433762096247,-3.81572067176227,0.000135786042913422,0.00090515439991433,"8462","Down",3.04327733315789
"51339",49.1081873512992,-1.50814785956906,0.396154426713706,-3.80696960041539,0.000140680030096713,0.000930275662550122,"51339","Down",3.03138834070962
"57535",267.953431664108,-1.58915009470456,0.418048144196196,-3.80135665417221,0.000143905984417444,0.000950266397102408,"57535","Down",3.02215462779205
"389197",26.5735461291958,-1.30168650173588,0.34298897361054,-3.79512637981748,0.00014756826733351,0.000968080902227113,"389197","Down",3.01408834731698
"283383",45.4843447928849,-1.60105949067512,0.422416711873618,-3.79023709448819,0.000150503556645529,0.000983663245573476,"283383","Down",3.00715355565462
"85453",76.4107524392053,-1.15658627544508,0.305170401183979,-3.78996872225432,0.00015066625516064,0.00098426881335068,"85453","Down",3.00688627533753
"909",23.9075621418341,-1.36669190849977,0.36061930419338,-3.7898467791588,0.000150740236882506,0.000984294520758817,"909","Down",3.00687493246092
"2208",559.704880024177,-1.45774611624007,0.38494963941941,-3.78684889389343,0.000152569816804026,0.000992551419319523,"2208","Down",3.00324698527186
"222950",3.75380637775607,-2.14458901959763,0.568277654796266,-3.77384013166327,0.000160753795874378,0.0010352485516163,"222950","Down",2.98495536843292
"140685",55.1146945474776,-1.03951363498879,0.275588657698731,-3.77197539140079,0.000161960232562809,0.0010425401685628,"140685","Down",2.98190720287786
"60312",152.245182152402,-1.23279436773303,0.326939587235826,-3.77070999005023,0.000162783759769649,0.0010468821017314,"60312","Down",2.98010222515072
"79047",153.217077257156,-1.30932684074888,0.34778034565245,-3.76480976316395,0.000166675928937883,0.00106854556345762,"79047","Down",2.97120695451411
"4675",29.1191408137135,-1.27580058809675,0.339178754646472,-3.76144015690643,0.000168937842853807,0.00108151005365909,"4675","Down",2.96596943902806
"84417",5.33447399979091,-2.19680346795088,0.584714946261935,-3.75705030629879,0.000171927944287897,0.00109765173699842,"84417","Down",2.95953543100742
"23236",122.18180229824,-1.27926668663887,0.340857414054161,-3.75308452711432,0.000174671923710021,0.00111264273434869,"23236","Down",2.95364426370545
"30819",29.6468923739756,-1.20590986549053,0.321514826629114,-3.75071307949857,0.000176332384673075,0.00112169428222094,"30819","Down",2.95012549391432
"271",1736.74096714482,-1.12703680375215,0.300604474621621,-3.74923495457206,0.000177374848415078,0.00112679537519379,"271","Down",2.94815494419597
"80139",681.61972171449,-1.86346628314636,0.497389020192261,-3.74649662034369,0.000179321418341901,0.00113659204805611,"80139","Down",2.94439538673703
"5148",66.3550860389146,-1.10744207735902,0.29565855379519,-3.74567913947849,0.000179906414092487,0.00113978581191507,"5148","Down",2.94317675343812
"1628",261.728806956832,-1.03242657872919,0.275797317258322,-3.74342502310195,0.000181528786592057,0.00114902815729351,"1628","Down",2.93966932865953
"388963",62.5615173338616,-1.0202848175524,0.272860379238616,-3.73921937805474,0.000184592584468863,0.00116266024067973,"388963","Down",2.93454717878458
"6331",4.11746749485359,-2.39983896769501,0.645098809420167,-3.720110675529,0.000199135494504929,0.00124257438715363,"6331","Down",2.90567760262415
"2041",84.5439325137471,-1.12881586276466,0.303559653612897,-3.71859649110069,0.000200332767631362,0.00124923033002828,"2041","Down",2.90335748009024
"102724770",21.4102307672189,-1.22614787048837,0.329837198611226,-3.71743355707312,0.000201256893435574,0.00125357352240988,"102724770","Down",2.90185018947559
"23331",51.8650061845495,-1.08326545697526,0.29141414738676,-3.71727133596423,0.000201386120314239,0.00125382266843406,"23331","Down",2.90176388261731
"2627",5.68342870404059,-2.00374686727832,0.541890312412925,-3.69769826361363,0.0002175632800981,0.00133970167043756,"2627","Down",2.87299190111836
"7480",38.9366032620666,-1.16415293623139,0.316267785503389,-3.68090899418815,0.000232403949725271,0.00141496546860464,"7480","Down",2.84925415871033
"114783",78.3474046540152,-1.01444180972106,0.275779670632305,-3.6784502911152,0.000234655412109208,0.00142743629911627,"114783","Down",2.84544326350914
"57333",183.691343892422,-1.63219784219042,0.444183129636984,-3.67460565988709,0.000238217049380521,0.0014459723446631,"57333","Down",2.83984001317915
"80303",11.187017405564,-1.52034226720009,0.413987622169745,-3.67243411586038,0.000240251102973053,0.00145706020672306,"80303","Down",2.83652250251458
"8842",5.22594983311588,-2.09848548158892,0.572512746810782,-3.66539521308245,0.00024695691452211,0.00149001226400373,"8842","Down",2.82681015697885
"8174",3.25918995501277,-3.90450674106115,1.06564108721444,-3.66399793317601,0.000248308788651442,0.00149601418429894,"8174","Down",2.82506428873522
"285025",32.7645710977717,-1.12011506712468,0.305857294758745,-3.66221465474024,0.000250044201259348,0.00150540750475422,"285025","Down",2.82234592325244
"60681",6.69166598466925,-1.96847521324575,0.537771038718115,-3.66043366325193,0.000251788737040682,0.00151461272812314,"60681","Down",2.81969839788086
"50944",17.5449785034029,-1.71813117744154,0.469475048610221,-3.65968581829363,0.000252524671631551,0.00151838968154324,"50944","Down",2.81861675622346
"8507",258.928731270284,-1.030118148856,0.281717379304831,-3.65656585120139,0.000255616767363129,0.00153370060417878,"8507","Down",2.81425941134109
"1152",59.154478966775,-1.4511082830574,0.397261499896691,-3.65277854369167,0.000259417949940713,0.00155385380757327,"1152","Down",2.80858984367593
"10500",36.1080081421055,-1.10719122947377,0.304159499406849,-3.64016652984023,0.000272461767638289,0.00161955700459105,"10500","Down",2.79060376124217
"5662",25.344630729315,-1.0905238403137,0.299707927063335,-3.63862194436802,0.000274100831902879,0.00162723484997856,"5662","Down",2.78854976317298
"54796",36.6570868710003,-1.50300161513194,0.413385907398113,-3.63583176937977,0.000277085124111754,0.0016428692675183,"54796","Down",2.78439699447995
"83714",52.5067081526522,-1.03947666518728,0.286317620562016,-3.63050189906886,0.000282870623316991,0.00167223306640739,"83714","Down",2.77670319316457
"23127",71.0528286955281,-1.63296775621405,0.450185972745908,-3.62731816421059,0.000286380321507864,0.0016880101836529,"23127","Down",2.77262493763281
"57460",39.9365930855067,-1.11156001592667,0.306683471687977,-3.6244536094778,0.000289572988991668,0.00170396969904143,"57460","Down",2.7685381323722
"8115",577.162710059981,-1.41794465929199,0.391228672733755,-3.6243372690042,0.000289703357326964,0.00170402326377501,"8115","Down",2.76852448042604
"10677",48.2817429800249,-1.67764165033123,0.463426378550481,-3.6200823431299,0.00029450927722827,0.00172578997648526,"10677","Down",2.76301205775373
"6563",73.9875925413442,-1.20079290969684,0.332046990911608,-3.61633426160604,0.000298804482981883,0.00174731610273051,"6563","Down",2.75762852074507
"5243",235.587797245054,-1.13542741450123,0.314165988864982,-3.61410036332482,0.000301392304723135,0.0017602513158643,"5243","Down",2.7544253223556
"2064",309.279784180791,-1.12002714675932,0.310036793857133,-3.61256202151103,0.000303186558216134,0.00176852532837406,"2064","Down",2.75238871594857
"9256",661.259832486639,-1.19082196491453,0.329739664138471,-3.61140043017226,0.000304548009599625,0.00177499321065696,"9256","Down",2.75080330378064
"148252",27.9666268586393,-1.54049420476878,0.426952480611621,-3.60811630034794,0.000308428235323209,0.00179166331656128,"148252","Down",2.74674359818801
"41",13.2147030107067,-1.64207500931634,0.455176686087877,-3.60755517473783,0.000309095822186345,0.00179479937742253,"41","Down",2.74598408978639
"84518",14.0504782432633,-1.82577113032471,0.50722041363668,-3.59956161313433,0.000318754103408973,0.00184326446958966,"84518","Down",2.73441234820838
"947",18.6262683584539,-1.74635356498599,0.487012188213401,-3.58585186829198,0.000335979643958672,0.00192858903468434,"947","Down",2.71476030682151
"28968",43.0291814279353,-1.05688911491495,0.294860995058178,-3.58436392954047,0.000337900666216424,0.0019372420080266,"28968","Down",2.71281612208661
"5334",147.137462037355,-1.03631507625831,0.289286884503916,-3.58230922924638,0.000340570311159772,0.00195016055925718,"5334","Down",2.70992963113551
"3823",223.814205188809,-1.30869297245427,0.365763130501603,-3.57797947174048,0.000346260639260163,0.00197744950748408,"3823","Down",2.70389459703433
"9308",1007.44652353754,-2.42657256911448,0.678492902399817,-3.57641555354778,0.00034833777197572,0.00198573727050824,"9308","Down",2.70207821279758
"90102",72.558408149244,-1.19410356619501,0.334752382841318,-3.56712491800559,0.000360919452949627,0.00204666672834873,"90102","Down",2.68895287048981
"4684",395.470971034853,-1.38050002694075,0.387505193919495,-3.56253296369378,0.000367293771769017,0.00207611105426316,"4684","Down",2.68274941914549
"93099",9.05346164791052,-1.69616933697993,0.476734523853053,-3.55789071718822,0.000373844777896769,0.0021063619963935,"93099","Down",2.67646698950087
"112476",14.4757817750537,-1.42620189030044,0.40140456052894,-3.55302861636923,0.000380823035675601,0.00214138667359486,"112476","Down",2.66930490437958
"389813",134.822733488821,-1.15627608899362,0.325785904207552,-3.54919004800457,0.000386418082916975,0.0021711103163332,"389813","Down",2.66331810903863
"10570",9.50756358354717,-1.75146416157628,0.493673723688041,-3.54781726783387,0.000388437610747143,0.00217897217813128,"10570","Down",2.66174831494016
"55113",728.474038630103,-1.03523250553051,0.292052215228985,-3.54468294211988,0.000393085614509003,0.00220153011362316,"55113","Down",2.65727536966804
"246",28.2083056071684,-2.04909686195588,0.57810370683283,-3.54451431073148,0.000393337151340939,0.00220206121539557,"246","Down",2.65717061218581
"23462",4.21076221286191,-2.43593076018872,0.689251048515173,-3.53417055430869,0.000409057028606838,0.00227824081106766,"23462","Down",2.64240037271063
"56967",22.2645783837254,-1.38185167550217,0.391172433473084,-3.532589613315,0.000411510730717005,0.00228830581243979,"56967","Down",2.64048593626884
"9437",119.710031642036,-1.43132002037929,0.405485354304715,-3.52989326293565,0.000415727349206136,0.00230816570218095,"9437","Down",2.63673301659098
"441478",29.251224274649,-1.81728636987596,0.515306466661523,-3.5266127779251,0.000420911860857215,0.00233227660440283,"441478","Down",2.63221994420374
"80258",42.653429915747,-1.34852738668649,0.382800649812125,-3.52279283577062,0.000427025004894399,0.00236056466120224,"80258","Down",2.62698409876219
"8013",150.613316089089,-2.86413021352856,0.813990823574247,-3.51862715227196,0.000433785885185137,0.00239041539553786,"8013","Down",2.62152662276981
"51760",22.532390640102,-2.02172027700519,0.574936594898039,-3.51642301941788,0.000437403478707081,0.0024056335353393,"51760","Down",2.61877053065442
"22914",1875.29327668967,-1.06901161981543,0.304859287854465,-3.50657389295537,0.00045391538618766,0.00247801826212471,"22914","Down",2.60589549735029
"84225",42.204412429681,-1.4028616691646,0.400126080635466,-3.50604906067763,0.000454811379286094,0.00248194543756435,"84225","Down",2.605207770148
"27287",99.3571907345184,-1.4641186569486,0.417888850018238,-3.50360785382213,0.00045900073938315,0.00250092221396356,"27287","Down",2.60189981589515
"58512",58.3432926624731,-1.07432179450655,0.307423185465089,-3.4946023764644,0.000474768487632678,0.00257684310089393,"58512","Down",2.58891202401425
"164091",121.375194621335,-1.02321260672686,0.293067401310638,-3.49139004253258,0.00048051420767433,0.00260099601164857,"164091","Down",2.58486031374813
"3696",16.1720120399475,-1.41109147653405,0.404445019919619,-3.48895747761832,0.000484908280142529,0.00261973516053934,"3696","Down",2.58174261101995
"79674",26.1288008344009,-1.58946263411278,0.455592978865045,-3.48877772013166,0.000485234468182988,0.00262048991041789,"79674","Down",2.58161750810727
"22895",271.982065536071,-1.87656042149033,0.538225765045647,-3.4865674283192,0.000489262028269335,0.00263818496594041,"22895","Down",2.57869475887639
"64073",13.1052294887075,-2.28943586148112,0.65749435729326,-3.4820616117622,0.000497569195329678,0.0026778408015215,"64073","Down",2.57221524550021
"56100",13.4665328561173,-1.65428938157574,0.475343954855368,-3.48019442485408,0.00050105003090403,0.00269347935511225,"56100","Down",2.56968634887065
"23007",5.05434702754669,-2.13041855058965,0.612420415749706,-3.47868636609975,0.000503877933985886,0.00270557612853254,"23007","Down",2.56774024153681
"5118",31.543763499727,-1.1100924762611,0.319236468771981,-3.47733603410454,0.000506422688786883,0.00271716365896651,"5118","Down",2.56588420256646
"27134",48.726254991998,-1.06994495652855,0.307941583802226,-3.47450624666434,0.000511794447361267,0.00274257729185831,"27134","Down",2.56184112420738
"29802",160.733765208574,-1.3493320699905,0.388529535530007,-3.47292019421336,0.000514828415899887,0.00275490057129673,"29802","Down",2.55989407090164
"285973",13.1161542773565,-1.41381369259977,0.407785219403542,-3.46705477620724,0.000526194648758507,0.00280610520089356,"285973","Down",2.55189605130084
"920",5246.57048657152,-1.01574966989405,0.293022424842402,-3.46645711651711,0.000527365852346152,0.00280901957966424,"920","Down",2.55144523363199
"56344",41.5775112634491,-1.89387845049076,0.547025115296296,-3.46214167783676,0.000535894973188949,0.00284810747475458,"56344","Down",2.54544362640731
"10462",330.844976267435,-1.26773559610049,0.366765360475048,-3.45653033988398,0.000547177606730711,0.00290117853269522,"10462","Down",2.53742554476554
"3784",845.186827327127,-1.01166587694302,0.293258107198946,-3.44974564081431,0.000561114978219158,0.00294978962736087,"3784","Down",2.53020895586393
"486",11.8866909338196,-1.06173741378737,0.307926708919386,-3.44801987951401,0.000564712471954064,0.00296648211435458,"486","Down",2.52775826578617
"8739",20.1118427013175,-1.61238915836947,0.467721220488757,-3.44732949401903,0.000566157644351507,0.00297185178125789,"8739","Down",2.52697285446294
"23022",211.256101454297,-1.16956597274825,0.340364413979617,-3.43621696250034,0.000589898363717312,0.00307807345226724,"23022","Down",2.51172102078338
"3480",508.516884111253,-1.09155379763058,0.31785116133179,-3.4341664603552,0.000594379064609567,0.00309692110468632,"3480","Down",2.5090698583293
"2619",16.3610099321713,-1.18855482478922,0.346670500116499,-3.42848562075459,0.000606958687252093,0.00315537679366127,"2619","Down",2.50094877282645
"6242",19.0616500957196,-1.0478415205271,0.305846823861791,-3.42603368345133,0.000612464424612029,0.00317694724793217,"6242","Down",2.49798999641685
"4608",4.76144195131018,-2.21933524997142,0.647863244905026,-3.42562302681142,0.000613391070487947,0.0031805798237995,"4608","Down",2.49749370035451
"51646",2860.84820070799,-1.01435780294586,0.296243875290938,-3.42406337329225,0.000616922325145474,0.0031953529351066,"51646","Down",2.49548116589244
"6444",25.1777591936777,-1.69866008328995,0.496140199963065,-3.42375014847901,0.000617633783157458,0.0031978592192073,"6444","Down",2.49514065930999
"4488",16.8906818026747,-1.06095094440378,0.309954171629856,-3.42292842462774,0.000619503874740886,0.00320517984089062,"4488","Down",2.49414759743527
"83648",71.3123106788715,-1.00018210623757,0.292332805197442,-3.42138168708793,0.000623038263172391,0.00321990940570005,"83648","Down",2.49215634729735
"2737",9.06243481446884,-1.78482810876248,0.522606968323455,-3.41523978237085,0.000637258861352169,0.00328374093132405,"2737","Down",2.48363111359114
"158067",6.62136797103341,-1.58442204308861,0.465425657886214,-3.40424301119206,0.000663476986535432,0.00339642208189286,"158067","Down",2.46897834420946
"199786",498.37242110189,-1.24428215146744,0.365615456724822,-3.40325368794224,0.000665884221542309,0.00340502368308316,"199786","Down",2.46787986307673
"10544",27.3837890447457,-1.09468554408204,0.32196657576211,-3.39999747331185,0.000673864758247641,0.00343209408586294,"10544","Down",2.46444081510916
"55799",27.7590608628229,-1.76271749961027,0.518521411953927,-3.3995076364694,0.000675072947069449,0.00343575699102495,"55799","Down",2.46397756113565
"343413",829.263496694055,-1.28222802825031,0.378117451239677,-3.39108397151853,0.000696167677267937,0.00352778514279447,"343413","Down",2.45249787312645
"79843",14.2354916740229,-1.09924552176216,0.324384956521699,-3.38870684247846,0.0007022304329829,0.00355210296770184,"79843","Down",2.44951445346309
"8622",10.0978306866626,-1.09527240729996,0.323276924983818,-3.3880315069032,0.000703961773078552,0.00355957928582217,"8622","Down",2.44860132917407
"84229",5.67993569302702,-1.87609281762569,0.554183329268277,-3.38532885877821,0.000710930258222422,0.00359093888876401,"84229","Down",2.44479198571169
"26289",143.411881259922,-1.24920558028998,0.3693096780078,-3.38254222588665,0.000718182360880244,0.00362496355427054,"26289","Down",2.4406963555092
"1748",12.7291201781778,-1.14876261006643,0.339891406700065,-3.37979303807511,0.000725404314210508,0.00365092457854085,"1748","Down",2.43759713869143
"79153",39.9383935226437,-1.25360120072274,0.371071264343248,-3.37833004380294,0.000729274960966988,0.0036651544175637,"79153","Down",2.43590772326485
"387723",60.4325114181494,-1.03411040245339,0.306166539678152,-3.37760750583806,0.000731193650306223,0.00367217054113762,"387723","Down",2.43507715771177
"6521",225.828465666238,-2.56435632816809,0.759270645414325,-3.37739427127299,0.000731760787151451,0.00367239377894721,"6521","Down",2.43505075697657
"4810",56.2993424621406,-1.28472009697337,0.380606400192751,-3.37545584184277,0.000736935172435972,0.00369308596400509,"4810","Down",2.43261058315364
"1266",24.1306476941222,-1.32253415274465,0.3923651318464,-3.37067197210171,0.000749850871457958,0.00374712106889304,"1266","Down",2.42630227469303
"4053",47.0398401184664,-1.0266857449904,0.304911898865172,-3.36715539410414,0.000759478798228083,0.00378312515870295,"4053","Down",2.42214929052462
"117144",75.1996840125104,-1.10739079792196,0.329067636991713,-3.36523763942743,0.000764777601923661,0.00380412561494913,"117144","Down",2.41974515078338
"10516",58.8656194205226,-1.2794473333665,0.380236605990115,-3.36487153843299,0.000765793041651649,0.00380578277994914,"10516","Down",2.4195560032696
"54558",73.1890122592961,-1.29419906545747,0.38466990447599,-3.36444065521702,0.000766989768848644,0.00380973497061193,"54558","Down",2.41910523555909
"57555",65.1300468650802,-1.1294841729417,0.336619214670124,-3.35537641262862,0.000792570612024728,0.00391741197332799,"57555","Down",2.40700075361558
"2263",13.0568937972143,-1.50627111618712,0.449413983291589,-3.35163384359987,0.000803361950999526,0.00395660377160717,"2263","Down",2.40267743935253
"113177",27.1030691709678,-1.09045172863303,0.326201767354604,-3.34287498647312,0.000829152443494699,0.00406817393016324,"113177","Down",2.39060048758426
"5169",20.8634303327337,-1.18576093511061,0.355373667348892,-3.33665953348896,0.000847917495487763,0.00414576779630969,"5169","Down",2.38239502631487
"4326",197.49581580387,-1.06597484657846,0.319577367541443,-3.33557677998028,0.00085122644107501,0.00416032092810569,"4326","Down",2.3808731665056
"6691",8.10084854298467,-1.36950944829308,0.410616276210654,-3.33525368485514,0.000852216152458683,0.00416244051941238,"6691","Down",2.38065195943771
"348093",57.6318748268301,-1.42393179538143,0.428201724961858,-3.32537613086044,0.000882993260407595,0.00428742961135022,"348093","Down",2.36780299689742
"9891",31.4747903729655,-2.06754524639006,0.62316792013418,-3.31779794753375,0.000907300912664106,0.00439331234485045,"9891","Down",2.35720791924257
"345611",9.35385433961058,-1.63658076008771,0.49500188718368,-3.30621115284845,0.000945667949810546,0.00455867102255156,"345611","Down",2.34116174761941
"127707",4.17690071368018,-2.04888303202223,0.619958011251119,-3.30487387022783,0.000950191507022628,0.00457733666667191,"127707","Down",2.33938714370102
"339983",6.24889134654958,-1.31999976009956,0.399637444306976,-3.30299319771853,0.000956587082501172,0.00460206865894185,"339983","Down",2.33704690631554
"4833",405.52543565059,-1.06406618315883,0.323443528493704,-3.28980514191844,0.00100256785118513,0.00477886141277252,"4833","Down",2.32067556385897
"219670",65.8717179732568,-1.44789372003162,0.44062797025825,-3.28597778117221,0.00101629026098302,0.00483443153261118,"219670","Down",2.31565458606177
"8711",54.9548730566877,-1.17396183101852,0.357388056929889,-3.28483789050854,0.00102041063723058,0.00484910729603116,"8711","Down",2.31433820615902
"146760",4.64624188578702,-1.52505348644244,0.46541605291201,-3.27675308339818,0.00105008156308204,0.00497328821180614,"146760","Down",2.30335637182145
"729264",9.55823989489676,-2.7399615550475,0.836568904754572,-3.27523714959419,0.00105573308275644,0.00499836970313122,"729264","Down",2.30117162454174
"139105",99.2988479572325,-2.15953091358224,0.659523930096034,-3.27437840393114,0.0010589470264627,0.00501020997166796,"139105","Down",2.30014407300982
"654231",6.72463047756442,-1.25447452728117,0.383383686981726,-3.27211242908456,0.00106747117626659,0.00504544398550224,"654231","Down",2.29710061099901
"27151",88.4626429586876,-1.23644856635342,0.378252059669816,-3.26884820516969,0.00107986216526537,0.00508519542436627,"27151","Down",2.29369235245745
"22891",37.2510395741707,-1.25214542540775,0.383093269572329,-3.26851324432193,0.00108114117419603,0.00508951282405447,"22891","Down",2.29332378700525
"10913",66.7858434927022,-1.23727603105806,0.379209990476129,-3.26277277005429,0.0011032794246609,0.00517638813867611,"10913","Down",2.28597316661963
"1946",20.6944983100524,-1.678651015061,0.516889031051002,-3.24760425201471,0.00116381019875204,0.00542236767667892,"1946","Down",2.26581103737543
"1232",117.729716964368,-1.29029859829292,0.397420190201942,-3.24668607711469,0.00116757095857703,0.00543534905370063,"1232","Down",2.2647725606433
"643699",192.983225448453,-1.1324007410945,0.349702701950981,-3.23818127448506,0.00120294348913108,0.00556960853682698,"643699","Down",2.25417532839367
"27181",7.64857530356586,-2.19347235368545,0.677932098597728,-3.23553399849712,0.00121415425098205,0.00561226826802625,"27181","Down",2.25086157774723
"84254",141.472741599426,-1.14531517007784,0.354515682734584,-3.23064740392687,0.00123510200102952,0.00569150482665162,"84254","Down",2.24477289151247
"100191040",8.88265192624414,-1.19403118407206,0.369626477006155,-3.23037243907225,0.00123629057564696,0.00569398727269457,"100191040","Down",2.24458350793102
"10129",639.673155827129,-1.09445928508902,0.338899441014218,-3.22945143200488,0.00124027945822032,0.0057067475268212,"10129","Down",2.24361134072138
"81629",78.7392119345701,-1.10964826386028,0.344429503238871,-3.22169922560527,0.00127432832917381,0.00583475453944295,"81629","Down",2.23397740943999
"8938",152.86967327969,-1.39721826727807,0.434045127659933,-3.21906220860234,0.00128610580660257,0.00587910175484036,"8938","Down",2.2306890230252
"27239",172.009791488153,-1.19865059771551,0.374012937660436,-3.2048372583404,0.00135138865955585,0.00610798116567348,"27239","Down",2.21410231078665
"7143",5.08075680421603,-2.36176481302943,0.737373842379797,-3.20294086566331,0.00136031910472309,0.00613256466460343,"7143","Down",2.21235786369518
"55224",26.6044337671435,-1.16682141318748,0.364374785840036,-3.20225618931746,0.00136355671795917,0.00614518890338753,"55224","Down",2.21146476234012
"79730",18.6513225467796,-1.76606389685515,0.551945558340496,-3.19970669238662,0.00137567507478299,0.00619185975363567,"79730","Down",2.20817888903575
"1953",269.662143600203,-1.15004948436079,0.359988213504648,-3.19468649588422,0.00139982810039643,0.00627845019686264,"1953","Down",2.20214754639271
"122618",522.654266056679,-1.11444937946304,0.348924310706777,-3.1939573863616,0.00140336831191714,0.00629031308422954,"122618","Down",2.2013277381208
"8671",60.041989917647,-1.25804574112682,0.394750523936703,-3.18693874951905,0.00143787221141628,0.00642439069182183,"8671","Down",2.19216805581422
"55701",852.348576851829,-1.27398701287619,0.399846883702446,-3.18618717514941,0.00144161296570378,0.00643630846299895,"55701","Down",2.19136315031444
"90007",3360.07735681653,-1.24931174745688,0.392393702993543,-3.18382211010515,0.00145344303215524,0.00647433087035146,"90007","Down",2.18880510976878
"729830",16.7657173685939,-1.1331975806686,0.356048688617408,-3.18270398655023,0.00145906698329998,0.0064923398509599,"729830","Down",2.18759875447528
"100820829",74.4649990587517,-1.5566767454798,0.490336774950332,-3.17470935284729,0.00149986651709924,0.00664442758457707,"100820829","Down",2.17754242744774
"162387",4.50412325341676,-2.02089455217858,0.637218115689942,-3.17143298725975,0.00151688861561753,0.00670925993914306,"162387","Down",2.17332538177914
"126410",75.1072172362328,-1.61844362970155,0.510354944899423,-3.17121181224276,0.00151804410054261,0.00671225792977492,"126410","Down",2.17313136336444
"57096",34.9126670198431,-1.30972369413651,0.413103468092667,-3.17044952486991,0.00152203273494212,0.00672566163251783,"57096","Down",2.17226498579136
"83699",265.655953298565,-1.5404497845788,0.48707744924219,-3.16263827647015,0.00156346465234724,0.00688277108232563,"83699","Down",2.16223667463282
"7471",19.5569882579966,-1.16829752999903,0.370075256372255,-3.15691878849595,0.00159445746324819,0.00700100342075729,"7471","Down",2.15483971014756
"3742",31.6022709287736,-1.05894238592988,0.336099280108668,-3.15068329092375,0.00162889014967468,0.00712614084160294,"3742","Down",2.14714559847019
"3887",4.20146241814891,-1.75185074484831,0.556947580090059,-3.1454499623915,0.00165831559707235,0.00722562814575526,"3887","Down",2.14112439239462
"10957",6000.56771678259,-1.00558907814075,0.320127714979241,-3.14121218216286,0.0016825008982112,0.00731060687126274,"10957","Down",2.13604656970412
"146713",8.35250103026805,-1.88090059940859,0.60012817129929,-3.13416481571995,0.00172344024663898,0.00743789384083874,"146713","Down",2.12855002450716
"23416",76.1896021283813,-1.13427749276333,0.362449638078694,-3.12947613570816,0.00175118296332639,0.00753679111812018,"23416","Down",2.1228135210165
"55022",201.698305647692,-1.76713310264207,0.564708902076282,-3.12928146899189,0.00175234362675851,0.00753914450467439,"55022","Down",2.12267793237668
"407738",11.5866263492726,-1.39079847193443,0.444749224548665,-3.1271521009302,0.00176508584447893,0.00758501109682504,"407738","Down",2.1200437795066
"9856",13.478622949476,-1.77805665137788,0.569042408938056,-3.12464699194578,0.00178018553839256,0.00763821898793656,"9856","Down",2.11700789455014
"57453",3.72763846841004,-2.06749368532647,0.666409184171639,-3.10243876349995,0.0019193325243329,0.00813343203616583,"57453","Down",2.08972615799133
"80115",14.1425250118398,-1.32367243054137,0.427446277526625,-3.09669893068357,0.0019568851126904,0.00826387153821892,"80115","Down",2.08281644253833
"392490",14.0262750463877,-1.09569715981007,0.353969472238579,-3.0954566586792,0.00196510090002273,0.00828988227172604,"392490","Down",2.08145163701339
"431705",20.1431951276525,-1.51223035323437,0.490596641046227,-3.08243111899308,0.00205317241510002,0.00860458657231894,"431705","Down",2.06526999153908
"4603",619.284587903845,-1.05277560611532,0.341956988819472,-3.07867843189806,0.0020792097688,0.00869037943818487,"4603","Down",2.06096126102977
"84144",32.2853986614763,-1.15042810554042,0.374026148001807,-3.07579593482022,0.00209941475623211,0.00875140200372993,"84144","Down",2.05792236598244
"257101",287.775741967792,-1.30080616343216,0.423263519577031,-3.07327729243489,0.00211721653684334,0.00880992797622821,"257101","Down",2.05502764205952
"147495",31.6111561250093,-1.29476783310421,0.42150387990885,-3.07178152994513,0.00212785400313711,0.00884371619404987,"147495","Down",2.05336520292459
"125875",102.236638533431,-1.0593332204111,0.345462006328399,-3.06642467479938,0.00216635384534968,0.00897982425806894,"125875","Down",2.04673216271997
"284",17.7233335663827,-1.46024284558974,0.476458064196665,-3.06478776479897,0.00217824511436923,0.00901050937507108,"284","Down",2.04525065713086
"55351",14.5979341163308,-1.18792945615103,0.388443561423261,-3.05817774865013,0.00222687444845887,0.00917924310640777,"55351","Down",2.03719312797768
"1880",1093.74166145353,-1.00509160218824,0.329176222922066,-3.05335419814389,0.00226298660097931,0.0093089835237006,"1880","Down",2.03109773836867
"64499",8.64601886926026,-2.26888541068262,0.744514931698913,-3.04746797422214,0.00230778116130136,0.00946001775922016,"64499","Down",2.02410804829968
"22981",28.1815191932858,-1.01063323708415,0.331708246269828,-3.04675343000684,0.00231327381707731,0.00947700398762984,"22981","Down",2.02332893663748
"1942",7.98203363969187,-1.31261736999081,0.432422835962723,-3.03549503131228,0.00240141180190547,0.00977255680288898,"1942","Down",2.00999179655603
"64174",816.192967125124,-1.17674793874577,0.388206894202837,-3.03123915705351,0.00243552254422958,0.00987704553867651,"64174","Down",2.00537294388753
"23254",13.86570938139,-1.36674267490285,0.451855408691478,-3.02473456909763,0.00248851416872607,0.0100484485916491,"23254","Down",1.99790098501919
"7473",5.28358692014367,-1.62566280871362,0.537682665341713,-3.02346144575902,0.00249900868960783,0.0100845468888418,"7473","Down",1.99634361040079
"8910",15.5611184634516,-1.07838998696917,0.35704330738547,-3.02033384931909,0.0025249620045163,0.010175155172774,"8910","Down",1.99245895899064
"126695",12.5290122595558,-1.18130337173339,0.393112058694777,-3.00500416002397,0.00265577217109694,0.0106200656084958,"126695","Down",1.97387280026776
"4914",12.6500719960876,-1.09289485407882,0.364130263546326,-3.00138429427682,0.00268755154501281,0.0107136097334808,"4914","Down",1.97006417779541
"57214",6.95148823209178,-1.55352095850107,0.518474237745614,-2.99633201691171,0.00273248741733334,0.0108619273517307,"57214","Down",1.96409310624308
"6375",60.4897881469119,-1.08244067010985,0.361801267390068,-2.99181005616225,0.00277328756579136,0.0109958224606393,"6375","Down",1.95877228092271
"643988",127.754211366368,-1.01044777873769,0.33774674656822,-2.99173208625888,0.00277399591680659,0.0109958224606393,"643988","Down",1.95877228092271
"93233",25.7046781239364,-1.05436754636545,0.352424145655946,-2.99175740187444,0.00277376590812811,0.0109958224606393,"93233","Down",1.95877228092271
"3812",256.390024340776,-1.34285703569585,0.449919830152894,-2.98465847846608,0.0028389509725416,0.0112121807380985,"3812","Down",1.95030991011562
"6512",40.5966593525723,-1.38087871235451,0.463490353466038,-2.9793041042346,0.00288903894873822,0.0113844013762393,"6512","Down",1.94368980087063
"114112",7.32642934731382,-1.33676662934714,0.448890331369915,-2.97793589197526,0.00290196676076045,0.0114321381895727,"114112","Down",1.94187253451396
"2355",4687.66371569941,-1.14628128344824,0.385026499101518,-2.97714906928006,0.00290942509553948,0.0114486814456793,"2355","Down",1.94124452850663
"57211",9.82077431810787,-1.20187190301229,0.403693329768712,-2.97719039276888,0.00290903295307714,0.0114486814456793,"57211","Down",1.94124452850663
"153",18.9929751017274,-1.67603012326791,0.563547087690041,-2.9740729033627,0.0029387524488816,0.0115285732584266,"153","Down",1.93822443635945
"161502",22.5961000288636,-1.79607120410786,0.604349562574444,-2.97190784164193,0.00295955505866752,0.0115960672823875,"161502","Down",1.93568927345805
"259283",9.71207974223493,-1.34109978658806,0.452471731772865,-2.96394159549679,0.00303725926487966,0.0118488526346721,"259283","Down",1.92632370185266
"6653",6866.64439875799,-1.123437223728,0.379313455523852,-2.9617647551587,0.00305881389034106,0.0119235531370845,"6653","Down",1.9235943085313
"79901",383.235158126624,-1.58119727273425,0.534531699002775,-2.95809823006595,0.00309543465520509,0.0120457069440437,"79901","Down",1.91916770684142
"1795",36.0350656154048,-1.05518775578367,0.356775672469287,-2.95756644078501,0.00310077916591606,0.0120598253084563,"1795","Down",1.918658983085
"5244",34.7106297193429,-1.04199413302892,0.353390723720238,-2.9485610772676,0.00319257047105728,0.0123825559644761,"5244","Down",1.90718970049404
"10252",37.1007564603039,-1.14023802979316,0.386897103308531,-2.94713509106808,0.00320733051886828,0.0124226594407765,"10252","Down",1.90578542051883
"221687",3.66530690147886,-2.47341554634011,0.839717380707925,-2.94553334629669,0.00322398393886505,0.0124596871036666,"221687","Down",1.90449286384517
"728656",7.97979450961867,-1.62375878515762,0.551292420170613,-2.9453675141318,0.003225712597513,0.0124629401760387,"728656","Down",1.9043794896513
"153643",5.35662779987784,-1.30613875800598,0.44422499141272,-2.94026401768214,0.00327932689660272,0.012649218103503,"153643","Down",1.89793631905963
"728392",271.162250211689,-1.12783131537114,0.383811198731952,-2.93850549201614,0.0032979881490113,0.0127160935548105,"728392","Down",1.89564628555528
"101928589",151.732912093846,-1.27199297538435,0.433670731130998,-2.9330846747878,0.0033561234723013,0.0129100046626821,"101928589","Down",1.88907360088023
"100505591",16.466691475289,-1.08867852512414,0.371286506406763,-2.93217907556123,0.00336592600609681,0.0129370875923611,"100505591","Down",1.88816348138966
"105369205",22.6895300551214,-1.19131197078483,0.408247631565964,-2.91811116261758,0.00352158781755614,0.0134179370966103,"105369205","Down",1.87231424843116
"5797",129.030555740236,-1.08894229844596,0.374727324722489,-2.9059591511038,0.00366129243033034,0.0138563105927826,"5797","Down",1.85835239039458
"1846",86.830148097593,-1.48852431695329,0.513171548736467,-2.90063687400119,0.00372405157244592,0.0140440082180536,"1846","Down",1.85250892507294
"6285",111.154627007399,-1.41282070729408,0.487280676493239,-2.89939818147844,0.0037387975446659,0.0140851429216207,"6285","Down",1.85123874187975
"342346",4.64174719713472,-1.28535847080094,0.443820968611005,-2.89611929518254,0.00377808747293666,0.0141913085190339,"342346","Down",1.8479775582849
"84658",375.943347733968,-1.91728994254887,0.662336753066775,-2.89473584799781,0.00379477718438104,0.0142425771888147,"84658","Down",1.84641141817035
"5329",1774.56414060454,-1.35291561328241,0.467448842157802,-2.89425385468318,0.00380060760264076,0.0142606510099621,"5329","Down",1.8458606481461
"4747",24.3947791413249,-1.37234655592654,0.47440627253738,-2.89276646488356,0.00381865112692417,0.0143092495028102,"4747","Down",1.84438314369204
"463",417.266098110945,-1.04368205568031,0.360844339487519,-2.89233317934979,0.00382392193354743,0.0143213622095438,"463","Down",1.8440156711377
"631",27.2165689502292,-1.07617059297652,0.372108214972421,-2.89209039111453,0.00382687827871196,0.014326473097061,"631","Down",1.84386071141763
"79690",54.8952297209268,-1.04789971157324,0.362393737871791,-2.89160546130621,0.00383278931204318,0.0143392852536823,"79690","Down",1.84347249567783
"58191",1394.27259852479,-1.2759792526391,0.441545402355795,-2.88980305497761,0.00385483246410116,0.0144025806396037,"58191","Down",1.84155968449325
"80863",19.2365969739833,-1.26590001592627,0.43909803290615,-2.88295533356862,0.00393963299295858,0.0146687129880906,"80863","Down",1.83360798886224
"5101",84.8451054412032,-1.06381871196339,0.3693840786518,-2.87997987310709,0.00397700558676024,0.014772636136705,"5101","Down",1.83054199910444
"440021",5.83025880519707,-1.55430344267345,0.540607429622282,-2.87510558957621,0.00403892403533376,0.0149591356205878,"440021","Down",1.82509350045916
"23710",784.778582075172,-1.10911636957015,0.386514630680356,-2.8695326943196,0.00411078831930669,0.0151812871124567,"23710","Down",1.81869140616513
"23209",433.051278071549,-1.04851199263332,0.366438933984796,-2.86135531841936,0.00421833990988172,0.0155132458554457,"23209","Down",1.80929732471208
"23217",6.75115032656078,-1.38201945638335,0.483196093411673,-2.86016272736274,0.00423423676911405,0.0155554235502198,"23217","Down",1.80811815922458
"414332",83.0695658325214,-1.25742590322869,0.439719146961747,-2.85961144043171,0.00424160359616702,0.0155702752699423,"414332","Down",1.80770370938691
"3201",5.81265650028413,-1.12915369760796,0.395425412327503,-2.85554155703267,0.0042963499899187,0.0157273577082017,"3201","Down",1.8033442353639
"54360",4.52965368649837,-1.53841216078265,0.539473871330121,-2.85168984549623,0.00434875093678115,0.0158682545218511,"54360","Down",1.79947084219404
"399668",10.0777051099766,-1.2467747541968,0.437236790577215,-2.85148638235789,0.0043515350130124,0.0158742912779985,"399668","Down",1.79930565507065
"196500",14.5304360222529,-1.04588277265373,0.367482613417644,-2.84607416641255,0.00442618845981191,0.0160881531912253,"196500","Down",1.79349380704414
"5239",22.5979222060067,-1.23841706660955,0.435540859539682,-2.84340042842001,0.0044634953630848,0.0161860740237594,"5239","Down",1.79085847778032
"253152",7.4909152744911,-1.27030305688164,0.447231268809459,-2.84037173935361,0.00450609894143602,0.0163153059327645,"253152","Down",1.78740477822513
"9848",157.378212677835,-1.34868244115831,0.474911740675931,-2.83985912674798,0.00451334604074407,0.016337336054749,"9848","Down",1.78681875753688
"5008",498.627270775727,-1.49386219546022,0.526810453898986,-2.83567302889296,0.00457292365597999,0.0165231995921396,"5008","Down",1.78190585104333
"9060",66.6394641391999,-1.10269152639105,0.388977060560047,-2.83484975901509,0.00458472412557281,0.0165530687082603,"9060","Down",1.78112148227967
"110806298",6.52825241267565,-1.15147693426089,0.406342418211337,-2.83376010638891,0.00460038524235598,0.0165925599141649,"110806298","Down",1.78008660548678
"7177",4.76515195483005,-2.32257461701299,0.823545226999575,-2.82021501778941,0.00479914802237575,0.0171640692314645,"7177","Down",1.7653797424042
"2781",270.967704972437,-1.38369339252453,0.494239631993339,-2.7996407065615,0.00511595146242124,0.0181264119893957,"2781","Down",1.74168815329112
"166614",9.02335485202417,-1.3563280207329,0.48500536528455,-2.79652168370787,0.00516559445638719,0.0182792579453923,"166614","Down",1.73804143862203
"140807",48.8766769625264,-1.68135195635438,0.602097339330742,-2.7924919220259,0.00523037735357476,0.0184666488875459,"140807","Down",1.73361190811638
"282618",4.10921122260862,-1.56517981445838,0.560770913990111,-2.79112160672081,0.0052525733696382,0.018531047198131,"282618","Down",1.73210003780365
"257194",16.6537666163239,-1.02463798721669,0.367502900751584,-2.78810857035737,0.00530167727887756,0.0186948981487547,"257194","Down",1.72827689657311
"8224",92.6709910746278,-1.33922977427048,0.480852593074124,-2.78511500938093,0.00535087402371556,0.0188400104688677,"8224","Down",1.72491886021776
"644634",68.4484043351047,-1.11401329362065,0.40006013298289,-2.78461461609396,0.00535913767941612,0.0188596550641511,"644634","Down",1.72446625460536
"3202",9.06416746545482,-1.65062027986581,0.592842422063838,-2.7842479188982,0.00536520075001544,0.0188715396593785,"3202","Down",1.7241926659032
"3576",4771.23506862346,-2.2985905383755,0.82688085925984,-2.77983280497388,0.00543868923671426,0.0190822624605016,"3576","Down",1.71937013508998
"3822",85.9115518734827,-1.23752096045218,0.445519603402664,-2.77770259939314,0.00547446993942683,0.0191695119832609,"3822","Down",1.71738894323434
"79025",5.03694361004745,-1.46314130632957,0.528691944714642,-2.7674741802985,0.00564925201562367,0.0196785546166445,"79025","Down",1.70600680351992
"6710",73.7762456625986,-1.40336018382249,0.507332710303278,-2.76615356219309,0.00567218175657819,0.0197486367798406,"6710","Down",1.70446287772999
"1879",102.083002447306,-1.02525696762877,0.370893536955189,-2.76428911661687,0.0057046968401572,0.0198372680024471,"1879","Down",1.70251813929676
"23145",22.2344609673571,-1.19018945834971,0.431246592058485,-2.75988142345318,0.00578223445981471,0.0200523096321116,"23145","Down",1.69783559797085
"9148",125.3384007274,-1.12955687119869,0.409396371294462,-2.75907885462485,0.00579645462619472,0.020096664299849,"9148","Down",1.69687602200189
"1839",561.43005315726,-1.63046336020089,0.590992948766769,-2.75885416840115,0.0058004413325813,0.0200969044889547,"1839","Down",1.69687083147981
"10371",4.35310558136416,-1.42423523040213,0.516500880511046,-2.75746912375625,0.00582507142575924,0.0201560954628832,"10371","Down",1.69559359341484
"6508",24.5387947046984,-1.1918403240194,0.432299117947418,-2.75698069817567,0.00583377950484512,0.0201713261816151,"6508","Down",1.69526554777515
"85458",18.0766971295734,-1.00981322008323,0.366684414063866,-2.75390276039206,0.00588892619832392,0.020344295953462,"85458","Down",1.69155733499807
"319101",54.1381660773843,-1.4034066433048,0.510038257330371,-2.75157132457176,0.00593101026112345,0.0204622038274752,"319101","Down",1.68904759356774
"5087",78.0653049451587,-1.37194454431595,0.498576680842661,-2.75172224661046,0.00592827782916271,0.0204622038274752,"5087","Down",1.68904759356774
"11221",309.211486526943,-1.09939825361021,0.399707962342232,-2.75050376071543,0.00595037085468663,0.0205138889229776,"11221","Down",1.68795200039764
"100289279",26.4182219285881,-3.17503496213998,1.15638992994618,-2.7456439042908,0.00603922750270803,0.0207540290702013,"100289279","Down",1.6828975792846
"56911",869.085988510801,-1.07039602691301,0.391160188755888,-2.73646464461907,0.00621032680122339,0.0212640136965865,"56911","Down",1.67235475666329
"4137",11.2287488620145,-1.03460554108414,0.378285972458935,-2.73498256982407,0.00623835793146094,0.0213463913290288,"4137","Down",1.67067553320825
"440503",34.2520196524832,-1.96955460218641,0.723244501510771,-2.72322098276897,0.00646487985345529,0.0219909202858276,"440503","Down",1.65775659570998
"5046",150.877678136606,-1.41379741075153,0.519354227880801,-2.72222181866211,0.00648446011583597,0.0220255338524842,"5046","Down",1.65707355640612
"146862",12.5847339680814,-1.23211699567657,0.452671947304746,-2.72187619094294,0.0064912456670266,0.0220350454817473,"146862","Down",1.65688604874147
"25925",8.77038661778448,-1.24042864165133,0.455775526603143,-2.72157799014822,0.00649710523901134,0.0220471680315352,"25925","Down",1.65664718793151
"1291",48.2733956465582,-1.05585970530965,0.389466343643447,-2.71104223135718,0.00670720830230227,0.0225855957498086,"1291","Down",1.64616844938232
"4056",4.96451491534444,-1.3286737908879,0.490208622052843,-2.71042517637455,0.00671970079992858,0.0226059936893934,"4056","Down",1.64577639797119
"23584",41.5555950487779,-1.61772166143839,0.597436137415933,-2.70777336710072,0.00677362603241521,0.0227384120897034,"23584","Down",1.64323986703432
"3727",5965.33606978696,-1.17188416344492,0.433046337504166,-2.70614034100599,0.00680702722876058,0.0228396243119732,"3727","Down",1.64131104405924
"2273",267.542947063722,-1.13810762198502,0.420863759322848,-2.70421863791786,0.00684652241042691,0.0229338099907793,"2273","Down",1.63952378999227
"348938",22.2777645777477,-1.24486306798717,0.461006593643622,-2.70031510427702,0.00692738303683203,0.0231715273586202,"348938","Down",1.63504533860715
"10842",15.635808667005,-1.95872402907948,0.72626448125175,-2.69698447279637,0.00699705328767924,0.0233711891605583,"10842","Down",1.6313191895021
"9671",6.25578321803725,-1.44371186868726,0.53569851727268,-2.69500814756293,0.00703869099038412,0.0234879329842977,"9671","Down",1.62915520089001
"23428",89.3893959432444,-1.0251934727518,0.381936785723916,-2.68419673378322,0.00727043098959865,0.0241336122960138,"23428","Down",1.61737766844299
"64283",13.2353007771429,-1.39294740164324,0.518994711641984,-2.68393370952907,0.00727615318107482,0.0241427401417859,"64283","Down",1.61721344008283
"66002",4.61911576561473,-1.841433384183,0.686570399856026,-2.68207511504887,0.00731670290720206,0.0242486578424536,"66002","Down",1.6153122944946
"89790",1721.16202715677,-1.06193963650167,0.396810288314655,-2.67618977575398,0.00744644672908649,0.0246067788665548,"89790","Down",1.60894523359663
"1823",46.1645131446571,-1.24558479048467,0.466244710527766,-2.67152583688238,0.00755072594377553,0.0248600752019526,"1823","Down",1.60449756194765
"84953",97.6335665168121,-1.13749939406013,0.427452953814061,-2.66111015004223,0.00778834736500582,0.0255109224179631,"84953","Down",1.59327383798806
"388323",6.64427414790458,-1.44884068787492,0.545041047741311,-2.65822307123292,0.00785538793739837,0.025679886167763,"388323","Down",1.59040690571307
"4430",15.1172056472971,-1.23464563823534,0.46466235368831,-2.65708127296131,0.00788204385494039,0.0257517973144902,"4430","Down",1.58919245452471
"3755",45.0284353031876,-1.27935522551628,0.481902374647967,-2.65480166278669,0.00793550510797177,0.0258903454323704,"3755","Down",1.58686215511277
"23129",1738.81088661644,-1.03808560559304,0.3929828374039,-2.64155455859288,0.00825265141858775,0.0267018783638027,"23129","Down",1.57345818678744
"29785",233.716367903076,-1.11141703793497,0.421158943248046,-2.63894915625806,0.00831634525448886,0.0268646628772592,"29785","Down",1.57081860499161
"10894",5.59146389028134,-2.00096816521153,0.758438261553292,-2.6382742889494,0.00833291517345379,0.0269058189378154,"10894","Down",1.57015378470793
"112268353",18.0712624074984,-3.31280135242893,1.25579185708795,-2.63801786397227,0.00833921887771345,0.0269103145121503,"112268353","Down",1.57008122642453
"23493",6.52769360078448,-1.03843845314753,0.394313242753567,-2.63353684470728,0.00845006670178317,0.0271965958070218,"23493","Down",1.56548545312568
"11240",1315.21606850893,-1.26124222460849,0.479685513202099,-2.62931064186028,0.00855581659357757,0.0274677484059749,"11240","Down",1.56117693923026
"9289",3877.87057626086,-1.11247338558249,0.423487979075279,-2.62693025670212,0.00861589912127275,0.0276353833490355,"9289","Down",1.55853450664884
"10810",20.259638494757,-1.26683330260889,0.483413787947223,-2.6205982001225,0.00877756463502401,0.028077017585103,"10810","Down",1.55164902599816
"80728",4.40469574683633,-1.36509243815701,0.522216472817498,-2.61403557569137,0.00894797188623743,0.0285053051338491,"80728","Down",1.54507430574781
"80763",33.4230283780755,-1.61030648863617,0.618226934704233,-2.60471745606904,0.00919500512357553,0.0291431131059379,"80763","Down",1.53546405817631
"9625",297.05185420584,-1.26889662498095,0.487612275026184,-2.60226554984247,0.00926101122241665,0.0292900584509113,"9625","Down",1.53327976164435
"100132074",4.4878901906357,-1.59394031297294,0.613762731325549,-2.59699755560344,0.00940425933357448,0.0296896544945829,"100132074","Down",1.52739485636048
"10398",736.001636192858,-1.50208364471793,0.578503872977455,-2.59649712799151,0.00941796930330183,0.0297202760847804,"10398","Down",1.52694716053933
"6556",2796.50189392048,-1.06056119459425,0.408786137219468,-2.59441575442873,0.00947518314948083,0.0298465083202207,"6556","Down",1.52510646875433
"127435",39.306353149894,-1.16587152473125,0.450162647567004,-2.5898895233366,0.00960067373769465,0.0301741595531392,"127435","Down",1.52036481755264
"23066",19.4803964155138,-1.00375960659369,0.387616094712411,-2.58957153814374,0.00960954539283597,0.0301885383098884,"23066","Down",1.52015791444685
"2297",4.33051656785129,-1.48712954903141,0.57537586983631,-2.5846227257575,0.00974856035607721,0.0305365069379396,"2297","Down",1.51518064325668
"653082",24.5983343355045,-1.08526119344029,0.41988669288444,-2.58465250704902,0.00974771844995205,0.0305365069379396,"653082","Down",1.51518064325668
"100507588",5.39367987948053,-1.11225373548033,0.430404753140039,-2.58420411802107,0.00976040110182255,0.0305667832143549,"100507588","Down",1.51475026313073
"8497",10.9062854503975,-1.09959570706841,0.425825202996089,-2.58227014120277,0.00981527216828844,0.0307249286052103,"8497","Down",1.51250911760015
"400668",23.2239880988721,-1.40955114870964,0.546803234477874,-2.57780323859199,0.00994305972970811,0.0310626668123296,"400668","Down",1.50776126167375
"201191",75.5023842096673,-1.58163325118604,0.613630609402159,-2.57750057926051,0.0099517714723239,0.0310829723781052,"201191","Down",1.50747745751317
"101929355",12.7468355476808,-1.28939929192321,0.500625369351077,-2.57557720974981,0.0100072927905626,0.0312078291817545,"101929355","Down",1.50573643983112
"9623",19.4505243570409,-1.56369972993363,0.60797148513389,-2.57199518097344,0.0101114299197754,0.0314557921701759,"9623","Down",1.50229937324152
"106821730",35.4145442919438,-1.02754248667925,0.400098708304176,-2.56822245449005,0.0102221533561975,0.0317510386740247,"106821730","Down",1.49824206303282
"10267",17.270001372336,-1.29361795009886,0.505366373655029,-2.55976261487849,0.0104743683576934,0.0323906694836345,"10267","Down",1.48958007545252
"2350",56.3885526564976,-1.0690304187547,0.41783398539148,-2.55850518658289,0.0105123251979288,0.0324800337909621,"2350","Down",1.48838352760756
"9936",2447.66996422074,-1.07833384423069,0.422055887200974,-2.55495510649566,0.0106201494359612,0.0327584188647965,"9936","Down",1.48467706829335
"440829",25.6604391601738,-1.3861950916122,0.543522906456935,-2.55038945947724,0.0107602640926508,0.0331295422940246,"440829","Down",1.47978456413472
"7053",19.5041263893572,-2.01777985361446,0.797610219996735,-2.52978184459913,0.0114133466156703,0.0347293951155043,"7053","Down",1.45930278076313
"80164",5.65305359440649,-1.5470484698251,0.611857471299071,-2.52844582667344,0.0114568765750907,0.0348392187044309,"80164","Down",1.45793159293415
"100128071",16.2102524321813,-1.20195882688724,0.475795002662563,-2.52621154102302,0.0115300031224865,0.0350009945727327,"100128071","Down",1.45591961475507
"727909",12.6799660042615,-1.88388260232889,0.754691786073999,-2.49622778078596,0.0125521970377233,0.037613649108836,"727909","Down",1.42465453121588
"2239",10.2252102991838,-1.15388276681055,0.467635431457079,-2.46748361905604,0.0136066446894965,0.0402540084456991,"2239","Down",1.39519086662109
"2615",17.123715211025,-1.23734306430698,0.502344242558953,-2.46313774395805,0.0137726992954758,0.0406157335781798,"2615","Down",1.39130569837994
"50486",2706.50012693495,-2.32107338983317,0.945664217821236,-2.4544371523127,0.01411053274193,0.0413775471806345,"50486","Down",1.38323525744719
"100529251",7.03773940158544,-1.95631046474556,0.799736280545845,-2.44619446726903,0.0144373105500456,0.0421510674941285,"100529251","Down",1.3751914222032
"654254",4.66193562676669,-1.01570042093423,0.416593479998245,-2.43810925926758,0.0147643107574809,0.0429807530068619,"654254","Down",1.36672598009957
"9536",17.8038670111301,-1.39103016415137,0.573417083990084,-2.42586104074887,0.0152721166433613,0.0441935302867613,"9536","Down",1.35464130455173
"112268368",67.9271176171372,-1.95099838878132,0.80596532352689,-2.42069767994954,0.0154907542499419,0.0447248980316793,"112268368","Down",1.3494506409077
"9762",82.6904545361573,-1.00393240023727,0.415261884270157,-2.41758860676976,0.0156237296003091,0.0450347996602141,"9762","Down",1.34645176489884
"57864",225.307974604371,-1.13522094751526,0.470281168564571,-2.41391963658735,0.0157819428285377,0.0454163138698774,"57864","Down",1.34278811738479
"2206",97.9476429308228,-1.01408758143057,0.420847875636502,-2.40962979769552,0.0159687147412745,0.0458332748501816,"2206","Down",1.33881911071177
"10769",93.2596858060831,-1.26958005316253,0.528016234996601,-2.40443374467587,0.0161975420590127,0.046355979839765,"10769","Down",1.33389423468237
"399939",4.79494895370593,-1.47777631946876,0.617921108011489,-2.39152911319754,0.0167783532296202,0.0477640478282729,"399939","Down",1.32089887545091
"284013",11.7748211142649,-2.20007539829608,0.924258576975072,-2.38036784629743,0.0172953634702771,0.0489298263507818,"284013","Down",1.31042632552416
"107987158",19.1757223620201,-1.30240384475811,0.549134153518362,-2.37174074206361,0.0177045087216254,0.049707044266989,"107987158","Down",1.30358206057255
"9241",85.9296855784948,-1.20300820967174,0.507549427703999,-2.37022867923186,0.0177770862211454,0.0498510508041379,"9241","Down",1.30232568281614
