entrez,lfc,padj,SYM,dir
1,-0.5482835808245259,0.002320640307476321,A1BG,ns
100,1.0591605662586936,0.00046556627586074445,ADA,up
1000,-0.29222241388013703,0.2496132030162544,CDH2,ns
10000,-0.516393167808058,0.04535518337570788,AKT3,ns
10001,0.6749187996957833,0.004998150801996485,MED6,up
10003,-0.32555726646385796,0.0435922267790992,NAALAD2,ns
100037417,0.11124427341105925,0.5272154477952087,DDTL,ns
10004,-0.6126625605288423,0.001388595127580872,NAALADL1,down
100049587,0.26671148447446846,0.8933803303204545,SIGLEC14,ns
10005,0.07321832803223849,0.644247521782591,ACOT8,ns
10006,0.2501027532554634,0.019535049681181475,ABI1,ns
10007,0.2553747085435152,0.13071822529830948,GNPDA1,ns
10008,-0.33340174838842707,0.48652995495499374,KCNE3,ns
10009,-0.27340657211361297,0.1990074085326233,ZBTB33,ns
10010,0.3088841750576421,0.12206356252889193,TANK,ns
100101267,-0.4109078653602314,0.07105280894154116,POM121C,ns
100101467,0.019208496378698037,0.9227477887980828,ZSCAN30,ns
10011,0.6026556471668165,0.0017020824305549768,SRA1,up
100113407,-0.4953797865715295,0.19229473634107722,TMEM170B,ns
100125288,-0.19865746090805647,0.29605140753013004,ZGLP1,ns
100128071,-0.6296613979885022,0.008734630971694291,FAM229A,down
100128108,-0.6780663240511959,0.0001248869319837888,UBE2Q2P13,down
100128327,-0.5876533106344217,0.004611049847126068,TRAPPC3L,down
100128553,-0.06550249867913127,0.8618588189137906,CTAGE4,ns
100128569,-0.49914847129436346,0.038601472679165444,TEKTIP1,ns
100128731,-0.21665447701977492,0.4655902448603696,OST4,ns
100128927,0.07032349877527011,0.6523714738094059,ZBTB42,ns
100129083,-0.47180273648396387,0.16497765499419192,SIGLEC10-AS1,ns
100129250,-0.26680435517832546,0.2279014303020753,TZMP1,ns
100129361,-0.1635772399835833,0.14214427408673125,SMIM10L1,ns
100129484,-0.29446126556041907,0.11691321190954475,LINC02983,ns
100129528,0.000665762595371433,0.9983974661802798,MUC8,ns
100129697,0.028564012494054936,0.9147200524568629,LOC100129697,ns
100129792,0.1969013819100427,0.3957246310521749,CCDC152,ns
100129842,-0.24134605557361333,0.4090801831647299,ZNF737,ns
100129940,0.03834744208461949,0.859737014088857,HMGA2-AS1,ns
10013,0.3584373769721232,0.02437298563618177,HDAC6,ns
100130311,0.03444483240213003,0.9399862627246781,C17ORF107,ns
100130357,-0.07615264850405623,0.755872448442332,LOC100130357,ns
100130370,-0.3440254849061235,0.3926760686131974,LINC03048,ns
100130451,-0.18548973317037554,0.3203705538455138,SPAG16-DT,ns
100130520,-0.18514540471874863,0.7030000867727785,CD300H,ns
100130705,0.031791416109517634,0.8485663348458993,SPMIP1,ns
100130733,-0.18513147891649417,0.5768342601167894,LRRC70,ns
100130890,-0.07563316871898884,0.728099630230488,TSTD3P,ns
100130958,-0.10962148929895665,0.5272154477952087,SYCE1L,ns
100130967,0.46193121218743904,0.021644997440157323,LINC02901,ns
100131017,-0.6285503855227841,0.028491907009559062,ZNF316,down
100131094,-0.004344038563055541,0.987716365393619,DPP9-AS1,ns
100131187,-0.2945486657493417,0.1694326685464742,TSTD1,ns
100131211,-0.02612269141265955,0.8924924973363898,NEMP2,ns
100131755,-0.19161781146619283,0.36045716836888403,ARMCX4,ns
100131801,0.39365305845701126,0.08883467990792566,PET100,ns
100131827,-0.14410194682325805,0.38023530648049125,ZNF717,ns
100132074,-0.522468213985162,0.00509208505413348,FOXO6,ns
100132247,-0.20522503507977063,0.6978638138186042,NPIPB5,ns
100132285,0.1522815324327258,0.8459947807535781,KIR2DS2,ns
100132406,-0.4829076273018291,0.21115641741981567,NBPF10,ns
100132911,-0.020984333752884332,0.9315309483358627,DPH3P1,ns
100133941,-0.9467206517818454,0.03812960795479303,CD24,down
100134934,-0.15391665841176216,0.4252442739386597,TEN1,ns
100134938,-0.1680486281301441,0.7093719021359742,UPK3BL1,ns
100137047,-0.2760964736639755,0.0696329959032973,JMJD7,ns
100137049,-0.8161187389466402,0.2126418454105388,PLA2G4B,ns
10014,-0.591817664182587,0.02845197704955267,HDAC5,down
100142659,0.20805821212533537,0.4185032164802549,CTAGE8,ns
100144748,0.10189261544040207,0.5837226933358607,KLLN,ns
10015,-0.027071194655716724,0.88090954934144,PDCD6IP,ns
10016,-0.05947159414267311,0.6153165519144492,PDCD6,ns
100170229,0.11927560005788784,0.5758142661144801,SRRM5,ns
100170841,0.6956167451862987,0.005626029063759847,EPOP,up
10018,0.45088523286944593,0.05868878762107866,BCL2L11,ns
100188893,0.02412792729986002,0.8746747517819727,TOMM6,ns
10019,-0.7163751896854116,0.03197630954452716,SH2B3,down
100191040,-0.48179818541129027,0.003414200183656903,C2CD4D,ns
1002,-0.23549212170378375,0.17109156249076624,CDH4,ns
10020,0.3572957615431438,0.02040773690706939,GNE,ns
10023,-0.4909347798699937,0.2166232040546842,FRAT1,ns
10024,2.399287128158492,3.835933954599993e-05,TROAP,up
10025,0.2611796498869161,0.18084621138776905,MED16,ns
10026,0.37655673832964,0.20019267710265193,PIGK,ns
100271849,0.7541051972814374,0.07547259009552827,MEF2B,ns
100271927,-0.6129583127517568,0.2488649388848919,RASA4B,ns
100272147,-0.3958412901535988,0.005339837666293852,CMC4,ns
100287036,-0.618951446392134,0.012618412327958036,LOC100287036,down
100287171,-0.3173294599157508,0.25328477116328546,WASHC1,ns
100287482,-0.6486812483650386,0.0001913920226277213,SMKR1,down
100287896,-0.4158638727565753,0.05972850720286106,LIPT2-AS1,ns
100287898,-0.36819014424800667,0.26893838963171807,TTC34,ns
100287932,0.741207606836209,0.0002422562514611605,TIMM23,up
100288142,-0.3399324529349119,0.15320577437876418,NBPF20,ns
100288332,-0.29227191134789265,0.14893094952258884,NPIPA5,ns
100288695,-0.2059556264219271,0.42187587344173244,LIMS4,ns
100289187,0.17282158572858286,0.31735884296527017,TMEM225B,ns
100289279,-1.422080553208751,0.03071200941509261,CNTNAP3C,down
100289561,-0.10200782431560018,0.5820858498091761,LOC100289561,ns
100289635,-0.19606716427627013,0.21378610515228413,ZNF605,ns
100289678,-0.30755766779588356,0.016403954839818675,ZNF783,ns
100293516,0.22549839809572791,0.28214235891147865,ZNF587B,ns
100302652,0.6949357776335647,0.2565283829498221,GPR75-ASB3,ns
100302736,0.16726552003951323,0.5857688776349219,TMED7-TICAM2,ns
100303755,0.29929399003003443,0.08537381607549353,PET117,ns
100310812,-0.02723117513011175,0.943462714849471,SPDYE2B,ns
100316904,-1.0295123530906611,0.07369682052766152,SAP25,ns
10036,1.1581413145627284,0.00020084187928490863,CHAF1A,up
10038,0.9075098740290573,0.0033856504390880242,PARP2,up
100381270,0.02791737978564779,0.8793993896205644,ZBED6,ns
10039,0.21849548050396095,0.21683527389215573,PARP3,ns
10042,0.4182485597110368,0.008756449536972091,HMGXB4,ns
100423062,3.5855542992737437,0.0008249399309876463,IGLL5,up
10043,-0.09782657519468252,0.7805984043593928,TOM1,ns
10044,-0.4098193972784987,0.14136278328046686,SH2D3C,ns
10045,-0.20512257578811344,0.3699712667879543,SH2D3A,ns
10046,-0.6084359619101418,0.0011211588412714836,MAMLD1,down
100462977,-0.7068055652657108,0.19414312267276393,MTRNR2L1,ns
100462981,-0.2960583753984771,0.559306677776429,MTRNR2L2,ns
100462983,-0.606284083828923,0.2741595917828641,MTRNR2L3,ns
100463482,-0.33736299580402296,0.530791204197861,MTRNR2L6,ns
100463486,-0.2435029409952154,0.5958965538536936,MTRNR2L8,ns
100463487,-0.5677247639849661,0.26114910996425883,MTRNR2L9,ns
100463488,-0.3294970960310444,0.5392510934206484,MTRNR2L10,ns
10048,0.26023814148255475,0.026170974661795212,RANBP9,ns
10049,-0.37349246329105057,0.02251102779369563,DNAJB6,ns
100499483,-0.20600940889036234,0.40422718673046626,CCDC180,ns
100505549,-0.30245597568025406,0.07391581781074624,ATP8B1-AS1,ns
100505573,-0.7647575372665827,0.014490275798500507,INAFM2,down
100505591,-0.5313879954320386,0.0051588927524867795,LRRC3C,ns
100505741,0.24479018023972898,0.18003284687015658,SPATA1,ns
100505767,-0.30962061788227935,0.0380740432068974,SPDYE18,ns
100505876,-0.35223938098348384,0.002076590658642945,CEBPZOS,ns
100506084,-0.006999062328953087,0.983481104492729,ARL17B,ns
100506115,-1.1926803211154162,0.03617543046182255,PELATON,down
100506127,-0.24423132009553683,0.2827602396583995,GVQW3,ns
100506144,-0.11335830063393182,0.5625871385292751,TMEM35B,ns
100506248,0.10621638815892531,0.7554765351448228,PTMAP9,ns
100506581,0.500276972336092,0.011809262424720048,C16ORF95,ns
100506658,-0.48606873855303157,0.2667340765563066,OCLN,ns
100506736,-0.06680483877720178,0.8261592769875976,SLFN12L,ns
100507050,-0.974840377926296,0.000653439489636798,TPBGL,down
100507290,-0.7664211538234831,0.028996179296600273,ZNF865,down
100507436,-0.13882813868977895,0.578904802870941,MICA,ns
100507462,0.3475949257798634,0.04065683011306355,CCDC28A-AS1,ns
100507507,-0.3499461986366592,0.2558717222072603,FAM131B-AS2,ns
100507588,-0.21212874991905206,0.16797928677654209,TGFBR3L,ns
100507607,0.48324550764557817,0.037857831458128974,NPIPB9,ns
100507747,-0.22203446508260605,0.4387021977588973,C13ORF46,ns
10051,1.4913140204710515,0.0003472247432359509,SMC4,up
100526664,0.5739222324156135,0.4328383429142173,LY75-CD302,ns
100526693,-0.5791466824660887,0.17310871981824735,ARPC4-TTLL3,ns
100526694,-0.21684886371581502,0.08528104285483395,MSANTD3-TMEFF1,ns
100526737,-0.17498238092364904,0.5296857592352904,RBM14-RBM4,ns
100526739,0.4412683216190274,0.010555841502200814,CENPS-CORT,ns
100526740,0.8361354029285266,0.11082544721712666,ATP5MF-PTCD1,ns
100526767,-0.10679063413577694,0.8607343753635796,RNF103-CHMP3,ns
100526771,-0.682269690157927,0.024747242826236377,SMIM35,down
100526772,0.8817386972097969,0.019888703297940145,STIMATE-MUSTN1,up
100526783,-0.5782226462376236,0.2877730558605733,ARPIN-AP3S2,ns
100526832,-0.24522581760735118,0.5367534712667266,PHOSPHO2-KLHL23,ns
100526842,-0.32818447657542915,0.29457732671406883,RPL17-C18ORF32,ns
100527943,-0.0374261413216459,0.9381077600351387,TGIF2-RAB5IF,ns
100527949,0.6306212614467466,0.34796755890020287,GIMAP1-GIMAP5,ns
100527963,0.2859081616981376,0.19895430313676687,PMF1-BGLAP,ns
100528021,-0.1538913679647802,0.6933616118534162,ST20-MTHFS,ns
100528030,0.3762453932188432,0.504441342711972,POC1B-GALNT4,ns
100528032,-0.8830176499495632,0.07201445746160166,KLRC4-KLRK1,ns
100528062,-0.2653659996025608,0.14686136530421048,ARMCX5-GPRASP2,ns
100528064,0.08175104084966645,0.7848201579200568,NEDD8-MDP1,ns
100529063,0.015152657468936681,0.978084995329762,BCL2L2-PABPN1,ns
100529097,-0.4140585489394599,0.11062171626272492,RPL36A-HNRNPH2,ns
100529144,-0.3356416624356857,0.4884758434838384,CORO7-PAM16,ns
100529239,0.5880162693526758,0.09977301160192895,RPS10-NUDT3,ns
100529240,-0.019914700319257683,0.9227477887980828,ZNF816-ZNF321P,ns
100529251,-0.5400193008177352,0.0725945331208283,CKLF-CMTM1,ns
100529261,1.2293944093635378,0.04578317931438129,CHURC1-FNTB,up
10053,-0.5319607030843798,0.061001866476925105,AP1M2,ns
100532726,3.1763292856734955,1.5164391865110767e-06,NDUFC2-KCTD14,up
100532731,0.3957530121139774,0.6423638266458503,COMMD3-BMI1,ns
100532736,0.0626845333167525,0.8661184638082781,MICOS10-NBL1,ns
100533105,-0.07727241423353881,0.8218589696283465,C8ORF44-SGK3,ns
100533106,0.013841217563732577,0.9523946132890607,ZHX1-C8ORF76,ns
100533467,-0.6465162147724017,0.11826879148976174,BIVM-ERCC5,ns
100533496,0.7937445142539801,0.1189097367460706,TVP23C-CDRT4,ns
100534012,-0.7689563065692768,0.022528530933458562,TNFAIP8L2-SCNM1,down
100534599,0.04399961330174129,0.741005757482746,ISY1-RAB43,ns
10054,0.16141022380277548,0.4292109816641948,UBA2,ns
10055,0.32688152720032093,0.07675649206697933,SAE1,ns
10056,0.8377893309224493,0.004013790293094106,FARSB,up
10057,-0.7142343576062977,0.0064709755485597605,ABCC5,down
10058,1.1102916681226835,0.00023409910593061813,ABCB6,up
10059,0.2843123833539689,0.02724285014785741,DNM1L,ns
10060,0.2007521018152829,0.6339389073527335,ABCC9,ns
10061,0.48465902670468175,0.0029408853765619546,ABCF2,ns
10062,0.45143088215977123,0.04841484988235472,NR1H3,ns
10063,0.8424715725158212,0.0001655011581847512,COX17,up
100652748,-0.02968346762665508,0.866574941599992,TIMM23B,ns
100652777,-0.32907468695861564,0.046162901998988794,LOC100652777,ns
100653133,-0.039168345315361286,0.8966653268503141,LOC100653133,ns
100653515,0.21838910636801945,0.16835845858863938,CEP295NL,ns
10066,-0.05364782710333138,0.7849860685548984,SCAMP2,ns
10067,0.3425779215620608,0.09418315352897358,SCAMP3,ns
10068,-0.7908952238891072,0.0037709106841434937,IL18BP,down
10069,0.6178515270651435,0.0007251153006939048,RWDD2B,up
10072,0.756903242907276,0.00030045790690146106,DPP3,up
10073,0.22364159710710485,0.12896177486850458,SNUPN,ns
10075,-0.04453278299394903,0.7978070982638219,HUWE1,ns
10076,0.6737285985977408,0.005178255467813479,PTPRU,up
10077,-0.8871102512489024,0.010264616174430514,TSPAN32,down
10078,0.04033049138060285,0.8108700294799545,TSSC4,ns
10079,-0.39688754243329516,0.14965805551123873,ATP9A,ns
10081,-0.13530578540941463,0.48871710177972777,PDCD7,ns
100820829,-1.0383755332100328,0.030793958954388044,MYZAP,down
10084,0.05511545847045696,0.6613976694815158,PQBP1,ns
100861412,-0.30876714599253674,0.4700763158723571,FSBP,ns
100862671,-0.3739629971574159,0.08043246824265411,TMEM265,ns
10087,-0.1564777764785763,0.4480054284933349,CERT1,ns
100873985,-0.0016459249495248685,0.9925275253209892,MED14OS,ns
100885848,-0.1470792198002444,0.40636336530146416,PTGES3L,ns
10089,0.09763904051216699,0.8322381308950724,KCNK7,ns
10090,-1.0082856969868361,5.9178989117807796e-05,UST,down
100913187,2.101951469612856,0.0588594816674759,APOBEC3A_B,ns
10092,0.39709652985216337,0.06660497753306388,ARPC5,ns
10093,-0.1804120137141343,0.18399201052973793,ARPC4,ns
10094,-0.08552644906641937,0.648574205176612,ARPC3,ns
10095,-0.1950262624614254,0.38194484148360247,ARPC1B,ns
10096,0.28300357445814583,0.06927208832407067,ACTR3,ns
10097,-0.1879222519448902,0.40437837467686527,ACTR2,ns
10098,0.17373877162859674,0.39231087169931245,TSPAN5,ns
10099,-0.25899860276186715,0.16172998808443814,TSPAN3,ns
100996318,1.0387645335762583,0.038407942288983615,LOC100996318,up
100996485,-0.23430433375524995,0.3932826360512004,PITX1-AS1,ns
100996517,-0.1933609950000772,0.3695316816983852,SEC22B3P,ns
100996643,0.23870561815867752,0.2354253682171477,LOC100996643,ns
100996709,-0.482213165596165,0.062178628578003006,LOC100996709,ns
100996716,-0.6609379253084633,0.0005021567584074457,SEC22B2P,down
100996717,-0.51166973124697,0.047575564837095144,NOTCH2NLC,ns
100996720,-0.8963009791488723,0.006760515213651975,LOC100996720,down
100996746,-0.1881087789611664,0.4492899799674181,SPDYE11,ns
100996747,0.16322735251647646,0.4823280703261846,LOC100996747,ns
100996763,-0.6188349871561707,0.005358653949969736,NOTCH2NLB,down
100996842,0.27551610179530517,0.08669359315221155,MPDU1-AS1,ns
100996928,0.4126777486558968,0.5479826788795913,FMC1-LUC7L2,ns
100996939,-0.11542472317876573,0.45725242809228506,PYURF,ns
101,-0.7228294667977408,0.10874560739313728,ADAM8,ns
1010,-0.2648858342930085,0.026940890753002412,CDH12,ns
10100,-1.0808146767268942,0.004272034677535101,TSPAN2,down
10101,-0.023638353273188528,0.9065643992359205,NUBP2,ns
10102,0.5951763466614315,0.008626741666302909,TSFM,up
10105,0.03377407690805434,0.9543952669732932,PPIF,ns
101059918,-0.7890213167140674,0.017755747304331722,GOLGA8R,down
101059938,-0.45083838163109924,0.20407766304284966,NPIPA7,ns
101059953,-0.14090141259991906,0.665721923688455,NPIPA8,ns
10106,-0.7482398597136566,0.000717212235231076,CTDSP2,down
101060200,-0.15832476062075518,0.2810264099745256,ZNF891,ns
101060226,-0.4665873789256949,0.15400473696933747,NBPF19,ns
101060254,-0.22549593582753769,0.1690590982620286,PDE4DIPP5,ns
101060321,-0.26359324469955236,0.5020261264520416,TBC1D3G,ns
101060341,-0.6769250510267497,0.2548303927654399,LOC101060341,ns
101060351,-0.17928517962956647,0.6633645580183525,TBC1D3K,ns
101060376,-0.4011022558657764,0.33830821432336416,TBC1D3L,ns
101060389,-0.4212077995622998,0.4764302865326216,TBC1D3D,ns
101060684,-0.732631199240398,0.13844698220214105,NBPF26,ns
10107,-0.2997546619615976,0.3537407557346293,TRIM10,ns
10109,-0.05665491126822708,0.6944874702219144,ARPC2,ns
10111,0.5784632343896838,0.007230699809095621,RAD50,ns
10112,2.2313958241281533,3.490240435663177e-05,KIF20A,up
10113,1.1199392182730605,0.000717212235231076,PREB,up
10114,-0.6116737461641755,0.008838427287747934,HIPK3,down
10116,-0.1909601747012175,0.2906228929840218,FEM1B,ns
10120,-0.5086785710993666,0.0004174846929451859,ACTR1B,ns
10121,0.16241105989970883,0.15183609670880627,ACTR1A,ns
10123,-0.8985089704896048,0.008300244077956133,ARL4C,down
10124,-0.4306892234425126,0.23503800570874897,ARL4A,ns
10125,-0.5650493787229305,0.0566153536014196,RASGRP1,ns
10126,-0.5534350370698116,0.00019743714198762618,DNAL4,ns
10127,-0.2785989018552719,0.029823107057709537,ZNF263,ns
10128,0.1522604265418952,0.5496362129706919,LRPPRC,ns
10129,-1.2361693431240042,0.0018750312482570795,FRY,down
10130,1.5670700485367686,0.00031989439593539166,PDIA6,up
10131,0.7502245050263241,0.0034003327811695143,TRAP1,up
10133,0.020580432548229055,0.9314855643370756,OPTN,ns
10134,-0.07018816449698662,0.5825727527114729,BCAP31,ns
10135,-0.20704228974954653,0.8283703917440126,NAMPT,ns
10137,0.16282040569986655,0.35359612690074793,RBM12,ns
10138,0.165337547286331,0.08777632168188666,YAF2,ns
10139,0.03968389034961284,0.7775538146009238,ARFRP1,ns
10140,-0.8509961398586015,0.01210650408514594,TOB1,down
101410538,-0.7258706196518467,0.03722034382459982,MMP24OS,down
10142,0.2552769520913323,0.04598186012029217,AKAP9,ns
10144,-0.6028320681136377,0.03809668430333535,FAM13A,down
10146,0.8163880620222557,0.014851127183719014,G3BP1,up
10147,-0.07845028344792837,0.678650605496863,SUGP2,ns
10148,0.40384469242049637,0.13266518306032282,EBI3,ns
10150,0.19057209498750716,0.5453340329839014,MBNL2,ns
10152,-0.45136044003257325,0.00529843754689721,ABI2,ns
10153,0.41055994049825806,0.13250261346999256,CEBPZ,ns
10154,-0.3348574441185992,0.4450468987529964,PLXNC1,ns
10155,0.18344414421552813,0.2679416551292224,TRIM28,ns
10156,-1.045982764332802,0.0012011422688355193,RASA4,down
10157,-0.1706784494590723,0.4412852791738628,AASS,ns
10158,-1.243164865127306,0.04138381098492192,PDZK1IP1,down
10159,-0.26295269124577025,0.08241034975074467,ATP6AP2,ns
10161,-0.00402540810237717,0.9928931473871514,LPAR6,ns
10162,-0.006605547057425554,0.978084995329762,LPCAT3,ns
10163,-0.46234190488210203,0.012670363942964556,WASF2,ns
10165,-0.13744648739243548,0.2713073608859879,SLC25A13,ns
10166,0.25611437668423154,0.21838135016260893,SLC25A15,ns
10168,0.08045446440679882,0.6910381860274522,ZNF197,ns
10169,0.09722663251298691,0.5670475792143111,SERF2,ns
1017,1.0169780676571483,0.0002069856170638302,CDK2,up
10170,0.8428287712184854,0.14250360072596566,DHRS9,ns
10171,0.39003985943386876,0.050090438016954245,RCL1,ns
10172,-0.6355745597966509,0.02383998637430995,ZNF256,down
10174,-1.165643932278746,0.0006935250723316934,SORBS3,down
10175,0.005011853313057202,0.9757608711443745,CNIH1,ns
10178,-0.28723123954971186,0.4376720196712614,TENM1,ns
10179,-0.17792919641586025,0.590488489405932,RBM7,ns
1018,-0.21439310832644143,0.43647596092563434,CDK3,ns
10180,-0.1091711881483235,0.6179512496738114,RBM6,ns
10181,-0.1355410965631787,0.3631392346769927,RBM5,ns
10184,0.9500881832833707,0.013822755138685893,LHFPL2,up
10186,-0.20466963975813623,0.23407018611228797,LHFPL6,ns
10188,-0.2938327738554918,0.32334781329335177,TNK2,ns
10189,0.8453383052203094,0.0016568518712744853,ALYREF,up
1019,0.5311549570777956,0.014053266905131848,CDK4,ns
10190,0.687024118894703,0.0025738121073201775,TXNDC9,up
101927245,0.2875461126808805,0.07858800781379865,LOC101927245,ns
101927322,-0.06879707323615758,0.7182126686704006,MALT1-AS1,ns
101927345,0.055420548199887065,0.8225266888591367,LOC101927345,ns
101927423,0.13239204648851555,0.39863516186472525,PANO1,ns
101927506,-0.5077278884069081,0.011691569534912663,LOC101927506,ns
101927509,0.5525314148136289,0.016430276541749587,HDLBP-AS1,ns
101927601,-0.30882636190692647,0.3277321596296624,GOLGA6L19,ns
101927789,0.3714347798812394,0.09543790592842669,FAUP4,ns
101927824,0.21467509735302404,0.13725262538110963,PFKP-DT,ns
101928095,-0.24041106436440085,0.6345558139152138,LOC101928095,ns
101928120,-0.19298153334052337,0.2143629664567796,PYGO2-AS1,ns
101928212,0.5925239689666011,0.013264662134724393,LOC101928212,up
101928448,-0.08039196170649454,0.7978070982638219,C5ORF67,ns
101928527,0.26486186672074474,0.05741625074761732,PIGBOS1,ns
101928991,0.020907230382893438,0.9415528656037117,CCDC92B,ns
101929141,-0.055375119514843085,0.8395416998995354,LOC101929141,ns
101929322,-0.5666972920558768,0.2237588699371419,LOC101929322,ns
101929355,-0.38760130569364115,0.22591570151893128,CFAP97D2,ns
101929400,-0.015391142756479681,0.9415327519646812,LOC101929400,ns
101929479,-0.02041700700421334,0.9337906697094986,LOC101929479,ns
101929599,-0.31537363854444234,0.6885200471384836,LOC101929599,ns
101929796,-0.39124622915173823,0.2013113492155541,NOTCH2NLR,ns
101929805,0.10683909877834363,0.5752833862688743,LOC101929805,ns
101929950,-0.06900510986499597,0.7305416661561945,LOC101929950,ns
101929959,0.2617097831744477,0.10676594357813624,BMS1P14,ns
10193,-0.21241731509507744,0.07613539974799077,RNF41,ns
10194,-0.9389492328602156,0.0011897519477994478,TSHZ1,down
10195,0.7696414249336296,0.01273292259136824,ALG3,up
10196,0.6656346547059959,0.0037155537951420103,PRMT3,up
10197,0.24577997185233436,0.10251521106169056,PSME3,ns
10198,0.40631944237488327,0.03533964203094873,MPHOSPH9,ns
10199,0.3041609766116231,0.17951425766239307,MPHOSPH10,ns
102,0.055397940761562126,0.855243039578414,ADAM10,ns
1020,0.45201751916472777,0.014202512981539087,CDK5,ns
10200,0.5256464076785674,0.005700792754191807,MPHOSPH6,ns
10201,0.02041573737488278,0.8785448118090624,NME6,ns
10203,-0.15390457070465224,0.6862640325894149,CALCRL,ns
10204,0.21767682534478183,0.293038879343154,NUTF2,ns
10205,-0.2712517091627875,0.36177528190451885,MPZL2,ns
10206,-0.04726361999353035,0.8017311019867048,TRIM13,ns
10207,-0.6292542369162817,0.0566153536014196,PATJ,ns
10208,0.04348648165548319,0.7873799022228809,USPL1,ns
10209,-0.8494346145859666,0.01688919804505329,EIF1,down
1021,0.12889043859227023,0.6095673188192832,CDK6,ns
10210,-0.5241577890954439,0.07935822910699268,TOPORS,ns
10211,0.1072016148481918,0.792043880831894,FLOT1,ns
10212,0.7933273731535753,0.0014855749123868585,DDX39A,up
10213,1.048606166386314,0.001062382686153709,PSMD14,up
102157402,0.8677201039738103,0.0024389174859233403,AK6,up
10216,0.37408737827635186,0.06489964534666469,PRG4,ns
10217,-1.6253844148702203,0.003448592826976618,CTDSPL,down
10219,-0.5771257061563606,0.14621141170995194,KLRG1,ns
1022,0.16149280689667656,0.35749155004334443,CDK7,ns
10220,-0.8111493962066127,3.868193431003617e-05,GDF11,down
10221,1.0176284910747597,0.10341383907561111,TRIB1,ns
10223,-0.688078967347062,0.022326607173758187,GPA33,down
10224,-0.13049594251941166,0.5360741403434003,ZNF443,ns
10225,-1.1551716899384896,0.00018882337458482458,CD96,down
10226,0.1459250484525434,0.5830522521001421,PLIN3,ns
10227,-0.416328686150532,0.05518267709580096,SLC75A1,ns
10228,-0.173866253804567,0.1959596057074478,STX6,ns
102288414,1.0008736594613925,2.6998896609693823e-05,C11ORF98,up
10229,0.029759728945204955,0.8125024220023688,COQ7,ns
10231,-0.06911095537707279,0.830468154447665,RCAN2,ns
10233,-0.18694008923149497,0.06177997977238512,LRRC23,ns
10235,-0.48817396334210983,0.06303369116737649,RASGRP2,ns
10236,0.3188065874030208,0.09429688472760167,HNRNPR,ns
10237,1.0889093467219695,0.0016655038407749434,SLC35B1,up
10238,0.2956727114268123,0.39636407139309404,DCAF7,ns
10239,0.1387734956193878,0.3637928826998749,AP3S2,ns
1024,0.04796979575933591,0.6621646861750373,CDK8,ns
10240,0.5087533784715266,0.03317558355239179,MRPS31,ns
10241,-0.2059800278428927,0.30297133526901554,CALCOCO2,ns
10243,0.28528490444252697,0.18218646742025812,GPHN,ns
10244,0.36681664216990484,0.015590764875550188,RABEPK,ns
10245,0.4171222501138363,0.04733363425090483,TIMM17B,ns
10247,0.6386522602853395,0.003478145393160242,RIDA,up
10248,0.4688000770363452,0.02899109039921298,POP7,ns
1025,-0.11328160512892538,0.49160342206410484,CDK9,ns
10250,-0.15777761923710543,0.3290451168011803,SRRM1,ns
10251,-0.3117837612462333,0.08194958140463036,SPRY3,ns
10252,-0.6058457384272637,0.0803169014065755,SPRY1,ns
10253,-0.2679071364047365,0.5859209643648156,SPRY2,ns
10254,0.2820153027188965,0.21044369435667906,STAM2,ns
10256,1.7721874208601953,0.0018521217235643388,CNKSR1,up
10257,0.3659793416169457,0.21375582728808024,ABCC4,ns
1026,0.021148832926519034,0.9706653153298006,CDKN1A,ns
10260,-0.07112016590258463,0.7372794121276275,DENND4A,ns
10261,-0.15846126125238058,0.7593818025084311,IGSF6,ns
10262,-0.08713302693312741,0.7673611341430873,SF3B4,ns
10263,0.41796220758991787,0.1497453383430272,CDK2AP2,ns
10267,-0.7237235067407513,0.011716182144650755,RAMP1,down
10269,0.690032514837144,0.002764701408407803,ZMPSTE24,up
1027,-0.5342023951179442,0.0018462648114996399,CDKN1B,ns
10270,0.032279194187914584,0.8177575336294803,AKAP8,ns
10272,0.382271245945045,0.17620919503822655,FSTL3,ns
102723360,-0.13725388369938418,0.73837784637887,LOC102723360,ns
102723407,3.3420537915435578,0.0005243656321182891,LOC102723407,up
102723451,-0.041012956373133846,0.8618588189137906,LOC102723451,ns
102723475,0.9566353852498652,0.003155573508148015,LOC102723475,up
102723534,0.6859648853352285,0.010338902857870712,LOC102723534,up
102723553,-0.2525859744265979,0.05060420459362497,LOC102723553,ns
102723555,-0.21235071075088285,0.39961748861623514,SPDYE16,ns
102723722,-0.13109586249692828,0.6288573908765658,LOC102723722,ns
102723728,0.06760225312002532,0.9423093671496526,LOC102723728,ns
102723750,-0.22580398139555768,0.3815012477657828,CLK3-AS1,ns
102723859,-0.22293458853952863,0.5083441881646409,TBC1D3E,ns
102723996,-0.17576464004948988,0.6592192113895249,LOC102723996,ns
102724023,0.3747155318523241,0.4655962925787286,LOC102724023,ns
102724151,-0.019308968474001098,0.9494654720851003,LOC102724151,ns
102724159,0.5248002406270711,0.4674310583681814,LOC102724159,ns
102724200,0.336524170949696,0.5797851121773536,LOC102724200,ns
102724219,0.2801077675344219,0.33861308037515164,LINC03104,ns
102724231,-0.4425592770361888,0.5180102691406129,C3ORF86P,ns
102724250,-0.717180887266462,0.0010234897844368467,LOC102724250,down
102724378,-0.01064519600140823,0.9655211739227709,LOC102724378,ns
102724428,0.2080912561322652,0.861293632256218,LOC102724428,ns
102724488,0.14256491170166719,0.4955086526748023,SYT15B,ns
102724560,0.6101710288895248,0.04737245776384355,LOC102724560,up
102724594,1.10101500494455,0.14833583941264758,LOC102724594,ns
102724642,0.2609107190394182,0.24969137104167569,LOC102724642,ns
102724720,0.1390523229417484,0.2641427872303416,LOC102724720,ns
102724751,-0.4365659558845909,0.10315038664131912,LOC102724751,ns
102724813,-0.29721214292769904,0.10371748603068884,LOC102724813,ns
102724843,0.8259497265290507,0.0011211588412714836,LOC102724843,up
102724951,0.6676032297449561,0.023754864472830102,LINC03105,up
102724965,-0.3332564951834671,0.10334311104223233,LOC102724965,ns
102724971,2.395511389317554,0.0008176420671297096,LOC102724971,up
102724994,0.5532186562499373,0.25122885132962497,LOC102724994,ns
102725035,0.5279265292212507,0.6977897447822726,LOC102725035,ns
102725180,0.12052975737799976,0.7413295163811129,LOC102725180,ns
10273,-0.16972726861217247,0.17746397091729266,STUB1,ns
10274,0.1766058029324853,0.3641786513134469,STAG1,ns
10276,1.5621978117491961,0.0011417371640070335,NET1,up
10277,-0.235185039084282,0.06601838810457727,UBE4B,ns
10279,0.3706324912459289,0.09931760490027337,PRSS16,ns
1028,-1.8183564429922976,0.0027296984520698148,CDKN1C,down
10280,0.03923484842704461,0.8532676484171297,SIGMAR1,ns
102800317,-0.33064370732318693,0.35740123432282345,TPTEP2-CSNK1E,ns
10282,0.951088704346227,0.004754804845413791,BET1,up
10283,0.30124039600697117,0.046162901998988794,CWC27,ns
10284,0.1493281366434207,0.21681007181163686,SAP18,ns
10285,0.058474843595917037,0.6599102355820899,SMNDC1,ns
10286,0.262602956997009,0.4266677553699142,BCAS2,ns
10287,-0.5294629685374481,0.11442819023549235,RGS19,ns
10288,-0.6264549171671838,0.22858034228722682,LILRB2,ns
10289,0.17662211537124506,0.4865470461405347,EIF1B,ns
1029,1.5394230002193252,0.004006134828748995,CDKN2A,up
10290,-0.48008161022577056,0.11968295677432167,SPEG,ns
10291,-0.4138225546978429,0.017866971245235685,SF3A1,ns
10293,1.0300229061349784,0.0007211541178847298,TRAIP,up
10294,0.25107871962256034,0.08978627211986016,DNAJA2,ns
10295,0.21551956340651124,0.4585045082907649,BCKDK,ns
10296,0.2231015947439321,0.19551914197212392,MAEA,ns
10297,-0.13241080363338575,0.5145311682339012,APC2,ns
10298,0.07607834168703942,0.6892614110554962,PAK4,ns
10299,-0.027576174858618074,0.8354540249839764,MARCHF6,ns
103,0.7664394211500305,0.005925871635706141,ADAR,up
1030,0.19229801705252214,0.5781456900224506,CDKN2B,ns
10300,0.121872784979427,0.35475115487902203,KATNB1,ns
10302,0.27876501199290704,0.10469633575460893,SNAPC5,ns
10307,0.05150913416627745,0.8822669419549709,APBB3,ns
10308,-0.004688620101251928,0.9898960401823367,ZNF267,ns
1031,0.9981556184936231,0.0010005574074723864,CDKN2C,up
10311,-0.029081807478826605,0.841588888226539,VPS26C,ns
10312,0.07181272296035601,0.8773013104985051,TCIRG1,ns
10313,-0.46313894657159693,0.1135015472588706,RTN3,ns
10314,0.04451061939536416,0.8787629064561233,LANCL1,ns
10316,-1.858633042214887,8.066602341965942e-05,NMUR1,down
10318,-0.29696133355509957,0.2520211534541497,TNIP1,ns
1032,-0.8782143208387598,0.0259970048257204,CDKN2D,down
10320,-0.6087644434700543,0.0003898544097465021,IKZF1,down
10321,0.0807922299944881,0.9163291096181189,CRISP3,ns
10322,0.07754472350305441,0.7291381985825254,SMYD5,ns
10325,-0.13477631030308146,0.35826113357866907,RRAGB,ns
10326,-0.4447416162183977,0.550265082185493,SIRPB1,ns
10327,0.6402200129447984,0.002297049855420904,AKR1A1,up
10328,0.2593118124993765,0.05249484578478243,EMC8,ns
10329,0.5291597681133151,0.008017732250294568,RXYLT1,ns
1033,2.05544547625486,0.00010821459031462976,CDKN3,up
10330,0.7030149336258873,0.0064709755485597605,CNPY2,up
10331,0.020333441683841436,0.937867739679326,B3GNT3,ns
10333,-0.4090144803319973,0.2565283829498221,TLR6,ns
10335,-0.8338538868740244,0.16995048164253523,IRAG1,ns
10336,-0.18830182126758643,0.31071176733438993,PCGF3,ns
10342,0.5122037646372029,0.00031618696652659713,TFG,ns
10343,-0.1827315563615315,0.41169011774424574,PKDREJ,ns
10346,0.638052978433084,0.13187857575928033,TRIM22,ns
10347,-0.2592803717841683,0.4863897035152254,ABCA7,ns
10349,-0.11112769764113839,0.4256693095028189,ABCA10,ns
10350,0.199891207886159,0.35491690873189424,ABCA9,ns
10352,0.5371516112642585,0.044178275548688715,WARS2,ns
10360,0.628178722319416,0.013474307592512835,NPM3,up
10362,-0.26607612868081176,0.24622554760550436,HMG20B,ns
10363,0.03307769813022965,0.887987222414516,HMG20A,ns
10365,-0.7800127653929287,0.001692418872805116,KLF2,down
10367,0.17571089375724824,0.4191067297755968,MICU1,ns
10370,0.1600699794768623,0.5657257678428342,CITED2,ns
10371,-0.37757092618858135,0.02436807456792821,SEMA3A,ns
10376,0.9920172850273872,0.002334312567175611,TUBA1B,up
10379,0.3798749472613494,0.12852557412943655,IRF9,ns
10380,0.4572996742445241,0.015154879280552138,BPNT1,ns
10381,0.922348271463088,0.0172592291635283,TUBB3,up
10382,-0.5373916396258211,0.024095090793782366,TUBB4A,ns
10383,0.7745772909322515,0.028326476696502602,TUBB4B,up
10384,-0.0017887781266576752,0.9938511116893606,BTN3A3,ns
10385,0.303802732966302,0.04263585657358187,BTN2A2,ns
10388,-0.1867125298085357,0.4513160209746859,SYCP2,ns
10389,0.2681183564607377,0.04350172406244619,SCML2,ns
1039,0.10192862643621581,0.7727937976521606,CDR2,ns
10390,0.4055975070415556,0.04934687086925423,CEPT1,ns
10391,-1.0835235380443198,0.010963386408139729,CORO2B,down
103910,-0.28713016842359274,0.03761932564646627,MYL12B,ns
10392,-0.13514454232248418,0.47361303386221254,NOD1,ns
10393,0.25519444000758096,0.11418030774112825,ANAPC10,ns
10395,-0.3293773949358272,0.16090198382387336,DLC1,ns
10396,-0.6100039715695917,0.0032833452229821323,ATP8A1,down
10397,-0.17924783031789282,0.36534725093750575,NDRG1,ns
10398,-2.073542389129397,0.011132203549147318,MYL9,down
10399,-0.5015952678370397,0.010736391989750238,RACK1,ns
104,-0.7272341390246275,0.0007738913114329029,ADARB1,down
10400,-0.05107948658230477,0.8389729704878919,PEMT,ns
10401,-0.14053989652290433,0.2471783988373804,PIAS3,ns
10402,-0.041349207700169366,0.919990799652345,ST3GAL6,ns
10403,2.042312515588292,0.00020509376712385312,NDC80,up
10404,-0.8625298551013625,0.01605699455031183,CPQ,down
10409,-0.2965280983341074,0.6750728585720143,BASP1,ns
10410,0.974208666296903,0.12219585443971363,IFITM3,ns
10411,0.013009918233216844,0.9581173942169872,RAPGEF3,ns
10412,-0.2246516287269973,0.06447598455318594,NSA2,ns
10417,-0.9428635242340917,0.11621918559840463,SPON2,ns
10418,-0.1532829250591563,0.5366224700070972,SPON1,ns
10419,0.9370894921900152,0.00020416009804207798,PRMT5,up
10420,-0.49388210827269585,0.02058618149671092,TESK2,ns
10421,0.4151125365479231,0.00023584611133319614,CD2BP2,ns
10422,-0.337998509222345,0.03302533101009738,UBAC1,ns
10423,-0.37430317142206526,0.00974824892335351,CDIPT,ns
10424,0.40919832303306336,0.12483464065735138,PGRMC2,ns
10425,-0.19825657664716267,0.05793125698141214,ARIH2,ns
10426,0.226059523334893,0.10975908297318654,TUBGCP3,ns
10427,-0.30670351492498327,0.03332581792437753,SEC24B,ns
10428,0.1666422260304934,0.2550110858331193,CFDP1,ns
1043,-1.019716300739697,0.004283153716533171,CD52,down
10430,0.3628827375679453,0.08629311718119123,TMEM147,ns
10432,0.07616971897685865,0.6699222895875315,RBM14,ns
10434,0.2624093268202241,0.06001716307598787,LYPLA1,ns
10435,-0.026300547927885276,0.9613987548204065,CDC42EP2,ns
10436,0.5090089269469944,0.010383161260693389,EMG1,ns
10437,0.24306012723809012,0.4754982019916492,IFI30,ns
10438,0.5978732167411751,0.00038079572146821933,C1D,up
10439,-1.737457997903702,6.273613667597607e-05,OLFM1,down
10440,1.2104800056294183,0.0002338342152689839,TIMM17A,up
10443,-0.2943044481340831,0.07755382461227292,N4BP2L2,ns
10444,-0.5844072204754234,0.005272011582765869,ZER1,down
10445,0.1183573076406752,0.28096635500907274,MCRS1,ns
10446,0.31818769286792126,0.26387317018032375,LRRN2,ns
10447,1.1636274661858081,0.010866219547722251,FAM3C,up
10449,-0.005276077216304742,0.9828518066252514,ACAA2,ns
10450,0.020055186453948437,0.9128564192609937,PPIE,ns
10451,-0.6210062958953326,0.019012271377030765,VAV3,down
10452,0.4040276874779032,0.0766617062762443,TOMM40,ns
10454,0.0723698453364019,0.636174344762268,TAB1,ns
10455,0.38719407757086444,0.05295256239126159,ECI2,ns
10456,0.7696038745091567,0.000995012437061787,HAX1,up
10457,-0.31408885855863033,0.40399718470563,GPNMB,ns
10458,-1.0954069366568353,9.885544637382457e-05,BAIAP2,down
10459,-0.05176150726533635,0.7505248662152464,MAD2L2,ns
10460,0.37050314532151596,0.09397923043738728,TACC3,ns
10461,0.24820849622627073,0.5608350932477153,MERTK,ns
10462,-1.475191004711836,0.000465693721628178,CLEC10A,down
10463,0.27169750893381206,0.1431912221884062,SLC30A9,ns
10464,-0.23808396555961586,0.07684878002486371,PIBF1,ns
10465,0.23355286156768607,0.24707463770801927,PPIH,ns
10466,0.0050714071833919405,0.983481104492729,COG5,ns
10467,0.2601570525555239,0.06615930284822864,ZNHIT1,ns
10469,0.7930657712533602,0.0005145535233560442,TIMM44,up
1047,0.23567642999070681,0.14883590471072874,CLGN,ns
10471,0.7239542208325789,0.000938023072701811,PFDN6,up
10472,-0.7955941983047126,0.001809790321298261,ZBTB18,down
10473,-0.08755784684436385,0.6174714252518516,HMGN4,ns
10474,0.021515545246353796,0.9146923852294688,TADA3,ns
10475,0.4873621794373104,0.04030256955988826,TRIM38,ns
10476,0.48710419859214404,0.0010017999799934723,ATP5PD,ns
10477,-0.0976858358866064,0.4565415222707998,UBE2E3,ns
10478,0.49563881262530796,0.016048160131401628,SLC25A17,ns
10479,-0.11109450333661286,0.652569698171047,SLC9A6,ns
10480,0.03861511314716992,0.8218589696283465,EIF3M,ns
10482,-0.451232756236859,0.10483064879246425,NXF1,ns
10483,1.1245500791651146,0.00019822727410893706,SEC23B,up
10484,0.4069438810234143,0.036074349925200484,SEC23A,ns
10485,0.15883564788283788,0.44399622947890544,MIR9-1HG,ns
10487,-0.16502070129650015,0.37619727250382284,CAP1,ns
10488,0.6730495348537886,0.001972407584372042,CREB3,up
10489,0.29645982449430974,0.01809127260771821,LRRC41,ns
10490,0.1861394781915724,0.04629292606742451,VTI1B,ns
104909134,-0.20487929533481442,0.12794893767936438,LINC02210-CRHR1,ns
10491,-1.006098173522096,0.00047111116530011043,CRTAP,down
10492,0.32685992635358296,0.09868719989745241,SYNCRIP,ns
10493,-0.36116316144666705,0.0517581363407493,VAT1,ns
10494,-0.034109169814353635,0.8176048703857637,STK25,ns
10495,-0.08957025627899817,0.5096765025712094,ENOX2,ns
10497,1.4761739789637538,0.0010837239975556,UNC13B,up
10498,0.34592085531835437,0.09609950250457718,CARM1,ns
10499,0.08840088237776378,0.6757919111248591,NCOA2,ns
105,-0.062137646737334684,0.905804889136418,ADARB2,ns
1050,-0.680245119248287,0.12222348037664124,CEBPA,ns
10500,-0.6356416092869983,0.0035158141087412702,SEMA6C,down
10501,0.09414591498866631,0.8296593728245604,SEMA6B,ns
10505,-0.49826565470221684,0.006889351324573497,SEMA4F,ns
10507,-0.3263258595089127,0.05589361264355421,SEMA4D,ns
10509,-0.2732695372500178,0.41680943309482327,SEMA4B,ns
1051,-0.8251971787115409,0.1456080788164248,CEBPB,ns
10512,-0.8395516375074532,0.003186811142589122,SEMA3C,down
10513,0.19130349710256134,0.09884061684760216,APPBP2,ns
10514,0.5036272205490793,0.00991695356245995,MYBBP1A,ns
10516,-0.9650747776970805,0.004243550546393266,FBLN5,down
10518,0.35428945893584274,0.12186909759611354,CIB2,ns
10519,-0.3986330058972083,0.010555841502200814,CIB1,ns
1052,-0.31823757182510093,0.5127419085560518,CEBPD,ns
10520,-0.4767592477614242,0.009538818483894667,ZNF211,ns
10521,-0.014996631042206943,0.9416925707463194,DDX17,ns
10522,-0.3714803405469187,0.004056475314386849,DEAF1,ns
10523,-0.04919044372712378,0.8317757521830624,CHERP,ns
10524,0.13907084302086936,0.050506166655677164,KAT5,ns
10525,1.212940677927774,0.002222386114847804,HYOU1,up
10526,0.18863426175317954,0.4368923424352729,IPO8,ns
10527,0.20292321407576175,0.3595911345376251,IPO7,ns
10528,0.6355208334459022,0.001693109991002965,NOP56,up
1053,-0.10431423646285509,0.7830155666248976,CEBPE,ns
10531,0.20576899140375815,0.25043893596798794,PITRM1,ns
10533,0.029801235295957795,0.9058932322973191,ATG7,ns
10534,0.4392468802301419,0.08393306367490988,ZNRD2,ns
10535,1.0224815441154194,0.0008133195281859651,RNASEH2A,up
10536,-0.24284104387131844,0.1409787649632292,P3H3,ns
105369140,-0.39777650152494815,0.021826637696505374,LOC105369140,ns
105369199,-0.21044892281331684,0.31508052954616006,LOC105369199,ns
105369535,-0.41652530916624464,0.1988034563716313,LOC105369535,ns
105369914,-0.40862297057512187,0.23435181851472303,LOC105369914,ns
105370092,-0.19286371476452313,0.31341476937714835,LOC105370092,ns
105370579,-0.4635099443901618,0.17242551165120149,LOC105370579,ns
105370687,-0.19925035412436554,0.4548420352112539,EIF5-DT,ns
105371045,-0.3012538978311934,0.10572981774960112,PERCC1,ns
105371763,0.1552659531163938,0.5002928125470816,LOC105371763,ns
105371932,-0.3412959465387715,0.036483891898528256,LOC105371932,ns
105371933,0.14142447099928468,0.34059447484683986,LOC105371933,ns
105372412,0.03173281917885262,0.9385925750130164,LOC105372412,ns
105372824,0.1573604730002467,0.46722451353497574,LOC105372824,ns
105373311,0.40600287899748455,0.046659546986187156,LOC105373311,ns
105373759,0.0686612321319311,0.8104163683260812,LOC105373759,ns
105373780,-0.3560126253314957,0.32430412177367884,LOC105373780,ns
105374811,-0.11698192176250721,0.30544428074767493,TACR1-AS1,ns
105375112,-0.21558740200581994,0.6881488835177784,LOC105375112,ns
105375355,-0.3437794901290916,0.22540607789371414,UPK3B,ns
105375683,0.0208117624756472,0.9356999069154035,LOC105375683,ns
105375938,-0.4010120236672243,0.06850739089501241,LOC105375938,ns
105376526,-0.13824568057859832,0.5343473250778437,LOC105376526,ns
105376906,-0.20022159389272431,0.4313227393609734,ERVK-19,ns
105378230,-0.4025058747835475,0.051453314213120244,LOC105378230,ns
105378949,0.11895378688455782,0.5559611551015051,GNB1-DT,ns
105379443,-0.16542064891333474,0.623749044208018,LOC105379443,ns
105379554,0.3392980604093774,0.4074917957253264,LOC105379554,ns
10538,0.5896799839978284,0.001032671047187753,BATF,up
10539,0.5670833736115615,0.0008855118165034271,GLRX3,ns
1054,0.2165263555601893,0.20785206215999924,CEBPG,ns
10540,0.21549039590119712,0.11860583299685175,DCTN2,ns
10541,0.062348725597193067,0.7126806090864332,ANP32B,ns
10542,0.26904717030423697,0.10483887868803848,LAMTOR5,ns
10544,-0.5865590454176477,0.007084689558877771,PROCR,down
10548,0.7646711078548787,0.001835271868234681,TM9SF1,up
10549,2.0542822503395914,0.00021782073554003093,PRDX4,up
10550,-0.4826122723361266,0.008643610170028558,ARL6IP5,ns
10552,0.3490661775694264,0.0010607923948296085,ARPC1A,ns
10553,0.13575905814696476,0.5857688776349219,HTATIP2,ns
10554,-0.19640043862807133,0.4795663587848735,AGPAT1,ns
10555,-0.33409189253644733,0.24612142568599885,AGPAT2,ns
10556,0.6087926775393786,0.0006110122455306725,RPP30,up
10557,0.40717379864923053,0.025398446949995317,RPP38,ns
10558,0.3838713635771427,0.00831351707024923,SPTLC1,ns
10559,-0.31434266110658804,0.20854826393307924,SLC35A1,ns
1056,0.19027023672661514,0.3390611750249349,CEL,ns
10560,0.17980870416781425,0.18307464674958218,SLC19A2,ns
10561,2.157687387206936,0.0006072881948033231,IFI44,up
10562,-0.4882447537133192,0.5250780434172008,OLFM4,ns
10564,0.33639336376925755,0.11574640787280438,ARFGEF2,ns
10565,-0.04642313632731643,0.8611421742579211,ARFGEF1,ns
10566,0.30310685876416965,0.1819364480795673,AKAP3,ns
10567,0.6127489624975269,0.047385477659911204,RABAC1,up
10569,0.2013313239993817,0.1550831440190262,SLU7,ns
10570,-0.6427377745789764,0.010282695046291994,DPYSL4,down
10572,0.2169681493614144,0.2795075743228595,SIVA1,ns
10573,0.5794368483980694,0.0008167263469384004,MRPL28,ns
10574,0.5736036719565085,0.004096331385957421,CCT7,ns
10575,0.5151712603296428,0.007530373864599484,CCT4,ns
10576,0.7882084537403156,0.006115703411393207,CCT2,up
10577,-0.5891435092377293,0.03069983577861451,NPC2,down
10578,-1.1948203414972802,0.044971418785718184,GNLY,down
1058,2.044395950310336,8.207119300121845e-05,CENPA,up
10580,-0.09673856967953043,0.539789890349121,SORBS1,ns
10581,-0.27047643087173334,0.692070611020571,IFITM2,ns
10585,0.2213462038086096,0.16835845858863938,POMT1,ns
10587,-0.06189945278961062,0.5822930817492267,TXNRD2,ns
10588,-0.11994146586722554,0.686274477017122,MTHFS,ns
10589,0.3139298189925004,0.0665662487567175,DRAP1,ns
1059,-0.3189092814455421,0.030292584717793006,CENPB,ns
10591,0.28770668574264224,0.2149442320199611,DNPH1,ns
10592,1.371814621742538,0.0032050323560239256,SMC2,up
10594,-0.03285527217735762,0.8842002474514405,PRPF8,ns
10597,-0.0011166825853559104,0.9961793227965664,TRAPPC2B,ns
10598,0.4655126486086463,0.0093331703393706,AHSA1,ns
1060,-0.02143333712109552,0.9237593302086086,CENPC,ns
10600,0.7809973492175732,0.001889114858751951,USP16,up
10602,-0.35256640822204055,0.26609433237630215,CDC42EP3,ns
10603,0.708266618321808,0.061173347314616176,SH2B2,ns
10605,0.1343331975105393,0.41578544215875085,PAIP1,ns
10606,1.5735872535553934,0.000325453674487264,PAICS,up
10607,0.5477190813686388,0.00232603264492021,TBL3,ns
10608,-0.6664500636548638,0.002357949949289846,MXD4,down
10609,-0.5731901497919596,0.005683185920198497,P3H4,ns
10610,-0.7456919855060562,0.2529038050928383,ST6GALNAC2,ns
10611,-0.1824571133414512,0.38496117320486184,PDLIM5,ns
10612,-0.44531598458961685,0.03564893753317501,TRIM3,ns
10613,0.3689356058629869,0.1514825648677333,ERLIN1,ns
10614,-0.10766139135231256,0.46150507812528496,HEXIM1,ns
10615,2.4665449260569163,8.997451846621175e-05,SPAG5,up
10616,-0.14642812071896927,0.6753631994949831,RBCK1,ns
10617,0.1934384395629074,0.04558350271230936,STAMBP,ns
10618,-0.6333702837291106,0.0003273660698178177,TGOLN2,down
1062,2.257411491476529,8.066602341965942e-05,CENPE,up
10620,0.09985951248594738,0.6482247217587033,ARID3B,ns
10621,0.059289915144618455,0.6479806165787202,POLR3F,ns
10622,1.3598211001771539,0.0002930040998779054,POLR3G,up
10623,0.3272553544846186,0.015406760013962984,POLR3C,ns
10625,0.04529060735409196,0.8720252056021098,IVNS1ABP,ns
10626,0.06059876542125764,0.6723232990202371,TRIM16,ns
10627,0.11222188254131638,0.49925673106317336,MYL12A,ns
10628,-0.7887126772275632,0.007844060098180006,TXNIP,down
10629,0.3240641151121526,0.033665697619049716,TAF6L,ns
1063,2.3217302118509746,3.8434107541586e-05,CENPF,up
10632,0.1708675051562576,0.2844743697194212,ATP5MG,ns
10634,-1.3440516280934833,0.022407048867941884,GAS2L1,down
10635,1.6395845938710645,0.00016744886776332834,RAD51AP1,up
10636,-0.33390854329235076,0.30993339380734936,RGS14,ns
10637,-0.43764369587620866,0.06317327616674272,LEFTY1,ns
10640,0.4717890094822952,0.0457701356781849,EXOC5,ns
10641,0.2453082721841966,0.10498984447293253,NPRL2,ns
10643,0.9715907817823668,0.0017570143282985488,IGF2BP3,up
10644,-0.5864906739016691,0.11800050565054752,IGF2BP2,ns
10645,-0.15294279957892698,0.5782331474995694,CAMKK2,ns
10650,0.3122145718194336,0.16546188942526735,PRELID3A,ns
10651,0.7832933950140708,0.004855097223245774,MTX2,up
10652,0.24590652932386625,0.09551683436828942,YKT6,ns
10653,-1.0590421125353497,0.00011364877010544352,SPINT2,down
10654,0.8021519798161636,0.0002422562514611605,PMVK,up
10657,0.08884429830392904,0.3511366609834617,KHDRBS1,ns
10658,-0.08937006383295021,0.46065308239492697,CELF1,ns
10659,-0.2927008993010123,0.06512075042496478,CELF2,ns
1066,0.9298656376498986,0.16617089692645484,CES1,ns
10661,0.3794973220007307,0.39364213355683825,KLF1,ns
10663,1.2351246383387746,0.04165743210980686,CXCR6,up
10664,-0.08186484183678466,0.6168252226666066,CTCF,ns
10666,-0.3872469946573336,0.11850178965514659,CD226,ns
10667,0.26343069716338974,0.15420563456368958,FARS2,ns
10668,-0.2690795837922586,0.06090391078122558,CGRRF1,ns
10670,-0.05599865214816191,0.6737985857660967,RRAGA,ns
106707243,-0.26285739889357806,0.03255718293644997,PRH1-TAS2R14,ns
10671,0.7460097740470486,0.00021801953427859108,DCTN6,up
10672,-0.259081475456469,0.15890101904874065,GNA13,ns
10673,0.21723178820568734,0.7096143201145576,TNFSF13B,ns
10677,-0.6624836360112161,0.2013825785660829,AVIL,ns
10678,-0.11525733865441268,0.7050592663161858,B3GNT2,ns
10681,-0.46794394974603826,0.017137242117204896,GNB5,ns
10682,0.6108171868935006,0.038045116619334234,EBP,up
106821730,-0.7410907940359701,0.008994390261938757,BUB1B-PAK6,down
106865373,-0.28897066225966483,0.35354776811975924,GET1-SH3BGR,ns
10687,0.08217480058025295,0.7282354848510435,PNMA2,ns
1069,-0.12231070426618196,0.42245774610903447,CETN2,ns
10691,0.24681029675001298,0.023636591364231515,GMEB1,ns
10693,-0.0012951403857774935,0.9941956222215246,CCT6B,ns
10694,0.7335197341597013,0.003394337684423457,CCT8,up
10695,-0.4261410891989925,0.05848768245556914,CNPY3,ns
1070,0.49265461107390074,0.09952976723646444,CETN3,ns
107080638,-0.5696320844420644,0.020776247103367906,TBC1D7-LOC100130357,ns
107080644,-0.23589319018932287,0.35814388026132055,CNPY3-GNMT,ns
1071,-0.18481920322440093,0.6107177259810916,CETP,ns
10712,-0.45570861621878755,0.12483464065735138,ENTREP3,ns
10713,-0.048930154092644784,0.5753548360608591,USP39,ns
10714,0.45296768511177454,0.011821094584508352,POLD3,ns
10717,0.2514807996655737,0.09397923043738728,AP4B1,ns
1072,-0.11012458326432828,0.5965298436652605,CFL1,ns
10721,2.202779009531885,7.668413717622178e-05,POLQ,up
10723,-0.5880804346276367,0.13623053113322378,SLC12A7,ns
10724,-0.0054540941903926665,0.9816702702462592,OGA,ns
10725,-0.5159285569343801,0.04915292485138114,NFAT5,ns
10726,0.3989713058420623,0.0054275784691486355,NUDC,ns
10728,0.3456947811171638,0.026429182392034196,PTGES3,ns
107282092,0.42640651756952863,0.003559368514698066,BOLA2-SMG1P6,ns
1073,-0.481617847592533,0.2803983740395813,CFL2,ns
10730,0.4449401768734287,0.006893247156076193,YME1L1,ns
107303344,0.8097688534902847,0.006925978786892741,SETDB2-PHF11,up
10732,-0.42085678343014177,0.0010555753224650271,TCFL5,ns
10733,1.822461802566762,0.0002546530996855469,PLK4,up
10734,0.3272276870460731,0.11824788429841317,STAG3,ns
10735,-0.05911632199799044,0.8157724645261087,STAG2,ns
10741,-0.23569716314142664,0.10498984447293253,RBBP9,ns
10742,-0.4344905855068868,0.03531312258210415,RAI2,ns
10743,-0.7574214549653266,0.0005419482878737322,RAI1,down
10745,0.7088669745838638,0.0002422562514611605,PHTF1,up
10746,-0.1764395345462102,0.4368923424352729,MAP3K2,ns
10747,-0.2675275400380279,0.1851278476936963,MASP2,ns
10749,-0.04531831162679545,0.7731275300728135,KIF1C,ns
1075,0.20005361532249744,0.3686498977214277,CTSC,ns
10750,-0.08336244653380298,0.7106485607909093,GRAP,ns
10752,-0.4582137216677653,0.1260094988584552,CHL1,ns
10755,-0.5302752472352843,0.01001039076249421,GIPC1,ns
10758,-0.11615876959274374,0.497810996612862,TRAF3IP2,ns
10762,0.2900147466987235,0.1369366440609974,NUP50,ns
10763,1.031630765211823,0.002293497505334183,NES,up
10765,-0.24494008543933177,0.06623878632701033,KDM5B,ns
10766,-0.4529907829224271,0.04192138212382706,TOB2,ns
10767,0.7531331527750122,0.001870197355584094,HBS1L,up
10768,-0.17532042028713946,0.288107679004178,AHCYL1,ns
10769,-0.6820279933471696,0.2477574150578782,PLK2,ns
10771,-0.4056070854559426,0.02328048488108607,ZMYND11,ns
10772,0.40247278841165546,0.03332581792437753,SRSF10,ns
10773,0.054575235049464155,0.8856908730114957,ZBTB6,ns
10775,0.584694113274745,0.001531922804538678,POP4,up
10776,0.3669669998725027,0.03540673555560982,ARPP19,ns
10780,0.07270666024606776,0.8253107066943111,ZNF234,ns
10781,-0.780865787020737,0.00021589525230519873,ZNF266,down
10782,-0.07483536505981192,0.6670546817823948,ZNF274,ns
10783,-1.0062957522457463,0.001861208570868965,NEK6,down
10785,0.7887856360722019,0.0005816493757206168,WDR4,up
10787,-0.45747924203324875,0.04665685780861004,NCKAP1,ns
10788,0.1592525775376643,0.48287533735643595,IQGAP2,ns
10791,0.8515792233040784,0.018751659103606936,VAMP5,up
10793,0.13689015292599827,0.42321407533230837,ZNF273,ns
10794,-0.08374804914289147,0.8080378629221193,ZNF460,ns
10795,0.2695964711831431,0.36608653971564037,ZNF268,ns
10797,1.5128643639492605,5.9367396742318736e-05,MTHFD2,up
107983990,0.40587885160974135,0.05873506215942495,LOC107983990,ns
107983993,-0.16088583616049945,0.6864565904235427,UPK3BL2,ns
107983998,-0.27850940722136563,0.18761648002384812,LOC107983998,ns
107984126,-0.013570113673557316,0.9519259720266349,LOC107984126,ns
107984156,-0.07631019999481747,0.7724701907097931,LOC107984156,ns
107984341,-0.18864246635404758,0.13853944322106349,LOC107984341,ns
107984638,-0.5944694628412917,0.026305146054152954,LOC107984638,down
107984974,-0.5023208976563511,0.0009110082907677057,LOC107984974,ns
107985184,0.2691073823043144,0.13094462119587352,LOC107985184,ns
107985246,-0.0030969610394064873,0.9887949009916261,CSRP1-AS1,ns
107985388,-0.27368683045551556,0.2523853066294242,LOC107985388,ns
107985433,0.16386723229776212,0.2560917017461026,LOC107985433,ns
107985524,0.0021011337533227703,0.9927527215338678,LOC107985524,ns
107985770,-1.2555371116240872,0.024863132064257623,SMANTIS,down
107985803,-0.21957019275514167,0.43773071727949525,LOC107985803,ns
107985876,-0.3496817516473367,0.11398357695235616,LOC107985876,ns
107985911,0.12580374980733477,0.5454233986921908,LOC107985911,ns
107985939,0.27861768396379993,0.18336446800660902,LOC107985939,ns
107985946,-0.4065940105206769,0.5177327464245677,LOC107985946,ns
107986192,-0.4030146649020141,0.1359406436324412,LOC107986192,ns
107986596,-0.12592194511086152,0.3050426359354297,LOC107986596,ns
107986794,-0.7898602788628377,0.25395610284985504,LOC107986794,ns
107986800,-0.6878705869955013,0.1958030398450665,LOC107986800,ns
107986810,-0.1332123166971506,0.5370291223987314,WBSCR23,ns
107986860,0.132657155188304,0.6843865224463305,LOC107986860,ns
107986876,-0.15026931586688086,0.5179522310430007,LOC107986876,ns
107986910,-0.06691933445392895,0.901194080818615,LOC107986910,ns
107987004,-0.049650012097137264,0.8662136532741764,LOC107987004,ns
107987269,-0.10137301576873003,0.7145804403602982,LOC107987269,ns
107987288,-0.24397859258134247,0.0563430365134981,LOC107987288,ns
107987372,-0.06593304467754368,0.6948983262403318,LOC107987372,ns
107987425,-1.1502981949107038,0.3137901663796088,LOC107987425,ns
107987433,-0.28682334639642093,0.6984844569130912,LOC107987433,ns
107987457,-0.5910367346502534,0.26842242437801084,LOC107987457,ns
107987462,-0.11910118573286166,0.944040292996146,LOC107987462,ns
107987464,-0.1555883562533591,0.5652192388932594,LOC107987464,ns
107987478,-0.06615540726402003,0.8746605389318942,LOC107987478,ns
107987479,-0.06615540726402003,0.8746605389318942,LOC107987479,ns
107987545,-0.02143540725137072,0.9515798298341435,LOC107987545,ns
10799,0.6605172972993945,0.002823328943106953,RPP40,up
10800,-0.03497517446462339,0.9278074089494158,CYSLTR1,ns
10801,-0.9168913043683293,8.839609403004349e-05,SEPTIN9,down
10802,1.5127988816484113,0.0008262470456181622,SEC24A,up
10803,0.10571114018878358,0.7224873235689985,CCR9,ns
10804,-0.34669508249431136,0.15265039192515298,GJB6,ns
10806,-0.06722870018405658,0.5752833862688743,SDCCAG8,ns
10807,-0.2895819514220115,0.02441027174212006,ENTR1,ns
10808,0.5986315442980494,0.0369669921785309,HSPH1,up
10809,-0.5014632509996941,0.07666360333735152,STARD10,ns
10810,-0.9139759973492856,0.0007386874643006534,WASF3,down
10811,-0.8813105310017484,4.796297124689089e-05,NOXA1,down
10813,0.46353472633529336,0.008512012682367075,UTP14A,ns
10815,-0.29822202635535344,0.11727372797736015,CPLX1,ns
10817,-0.2690845513823703,0.18468072997142726,FRS3,ns
10818,-0.47201106797700554,0.004279398991237526,FRS2,ns
10825,-0.17436165127433156,0.16391657078947147,NEU3,ns
10826,-1.2815540200115532,0.036733784448521274,FAXDC2,down
10827,0.7252288255854342,0.0019438402985081655,FAM114A2,up
10838,0.4916226563993913,0.09303845396072467,ZNF275,ns
1084,-0.16582441405585868,0.8536083870245953,CEACAM3,ns
10842,-1.348318185454331,8.863763099263326e-05,PPP1R17,down
10844,-0.12024158428996046,0.40065893496283933,TUBGCP2,ns
10845,0.27176308952976136,0.11816977823011737,CLPX,ns
10847,-0.229567958725168,0.23193694948265225,SRCAP,ns
10848,-0.3621780717080041,0.05376816300718165,PPP1R13L,ns
10849,0.7278125276781457,0.005020243128969703,POLR1G,up
10855,0.09223990607218546,0.8393271074776476,HPSE,ns
10856,0.7530344320542852,0.0011278315046707942,RUVBL2,up
10857,-0.5551930953912425,0.03156019309786014,PGRMC1,ns
10859,0.016948273767425803,0.9619735161275839,LILRB1,ns
10861,-0.001210373552982702,0.9941956222215246,SLC26A1,ns
10863,-0.3611105843977551,0.10115875555563747,ADAM28,ns
10865,-0.22027669345933631,0.5084165638941704,ARID5A,ns
10867,-1.0857867396214829,0.02982018039513202,TSPAN9,down
10868,-0.44821935649752653,0.003321332258725961,USP20,ns
10869,0.23020858012425727,0.11724604343748225,USP19,ns
10870,-0.44264186957663654,0.028457166589403015,HCST,ns
10871,-0.4123877177583406,0.2871491723774357,CD300C,ns
10873,-0.24528725497754955,0.34592557822239456,ME3,ns
10875,-0.4571450696722117,0.41065154185563274,FGL2,ns
1088,-0.6364590671810495,0.3518079206211456,CEACAM8,ns
10884,0.027142079374277372,0.883987640039956,MRPS30,ns
10885,0.4642825977645213,0.2226028076925631,WDR3,ns
10888,0.04805658923719314,0.8264541318879454,GPR83,ns
1089,-0.7804654404635762,0.23074020979952828,CEACAM4,ns
10890,0.3269726457835471,0.23900433793158757,RAB10,ns
10892,-0.37656103517551465,0.0066865906748092676,MALT1,ns
10894,-0.26797816018218334,0.5453340329839014,LYVE1,ns
10897,0.7336469173023872,0.004243550546393266,YIF1A,up
10898,0.29062022979571367,0.032875361364470994,CPSF4,ns
10899,0.17868307980632814,0.2552341082862331,JTB,ns
109,0.5505776586216715,0.015881350055313447,ADCY3,ns
10900,-0.033619772937582226,0.9494112699082239,RUNDC3A,ns
10901,-0.012495504799204582,0.948872423031736,DHRS4,ns
10902,0.06359991533010856,0.7289584126746516,BRD8,ns
10903,-0.7228115983648582,0.0564496592466356,MTMR11,ns
10904,-0.6479824459360817,7.668413717622178e-05,BLCAP,down
10905,0.3816790778305492,0.120769130095002,MAN1A2,ns
10906,0.5537786888807137,0.14359396336169028,TRAFD1,ns
10907,0.49190215672830995,0.0037155537951420103,TXNL4A,ns
10908,-0.2017620200933763,0.4085569841652319,PNPLA6,ns
10910,0.3429462796581024,0.025454831817317974,SUGT1,ns
10911,-0.8470262554320191,0.28714267011458927,UTS2,ns
10912,0.038944681491489774,0.9457936223085747,GADD45G,ns
10913,-0.8168057238897601,0.027521332002522266,EDAR,down
10914,0.0926067938420978,0.45961033355466,PAPOLA,ns
10915,0.4330075653427503,0.007054977862049541,TCERG1,ns
10916,0.5736155774466578,0.000817562108658404,MAGED2,ns
10919,-0.03811360099616756,0.823110237001478,EHMT2,ns
10920,0.4759523458843873,0.006052888549872291,COPS8,ns
10921,0.05531640450337427,0.717712021941769,RNPS1,ns
10922,0.2305772172204481,0.2791929951386418,FASTK,ns
10923,1.3558417993289247,0.0009835217371796012,SUB1,up
10924,-0.05830258183288084,0.8890063905023908,SMPDL3A,ns
10926,0.7863739520073887,0.03976071755361647,DBF4,up
10927,-0.37287716349269573,0.01686026213099414,SPIN1,ns
10928,-0.24010039809263084,0.2174603560527714,RALBP1,ns
10929,-0.5959866550457136,0.0007832585457319833,SRSF8,down
10933,0.1262530271035942,0.4427534699188769,MORF4L1,ns
10935,0.8649538005990447,0.0020354135506170552,PRDX3,up
10936,-0.06248548679286614,0.6101007040641296,GPR75,ns
10938,-0.5335642409986363,0.030193050236988265,EHD1,ns
10939,0.2515384087014816,0.11044551792957101,AFG3L2,ns
10940,0.6400170337607687,0.01016728883285172,POP1,up
10942,0.6658338852069328,0.028121640301201126,PRSS21,up
10943,0.03449018201466103,0.8544645019849672,MSL3,ns
10944,0.28821270412698574,0.10153694258539964,C11ORF58,ns
10945,0.5060456701471239,0.06678657670177209,KDELR1,ns
10946,0.2543504049565186,0.09436183630782051,SF3A3,ns
10947,-0.1580368797088516,0.4530708837544917,AP3M2,ns
10948,-0.11113760092408498,0.545330719873876,STARD3,ns
10949,-0.5143499451909506,0.014462805814078238,HNRNPA0,ns
10950,0.495483481926029,0.26081041378534076,BTG3,ns
109504726,0.23172938861835846,0.7367125984646516,ERV3-1-ZNF117,ns
10951,0.06950458233781909,0.6598771147234858,CBX1,ns
10952,1.1923770023570857,0.0024750682023517868,SEC61B,up
10953,0.49990711128343257,0.022650668596832495,TOMM34,ns
10954,1.8478589436584247,0.0005850518008499338,PDIA5,up
10955,0.045005064529739514,0.8283254886239944,SERINC3,ns
10956,0.24755718594883191,0.129341012785999,OS9,ns
10957,-1.0410394533714253,0.011900555551529917,PNRC1,down
10959,0.5165869102741247,0.03417026574736215,TMED2,ns
10960,1.0743904321102313,0.00022865255853904832,LMAN2,up
10961,0.440079774281239,0.021036197174859342,ERP29,ns
10962,-0.3554885765717577,0.07218968799604718,MLLT11,ns
10963,0.6530119942863291,0.004622295230853642,STIP1,up
10964,2.2593330263720954,0.009734940570545057,IFI44L,up
10965,0.14174972991391765,0.46695940810787323,ACOT2,ns
10966,0.13486498082243692,0.5139266836784779,RAB40B,ns
10969,0.9253618984000624,0.0004911800776557781,EBNA1BP2,up
10970,1.0742140631313468,0.001533432590967823,CKAP4,up
109703458,-0.33256484472015035,0.48608210041606553,HTD2,ns
10971,0.10569752361986318,0.5851192078958922,YWHAQ,ns
10972,0.5760813088276127,0.05589184651171709,TMED10,ns
10973,0.6301104036701854,0.016256649031199513,ASCC3,up
10975,-0.07349500081681448,0.549712161981009,UQCR11,ns
10978,-0.007626830554089636,0.9802531831575411,CLP1,ns
10980,0.26888877637752984,0.0186062614161833,COPS6,ns
10981,-0.3420620562753456,0.3290839788876683,RAB32,ns
10982,-0.7026806094156353,0.000508876765159149,MAPRE2,down
10983,-0.6388196331383771,5.8119040109789964e-05,CCNI,down
10985,0.6101270169767758,0.0015625031751197872,GCN1,up
10987,0.5122398453431583,0.003615072962126406,COPS5,ns
10988,0.5066316581298196,0.016353613591855966,METAP2,ns
10989,0.35843264427969324,0.07268129921288993,IMMT,ns
10990,-0.01024179602046349,0.9882901305611053,LILRB5,ns
10992,0.09044185530374627,0.3929453739414881,SF3B2,ns
10993,0.44249304921935284,0.08220349861310226,SDS,ns
10994,0.4411768754001262,0.011748539293976117,HACL2,ns
10998,-0.1684383946223207,0.3331297451564337,SLC27A5,ns
10999,0.20780865208274157,0.1885870113858363,SLC27A4,ns
11000,-0.052033559311400523,0.8823922094499839,SLC27A3,ns
11001,0.8308797665939256,0.006048814696636869,SLC27A2,up
11004,2.5681030057307153,5.268904535610703e-05,KIF2C,up
11006,0.991887448491168,0.002383976209580205,LILRB4,up
11007,0.08246795920285699,0.6659933083764548,CCDC85B,ns
11009,-0.6315051427567777,0.008145077466934563,IL24,down
110091775,0.17599083494359125,0.5703823047066419,CFAP298-TCP10L,ns
1101,-0.1499379850263418,0.6588678455622724,CHAD,ns
11010,-1.1748096574908864,0.002395986415675912,GLIPR1,down
11011,0.11066104277896116,0.3121311243154131,TLK2,ns
110116772,0.16386216658574781,0.5996919368757712,ZNF765-ZNF761,ns
11014,1.260693951020377,0.0011855402455283161,KDELR2,up
11016,-0.40512323965656805,0.055950136008554835,ATF7,ns
11017,0.3923320300951705,0.006600343964050542,SNRNP27,ns
11018,0.6193155322900648,9.245185784248535e-05,TMED1,up
11019,-0.08509796963104499,0.5559611551015051,LIAS,ns
1102,0.20589721374791914,0.39669653083290335,RCBTB2,ns
11020,0.31804208944223333,0.08901429785700474,IFT27,ns
11021,0.0890027219836611,0.5468617057510068,RAB35,ns
11022,-0.1565739711475027,0.2272391954640949,TDRKH,ns
11024,-0.9283000878349181,0.06317211626295101,LILRA1,ns
11025,-0.7486034918093356,0.31095572167547353,LILRB3,ns
11026,0.6367322152913957,0.5561612704785397,LILRA3,ns
11027,-0.7764680239927397,0.14261586609397764,LILRA2,ns
11030,-0.3604792012502367,0.06112092974542371,RBPMS,ns
11031,-0.7680390126194752,0.05453713996359233,RAB31,ns
11033,-0.320150266550181,0.28953947810148006,ADAP1,ns
11034,-0.17989765241561706,0.34932119375183024,DSTN,ns
11035,0.32531536779346126,0.06935308890977367,RIPK3,ns
110354863,-0.2621070119149391,0.438850016977465,ZNF660-ZNF197,ns
11037,0.030270804055098743,0.8933803303204545,STON1,ns
110384692,0.2936493266101241,0.4859111762964105,C4A_2,ns
1104,0.5630452229758589,0.006240843125606134,RCC1,ns
11040,1.3504311203997563,0.004441792525492616,PIM2,up
11041,-0.01925663803621891,0.944090157326583,B4GAT1,ns
11043,-1.009332770567764,0.0013841887484279918,MID2,down
11044,0.40852842479253404,0.006333722773849831,TENT4A,ns
11046,-0.5309507889448728,0.01697554667708863,SLC35D2,ns
11047,0.4227555414038733,0.035174325672420466,ADRM1,ns
1105,0.05489602316820097,0.7924807464513305,CHD1,ns
11051,0.2140999962279473,0.17636286218007305,NUDT21,ns
11052,0.12342825708447336,0.4160890286545084,CPSF6,ns
11054,0.18839126065918066,0.353934350933066,OGFR,ns
11056,0.7504510095261949,0.0005388211164547429,DDX52,up
11057,-0.4867806264890362,0.07364714330917586,ABHD2,ns
11059,-0.6147147331200262,0.0029057655561839394,WWP1,down
110599564,0.8148825984486496,0.0014770415378001724,EEF1AKMT4,up
110599588,0.3203248331444346,0.2301510683876282,ASDURF,ns
1106,-0.18350850761959236,0.22720584134356644,CHD2,ns
11060,-0.375435009828303,0.07655874111600323,WWP2,ns
11062,0.07938774977279639,0.6083733410865808,DUS4L,ns
11063,0.12140860741568371,0.39792980614032925,SOX30,ns
11064,-0.00860312110676098,0.9589125872563553,CNTRL,ns
11065,2.5003399162759035,3.435112828484447e-05,UBE2C,up
11066,0.4836980292326203,0.00042128565062793193,SNRNP35,ns
11067,1.599705401062086,0.000618700232895503,DEPP1,up
11068,0.056488316639834224,0.68186722897031,CYB561D2,ns
1107,-0.695312721583667,0.001469632394257968,CHD3,down
11070,-0.06743193119239876,0.759011755514741,TMEM115,ns
11072,-0.39342007944757373,0.0890116570516687,DUSP14,ns
11073,0.42729467653732556,0.018583325849824008,TOPBP1,ns
11074,0.4283254256892475,0.11637980263233509,TRIM31,ns
11076,-0.8717030554501006,0.001415365105413486,TPPP,down
11078,-0.32993360514327996,0.2719368262106016,TRIOBP,ns
11079,0.19727211511799503,0.04731984057342778,RER1,ns
1108,0.13383818609319675,0.36516172408317193,CHD4,ns
11080,0.3936159617351844,0.0993158661252621,DNAJB4,ns
110806280,0.16865816534697586,0.49392012902898086,CCDC194,ns
110806298,-0.43787380313745317,0.0058838772241848,C17ORF113,ns
11082,-0.06600480365933414,0.810625988736363,ESM1,ns
11083,-0.2351786081186802,0.04250085490186093,DIDO1,ns
11091,0.3227180722511065,0.0015781265802170751,WDR5,ns
11092,-0.22778036420891024,0.10687985124026295,SPACA9,ns
11093,0.001558704632528496,0.9940742508556719,ADAMTS13,ns
11094,-0.18358840058063386,0.41210474237215744,CACFD1,ns
11096,-1.4742356387418587,4.5154971281948724e-05,ADAMTS5,down
11097,0.3169498156834383,0.05110842439383883,NUP42,ns
11098,-1.8872044445856258,0.001268336758592039,PRSS23,down
11100,-0.1996101620137054,0.257177346381391,HNRNPUL1,ns
11101,-0.08001022809603775,0.5473923158958893,ATE1,ns
11102,0.7042139211801359,0.00685340794406772,RPP14,up
11103,0.3100632464794817,0.3222381484034311,KRR1,ns
11104,0.06604040955781354,0.632346358472772,KATNA1,ns
111064649,0.8922659901451331,0.0028455880004339446,SMIM33,up
11107,-0.2526523973417074,0.46231777572638455,PRDM5,ns
11108,-0.3974586121218735,0.0031378610890012643,PRDM4,ns
111089941,-0.4803395013406906,0.08085025980359059,MMP24-AS1-EDEM2,ns
1111,2.085967515371104,6.929287501367213e-05,CHEK1,up
11112,-0.0011013580735985684,0.9948458322260681,HIBADH,ns
11113,1.8442646842081656,8.557650548468672e-05,CIT,up
11116,0.22296715558017421,0.18013858500616953,CEP43,ns
11117,0.06155292468876272,0.7788304211528692,EMILIN1,ns
11118,-0.09499197952097482,0.722462999964382,BTN3A2,ns
11119,-0.050421181156993455,0.8458239356694407,BTN3A1,ns
1112,-0.6019643860985404,0.0010114303190016153,FOXN3,down
11120,-0.2108379038238759,0.3851074943184333,BTN2A1,ns
11123,-0.9199407840273857,0.002867309154138505,RCAN3,down
11124,0.12049569250513059,0.3171917126343429,FAF1,ns
111240474,-0.1391289319647937,0.563749968593717,CRYZL2P-SEC16B,ns
11126,-1.7409853093855308,0.0003327391814078998,CD160,down
11127,-0.1911559799201017,0.43192652905436296,KIF3A,ns
11128,0.31302013571615284,0.06143241668759847,POLR3A,ns
11129,-0.26178264502199866,0.3313587930384379,CLASRP,ns
11130,2.6273773159834457,0.00011360156539595812,ZWINT,up
11132,-0.16003773332349702,0.2726822327488807,CAPN10,ns
11133,0.679742839972846,0.004042770889138918,KPTN,up
11135,-1.3007870233511971,0.011099768175947294,CDC42EP1,down
11137,0.3731419789666912,0.07705055191323394,PWP1,ns
11138,-0.6782983999097816,0.11081220836805739,TBC1D8,ns
11140,0.044128005123667435,0.7755147895394364,CDC37,ns
11142,-0.8883422303632429,0.014990054699649789,PKIG,down
11143,-0.6798566304800566,0.003217978837513626,KAT7,down
11144,1.2707920788397233,0.00015586611235551156,DMC1,up
11145,0.2911665968555548,0.08424044564943506,PLAAT3,ns
11146,0.43056262372697685,0.06722728579385868,GLMN,ns
11147,0.09964354911236484,0.7498370816381763,ANKRD13C-DT,ns
11148,0.10319855356599206,0.6522702608291726,HHLA2,ns
11149,0.9560283933328542,0.0011580488434842946,POPDC1,up
11151,-0.022450037030319336,0.9139482711150568,CORO1A,ns
11152,0.09354055690602259,0.674740731611546,WDR45,ns
11153,1.016800207293982,0.0008262470456181622,FICD,up
11154,0.09971465146741387,0.594647748599545,AP4S1,ns
11156,0.41756324480904183,0.19881808660299066,PTP4A3,ns
11157,0.2624983234732925,0.10033169052910616,LSM6,ns
11158,-0.5770390241339847,0.0002340144541308875,RABL2B,ns
11159,-0.7120359747030873,0.0005884143701601806,RABL2A,down
1116,-2.0669205720336112,0.03919613693589932,CHI3L1,down
11160,0.33651993431951155,0.02726809428673958,ERLIN2,ns
11161,0.24671779989378528,0.2598810562012668,ERG28,ns
11162,0.49152170331211575,0.005439369183745984,NUDT6,ns
11163,0.27038091427747624,0.17893601430280784,NUDT4,ns
11164,0.3672862350922639,0.04659329458852345,NUDT5,ns
11165,-0.28579897694971734,0.02249534925492614,NUDT3,ns
11167,-1.3166307268537851,0.004601618753526911,FSTL1,down
11168,-0.1153194819133887,0.5331082043921702,PSIP1,ns
11169,1.4205653390803192,0.00044760212680705283,WDHD1,up
1117,0.03525329267452104,0.9148391136844853,CHI3L2,ns
11171,0.3054905724002097,0.04314323273965673,STRAP,ns
11173,-0.18042498391035444,0.2961513837943649,ADAMTS7,ns
11174,0.14041101517103272,0.4074917957253264,ADAMTS6,ns
11176,-0.22542918004459978,0.1686435887877819,BAZ2A,ns
11177,0.3239832283733133,0.19668821532574965,BAZ1A,ns
11178,-0.17993710572890897,0.46231777572638455,LZTS1,ns
11179,-0.3386569201573071,0.015061354225398014,ZNF277,ns
1118,-0.20788854419383185,0.5893781322086141,CHIT1,ns
11180,0.15216696900867532,0.32437246282639326,WDR6,ns
11182,-0.08906789232090873,0.7915639795661955,SLC2A6,ns
11183,-0.037539433236245756,0.8109703907803959,MAP4K5,ns
11184,0.1244627903704707,0.6353007975173297,MAP4K1,ns
11185,0.25276625474695535,0.38052354962105833,INMT,ns
11186,-0.715526825566954,0.0013640886036501048,RASSF1,down
11188,-0.20583438876695936,0.22622173206935234,NISCH,ns
11189,0.058621932660756215,0.8084879251834495,CELF3,ns
1119,-0.2422381312082429,0.11381211104734153,CHKA,ns
11190,0.20472776978037643,0.15380482701928425,CEP250,ns
11193,0.42532424446718853,0.0005147772610829261,WBP4,ns
11194,0.6488620869071422,0.0026293690575051555,ABCB8,up
11196,0.6228180560945606,0.012330354220461167,SEC23IP,up
11198,0.37115233420596105,0.16562020466656974,SUPT16H,ns
112,-0.36343677085249837,0.10244146524782552,ADCY6,ns
1120,-0.057675068133267615,0.8450375408390207,CHKB,ns
11200,0.6656960558975404,0.00509208505413348,CHEK2,up
11201,-0.17509694483927873,0.37436758746682414,POLI,ns
1121,0.11648404630016707,0.4761325630946412,CHM,ns
11212,0.20820015669376346,0.12396678421455269,PLPBP,ns
11213,-0.5038732073444141,0.2773195382600481,IRAK3,ns
11214,-0.33752337619456796,0.04992626032010418,AKAP13,ns
11215,-0.4790751113191618,0.0446425549529154,AKAP11,ns
11216,-0.1321445547760174,0.40065893496283933,AKAP10,ns
11218,-0.014492606873085734,0.9587414294609462,DDX20,ns
11219,-0.022174738793836468,0.901866832445116,TREX2,ns
1122,-0.30742934052805904,0.07848974258433727,CHML,ns
11221,-0.5809259477672111,0.25599038883929004,DUSP10,ns
11222,0.7048462489530785,0.0017881976794544372,MRPL3,up
11223,-0.0839950003063139,0.7652800408882717,MST1L,ns
11224,-0.36518899467293586,0.12487001868691062,RPL35,ns
11226,-0.1689889176119106,0.36534725093750575,GALNT6,ns
112267855,-0.07456245133464012,0.8670210904482861,LOC112267855,ns
112267881,-0.004356028934502376,0.9925275253209892,LOC112267881,ns
112267968,0.7889609224964431,0.0032409079284329793,LOC112267968,up
112267983,0.08597897457928116,0.644528000872852,CDK13-DT,ns
112267992,0.0034315509568507707,0.9916324931815294,LOC112267992,ns
112268076,-0.11328074540316191,0.7523812044096425,LOC112268076,ns
112268102,-0.5583936119767445,0.0026194909977702006,LOC112268102,ns
112268105,0.06031236073945134,0.7209306722616211,SBNO1-AS1,ns
112268124,-0.5102558997863476,0.280658623260228,BAZ1A-AS1,ns
112268184,-0.06806273166452037,0.7716618969131455,KPNB1-DT,ns
112268198,-0.25484647984307074,0.29349922081460383,LOC112268198,ns
112268219,0.05513789256922763,0.7584037218341826,LOC112268219,ns
112268260,-0.06102227407999905,0.8434732624103733,LOC112268260,ns
112268321,-0.4458265805994195,0.18898249563699107,LOC112268321,ns
112268342,-0.4822294157316458,0.1621611123450534,LOC112268342,ns
112268354,0.6897050012893216,0.035674029375759704,LOC112268354,up
112268355,0.022674472979987037,0.9866235980865753,LOC112268355,ns
112268384,-0.09091974218330634,0.686274477017122,LOC112268384,ns
11228,0.050272850131379165,0.784984353871315,RASSF8,ns
1123,0.012907079979711078,0.9622490002484385,CHN1,ns
11230,-0.14259191400722315,0.6309514657721539,PRAF2,ns
11231,0.3770052467310414,0.09193531632292157,SEC63,ns
11232,0.2165882546611595,0.05354561019497577,POLG2,ns
11234,0.6966365801928216,0.006893247156076193,HPS5,up
11235,0.36152439362157374,0.004748723760034977,PDCD10,ns
11236,-0.6888293081272092,0.03285301865912728,RNF139,down
11237,-0.6235882423154688,0.3591644091821879,RNF24,ns
11238,-0.9412070165585078,6.171290680256915e-05,CA5B,down
112398,-0.2419801437377398,0.24817033506381803,EGLN2,ns
112399,-0.24547957209874394,0.27566601587901257,EGLN3,ns
1124,-0.9112457968831276,0.0021660342291168746,CHN2,down
11240,-0.6740377529303743,0.35638202512997336,PADI2,ns
11243,-0.01405489354850964,0.9513693119047705,PMF1,ns
11244,-0.006520435252301837,0.9788692529089539,ZHX1,ns
112464,0.21800558291979932,0.36983401274689054,CAVIN3,ns
11247,-1.2102868482986597,0.004604083521651539,NXPH4,down
112476,-0.7403507683572714,0.0003366716581427875,PRRT2,down
112479,0.7004967297662414,0.004855097223245774,ERI2,up
112483,-0.0620515029267068,0.6522503394580292,SAT2,ns
112487,0.33501342219730734,0.051244792815086225,DTD2,ns
112495,0.8655181383078716,0.00036236998845626766,GTF3C6,up
11251,-1.4429091719378775,1.5502969947240878e-05,PTGDR2,down
11252,-0.3225342070270809,0.25562816938569843,PACSIN2,ns
11253,0.00975988035138009,0.9253441465698485,MAN1B1,ns
112574,-0.35151572538904574,0.1985766209149187,SNX18,ns
11258,0.1852743990488932,0.20846272152598233,DCTN3,ns
11259,-0.16207328997944082,0.5421971608867028,FILIP1L,ns
11260,0.2935982342408767,0.09196559370605223,XPOT,ns
11261,-0.34672964594127365,0.035345745484740905,CHP1,ns
112611,0.3677776075384944,0.1586443129002721,RWDD2A,ns
112616,-0.3532284598557762,0.14478539836654122,CMTM7,ns
11262,0.9228057575355386,0.0016345479063614695,SP140,up
11264,0.07331044286418731,0.7252718655529816,PXMP4,ns
11266,-0.011667106287980289,0.944090157326583,DUSP12,ns
11267,0.33631286298991725,0.013241751358596903,SNF8,ns
11269,0.030309677532482482,0.8480648237630349,DDX19B,ns
11270,-0.33016297906578274,0.2255091107709042,NRM,ns
11272,-0.21195400978778167,0.23874392837298838,PRR4,ns
112724,0.023158408229054572,0.8867533890121475,RDH13,ns
11273,-0.39877900369057073,0.06958180240041201,ATXN2L,ns
11274,2.8849667537448216,0.0001516141476896007,USP18,up
11275,0.03163344104036625,0.9277833025709777,KLHL2,ns
112752,0.05382596818049734,0.7252718655529816,IFT43,ns
112755,0.10048337689264386,0.45961033355466,STX1B,ns
11276,0.017933084909788732,0.9423093671496526,SYNRG,ns
11277,0.5257254873851007,0.07726605674622523,TREX1,ns
112770,0.4846495068003005,0.10490642756674691,GLMP,ns
11278,-0.7581413305087032,0.006048814696636869,KLF12,down
11279,-0.7315452574231447,0.01031026495805246,KLF8,down
11280,0.23187197517431724,0.43338415354515075,SCN11A,ns
112812,0.4490048477870685,0.005756434459136754,FDX2,ns
112817,-0.0063017527680608865,0.9833299395352161,HOGA1,ns
11282,-0.682737207125351,0.016906405575632586,MGAT4B,down
11284,0.10097793008413802,0.658149392285228,PNKP,ns
112840,-0.12603115741109594,0.7584191156091095,WDR89,ns
112849,0.24028861451992967,0.31496116917940475,L3HYPDH,ns
11285,0.2560604548984866,0.11452216967542622,B4GALT7,ns
112858,0.07617341625083007,0.7904249610567251,TP53RK,ns
112869,-0.37280602409293806,0.06840322945345695,SGF29,ns
112936,-0.591275857914221,4.213976059030322e-05,VPS26B,down
112937,-0.2625592959610694,0.11144272226313685,GLB1L3,ns
112939,0.36505090507078286,0.03813490841579433,NACC1,ns
112942,-0.3096039437630864,0.08724369218972892,CFAP36,ns
112950,0.6813136877383794,0.0005065017607442066,MED8,up
112970,0.09223208680652206,0.7307097499035334,KTI12,ns
113,-0.3866880641624757,0.13719018479818512,ADCY7,ns
1130,-0.7198460753411435,0.043973593082312606,LYST,down
113000,0.11108286495216468,0.6696921990111673,RPUSD1,ns
113026,-0.1389273527778716,0.5353615197368095,PLCD3,ns
11309,1.509294748418161,3.662575912528215e-05,SLCO2B1,up
1131,0.018644939982420894,0.9631894767160846,CHRM3,ns
11311,-0.07246527738405817,0.5940170716996535,VPS45,ns
113115,1.4283924604647176,0.00018882337458482458,MTFR2,up
11313,0.11851145407955954,0.39927006830827505,LYPLA2,ns
113130,2.7679684446627,5.1298281694112226e-05,CDCA5,up
11314,-0.160819030271389,0.6633645580183525,CD300A,ns
113146,-0.9428999102532956,0.006363563274087799,AHNAK2,down
11315,0.44413410761837824,0.01601372537267233,PARK7,ns
11316,0.7575067545201968,0.010417781412167312,COPE,up
113174,0.6918648767432352,0.010742308464702852,SAAL1,up
113177,-0.5209379112873442,0.017935540834612126,IZUMO4,ns
113178,-0.3589980471216023,0.093315936607496,SCAMP4,ns
113179,0.13628746737188546,0.49197508423966785,ADAT3,ns
113189,-0.534873470390683,0.0045504034936544625,CHST14,ns
11319,0.08875242261486349,0.4332356004624082,ECD,ns
1132,-0.3548952622218913,0.3053518776545263,CHRM4,ns
11320,-0.5088805817822859,0.07426394747460408,MGAT4A,ns
113201,-0.2718784275337711,0.011927503535537641,GOLM2,ns
11321,0.1397413828048375,0.3331585977949057,GPN1,ns
11322,-0.32558749995294,0.010180132841382956,TMC6,ns
113230,-0.38299110398677616,0.32221606616858833,MISP3,ns
113235,0.09382196198181969,0.6307818459281951,SLC46A1,ns
113246,-0.6855292624054599,0.011930478033687174,C12ORF57,down
11325,0.07849094395345979,0.5283123383884353,DDX42,ns
113251,1.0963749970597743,0.0007623820877883384,LARP4,up
11326,-0.13692371230081424,0.8296593728245604,VSIG4,ns
113263,0.8120645181463306,0.055231765280739635,GLCCI1,ns
113277,0.7921717485076378,0.0026158291381959534,TMEM106A,up
11328,0.18339841249191746,0.5715792865323078,FKBP9,ns
11329,-0.2327860412918792,0.24702383651239973,STK38,ns
11330,0.33283546599092784,0.16882296784926842,CTRC,ns
11331,-0.16713600800474282,0.38534749410511066,PHB2,ns
11332,0.5892727516410163,0.011197505663518806,ACOT7,up
11333,0.22331258498725148,0.07101793831598768,PDAP1,ns
11334,-0.11888127599729792,0.4010889287268752,TUSC2,ns
11335,0.51530228831726,0.003828565446955997,CBX3,ns
11336,-0.08903640629781506,0.40153528174493025,EXOC3,ns
11337,-0.4478634629573861,0.12194246893354696,GABARAP,ns
11338,0.12563469851209774,0.25255385574615646,U2AF2,ns
11339,1.3643751607872758,0.00035201376149062385,OIP5,up
11340,0.5190824954353026,0.024863132064257623,EXOSC8,ns
113402,0.7343213130653989,0.0001625964443021324,SFT2D1,up
113419,-0.28553691181449103,0.0259970048257204,TEX261,ns
11342,-0.1050659318525895,0.7569736201766233,RNF13,ns
11343,-0.20806373849385906,0.6107177259810916,MGLL,ns
11344,-0.35737457368176706,0.07234808072799893,TWF2,ns
113444,0.0171986720830688,0.8102070035901995,SMIM12,ns
11345,-0.30849963991106044,0.06054546763865325,GABARAPL2,ns
113451,-0.6659013489812953,0.00021890367811676047,AZIN2,down
11346,-1.643459756958328,9.246190401723971e-05,SYNPO,down
1135,-0.7870456055051118,0.013619862220878888,CHRNA2,down
113510,0.1333872149616795,0.2724449881054796,HELQ,ns
113540,-0.18305189576892467,0.6072122430975276,CMTM1,ns
113612,-0.7241569332906304,0.0012634613384867868,CYP2U1,down
113622,0.037445106222175006,0.8102070035901995,ADPRHL1,ns
113655,0.017622555301143095,0.9466253858879625,SLC33A2,ns
113675,0.6019334166961903,0.028408412365552024,SDSL,up
113730,0.5540776637670319,0.1143861033022816,KLHDC7B,ns
113763,-0.5042598994697762,0.0031836696870573746,ZBED10P,ns
113791,-0.7976248045720009,0.0032067328589461142,PIK3IP1,down
1138,0.6512705782567005,0.008476627986940698,CHRNA5,up
113802,-0.15035312845768622,0.4230434862688438,HENMT1,ns
113829,0.21886954539893644,0.11132138828380003,SLC35A4,ns
113835,0.2977110183915759,0.1984522213861932,ZNF257,ns
113878,0.11071323399008115,0.7448841123439878,DTX2,ns
1139,-0.016250839501852354,0.95863564456669,CHRNA7,ns
1140,0.10853164971189955,0.48531267883979484,CHRNB1,ns
114034,0.1967751181819466,0.48349708467310826,TOE1,ns
114049,0.6692137362424688,0.012381663000503819,BUD23,up
114088,-0.1516795394688586,0.49595403332246435,TRIM9,ns
1141,0.10072755949003476,0.6887340419624496,CHRNB2,ns
114112,-0.5006432180895066,0.01472789125438356,TXNRD3,ns
114132,1.2176088336855253,0.015881350055313447,SIGLEC11,up
114134,-0.23770848819886758,0.1540022295423547,SLC2A13,ns
114294,0.10115985246466863,0.7584037218341826,LACTB,ns
114327,0.0728521956309427,0.7374564871532999,EFHC1,ns
1145,-0.44811922701073925,0.1317290668203622,CHRNE,ns
114548,-0.6050353109308286,0.19746963023581826,NLRP3,ns
114609,0.010333711219844055,0.9598635963866677,TIRAP,ns
114625,-0.5874356363260578,0.016404450310398742,ERMAP,down
114659,-0.5537208761185202,0.0025457798626023816,LRRC37B,ns
1147,0.6807108426540847,0.0009845455109226966,CHUK,up
114757,0.028141198209407747,0.9027711677745913,CYGB,ns
114769,0.4310961396420403,0.16515633568905932,CARD16,ns
114781,-0.4651515806034663,0.0009518499150346789,BTBD9,ns
114783,-0.6497602280799706,0.00983966130538321,LMTK3,down
114785,-0.886553917959894,0.09892977010054138,MBD6,ns
114787,0.3522423500030163,0.08793510468616601,GPRIN1,ns
114789,-0.1484543203095523,0.30984241398582785,SLC25A25,ns
114790,-0.15175713925221146,0.2780634789097669,STK11IP,ns
114791,0.5665279844766653,0.029645143092094615,TUBGCP5,ns
114792,-0.15193610245616718,0.5016935818452732,KLHL32,ns
114793,0.47883813794577357,0.24603339989828962,FMNL2,ns
114794,0.1659932882062014,0.43639824394146925,ELFN2,ns
114799,0.02714851357283088,0.8612943254768382,ESCO1,ns
114801,0.8272822113492744,0.02640773183686921,TMEM200A,up
114803,-0.3460970417982363,0.02272364861226224,MYSM1,ns
114804,-0.20037122637138793,0.4576443986996413,RNF157,ns
114818,-0.1932104884761916,0.13723802429427318,KLHL29,ns
114822,-0.6234100343827889,0.05981042728762627,RHPN1,ns
114823,-0.3815564511885654,0.2834760294151811,LENG8,ns
114824,-0.0728763278028346,0.7413917899100578,PNMA5,ns
114825,-0.007698855346205846,0.948872423031736,PWWP2A,ns
114826,0.09318925825801472,0.5141564954552644,SMYD4,ns
114836,-0.038420726514974746,0.8995212558637619,SLAMF6,ns
114876,-0.47175020961914793,0.06948047251855412,OSBPL1A,ns
114879,-0.7468533737708434,0.04318980745588124,OSBPL5,down
114881,-0.3910157223024662,0.04547570365392512,OSBPL7,ns
114882,-0.5475861846219789,0.05325755512431174,OSBPL8,ns
114883,0.4222674009155831,0.002214037900228006,OSBPL9,ns
114884,0.25307874008782605,0.5745837639095297,OSBPL10,ns
114885,-0.09197824034366064,0.7119869362059494,OSBPL11,ns
114899,-0.517797442561478,0.00380751879078171,C1QTNF3,ns
114900,-0.22295126409523824,0.14930177094447294,C1QTNF4,ns
114904,0.151540655764558,0.6733544846250589,C1QTNF6,ns
114907,-0.504569949743666,0.0539346977841287,FBXO32,ns
114908,0.09380626242044166,0.759011755514741,TMEM123,ns
114926,-0.0790361172699452,0.5162020216105874,SMIM19,ns
114928,0.1777419972859562,0.6161978585051698,GPRASP2,ns
114932,0.09418095454963193,0.7777971347532107,MRFAP1L1,ns
114960,0.26989352442967274,0.3308196789032894,TSGA13,ns
114971,0.09860552616940232,0.5090050686571448,PTPMT1,ns
114984,-0.36300821368194747,0.019239932833495624,FLYWCH2,ns
114987,0.24345399176558224,0.2907080293299744,WDR31,ns
114990,-0.150740400897603,0.5501184327640034,VASN,ns
114991,-0.5854908029548858,0.008330991095831134,ZNF618,down
115,-0.9086878688948925,0.0029151212879672227,ADCY9,down
115004,0.8935546479343239,0.0002121364959346947,CGAS,up
115024,-0.10838989692915746,0.7036034380974129,NT5C3B,ns
115098,0.23755319316059698,0.20966843792495038,CCDC124,ns
115106,0.6323425464236259,0.0027748383808727383,HAUS1,up
115123,-0.5318083827287321,0.04727646791830248,MARCHF3,ns
115196,-0.3359284301152572,0.05002851556447134,ZNF554,ns
1152,-1.2228296873591216,0.00031790788571905786,CKB,down
115201,0.8117961255544994,0.00025833546275740515,ATG4A,up
115207,0.043186287489264785,0.9385886713524348,KCTD12,ns
115209,0.4822029171579274,0.014462805814078238,OMA1,ns
115286,-0.1654162235621648,0.33154532923677893,SLC25A26,ns
115294,-0.23332222621137255,0.2662256967526545,PCMTD1,ns
1153,-0.5634223436646,0.019168728051441732,CIRBP,ns
115330,-0.3595648649174832,0.2644538886036396,GPR146,ns
115350,-1.4404099299796407,0.0056904115391986495,FCRL1,down
115352,-1.0926688790178556,0.00037119771851712143,FCRL3,down
115353,0.6149208397195425,0.001833558644172137,LRRC42,up
115361,0.45496893459941923,0.39407357759407713,GBP4,ns
115362,0.7507453074877013,0.1743066782220641,GBP5,ns
115399,-0.3885169068047363,0.05786062558471855,LRRC56,ns
1154,0.37923424759908286,0.4060388121108009,CISH,ns
115416,0.4743247387216867,0.0010607923948296085,MALSU1,ns
115426,-0.07727594591250586,0.6214332542538157,UHRF2,ns
1155,-0.13110810771937764,0.23574402213189888,TBCB,ns
115509,0.04929680557233418,0.7569736201766233,ZNF689,ns
115548,-0.8063712249527475,0.0435922267790992,FCHO2,down
115557,-0.6461698385715868,0.0013658053016519904,ARHGEF25,down
115560,-0.012019845877279778,0.9703327087926431,ZNF501,ns
115572,-0.5016914187642776,0.031112355808990487,TENT5B,ns
115650,-0.7156426651495797,0.059117494115332285,TNFRSF13C,ns
115703,-0.3899341066155264,0.26721316780554294,ARHGAP33,ns
115704,-0.16316314092926376,0.3494794920879373,EVI5L,ns
115708,-0.15728436881790486,0.2662381721018558,TRMT61A,ns
115727,-0.8257149341820806,0.13063978920663277,RASGRP4,ns
115752,-0.1350475222657419,0.284932362197432,DIS3L,ns
115761,0.22957681597498514,0.4797018896328795,ARL11,ns
115817,-0.23289366455736094,0.2537547047067397,DHRS1,ns
115825,-0.5957743369377901,0.017789327054349404,WDFY2,down
115939,0.06972311768043227,0.6288139609605006,TSR3,ns
115948,-0.3450612413186933,0.1630268159185305,ODAD3,ns
115950,0.22964398134091635,0.12016921778509664,ZNF653,ns
115992,-0.7267410794033484,0.020646486682487867,RNF166,down
1160,0.13981524077247975,0.3288369393623278,CKMT2,ns
116028,1.0437815256241167,0.0008345619887752158,RMI2,up
116064,0.5426573434924311,0.01324902550057393,LRRC58,ns
116068,0.548408902458771,0.04255371029195092,LYSMD3,ns
116071,1.3763047568242142,0.06318209759155376,BATF2,ns
116092,0.19217173976727864,0.3826810165180188,DNTTIP1,ns
1161,0.14551155864115373,0.4617875903219934,ERCC8,ns
116113,-0.6143865174220124,0.02613325510385413,FOXP4,down
116115,0.3284527452533421,0.14117042307041963,ZNF526,ns
116138,-0.1393378738254647,0.2733261675129456,KLHDC3,ns
116143,0.2900851987431947,0.15466993052333758,DNAAF10,ns
116150,0.6841384292624788,0.005662376260568881,NUS1,up
116151,-0.9307923567965108,0.00226116196304287,MIMS2,down
116154,-0.36680825497097125,0.03554377049783244,PHACTR3,ns
116159,-0.2493852201183584,0.2737928197994773,CYYR1,ns
116173,-0.7664882230160925,0.27062364882996054,CMTM5,ns
116211,-0.26617173871120325,0.3311565050356851,TM4SF19,ns
116224,-0.016045133880821183,0.9448340840404164,PABIR1,ns
116225,0.2526516400059613,0.09336194029043543,ZMYND19,ns
116228,-0.06476576998313988,0.6076122797946072,COX20,ns
116236,-0.5839801050845477,0.0013851057533171634,ABHD15,down
116238,0.3001043723900372,0.07488645295073304,TLCD1,ns
116254,0.10859454858540118,0.49899175805122836,GINM1,ns
116285,0.00891523528989957,0.9703327087926431,ACSM1,ns
1163,1.2086589455274943,0.0008113011984907524,CKS1B,up
116362,-0.24401080377159357,0.4731285409962434,RBP7,ns
116369,0.7049371956627501,0.2992159711739096,SLC26A8,ns
1164,1.5972194578616943,6.33235746270217e-05,CKS2,up
116412,-0.27344612413865477,0.07006311548488015,ZNF837,ns
116442,0.21266810406659697,0.3622518757266195,RAB39B,ns
116443,1.0324346120913077,0.024799552028008265,GRIN3A,up
116444,-0.1348196581073866,0.3599535117568562,GRIN3B,ns
116447,-0.7714846374891371,1.4916050325969114e-05,TOP1MT,down
116448,-1.4879752020375765,0.0012077386882419618,OLIG1,down
116449,-0.33968733867909684,0.05740217824046132,CLNK,ns
116461,0.07345059590422487,0.733858773015787,TSEN15,ns
116496,-0.616213996123065,0.2373729753400988,NIBAN1,ns
116540,0.7666438495506291,0.0015630658429224363,MRPL53,up
116541,0.3053348983166835,0.14676983427657142,MRPL54,ns
116832,0.6501059358074448,0.0042495248366778895,RPL39L,up
116835,-0.14045532987755038,0.3751167873820036,HSPA12B,ns
116840,0.05032448173158954,0.7568283086709009,CNTROB,ns
116841,0.007543287920794839,0.9581173942169872,SNAP47,ns
116843,-0.28440668113058987,0.12698685905137988,SLC18B1,ns
116844,-0.5276757080050132,0.5851192078958922,LRG1,ns
116931,-0.3011584060950119,0.10065133652369036,MED12L,ns
116966,-0.2929191505127795,0.04016562363791884,WDR17,ns
116983,-0.014055675937497014,0.9655211739227709,ACAP3,ns
116984,-0.3990962001286267,0.17427254802689884,ARAP2,ns
116985,-0.5388953181419911,0.12137153956830496,ARAP1,ns
116986,-0.19124397534026194,0.18517113294603083,AGAP2,ns
116987,-1.370225535371545,8.675113418030572e-05,AGAP1,down
116988,-0.989901129577726,0.0009355809901696207,AGAP3,down
117143,0.020515358238261783,0.935270183556247,TADA1,ns
117144,-0.9295652597116435,0.0009352917368321766,CATSPER1,down
117145,-0.9533611208777426,0.0061989308141065305,THEM4,down
117155,-0.011052967892949184,0.9468230111642003,CATSPER2,ns
117157,-2.024119125090982,0.00021612058416383534,SH2D1B,down
117166,-0.11730886313047151,0.6867267050330566,WFIKKN1,ns
117177,0.13020764945646235,0.3558140866532108,RAB3IP,ns
117178,0.1700061593051183,0.31304195740697155,SSX2IP,ns
117195,0.14132158692686314,0.4488710946361906,MRGPRX3,ns
117246,0.5358900335185108,0.0016926093935328598,FTSJ3,ns
117247,-0.5533611713256024,0.028085752586671335,SLC16A10,ns
117248,0.15701385315226446,0.545065731960459,GALNT15,ns
117289,-0.524529833336242,0.10884328863703314,TAGAP,ns
1173,-0.08789609081528305,0.5736571269287588,AP2M1,ns
1174,0.5841793337192565,8.997451846621175e-05,AP1S1,up
1175,0.042477259855717264,0.8322316323095458,AP2S1,ns
117581,0.3843159542002752,0.0878053340420548,TWIST2,ns
117583,-0.17131585077590206,0.49003537732596675,PARD3B,ns
117584,-0.5052774689750805,0.015820102774430887,RFFL,ns
1176,-0.06702020097430861,0.633260364763554,AP3S1,ns
117608,-0.3420321902823318,0.037487102322247966,ZNF354B,ns
1178,-0.7103899358200376,0.09511486617475845,CLC,ns
117854,0.7277406113595255,0.02728011219677467,TRIM6,up
118,-0.3755615494265321,0.004381532534924458,ADD1,ns
1180,-0.4881901329818099,0.0778240154461358,CLCN1,ns
1181,-0.45051860011560585,0.05200828842053777,CLCN2,ns
1182,0.3664177333196612,0.07867257974434912,CLCN3,ns
1183,-0.3522200591998965,0.23027112571745253,CLCN4,ns
1184,0.026260689210518606,0.9319479320727477,CLCN5,ns
118424,0.03886694603370344,0.76271014070564,UBE2J2,ns
118426,0.18379363422771977,0.2805872712051844,BORCS5,ns
118429,-0.49548258869044304,0.019806423148920095,ANTXR2,ns
118460,-0.637737042913022,0.016860547150225492,EXOSC6,down
118472,-0.00020742437991394524,0.9986850041648924,ZNF511,ns
118487,0.8591982755362482,5.393446774305236e-05,CHCHD1,up
118490,-0.12165756473604361,0.573858700343098,MSS51,ns
118491,0.01726141572039719,0.9317886251234804,CFAP70,ns
1185,-0.31045128175379233,0.13595521929817075,CLCN6,ns
1186,-0.23374240139876967,0.3787533749249433,CLCN7,ns
118672,-0.3202806805540437,0.006799566544321539,PSTK,ns
118788,-0.25224474602858216,0.5156063624623207,PIK3AP1,ns
118812,0.22602797387114393,0.12809316598100398,MORN4,ns
118813,-0.2454340567704527,0.09102538387776735,ZFYVE27,ns
118881,0.5259839580207295,0.014310353279991668,COMTD1,ns
118924,0.23212422085838824,0.2795075743228595,FRA10AC1,ns
118932,2.6732508630367313,0.0015887659638409558,ANKRD22,up
118980,0.8024227792204064,0.009636011297099019,SFXN2,up
118987,-0.5064130182012967,0.10315038664131912,PDZD8,ns
119,-0.9963449436501168,0.00025434441375204076,ADD2,down
119016,-0.6732887185727439,0.06103560018122508,AGAP4,ns
119032,-0.3322811382185211,0.0389047323530212,BORCS7,ns
1191,-0.801794451725673,0.20289623010835434,CLU,ns
1192,0.31878771934777284,0.08194958140463036,CLIC1,ns
1193,-0.08119790639145741,0.7427178727310079,CLIC2,ns
119391,0.19890555050256964,0.5188386455677333,GSTO2,ns
119392,0.34761526400870757,0.014992768465209767,SFR1,ns
1195,-0.342646437099944,0.24268475646176865,CLK1,ns
119504,-0.4382775925786504,0.0023366950203603195,ANAPC16,ns
119559,0.9085225974923512,0.0007901712120327174,SFXN4,up
1196,-0.05338458801611701,0.7337392576733818,CLK2,ns
119710,-0.21965219617073473,0.15741589244381587,IFTAP,ns
119774,0.15069359024673812,0.644960457519691,OR52K2,ns
1198,-0.29173529349436045,0.19305845681183761,CLK3,ns
120,-0.27976187821579046,0.10991729072694943,ADD3,ns
1200,-0.46388231568172067,0.14621103685974757,TPP1,ns
120071,-1.5309479874878802,0.001046266748966625,LARGE2,down
1201,0.01272176409822734,0.9543952669732932,CLN3,ns
120103,-0.38213301567561864,0.06838059129046557,SLC36A4,ns
120224,-0.5419327118672008,0.1553209533606547,TMEM45B,ns
120227,-0.3024941174359057,0.02958759406814221,CYP2R1,ns
1203,0.3704141901227995,0.0369364854726541,CLN5,ns
120425,-1.0141952964269816,0.011916384772191112,JAML,down
120526,0.14300277359962,0.491146255260397,DNAJC24,ns
120534,-0.029324017992571783,0.9097625664700404,ARL14EP,ns
1207,-0.06155007579827121,0.6556058663988952,CLNS1A,ns
120892,-0.2710711893265465,0.6624813008708177,LRRK2,ns
1209,0.12522492328917245,0.5591270797243791,CLPTM1,ns
120939,0.19000272390995931,0.4576443986996413,TMEM52B,ns
121053,0.29923428942637553,0.14772596005708272,NOPCHAP1,ns
1211,0.3804987974917875,0.019276385482699516,CLTA,ns
1212,-0.09625281954098774,0.5084002558391203,CLTB,ns
121256,-0.07855112778453766,0.7947703649717683,TMEM132D,ns
121260,-0.35185373981856927,0.17320011619650583,SLC15A4,ns
121268,0.5452531330489405,0.010424313935269214,RHEBL1,ns
121274,-0.5748843944739139,0.0034011110713616883,ZNF641,ns
1213,0.5945424987154766,0.010734057490923873,CLTC,up
121355,0.43520078435857457,0.051214270916613326,GTSF1,ns
121441,0.25628446160592766,0.2389189987481643,NEDD1,ns
121457,0.5936732392846995,0.033726009264236696,IKBIP,up
121506,-0.24791034474756923,0.20796137076740867,ERP27,ns
121512,0.08633037072235616,0.8498688106815708,FGD4,ns
121536,-0.11856501196641211,0.5202034538561872,AEBP2,ns
121551,-0.5436792811571252,0.011104687297010515,ABTB3,ns
121599,0.535752121406448,0.013187942505782283,SPIC,ns
121642,0.21116218249351526,0.15704860830286926,ALKBH2,ns
121665,-0.36159083559665994,0.0010583620029187921,SPPL3,ns
122060,-0.07423169713225874,0.7583022059478092,SLAIN1,ns
122402,-0.07557193735733136,0.861293632256218,TDRD9,ns
122416,-0.2245169607934372,0.5381199982928206,ANKRD9,ns
122509,1.848681009743185,0.00015207562267150097,IFI27L1,up
122525,-0.5672719490300873,0.0001982232818152379,DORIP1,ns
122553,0.6552452769999872,0.0017349483775802722,TRAPPC6B,up
122616,-0.25116443249135045,0.12894331547143256,CLBA1,ns
122618,-1.2412434729887671,0.0018175256676011581,PLD4,down
122622,-0.42071833644159895,0.0012392042376682556,ADSS1,ns
122704,0.5344072869633916,0.017710005415360244,MRPL52,ns
122769,1.0199249051192636,0.0004888105151967664,LRR1,up
122773,-0.32420321604294156,0.08820588180655045,KLHDC1,ns
122786,-0.3492283643485754,0.04691530156221204,FRMD6,ns
122809,0.2380399572705567,0.15548115090681044,SOCS4,ns
122830,0.13820179089465157,0.6122681848428443,NAA30,ns
122945,0.15116355977094997,0.4103368036038043,NOXRED1,ns
122953,0.017587939261773045,0.9723465405162312,JDP2,ns
122961,0.4869243455998662,0.0010983305013451555,ISCA2,ns
122970,-0.13943138602780802,0.5706129723918122,ACOT4,ns
123,-0.11631389426345962,0.6385884246975179,PLIN2,ns
1230,0.7710002251627017,0.15403940259890161,CCR1,ns
123016,0.02949584018274365,0.8490189604381377,TTC8,ns
123036,-0.8337727642925419,0.004855097223245774,TC2N,down
123041,-0.7319456832355371,0.0928868397444231,SLC24A4,ns
123096,-0.9105842141271729,0.0002819959629836549,SLC25A29,down
123099,-0.21945670655343807,0.22498836765770042,DEGS2,ns
123103,0.1353456310257659,0.6262833577404179,KLHL33,ns
123169,0.7633231871854669,0.011372802887011072,LEO1,up
1232,-0.9743054323422884,0.038635247239669684,CCR3,down
123207,0.18919815973237508,0.17866544523142774,C15ORF40,ns
123228,0.2292185587708211,0.12461290384588454,SENP8,ns
123263,0.178275201622343,0.22080795896171546,MTFMT,ns
123283,-0.1151096790467463,0.42233923242195776,TARS3,ns
1233,-0.26117337580627087,0.5827558908516429,CCR4,ns
123355,-0.16234282573623915,0.2800235718115237,LRRC28,ns
1234,1.2299510667106297,0.035345745484740905,CCR5,up
1235,-0.39175803504194207,0.30946910413847645,CCR6,ns
1236,-0.4837878335094494,0.25800905648623623,CCR7,ns
123606,-0.036568681438028605,0.8241417264372543,NIPA1,ns
123688,0.1678138465048713,0.2887129223369235,HYKK,ns
1237,-0.32535251207278026,0.252474062797623,CCR8,ns
123720,-0.5455323222550224,0.11456349932594193,WHAMM,ns
123722,-0.25630533771539454,0.20191425531696097,FSD2,ns
123775,0.25559016716246674,0.007305981594832319,C16ORF46,ns
123803,0.26084980662193047,0.20210113204812072,NTAN1,ns
123811,0.23069291854582552,0.16646500485644275,CEP20,ns
123872,0.5605987394488858,0.05497490716042014,DNAAF1,ns
123879,0.29236472571268823,0.1462901713097789,DCUN1D3,ns
123904,-0.34499359157928033,0.0344453422852186,NRN1L,ns
123920,-1.1212704016150354,0.00012736537187883146,CMTM3,down
1240,-0.21639249208133826,0.6670140138299167,CMKLR1,ns
124044,-0.4788348201640211,0.19747423064852182,SPATA2L,ns
124045,0.3411383247819959,0.025066583108114188,SPATA33,ns
124056,0.3140403488363921,0.16570386193491063,NOXO1,ns
124093,-0.3510405630073006,0.1306558199707908,CCDC78,ns
1241,-0.43515605554375014,0.20797665377656174,LTB4R,ns
124152,-0.24311248381032247,0.07236380707278109,IQCK,ns
124220,-0.2747438290172406,0.17371880996560696,ZG16B,ns
124222,0.7513500201210723,0.005408886084173013,PAQR4,up
124245,0.21922865825645843,0.19682083293867125,ZC3H18,ns
124359,-0.48316619436726693,0.026305146054152954,CDYL2,ns
1244,0.06731409853277626,0.7378544133907087,ABCC2,ns
124401,-0.15954227749971217,0.3717327250054489,ANKS3,ns
124402,-0.06117186731862567,0.8618588189137906,UBALD1,ns
124411,0.0292958927336322,0.8964080536652179,KRABD5,ns
124446,-0.15414206739134428,0.38433275934698263,TMEM219,ns
124454,0.8768254394635342,0.002605283715100943,EARS2,up
124460,0.14346676030758232,0.5202934058972886,SNX20,ns
124491,-0.1666750554248786,0.46929987403287393,TMEM170A,ns
124512,0.12432657414477077,0.3220350046967103,METTL23,ns
124535,-0.11246600304286414,0.5360594933166234,HSF5,ns
124540,0.25568480748214206,0.2806999680200486,MSI2,ns
124565,0.6004232413159549,0.001514480884286197,SLC38A10,up
124583,0.09674333134581659,0.6937252228235391,CANT1,ns
124599,-1.0568949214552887,0.009897012716786223,CD300LB,down
124602,0.023947679467906546,0.9601944140404887,KIF19,ns
124637,0.3820179960764385,0.0473975325873596,CYB5D1,ns
124641,0.04510110293138858,0.8132596971826297,OVCA2,ns
124739,-0.2024513751878061,0.20902625068369385,USP43,ns
124751,0.08476110974926421,0.667936664622584,KRABD2,ns
124790,0.2936405432454645,0.10585887951918367,HEXIM2,ns
124801,0.1739813370439478,0.25953498990881113,LSM12,ns
124808,0.7402602751354159,0.001972407584372042,CCDC43,up
124817,-0.24740184101638896,0.28275227034754913,CNTD1,ns
124923,-0.2600816274686153,0.2784983719056622,RSKR,ns
124930,-0.08384717210801718,0.6663044716830314,ANKRD13B,ns
124935,-0.6240453339293914,0.11207518615646041,SLC43A2,ns
124936,-0.09147608123454454,0.5819751818470075,CYB5D2,ns
124944,-0.15118449466319284,0.4414993102791361,BACC1,ns
124961,-0.5072768860571015,0.030081249270940236,ZFP3,ns
124976,-0.3809046040487676,0.06760399184829569,SPNS2,ns
124989,-0.011134755278009223,0.972455545963016,EFCAB13,ns
124995,-0.06534047436899115,0.6954594153248372,MRPL10,ns
124997,-0.14619309253555457,0.32334781329335177,WDR81,ns
125058,-0.6077694831834064,0.006976737262659934,TBC1D16,down
125061,0.5711317769606161,0.01136837381632154,AFMID,ns
125111,0.47553852718412504,0.04060096197115673,GJD3,ns
125150,-0.2176981024571054,0.025332715141609535,ZSWIM7,ns
125170,-0.23986349101742466,0.07748764039441373,MIEF2,ns
125228,0.2250188392236412,0.22191919384941328,MIMS1,ns
125336,-0.3793083785082958,0.3275267955647862,LOXHD1,ns
125476,0.7486809912144174,7.370617197129326e-05,INO80C,up
125488,-0.4944723618168947,0.006718467491763919,TTC39C,ns
125875,-0.7587496162226515,0.028223101329792916,CLDND2,down
125893,0.2143242334515989,0.5281752469662588,ZNF816,ns
125919,0.11039493850321236,0.6550609163917556,ZNF543,ns
125950,0.07266985417932759,0.8040615776714805,RAVER1,ns
125981,-0.28593263814454417,0.10880958657497401,ACER1,ns
125988,-0.08476240409335922,0.6428890126887654,MICOS13,ns
126003,0.06770214988526213,0.8258847685799483,TRAPPC5,ns
126006,-0.12509849901163062,0.7126901970324472,PCP2,ns
126014,-0.018127951846077295,0.9735101502738344,OSCAR,ns
126017,-0.22226540159994546,0.33267444331265233,ZNF813,ns
126068,-0.0986834907424452,0.8027664662746347,ZNF441,ns
126069,-0.10959133077786287,0.531835341460578,ZNF491,ns
126070,-0.14029661050119646,0.4872859843354869,ZNF440,ns
126074,-0.07182162384286528,0.6353007975173297,SWSAP1,ns
126075,-0.20766580491095787,0.5003543394866539,CCDC159,ns
126119,-0.006555628050525897,0.97882100465289,JOSD2,ns
126129,0.14656274484038345,0.663522325208403,CPT1C,ns
126133,0.22365570762200626,0.17083278480773295,ALDH16A1,ns
126147,-0.15929576270579826,0.3430929221837849,NTN5,ns
1262,0.38348104889610735,0.03770287816815415,CNGA4,ns
126208,-0.10928905032531055,0.6954594153248372,ZNF787,ns
126231,-0.04725736345987741,0.7978070982638219,ZNF573,ns
126248,-0.11386467372282638,0.3598401982317604,WDR88,ns
126259,-1.136208912453128,0.00024031194103133006,TMIGD2,down
126272,-0.03546188703434705,0.8326265521725856,EID2B,ns
126282,-0.7126714526293831,0.00018526714173153826,TIPE1,down
126295,-0.07679100831662655,0.717712021941769,ZNF57,ns
126298,-0.07513061832730727,0.8846015320609476,IRGQ,ns
126299,-0.2495259013402631,0.0829573317679651,ZNF428,ns
1263,-0.4466667238665174,0.4353996666501345,PLK3,ns
126306,1.158142568138505,0.004539348021774452,JSRP1,up
126308,-0.4254867733607899,0.13053396599622558,MOB3A,ns
126321,-0.0431231193110051,0.8609029199289011,MFSD12,ns
126326,-0.5660168469077842,0.11735583645617055,GIPC3,ns
126328,0.45939530134821815,0.04292956875335623,NDUFA11,ns
126364,-0.8208001595176295,0.10880958657497401,LRRC25,ns
126375,-0.5745493846489378,0.004653598636481044,ZNF792,ns
126382,-0.041448475279922015,0.7778300885842397,NR2C2AP,ns
1264,-0.5131072119274469,0.03309126656004055,CNN1,ns
126410,-1.4145299105624778,0.001268336758592039,CYP4F22,down
126432,-0.029846614863739518,0.7925893198341442,RINL,ns
126433,0.19417075589217525,0.1757735211671425,FBXO27,ns
1265,-0.3900690870226686,0.10913067255534702,CNN2,ns
126526,0.3051680053580661,0.08022083784934633,C19ORF47,ns
126549,0.7523433688971721,0.0052493949310314855,ANKLE1,up
1266,-0.621882003780974,0.05532382198948939,CNN3,ns
126626,-0.00480471000569338,0.9758301611808329,GABPB2,ns
126661,0.8976388729399414,0.025183420278306737,CCDC163,up
126669,0.05687581850351631,0.8067346644092167,SHE,ns
126695,-0.49000328240301005,0.035345745484740905,KDF1,ns
1267,1.3102433007383265,1.7736479229544595e-05,CNP,up
126731,-0.0051290513935899895,0.9837080248798886,CCSAP,ns
126789,0.14702421473418248,0.3281692858590872,PUSL1,ns
126792,-0.38929143552590695,0.018589840926655207,B3GALT6,ns
1268,-0.6988518613242682,0.0043501787810043,CNR1,down
126820,-0.012788033007298694,0.9613987548204065,DNAI3,ns
126823,0.16109933050967218,0.3423301011832074,KLHDC9,ns
126868,0.5288060258342373,0.26311792762923836,MAB21L3,ns
1269,-1.0543176324991066,0.0005415970746745901,CNR2,down
126917,-0.9710925996573803,0.00048624839118226415,IFFO2,down
1270,0.07526135429024716,0.7494214681895522,CNTF,ns
127002,-0.06417845236668374,0.7866822744355302,ATXN7L2,ns
127018,0.05466445992392899,0.6492070072044981,LYPLAL1,ns
127253,0.3440836111905803,0.15553728197254854,TYW3,ns
127254,1.1257524447713712,0.03578872065934208,ERICH3,up
127255,0.13421584745825932,0.5497372988478937,LRRIQ3,ns
127262,-0.7878660866740503,2.4643204638684142e-05,TPRG1L,down
127281,-0.8285795379832646,0.0007561713017162632,PRXL2B,down
127396,0.6300054765967102,0.10223204294596454,ZNF684,ns
127428,-0.12372142840977496,0.16031370202198209,TCEANC2,ns
127435,-0.7627877534839058,0.04142392602924989,PODN,down
127495,0.23968991020600683,0.22248303402839056,LRRC39,ns
127544,-0.4005585155720528,0.4196168683421823,RNF19B,ns
127579,-0.2091321609800385,0.31919273457521713,DCST2,ns
127687,0.1981381054133715,0.3594292070482651,C1ORF122,ns
1277,0.4544785256326813,0.0651169219301728,COL1A1,ns
127703,0.011916922421214338,0.9444594917661312,C1ORF216,ns
127707,-0.44153837782098027,0.051847437377419786,KLHDC7A,ns
127733,-0.017013062969616577,0.9423093671496526,UBXN10,ns
127829,-0.3953129058549081,0.15714305124487438,ARL8A,ns
127833,-0.08495521092089398,0.7951797563164135,SYT2,ns
127933,-0.17972683105561238,0.511821616393417,UHMK1,ns
127943,-0.16440132343988978,0.3730501969968195,FCRLB,ns
128,0.4133344358005324,0.15673094134933144,ADH5,ns
128061,0.6411205066358612,0.027629810384855392,FSAF1,up
128077,-0.2922993232034212,0.0950550148514057,LIX1L,ns
128178,-0.17760721933403723,0.5227354802838751,EDARADD,ns
128229,0.3883252907667636,0.025215560609797887,TSACC,ns
128239,1.2592391108376528,0.00014377771754121236,IQGAP3,up
128240,0.115599246793602,0.5056066741619916,NAXE,ns
128272,-0.06308712869472011,0.6954594153248372,ARHGEF19,ns
128308,0.14618793482493153,0.5653045127508666,MRPL55,ns
128338,-0.49675643181405427,0.0007386874643006534,DRAM2,ns
128346,-0.5943237540125121,0.15548115090681044,C1ORF162,ns
128372,-0.038057145787123936,0.9020617781724974,OR6N1,ns
128387,0.3013049293231731,0.0512072453193151,TATDN3,ns
128434,0.4813705264447439,0.0351197710041998,VSTM2L,ns
128486,-0.017111589456199283,0.9418193851158118,FITM2,ns
128497,-0.1311090227771068,0.48828783577605356,SPATA25,ns
1285,-0.11653034565822384,0.7006358069932342,COL4A3,ns
128553,-0.2761716870393167,0.44588954836740896,TSHZ2,ns
1286,0.9320275810726866,0.042816021379580356,COL4A4,up
128611,-1.0419265936040834,0.00032795364089293553,ZNF831,down
128637,-0.28994628312683446,0.0019119533701946953,TBC1D20,ns
128646,0.36068489537431336,0.2682754205795759,SIRPD,ns
128710,0.48071588697674095,0.0007536615000772859,SLX4IP,ns
128866,-0.18521220146138972,0.1880577050572663,CHMP4B,ns
128869,0.5970838545223183,0.018023741670832153,PIGU,up
1289,-0.26467508080098145,0.14252829646510728,COL5A1,ns
128977,-0.17471717775137918,0.03154922869664783,C22ORF39,ns
128989,-0.30765404917472594,0.11452216967542622,TANGO2,ns
1290,0.29100329155919535,0.03102671783645262,COL5A2,ns
129049,-0.7782964393298561,0.004272034677535101,SGSM1,down
129080,-0.4700360253166611,0.042178722239057366,EMID1,ns
1291,-0.5988017209169421,0.059015748304834775,COL6A1,ns
129138,0.30463180220557007,0.07748764039441373,ANKRD54,ns
1292,-1.5493896726039722,0.0003914234003698077,COL6A2,down
129285,0.09378756397726029,0.4897542703351108,PPP1R21,ns
129293,-1.0558807241588823,0.0018192309412354269,TRABD2A,down
1293,-0.051486889909754474,0.8692106472438101,COL6A3,ns
129303,-0.7860710618225246,0.0016568518712744853,TMEM150A,down
1294,0.6073475096605003,0.11485568140856019,COL7A1,ns
129401,0.5349686602119048,0.013297645458139693,NUP35,ns
129450,0.18131116062099562,0.1836971387172289,TYW5,ns
129530,0.2753134299820461,0.18307464674958218,LYG1,ns
129531,0.3201597002185217,0.038281551986935954,MITD1,ns
129563,-0.172082602354946,0.012650359067187804,DIS3L2,ns
1296,0.23403946007382181,0.4969684738156512,COL8A2,ns
129607,1.7284031914120916,0.014890050527450878,CMPK2,up
129642,-0.8570260933818252,0.07664415508234984,MBOAT2,ns
129685,0.1856567953818402,0.01973744548916014,TAF8,ns
129787,-0.03570758162651266,0.8317236766968518,TMEM18,ns
1298,-0.5416656043052352,0.19114738272613774,COL9A2,ns
129804,-0.578189629378107,0.04481590641199272,FBLN7,ns
129807,-0.16735968197350815,0.7129961051066679,NEU4,ns
129831,0.7352390252976768,0.00042810179578232666,RBM45,up
129880,-0.12028519076669397,0.6829262973489805,BBS5,ns
1299,0.7389727109350392,0.02015832621412377,COL9A3,up
1300,-0.08029411159784416,0.7817865570796574,COL10A1,ns
130026,-0.2502200498622589,0.29918594075916305,ICA1L,ns
130074,-0.28201517823433875,0.026755836317168886,FAM168B,ns
130162,0.15418131258060708,0.472230801272824,CLHC1,ns
1302,-0.12184271190844687,0.6767726684230361,COL11A2,ns
130271,-0.718996343037853,0.002395986415675912,PLEKHH2,down
130340,0.35452603904840974,0.07067433228822874,AP1S3,ns
130355,-0.18997999008177668,0.04100583471495014,C2ORF76,ns
130367,-0.11989793424789674,0.673875466786355,SGPP2,ns
130399,-0.41165682573607665,0.10949764543307636,ACVR1C,ns
1305,-1.1646671306904253,0.001198266978935594,COL13A1,down
130502,-0.22540408830936443,0.2810512799685861,TTC32,ns
130507,0.08862529805402097,0.703517683777261,UBR3,ns
130535,-0.28565708982380755,0.006707433479954847,KCTD18,ns
130540,-0.04074466562097889,0.8322381308950724,FLACC1,ns
130557,-0.12363355846708579,0.5314681582179944,ZNF513,ns
130589,1.372192561557144,6.171290680256915e-05,GALM,up
1306,-0.13623084491710014,0.3660768782242284,COL15A1,ns
130612,0.8443818948567285,0.0030965825686668567,TMEM198,up
130617,-0.35477509532034723,0.03418503629670912,ZFAND2B,ns
130749,0.2472058119561904,0.21963574121078042,CPO,ns
1308,-0.12128271222613307,0.7505248662152464,COL17A1,ns
130814,-0.598503397903702,0.0011233978912054327,SLC66A3,down
130827,-0.036377747861092935,0.821211625081234,TMEM182,ns
130888,-0.14585438111930404,0.34040875026153133,FBXO36,ns
130916,-0.1971150586189765,0.2695076984780224,MTERF4,ns
130951,-0.10393735124774395,0.604662353065477,M1AP,ns
1310,-1.3020678433088229,0.0017842147743637362,COL19A1,down
131076,0.8452134298459741,0.0011313956188953203,MIX23,up
131096,-0.940598886767491,0.0031383709853576285,KCNH8,down
131118,0.10992637125603277,0.48531267883979484,DNAJC19,ns
1312,0.04278536094312457,0.8434732624103733,COMT,ns
1314,0.7071526338523917,0.004602243059335049,COPA,up
131405,0.21986117756697876,0.2742132593231876,TRIM71,ns
131408,-0.32131556907925063,0.1779009330998766,FAM131A,ns
131450,-0.438735212354608,0.16973642997876706,CD200R1,ns
131474,0.5460885141121166,0.017796386722097348,CHCHD4,ns
1315,0.8837894116450702,0.001024886331580724,COPB1,up
131540,-0.5803893189323173,0.16711103638320157,ZDHHC19,ns
131544,-0.5470618060720822,0.12819977062497406,CRYBG3,ns
131566,-0.055531767885987904,0.736986676074378,DCBLD2,ns
131583,-0.9499993393461201,0.005677073263142628,FAM43A,down
1316,-0.19983399307955096,0.6813943065048306,KLF6,ns
131601,0.12380954009056744,0.399267106786081,TPRA1,ns
131616,-0.4136088598928529,0.004189672611035386,TMEM42,ns
1317,0.26944092908144945,0.20796137076740867,SLC31A1,ns
1318,0.24896845880479646,0.6093872704040383,SLC31A2,ns
131870,-0.10085060266547075,0.7184108389187719,NUDT16,ns
131965,0.48041998792491736,0.0032554268738510753,METTL6,ns
132,-0.06165249206202894,0.8156677438796339,ADK,ns
132001,-0.23153690315476716,0.09714759865205283,TAMM41,ns
132014,-0.313808177042012,0.05512565066554329,IL17RE,ns
132158,-0.05358715701079042,0.8002249442751302,GLYCTK,ns
132160,-0.5102352086231665,0.016178605779470993,PPM1M,ns
132299,-0.1723825742980356,0.49052762086068913,OCIAD2,ns
132320,0.07251671207276189,0.8166757252232023,SCLT1,ns
132321,0.5129601769920349,0.02720831543646085,C4ORF33,ns
1326,-0.2675127956562289,0.5157735898830278,MAP3K8,ns
132660,0.20207954618367552,0.28745032659886305,LIN54,ns
1327,-0.2839616442023818,0.06305136509794203,COX4I1,ns
132720,0.10520125288926252,0.7378544133907087,FAM241A,ns
132789,-0.051267007915672735,0.8030410226566369,GNPDA2,ns
132864,-0.4648746518769329,0.2803983740395813,CPEB2,ns
132884,0.017061592100600542,0.9423093671496526,EVC2,ns
1329,0.4901921835167986,0.0034655339158576955,COX5B,ns
132949,-0.038718178337398435,0.8322316323095458,AASDH,ns
133,0.5419330809085743,0.48967354263078017,ADM,ns
133015,-0.35013774558773303,0.012282408129289636,PACRGL,ns
133121,0.6751536788513564,0.002470870197297841,ENPP6,up
133308,0.192528798105843,0.27656382244354555,SLC9B2,ns
133383,-0.2176215712519074,0.33635008120095583,SETD9,ns
133396,-0.2834228969330663,0.5259348133811452,IL31RA,ns
133418,-0.4361995690942102,0.04138121599057832,EMB,ns
133522,0.10371922761012087,0.7221452422675569,PPARGC1B,ns
133619,0.4599894583808375,0.11430689385429608,PRRC1,ns
133686,0.33974698739540443,0.06704634168421757,NADK2,ns
1337,0.5721553770693326,0.005006978939626374,COX6A1,ns
133746,-0.3470168961267728,0.08570560781939018,JMY,ns
133957,0.44585724154693107,0.08122712276589303,CCDC127,ns
1340,0.35773011091795404,0.11585398708047219,COX6B1,ns
134145,0.19085207447947194,0.22056815811755184,ATPSCKMT,ns
134147,-0.06314413535564434,0.8257159229907868,CMBL,ns
134218,0.13521692413704578,0.226933836026458,DNAJC21,ns
134266,0.061200001169228635,0.7320000780125205,GRPEL2,ns
134285,-0.23147108348357293,0.3744180729557059,TMEM171,ns
134353,0.191590321204421,0.18514558168186382,LSM11,ns
134359,0.18754611173791869,0.1161810341663416,POC5,ns
134429,0.5869155277583058,0.015820598804106252,STARD4,up
134430,0.7385783336872418,0.008419768317756105,WDR36,up
134492,0.22586706503984644,0.1549002943601457,NUDCD2,ns
1345,0.6673864098018925,0.004184970022454568,COX6C,up
134510,0.2232731943973878,0.0890729006252489,UBLCP1,ns
134549,-0.09558080931964152,0.8618492673889964,SHROOM1,ns
134553,-0.022165606880395927,0.8824727368319145,C5ORF24,ns
134637,-0.17283758605330402,0.3951346453594366,ADAT2,ns
1347,0.798571342537608,0.002318078613446053,COX7A2,up
134728,-0.19428863744663172,0.3858396353845807,IRAK1BP1,ns
1349,0.7100635634966057,0.001178225922894264,COX7B,up
134957,-0.5033268195186089,0.030193050236988265,STXBP5,ns
135,0.340530099162196,0.3035540901655545,ADORA2A,ns
1350,-0.025219695861428804,0.9300163039776971,COX7C,ns
1351,0.5280665363615018,0.006218371750950678,COX8A,ns
135112,0.7178454812060853,0.04841484988235472,NCOA7,up
135114,-0.011676575435950909,0.9663992673488014,HINT3,ns
135154,-0.12871922514569878,0.46943505086163095,SDHAF4,ns
1352,0.2537833671651981,0.0517581363407493,COX10,ns
135228,0.17095568954437645,0.3848145155351435,CD109,ns
135293,0.4703368765721656,0.03908855383089894,PM20D2,ns
1353,-0.03643168145648623,0.8433924548386537,COX11,ns
135458,-0.1512396324837031,0.4239145453092164,HUS1B,ns
1355,0.35903039431021355,0.045090044516955176,COX15,ns
135644,-0.39816041076341957,0.13301651062048275,TRIM40,ns
1359,-1.4216495755471001,0.0019647139484902636,CPA3,down
136,-0.050510956576592214,0.8386132630054557,ADORA2B,ns
136051,-0.19513108520082145,0.39341056422353227,ZNF786,ns
1362,-0.38864000346829286,0.22261323519349765,CPD,ns
136227,-0.18830546018565286,0.7107993503567406,COL26A1,ns
136319,-0.31127145431761605,0.11378429006071379,MTPN,ns
136332,0.2405616097578278,0.18201015222555067,LRGUK,ns
1366,0.11332568573781465,0.5301485139881437,CLDN7,ns
136647,0.4836443876209984,0.0011759736360451487,MPLKIP,ns
1368,-0.9230858911355675,0.012803417001571395,CPM,down
136853,0.5616101973961785,0.006045780201393433,SSC4D,ns
136895,-0.3948473150396943,0.015174088775766472,SPMIP4,ns
137075,0.019998478692713206,0.9481439696206894,CLDN23,ns
1371,0.5738195645378728,0.002991736134679876,CPOX,ns
137209,0.05242222108594152,0.7930136090354328,ZNF572,ns
137392,0.30325581101748433,0.2543765069385921,CIBAR1,ns
1374,-0.4678931251989358,0.014310353279991668,CPT1A,ns
137492,0.07673168557221466,0.645687141645547,VPS37A,ns
1375,0.20051924031334245,0.6591741723282163,CPT1B,ns
1376,0.6910595806245077,0.0015031301398353695,CPT2,up
137682,0.33339669728170573,0.01686026213099414,NDUFAF6,ns
137695,0.38071958829051056,0.07626605544189347,TMEM68,ns
137797,-3.330976554795072,1.2092499107444503e-06,LYPD2,down
1378,-0.41326501661439785,0.4013286566607853,CR1,ns
137835,-0.7983048178424959,0.03444800940432061,TMEM71,down
137872,-0.6639882116566076,0.002076590658642945,ADHFE1,down
137886,-0.24180732739679556,0.4042460570873877,UBXN2B,ns
137964,-0.18249807150079533,0.06477154831814896,GPAT4,ns
137994,0.24883841407009566,0.36114891450796577,LETM2,ns
1380,-0.3968510202175901,0.2888301878327314,CR2,ns
138050,-1.1321931647092303,9.91910958415092e-05,HGSNAT,down
138151,-0.566892745631586,0.11040440068083708,NACC2,ns
138199,0.2686341444296776,0.2128065994477884,CARNMT1,ns
1382,0.0593733618175003,0.8536617229976787,CRABP2,ns
138241,0.27741826034703276,0.07051669791299854,C9ORF85,ns
138307,-0.443396162194591,0.4048067726391306,LCN8,ns
138311,-0.5689140274492175,0.12896177486850458,DIPK1B,ns
1384,-0.30733205559626775,0.3213498791777573,CRAT,ns
138428,0.2502477191807664,0.036736648092958436,PTRH1,ns
138429,0.241635988768528,0.2662381721018558,PIP5KL1,ns
1385,-0.41441075114440373,0.005929520865249405,CREB1,ns
1386,0.2530715506112582,0.026138962161284956,ATF2,ns
138639,-0.33145388596936876,0.01586434399279363,PTPDC1,ns
1387,-0.7476601791151865,0.00867362549007717,CREBBP,down
138715,0.1444916366921305,0.3538196353660691,ARID3C,ns
138716,0.4507760750028087,0.007896371798181565,RPP25L,ns
1388,-0.22192579471802,0.2239510293204815,ATF6B,ns
1389,-0.46685713224224656,0.009221906854056598,CREBL2,ns
1390,0.6002016040577871,0.05288379703261443,CREM,ns
139065,-0.07310110496770772,0.8307709939698618,SLITRK4,ns
139105,-2.409504082080006,3.435112828484447e-05,BEND2,down
139189,-0.8479314789818906,0.18853456126884882,DGKK,ns
139231,-0.3542272877238357,0.06562802817898167,FAM199X,ns
139285,-0.06585670544933642,0.7523374266001016,AMER1,ns
1393,-0.02450913784174613,0.9179969935947268,CRHBP,ns
139322,0.30498995875274826,0.11666364241090234,APOOL,ns
139324,-0.010190209945117878,0.9684445142415327,HDX,ns
139341,0.3757723458665785,0.04931052862092429,FUNDC1,ns
139596,-0.10120037233394985,0.6230102104927345,UPRT,ns
1396,-0.35110529770261145,0.2062330404161058,CRIP1,ns
1397,-1.9506771925336395,0.00017879934421946458,CRIP2,down
139716,-0.8657469694127613,0.00406229148918557,GAB3,down
139735,-0.024661323875934116,0.9252614590481536,ZFP92,ns
1398,-0.12344843753753132,0.6124730105913552,CRK,ns
139818,-0.20954383416510503,0.2716003672995014,DOCK11,ns
139886,-0.13480034983601197,0.2858073596966628,SPIN4,ns
1399,-0.12505040180969473,0.4072380620325039,CRKL,ns
14,0.148161272297056,0.3181688993021222,AAMP,ns
140,0.47057423072233373,0.18988125540377765,ADORA3,ns
140459,-0.22859892794725134,0.11155460140565093,ASB6,ns
140460,-0.1030059487230659,0.4343730811396378,ASB7,ns
140461,0.3932344551172857,0.00341515695652672,ASB8,ns
140465,1.570484418205286,0.00011706916902552096,MYL6B,up
140467,-1.017151160703273,0.0069949513269681775,ZNF358,down
140469,-0.5655543724666368,0.037802556069283004,MYO3B,ns
140545,0.3290809041871574,0.07432818947785105,RNF32,ns
140564,0.6392044339704146,0.005533013625971308,APOBEC3D,up
140578,0.6025926428727315,0.007925121786862407,CHODL,up
1406,0.12938506412962258,0.7188057205691949,CRX,ns
140606,-0.4534607618817956,0.14346147976106924,SELENOM,ns
140609,0.016966570100068523,0.9543484178756424,NEK7,ns
140612,-0.43179785231330037,0.12345952700812808,ZFP28,ns
140680,0.23070861776660045,0.14490910816725158,C20ORF96,ns
140685,-0.6652414591195619,0.002918371244678119,ZBTB46,down
140688,-0.938818743839601,0.0010234897844368467,NOL4L,down
140691,1.0168060230882068,0.00010288806382113072,TRIM69,up
140699,0.14227924423524652,0.38613262105690077,MROH8,ns
1407,-0.42939718421782924,0.019160157185629183,CRY1,ns
140700,-0.8274389096733223,0.0006419716055306366,SAMD10,down
140701,0.1304388486125374,0.5356273080171396,ABHD16B,ns
140707,0.655142286992171,0.016327990816771422,BRI3BP,up
140710,-0.7636181876502484,0.00408710865452087,MTCL2,down
140711,0.0692388611221535,0.7723900751412087,TLDC2,ns
140733,-0.5322205134813487,0.2207941696215694,MACROD2,ns
140735,-0.5584230222852131,0.0003487757043604019,DYNLL2,ns
140739,-0.046606772361542426,0.7435152756137092,UBE2F,ns
140766,0.6523561801185513,0.005021562347037503,ADAMTS14,up
140775,-0.12016818771293458,0.5250780434172008,SMCR8,ns
1408,-0.48681259237778995,0.009897012716786223,CRY2,ns
140803,-0.9151125844421983,0.11005213003953651,TRPM6,ns
140807,-0.7767084363818428,0.12838770725378795,KRT72,ns
140809,-0.17021618371894576,0.6291188564087831,SRXN1,ns
140823,1.0370971577419592,0.00011378467371741685,ROMO1,up
140831,0.3695061898114629,0.17296461141623423,ZSWIM3,ns
140838,0.23795284843224884,0.2926044952962657,NANP,ns
140862,-0.8006371977913203,0.020236281672407364,ISM1,down
140876,0.3810455625166602,0.21117958514416757,RIPOR3,ns
140883,-0.2472103558854366,0.11078426412416463,ZNF280B,ns
140885,-0.5551423434404619,0.2748869634223468,SIRPA,ns
140890,0.5157768933467306,0.006239079581455391,SREK1,ns
140894,0.23241742730275838,0.27996237159537957,CNBD2,ns
140901,0.22170325277335046,0.07555048475711601,STK35,ns
140947,-0.23997481709721757,0.384075930438027,DCANP1,ns
141,0.45089239029782036,0.14608092789727797,ADPRH,ns
1414,1.099986283931555,0.0028403338299000974,CRYBB1,up
1415,0.36720633287742555,0.19187760051173525,CRYBB2,ns
1417,-0.02358037432262261,0.9416453441364471,CRYBB3,ns
142,0.7783969479065345,0.0058939655628790074,PARP1,up
142678,-0.47908710484656325,0.07097375206080134,MIB2,ns
142679,0.1945320692121708,0.16818990313121984,DUSP19,ns
142686,-0.09535296335390431,0.5344541009075606,ASB14,ns
1427,-0.08615278282181649,0.6537449866065713,CRYGS,ns
1428,-0.22872730820966325,0.22724051866127012,CRYM,ns
142891,-0.545930530106288,0.050768445461761846,SAMD8,ns
1429,0.1897004304515475,0.5479826788795913,CRYZ,ns
142940,0.22844694524832665,0.3281341793889742,TRUB1,ns
143,0.2537507167815356,0.31929809344975724,PARP4,ns
143098,-0.8246358989026223,0.005757105083638896,MPP7,down
1431,0.09292709425142043,0.41957289018123345,CS,ns
143187,-0.17302921795711512,0.028539765551039088,VTI1A,ns
1432,0.33819873631693653,0.21669989984864985,MAPK14,ns
143279,-0.24301597108485762,0.19136326198124642,HECTD2,ns
143282,-0.48083614379116035,0.01973744548916014,FGFBP3,ns
143384,-0.09198267389385073,0.6014262169121967,CACUL1,ns
1434,1.0890166854836014,0.001268336758592039,CSE1L,up
143458,-0.7464136526994238,0.018519113978502245,LDLRAD3,down
143471,0.7976184765509009,0.003155573508148015,PSMA8,up
1435,-0.1595450884299261,0.749503568230829,CSF1,ns
143570,0.24364282849036378,0.33997724897877774,XRRA1,ns
1436,-1.2344681852149932,0.022149718651904085,CSF1R,down
143630,0.3834158485699719,0.1817786172880248,UBQLNL,ns
143684,-0.19344356948920094,0.22246385269561456,FAM76B,ns
143686,-0.9020384286999263,0.0008608436482126439,SESN3,down
143689,0.011421780816419869,0.9733347095986679,PIWIL4,ns
1438,-0.22555515713601437,0.6033261166528261,CSF2RA,ns
143872,1.629409504180023,0.004184970022454568,ARHGAP42,up
143879,-0.06504283124458077,0.7281339417289306,KBTBD3,ns
143884,0.25383410967390674,0.28659715914348216,CWF19L2,ns
143888,0.4924428509390424,0.06638470073789407,POGLUT3,ns
1439,-0.28072666116912437,0.5941600076817478,CSF2RB,ns
143903,0.11515897038427614,0.48879724077604714,LAYN,ns
144097,0.40769143562030585,0.09621813266689984,SPINDOC,ns
1441,-1.2249068459964292,0.14147348457264075,CSF3R,ns
144100,0.335141596304549,0.1323137334323214,PLEKHA7,ns
144108,0.2671303090227575,0.4938926181300582,SPTY2D1,ns
144110,-0.28434300811866997,0.14331476562759216,TMEM86A,ns
144132,-0.26672436270981414,0.3885595495049435,DNHD1,ns
144165,0.31520376057950195,0.29094360559186955,PRICKLE1,ns
144193,0.006868153928206944,0.9733347095986679,AMDHD1,ns
144195,-0.22890953494808475,0.5900484969316196,SLC2A14,ns
144233,0.2896097538389242,0.19870434211823243,BCDIN3D,ns
144245,0.23126548270428504,0.17397935431562542,ALG10B,ns
144321,0.21948924341127363,0.44434373337651184,GLIPR1L2,ns
144348,-0.0008517114260566672,0.9957014960124136,ZNF664,ns
144363,0.18660721449512074,0.1938751290797084,ETFRF1,ns
144402,-0.10555563010813263,0.7881269210739872,CPNE8,ns
144404,0.25180226104027703,0.21478102883869513,TMEM120B,ns
144406,0.08356221303476286,0.6674419078953328,CFAP251,ns
144423,-0.5748981904753521,0.336607247114492,GLT1D1,ns
144455,1.783807727462709,0.00012614635957826,E2F7,up
1445,-0.16583718429282968,0.33048182750458416,CSK,ns
144535,1.5485425601512777,0.0005713704352444669,CFAP54,up
144577,0.10858084887215735,0.5206022777319883,KICS2,ns
144608,0.1617959333712049,0.3652361968343679,C12ORF60,ns
144699,-0.5904737109610023,0.00015586611235551156,FBXL14,down
144715,-0.038874100543064394,0.8353063028693785,RAD9B,ns
144717,-0.7156100220507824,0.01668045391525685,PHETA1,down
144811,0.2800207702561659,0.344832997975307,LACC1,ns
144983,-0.21828083836934553,0.19805758177308863,HNRNPA1L2,ns
145173,-0.457432272170748,0.03952197088587967,B3GLCT,ns
1452,0.35088755947222694,0.007838508564175608,CSNK1A1,ns
1453,-0.08471313622330712,0.663471362016742,CSNK1D,ns
145389,-0.07026643850186076,0.6681129689713793,SLC38A6,ns
1454,0.20572783461795474,0.4333724447252404,CSNK1E,ns
145447,-0.16175510708030139,0.5310673245858746,ABHD12B,ns
145482,-0.12933361908444585,0.3219377991380393,PTGR2,ns
145483,-0.15279287098951233,0.3063336401952247,FAM161B,ns
1455,-0.512265298478253,0.010039179218395079,CSNK1G2,ns
145508,1.7256896225221743,0.0029658904857834097,CEP128,up
145553,0.4790975627301357,0.01578301673733506,MDP1,ns
145567,-0.6018168600915734,0.1313271241825793,TTC7B,ns
1456,-0.2506984417244116,0.07297214372341967,CSNK1G3,ns
1457,0.3138070365577601,0.0355674552101695,CSNK2A1,ns
145748,-0.11593425520282263,0.5284188820658844,LYSMD4,ns
145773,-0.09767971064582426,0.5960438942122414,FAM81A,ns
145781,-0.5246537139524481,0.39771434176198606,GCOM1,ns
145788,0.29612242197509353,0.052902652347600505,PIERCE2,ns
145853,-0.1840130682922103,0.23215205815964285,C15ORF61,ns
145864,0.11312269869179126,0.6410410950126062,HAPLN3,ns
145873,0.3841180384901479,0.014234262674397589,MESP2,ns
1459,-0.015626931601742555,0.9072646111817105,CSNK2A2,ns
145957,-0.15326371732484834,0.7014489800210493,NRG4,ns
1460,0.11154222093325217,0.6759691737960092,CSNK2B,ns
146050,0.11957839872775722,0.5058854248786493,ZSCAN29,ns
146057,-0.6307035736524913,0.0001222597143297578,TTBK2,down
146059,-0.26658902183630584,0.014069118454679678,CDAN1,ns
146198,-0.5725537317079237,0.006192431062699577,ZFP90,ns
1462,-0.5869040731792925,0.2500817574930677,VCAN,ns
146206,-0.21843196226603112,0.3680444244515383,CARMIL2,ns
146212,0.4669546712254906,0.041215406580698305,KCTD19,ns
146223,-0.7585738201472187,0.0031308752196368863,CMTM4,down
146225,-1.4993374871337597,0.05419748315379128,CMTM2,ns
146330,-0.6004668494200738,0.074774289958226,FBXL16,ns
146429,0.5314140641233118,0.007430899873713719,SLC22A31,ns
146434,-0.3263671710679379,0.04077592561050996,ZNF597,ns
146439,-0.4308839211409987,0.07243952364943437,BICDL2,ns
1465,0.1410453246626009,0.5084165638941704,CSRP1,ns
146540,-0.12489387200567492,0.5343473250778437,ZNF785,ns
146542,0.11636529925681494,0.5574553726907712,ZNF688,ns
146547,-0.1687501590043503,0.462543561788185,PRSS36,ns
146691,-0.5004732388698656,0.005074470731063654,TOM1L2,ns
146705,-0.460967933199786,0.18237543922344604,TEPSIN,ns
146712,-0.18779559428981507,0.6095673188192832,QTGAL,ns
146713,-0.5385286789553527,0.06285620458033542,RBFOX3,ns
146722,-0.8273922062516483,0.04955534439859859,CD300LF,down
146754,-0.529339555224742,0.012336730945431489,DNAH2,ns
146760,-0.4606240912909758,0.004618821500818153,RTN4RL1,ns
1468,1.183378158933973,0.0011263793671181343,SLC25A10,up
146850,-0.7455301603269033,0.024715920128588604,PIK3R6,down
146857,0.10843601924395685,0.6863109468367184,SLFN13,ns
146862,-0.6081713681214147,0.005727793250423516,UNC45B,down
146909,2.1816804750212713,3.490240435663177e-05,KIF18B,up
146923,-0.008515009008149832,0.9613987548204065,RUNDC1,ns
146956,1.5594858361459174,0.00021227524798568502,EME1,up
147007,0.1912391088945018,0.09013211851139376,VMA12,ns
147011,-0.21467990562636796,0.31116596503255817,PROCA1,ns
147015,-0.11758482201742204,0.7126806090864332,DHRS13,ns
147040,-0.6964742852746948,0.08384108364133588,KCTD11,ns
1471,-0.9263520826558072,0.04349822355241709,CST3,down
147138,-0.8788359840025013,0.00029993126924077374,TMC8,down
147166,-0.27923859901052417,0.13346874520227986,TRIM16L,ns
147179,-0.08996133309487675,0.5828436129626408,WIPF2,ns
147184,0.25981565505303994,0.2638453427962112,KRT10-AS1,ns
147199,-0.38523578048792206,0.0742223693862453,SCGB1C1,ns
147339,-0.17614587311183705,0.49291194174608544,ARK2N,ns
147372,0.2067765016243852,0.36608653971564037,CCBE1,ns
147495,-0.7530292882094098,0.01686026213099414,APCDD1,down
1475,-0.633196550403877,0.05916440818396916,CSTA,ns
1476,-0.011749096730524045,0.9532863126329771,CSTB,ns
147645,0.35896664367531006,0.11052709819880924,VSIG10L,ns
147646,0.2642587719022087,0.3023933722130615,C19ORF84,ns
147650,-0.22566716811460097,0.3733957534115714,SPACA6,ns
147657,0.35501100247835105,0.21849999261407793,ZNF480,ns
147660,-0.07535258452926108,0.7014489800210493,ZNF578,ns
147664,0.15417567936454724,0.578585858755616,ERVV-1,ns
147670,0.15611938830502137,0.562153223162757,SMIM17,ns
147686,-0.19654070529141965,0.4095322602901808,ZNF418,ns
147687,-0.08175086620981986,0.703517683777261,ZNF417,ns
147694,-0.46981140137149424,0.07363574335910532,ZNF548,ns
147699,-0.5821947742581823,0.009140693068481896,PPM1N,down
1477,0.4767918874124568,0.019242636153208363,CSTF1,ns
147798,0.024134922611197318,0.9613998557629375,TMC4,ns
1478,1.0451757790160094,0.0004897993931531086,CSTF2,up
147807,-0.4329261853665223,0.03288018257221806,ZNF524,ns
147808,0.07474123011863298,0.7209551892056532,ZNF784,ns
147837,-0.0733285230186862,0.7652800408882717,ZNF563,ns
147841,1.827048155029491,8.066602341965942e-05,SPC24,up
1479,0.7894365934751963,0.0013843753327375968,CSTF3,up
147912,0.765626380365231,0.010929980470870996,SIX5,up
147923,-0.16766312062714395,0.465310584847001,ZNF420,ns
147929,-0.04641808340276388,0.779111882037832,ZNF565,ns
147948,-0.44766773982035346,0.01601372537267233,ZNF582,ns
147949,-0.13308876368685407,0.4140371077811536,ZNF583,ns
147965,-0.478649912481969,0.008171640504984728,TSLIG3C,ns
147968,-0.19491425403501683,0.5037744372824525,CAPN12,ns
147991,0.2242452670145294,0.1174041139011705,DPY19L3,ns
148022,-0.06771556036579618,0.8746391325976407,TICAM1,ns
148103,-0.4022101242791507,0.011593727993886036,ZNF599,ns
148137,-0.4925314417087634,0.014989942209715612,PROSER3,ns
148156,-0.5011058650667124,0.005486377885982026,ZNF558,ns
148203,-0.1758761799340327,0.4430950742883105,ZNF738,ns
148206,0.515062822870024,0.01686697945165451,ZNF714,ns
148213,-0.09736381095897695,0.6869855040139619,ZNF681,ns
148223,-0.13066807676385928,0.3691171732322358,C19ORF25,ns
148229,-0.19479212182187666,0.21114907589029266,ATP8B3,ns
148252,-0.8223129374139706,0.023715833395351615,DIRAS1,down
148254,-0.39145650100871787,0.05829877152773548,ZNF555,ns
148266,-0.1922807019467747,0.2780634789097669,ZNF569,ns
148268,-0.2410833193682631,0.3313587930384379,ZNF570,ns
148304,0.20492320483460347,0.5193364802887716,C1ORF74,ns
148327,-0.024225850601406584,0.8737732658184963,CREB3L4,ns
148345,0.46557797558119063,0.02982018039513202,CIROZ,ns
148362,0.17689808724251854,0.3374190326232508,BROX,ns
148423,0.10254392014742209,0.6196095092010839,C1ORF52,ns
148479,-0.4320686787080641,0.024798116156424316,PHF13,ns
148523,-0.1314967538975509,0.559306677776429,CIART,ns
148534,0.08941654987651582,0.7287530784864641,TLCD4,ns
1486,0.2501084563448739,0.46503350021928835,CTBS,ns
148641,-0.2813545623870226,0.12106649927506363,SLC35F3,ns
1487,-0.1697913020420092,0.07268129921288993,CTBP1,ns
148741,-0.19500276840897612,0.07663482479954524,ANKRD35,ns
148789,0.12629088222075247,0.43580763784261684,B3GALNT2,ns
1488,-0.5360618044157519,0.09834433160286225,CTBP2,ns
148808,-0.06488208434446108,0.7523888008723767,SLC60A1,ns
148811,-0.10205613070919473,0.6536988225950238,PM20D1,ns
148823,-0.4379294450435669,0.21381806333319042,GCSAML,ns
148867,0.48179780862056987,0.006052484398975718,SLC30A7,ns
1489,0.278226639530879,0.1935786983744173,CTF1,ns
148932,0.4196813920750344,0.022654639020275726,MOB3C,ns
149013,-0.38439922861419795,0.06474774553443356,NBPF12,ns
149041,-0.39275857985691687,0.10880958657497401,RC3H1,ns
149076,-0.9443062251063594,0.0010046916861009038,ZNF362,down
1491,0.35551407291274195,0.2239510293204815,CTH,ns
149175,-0.02034085647395134,0.9278615629133288,MANEAL,ns
149233,0.261621432964394,0.46722451353497574,IL23R,ns
1493,1.0617826139738336,0.031913224867485296,CTLA4,up
149345,-0.16095353071345997,0.5308348273708767,SHISA4,ns
149371,-0.5218338896309902,0.03185834714223745,EXOC8,ns
149420,0.4723786437052331,0.06777847208239159,PDIK1L,ns
149428,-0.17844332448261468,0.46827361417144336,BNIPL,ns
149473,-0.1332880924862856,0.46032577846845474,CCDC24,ns
149478,0.1799412598443979,0.6359209611553737,BTBD19,ns
149483,0.036716359414493915,0.9436148939818284,CCDC17,ns
1495,-0.11324290442379947,0.6611208627396417,CTNNA1,ns
149603,-0.3870913852695903,0.022849194341225343,RNF187,ns
149628,-0.8314469656945054,0.011097375087021494,PYHIN1,down
149699,0.3216624144729101,0.0517581363407493,GTSF1L,ns
1497,0.14322561789721178,0.4655902448603696,CTNS,ns
149840,0.19917257662859544,0.21659394306741347,SHLD1,ns
1499,-0.1338975788167609,0.5167028950310879,CTNNB1,ns
149951,-0.3942580621687437,0.0025830670048871064,COMMD7,ns
149986,-0.3187315857114843,0.012194368647522477,LSM14B,ns
15,-0.002834155880035105,0.9941956222215246,AANAT,ns
150,-0.658283655688054,0.03169913798673937,ADRA2A,down
1500,-0.35698193861265004,0.2772726300865759,CTNND1,ns
150051,0.5219934830631288,0.003823702528745543,TIAM1-AS1,ns
150094,-0.7061376881845849,0.6522503394580292,SIK1,ns
150159,0.04935401609503476,0.7957197267310313,SLC9B1,ns
150209,-0.21815168120699457,0.516466137305045,AIFM3,ns
150221,0.12236105750015547,0.7708745523585192,RIMBP3C,ns
150223,-0.06095120105342566,0.7813162206778254,YDJC,ns
150274,0.3667530398751264,0.05713758061460128,HSCB,ns
150275,0.8363810533944509,0.004037799601867112,CCDC117,up
150290,0.04407630382228778,0.8365424189425669,DUSP18,ns
1503,1.3650477961300878,8.997451846621175e-05,CTPS1,up
150356,-0.21465156185352807,0.2223050847875672,CHADL,ns
150365,0.3377440931016924,0.34146751657439484,MEI1,ns
150368,0.46174914821095303,0.0025278306189396227,PHETA2,ns
150372,-0.6518956684275281,0.2119524880373379,NFAM1,ns
150383,-0.1385505090743706,0.38925450528367267,CDPF1,ns
150465,-0.5264114467679981,0.0016959672981444382,TTL,ns
150468,2.133818807354955,6.15023529581025e-05,CKAP2L,up
150472,0.8790922263761498,0.00035201376149062385,ZNG1B,up
150483,0.277826911125584,0.3727110052406187,TEKT4,ns
150590,-0.40502330950351606,0.03060485169973695,C2ORF15,ns
1506,0.043047641152878846,0.9266431323770131,CTRL,ns
150678,0.29013777340303903,0.20811715428451916,COPS9,ns
150684,0.9500260489210746,0.00035943638683834595,COMMD1,up
150709,-0.4492011490635832,0.0005831877795179984,ANKAR,ns
150726,-0.36254154436318586,0.05162426957780543,FBXO41,ns
150737,0.44945496356475534,0.09400767979171237,IFT70B,ns
150763,0.6712964252824563,0.0840813756760691,GPAT2,ns
150771,-0.2022071106600265,0.4728388617389812,ITPRIPL1,ns
150786,-0.07551294134881115,0.596901510681203,RAB6D,ns
1508,0.11918629295770167,0.753716452538771,CTSB,ns
150864,-0.7873856985455276,0.0025902575309371075,FAM117B,down
1509,0.1583652388477823,0.6605703054640792,CTSD,ns
150946,-0.38244698152317547,0.02153620231362751,GAREM2,ns
150962,0.08919405601723351,0.534631296726116,PUS10,ns
151011,0.4298934979167095,0.16095832011275193,SEPTIN10,ns
151050,-0.22616918936820607,0.2768940802385882,KANSL1L,ns
151056,-0.9626111964678339,0.04678400017391542,PLB1,down
1511,-0.68734704857214,0.2281297702619666,CTSG,ns
151176,-0.4734280779257629,0.09368468481812592,ERFE,ns
151188,0.09504761077005419,0.3046573291444522,ARL6IP6,ns
151194,-0.1321776583096863,0.24173159219570511,METTL21A,ns
151195,0.062361991709716236,0.6557921594115546,CCNYL1,ns
1512,-0.02234679617026103,0.9284088864798569,CTSH,ns
151246,1.4844487412080385,0.0003225048339207086,SGO2,up
151295,0.30715036959004305,0.09551683436828942,SLC23A3,ns
1513,-0.5100473162353154,0.07984763091652447,CTSK,ns
151306,-0.04729074780794562,0.940456209881581,GPBAR1,ns
151313,-0.07373453959455922,0.7745257007438267,FAHD2B,ns
151393,-0.22488761419633096,0.26410159301680797,RMDN2,ns
1514,1.0754648043927801,0.03255181653849702,CTSL,up
151449,-0.9368794171660211,0.00044760212680705283,GDF7,down
151473,1.7415906573726367,0.0036537325520421032,SLC16A14,up
1515,0.5056524489026293,0.019200641392020643,CTSV,ns
151516,0.31749613151162936,0.6049516058035777,ASPRV1,ns
151525,-0.17186713856176006,0.25122885132962497,WDSUB1,ns
151556,-0.02028210256310281,0.9284088864798569,GPR155,ns
151613,-0.2293397931200527,0.2601323227436445,TTC14,ns
151636,0.8199290446898306,0.05279593790362678,DTX3L,ns
151648,1.1842440074432359,0.00025892811829653534,SGO1,up
151649,-0.11259817107343917,0.6867267050330566,PP2D1,ns
151651,-0.06710544437126487,0.8446543455296059,EFHB,ns
151742,-0.95796762751994,0.0022089388923631687,PPM1L,down
151790,-0.37684060935418895,0.032520469888113836,WDR49,ns
151827,0.10840402435344565,0.434471594174959,LRRC34,ns
151888,0.021079906482277977,0.9550775323610567,BTLA,ns
1519,-0.7677964540549347,0.014944401966029506,CTSO,down
151903,0.20076160306102153,0.06869593200055531,CCDC12,ns
151963,-0.4328996156516203,0.07903646404828085,MB21D2,ns
151987,0.3428557855191894,0.049634451306551454,PPP4R2,ns
1520,-0.8802818975510718,0.028768760296223293,CTSS,down
152002,-0.4174935076530035,0.020022249690820445,XXYLT1,ns
152006,-0.5835828308710589,0.0004355262398047991,RNF38,down
152007,-0.24194017104683496,0.42956481649241596,GLIPR2,ns
152098,0.032813397170826875,0.8304832737424074,ZCWPW2,ns
1521,-1.1436583229889639,0.004643898332219767,CTSW,down
152100,-0.09576076963510438,0.5722842749175737,CMC1,ns
152110,-0.06655671117048989,0.6977897447822726,NEK10,ns
152137,0.046786003877206994,0.7977931331677285,CCDC50,ns
152185,0.10545080553050568,0.6023192429225653,SPICE1,ns
152189,0.06588198184311977,0.8465976110532932,CMTM8,ns
1522,0.007390020507305195,0.9766098548028718,CTSZ,ns
152206,-0.16106104683883693,0.26204790755684965,CCDC13,ns
152217,-0.6346713740295042,0.011240816979898443,NCBP2AS2,down
1523,-0.47713181071870636,0.047305265277247974,CUX1,ns
1524,0.10914323756454714,0.8880564072282149,CX3CR1,ns
152485,-0.2640960889879036,0.336607247114492,ZNF827,ns
1525,0.1769800203580969,0.4911294832467452,CXADR,ns
152518,0.1792340501827594,0.5533926911097746,NFXL1,ns
152519,0.2690532681385598,0.11310438935922786,NIPAL1,ns
152559,0.03985917903884939,0.8390868478880383,PAQR3,ns
152573,0.3955239018991188,0.1016292317719376,SHISA3,ns
152579,0.3811935553452779,0.027846190623046378,SCFD2,ns
152687,-0.46180214866327507,0.12051569939487118,ZNF595,ns
152756,0.21256054673235703,0.2252860167313041,FAM218A,ns
152789,-0.5906900850259573,0.042926036630541314,JAKMIP1,down
1528,0.15864763107941737,0.28926309849093423,CYB5A,ns
152815,0.41942468672731614,0.0395675484950342,THAP6,ns
152877,-0.3815343346283342,0.027031677288835668,FAM53A,ns
152926,0.6958910330776806,0.025552168323898217,PPM1K,up
152992,0.08503459184000217,0.49291194174608544,TRMT44,ns
153,-0.8583171439314441,0.030455024906778465,ADRB1,down
153020,0.00840976295991247,0.9868081468411891,RASGEF1B,ns
153090,0.9563980685523088,0.002628930972943065,DAB2IP,up
153129,0.37720229029960617,0.061519466958406176,SLC38A9,ns
153222,-0.6490686251263416,0.05364190772945392,CREBRF,ns
153241,-0.475578333414024,0.0017395210517747305,CEP120,ns
153339,0.3223974679762165,0.10209022595296795,TMEM167A,ns
153364,-0.3325748842248366,0.07646343027167786,MBLAC2,ns
153396,0.19287509536612646,0.2038878961304755,TMEM161B,ns
1534,-0.7440638198864944,9.425908356758546e-05,CYB561,down
153443,0.18566003692463173,0.38052354962105833,SRFBP1,ns
1535,0.17141220351222586,0.46102175895287395,CYBA,ns
153527,0.1116041766760727,0.3519266441725225,ZMAT2,ns
153562,0.2513904287187021,0.18672405843785422,MARVELD2,ns
153579,-0.975439217503693,0.006498857991760715,BTNL9,down
1536,-0.24882746823359625,0.5991357731665168,CYBB,ns
153642,-0.02352229075847223,0.9114482615942888,ARSK,ns
153643,-0.21620475125539773,0.2719368262106016,FAM81B,ns
1537,0.4757420187915624,0.012909373804864057,CYC1,ns
153733,0.018305986949203046,0.9198204392968391,CCDC112,ns
153768,-0.32747790370039365,0.05042830997560353,PRELID2,ns
153769,0.304612559218433,0.4541047428554825,SH3RF2,ns
153830,0.43972067517044167,0.0010774200938518212,RNF145,ns
154,-0.5776126983772825,0.04934687086925423,ADRB2,ns
1540,-0.36509267426053604,0.06660497753306388,CYLD,ns
154007,-0.1431401096963647,0.2105219913467839,SNRNP48,ns
154075,-0.5754730609994461,0.07460405668440541,SAMD3,ns
154091,-0.07137593729287328,0.6574414159702069,SLC2A12,ns
154141,0.06211266553008876,0.8290842211761225,MBOAT1,ns
154214,-0.8093865664532949,0.013378648015622573,RNF217,down
154467,0.8815257263342682,0.01694030313740629,CCDC167,up
1545,0.12294623274239491,0.8491168994462236,CYP1B1,ns
154664,-0.30836074305495753,0.5310673245858746,ABCA13,ns
154743,-0.7310430944635122,0.002395986415675912,SAMTOR,down
154790,-1.2472579702066513,0.0005367983759432791,CLEC2L,down
154791,0.2512168942075803,0.21681007181163686,FMC1,ns
154796,-0.9988642243470629,0.0004032465592816362,AMOT,down
154807,0.5312197593043884,0.03395647399219393,VKORC1L1,ns
154810,-0.39613610744435146,0.024827267609594104,AMOTL1,ns
154881,-0.7303355536433793,0.0008451397117172132,KCTD7,down
155038,0.4389375262839792,0.4260588441002439,GIMAP8,ns
155054,0.12143948663531745,0.5078559438508139,ZNF425,ns
155061,-0.29166426813787716,0.32967832545559617,ZNF746,ns
155066,-0.8948381589936663,0.0005419482878737322,ATP6V0E2,down
155185,-0.21475457661946962,0.19312712462325604,AMZ1,ns
155368,0.022397684074152657,0.9319479320727477,METTL27,ns
155435,-0.39534391075321196,0.03166356999325764,RBM33,ns
156,-0.39250569374160627,0.032810371317006294,GRK2,ns
1564,-0.3477329323163705,0.2689546711198186,CYP2D7,ns
1565,-0.09159237141084553,0.6519052205017242,CYP2D6,ns
157,-0.7549376501729999,0.00892115453201189,GRK3,down
1571,-0.0012153186253662795,0.9957021907403667,CYP2E1,ns
157285,-0.8753417700626587,0.015742486595014614,PRAG1,down
1573,0.4789009720296473,0.02275656932853898,CYP2J2,ns
157313,2.508030129148257,4.7125314128797945e-05,CDCA2,up
157378,-0.7017185719388337,0.0022664564264950793,TMEM65,down
157506,0.10972538443456958,0.46987097060859334,RDH10,ns
157567,0.5037429954883565,0.07160647719371072,ANKRD46,ns
157570,2.289700831861045,4.796297124689089e-05,ESCO2,up
157574,1.3106522714625868,0.001956141887513559,FBXO16,up
157638,-0.4015627391669421,0.13981007227800812,LRATD2,ns
157657,-0.29747350206217504,0.023598939099472752,CFAP418,ns
157680,-0.24084767908224514,0.08549714640379565,VPS13B,ns
157695,-0.6940088602484948,0.0022334079580240925,TDRP,down
157697,-0.21863134552397945,0.31359449930282046,ERICH1,ns
157769,0.36580058015115036,0.03290754055165431,FAM91A1,ns
157777,-0.03353149974456748,0.8955260476768517,MCMDC2,ns
157869,-0.1782797431582166,0.20019267710265193,SBSPON,ns
157922,-0.37857278539669714,0.0008101631330981307,CAMSAP1,ns
157983,0.17459997682011075,0.457596488428126,DOCK8-AS1,ns
158,0.40708067013704685,0.0195612628985771,ADSL,ns
158038,-1.31564533446776,0.0018521217235643388,LINGO2,down
158056,0.30695638585820273,0.356038481987692,MAMDC4,ns
158067,-0.5253180083577176,0.0012606206143775621,AK8,ns
158135,-0.49388724323462174,0.00026521690481962914,TTLL11,ns
158219,-0.6077240629342935,0.01717322229179752,TTC39B,down
158234,-0.2196886349131555,0.10899437268765708,TRMT10B,ns
158248,-0.6023419146177309,0.05795934958801624,TTC16,ns
158293,0.17305263134476334,0.0395675484950342,FAM120AOS,ns
158358,-0.713252742678236,4.7125314128797945e-05,BRD10,down
158399,-0.19485694533503928,0.41747275785137394,ZNF483,ns
158405,0.48596501968641626,0.12894331547143256,KIAA1958,ns
158427,0.20345897007343705,0.3630273391550116,TSTD2,ns
158431,-0.06980111422076529,0.4676766210979377,ZNF782,ns
158471,0.27012615328994727,0.4785555332859078,PRUNE2,ns
158584,-0.11418667390218484,0.6621646861750373,FAAH2,ns
158586,-0.9379419346309952,0.0020150300955139333,ZXDB,down
158747,-0.1289398091000198,0.689152137531101,MOSPD2,ns
158830,-0.6123243557252644,0.055623314753892476,CXORF65,ns
158880,-0.05013488680735634,0.8257621952167068,USP51,ns
159,0.03665649835097007,0.8827492811843378,ADSS2,ns
159013,-0.5153168499456413,0.008361982101181007,CXORF38,ns
159090,-0.2452795757197812,0.03284049406966667,PABIR2,ns
159091,0.10325981724739464,0.5816807223966416,PABIR3,ns
159195,0.02254115971746895,0.8856908730114957,USP54,ns
1593,-1.8116009662948551,0.003159435782576492,CYP27A1,down
159371,0.28466033510764266,0.14291095144913604,SLC35G1,ns
1594,0.4122738058863691,0.003666896289739216,CYP27B1,ns
1595,0.8147295393873408,0.0366102126292674,CYP51A1,up
159686,-0.17300920102055795,0.5460128398397615,CFAP58,ns
16,1.5592590217199565,0.00012736537187883146,AARS1,up
160,-0.23801889332863446,0.29664537963963833,AP2A1,ns
1600,0.057456683608443804,0.8097063128946824,DAB1,ns
1601,-0.42753471557424305,0.32624681962839497,DAB2,ns
160140,0.227214754028223,0.1505354362250688,C11ORF65,ns
1602,-0.44012718371839643,0.16743476808735835,DACH1,ns
160298,-0.06671746671328727,0.7771845000719709,C11ORF42,ns
1603,0.38543018946310603,0.12609574301216578,DAD1,ns
160335,-0.6406245985197438,0.0008958627671699605,TMTC2,down
160364,-0.41696714718421113,0.5075995278171802,CLEC12A,ns
160365,0.5100437552182377,0.03166297360883932,CLECL1,ns
1604,0.26239558234670035,0.31523696516622385,CD55,ns
160418,0.17217797187896355,0.20811715428451916,TMTC3,ns
160419,0.18742598029045077,0.6965070627262713,ZC3H11D,ns
160428,2.6178818452736223,0.00028917963312629963,ALDH1L2,up
1605,-0.31295686791520083,0.012897729210795187,DAG1,ns
160518,1.707410906641,0.006125049163292957,DENND5B,up
1606,-0.3883734876597291,0.10972692890628878,DGKA,ns
160622,-1.2326147487504358,0.04289772855079306,TAMALIN,down
160760,-0.4556658528542883,0.03054403016426553,PPTC7,ns
1608,-0.7257468839690855,0.015959947681104144,DGKG,down
160851,0.20009586907180577,0.36199008937650035,DGKH,ns
160857,0.2336857258762004,0.5376891092903082,CCDC122,ns
160897,0.9509281150455147,0.0009624457445300978,GPR180,up
1609,-0.5659571210274397,0.07067433228822874,DGKQ,ns
161,-0.08165530397703868,0.6265433794410206,AP2A2,ns
1611,0.12199674351566792,0.4619805408197615,DAP,ns
161145,-0.1645869217168361,0.6803501926677399,TMEM229B,ns
161176,0.03902579003535678,0.7850721343844146,SYNE3,ns
1612,-0.706401395880567,0.042816021379580356,DAPK1,down
161247,-0.03567035607796143,0.8727184400889069,FITM1,ns
161253,-0.5532159787573727,0.4365544923214349,REM2,ns
161291,-0.9458516731822639,0.005559454052217236,CDC50B,down
1613,0.2578794311343646,0.06492694471314359,DAPK3,ns
161424,0.36748748399586617,0.004312635236682325,NOP9,ns
161436,-0.02419355578054283,0.9133219295856988,EML5,ns
161497,-0.12013325000357788,0.5617108556077612,STRC,ns
1615,0.6242794079108851,0.001062382686153709,DARS1,up
161502,-1.2512508011599692,0.00025434441375204076,CFAP161,down
161582,-0.3797451607922193,0.3131184400110504,DNAAF4,ns
1616,0.24604543494258557,0.13940106521017442,DAXX,ns
161725,-0.48752268907853313,0.0017977971288781925,OTUD7A,ns
161742,-0.8247180519905495,0.00426040512033604,SPRED1,down
161779,0.16327420218197553,0.3251392994519316,PGBD4,ns
161823,0.5318274666788261,0.0052353404565115,MAPDA,ns
161829,0.1940486962231791,0.456119309072591,EXD1,ns
161835,0.034795634376719065,0.8779474431435795,FSIP1,ns
161882,-0.7169520860106466,0.012218872338878113,ZFPM1,down
162,0.19202643856981538,0.31849807655216944,AP1B1,ns
162073,0.4113551791288659,0.11742731405731013,ITPRIPL2,ns
1622,0.2399155052948938,0.08032974660950847,DBI,ns
162239,-0.19243211525209247,0.24137056516387526,ZFP1,ns
162387,-0.5452855030764097,0.017866971245235685,MFSD6L,ns
162394,-0.1277753154606227,0.8162644974580614,SLFN5,ns
162417,-0.202313920014217,0.2139313522033176,NAGS,ns
162427,-0.25450107153422863,0.03867423920877963,RETREG3,ns
162461,0.07658124731813043,0.7968606678152291,TMEM92,ns
162466,-2.209741660472776,0.038856349255881634,PHOSPHO1,down
162494,0.10511893664405925,0.6452929448698058,RHBDL3,ns
162514,0.33981404091228296,0.14839651296714723,TRPV3,ns
162515,-0.827624230236327,8.872092737501347e-05,SLC16A11,down
162517,0.6412505237809469,0.045065318251673106,FBXO39,up
162655,0.10724413359386276,0.6294860858494002,ZNF519,ns
162681,0.3182128251240206,0.15738017684414915,C18ORF54,ns
1627,0.20228034292578378,0.6157022096809761,DBN1,ns
1628,-0.9896084931018274,0.0011233978912054327,DBP,down
1629,0.416692261188671,0.09895518267600155,DBT,ns
162962,-0.4528320257267273,0.018485379653880783,ZNF836,ns
162963,0.034782343870753074,0.8866294956765578,ZNF610,ns
162966,-0.2666170693899499,0.41165119807336936,ZNF600,ns
162967,-0.0642204981174821,0.7970795751775579,ZNF320,ns
162968,-0.16800694629981283,0.13588499235758134,ZNF497,ns
162972,-0.12498466000097697,0.596901510681203,ZNF550,ns
162979,-0.32444341827029,0.4301152567461396,ZNF296,ns
162989,-0.8758138234049593,0.00991695356245995,DEDD2,down
162993,-0.47327607445066366,0.0027882004211392496,ZNF846,ns
162998,-0.11610584356645415,0.7568283086709009,OR7D2,ns
163,-0.249780855093519,0.06278230223778886,AP2B1,ns
163033,-0.7005495826314938,0.0019164326926087304,ZNF579,down
163049,-0.16038470211483435,0.43786031599025266,ZNF791,ns
163050,-0.0413572483108533,0.8751731465311839,ZNF564,ns
163051,-0.4920648594859278,0.021261811776469568,ZNF709,ns
163059,-0.35417428415219643,0.03829680789751899,ZNF433,ns
163071,0.3100263567453849,0.1190502604645845,ZNF114,ns
163081,-0.12872937353637415,0.5423442541904457,ZNF567,ns
163087,-0.06990351182156562,0.722462999964382,ZNF383,ns
163115,-0.4194150138739836,0.022305225388297,ZNF781,ns
163126,-0.05665301672313561,0.7174926475423703,EID2,ns
163131,0.16992864967163257,0.5514278004682948,ZNF780B,ns
163154,0.0823733999670786,0.7300559748324948,PRR22,ns
1632,0.4475978152784448,0.018804993249731762,ECI1,ns
163227,0.4766967314067996,0.15437590285222416,ZNF100,ns
163255,-0.3314251050554926,0.15117957696724912,ZNF540,ns
163259,0.5955980974008872,0.01366496686618525,DENND2C,up
1633,-0.047024743704429994,0.860750888425079,DCK,ns
163351,0.3893159473818706,0.4288882705847763,GBP6,ns
163486,0.868683646210954,0.002023841916309612,DENND1B,up
1635,-0.0764051325696542,0.4846848384185077,DCTD,ns
163590,0.13722473476538433,0.4439890237357038,TOR1AIP2,ns
1636,-0.18898937449447217,0.4458385716388695,ACE,ns
163702,0.590918093387744,0.024085307208152613,IFNLR1,up
163732,-0.8867620059916828,0.10842397993621636,CITED4,ns
163747,-0.38444305396183864,0.11730525988498013,CIMAP2,ns
163786,0.9159803261474275,0.0004003876927722165,SASS6,up
163859,0.18711393488079509,0.6745115208314345,SDE2,ns
163882,-0.3086218634436051,0.10095203151642264,CNST,ns
1639,-0.029426051124465502,0.8330452088412456,DCTN1,ns
164,0.4667745783419637,0.01231563921340499,AP1G1,ns
164091,-1.0302747714433966,0.0002819959629836549,PAQR7,down
164118,-0.4026117771718667,0.08576525671574342,TTC24,ns
1642,0.3712940958322424,0.06721027492704205,DDB1,ns
1643,0.7942616398417535,0.0008623057190736411,DDB2,up
164395,-0.4713275372316774,0.1967756002253628,TTLL9,ns
1645,0.10766485663310998,0.5890801910381689,AKR1C1,ns
164656,-0.076183616675495,0.5735284535904087,TMPRSS6,ns
164668,0.7183206762998227,0.005533013625971308,APOBEC3H,up
164684,-0.278871793264277,0.10798958093034842,WBP2NL,ns
1647,0.17006854607338528,0.6143110468109094,GADD45A,ns
1649,-0.4421937018424842,0.5006071887925561,DDIT3,ns
165,-0.4017539051024608,0.10676502406292344,AEBP1,ns
1650,0.8662815316983146,0.004918420904906197,DDOST,up
165055,0.29504672586083736,0.18978608308412698,CCDC138,ns
165082,0.6025722266892721,0.00015207562267150097,ADGRF3,up
165140,-0.4799134986302782,0.16343115834539715,OXER1,ns
165186,-0.49097587670262666,0.06474153037431228,TOGARAM2,ns
1652,0.20043562562558392,0.23450666731948439,DDT,ns
1653,0.8349890473404376,0.005685296052018371,DDX1,up
165324,0.27109709874710397,0.022530868228001905,UBXN2A,ns
1654,-0.4093959956914883,0.16800758737712745,DDX3X,ns
1655,-0.332768098018974,0.05729473826781423,DDX5,ns
165530,-1.28430137035586,0.04402952801266049,CLEC4F,down
165545,0.8345662248822698,0.00029942224799381524,DQX1,up
1656,-0.29137147934913976,0.15573671417202603,DDX6,ns
165631,-0.13063911972996323,0.7140949933973395,PARP15,ns
165679,-0.07648108339023896,0.815747484354128,SPTSSB,ns
1657,-0.05917041056275174,0.7207702356260243,DMXL1,ns
1659,0.14751986549109297,0.35280228487127074,DHX8,ns
165918,0.02646462122661397,0.8829736804662863,RNF168,ns
166,-0.6738339502571833,0.005254114300674172,TLE5,down
1660,0.1093147612961669,0.3540657615250219,DHX9,ns
166012,-0.5153196089736527,0.33089252492061433,CHST13,ns
1662,0.16521307656422657,0.429127345963927,DDX10,ns
1663,1.129995779087313,0.0053660755716140795,DDX11,up
166336,-0.13051960389677664,0.5000641896015546,PRICKLE2,ns
166348,0.14231642085465346,0.68894464768482,KBTBD12,ns
166378,0.12456665698030278,0.5179422179534001,AFG2A,ns
166379,0.6386538410333715,0.003264670927500582,BBS12,up
1665,0.7619450470962335,0.0013482345118298307,DHX15,up
1666,0.8223542623181554,4.7125314128797945e-05,DECR1,up
166614,-0.3794549982090354,0.10301735735842235,DCLK2,ns
166647,-0.6162850820238086,0.004832967461498954,ADGRA3,down
1667,-1.478697355779718,0.10644895249196605,DEFA1,ns
166785,0.08175419795808558,0.7505472380261335,MMAA,ns
166793,-0.14972489671314104,0.26778167038842116,ZBTB49,ns
1668,-0.8690732979744507,0.13682754893247626,DEFA3,ns
166815,0.12973422246502597,0.6285309651320592,TIGD2,ns
166824,-0.48430241611256264,0.21993834277942773,RASSF6,ns
1669,-0.6721479935688519,0.22839680793561892,DEFA4,ns
166929,-0.503926264113109,0.12582024983446263,SGMS2,ns
166968,0.15215594541214017,0.4968797110289191,MIER3,ns
167127,0.3036667039500953,0.11499945394627206,UGT3A2,ns
167153,-0.09516352945384021,0.36954847337561997,TENT2,ns
1672,1.1475028480523028,0.0010126554628130616,DEFB1,up
167227,-0.1347321361599949,0.5649958862810197,DCP2,ns
1674,-0.7049377457707395,0.003722981717508158,DES,down
167465,0.5736146627252445,0.08808522710813606,ZNF366,ns
1675,-0.4698237859982477,0.35204869862461285,CFD,ns
167555,0.3191451455574317,0.1896759182349526,FAM151B,ns
1676,0.3553897791142333,0.0037834893024707257,DFFA,ns
167681,0.3243083817080672,0.19747423064852182,PRSS35,ns
1677,0.026484179021356802,0.8457548624737733,DFFB,ns
1678,0.3299091435152057,0.051214270916613326,TIMM8A,ns
167838,0.445719234860797,0.0054005280922083485,TXLNB,ns
168374,0.1754246303081839,0.5347208616596874,ZNF92,ns
168451,0.3213424946092527,0.07663482479954524,THAP5,ns
168455,-0.09241159827086598,0.8365380667578006,CCDC71L,ns
168507,-0.2354017411681717,0.21178282537572868,PKD1L1,ns
168537,0.49112967948465425,0.40442649649587464,GIMAP7,ns
168544,-0.982991217108804,0.056823173624671305,ZNF467,ns
168620,2.6376386109968584,0.00065424251614609,BHLHA15,up
1687,-0.3072718709284956,0.09321653157301121,GSDME,ns
168850,-0.3238346374229568,0.06448481962805942,ZNF800,ns
1690,-0.3355629364116952,0.2657125060119268,COCH,ns
169200,-0.3618737676825887,0.17056071500857842,TMEM64,ns
169270,0.11103138166749105,0.5188386455677333,ZNF596,ns
169611,-0.050326039900090436,0.722462999964382,OLFML2A,ns
169693,0.2008092284668761,0.46943505086163095,TMEM252,ns
169714,-0.18365944775577425,0.321278185385464,QSOX2,ns
169792,-0.2983485789443785,0.1313271241825793,GLIS3,ns
169834,-0.1962234343019782,0.23906850467770305,ZNF883,ns
169841,-0.41063693635235676,0.0015139067192238855,ZNF169,ns
169981,-0.0675494298902235,0.779111882037832,SPIN3,ns
170082,-0.1871444598850589,0.19106761821142662,TCEANC,ns
170371,-0.5656011821400648,0.04234261863175874,TMEM273,ns
170384,-0.6243802066158315,0.005408886084173013,POFUT4,down
170394,-0.7232920392331597,0.0026056846516358894,PWWP2B,down
170463,-0.46955350569978194,0.04968585816106199,SSBP4,ns
170482,-0.13768798538879246,0.6611208627396417,CLEC4C,ns
170487,0.35488997255345023,0.0463416082831619,ACTL10,ns
170506,0.5598445641212759,0.031112355808990487,DHX36,ns
170575,-0.1386269452091593,0.71803458147698,GIMAP1,ns
170591,-0.5649018296314434,0.017755747304331722,S100Z,ns
170622,-0.6478846629323893,0.00042411603000596596,COMMD6,down
170691,-0.1982986766293644,0.42338100676004475,ADAMTS17,ns
170954,-0.44080360710038313,0.12117639038748508,PPP1R18,ns
170958,-0.16222248836409214,0.497810996612862,ZNF525,ns
170959,0.04694063901517609,0.7805031101315806,ZNF431,ns
170960,-0.36926010924791264,0.0873926072822438,ZNF721,ns
170961,0.5440119147087827,0.050090438016954245,ANKRD24,ns
171017,-0.19557895468755682,0.24099369736032114,ZNF384,ns
171023,-0.06796552241402232,0.6721903304281277,ASXL1,ns
171024,0.3282697279516791,0.08395486792510319,SYNPO2,ns
171389,-1.2609093712940886,0.049147302133936706,NLRP6,down
171392,-0.017508724841322376,0.9365685952934909,ZNF675,ns
171425,-0.2515672595496854,0.20546544879374648,CLYBL,ns
171546,0.4608996687424156,0.04584308726577698,SPTSSA,ns
171558,-0.9139536085314193,0.07376157427202276,PTCRA,ns
171568,-0.08338626618614065,0.5374030949035167,POLR3H,ns
171586,0.5403058342047942,0.01915908709239866,ABHD3,ns
1716,0.12454513662258293,0.22885121353316662,DGUOK,ns
1717,0.4024738503992129,0.03788094670097435,DHCR7,ns
1718,1.4073166119133234,0.00014670456504915902,DHCR24,up
1719,1.3069178711379106,0.00019710946033994273,DHFR,up
1723,0.24795387663306556,0.15093755274733317,DHODH,ns
1725,0.04103547450399603,0.746786052218918,DHPS,ns
1727,-0.3804408760948057,0.2565466236332714,CYB5R3,ns
1728,0.43208380196560636,0.007987176387610219,NQO1,ns
1729,-0.3512830791092938,0.03908855383089894,DIAPH1,ns
1730,-0.13144957414999503,0.5906604821781373,DIAPH2,ns
1731,-0.18022149873791093,0.44341799487912015,SEPTIN1,ns
1736,0.5692447298300056,0.020487950782046262,DKC1,ns
1737,0.6026272971093469,0.004368376918151138,DLAT,up
1738,0.6322041269711569,0.0026447372355330144,DLD,up
1739,-0.06057990994950835,0.6569941846779789,DLG1,ns
1740,-0.34609468515503217,0.022596198686356667,DLG2,ns
1741,-0.16271397601460258,0.6014262169121967,DLG3,ns
1742,-0.7391664277934531,0.05715611440590372,DLG4,ns
1743,0.01980038065457812,0.7606460507939143,DLST,ns
1748,-0.41624210508790505,0.02583280129822066,DLX4,ns
175,0.33393051488736525,0.17569859557838716,AGA,ns
1756,0.10058576498524907,0.6458316229253795,DMD,ns
1757,-0.9006491459991679,0.0009134126136981165,SARDH,down
1759,-0.4257134014477604,0.2500817574930677,DNM1,ns
1760,-0.5218884221935403,0.021104210541055962,DMPK,ns
1762,-0.14527370616828428,0.41577840910726166,DMWD,ns
1763,1.25974280040551,8.017687717403608e-05,DNA2,up
1768,-0.24856097934553922,0.37059876703993844,DNAH6,ns
1769,0.24726617012039487,0.2869260173672566,DNAH8,ns
177,-0.6071513248810536,0.16646500485644275,AGER,ns
1773,-0.35422273486055467,0.06414001673108652,DNASE1,ns
1774,-0.30997240219426203,0.24769807789696743,DNASE1L1,ns
1775,0.07283812820617808,0.757469091710484,DNASE1L2,ns
1776,-0.3496859613219394,0.09290747542305935,DNASE1L3,ns
1777,0.6679082272821919,0.0001912006501776131,DNASE2,up
1778,-0.1919878916982185,0.2537964232655216,DYNC1H1,ns
178,-0.0029841729342194867,0.9919744529062084,AGL,ns
1781,0.20282940114356585,0.3674446033552594,DYNC1I2,ns
1783,0.18857939809159774,0.18216863197305197,DYNC1LI2,ns
1785,0.42135313605855096,0.029290894491432337,DNM2,ns
1786,0.6094830650492611,0.004039011524240668,DNMT1,up
1787,0.0659081160815278,0.6769205779434897,TRDMT1,ns
1788,-0.23369417740400955,0.043973593082312606,DNMT3A,ns
1789,0.6845921546628091,0.0008262470456181622,DNMT3B,up
1793,0.4506179237319321,0.0473975325873596,DOCK1,ns
1794,-0.3417253854680684,0.04942217404068636,DOCK2,ns
1795,-0.5417999738721182,0.039390476130762145,DOCK3,ns
1796,-0.005208149026081799,0.983481104492729,DOK1,ns
1797,-0.09513572266575032,0.7725418012495325,DXO,ns
1798,0.9454513861081821,0.0009067119088225601,DPAGT1,up
18,-0.316987647958781,0.2708466485816488,ABAT,ns
1800,0.46230717121277287,0.0629623470260288,DPEP1,ns
1801,-0.03557511587825246,0.8541427212312219,DPH1,ns
1802,0.45261371404837014,0.014280726223742723,DPH2,ns
1803,-0.4140884000235818,0.2862394447233408,DPP4,ns
1806,-0.43925062898795453,0.28948488066238076,DPYD,ns
1808,-0.359727425796752,0.3730501969968195,DPYSL2,ns
1810,-0.07653420454393434,0.5064572157853274,DR1,ns
1815,-0.20594218488139937,0.4206205763519689,DRD4,ns
1819,0.017189398858144855,0.8880564072282149,DRG2,ns
182,0.04703302023997136,0.8648402084744525,JAG1,ns
1820,0.8398375183366547,0.0050040092042223285,ARID3A,up
1822,-0.8199187549142302,0.02151710669029948,ATN1,down
1823,-0.981665423353447,0.011223014657014738,DSC1,down
1824,-1.377088209801057,0.0351304881532399,DSC2,down
1825,-0.09800783597584228,0.7689746126762389,DSC3,ns
1827,-0.26718004771495085,0.08432397745486754,RCAN1,ns
1829,-0.015664393765219664,0.9313070420857904,DSG2,ns
1830,0.22748612374572197,0.2516781271234576,DSG3,ns
1831,-0.8355113946755743,0.08664039356045518,TSC22D3,ns
1832,-0.4105052772914144,0.4863228987841752,DSP,ns
1836,0.24184352688323774,0.37488212212622757,SLC26A2,ns
1837,-0.2285555493032625,0.37468431616575587,DTNA,ns
1838,0.0487774919374484,0.8720252056021098,DTNB,ns
1839,-1.094633831019447,0.23277736244816405,HBEGF,ns
1840,-0.4271131019236787,0.21805529516352673,DTX1,ns
1841,0.856663860285745,0.004058423938614629,DTYMK,up
1843,-0.9810320323519335,0.20019267710265193,DUSP1,ns
1844,-1.2253777476815575,0.06909456123217136,DUSP2,ns
1845,-0.2323735319561866,0.4872859843354869,DUSP3,ns
1846,-0.4109314072821011,0.4934816771215997,DUSP4,ns
1847,1.2947702670627432,0.039504175800276355,DUSP5,up
1848,0.044721120899390954,0.9343470816437539,DUSP6,ns
1849,-0.3422695009815051,0.31479228272467974,DUSP7,ns
1850,-1.073736507525905,0.14839651296714723,DUSP8,ns
1854,0.7300413802148338,0.006673254559115684,DUT,up
1855,-0.4798874050954769,0.013157935063855155,DVL1,ns
1856,-0.19744638976996676,0.058668259311488474,DVL2,ns
1857,-0.18205006857532524,0.41507223089527,DVL3,ns
1859,-0.4657614767896412,0.00824809366894106,DYRK1A,ns
1861,0.3576451509860714,0.00811782817483402,TOR1A,ns
1869,1.5942240032890567,3.490240435663177e-05,E2F1,up
1870,2.4887392399842714,3.293533411816377e-06,E2F2,up
1871,0.0909123418614719,0.686274477017122,E2F3,ns
1874,-0.04301943625634408,0.8354469616894783,E2F4,ns
1875,0.5791958531003596,0.18518519200120948,E2F5,ns
1876,0.3033656664407447,0.028780058869329675,E2F6,ns
1877,0.11971575809934798,0.4590038364881623,E4F1,ns
1879,-0.7043488987970967,0.08221121273556119,EBF1,ns
1880,-0.7763880290292917,0.09670682886855443,GPR183,ns
1889,0.02039393707335968,0.9563449798232069,ECE1,ns
1890,0.6458790596505324,0.17310871981824735,TYMP,ns
1891,0.49321472574539094,0.005847904794823575,ECH1,ns
1892,0.27873601425394234,0.08212051739328763,ECHS1,ns
1893,0.18999592721731773,0.4510567133767226,ECM1,ns
1894,1.4315803900710034,0.0001982232818152379,ECT2,up
1896,-0.3468140042623107,0.1628894270923706,EDA,ns
19,0.9385615465575654,0.04915292485138114,ABCA1,up
1901,-0.7798419785973927,0.054279023155268016,S1PR1,ns
1902,-0.49145503499012655,0.20232080732291666,LPAR1,ns
1903,-0.2332554258049413,0.616180059969899,S1PR3,ns
1906,0.07736609541900119,0.8494561110601248,EDN1,ns
1908,-0.23999656181244688,0.16240957790363258,EDN3,ns
191,0.7148334425008382,0.005964130353401084,AHCY,up
1910,0.6629500819416547,0.008002417449432376,EDNRB,up
1911,-1.2762247740665256,8.661630812431895e-05,PHC1,down
1912,-0.5160417833605013,0.3103229900133819,PHC2,ns
1915,-0.870855954457884,8.004251712542228e-05,EEF1A1,down
1917,-0.40250101230872204,0.022040483359403035,EEF1A2,ns
192111,0.49009110830962044,0.006117338882538261,PGAM5,ns
192286,-0.24990116859293288,0.13341481192615334,HIGD2A,ns
192669,0.12292982020843013,0.23838230139819064,AGO3,ns
192670,-0.9906166454153613,0.006586206249696285,AGO4,down
192683,1.2873899414482786,0.0017517137862140411,SCAMP5,up
1933,-0.5687627627451164,0.031691604908923046,EEF1B2,ns
1936,-0.5209182524325016,0.003884048766470561,EEF1D,ns
1937,-0.8571890097336166,0.0009580015538278389,EEF1G,down
1938,-0.6501585082678112,0.0014471083748492947,EEF2,down
1939,-0.2237345140550424,0.16091509838707346,EIF2D,ns
1942,-0.3374048675540262,0.0703281749550472,EFNA1,ns
1944,-0.12564969248559876,0.39628919125353157,EFNA3,ns
1945,-0.09091439141171875,0.49418874932362333,EFNA4,ns
1946,-0.8644144536083118,0.014428160307701225,EFNA5,down
1947,-0.8653855770993815,0.0004182849456768546,EFNB1,down
1948,0.06034682328217933,0.7241943591584513,EFNB2,ns
1950,-0.310767328403875,0.5255865207155389,EGF,ns
1951,0.22755593282592823,0.40065893496283933,CELSR3,ns
1952,-1.0550392599028848,3.869732488438838e-05,CELSR2,down
1953,-1.0543176548175852,0.009260931224693758,MEGF6,down
1954,-0.10059307360384295,0.5208164286756226,MEGF8,ns
1955,-0.611930127722399,0.1766028573551354,MEGF9,ns
1958,-1.0169623098083242,0.33635008120095583,EGR1,ns
195827,-0.23751045353990285,0.2640809708933412,PRXL2C,ns
195828,0.5545123704593484,0.00431468503583789,ZNF367,ns
1959,0.19512088436002273,0.8067346644092167,EGR2,ns
196,-0.6127458425311332,0.14448519295595388,AHR,ns
1960,-0.514985540133857,0.6253651238201563,EGR3,ns
196074,0.25207978889615035,0.18674485245962316,METTL15,ns
1961,-0.14887266563213952,0.6599452202911047,EGR4,ns
1962,0.7064746187886639,0.03204518167880863,EHHADH,up
196264,-0.3682672196256096,0.2780634789097669,MPZL3,ns
196294,0.4908745833650796,0.027351974537905235,IMMP1L,ns
196383,-0.1885057156225063,0.530791204197861,RILPL2,ns
196385,-0.3399926367434247,0.24942322899548772,DNAH10,ns
196394,0.0061460860488962155,0.9830455683222302,AMN1,ns
1964,0.007587956644369953,0.984407466791641,EIF1AX,ns
196403,-0.5066161494324728,0.05557705601628199,DTX3,ns
196410,1.7610481670398057,0.0005531095284089865,TMT1B,up
196441,-0.3902672254558297,0.008808800030773428,ZFC3H1,ns
196463,-0.2334498121662687,0.3964831718870279,PLBD2,ns
196483,0.2818448480967577,0.14560653603136922,EEF2KMT,ns
1965,1.0224349962794612,0.000636573005287766,EIF2S1,up
196500,-0.3331736392992317,0.1597387289550776,PIANP,ns
196513,0.09669824591458642,0.6596497158149432,DCP1B,ns
196527,-0.5501707661309503,0.05055807019202918,ANO6,ns
196528,-0.07056553609107574,0.7212329068034141,ARID2,ns
1967,0.1891472441341353,0.06973070536168327,EIF2B1,ns
196740,-0.5131679313321831,0.40403850283832865,VSTM4,ns
196743,-0.08705152728614607,0.6813943065048306,PAOX,ns
196792,-0.09208022477819977,0.6214332542538157,FAM24B,ns
1968,-0.5070490032809438,0.000836665043971368,EIF2S3,ns
196883,-0.11727363717213368,0.7918890484493339,ADCY4,ns
1969,-0.05482090604740186,0.8674058184862173,EPHA2,ns
196951,-0.0419430952422184,0.8287433167181453,FAM227B,ns
197131,0.4999393480647072,0.04108593847631462,UBR1,ns
197135,0.04384168338297023,0.9087632579464476,PATL2,ns
197257,-0.4283196757184635,0.08786205773375928,LDHD,ns
197258,0.15549064403558077,0.2517058367787964,FCSK,ns
197259,0.7437302939092199,0.017039827720845613,MLKL,up
1973,0.2663837120662915,0.06533737443666689,EIF4A1,ns
197320,-0.4053127850695084,0.01575501087413872,ZNF778,ns
197322,0.3765153530024925,0.021149314832001397,ACSF3,ns
197335,0.3019458578530152,0.1414387855118079,WDR90,ns
197342,0.02561439054465353,0.9232406651369163,EME2,ns
197358,-0.6410958463595584,0.002395986415675912,NLRC3,down
197370,-0.049459020926750696,0.550265082185493,NSMCE1,ns
1974,-0.3226510284600348,0.0843424124856975,EIF4A2,ns
197407,-0.12313362023209429,0.4462443792523464,ZNF48,ns
1975,-0.7651906349550526,5.420137334318328e-05,EIF4B,down
1977,0.83753496106395,0.0020042194609826516,EIF4E,up
1978,-0.19581042888144573,0.4775687546257386,EIF4EBP1,ns
1979,-0.5210453167888662,0.0007217091013500774,EIF4EBP2,ns
1981,0.9422904836832373,0.0001075258269858596,EIF4G1,up
1982,0.013996021184395246,0.9276448884985066,EIF4G2,ns
1983,0.29779663330998396,0.3474877868430238,EIF5,ns
1984,0.238766481534757,0.26853432472836514,EIF5A,ns
199,-0.6499407214142305,0.06853686013616507,AIF1,ns
1991,-0.5076795342688838,0.4813639852924952,ELANE,ns
1992,-0.17860459592428768,0.4976761945244853,SERPINB1,ns
199221,0.058406379407649034,0.8166757252232023,DZIP1L,ns
199223,0.2912731339056789,0.15369600058035432,TTC21A,ns
1994,0.5549674451882609,0.0027296984520698148,ELAVL1,ns
199675,0.4468950206141731,0.42071996812262413,MCEMP1,ns
199692,-0.09757957866070832,0.7281339417289306,ZNF627,ns
1997,0.1257598613701223,0.644528000872852,ELF1,ns
199704,-0.3067345621271782,0.12548421354908523,ZNF585A,ns
199713,0.6710012523638103,0.07749192254892734,NLRP7,ns
199720,-0.11053855285593173,0.47686417042625795,GGN,ns
199731,-0.2793113367903297,0.27381528521653975,CADM4,ns
199745,0.22016943137440315,0.24514412462886798,THAP8,ns
199746,-0.33321083942364016,0.2962484312541926,U2AF1L4,ns
199777,-0.14974921208051395,0.6309514657721539,ZNF626,ns
199786,-1.2382569961434893,0.006125049163292957,NIBAN3,down
1998,-0.3227493752770787,0.15088485125237286,ELF2,ns
199800,-0.19995414775343434,0.5356273080171396,ADM5,ns
199857,0.974981860110339,0.0069874376122964045,ALG14,up
199870,-0.19440272197887598,0.0808831465518749,FAM76A,ns
1999,0.03637730029517883,0.8959282110120322,ELF3,ns
199953,0.11077972697296534,0.6438037813238873,TMEM201,ns
199990,-0.33135630709094954,0.10254601136150035,FAAP20,ns
2,0.2960006554519037,0.20071349518235346,A2M,ns
20,-1.0555077565376738,0.010455797867436865,ABCA2,down
2000,-0.47625918653315935,0.08901429785700474,ELF4,ns
200010,-0.15752397943993124,0.44355992462965427,SLC5A9,ns
200014,-0.06006283245425337,0.5042413440685097,CC2D1B,ns
200030,-0.5901943687998923,0.0016693294299762376,NBPF11,down
200035,0.06520530325329421,0.7374564871532999,NUDT17,ns
200081,0.5206409849257785,0.0009904506040573546,TXLNA,ns
200132,0.10515562248466903,0.46886423800215243,DYNLT5,ns
200172,0.02144575203279242,0.9175795777487306,SLFNL1,ns
200185,0.23398162138227363,0.43928076207498085,KRTCAP2,ns
200186,-0.494310215933341,0.12534955227574457,CRTC2,ns
2002,-0.19192519213623704,0.2074266794133119,ELK1,ns
200205,0.004278507568957757,0.9845373294888358,IBA57,ns
200232,0.049937779899446255,0.8457548624737733,FAM209A,ns
200312,-0.14925053045807246,0.203463015415931,RNF215,ns
200315,0.08273523361327939,0.9287268412530718,APOBEC3A,ns
200316,0.7213856398354501,0.0017453159668927498,APOBEC3F,up
2004,-0.203474388535275,0.3639343935657073,ELK3,ns
200424,-0.5540416099277525,0.0774779615022605,TET3,ns
2005,-0.09046733208450419,0.6520574152088742,ELK4,ns
200539,-0.02163081391397359,0.9087632579464476,ANKRD23,ns
200558,0.11760323491096791,0.3880999772922248,APLF,ns
200576,-0.3814570137702251,0.02904636706524585,PIKFYVE,ns
200634,-0.3001430070758504,0.050768445461761846,KRTCAP3,ns
200728,0.2207386963141822,0.16022083396692213,TMEM17,ns
200734,0.10685889425059081,0.656119617394282,SPRED2,ns
200765,-0.6008276792153726,0.015019723281671329,TIGD1,down
200810,-0.13798153244942135,0.4377877342884442,ALG1L1P,ns
200845,-0.1307863155302087,0.4919827503172412,KCTD6,ns
200879,-0.007469602561195998,0.9747825038552134,LIPH,ns
200894,0.20384866334409324,0.24601568652141878,ARL13B,ns
200895,0.5900339413550686,0.055671788998323556,DHFR2,ns
200916,0.9901794735332246,0.0047072026883360155,RPL22L1,up
200933,0.24353602729139023,0.26841454883100124,FBXO45,ns
200942,0.08863989910063719,0.8385994244226971,KLHDC8B,ns
200958,0.24433022041961472,0.4483684004067707,MUC20,ns
2010,-0.169571372668182,0.26969422240268337,EMD,ns
2011,-0.2998056161363536,0.2251800326639392,MARK2,ns
201134,0.05464407060843168,0.6697319098890372,CEP112,ns
201158,0.378027854126997,0.26973373203623363,TVP23C,ns
201161,-0.14918443203270293,0.5177327464245677,CENPV,ns
201163,0.3363898152560907,0.13692333416677877,FLCN,ns
201164,0.4115156636744599,0.12572693431155074,PLD6,ns
201176,-0.24862639820895716,0.46211523769886426,ARHGAP27,ns
201181,-0.34574758116045334,0.008634673626181926,ZNF385C,ns
201191,-1.3393325880468883,0.030512342368443367,SAMD14,down
2012,0.9861534123350193,0.0181224521109763,EMP1,up
201229,-0.6203127664875527,0.0011404748925678762,LYRM9,down
201232,0.5051646286396512,0.024271751342131855,SLC16A13,ns
201254,0.3252748099137843,0.13838586284558277,CENPX,ns
201255,0.07718458268946549,0.6418027361957852,LRRC45,ns
201266,0.5722198541945787,0.0025331521736943136,SLC39A11,ns
201292,-0.1344406146861168,0.25172312669004787,TRIM65,ns
201294,-0.13518220451895857,0.6049516058035777,UNC13D,ns
2013,0.14054815087073358,0.4963709098815091,EMP2,ns
201305,-1.0593488222854681,9.245185784248535e-05,SPNS3,down
2014,-0.1539816155900695,0.33686615271552217,EMP3,ns
201456,-0.04068845827493828,0.8270547758665828,FBXO15,ns
201475,0.238885251271876,0.21118529342031916,RAB12,ns
2015,-0.7700075203329408,0.04662270025508007,ADGRE1,down
201501,-1.1117858072855737,0.0001738407574773918,ZBTB7C,down
201514,-0.0017699913470208273,0.9896330528527505,ZNF584,ns
201562,-0.15466690744518274,0.26991218688428875,HACD2,ns
201595,0.6747855609107152,0.01692080014520009,STT3B,up
201626,0.40973586714598653,0.0680086257293768,PDE12,ns
201627,-0.4333520136663598,0.004441792525492616,DENND6A,ns
201633,-0.933552018352076,0.01161944914571615,TIGIT,down
2017,-1.05490495853478,0.046929467849012196,CTTN,down
201725,0.43246676546340623,0.2251800326639392,C4ORF46,ns
201799,-0.3355160986340202,0.41971125671662285,TMEM154,ns
201895,-0.6722537069799763,0.006488506621626927,SMIM14,down
201931,0.12627145478336033,0.35826113357866907,TMEM192,ns
201965,0.09751554988856626,0.3476830421123167,RWDD4,ns
201973,0.17997238362770762,0.32201594922404786,PRIMPOL,ns
202,0.13500968798179258,0.6966915679439479,CRYBG1,ns
202018,-0.25001023881630324,0.061940689506092994,TAPT1,ns
202051,0.9910973956972464,0.00022154699108463066,SPATA24,up
202052,0.20723156052476632,0.23697298595702798,DNAJC18,ns
2021,0.21192423343707834,0.1951500666545315,ENDOG,ns
202134,-0.07945748004997544,0.7725418012495325,FAM153B,ns
2022,-0.8928922631173144,0.017192638545475314,ENG,down
202243,-0.05349214669297808,0.7652898666688601,CCDC125,ns
2023,0.5494352431190563,0.00029507501057336727,ENO1,ns
202309,-0.3843327205118676,0.268104246491815,GAPT,ns
202333,0.11815522666956024,0.4675853985554635,CMYA5,ns
202500,-0.08758500222889332,0.7277445882801725,DRC5,ns
202559,-0.5409824573462174,0.018814212363149268,KHDRBS2,ns
2026,-0.43150235768354506,0.09783605953320876,ENO2,ns
202658,-0.14232019829727705,0.7050557202954405,TRIM39-RPP21,ns
2027,-0.3063023063613173,0.13435610031567777,ENO3,ns
2029,0.10568980521325422,0.3683217473308008,ENSA,ns
202915,0.26018446310628374,0.28659715914348216,TMEM184A,ns
203,-0.4123501239075784,0.2475146809535665,AK1,ns
2030,0.29000032619476634,0.31792589572838975,SLC29A1,ns
203054,0.2260684961651407,0.23910173854232805,ADCK5,ns
203062,-0.6672322306332079,0.0009375512254582389,TSNARE1,down
203068,0.9133630846129783,0.0031612511937960763,TUBB,up
203069,0.21538071314342133,0.1958030398450665,R3HCC1,ns
203100,0.23581782038516685,0.20494083204173155,HTRA4,ns
203197,0.06246768416657211,0.795890879425016,TMEM268,ns
203228,-0.30264689976754156,0.41461887346544585,C9ORF72,ns
203238,0.0303294724167138,0.840069341672371,CCDC171,ns
203245,-0.1713367568107209,0.19490140502244468,NAIF1,ns
203259,-0.3457356940357137,0.029806105517684332,FAM219A,ns
203260,-0.19392322099864856,0.19252800223435806,CCDC107,ns
203286,-0.7783168358497186,0.0005948648727225086,ANKS6,down
2033,-0.23138724487741946,0.30810884757909796,EP300,ns
203328,0.10076174036197649,0.5996315345976116,SUSD3,ns
2034,0.14570728978548253,0.6595052249052478,EPAS1,ns
203427,-0.5478880492710276,0.00760075567064544,SLC25A43,ns
2035,-0.21116826325318705,0.11078426412416463,EPB41,ns
203522,-0.06151124550237341,0.7074541421938958,INTS6L,ns
203523,-0.2841418008180252,0.07110123160113845,ZNF449,ns
203547,0.39565371944419425,0.031608074395741155,VMA21,ns
2037,-0.09941097590976256,0.46771362432490293,EPB41L2,ns
2038,-0.6319896543526253,0.36045716836888403,EPB42,ns
203859,0.4285603554004407,0.09081129548713911,ANO5,ns
2039,-1.036852506744232,0.13458196405242695,DMTN,ns
204,0.20158913751259888,0.051117420529349374,AK2,ns
2040,-0.06776212436864704,0.8454444918985183,STOM,ns
2041,-0.9122131808669298,0.006723300124418581,EPHA1,down
2043,-1.3765751615183017,0.0001746307394626566,EPHA4,down
2047,-0.628037387865338,0.12106649927506363,EPHB1,ns
2048,1.6746344002379248,0.00021290379577143027,EPHB2,up
204851,-0.4123041894054271,0.03366793841763797,HIPK1,ns
2049,-0.9454522108087211,0.0009383541342925995,EPHB3,down
204962,0.08800631665569547,0.7813264655047454,SLC44A5,ns
205,0.5345934975485367,0.043973593082312606,AK4,ns
2050,-0.545512067744852,0.08374751510672246,EPHB4,ns
2051,-1.0616790523272766,0.00021782073554003093,EPHB6,down
2052,0.08810468626989287,0.737064194571765,EPHX1,ns
205251,0.0764638536258877,0.6687115170932052,MTLN,ns
2053,-0.8663012228195379,0.007850144977103499,EPHX2,down
205327,-0.06544649586528095,0.7428263645936739,C2ORF69,ns
2054,-0.3971571604459747,0.022096423100328205,STX2,ns
205428,-0.04420557900104782,0.8434732624103733,DIPK2A,ns
2055,-0.24251568190303896,0.03990306438728245,CLN8,ns
205564,0.00020913399897359852,0.9987138185996214,SENP5,ns
2057,-0.5776051476927533,0.028130069763546383,EPOR,ns
205717,-0.5314130453801624,0.003696079604459757,USF3,ns
2058,0.6991769253044016,0.026843537510234897,EPRS1,up
2059,-0.7500261270798267,0.024095090793782366,EPS8,down
2060,0.22471114062722108,0.1628894270923706,EPS15,ns
2063,-0.446167876124818,0.03332581792437753,NR2F6,ns
206358,0.11511998570571436,0.7106485607909093,SLC36A1,ns
2064,-1.055822683208941,0.004148866451628316,ERBB2,down
2065,-0.28274866704093427,0.10058389418145056,ERBB3,ns
2067,-0.4169551367012385,0.01097554386733608,ERCC1,ns
2068,0.2900822070060354,0.11807840668978821,ERCC2,ns
2069,-0.2513718450356546,0.703517683777261,EREG,ns
207,-0.543447873989388,0.003057462028516249,AKT1,ns
207063,0.06561001959308665,0.7057170509211291,DHRSX,ns
2071,0.10715334882101502,0.37211076604862015,ERCC3,ns
2072,0.4016267604137047,0.12809316598100398,ERCC4,ns
2073,-0.04005568119284497,0.8345890072735361,ERCC5,ns
2074,-0.5946356429147119,0.002372735362750146,ERCC6,down
2077,-0.42276134954058975,0.2097157480290478,ERF,ns
2078,-0.059790747214997,0.8459947807535781,ERG,ns
2079,0.9192742868230752,0.00048782171504629083,ERH,up
208,0.008442693572703774,0.9613998557629375,AKT2,ns
2081,-0.09849542311519599,0.6096151526500061,ERN1,ns
2086,-0.8527594405211891,0.02724261166078745,ERV3-1,down
2091,-0.4188841660663254,0.06371215360769035,FBL,ns
2098,-0.18455700938421238,0.28659715914348216,ESD,ns
2099,0.8129776981960877,0.004878417460747969,ESR1,up
21,-0.9055466812792501,0.0005225916680671993,ABCA3,down
210,-0.06937726102630037,0.5917226548642757,ALAD,ns
2100,-0.24413356693963362,0.23213152682070598,ESR2,ns
2101,0.30743640188285326,0.058608698432409664,ESRRA,ns
2107,0.6147126058570453,0.008199534983472796,ETF1,up
2108,0.6571373749212039,0.0002283037343135758,ETFA,up
2109,0.6667385237136028,0.00041411369149545754,ETFB,up
211,0.7844415362178143,0.0012135663713373354,ALAS1,up
2110,0.7997554881092412,0.0003286729468133073,ETFDH,up
2113,-0.5754784261344916,0.031162090704372404,ETS1,ns
2114,-0.5974389223411176,0.15890101904874065,ETS2,ns
2117,-0.616727866153953,0.039675140990403486,ETV3,down
2119,0.423096739986061,0.003713141232768545,ETV5,ns
212,-1.8373467022738463,0.0873926072822438,ALAS2,ns
2120,-0.039802009254215065,0.8997899966789585,ETV6,ns
2121,0.0576619003096317,0.8720252056021098,EVC,ns
2123,0.010978880207645147,0.9748664485886043,EVI2A,ns
2124,-0.36688000088291517,0.2640038031845375,EVI2B,ns
2125,-0.12060670477101443,0.6056923798002246,EVPL,ns
2130,0.4797572435201456,3.8434107541586e-05,EWSR1,ns
2131,0.10428734570877474,0.677254996061689,EXT1,ns
2132,-0.022984381120643604,0.9054162185168168,EXT2,ns
2135,-0.005303884209805432,0.9800997610542383,EXTL2,ns
2137,-0.6147044999351028,0.015293542978604904,EXTL3,down
2139,0.7131883547349354,0.041712911772619564,EYA2,up
214,0.38983649666190345,0.03654845316594092,ALCAM,ns
2140,0.5210885412228183,0.0012682168756019973,EYA3,ns
2145,-0.49015717948208426,0.01699808160606745,EZH1,ns
2146,1.6975817536669027,8.172476602512086e-05,EZH2,up
2149,-0.6842300485866399,0.04244300056611623,F2R,down
215,0.08603592669855509,0.7866856556982506,ABCD1,ns
2150,-1.081732315133312,0.06447598455318594,F2RL1,ns
2152,0.4110493939211901,0.3045632545276937,F3,ns
2153,-0.2496046438568129,0.5602734329152881,F5,ns
2157,-0.30587541393727946,0.07887563130347887,F8,ns
216,-1.1097751731411227,0.03418503629670912,ALDH1A1,down
2161,0.6968737816082182,0.012670363942964556,F12,up
2162,-1.4631089171170206,0.017882102715016404,F13A1,down
2166,-0.13227385747308684,0.5538073077523226,FAAH,ns
217,-1.194692717734588,0.0048548597136106805,ALDH2,down
2170,0.14208360560387945,0.34854756759143124,FABP3,ns
2171,2.0211388326014017,3.585648996713135e-05,FABP5,up
2175,1.0428213407709768,0.0011897907279792334,FANCA,up
2176,0.6161294254232894,0.004189770679301981,FANCC,up
2177,0.6965904332260404,0.009140693068481896,FANCD2,up
2178,0.35353563562745016,0.09101645398786969,FANCE,ns
2180,0.4232278429590419,0.5453340329839014,ACSL1,ns
2181,0.8281305228455373,0.0003859795794939595,ACSL3,up
2182,0.5191985620130044,0.05028493277786953,ACSL4,ns
2184,0.1449503657632043,0.4350644699853895,FAH,ns
2185,0.3378022569104484,0.038121391034022595,PTK2B,ns
2186,-0.21130092516348498,0.14759333811352368,BPTF,ns
2187,0.4016258363809353,0.03920235228000626,FANCB,ns
2188,0.24486200541589298,0.4492899799674181,FANCF,ns
2189,0.945680924187676,0.002908899306739905,FANCG,up
219,0.4957598031277177,0.02982018039513202,ALDH1B1,ns
219285,1.3187328662757345,0.012248752246978443,SAMD9L,up
219293,-0.07908658518028844,0.7606222095936159,ATAD3C,ns
2193,0.9711939196143469,0.000671287377281062,FARSA,up
219333,-0.4063530004164768,0.005705990663137538,USP12,ns
2194,0.4916787423884035,0.02899109039921298,FASN,ns
219402,0.27104478053659165,0.024014970992394993,MTIF3,ns
219537,0.5242730523627275,0.3006818813527147,SMTNL1,ns
219539,0.31253834158406946,0.24603339989828962,YPEL4,ns
219541,0.2329260228340546,0.1851278476936963,MED19,ns
2196,0.23982860419373875,0.18511469544405154,FAT2,ns
219654,-0.6376322334011606,0.015143110363920057,ZCCHC24,down
219670,-1.277348088726587,0.0005302343030578883,ENKUR,down
219681,-0.7813255702753148,5.849373491693217e-06,ARMC3,down
219699,0.2639749952395407,0.6031603976394495,UNC5B,ns
2197,-0.25859139963580446,0.1189097367460706,FAU,ns
219736,0.13668613915415406,0.6307818459281951,STOX1,ns
219738,-0.13955718330773959,0.578904802870941,FAM241B,ns
219743,-0.3968082001722628,0.004855097223245774,TYSND1,ns
219749,-0.42019677180195814,0.035075090263285584,ZNF25,ns
219771,-0.8847842894101525,0.0002230141669370006,CCNY,down
219790,-0.301547920397768,0.28483082381826297,RTKN2,ns
219833,-0.4113663129063232,0.00995957358901237,KCNJ5-AS1,ns
219844,0.31983795589302844,0.1538179846832325,HYLS1,ns
219854,-0.12261800216193386,0.31399646936256215,TMEM218,ns
219855,-0.5180199601711006,0.184865205484667,SLC37A2,ns
219899,0.38448585778408173,0.04691530156221204,TBCEL,ns
2199,-0.7923505665907484,0.000636573005287766,FBLN2,down
219902,0.14295031395933755,0.5123198976198874,TLCD5,ns
219927,0.44935134063315196,0.0064709755485597605,MRPL21,ns
219931,0.08287844989237492,0.6301203441470682,TPCN2,ns
219972,-0.5544763265824066,0.23660056584580208,MPEG1,ns
219988,-0.06967215714353969,0.817858657301682,PATL1,ns
22,0.0699444087065757,0.6803501926677399,ABCB7,ns
2200,0.22198754320154546,0.2062330404161058,FBN1,ns
220001,0.4775100297962478,0.14448519295595388,VWCE,ns
220002,-0.7830003479155536,0.00036696296173551455,CYB561A3,down
220004,-0.20236111660818157,0.0932587992451911,SAXO4,ns
220042,1.2040502694540018,1.4916050325969114e-05,DDIAS,up
220064,-0.30211654224588713,0.019969807578526826,LTO1,ns
220074,0.26395100047477627,0.12744409985434885,LRTOMT,ns
2201,-0.3643836358709205,0.45522247339307625,FBN2,ns
220107,-0.23266940064552077,0.3276753352899399,DLEU7,ns
220108,0.296794640868125,0.07398698151568206,FAM124A,ns
220134,2.2216193351064035,7.604409158689851e-05,SKA1,up
220158,-0.2402206460584546,0.32420082057866256,GTSCR1,ns
220164,-0.24611494322062644,0.27123422528099467,DOK6,ns
220213,-0.9926270515086468,0.05972850720286106,OTUD1,ns
2203,-0.9425371793379576,0.005709081629369968,FBP1,down
220323,0.2688984788504616,0.35804025187944416,OAF,ns
220359,-0.9217396924225509,0.0016439667980568996,TIGD3,down
2204,-0.30698590450708707,0.6301203441470682,FCAR,ns
220416,0.03474491405445157,0.8747446045689439,LRRC63,ns
220441,0.4202606611226001,0.03559229743740506,RNF152,ns
2205,-2.636451056178304,3.862091368026512e-06,FCER1A,down
2206,-1.0985971936831103,0.007934267053495111,MS4A2,down
2207,-0.46208037767213384,0.3001731196019029,FCER1G,ns
2208,-1.440641330996307,0.0026447372355330144,FCER2,down
220869,0.7278286941623087,0.01008692238128723,ZNG1E,up
2209,1.5496509103761902,0.022096423100328205,FCGR1A,up
220929,0.27603057586008184,0.5423442541904457,ZNF438,ns
220972,-0.5847891886943088,0.005754412586549996,MARCHF8,down
220979,-0.29467493932257227,0.07143773574079539,ZNF22-AS1,ns
220988,0.40371871645364976,0.0606061664540842,HNRNPA3,ns
220992,0.026177179782288285,0.910049433999438,ZNF485,ns
221,-0.7436789076413604,0.07166266795879064,ALDH3B1,ns
2210,1.2785689563365121,0.0470688073341556,FCGR1BP,up
221002,-0.6296819635255861,0.0181224521109763,RASGEF1A,down
221035,0.25968639959684836,0.15809344687609161,REEP3,ns
221037,-0.420228946089102,0.2061959851376729,JMJD1C,ns
221061,0.788637162201633,0.042315908502318186,FAM171A1,up
221078,0.213640969131756,0.35856289676572345,NSUN6,ns
221079,0.4613948482860266,0.35534352071289976,ARL5B,ns
221092,0.009257333183205319,0.9496394337418825,HNRNPUL2,ns
221120,0.3712264741999487,0.07630148606451857,ALKBH3,ns
221143,0.4726764122498368,0.019955470199027086,EEF1AKMT1,ns
221150,2.4197937029196517,9.885544637382457e-05,SKA3,up
221154,0.3253036006807175,0.01966046608693205,MICU2,ns
221178,-0.16093253889625458,0.5170915687005929,SPATA13,ns
221184,-0.8513689579843895,0.02982018039513202,CPNE2,down
221188,-0.04874937392047407,0.897332362520333,ADGRG5,ns
2212,-0.8230006102103218,0.1951500666545315,FCGR2A,ns
221264,-0.255393815658123,0.025878688983661195,AK9,ns
221294,-0.23570160789695294,0.11499945394627206,NT5DC1,ns
2213,0.015371597150826588,0.9715452145126562,FCGR2B,ns
221302,0.6024499831763093,0.000540811380237999,ZUP1,up
221322,0.0716808053684801,0.7036034380974129,TBC1D32,ns
2214,-1.1030204444723175,0.01209826359957445,FCGR3A,down
221421,0.04784677610405108,0.8345068327492883,RSPH9,ns
221443,0.036577104181290565,0.7884751941283423,OARD1,ns
221468,0.5017896915761035,0.0009052178311356608,TMEM217,ns
221472,0.028626707619519465,0.9406915200165855,FGD2,ns
221476,-1.0103655335407868,0.002052220674050541,PI16,down
221477,-0.12310166997269434,0.232497887186932,C6ORF89,ns
221481,0.17386743011774541,0.4846848384185077,ARMC12,ns
221491,-0.27555313805133075,0.23574402213189888,SMIM29,ns
221496,-0.07411928657821498,0.35705031753415084,LEMD2,ns
2215,0.3042928312238651,0.8533245761715734,FCGR3B,ns
221504,0.371877632041393,0.21669989984864985,ZBTB9,ns
221527,0.10980133997715669,0.42204897244540696,ZBTB12,ns
221545,-0.1431288656357399,0.5588591684362129,C6ORF136,ns
221656,-0.21601212011204396,0.5004707723746306,KDM1B,ns
221687,-0.41267688524720203,0.24628742957408054,RNF182,ns
221692,-0.4700488331923589,0.42071996812262413,PHACTR1,ns
2217,-1.213778966291823,0.006482956523937409,FCGRT,down
221710,0.12017310972068262,0.6230102104927345,SMIM13,ns
221711,-0.2582375094593585,0.24062430689421768,SYCP2L,ns
221749,-0.4322489555864042,0.047006567444510906,PXDC1,ns
221785,-0.13089971716433624,0.11892049425126609,ZSCAN25,ns
221786,-0.03820569177709565,0.8760395971095887,ZBED8L,ns
2218,0.271873093299269,0.12204440743699932,FKTN,ns
221830,0.39017634742855734,0.3562445256907883,POLR1F,ns
221895,-1.0635395235639997,0.0007555872624718899,JAZF1,down
2219,-0.5612883786494667,0.23250854848953112,FCN1,ns
221908,-0.05174537986904859,0.7924807464513305,PPP1R35,ns
221914,-0.20484598852683256,0.24454959848458144,GPC2,ns
221927,0.05045117472065819,0.794114186483824,BRAT1,ns
221935,-0.4694511628877267,0.006488238623801149,SDK1,ns
221937,0.0068082667211957215,0.9757608711443745,FOXK1,ns
221955,-0.01387872332960427,0.9632722420427555,DAGLB,ns
221960,0.391526358146951,0.3150050136110802,CCZ1B,ns
222068,0.1261387340685971,0.12106649927506363,TMED4,ns
222166,-1.8575033077576872,0.0012569266277795822,MTURN,down
222171,0.8140895037545812,0.009762908830207034,PRR15,up
222194,0.2819975495028544,0.043346133506144774,RSBN1L,ns
2222,0.10033188622252887,0.2912288776556996,FDFT1,ns
222223,-0.5394385603713525,0.030854988949228924,ELAPOR2,ns
222229,0.6753640173509989,0.06255301260114579,LRWD1,ns
222234,0.0674737479259182,0.5747999264277798,FAM185A,ns
222235,-0.10920457195467748,0.8396935249144409,FBXL13,ns
222236,0.24726249049868798,0.11621918559840463,NAPEPLD,ns
222255,-0.7336530679475128,0.0019570188091898124,ATXN7L1,down
222256,-0.8112425228888247,0.005736085879124978,CDHR3,down
222389,-0.022173819422756758,0.9520921348792086,BEND7,ns
2224,0.680347922605316,0.0007426952447147702,FDPS,up
222484,0.057933900441812014,0.7661088030315181,LNX2,ns
222487,-1.0588197967012682,0.33901812325486963,ADGRG3,ns
222643,-0.12452137154520582,0.5423442541904457,UNC5CL,ns
222658,-0.002656267174245386,0.985111166650011,KCTD20,ns
222663,-0.09086963317587315,0.7680870759517298,SCUBE3,ns
222696,0.06509254844629986,0.751959569956199,ZSCAN23,ns
222698,0.1976450979545401,0.09257507281543181,NKAPL,ns
222950,-0.5210163654243312,0.0022664564264950793,NYAP1,ns
222962,-0.24101581861550603,0.14461944871458673,SLC29A4,ns
223,0.22880087007746752,0.21007928811449925,ALDH9A1,ns
2230,0.6317376602658484,0.004368376918151138,FDX1,up
223082,0.3822951126684071,0.016256649031199513,ZNRF2,ns
2232,0.9015009525248532,5.158110045278392e-06,FDXR,up
2235,0.00565231445133918,0.9739704794961754,FECH,ns
2237,1.8705342047438123,0.0002285394761092122,FEN1,up
2239,-0.52586097160522,0.008407706079547198,GPC4,ns
224,0.11889513629621362,0.5299374435247922,ALDH3A2,ns
2241,0.06556100245653873,0.7636521749178831,FER,ns
2242,-0.20204616374213202,0.6596392284445968,FES,ns
2247,-0.07669853309699892,0.7071186694127667,FGF2,ns
225,-0.20604006362757943,0.4990092815953194,ABCD2,ns
2250,0.34735673906578945,0.17839306886383324,FGF5,ns
2252,-0.0862353833230669,0.6712365653517446,FGF7,ns
2254,-0.6544848546665278,0.007392367325927836,FGF9,down
2256,-0.31453766297850727,0.14953365983969116,FGF11,ns
2258,0.21773245363500138,0.5681372448069202,FGF13,ns
226,0.05376049424750562,0.8368971715796713,ALDOA,ns
2260,-0.2982553951418412,0.35237782609650314,FGFR1,ns
2263,-0.7105936759433709,0.002420131805054473,FGFR2,down
2264,0.28857653258172267,0.15822119802433954,FGFR4,ns
2268,-0.6286981424806086,0.12453729489671064,FGR,ns
2271,0.9855921949591995,0.0007367291590608615,FH,up
2272,-0.3569735609395419,0.38613337725877256,FHIT,ns
2273,-1.5250938728043515,0.00042128565062793193,FHL1,down
2274,0.32792367798292155,0.21822622703817326,FHL2,ns
2275,-0.8498566673395462,0.013165250954397363,FHL3,down
22794,-0.08952923963687276,0.7008747583555092,CASC3,ns
22795,-0.12393932780026429,0.6053088705031692,NID2,ns
22796,0.14688658258296172,0.30984241398582785,COG2,ns
22797,0.7672456483862007,0.16743476808735835,TFEC,ns
22798,0.14047783105297995,0.48325904786569357,LAMB4,ns
2280,-0.22007191073390864,0.32080641845021524,FKBP1A,ns
22800,-0.08493367462298451,0.7906684092244163,RRAS2,ns
22803,0.016223283011148837,0.9353076878622912,XRN2,ns
22806,0.17876270173452546,0.4200388938147999,IKZF3,ns
22807,-0.8425647348414778,0.010281970402242036,IKZF2,down
22808,-0.9697461706822583,0.00233889315836259,MRAS,down
22809,1.0562269901043937,0.0007711777854481405,ATF5,up
2281,-0.2885958143152312,0.20563100891220693,FKBP1B,ns
22818,0.04740095055985982,0.8113074259274162,COPZ1,ns
22820,1.1737399000779174,5.420137334318328e-05,COPG1,up
22821,-0.6091889716119194,0.0008262470456181622,RASA3,down
22822,-0.17097254701889675,0.8067346644092167,PHLDA1,ns
22823,0.3003596898013132,0.06015673930833207,MTF2,ns
22826,0.14855750767203446,0.1291228150962984,DNAJC8,ns
22827,0.2621937556258871,0.0155012351932289,PUF60,ns
22828,-0.28489592013990794,0.006743710231951371,SCAF8,ns
22832,0.24353798605222732,0.20614817315707112,CEP162,ns
22834,-0.5016904319655513,0.000938023072701811,ZNF652,ns
22835,-0.0817079131585734,0.794803404781923,ZFP30,ns
22836,-0.7915970994997172,0.003549301439118517,RHOBTB3,down
22837,1.1404168099229928,0.03075246262389185,COBLL1,up
22838,-0.8288181244811899,0.010997940383560268,RNF44,down
22839,-0.48813789944504826,0.032605064560646164,DLGAP4,ns
22841,-0.003703160052509702,0.983298497597202,RAB11FIP2,ns
22845,0.508011916084329,0.006251338952148492,DOLK,ns
22846,-0.6715020390571951,0.08182581591705475,VASH1,ns
22847,-0.27637793036853253,0.10417785654750746,ZNF507,ns
22848,-0.3366245602488487,0.05428864107114394,AAK1,ns
22849,0.09262776641182846,0.6898318362682735,CPEB3,ns
22850,-0.42541802219336944,0.0941451134244738,ADNP2,ns
22852,0.4528930500201449,0.004836805913041798,ANKRD26,ns
22853,0.2439667807926469,0.32117098640535113,LMTK2,ns
22854,-0.5068803974572198,0.015142396249725,NTNG1,ns
22856,-0.21036264585476339,0.5184560544703466,CHSY1,ns
22858,-0.28456655822795085,0.05020774187791281,CILK1,ns
22859,-0.8320084518281217,0.0012227880000477715,ADGRL1,down
2286,1.2637117406196126,0.0007961427588599068,FKBP2,up
22861,-0.8433004951396299,0.007093195854543745,NLRP1,down
22862,0.7616904573433558,0.0007029157581240783,FNDC3A,up
22863,-0.4925629536098981,0.012381663000503819,ATG14,ns
22864,-0.8154004645166886,0.0006115461686118085,R3HDM2,down
22866,-0.18369798533856585,0.364862088270587,CNKSR2,ns
22868,0.46237697874127903,0.05557705601628199,FASTKD2,ns
22869,0.00430796587043325,0.9844099501453131,ZNF510,ns
2287,0.7785536204329055,0.002076590658642945,FKBP3,up
22870,-0.08843083833350462,0.615222369604925,PPP6R1,ns
22872,0.4191903042893337,0.018034860024503097,SEC31A,ns
22874,-0.25986636111291794,0.09814007889420827,PLEKHA6,ns
22875,-0.07881079155931481,0.8061653691249272,ENPP4,ns
22876,-0.21762340098014654,0.05783561344061738,INPP5F,ns
22877,-0.35079618161378967,0.10002232883836581,MLXIP,ns
22878,0.040353603023378426,0.8212298435982522,TRAPPC8,ns
22879,0.1955840822146122,0.17946063630889836,MON1B,ns
2288,0.2925315202802068,0.14518223228879937,FKBP4,ns
22880,0.3270215597732484,0.13644753536415027,MORC2,ns
22881,-0.43527729311044894,0.00047111116530011043,ANKRD6,ns
22882,-0.22177883068424187,0.07203378463819209,ZHX2,ns
22883,-0.3088071035093378,0.009073802924261057,CLSTN1,ns
22884,-0.4393048140990139,0.00039375748893479267,WDR37,ns
22885,-1.3118458741973393,0.046659546986187156,ABLIM3,down
22887,-0.13086282712824193,0.2143629664567796,FOXJ3,ns
22888,-0.1151648060616175,0.30850918474928263,UBOX5,ns
22889,0.1060927989011553,0.6864565904235427,KHDC4,ns
2289,1.0208332580776585,0.0008113011984907524,FKBP5,up
22890,-0.6991459988287598,0.013661691651831929,ZBTB1,down
22891,-0.8034891786371601,0.010335710064671034,ZNF365,down
22893,-0.35463375684566145,0.00799053803199505,BAHD1,ns
22894,0.23990179588566818,0.31304195740697155,DIS3,ns
22895,-2.184259331984445,0.00023889268998338126,RPH3A,down
22897,-0.033988927644564626,0.7422000870793676,CEP164,ns
22898,-0.22088723562373502,0.6409932385894301,DENND3,ns
22900,-0.23335454166023695,0.25372583387363196,CARD8,ns
22901,-0.55844274746247,0.001762538210987334,ARSG,ns
22902,0.0995027627731595,0.5749536969114099,RUFY3,ns
22903,-0.5447343654066179,0.013619659968372147,BTBD3,ns
22904,0.31788309858982444,0.36285384557591327,SBNO2,ns
22905,-0.024944417825620846,0.9323774052430596,EPN2,ns
22906,-0.7238988901025998,0.00011515394250808007,TRAK1,down
22907,0.4118713482430927,0.004737487675707034,DHX30,ns
22908,0.201507684132455,0.4846848384185077,SACM1L,ns
22909,0.14539227774259444,0.3030470316669836,FAN1,ns
22911,-0.33954521502365864,0.020341019378982812,WDR47,ns
22913,0.08824093412062872,0.5638146416210227,RALY,ns
22914,-1.110333290387846,0.005249475233300294,KLRK1,down
22915,-0.537137651453163,0.16242828894477157,MMRN1,ns
22916,0.31553771675197595,0.10835846504572581,NCBP2,ns
22918,-0.7670684724717312,0.10700805617227004,CD93,ns
22919,0.07127237383877194,0.6783784627202446,MAPRE1,ns
22920,0.7506197101900494,0.0029574141348666814,KIFAP3,up
22921,0.39198187278565033,0.14036928635920473,MSRB2,ns
22924,-0.4842610293300522,0.09009273008520569,MAPRE3,ns
22926,0.20119579733114534,0.1936474950815557,ATF6,ns
22927,-0.6928853999465323,0.003578962046645865,HABP4,down
22928,0.38590519943821455,0.017805605230463466,SEPHS2,ns
22929,0.8493900418520735,0.0056904115391986495,SEPHS1,up
22930,0.1966740769214521,0.2791929951386418,RAB3GAP1,ns
22931,0.044127718207144895,0.8255119516214959,RAB18,ns
22932,-0.263375083505907,0.37211076604862015,POMZP3,ns
22933,-0.37125946599644877,0.05970559905007293,SIRT2,ns
22934,0.006342426760850728,0.973125770815174,RPIA,ns
22936,2.8320369310685614,0.0001913920226277213,ELL2,up
22937,-0.031902663642364715,0.8773013104985051,SCAP,ns
22938,0.23627065018851923,0.07007248821258477,SNW1,ns
22944,0.3310311180974379,0.014520265957547877,KIN,ns
22948,0.6249851599482188,0.0014196708053766068,CCT5,up
22949,0.19198612191890252,0.2749094780999034,PTGR1,ns
22950,0.515170119533293,0.0005807923397983708,SLC4A1AP,ns
22954,-0.04029210916055881,0.9020437396063395,TRIM32,ns
22955,-0.09808210828110475,0.578904802870941,SCMH1,ns
2296,0.4407945737561345,0.10581132859141422,FOXC1,ns
2297,-0.346709208380493,0.14331476562759216,FOXD1,ns
22974,2.8701281552544176,2.6102005816507474e-05,TPX2,up
22976,0.20551760937613217,0.24370372475105087,PAXIP1,ns
22978,0.09720416696669965,0.7413917899100578,NT5C2,ns
22979,0.2432793666548978,0.1715169068417811,EFR3B,ns
2298,0.23319106497811593,0.35475115487902203,FOXD4,ns
22980,0.0018521155882496032,0.9901034145078615,TCF25,ns
22981,-0.46396355205388584,0.07917601216792694,NINL,ns
22982,-0.05558873951093357,0.8208320375284242,DIP2C,ns
22983,-0.005611733700262356,0.9746054029533975,MAST1,ns
22984,0.26256324861014235,0.15416243856384265,PDCD11,ns
22985,0.028590029591576638,0.8202830912456887,ACIN1,ns
22986,-0.3861828446954574,0.062178628578003006,SORCS3,ns
22989,0.4003940538487365,0.07538215871658342,MYH15,ns
22990,-0.18151945925819568,0.4296000269806317,PCNX1,ns
22992,-0.1441962276263009,0.4395303274915326,KDM2A,ns
22993,0.40822796757625746,0.00032795364089293553,HMGXB3,ns
22994,0.03704230062887248,0.8308657558095931,CEP131,ns
22995,0.629748437617037,0.007526443871728346,CEP152,up
22996,0.15291556204928725,0.4413066843061567,TTC39A,ns
22997,-0.295376454367795,0.2488649388848919,IGSF9B,ns
22998,-0.13042020282190503,0.5787016826568874,LIMCH1,ns
23,0.5674528237117489,0.004531369666896551,ABCF1,ns
230,-0.7714872012255007,0.00029493709779342104,ALDOC,down
23001,-0.3937940336149346,0.48871710177972777,WDFY3,ns
23002,-0.06788747224034442,0.7488756303695272,DAAM1,ns
23005,-0.28199629107290747,0.02772101174824392,MAPKBP1,ns
23007,-0.6907960657581667,0.0010107891107899488,PLCH1,down
23008,-0.04934692525423401,0.6960590008624197,KLHDC10,ns
23011,0.2608721516894583,0.153026021762196,RAB21,ns
23012,0.2424343293621618,0.2989760117954224,STK38L,ns
23013,-0.3542973290033622,0.0512072453193151,SPEN,ns
23014,0.06690152871829902,0.7881269210739872,FBXO21,ns
23015,-0.3853083155698016,0.3350311028465954,GOLGA8A,ns
23016,0.3096545650199891,0.12885174470296723,EXOSC7,ns
23019,0.31365385665531775,0.07426394747460408,CNOT1,ns
2302,-0.10502050235088234,0.6253651238201563,FOXJ1,ns
23020,0.0416002504006574,0.7751707455932789,SNRNP200,ns
23022,-1.2180958854891797,0.0007612977020307716,PALLD,down
23023,-0.802079369178923,0.012588121338661355,TMCC1,down
23026,-0.13917830368716455,0.5885044745661447,MYO16,ns
23028,0.3972058980280053,0.04171737637838536,KDM1A,ns
23029,0.3472902670758753,0.026896363358274653,RBM34,ns
23030,-0.5446169352790431,0.04330627784976872,KDM4B,ns
23031,-0.9408037884385223,0.0027171438373766767,MAST3,down
23032,0.018855277587313424,0.9129016274194408,USP33,ns
23033,0.03254535222412791,0.9163291096181189,DOP1A,ns
23034,0.732547422580117,0.11384123345583193,SAMD4A,ns
23035,-0.5353564262858921,0.002076590658642945,PHLPP2,ns
23036,-0.1633327947380696,0.3829744571416601,ZNF292,ns
23037,-0.6287650326042211,0.002082472920610412,PDZD2,down
23038,-0.7360538715027491,0.005475860771581625,WDTC1,down
23039,0.11718706796592215,0.39146149809961717,XPO7,ns
23041,-0.05500233812504618,0.7367125984646516,MON2,ns
23042,0.25541485385274676,0.264224214201633,PDXDC1,ns
23043,-0.09401350028088373,0.7727937976521606,TNIK,ns
23046,-0.1893475671565259,0.26894041595939006,KIF21B,ns
23047,0.20740629170561853,0.18787018340296888,PDS5B,ns
23048,-0.5393701525317063,0.0038075195667348315,FNBP1,ns
23049,-0.24574134372150347,0.10363027466381405,SMG1,ns
2305,2.823678969031784,4.796297124689089e-05,FOXM1,up
23051,-0.20694031872325525,0.2508220231096155,ZHX3,ns
23052,-0.34802134662084505,0.20843188149154798,ENDOD1,ns
23053,-0.22892076092606573,0.3322769340949147,ZSWIM8,ns
23054,-0.3809924287949702,0.07078357485344784,NCOA6,ns
23059,0.1790596011945853,0.36954847337561997,IFT38,ns
2306,-0.3879328951857506,0.025484448844813188,FOXD2,ns
23060,-0.8284447231831908,7.990571984736279e-05,ZNF609,down
23061,-0.2981962281947972,0.036506809734750914,TBC1D9B,ns
23062,-0.11103535165475087,0.2503344976331279,GGA2,ns
23063,-0.07399814770135826,0.7207702356260243,WAPL,ns
23064,-0.08483188403356401,0.7443137398011759,SETX,ns
23065,0.5105674375088132,0.010840888492252865,EMC1,ns
23066,-0.46108293377913867,0.04344868965999457,CAND2,ns
23067,-0.853496161690467,0.001955267642848623,SETD1B,down
23070,0.5910454617237804,0.011050735683956363,CMTR1,up
23071,0.7012998459535478,0.0005097975120593297,ERP44,up
23074,-0.18413064440186844,0.41404651320141095,BLTP3B,ns
23075,-0.23873645769806906,0.28230048023003873,SWAP70,ns
23076,0.3709528238918285,0.12527910755626265,RRP1B,ns
23077,-0.13691838618572305,0.5213557675587632,MYCBP2,ns
23078,-0.02105156333689706,0.8955260476768517,VWA8,ns
2308,-0.8737900571330925,9.169136001394799e-05,FOXO1,down
23080,0.0029195119540723624,0.983481104492729,AVL9,ns
23081,-0.46299915128376234,0.00034713785269697365,KDM4C,ns
23082,-0.03508892274870412,0.8662136532741764,PPRC1,ns
23085,0.2920793606144354,0.06056358705989908,ERC1,ns
23086,-0.1466370254245497,0.6112007036708142,EXPH5,ns
23087,-0.15815280739302473,0.22122762227341086,TRIM35,ns
23089,-1.1649970600964172,0.0003914234003698077,PEG10,down
2309,-0.5788327456704643,0.023118374452849835,FOXO3,ns
23091,0.09439916120140879,0.7021601091048153,ZC3H13,ns
23092,-0.7196287344944317,0.07203654706449915,ARHGAP26,ns
23093,0.15798757082885118,0.27938079869040705,TTLL5,ns
23094,-0.30318213043714515,0.09781930981718437,SIPA1L3,ns
23095,0.3369706647173132,0.13899321699739198,KIF1B,ns
23096,-0.9791782390183439,0.014967501795859666,IQSEC2,down
23097,-0.6501071525442637,0.01643486265725137,CDK19,down
23098,-0.7450214475563222,0.00020416009804207798,SARM1,down
23099,-0.04986151767595004,0.8438054287217394,ZBTB43,ns
231,0.0997940736284928,0.7491452701727086,AKR1B1,ns
23101,-0.069251676552053,0.7198761346932162,MCF2L2,ns
23102,-0.11177645861769747,0.543444871723934,TBC1D2B,ns
23105,-0.6179442204241328,0.017832748255434756,FSTL4,down
23107,0.3211459215185357,0.20034616260946125,MRPS27,ns
23108,-0.5190530920169465,0.033794423465215453,RAP1GAP2,ns
23109,0.4271530627524047,0.11157179913599616,DDN,ns
23111,0.21620764272551263,0.41916853625660777,SPART,ns
23112,-0.4769204818101169,0.00926040363318705,TNRC6B,ns
23113,-0.13712490196897775,0.22404683624746272,CUL9,ns
23116,-0.10053250605414377,0.417032322752208,TOGARAM1,ns
23117,0.01692508219426969,0.9814412024296767,NPIPB3,ns
23118,-0.5854214497572912,0.0028769903527758062,TAB2,down
23119,-0.24133389811438644,0.21414829869981353,HIC2,ns
23122,0.5171320980144039,0.08283441523103946,CLASP2,ns
23125,-0.4354688705899932,0.0943038136453977,CAMTA2,ns
23126,-0.03151710867774149,0.7606851814595615,POGZ,ns
23127,-1.2650162174171538,0.0017582695399504394,COLGALT2,down
23129,-1.3881355933364308,0.003533854221260425,PLXND1,down
2313,-0.29467140080866194,0.08605854068292931,FLI1,ns
23130,-0.31287145812266104,0.34367358925285174,ATG2A,ns
23131,-0.37810296751105454,0.007601408024201201,GPATCH8,ns
23132,0.039299760398458616,0.7872320892349376,RAD54L2,ns
23133,-0.008004520551541106,0.9481462275443502,PHF8,ns
23135,-0.9570372028335044,0.08576525671574342,KDM6B,ns
23136,0.15126848364961631,0.7604585829757499,EPB41L3,ns
23137,-0.15318860285271008,0.30442382588483463,SMC5,ns
23138,-0.8692261727353952,0.009123120830813992,N4BP3,down
23139,0.08344547260692003,0.6483922522887617,MAST2,ns
2314,-0.04357979046165994,0.8404764193660871,FLII,ns
23140,-0.1928643678127031,0.05977197952682517,ZZEF1,ns
23141,-0.00930488760507231,0.9175795777487306,ANKLE2,ns
23142,-0.09162139948059078,0.6225604738954481,DCUN1D4,ns
23143,-0.22910392507056443,0.06867336403442784,LRCH1,ns
23144,-0.14247681589267636,0.5703823047066419,ZC3H3,ns
23145,-0.6116374555569202,0.01542565475920692,SSPOP,down
23148,0.030520508258384815,0.9040338831383978,NACAD,ns
23149,-0.8008465478046336,0.008619121657357636,FCHO1,down
23150,-0.027335657942547442,0.9368729286816786,FRMD4B,ns
23151,0.13582493841977694,0.46786683553099345,GRAMD4,ns
23152,-0.40966855940408564,0.11506177904438401,CIC,ns
23154,0.34753997385621993,0.00943617342893023,NCDN,ns
23155,0.8300086089502248,0.004590521768802228,CLCC1,up
23157,-0.5033361583110825,0.005098765179151095,SEPTIN6,ns
23158,-0.5127042726989437,0.02982018039513202,TBC1D9,ns
2316,-0.5369709004630394,0.019530863589552624,FLNA,ns
23160,0.39654097861919446,0.0870222213285508,WDR43,ns
23161,-0.05134359355157159,0.7918862558555387,SNX13,ns
23162,-0.4255150920377133,0.26948185526382157,MAPK8IP3,ns
23163,0.005125043761283976,0.9812217148165868,GGA3,ns
23164,-0.5667960250471467,0.002297049855420904,MPRIP,ns
23165,0.6063596341720761,0.01366496686618525,NUP205,up
23166,0.9735502113552723,0.05060420459362497,STAB1,ns
23167,0.33819119143104537,0.2696853001411602,EFR3A,ns
23168,0.29057577701234827,0.01622095971894074,RTF1,ns
23169,0.02640863100912405,0.9166593818536333,SLC35D1,ns
2317,-0.0683435498667162,0.7416134511719961,FLNB,ns
23170,0.22601205771201727,0.28013425283750093,TTLL12,ns
23171,-0.14637119704931045,0.41187847033891667,GPD1L,ns
23172,0.20996779335266424,0.21650592596104354,ABRAXAS2,ns
23173,0.2476754311122349,0.13575446568488714,METAP1,ns
23174,-1.0115895169846967,6.552741341655941e-05,ZCCHC14,down
23175,0.12580586746864952,0.44327813568755325,LPIN1,ns
23176,-0.4209848781650196,0.03758266395927433,SEPTIN8,ns
23177,-0.842457235689368,0.0005476816173967206,CEP68,down
23178,-0.10483836132434377,0.7452031883543327,PASK,ns
23179,1.561089366817649,0.0008604977264245135,RGL1,up
23180,-0.7056158445036136,3.8890339404176756e-05,RFTN1,down
23181,-0.4634175014602526,0.08093925411597092,DIP2A,ns
23184,0.9875880867685964,0.00030162939700947833,MESD,up
23185,0.22810051034946355,0.21123940780539516,LARP4B,ns
23186,-0.38378716632098,0.07666360333735152,RCOR1,ns
23187,-0.07515482336050727,0.7867403755564055,PHLDB1,ns
23189,0.8468817865153726,0.043083473814806435,KANK1,up
2319,-0.5313904517473684,0.08386708448207682,FLOT2,ns
23190,0.7287549721943876,0.0001633398341902242,UBXN4,up
23191,-0.3440451555110169,0.33964836616305877,CYFIP1,ns
23192,-0.07065414217088062,0.6207918439522169,ATG4B,ns
23193,0.556743831720695,0.010707654555136868,GANAB,ns
23195,-0.14376928640739983,0.4328383429142173,MDN1,ns
23196,-0.1374889788459992,0.46695940810787323,FAM120A,ns
23197,0.48183951443907524,0.006486533976394428,FAF2,ns
23198,0.3859754237938944,0.026712958355272872,PSME4,ns
23199,-0.4495515245810129,0.0022664564264950793,GSE1,ns
23200,0.15354322182917812,0.331778261375674,ATP11B,ns
23201,-0.32054110338421715,0.044413868492593364,FAM168A,ns
23203,0.34434540647904655,0.013401336190354964,PMPCA,ns
23204,0.13597827525979156,0.48855498852797014,ARL6IP1,ns
23205,0.0028333546326564374,0.9914614515555553,ACSBG1,ns
23207,-0.1603175340240668,0.40704319089887075,PLEKHM2,ns
23208,-0.6607590704391004,0.04606258887448014,SYT11,down
23209,-1.103227749806127,0.009897012716786223,MLC1,down
2321,0.8575033315330147,0.001811472227132315,FLT1,up
23210,-0.0315041126469886,0.9391849283761041,JMJD6,ns
23211,-0.006753154869802103,0.9669390071312213,ZC3H4,ns
23212,0.21780168807559974,0.13955773955722486,RRS1,ns
23214,-0.4383223785071255,0.29727927838777973,XPO6,ns
23215,-0.06894971004920336,0.7093719021359742,PRRC2C,ns
23216,0.5467819424615072,0.01161944914571615,TBC1D1,ns
23217,-0.5132227872675825,0.012947399919648179,ZFR2,ns
23218,-0.3279199496697398,0.462543561788185,NBEAL2,ns
23219,0.13294688371658836,0.46628303700188173,FBXO28,ns
2322,0.4085578806932393,0.33003909903338674,FLT3,ns
23220,-1.0435832180567877,0.0007152900918213378,DTX4,down
23221,-0.3657916068072744,0.03569772466253293,RHOBTB2,ns
23223,0.1629799047537741,0.5752378476327356,RRP12,ns
23224,-0.7515817286860837,0.0034838729913269093,SYNE2,down
23225,-0.027688376883697075,0.8890063905023908,NUP210,ns
23228,-0.42051954055258634,0.009829625872643081,PLCL2,ns
23229,-0.7792670617656192,0.0005329465002515759,ARHGEF9,down
2323,-0.8175971852173056,0.003970054440885588,FLT3LG,down
23230,-0.17091590099695608,0.40478317612805137,VPS13A,ns
23231,1.41507830377315,0.01008692238128723,SEL1L3,up
23232,-0.36070243885063835,0.02841678025429563,TBC1D12,ns
23233,-0.4193062957005491,0.01168741682098232,EXOC6B,ns
23234,0.7037562533454373,0.02121087344988157,DNAJC9,up
23235,-0.5641860062806359,0.0012194807521930728,SIK2,ns
23236,-1.2318446790329824,0.0002898519273872535,PLCB1,down
23237,-0.2894219237612301,0.10010935913636557,ARC,ns
23239,-0.7220830687690531,0.005748936567991304,PHLPP1,down
2324,-0.4067700897563906,0.18399201052973793,FLT4,ns
23240,-0.35697237547230287,0.019745142528674858,TMEM131L,ns
23241,-0.6329048092264333,0.004998150801996485,PACS2,down
23242,0.6890951395959064,0.0022491823486376944,COBL,up
23243,0.553918702031087,0.0368665587466747,ANKRD28,ns
23244,-0.14929156313641023,0.3244422425787667,PDS5A,ns
23245,0.33599933812686267,0.4752322373385493,ASTN2,ns
23246,0.6090777897310922,0.0026447372355330144,BOP1,up
23247,-0.2877348525230996,0.2439071084258619,KATNIP,ns
23248,-0.3488996239437263,0.013911034554047495,RPRD2,ns
23250,-0.20249231577841442,0.49018152255136216,ATP11A,ns
23251,0.5317110418525282,0.002291362801483418,MINAR1,ns
23252,-0.4632285191585117,0.02231761104475596,OTUD3,ns
23253,-0.24515831920702524,0.1209439860296221,ANKRD12,ns
23254,-0.25169258776917314,0.5996315345976116,KAZN,ns
23255,-0.06182257966931726,0.808742805390853,MTCL1,ns
23256,1.0115447920645693,0.0003914234003698077,SCFD1,up
23258,-0.7474155224638341,0.07661984630949936,DENND5A,ns
23259,-0.43941521277304396,0.005204608790832981,DDHD2,ns
23261,0.00292273386502373,0.9844099501453131,CAMTA1,ns
23262,0.29594956992107235,0.13509636365324376,PPIP5K2,ns
23263,-0.5887940559778917,0.02155798514275187,MCF2L,down
23264,0.2076184508716583,0.04133938157596825,ZC3H7B,ns
23265,-0.042034644033407176,0.7337392576733818,EXOC7,ns
23268,-0.8438121232466917,1.630359203763638e-05,DNMBP,down
23269,-0.22485746580807842,0.25862453508220473,MGA,ns
23270,-0.6377724672557434,0.003394337684423457,TSPYL4,down
23271,-0.0935884644351237,0.6813943065048306,CAMSAP2,ns
23272,-0.33818289301041027,0.0840813756760691,TASOR,ns
23274,-0.2384794516823554,0.032053635478164845,CLEC16A,ns
23275,-0.2384020937144946,0.2207941696215694,POFUT2,ns
23276,-0.04218406828105259,0.8270547758665828,KLHL18,ns
23277,0.7433606458945281,0.000960159166638227,CLUH,up
23279,0.4317062931002642,0.11199317887485981,NUP160,ns
23283,0.11362127684496137,0.6197489119728704,CSTF2T,ns
23286,-0.3710661749292443,0.011570220009669542,WWC1,ns
23287,-0.6504016966281974,0.004846036516403042,AGTPBP1,down
23288,-0.33421913969236705,0.09713720765697324,IQCE,ns
2329,-0.0670921462046623,0.7626483219006985,FMO4,ns
23291,-0.1285513753446832,0.32150109898836776,FBXW11,ns
23293,-0.13701464688793052,0.21949930770037596,SMG6,ns
23294,0.15631680012559812,0.41450612830246525,ANKS1A,ns
23295,-0.232549280992993,0.34208178008315815,MGRN1,ns
23299,-0.49535705904039773,0.004855097223245774,BICD2,ns
2330,-0.9465331919457478,0.0003456522154972901,FMO5,down
23300,-0.1386813182859914,0.2795040977785929,ATMIN,ns
23301,-0.11483441193957411,0.39981676323439547,EHBP1,ns
23303,0.4012300147439216,0.015187847587827508,KIF13B,ns
23304,-0.017164492494524453,0.9545625635638214,UBR2,ns
23305,-0.12946972697785775,0.7458520681367591,ACSL6,ns
23306,0.7011359577458913,0.0064772795379189774,NEMP1,up
23307,-0.03449054858719336,0.9215644571191027,FKBP15,ns
23308,-1.1372741044984513,0.011791036691483299,ICOSLG,down
23309,-0.5485370200836623,0.015697198047093824,SIN3B,ns
23310,0.672416255768093,0.01444505840715965,NCAPD3,up
23312,-0.6117858531175226,0.21377095071019603,DMXL2,ns
23313,0.12948427147502706,0.6090183239477089,KIAA0930,ns
23314,-0.2434934795918462,0.24199643653961525,SATB2,ns
23315,0.16777723581855852,0.6160037513645256,SLC9A8,ns
23316,-0.12438980619721018,0.6861586671496738,CUX2,ns
23317,0.3420203888426201,0.15360459135687848,DNAJC13,ns
23318,-0.09993670450738357,0.629726488593192,TUT4,ns
2332,0.10334889676287418,0.6668817368840327,FMR1,ns
23321,-0.7591781325113383,0.00041411369149545754,TRIM2,down
23322,0.12367149027302204,0.5026915441197232,RPGRIP1L,ns
23324,-0.18275033180310807,0.2865265516951541,MAN2B2,ns
23325,0.17490303151812192,0.5409574065687597,WASHC4,ns
23326,-0.04895123240171273,0.5566830331189795,USP22,ns
23327,0.2966551351752367,0.15339516000880682,NEDD4L,ns
23328,-0.5293005774393382,0.22079023218792213,SASH1,ns
23329,-0.5282205322891835,0.03693833114657227,TBC1D30,ns
23331,-0.7649911389031461,0.001093034396409264,TTC28,down
23332,-0.0878105688251356,0.3984788612302722,CLASP1,ns
23333,0.20603161269886705,0.27289959602135094,DPY19L1,ns
23334,0.022420020491795256,0.9032053549664372,SZT2,ns
23335,0.06810667531942549,0.7875720363294337,WDR7,ns
23336,-0.23445988341833424,0.4311013433219684,SYNM,ns
23338,-0.6816804304836115,0.0021060398090963334,JADE2,down
23339,0.05699359095669543,0.4576443986996413,VPS39,ns
2334,-0.9141037948337027,0.00015168943430793515,AFF2,down
23341,0.01583330020391216,0.9349238620677005,DNAJC16,ns
23344,-0.12562647340974564,0.5298383922945766,ESYT1,ns
23345,-0.7255139286697254,0.0028769903527758062,SYNE1,down
23347,0.6484271409345084,0.04452630444188157,SMCHD1,up
23348,-0.7731910307087091,0.00699361119400908,DOCK9,down
23349,-0.5451955709274996,0.14779584230530887,PHF24,ns
2335,1.652504461270758,0.01417740545576251,FN1,up
23350,0.3470117546545701,0.03302439534779472,U2SURP,ns
23351,-0.26137816663823443,0.0739623836604635,KHNYN,ns
23352,-0.08459790700811709,0.6446752253174952,UBR4,ns
23353,-0.02644051874102793,0.8670210904482861,SUN1,ns
23354,0.3179574806244094,0.19695522671344498,HAUS5,ns
23355,-0.1450522697891241,0.35336021555218183,VPS8,ns
23357,-0.31464550695164206,0.012867490707723533,ANGEL1,ns
23358,0.07589209551971976,0.7715585581775642,USP24,ns
23360,-0.2539553481355483,0.005912673380442626,FNBP4,ns
23361,-0.62847933766475,0.0009904506040573546,ZNF629,down
23362,-0.46612769597347903,0.004856804805424467,PSD3,ns
23363,-0.2963647509224643,0.12529650743699047,OBSL1,ns
23365,-0.28898072145021203,0.1588006016532322,ARHGEF12,ns
23366,0.19534897397217055,0.3629794141207084,MATCAP2,ns
23367,0.3602855864108534,0.004730914803181353,LARP1,ns
23368,-0.5003767346264141,0.008186238559664917,PPP1R13B,ns
23369,-0.15778233095670835,0.4048067726391306,PUM2,ns
23370,-0.3099640111734079,0.00811782817483402,ARHGEF18,ns
23371,-0.19620259069450618,0.31717987107115125,TNS2,ns
23373,-0.5775867815629994,0.021185702697832032,CRTC1,ns
23376,0.5632185832876413,0.06924328026785731,UFL1,ns
23378,0.18815390841700452,0.09838357489546654,RRP8,ns
23379,0.18320365650504655,0.41406950606085224,ICE1,ns
23380,0.39894136305654726,0.11611080595449336,SRGAP2,ns
23381,0.3399716974877638,0.025576672178722733,SMG5,ns
23382,-0.5402523037448912,0.0003665138248551736,AHCYL2,ns
23383,-0.36923370919583043,0.026722522938795994,MAU2,ns
23384,-0.2910043025642981,0.005269048373172021,SPECC1L,ns
23385,0.1551308022780482,0.4641319987371463,NCSTN,ns
23386,-0.0033727206005842447,0.9814412024296767,NUDCD3,ns
23387,-0.24955940184873882,0.2006230982550019,SIK3,ns
23389,-0.021747527670809674,0.9289637217073173,MED13L,ns
2339,0.1501071434684711,0.372254527446225,FNTA,ns
23390,-0.11552383596493065,0.6259348521082768,ZDHHC17,ns
23392,0.2628122356669085,0.06465384374326325,ECPAS,ns
23394,-0.08823569835878331,0.6737057877150521,ADNP,ns
23395,0.7380522310780862,0.0051468611242725636,LARS2,up
23396,-0.6212858695940522,0.012054405989099449,PIP5K1C,down
23397,2.3763218187931114,6.69216790049467e-05,NCAPH,up
23398,0.1166217095205635,0.6174714252518516,PPWD1,ns
23399,-0.24997868410124724,0.1782145995129605,CTDNEP1,ns
23400,-0.08441321668931323,0.7290019250186631,ATP13A2,ns
23401,-0.42045197144768665,0.3890797578498812,FRAT2,ns
23403,0.2732430241351107,0.12106649927506363,FBXO46,ns
23404,0.4475237344364045,0.0037184349167305353,EXOSC2,ns
23405,0.040734093017587014,0.8699381907214041,DICER1,ns
23406,-0.8405036534991126,0.008638411524660963,COTL1,down
23408,-0.030975761014339298,0.8257159229907868,SIRT5,ns
23409,-0.025084239628768046,0.9284803924936986,SIRT4,ns
23410,0.0744462503390455,0.5523637071063697,SIRT3,ns
23411,-0.37118709297405594,0.0936443756178879,SIRT1,ns
23412,0.8034791322269079,0.0012086873333155292,COMMD3,up
23413,-0.166025294409768,0.3647480837873363,NCS1,ns
23416,-0.6834054773919886,0.09567149935408949,KCNH3,ns
23417,0.02028512344686817,0.9269750554534573,MLYCD,ns
2342,-0.34474057935795166,0.30943590936980847,FNTB,ns
23420,1.1669096993747878,0.0019999945074521326,NOMO1,up
23421,0.6822477603056276,0.022520099141049556,ITGB3BP,up
23423,0.45306310828324037,0.09626429580879896,TMED3,ns
23424,0.7553885952147841,0.025146183650714474,TDRD7,up
23426,-0.4825627289676149,0.012367039279776578,GRIP1,ns
23428,-0.730096260085177,0.06560793744531673,SLC7A8,ns
23429,-0.0741192430740476,0.6692140740925747,RYBP,ns
23431,0.13991364506054182,0.45725242809228506,AP4E1,ns
23432,0.11542002289213649,0.4535493420326643,GPR161,ns
23433,-0.0313443387855834,0.8704335989419816,RHOQ,ns
23435,0.8154174081532037,0.00034676441309499566,TARDBP,up
23438,0.20124690047928873,0.1924174176060567,HARS2,ns
23443,0.079794126978598,0.6681129689713793,SLC35A3,ns
23446,1.247240859314159,0.0016098110867285324,SLC44A1,up
23450,0.5088425458966377,0.020011475712486956,SF3B3,ns
23451,-0.09148693181123946,0.6339389073527335,SF3B1,ns
23456,0.19912035109731363,0.23347913132202558,ABCB10,ns
23457,1.7779346131359848,0.0009518499150346789,ABCB9,up
23460,-0.1964933208749935,0.19712949926247766,ABCA6,ns
23461,-0.21433536748327686,0.2965014182989568,ABCA5,ns
23462,-0.7210585497656705,0.002303390960704777,HEY1,down
23463,0.34797428551312315,0.056167695570153275,ICMT,ns
23464,0.5192914358919927,0.007264755789076582,GCAT,ns
23466,0.1766476992894841,0.2241362725207606,CBX6,ns
23467,-1.2824510130515963,0.0004525540841264201,NPTXR,down
23468,0.8146043198256905,0.007426802819829897,CBX5,up
23469,-0.22968678470798842,0.18607696699965592,PHF3,ns
23471,0.6714513092061498,0.011290221041231088,TRAM1,up
23473,0.040245925067685206,0.7266714009629814,CAPN7,ns
23474,-0.3797192243011178,0.024798116156424316,ETHE1,ns
23475,0.4484561638803557,0.048076258836551256,QPRT,ns
23476,-0.3632548905110635,0.15351643392387848,BRD4,ns
23478,-0.09181648763226846,0.6611208627396417,SEC11A,ns
23479,0.04081971822646402,0.737756333362079,ISCU,ns
23480,1.3034140343094744,0.0015234368557425538,SEC61G,up
23481,0.6299053999819311,0.0005548900855614597,PES1,up
23483,0.4999528622265519,0.01428668763562996,TGDS,ns
23484,-0.22219181151719347,0.3932826360512004,LEPROTL1,ns
23491,-0.08165424106605101,0.7567253849307066,CES3,ns
23492,-0.9694982750216923,0.00016260020011628712,CBX7,down
23493,-0.23965448781002419,0.09553568354727547,HEY2,ns
23495,1.7770348822253546,0.0023744820281967048,TNFRSF13B,up
23498,-0.4494822806854737,0.05692402008537331,HAAO,ns
23499,-0.6534709722707479,0.005727796508159542,MACF1,down
2350,-0.9237969458095137,0.00560312076519959,FOLR2,down
23500,0.2766183152766768,0.7152303940192071,DAAM2,ns
23503,0.6770124811545095,0.0007732492749635899,ZFYVE26,up
23505,0.17845025160714556,0.29014773307040764,TMEM131,ns
23506,-0.7214832995386402,0.00015586611235551156,BICRAL,down
23507,0.1551160990316527,0.44697051998690523,LRRC8B,ns
23508,-1.123616566350396,0.000289509586805398,TTC9,down
23509,-0.0686924489745433,0.6705990494879381,POFUT1,ns
23510,-0.14359780610138628,0.24096273560693082,KCTD2,ns
23511,0.5043123820477984,0.013176077675136516,NUP188,ns
23512,0.26235604959808256,0.11207518615646041,SUZ12,ns
23513,0.028562908649091057,0.8536083870245953,SCRIB,ns
23514,-0.2619985200405637,0.17891802894872125,SPIDR,ns
23515,-0.20911092181011703,0.3225830639597627,MORC3,ns
23516,1.1859981059092615,0.0016457449730343553,SLC39A14,up
23517,0.5800685287962963,0.04546140175868238,MTREX,up
23518,0.17649749484301402,0.3622709877858188,R3HDM1,ns
2352,-0.9754059652044269,0.3106646621649585,FOLR3,ns
23521,-0.7560093669243866,0.0005388211164547429,RPL13A,down
23522,-0.6113283518688899,0.006428965891581993,KAT6B,down
23523,-0.37865559231213197,0.033998055408153635,CABIN1,ns
23524,-0.5360349236031023,0.02325806818869928,SRRM2,ns
23526,-0.3263912217233411,0.08411647648097598,ARHGAP45,ns
23527,-0.2160387550202003,0.344451326994942,ACAP2,ns
23528,-0.2974729202807289,0.21766810707518228,ZNF281,ns
23529,-1.22019925081824,9.885544637382457e-05,CLCF1,down
2353,-1.0069098189774053,0.11539892859812327,FOS,ns
23530,0.34792602399521044,0.093315936607496,NNT,ns
23531,-1.157981907556879,0.003826966525852402,MMD,down
23533,-0.3026732533031513,0.21018013227071042,PIK3R5,ns
23534,0.3755496269709333,0.009990208714662017,TNPO3,ns
23536,0.08429028020935014,0.3509391149919998,ADAT1,ns
2354,-0.6057182125963987,0.5594903781376055,FOSB,ns
23541,-0.5431778879960616,0.014303260670205679,SEC14L2,ns
23542,-0.005864053597859353,0.9715452145126562,MAPK8IP2,ns
23543,-0.2522316685648107,0.2936011563379657,RBFOX2,ns
23544,-2.1001564521527465,6.424167887620369e-08,SEZ6L,down
23545,0.13980680038923055,0.2264207358143283,ATP6V0A2,ns
23547,-0.5626445098971358,0.22582200598480046,LILRA4,ns
23548,0.16441860344699943,0.4449771984269677,TTC33,ns
23549,0.31148842488074635,0.023059473069091865,DNPEP,ns
2355,-1.2161488425673443,0.01771696590630905,FOSL2,down
23550,-0.19446144767713136,0.30552286969339804,PSD4,ns
23552,-0.4869633527615891,0.00013988384545193696,CDK20,ns
23555,-0.1896949732665032,0.44166422498573216,TSPAN15,ns
23556,0.39439954833616575,0.11585398708047219,PIGN,ns
23557,0.2362932204535717,0.11867373067423315,SNAPIN,ns
23558,-0.45225827499769444,0.1713754797362747,WBP2,ns
23559,-0.20340193606883616,0.45693927309455795,WBP1,ns
2356,0.009570748394860829,0.973125770815174,FPGS,ns
23560,0.6510471166333236,0.014043001597349466,GTPBP4,up
23564,0.20086782124559122,0.375185828008675,DDAH2,ns
23567,0.07568323404875787,0.3476830421123167,ZNF346,ns
23568,-0.5038236011536998,8.997451846621175e-05,ARL2BP,ns
23569,-0.21961546130540377,0.6787056433118853,PADI4,ns
2357,-0.5896875972324924,0.39407357759407713,FPR1,ns
2358,0.2321185962455221,0.7757192363401314,FPR2,ns
23580,-0.6543039567387066,0.059289708851545934,CDC42EP4,ns
23582,-0.23670973180463406,0.13167538381749858,CCNDBP1,ns
23583,0.23653898309035615,0.12679248412406796,SMUG1,ns
23584,-1.422532677095977,0.00039375748893479267,VSIG2,down
23585,-0.14819026935816382,0.321078910072201,TMEM50A,ns
23586,0.7730017295119289,0.1499590461896652,RIGI,ns
23587,-0.031008453441991435,0.8491727415860301,ELP5,ns
23588,-0.017456013625951172,0.9099736072344137,KLHDC2,ns
23589,0.0761717564181783,0.6757919111248591,CARHSP1,ns
2359,0.7153959501713292,0.12016921778509664,FPR3,ns
23590,0.5615209051060752,5.420137334318328e-05,PDSS1,ns
23592,-0.1687684548734385,0.239498492580104,LEMD3,ns
23593,-0.10064459459061226,0.5960815138114709,HEBP2,ns
23594,1.3440180193911448,0.00020509376712385312,ORC6,up
23595,0.4328186752031531,0.024863132064257623,ORC3,ns
23596,-0.5211140184235532,0.0028769903527758062,OPN3,ns
23597,0.22622505965337503,0.25284814186586657,ACOT9,ns
23598,-0.5669506553232395,0.000127047461887024,PATZ1,ns
23600,-0.13307473575422257,0.44931105754923817,AMACR,ns
23601,1.0635357127664848,0.02490262851168537,CLEC5A,up
23603,0.04024933123130481,0.8897842337167081,CORO1C,ns
23604,-1.1191535407079618,0.05503521186568368,DAPK2,ns
23607,0.6927861674910538,0.010221883059473342,CD2AP,up
23608,-0.47997583921046605,0.024976097016483685,MKRN1,ns
23609,0.07035116097190475,0.5751761539621353,MKRN2,ns
23612,0.7383558367180534,0.0008015073690807312,PHLDA3,up
23613,0.10232239406428612,0.46292967831788445,ZMYND8,ns
23616,-0.490951548816394,0.031014220343854777,SH3BP1,ns
23621,-0.8220584172703198,0.008928436264289925,BACE1,down
23623,-0.015353304323356909,0.9414106902363033,RUSC1,ns
23625,-0.41931821594559615,0.11300251941960139,FAM89B,ns
23630,0.0017100388914945697,0.9926910075283668,KCNE5,ns
23632,0.01542407753813091,0.9280672186418093,CA14,ns
23633,-0.008918656427931992,0.920839937976096,KPNA6,ns
23635,-0.7496787809642651,0.0001301898231801697,SSBP2,down
23636,0.344391541416293,0.08345274198378622,NUP62,ns
23637,0.05853784230979642,0.7875720363294337,RABGAP1,ns
23639,-0.4441071900594533,0.24936943899109423,DNAAF11,ns
23640,0.4649542322780267,0.02328048488108607,HSPBP1,ns
23641,-1.215633371474138,0.0007042713305620877,LDOC1,down
23643,0.12891427374218623,0.7757192363401314,LY96,ns
23644,0.35851165088982384,0.00991695356245995,EDC4,ns
23645,-0.8900808369138868,0.22838013565662144,PPP1R15A,ns
23646,0.06171803737341364,0.8457548624737733,PLD3,ns
23647,0.3353562795467795,0.04919925083866564,ARFIP2,ns
23648,-0.4750853548434524,0.02155798514275187,SSBP3,ns
23649,0.7511750140663924,0.0008210824939976928,POLA2,up
23654,-0.759660710540615,0.1069209476902192,PLXNB2,ns
23657,1.0522607126577554,0.0003088313130591058,SLC7A11,up
23658,0.4654761070588096,0.07074956816795527,LSM5,ns
23659,0.23317104235719732,0.22220337872897952,PLA2G15,ns
23660,0.285236223313003,0.006889351324573497,ZKSCAN5,ns
23670,-0.028391835826191425,0.9385886713524348,CEMIP2,ns
23673,0.06588360909858793,0.7751444389980259,STX12,ns
23677,-0.5532554682861859,0.0143292190355415,SH3BP4,ns
23678,-0.09082699438942221,0.8041260272396921,SGK3,ns
23682,0.48313713199537656,0.010739836229642167,RAB38,ns
23683,-0.07716059385463048,0.6230102104927345,PRKD3,ns
23705,0.994157600075356,0.02750036856504316,CADM1,up
23708,0.1122823140896747,0.699986598378777,GSPT2,ns
23710,-1.088023999791444,0.030127476097708147,GABARAPL1,down
23729,0.21461536199236253,0.16277159731187452,SHPK,ns
23731,-0.21006316875758557,0.3446516914607152,TMEM245,ns
23732,0.12343998343053553,0.5794563116949566,FRRS1L,ns
23741,-0.15120542156066463,0.34204261974469496,EID1,ns
23743,-0.10213680695323912,0.6843865224463305,BHMT2,ns
23753,1.7145457218351003,0.0005176654301614072,SDF2L1,up
23759,0.19751160578969795,0.23597771396366518,PPIL2,ns
23760,0.3862691029797922,0.0015625140449359318,PITPNB,ns
23761,-0.23625735165334305,0.5459636723322611,PISD,ns
23762,-0.8029836075227745,0.04012497786619161,OSBP2,down
23764,-0.3242108951185818,0.7194116918944012,MAFF,ns
23765,-0.21652477061877384,0.6031031312756783,IL17RA,ns
23770,-0.09553129838556096,0.8230514677566648,FKBP8,ns
23774,-0.2858555311576687,0.05648979019509145,BRD1,ns
23779,0.17263030265748291,0.5020964418973092,ARHGAP8,ns
23780,0.7116654729136407,0.04177551443961568,APOL2,up
23786,0.06059086304456507,0.7299401451864703,BCL2L13,ns
23787,-0.3112328070750561,0.037802556069283004,MTCH1,ns
23788,0.5775662993270725,0.0027487228446375577,MTCH2,ns
239,-0.8789484264533503,0.07127983517323708,ALOX12,ns
2395,0.0179079497282153,0.9221781629924395,FXN,ns
240,-0.5016655887722958,0.3001731196019029,ALOX5,ns
241,-0.36049316232239015,0.47236626939074305,ALOX5AP,ns
24137,2.4807255791939076,4.700197190681537e-05,KIF4A,up
24138,0.7988804482871625,0.08703565102416877,IFIT5,ns
24139,0.1537850549658053,0.2195646651837366,EML2,ns
24140,0.7170758914144564,0.004411535719005858,FTSJ1,up
24141,0.14355195905055762,0.6364172113450016,LAMP5,ns
24142,-0.4420589571197251,0.1590048551683118,NAA80,ns
24144,0.406761035297583,0.02782040970802237,TFIP11,ns
24145,0.10424110568053457,0.5467946706001153,PANX1,ns
24146,-0.37133453671806915,0.17125351255546073,CLDN15,ns
24148,0.09933681953684115,0.38581157660888743,PRPF6,ns
24149,-0.9295158530556247,2.4643204638684142e-05,ZNF318,down
245812,-0.08655701904590529,0.6502149348351881,CNPY4,ns
245973,0.2366928591595201,0.23519751363881441,ATP6V1C2,ns
246,-0.8788405343740759,0.08096324284826845,ALOX15,ns
246175,-0.35435877650678194,0.12633015338749615,CNOT6L,ns
246181,0.04903669238919317,0.819249035128107,AKR7L,ns
246184,0.2828876018064719,0.03642949979207145,CDC26,ns
246243,0.06476417758485198,0.7255393977961795,RNASEH1,ns
246269,0.1874499624985182,0.13509636365324376,AFG1L,ns
246329,0.4507398166047327,0.20327107001647665,STAC3,ns
246330,-0.8518951637400471,0.006978362529155049,PELI3,down
246721,-0.6643892312143329,0.16804714983057797,POLR2J2,ns
246777,0.49094670267886276,0.028552756363881233,SPESP1,ns
246778,0.8994243788382903,0.007883439058185816,IL27,up
247,0.24395316604752537,0.5541855955127357,ALOX15B,ns
2475,0.161074001922195,0.2559574654535694,MTOR,ns
2483,0.17044510198795138,0.19508721461959858,FRG1,ns
249,-2.6525913474375837,0.047563800696599885,ALPL,down
2491,1.3234790624739512,0.00023078590449693222,CENPI,up
2495,-0.9552195738847828,0.012780978793706377,FTH1,down
25,-0.06707388154889493,0.5640805041157441,ABL1,ns
2512,-0.14125191242504798,0.6798927216848708,FTL,ns
2517,0.03764709938075583,0.896969387416589,FUCA1,ns
2519,0.4657028365763267,0.02044772004686343,FUCA2,ns
2521,0.3105644748761911,0.004383910237906988,FUS,ns
2524,-0.04302195405295706,0.8488957304314417,FUT2,ns
2526,-0.4181918004529077,0.2514953854573867,FUT4,ns
252839,0.021741092475507706,0.9195211302833258,TMEM9,ns
252884,0.3810541602451325,0.061519466958406176,ZNF396,ns
2529,0.16776538567061472,0.692070611020571,FUT7,ns
252969,0.004280296873171885,0.9828518066252514,NEIL2,ns
252983,-0.10764090147267069,0.6033737788652129,STXBP4,ns
2530,0.8541309152160981,0.002993459069544319,FUT8,up
253012,0.5091853059610831,0.019133727478677653,HEPACAM2,ns
2531,-0.30995384279608906,0.1527941954263517,KDSR,ns
253143,-0.19403561848521989,0.3017314891524392,PRR14L,ns
253152,-0.46185785655003286,0.010462687797703957,EPHX4,ns
253190,0.055895482952618813,0.7695232499376288,SERHL2,ns
253260,-0.312618961877396,0.39719410547122824,RICTOR,ns
2533,-0.18414207269258398,0.5928639436241671,FYB1,ns
2534,-0.768235699215122,0.0027751397197891825,FYN,down
253430,-0.22175101314135226,0.4245135393840909,IPMK,ns
253461,0.18061195619779724,0.5703823047066419,ZBTB38,ns
2535,0.1468877366316459,0.757537583961527,FZD2,ns
253512,-0.37574455788875394,0.03589346174693166,SLC25A30,ns
253558,0.14042855510972618,0.5680415305871724,LCLAT1,ns
253559,-0.42817020634246994,0.09042212251722692,CADM2,ns
253635,-0.11583340895013094,0.5794154899740523,GPATCH11,ns
253639,0.3171410515111788,0.03262573395083438,ZNF620,ns
253650,0.06468895748056624,0.8094915014662851,ANKRD18A,ns
2537,2.580650124542114,0.00021807816682578685,IFI6,up
253714,0.7845289047513635,0.0026111048821300313,MMS22L,up
253725,-0.29202178798131406,0.1981096143584224,WASHC2C,ns
253769,-0.1703170866521253,0.36047355944725323,WDR27,ns
253782,0.21242721240128937,0.16614700789757142,CERS6,ns
253827,-0.2634128589751361,0.3263219735375303,MSRB3,ns
253832,-0.12303805406308932,0.561891024957832,ZDHHC20,ns
2539,-0.19915053009351702,0.5658480541745187,G6PD,ns
253943,-0.24298436415842417,0.31902688485338365,YTHDF3,ns
253959,-0.11348557455036001,0.5193536245293031,RALGAPA1,ns
253980,-0.30605556665950395,0.2574133675801718,KCTD13,ns
254013,0.11382104036964069,0.5699425859632754,ETFBKMT,ns
254042,0.23959534149586936,0.21197165359183198,METAP1D,ns
254048,-0.30344079050678374,0.006781748516328659,UBN2,ns
254050,-0.655798708039967,0.0008853982288818139,LRRC43,down
254065,-0.30542478661787875,0.14557994600067925,BRWD3,ns
254102,-0.28783513044847275,0.2613413791192574,EHBP1L1,ns
254122,-0.035188036992002125,0.8810451462697734,SNX32,ns
254170,-0.3566855236793547,0.36903639038194996,FBXO33,ns
2542,0.37876209833889796,0.01802826793194152,SLC37A4,ns
254225,-0.3973612752640179,0.06861614498554529,RNF169,ns
254228,0.439733560240116,0.08901429785700474,CALHM5,ns
254251,0.2967795568839291,0.09551683436828942,LCORL,ns
254263,0.0529129861739408,0.8672788023863472,CNIH2,ns
254295,1.0002163799549706,0.000960159166638227,PHYHD1,up
254359,-0.0691343022454145,0.6610914955824302,ZDHHC24,ns
254394,-0.1618314677147854,0.14390999498429233,MCM9,ns
254427,-0.5687901875342343,0.07826825401615534,PROSER2,ns
254428,0.1256468093600649,0.561891024957832,SLC41A1,ns
254531,0.4666371635823001,0.05325755512431174,LPCAT4,ns
254552,-0.09206164235390446,0.6043298591027179,NUDT8,ns
2547,0.35192885280882535,0.02629650607156099,XRCC6,ns
254778,-0.264434360668246,0.11300251941960139,VXN,ns
2548,-0.21603928990265686,0.6032074748490417,GAA,ns
254863,0.10557187990183081,0.7103316699391774,TMEM256,ns
254887,-0.16995602623535344,0.4001343423425072,ZDHHC23,ns
2549,0.5341368411483289,0.049521070283222474,GAB1,ns
2550,-0.9936792792960798,0.026141624863303622,GABBR1,down
255027,0.07242384198991214,0.6270632533448821,MPV17L,ns
255043,-0.4613299572813805,0.15437590285222416,TMEM86B,ns
2551,0.1902804957634423,0.41183770321142116,GABPA,ns
255104,0.2529439760264651,0.022768105122700524,TMCO4,ns
255231,0.3187991873747986,0.2795075743228595,MCOLN2,ns
255239,0.051122994143351086,0.7930136090354328,ANKK1,ns
255252,-0.08012639291215962,0.6309514657721539,LRRC57,ns
2553,0.21682020158800341,0.058049553169062344,GABPB1,ns
255374,0.19276554348438069,0.1440054270844638,MBLAC1,ns
255394,-0.9924518335464914,0.003981540959071744,TCP11L2,down
255403,-0.08428497179651817,0.8455080300957647,ZNF718,ns
255488,-0.653925329123501,0.1391757869355997,RNF144B,ns
255520,0.5165776064896743,0.014462805814078238,ELMOD2,ns
255631,0.5825590063339563,0.0005746043937592663,COL24A1,up
255758,0.24406501252190438,0.0997719527586002,DYNLT2B,ns
255783,-0.1020590298647539,0.783308302916308,INAFM1,ns
255809,-0.48421065074619385,0.17310871981824735,C19ORF38,ns
255919,-0.0677375609584967,0.7458520681367591,CNEP1R1,ns
255967,-0.33052918736426484,0.04204330761642494,PAN3,ns
256006,-0.27347906813364453,0.1542345271169507,ANKRD31,ns
256051,-0.4577110793537944,0.03927186390006553,ZNF549,ns
256126,0.6296784828963169,0.004535944837468763,SYCE2,up
256227,0.2423055417853739,0.2805872712051844,STEAP1B,ns
256281,-0.08745047118773819,0.6592491626033852,NUDT14,ns
256302,-0.7861523325392916,0.06927544332934032,NATD1,ns
256309,0.38180588473091337,0.060730372368059095,CCDC110,ns
256329,-0.02601996901938719,0.896580442482642,LMNTD2,ns
256356,-0.24741448702878088,0.3722395814958167,GK5,ns
256364,-0.3058519667476691,0.06231020798494694,EML3,ns
256380,-0.46456002793062545,0.03054403016426553,SCML4,ns
256435,-0.23193746471747634,0.3216855383997681,ST6GALNAC3,ns
256471,0.19101418403768022,0.200619741933522,MFSD8,ns
256586,-0.24400726702632447,0.4655902448603696,LYSMD2,ns
256643,-0.08276656155235074,0.6281779298733943,BCLAF3,ns
256691,0.02555203639565562,0.9352663509326128,MAMDC2,ns
256714,-0.1828496750293267,0.4701355067903069,MAP7D2,ns
256949,-0.7160759215746699,0.0005837516426451592,KANK3,down
256957,-0.23848108897975084,0.1984522213861932,HEATR9,ns
256987,-0.4966639823352157,0.0393217983573096,SERINC5,ns
257,-0.08691195921979222,0.433485904382292,ALX3,ns
2570,0.9529173900034991,0.015726973633774507,GABRR2,up
257019,0.5203249538670507,0.28831156302258854,FRMD3,ns
257044,-0.1362367163110827,0.41099763986273047,CATSPERE,ns
257068,-0.4970099207262919,0.008619121657357636,PLCXD2,ns
257101,-1.2760573561344986,0.009000009101780452,ZNF683,down
257106,-0.2595585513566778,0.0870093047823888,ARHGAP30,ns
257144,-0.7382051963469358,0.016656097014498602,GCSAM,down
257160,-0.29537144926066006,0.038407942288983615,RNF214,ns
257169,0.24591352136421918,0.11390070954775997,C9ORF43,ns
257194,-0.511267031706665,0.01431806419692587,NEGR1,ns
257218,-0.163617156340516,0.3711557783640704,SHPRH,ns
257236,-0.266753011487884,0.1806654237924849,CFAP184,ns
257240,-0.1695872190590917,0.3033132838353684,KLHL34,ns
257313,0.008298735071627483,0.9706418966670515,UTS2B,ns
257364,-0.6177009383747354,0.018311540969563653,SNX33,down
257397,-0.1041735398113417,0.5083441881646409,TAB3,ns
257415,0.22366346024801942,0.18844727681383613,FAM133B,ns
25759,-0.20204971646585435,0.396031408394545,SHC2,ns
25764,0.8151184760596486,3.5549545039411276e-05,HYPK,up
25766,-0.12173363591197628,0.5096765025712094,PRPF40B,ns
25771,-0.5388565568808232,0.00047702968560523547,TBC1D22A,ns
25776,0.032699595311368235,0.8880564072282149,CBY1,ns
25777,-1.0310054537182811,1.5466475142663618e-05,SUN2,down
25778,-0.505693939634762,0.0005638082565578932,DSTYK,ns
25780,0.7981171997221264,0.0075421167451888245,RASGRP3,up
25782,0.19335963768587128,0.3129175834658069,RAB3GAP2,ns
25788,0.8532820287591232,0.006545258077054356,RAD54B,up
25790,-0.4154101377017856,0.31965843736493516,CFAP45,ns
25792,-0.37854856788400504,0.09822374828755677,CIZ1,ns
25793,0.08390091373775022,0.5893432655158137,FBXO7,ns
25794,-0.06492424773277428,0.784984353871315,FSCN2,ns
25796,-0.8957019426098789,0.0023451234852115603,PGLS,down
25797,-0.11222202809282855,0.8600721221839178,QPCT,ns
25798,-0.4204563808691315,0.3431328578065195,BRI3,ns
25799,-0.0014312611845186396,0.9936751388007308,ZNF324,ns
2580,0.054090269741470465,0.7474367625264242,GAK,ns
25800,-0.08440392407719699,0.5233586977863512,SLC39A6,ns
25801,-0.31284282210670966,0.5885044745661447,GCA,ns
258010,-0.2543965581388683,0.20019267710265193,SVIP,ns
25804,-0.04977446414544673,0.784984353871315,LSM4,ns
25805,0.19009925691010388,0.4990092815953194,BAMBI,ns
25807,1.0479309266213344,3.490240435663177e-05,RHBDD3,up
25809,-0.3572958130751074,0.014406445733023009,TTLL1,ns
2581,-0.42902140093447905,0.04316794438440569,GALC,ns
25813,0.3303059074211241,0.05532382198948939,SAMM50,ns
25814,-0.0016826197479957727,0.9924267254864536,ATXN10,ns
25816,-0.09023469259968486,0.773616309468899,TNFAIP8,ns
25817,0.45181040834116937,0.01643486265725137,TAFA5,ns
25819,-0.40181848930879216,0.29536082332602404,NOCT,ns
2582,0.5829759510327008,0.00016632186373450152,GALE,up
25820,0.08952563852309225,0.5333733222725965,ARIH1,ns
25821,0.5412001128797534,0.010602032018624828,MTO1,ns
25822,0.21755738938969849,0.37596533149385314,DNAJB5,ns
25824,0.588137141899221,0.0028254545018649223,PRDX5,up
25825,-0.1316119525400712,0.680523802455822,BACE2,ns
25827,0.3247176672585086,0.10913067255534702,FBXL2,ns
25828,0.15679928161942414,0.34208178008315815,TXN2,ns
25829,0.7872457713234056,0.007211045376613137,TMEM184B,up
25831,0.09229157849549452,0.6017909097038585,HECTD1,ns
25832,-0.5862302014779033,0.06489793271868348,NBPF14,ns
25836,-0.10917979272487166,0.5669380483012549,NIPBL,ns
25839,0.247688175117192,0.01627092775244754,COG4,ns
2584,0.3320176365719334,0.08394717716944415,GALK1,ns
25840,0.6422399541137391,0.027991460935093762,TMT1A,up
25841,1.6616670470359756,3.293533411816377e-06,ABTB2,up
25842,0.4143350648741517,0.16562020466656974,ASF1A,ns
25843,0.11001641619254876,0.5776243257393399,MOB4,ns
25844,0.08056572631959114,0.7924807464513305,YIPF3,ns
25847,0.10029866671597887,0.39636407139309404,ANAPC13,ns
25849,1.1774948184923124,0.04724863343161572,PARM1,up
2585,0.8546086932075934,0.00024709344953361355,GALK2,up
25850,-0.40108521531301555,0.055671788998323556,ZNF345,ns
25851,-0.22112659014405445,0.04727388245301876,TECPR1,ns
25852,0.14539137359477294,0.27051225715883176,ARMC8,ns
25853,0.46917317981650974,0.04733363425090483,DCAF12,ns
25854,0.435691370149887,0.057425484208790754,FAM149A,ns
25855,0.11585616447026048,0.3681873622599202,BRMS1,ns
25861,-0.35896196509690537,0.3033474339620029,WHRN,ns
25862,-0.23416949454496994,0.1536605462246502,USP49,ns
25864,0.01984196806068894,0.946312923423843,ABHD14A,ns
25865,0.27204070836977046,0.3121311243154131,PRKD2,ns
25870,0.19784091209876564,0.20801747939216703,SUMF2,ns
25871,-0.061461894408299855,0.7605303198783517,RMP64,ns
25873,-0.2784410350230786,0.19731020377030958,RPL36,ns
25874,0.1062740544276668,0.636174344762268,MPC2,ns
25875,-0.35976143913381087,0.0012007316250535062,LETMD1,ns
25879,0.7789924516615772,0.0037409636410367314,DCAF13,up
2588,-0.15404621820652764,0.6135516140116812,GALNS,ns
25880,0.3161867493726431,0.1373568799330891,TMEM186,ns
25885,0.4499068428172883,0.027672447278705135,POLR1A,ns
25886,1.4663235950710911,0.0001750899244365372,POC1A,up
25888,-0.23102658033495072,0.03372084942094209,ZNF473,ns
2589,0.03414497108711956,0.8532062863382845,GALNT1,ns
25893,-1.318984439222989,0.03298878500977756,TRIM58,down
25894,-0.572495537827824,0.004143655622105932,PLEKHG4,ns
25895,-0.12452335266492387,0.6409932385894301,EEF1AKMT3,ns
25896,1.1028045536823887,8.661630812431895e-05,INTS7,up
25897,0.09470231330837464,0.594320469450761,RNF19A,ns
25898,-0.08595334740905614,0.6472704750430807,RCHY1,ns
2590,0.7915226507124178,0.0015942535301108982,GALNT2,up
25900,-0.288283528179921,0.2795040977785929,IFFO1,ns
25901,0.28000577294855944,0.06984079795296796,CCDC28A,ns
25902,1.405149356365131,0.0003567467549230802,MTHFD1L,up
25903,0.28199652556552657,0.5206512587312071,OLFML2B,ns
25904,0.0832827126091562,0.457889933843703,CNOT10,ns
25906,0.10482379643739748,0.6032074748490417,ANAPC15,ns
25907,-0.8262661326984739,0.053732195400462396,TMEM158,ns
25909,-0.07974733162959957,0.7300081868613635,AHCTF1,ns
2591,0.3232203270843632,0.20269176871636554,GALNT3,ns
25911,0.23823008926940226,0.07734983861745134,DPCD,ns
25912,0.3989472548557256,0.0007404310325846339,LTAP1,ns
25913,0.3600569892639047,0.09684219287087595,POT1,ns
25914,0.11602690992083886,0.484263350820299,RTTN,ns
25915,0.3725750452677108,0.05715611440590372,NDUFAF3,ns
25917,0.6108376867197318,0.004163652357377541,THUMPD3,up
259173,-0.8123221982495155,0.006486533976394428,ALS2CL,down
259197,-1.3390850381817936,0.000320955639388763,NCR3,down
2592,-0.1825675100497275,0.18102910664797378,GALT,ns
25920,-0.09000970862386204,0.425004690783975,NELFB,ns
25921,0.22019637252153856,0.02724285014785741,ZDHHC5,ns
259215,-0.8895029663335485,0.049280642808441494,LY6G6F,down
259217,0.1826817945163972,0.46893454847517224,HSPA12A,ns
25923,-0.03502808516120837,0.8901088446118737,ATL3,ns
259230,0.23914107380544003,0.1155985475799069,SGMS1,ns
259236,-0.7690094240584786,0.0005807923397983708,TMIE,down
25925,-0.5997819044432546,0.003293470125513074,ZNF521,down
25926,0.7156772053181477,0.023709464290884753,NOL11,up
259266,2.8207612255054784,2.6102005816507474e-05,ASPM,up
25927,-0.7481521728300802,3.5549545039411276e-05,CNRIP1,down
259282,-0.3260853765112586,0.14595861427928436,BOD1L1,ns
259283,-0.4620251781139535,0.028096860829928245,MDS2,ns
25929,0.5182166058197053,0.13692333416677877,GEMIN5,ns
2593,-0.5940970760193327,0.003167164208970381,GAMT,down
25930,-0.07703166162337993,0.727932638201327,PTPN23,ns
259307,0.7567762190409901,0.06679207875286423,IL4I1,ns
25932,0.8459108721177397,0.0014923125672534937,CLIC4,up
25934,0.2311456148664952,0.2688265164101506,NIPSNAP3A,ns
25936,0.15807808263702228,0.14875437097838304,NSL1,ns
25937,-0.2022111500629764,0.2461354952181787,WWTR1,ns
25938,-0.15554383563123242,0.39475176091203973,HEATR5A,ns
25939,-0.13740976610690758,0.684743450431394,SAMHD1,ns
25940,1.635503782838681,8.193145140594978e-05,TSLIG3A,up
25941,0.30089402714339997,0.07740384123710167,TPGS2,ns
25942,-0.34562953087815984,0.03358766560374169,SIN3A,ns
25943,-0.7603531061837652,0.003184118759011069,DNAAF9,down
25945,-0.41695136530398447,0.14440980204447007,NECTIN3,ns
25946,-1.2816012231220792,0.018952138018506627,ZNF385A,down
25948,-0.15246316504855706,0.5048031966540717,KBTBD2,ns
25949,-0.27227429390638846,0.05777420313004806,SYF2,ns
2595,0.035936988577367046,0.7554687583129817,GANC,ns
25950,0.08928691357594243,0.5803259663746252,RWDD3,ns
25953,-0.2638758749725927,0.46695940810787323,PNKD,ns
25956,-0.1078024039350467,0.7739321865511309,SEC31B,ns
25957,-0.4067046398629124,0.03266496400605312,PNISR,ns
25959,0.4343945781129799,0.04850779470618289,KANK2,ns
25960,-0.4406092322656976,0.18684454978027334,ADGRA2,ns
25961,-0.29099823600566044,0.05882568684380371,NUDT13,ns
25962,0.16207946049438426,0.3653882783275695,VIRMA,ns
25963,0.1596278170882517,0.4129335832890263,TMEM87A,ns
25966,0.010857649186398532,0.9347752207973852,C2CD2,ns
2597,0.6928231637566462,0.01262440601489948,GAPDH,up
25970,-0.631148239516051,0.002137461149151413,SH2B1,down
25972,0.29910867961715404,0.11385688939785293,UNC50,ns
25973,0.47566475460692637,0.1329848483919563,PARS2,ns
25974,1.1451433636773984,0.0002964419559809155,MMACHC,up
25976,-0.13731326043761527,0.6562534421503632,TIPARP,ns
25977,0.18903371915493494,0.32537130980895246,NECAP1,ns
25978,0.06057067316178255,0.7725418012495325,CHMP2B,ns
25979,0.3280336485036912,0.07119887259475091,DHRS7B,ns
25980,0.1267938121723109,0.26778167038842116,AAR2,ns
25981,-0.6566753112171515,0.008106795396506623,DNAH1,down
25983,0.16880464241028115,0.39659111765763483,NGDN,ns
25984,-1.420819532182258,0.09368468481812592,KRT23,ns
25988,0.2756970109474235,0.037280305715612215,HINFP,ns
25989,-0.45077270805031766,0.038996181699986074,ULK3,ns
25992,-1.0900664979799677,0.0001016775634690783,SNED1,down
25994,0.4856456195749175,0.0023358519018868663,HIGD1A,ns
25996,0.9729756001596614,0.0004262948985089731,REXO2,up
25998,0.7287325845154964,0.0073639639864127495,IBTK,up
25999,-0.5493847696028924,0.024715920128588604,CLIP3,ns
26,0.25269603247614203,0.7107893908698687,AOC1,ns
26000,0.14118617133450684,0.5566830331189795,TBC1D10B,ns
26001,-0.3931818441963877,0.06570274933298195,RNF167,ns
26002,0.7210546341862392,0.032034721180217905,MOXD1,up
26003,0.6790090918574379,0.013022975325748613,GORASP2,up
26005,0.11024353542279641,0.3547504443034321,C2CD3,ns
26007,0.297077380059946,0.07479399126891714,TKFC,ns
26009,-0.14748292287557696,0.3839365816980998,ZZZ3,ns
26010,1.9585157307240877,9.245185784248535e-05,SPATS2L,up
26011,-0.40794076167373916,0.23833156000855216,TENM4,ns
26012,-1.0534677643390022,0.0011233978912054327,NSMF,down
26013,-0.23262222829756585,0.16391657078947147,L3MBTL1,ns
26015,0.45661327717031774,0.01732601670580492,RPAP1,ns
26017,-0.18524756618161042,0.08638791415457894,FAM32A,ns
26018,-0.47232642024748905,0.13298052285754458,LRIG1,ns
26019,0.23851509485092492,0.0668169997125969,UPF2,ns
26020,-0.26372582544096623,0.45725242809228506,LRP10,ns
26024,0.23125451855673962,0.008424637382101068,PTCD1,ns
26027,-0.007119673247848901,0.9740051085776105,ACOT11,ns
26030,-1.733962738711961,0.00022154699108463066,PLEKHG3,down
26031,0.1084574162790517,0.5653712767393975,OSBPL3,ns
260334,0.31691972558891734,0.1488719114997837,TUBB8B,ns
26034,-0.3683799065189248,0.08879322155121841,IPCEF1,ns
26035,-0.27611865855154427,0.2908305074830761,GLCE,ns
26036,-0.047070728943474194,0.8542903175041292,ZNF451,ns
26037,-0.29056313602577966,0.24054856373151948,SIPA1L1,ns
26038,0.06392256087076031,0.6780941853984171,CHD5,ns
26039,-0.028423063553585592,0.8257621952167068,SS18L1,ns
26040,-0.036272376338763124,0.9096883900524115,SETBP1,ns
260425,0.2686916697286712,0.20272930311435836,MAGI3,ns
260429,-1.03107586613279,0.015697198047093824,PRSS33,down
26043,-0.3495625619614575,0.017402205891556697,UBXN7,ns
26046,0.33666817632630774,0.08201941287945817,LTN1,ns
26047,-1.6566000454310101,0.010589192277315857,CNTNAP2,down
26048,-0.2657481768943226,0.04553902577280078,ZNF500,ns
26049,-0.5111887443392291,0.05060420459362497,FAM169A,ns
26050,-0.27246986811529084,0.18036922364431526,SLITRK5,ns
26051,-0.1660199428199416,0.47836856286597745,PPP1R16B,ns
26052,-0.7028980542436551,0.0031309442994750577,DNM3,down
26053,-1.445800673853304,0.0009518499150346789,AUTS2,down
26054,-0.2841777025726344,0.02493942183213599,SENP6,ns
26056,-1.1930631298649894,0.0017829398533028063,RAB11FIP5,down
26057,-0.017922467469269066,0.9136415520116797,ANKRD17,ns
26058,0.364937200544734,0.15002764433748927,GIGYF2,ns
26060,-0.008760008405189978,0.9655211739227709,APPL1,ns
26061,0.15065365635059358,0.2827677938096982,HACL1,ns
26063,-0.2620906024644274,0.09144457860393962,DECR2,ns
26064,-0.3962642085177359,0.06716956857048369,RAI14,ns
26065,-0.32603798426359987,0.0014852416890774988,LSM14A,ns
26071,-0.44462766050700253,0.10153694258539964,RTL8A,ns
26073,0.35913618935332536,0.022265659701028916,POLDIP2,ns
26086,-0.27195828690615187,0.22046513168004533,GPSM1,ns
26088,-0.2572565239290814,0.22257438041038696,GGA1,ns
26090,0.2965534468696269,0.06786036997591699,ABHD12,ns
26091,0.06635117270647051,0.7866856556982506,HERC4,ns
26092,0.21416978663159014,0.2768584925951734,TOR1AIP1,ns
26093,0.2099578883238138,0.22056815811755184,CCDC9,ns
26094,0.1273403271336564,0.4480054284933349,DCAF4,ns
26095,0.092617568399751,0.6862528201854912,PTPN20,ns
26097,0.24760582813726906,0.023355675747167896,CHTOP,ns
26098,0.15504823504992693,0.4103368036038043,EDRF1,ns
26099,-0.11739175736689056,0.4438350357250602,SZRD1,ns
26100,-0.16868892709555894,0.08948970829369214,WIPI2,ns
26112,-0.3037089937137729,0.07736795373707737,CCDC69,ns
26115,-0.8961899530973998,0.000498750990066948,TANC2,down
26118,0.6254679140508905,0.0350404515987892,WSB1,up
26119,-0.38076415848909306,0.08513441399487974,LDLRAP1,ns
26121,0.1995461591170855,0.082242492496061,PRPF31,ns
26122,-0.5135726288917493,0.002214037900228006,EPC2,ns
26123,0.6203107664226497,0.010984627503436047,TCTN3,up
26127,0.5138343235497551,0.012288155936843327,FGFR1OP2,ns
26128,0.6244202599957536,0.007351428697889393,KIFBP,up
26130,0.17798906515503,0.2621476129317153,GAPVD1,ns
26133,0.0790066095945523,0.6099727479120144,TRPC4AP,ns
26135,0.6025097335985254,0.004441792525492616,SERBP1,up
26136,-0.12334939475774576,0.5302407775851715,TES,ns
26137,-0.6281538017810426,0.011746248249496282,ZBTB20,down
26140,-0.4337459097248999,0.21501389672333318,TTLL3,ns
26145,-0.42224166005591535,0.03409267492295112,IRF2BP1,ns
26146,-0.20954343415603827,0.1895934725327692,IFT54,ns
26147,0.3409967996115526,0.031445020123496766,PHF19,ns
26149,0.1530496166329245,0.5720879563639724,ZNF658,ns
2615,-0.3632955448415949,0.28316549136379643,LRRC32,ns
26151,0.19911966696655448,0.19288370041915187,NAT9,ns
26152,-0.13918913070242844,0.5349407589894053,ZNF337,ns
26153,0.34715457285063867,0.13809711590000703,KIF26A,ns
26155,0.39627576614621063,0.010822995553673814,NOC2L,ns
26156,-0.28566508615960373,0.05002851556447134,RSL1D1,ns
26157,-0.1733316578663331,0.551244719130351,GIMAP2,ns
26160,-0.062230332550823775,0.7309191823726953,IFT172,ns
26164,0.2876612979532034,0.03373864221180906,MTG2,ns
26168,0.10087802458501471,0.5102007442062843,SENP3,ns
2617,0.9836213144253723,0.0003727504558490413,GARS1,up
261726,0.5527548386660648,0.0005713704352444669,TIPRL,ns
261729,-0.033571725283265685,0.9076264579459264,STEAP2,ns
26173,-0.000737822194757598,0.9967352747380293,INTS1,ns
261734,0.0866888547081821,0.6012265423679864,NPHP4,ns
26175,0.08743760075174034,0.5474577388756565,LYSET,ns
2618,1.1528133759212853,0.0009292087842783242,GART,up
2619,-0.6017054018596824,0.005459449956684765,GAS1,down
26190,-0.0130053878475902,0.9399030632631782,FBXW2,ns
26191,0.3260737961439233,0.05593106797564435,PTPN22,ns
262,-0.2903235028578308,0.19714543517727712,AMD1,ns
2620,-0.11139605186052837,0.5230292589942989,GAS2,ns
26205,-0.21953497218482276,0.07163449969929012,GMEB2,ns
26206,-0.34598079633930556,0.026656507837430562,SPAG8,ns
26207,-1.0634310870546066,5.607795589961173e-06,PITPNC1,down
2621,2.1581148132262253,1.4916050325969114e-05,GAS6,up
2622,0.045761932590650645,0.7751444389980259,DRC4,ns
26224,-0.03571122930796733,0.9013995817349961,FBXL3,ns
26225,0.5263337499164038,0.015951086506415534,ARL5A,ns
26227,2.0587204669140124,0.0009920489566318383,PHGDH,up
26228,0.7871627476219629,0.038677239643068045,STAP1,up
26229,0.15229803331927627,0.2925371834952226,B3GAT3,ns
2623,-0.022024015992884394,0.9674600844002291,GATA1,ns
26230,-0.9438262912890849,0.01215452182719768,TIAM2,down
26231,0.081222251076146,0.6537784433014228,FBXL9P,ns
26232,-0.188168379509281,0.2599567299493214,FBXO2,ns
26233,0.31892668713883765,0.12867857192000376,FBXL6,ns
26234,-0.2263221061841083,0.5252737963726581,FBXL5,ns
26235,-0.15755319373363008,0.23129934742026664,FBXL4,ns
2624,-1.8211418830775266,0.00041425613076573857,GATA2,down
26240,0.5316023825691776,0.10424742872304747,FAM50B,ns
26249,-0.46683995274916423,0.04841484988235472,KLHL3,ns
2625,-1.05224246696109,0.003917132217561897,GATA3,down
26251,0.025553946925591653,0.9227477887980828,KCNG2,ns
26253,0.11343833043511431,0.8754595476390293,CLEC4E,ns
26256,-0.22382844945041747,0.11847880270879178,CABYR,ns
26258,0.039196110754964764,0.8192309883537201,BLOC1S6,ns
26259,-0.1382344403388167,0.34910133847364344,FBXW8,ns
26260,-0.05059295188169344,0.7282354848510435,FBXO25,ns
26261,0.015329430427978075,0.9284803924936986,FBXO24,ns
26262,-0.06474402963038273,0.6253651238201563,TSPAN17,ns
26263,0.7418172208854559,0.003137355412494361,FBXO22,up
26267,0.4931880759581171,0.05624938715393628,FBXO10,ns
26268,0.037080515837859096,0.8068655376326341,FBXO9,ns
26269,0.36381849226710106,0.04072345545566719,FBXO8,ns
2627,-0.5829947155150697,0.004056340096031077,GATA6,down
26270,0.8626273888433325,0.022945683654963876,FBXO6,up
26271,1.4999159863217244,0.00042810179578232666,FBXO5,up
26272,0.31708621051941677,0.06492727386172518,FBXO4,ns
26273,0.120761402570567,0.5623102642855132,FBXO3,ns
26275,1.4096827637580294,0.002715610324848064,HIBCH,up
26276,0.29346644995879245,0.015894164311479716,VPS33B,ns
26277,0.01802860888740554,0.8279720529295347,TINF2,ns
26278,-0.33452052541074906,0.13111325586274944,SACS,ns
26279,0.5262321677875725,0.16433383811912408,PLA2G2D,ns
2628,-0.3784648269005588,0.1877777032313777,GATM,ns
26284,0.7046930727637939,0.0005948648727225086,ERAL1,up
26286,0.512641999054992,0.01877437203472357,ARFGAP3,ns
26289,-1.2294790529928141,0.0011552670748891808,AK5,down
2629,0.6413161803917298,0.0009458503610258082,GBA1,up
26292,0.45225145136425127,0.006513081445894746,MYCBP,ns
26297,-0.47001637653275363,0.00038199374148800117,SERGEF,ns
26301,-0.7151115696406949,0.043227954141454306,GBGT1,down
2631,-0.1608810841468138,0.17019135140234098,NIPSNAP2,ns
2632,0.14271942478672184,0.46090415934157425,GBE1,ns
2633,1.767649475588783,0.011412232384897473,GBP1,up
2634,0.12887674149088468,0.7790214860598669,GBP2,ns
2635,1.1825910452460136,0.006125049163292957,GBP3,up
26354,1.2161447166823134,0.0008608436482126439,GNL3,up
26355,0.12578587141489805,0.5058722991312942,FAM162A,ns
2639,0.4834666817212643,0.004730914803181353,GCDH,ns
2643,0.5672252859418716,0.16872128993755217,GCH1,ns
2644,-0.26328893831637945,0.03241511167064784,GCHFR,ns
26469,-0.6038192070619708,0.014967501795859666,PTPN18,down
2647,0.07455887751479828,0.632883192340844,BLOC1S1,ns
26472,0.2719528436065666,0.1317905790436674,PPP1R14B,ns
2648,0.05816896901275648,0.7918890484493339,KAT2A,ns
2649,-0.4157808565559886,0.20308463869873256,NR6A1,ns
26499,-0.06652284399639008,0.8461525742966973,PLEK2,ns
2650,0.4540263061252059,0.18540977530178138,GCNT1,ns
26502,0.15716587499501777,0.5566830331189795,NARF,ns
26503,0.05950395606750902,0.7850950390373457,SLC17A5,ns
26504,-0.34244378185030655,0.034453726160596415,CNNM4,ns
26505,-0.561928957358484,0.000444865525679022,CNNM3,ns
26509,0.5059646789277892,0.37460475375776586,MYOF,ns
2651,0.1290841226468018,0.6848145565618954,GCNT2,ns
26511,-0.42901285995773897,0.058518199995116135,CHIC2,ns
26512,-0.1327521586343945,0.23378702672170987,INTS6,ns
26515,-0.15994318752651715,0.38513966245586967,TIMM10B,ns
26517,0.32648176733881584,0.047218321898598134,TIMM13,ns
26519,1.2473460679809802,0.00380751879078171,TIMM10,up
26520,0.08944738000061925,0.613029230456669,TIMM9,ns
26521,1.145574176997667,3.5549545039411276e-05,TIMM8B,up
26523,-0.49358021104169936,0.0008137223368836482,AGO1,ns
26524,-0.4595985280657846,0.20071305249612237,LATS2,ns
26528,0.22831829145630778,0.17674885391938303,DAZAP1,ns
2653,0.927184840055526,0.010615827806522888,GCSH,up
26548,0.17045066307408163,0.41489141974793875,ITGB1BP2,ns
26574,0.10370019473784531,0.2178582280728015,AATF,ns
26578,-0.12312531111811609,0.5353615197368095,OSTF1,ns
26579,-0.15940148529213705,0.44005616511072737,MYEOV,ns
26580,0.6850326063964332,0.012351052532857622,BSCL2,up
26586,0.7532979625326846,0.01656849719780223,CKAP2,up
26589,0.8831120217017885,0.00043113042588820486,MRPL46,up
26608,0.9119392437427045,0.000183844405817958,TBL2,up
2661,-0.23060194889153163,0.09394320544917484,GDF9,ns
26610,0.2877030681127968,0.14304588924444772,ELP4,ns
2664,-0.09893937845799883,0.6339389073527335,GDI1,ns
26648,0.6734536840545022,0.020424613740516583,OR7E24,up
2665,0.03914012489473251,0.8129506089779385,GDI2,ns
266655,-0.3550292401152104,0.011486937610999007,BRD3OS,ns
266675,-0.2949457566451015,0.09081129548713911,BEST4,ns
266722,0.25560161346514754,0.37484881767239725,HS6ST3,ns
266727,-1.6557841724508,0.055180208338132,MDGA1,ns
266747,-0.6894716130162815,0.01721179867825598,RGL4,down
266812,-0.5244262972476399,0.11664776500759086,NAP1L5,ns
267,-0.4839295026142896,0.0005097975120593297,AMFR,ns
267002,-0.11606224487316918,0.6408220499842615,PGBD2,ns
267004,-0.47613562000532816,0.23250854848953112,PGBD3,ns
2671,0.021390422703447598,0.9133219295856988,GFER,ns
2672,-0.20962034366521465,0.5316907912038195,GFI1,ns
2673,1.0599882065781632,0.0034530004372229895,GFPT1,up
26747,0.13109144643140347,0.5815727912563774,NUFIP1,ns
2675,-0.7719489689835104,0.03540215786721998,GFRA2,down
26750,0.1584677834334176,0.4498074489538221,RPS6KC1,ns
26751,-0.8596262567002144,0.004103843393472888,SH3YL1,down
26762,0.003452944880867115,0.9853379949959324,HAVCR1,ns
2677,0.29348382213173707,0.03737834460075081,GGCX,ns
2678,0.23990906088211794,0.32430412177367884,GGT1,ns
2683,0.458945088335998,0.10541073400267158,B4GALT1,ns
2686,-0.7626040481403011,0.004003388792736802,GGT7,down
2687,0.16895739489431882,0.6613165165492895,GGT5,ns
26873,0.11543535767197799,0.8125024220023688,OPLAH,ns
26953,-0.4865697516905527,0.009047504845882532,RANBP6,ns
26958,-0.02331414808497101,0.9133219295856988,COPG2,ns
26959,-0.27675575118638207,0.1745273191617267,HBP1,ns
2696,0.28849189085052807,0.3858396353845807,GIPR,ns
26960,0.10539133171188642,0.7396273509339039,NBEA,ns
26973,0.6429567830117833,0.012586636086946136,CHORDC1,up
26974,-0.19827710365735296,0.38768481271638666,ZNF285,ns
26984,0.19280836710655258,0.364862088270587,SEC22A,ns
26985,0.18329592917908144,0.3347602493309918,AP3M1,ns
26986,-0.9413833478444946,0.0003064209223117633,PABPC1,down
26993,-0.2922910157287486,0.10487493822758175,AKAP8L,ns
26994,-0.8124492212781789,0.0004982255348803417,RNF11,down
26995,0.7977223768237973,0.0009372039952397407,TRUB2,up
26996,0.42497269834398566,0.15689795986474522,GPR160,ns
26999,-0.7074097398020385,3.490240435663177e-05,CYFIP2,down
27,-0.1119036475870594,0.44933002884798834,ABL2,ns
2700,-0.07194024370319241,0.6651339865354168,GJA3,ns
27000,0.4924038729156628,0.014676806233428749,DNAJC2,ns
27005,-0.014674916351992806,0.9286834029798453,USP21,ns
27010,-0.015487331634988166,0.9360608297593267,TPK1,ns
27013,-0.30166536793947785,0.06060020856920155,CNPPD1,ns
27018,-0.6557695181419358,0.029040974767354913,BEX3,down
27020,-0.23127637940499035,0.254902698267354,NPTN,ns
27030,-0.6981046356353993,0.0026311470713891115,MLH3,down
27031,-0.31818180812662966,0.1818850750295398,NPHP3,ns
27032,0.24772634877227517,0.06573453519786385,ATP2C1,ns
27033,1.9487868485231292,0.0008167263469384004,ZBTB32,up
27034,-0.07507187218303457,0.5313338752628519,ACAD8,ns
27036,-0.9145108996533136,0.028522804142295334,SIGLEC7,down
27037,0.38256974642244934,0.009722434636810441,TRMT2A,ns
27040,-0.614598524970507,0.006364399273058901,LAT,down
27042,0.0016136329148093154,0.9936751388007308,UTP25,ns
27043,0.28446014722132773,0.16683361023399335,PELP1,ns
27044,0.7038218113443939,0.00867362549007717,SND1,up
27065,-1.0044364993892163,0.01723435789356878,NSG1,down
27067,0.04823885650966808,0.7695232499376288,STAU2,ns
27068,0.49722981246777564,0.016791046010052487,PPA2,ns
27069,0.31421482096134135,0.08419770644809914,GHITM,ns
27071,0.04528036982774175,0.8868782308423881,DAPP1,ns
27072,0.1009496002044834,0.7225278388396423,VPS41,ns
27074,1.5849876763948485,0.006844834226160062,LAMP3,up
27075,0.16653820269517983,0.6631612172906727,TSPAN13,ns
27076,-0.9284638031098105,0.006889351324573497,LYPD3,down
27077,1.0404319862896774,0.012181539113257029,B9D1,up
27079,-0.11924685542220193,0.5660753770008501,RPUSD2,ns
27085,0.3446722505153188,0.07543710106834829,MTBP,ns
27086,-1.104985737347782,1.5502969947240878e-05,FOXP1,down
27087,-1.0716133264538286,0.026506911417826903,B3GAT1,down
27089,0.8385953220374542,0.0045673772029203065,UQCRQ,up
27090,1.3573033912428425,0.0035549848875525984,ST6GALNAC4,up
27094,0.24191232207104818,0.12804319717214943,KCNMB3,ns
27095,0.11468860610532694,0.24271360702497766,TRAPPC3,ns
27097,0.02038688607215633,0.8655327715661147,TAF5L,ns
271,-0.988271027365208,0.014714840167812741,AMPD2,down
2710,0.04052206765245714,0.9524936207074095,GK,ns
27101,0.5660242049269186,0.005066392277799635,CACYBP,ns
27102,-0.003444331040190818,0.9858987956309995,EIF2AK1,ns
27106,-1.0270821245403052,0.00048164808513312244,ARRDC2,down
27107,-0.12615459726997358,0.5274599518490481,ZBTB11,ns
27109,-0.01204455700973206,0.9371745769326911,DMAC2L,ns
27111,-0.05160718974735712,0.7411552672759449,SDCBP2,ns
27113,-0.824146136420234,0.0025788888221464808,BBC3,down
27115,-0.8021907395266741,0.00047111116530011043,PDE7B,down
27122,-0.22697287543038325,0.4095363389685398,DKK3,ns
27125,-0.1358043234937636,0.4644833761019034,AFF4,ns
27128,-0.6631018615843356,0.04978491907827018,CYTH4,down
27130,-0.04176804416085034,0.7281339417289306,INVS,ns
27131,0.49136104881967313,0.03328042448372023,SNX5,ns
27132,0.02149521200729332,0.9309188591723176,CPNE7,ns
27134,-0.731635966376488,0.013028978152381918,TJP3,down
27141,-0.6395081868418853,0.04606258887448014,CIDEB,down
27143,1.4964009045051467,0.0006826893692295545,PALD1,up
27146,-0.27870250213344505,0.10481896281598845,FAM184B,ns
27147,-0.0922001885054895,0.76271014070564,DENND2A,ns
27148,-0.1305233612856629,0.1925253563015859,STK36,ns
27151,-0.9706335308819742,0.003699818092457258,CPAMD8,down
27153,-0.11611885235256736,0.5706021953276524,ZNF777,ns
27154,-0.3117812378267981,0.05200828842053777,BRPF3,ns
27158,0.2905937339474356,0.2844743697194212,NDOR1,ns
27161,-0.31652767976155793,0.09390374053980421,AGO2,ns
27163,-0.9543292212059225,0.0009181768166509479,NAAA,down
27165,-0.468848347415622,0.007995635404165365,GLS2,ns
27166,0.16551170002054327,0.4464947322120461,PRELID1,ns
2717,0.3460355716620924,0.044253375914633235,GLA,ns
27173,0.14236849259583728,0.3936668717229832,SLC39A1,ns
27175,0.31804039081147284,0.14833583941264758,TUBG2,ns
27180,-0.22178549122722302,0.6401281466393067,SIGLEC9,ns
27181,-0.8050591418271384,0.007195957547941002,SIGLEC8,down
27183,-0.012610838744294028,0.8513785082057788,VPS4A,ns
27185,-0.14553518438141033,0.6407854596856034,DISC1,ns
27189,-0.03720121778907348,0.8610045472307026,IL17C,ns
27197,0.27122626431718455,0.2281397271060178,GPR82,ns
272,-0.8060679515290428,0.0019164326926087304,AMPD3,down
2720,0.37007202009395357,0.08697524366652715,GLB1,ns
27202,-0.5649658539560978,0.24229494678617577,C5AR2,ns
27229,0.03191178531888639,0.8311846202884791,TUBGCP4,ns
27230,0.25170247126246537,0.11410521446701581,SERP1,ns
27232,-0.08884788748949735,0.7848303983464652,GNMT,ns
27235,-0.2894783199726101,0.17587768583859856,COQ2,ns
27236,0.1535287804929677,0.6417599452904964,ARFIP1,ns
27238,0.597412197307202,0.00025811561140040215,GPKOW,up
27239,-1.1911703725989344,0.0016568518712744853,GPR162,down
27240,0.6944496606826256,0.028881227597780793,SIT1,up
27241,-0.34654611670964464,0.007257617638827985,BBS9,ns
27242,-0.23888040021428925,0.48804538550181065,TNFRSF21,ns
27243,0.15422278150215796,0.4720603839451339,CHMP2A,ns
27244,-0.2645478892413635,0.3110460080679758,SESN1,ns
27245,-0.8546219078840362,0.0006777859628337939,AHDC1,down
27246,0.12501851781791196,0.2862394447233408,RNF115,ns
27247,0.4964315451687309,0.004812801075444448,NFU1,ns
27248,1.5175158939658289,0.0017842147743637362,ERLEC1,up
27249,0.7231236508036734,0.002420131805054473,MMADHC,up
27250,-0.26257747247658614,0.252474062797623,PDCD4,ns
27252,-0.0928229483795402,0.5531423541585313,KLHL20,ns
27257,0.5833907862426955,9.582067695859954e-05,LSM1,up
27258,0.7400233694462486,0.0022560076364159087,LSM3,up
27284,-0.14732642925497608,0.6621646861750373,SULT1B1,ns
27287,-1.2346277086787918,0.0013450253836546063,VENTX,down
27289,-0.15193273084171377,0.7380343189891333,RND1,ns
2729,-0.13115817921696582,0.5590251014566566,GCLC,ns
27291,0.07300815517650783,0.5978326395599951,R3HCC1L,ns
27292,-0.007202422492946781,0.9667323550044344,DIMT1,ns
27293,0.833230547560218,0.010128143404753244,SMPDL3B,up
27297,-0.24530704829513184,0.0435922267790992,CRCP,ns
27299,0.09383768535913362,0.6659434096211615,ADAMDEC1,ns
273,0.5335410378019319,0.2239510293204815,AMPH,ns
2730,0.2578888222390754,0.2373729753400988,GCLM,ns
27300,0.13883833302971293,0.5232500848394026,ZNF544,ns
27301,0.45309021404198724,0.016860547150225492,APEX2,ns
27304,0.19675136106148283,0.26408342545288926,MOCS3,ns
27306,-0.23378775745793767,0.0678046117819667,HPGDS,ns
27309,0.3497201883719523,0.08343505952317788,NOAZFP,ns
2731,2.168812875955952,0.0007251153006939048,GLDC,up
27314,0.6992356401228097,0.09217075028227806,RAB30,ns
27315,0.07620109869643343,0.6470350344287118,PGAP2,ns
27316,0.010015984937535194,0.9488241302290158,RBMX,ns
27327,0.15643540341897832,0.2443725451843447,TNRC6A,ns
27328,0.26097913941455086,0.4132215817916027,PCDH11X,ns
2733,0.585788146124866,0.0024017060619090694,GLE1,up
27332,0.06723748369405591,0.7179217961520528,ZNF638,ns
27333,0.5487725096953326,0.03902883665633961,GOLIM4,ns
27334,-0.530312310137445,0.09104728182597194,P2RY10,ns
27335,-0.16379736010563306,0.3411874842753685,EIF3K,ns
27336,0.21085638223160075,0.33592634699531204,HTATSF1,ns
27338,1.1539341283886877,0.006604574227504893,UBE2S,up
27339,0.22484128217243438,0.09670682886855443,PRPF19,ns
2734,0.28932956733348725,0.06387229751253189,GLG1,ns
27340,0.4911314688334034,0.07634794056707433,UTP20,ns
27341,0.4665078946777239,0.0026347513296083565,RRP7A,ns
27342,0.058929160101993006,0.6858194966894126,RABGEF1,ns
27343,-7.21100296008359e-05,0.9995153656089415,POLL,ns
27344,-0.4812492457992814,0.06317211626295101,PCSK1N,ns
27345,-0.3954821144175824,0.11245034897302351,KCNMB4,ns
27346,0.6015154755669059,0.04606258887448014,TMEM97,up
27347,0.1930890909480798,0.5009721349539155,STK39,ns
27348,0.4148264345787691,0.12668571024739333,TOR1B,ns
27349,0.32254634575052865,0.06548504474437333,MCAT,ns
2735,-0.31967693202719083,0.11221969566377744,GLI1,ns
27350,0.5375197724710485,0.042407319792291606,APOBEC3C,ns
27351,0.37918935341565074,0.009021488589358927,DESI1,ns
27352,-0.044637458289793486,0.8042213925363539,SGSM3,ns
2737,-0.7109170896747425,0.009735188586659118,GLI3,down
2738,-0.26160075570957453,0.31525108290269915,GLI4,ns
2739,0.22535126411445816,0.09397873451370706,GLO1,ns
274,-0.635566564556143,0.004143747350488252,BIN1,down
27429,0.29868850572564476,0.04662814579009653,HTRA2,ns
27430,0.036623579460451694,0.904566667159118,MAT2B,ns
27433,-0.299819170900383,0.23929670149123117,TOR2A,ns
27434,-0.20796276465607733,0.39364213355683825,POLM,ns
27436,0.11454930869603253,0.5781058140769875,EML4,ns
27439,-0.3476452715655842,0.41948622123014184,TMEM121B,ns
2744,0.5111026191646637,0.05109446918742799,GLS,ns
27440,0.04979854392277261,0.7724527860890654,HDHD5,ns
27443,-0.2438346404746472,0.05548536120122693,CECR2,ns
2745,0.7440789565372494,0.005055748527677717,GLRX,up
2746,-0.2564261983565963,0.07135202100795715,GLUD1,ns
275,-0.29003707372324694,0.30244523188248956,AMT,ns
2752,-0.4699036713725846,0.388186598488841,GLUL,ns
2760,0.7948941301008201,0.0056679850759194005,GM2A,up
2762,0.724874046117681,0.004850852269701832,GMDS,up
2764,0.32652306271815057,0.14557994600067925,GMFB,ns
2766,0.9164490609630072,0.00765358487693975,GMPR,up
2767,-0.22310061637733014,0.16933283465275126,GNA11,ns
2768,-0.5203280538077149,0.0013916384459515432,GNA12,ns
2769,-0.3709362751361365,0.3280307645055752,GNA15,ns
2770,-0.4833393276698361,0.000671287377281062,GNAI1,ns
2771,-0.4339862486892354,0.08382727992730574,GNAI2,ns
2773,0.15937711185991255,0.44990314511485846,GNAI3,ns
2774,-0.6050296450741177,0.0499213283595813,GNAL,down
2775,-1.3098919577340231,0.0005451532213971628,GNAO1,down
2776,-0.6269821100944828,0.07064867946244463,GNAQ,ns
2778,0.25840594889775303,0.26973373203623363,GNAS,ns
2781,-1.8774681202059424,0.00044966131421568664,GNAZ,down
2782,-0.2917968007111167,0.021044060119611328,GNB1,ns
2783,-0.47898994979083476,0.09411345854112611,GNB2,ns
2784,0.5242648409427151,0.013112259330469526,GNB3,ns
2785,0.1788530034735878,0.3216855383997681,GNG3,ns
2787,0.4198511612927227,0.05593106797564435,GNG5,ns
2788,0.011333511596903989,0.9821948638855323,GNG7,ns
2790,-0.5709976161819927,0.22952820753356398,GNG10,ns
2791,-1.4267383141022218,0.00784149581156549,GNG11,down
2793,0.06683384062067521,0.8038821363979957,GNGT2,ns
2794,0.24815928123941688,0.029157223704377223,GNL1,ns
2796,-0.1581848355136808,0.3055499066906369,GNRH1,ns
2799,-0.06623106703442794,0.847851026302339,GNS,ns
28,0.3802906353919324,0.07526648924375344,ABO,ns
280,-0.40064286626106593,0.1248110330222336,AMY2B,ns
2800,0.055706306885300094,0.5628480715433015,GOLGA1,ns
2801,0.4013505132446529,0.0023639297134494695,GOLGA2,ns
2802,0.4909614043380284,0.006422895725171504,GOLGA3,ns
2803,-0.020587962119552827,0.9337455522752081,GOLGA4,ns
2804,0.49506107353077766,0.008619121657357636,GOLGB1,ns
2805,0.9288388293233556,0.002383976209580205,GOT1,up
2806,0.41628447033991023,0.10353216835743372,GOT2,ns
280636,0.28367434255990176,0.0777419318774987,SELENOH,ns
2810,-0.14695154026330126,0.7544925390761595,SFN,ns
2811,-0.41200915418294404,0.466446446391426,GP1BA,ns
2812,-1.5845921513180095,0.04577664321819203,GP1BB,down
2814,-0.3229331230009391,0.18102910664797378,GP5,ns
2815,-1.3960700698192907,0.03575804407179279,GP9,down
2817,0.3483789697490547,0.03359572282554091,GPC1,ns
2820,0.9044905994438395,0.0019695404167877043,GPD2,up
2821,0.09311209438945056,0.5910673399204686,GPI,ns
2822,0.31868814859189687,0.14418757393614276,GPLD1,ns
28227,-0.37666183144913656,0.055623314753892476,PPP2R3B,ns
2823,-0.2452663290087198,0.5343473250778437,GPM6A,ns
28231,2.1709834046789354,2.4643204638684142e-05,SLCO4A1,up
28232,-0.7018905313117081,0.03441795630476468,SLCO3A1,down
2824,-0.29585057738007325,0.1274524632830492,GPM6B,ns
2826,1.7241152714061014,0.0004912482051136222,CCR10,up
282618,-0.36250215586525947,0.03360205733554701,IFNL1,ns
282679,-0.03942310856230691,0.7918862558555387,AQP11,ns
2827,-0.27390962461625445,0.4410161004571774,GPR3,ns
282809,-0.2662933658251134,0.04764812706700349,POC1B,ns
2829,0.6858011166121507,0.05636967534237377,XCR1,ns
282969,0.15428422094527505,0.45398410226245967,FUOM,ns
282973,-0.16298969610584635,0.3832523431049217,JAKMIP3,ns
282974,-0.7593441664584448,0.0032497066341303188,STK32C,down
282991,-0.03889798484274998,0.8368778108356317,BLOC1S2,ns
283,0.7859184123625003,0.006034529080870905,ANG,up
283008,-0.028872993109454903,0.8879442284941615,NUTM2E,ns
283130,-0.3167322575711964,0.18988125540377765,SLC25A45,ns
283149,-1.1320636457171211,0.00046677474639034795,BCL9L,down
283209,-0.24999768974382963,0.21610212570158185,PGM2L1,ns
283212,-0.281734252605494,0.13922099461721998,KLHL35,ns
283219,0.08862383413190589,0.7608595023579042,KCTD21,ns
283229,0.7968358271125364,0.10939093732298245,CRACR2B,ns
283232,-0.4517201903328889,0.015142396249725,TMEM80,ns
283234,-0.29841122671547815,0.337077855172441,CCDC88B,ns
283237,0.3708406635409309,0.09302054995715375,TTC9C,ns
283254,0.3106129269095943,0.14676983427657142,HARBI1,ns
2833,1.3134696767443934,0.024486013940553865,CXCR3,up
283316,-0.1327301631157356,0.5394255574128081,CD163L1,ns
283337,-0.15445938662691816,0.29873208119376105,ZNF740,ns
283349,-0.528189153450926,0.036369941987108,RASSF3,ns
283358,0.07654893206822067,0.8308657558095931,B4GALNT3,ns
283373,0.2494381065993867,0.11121354702759116,ANKRD52,ns
283377,0.38317685413114333,0.07442637141268689,SPRYD4,ns
283383,-1.2516209303065917,9.885544637382457e-05,ADGRD1,down
283385,-0.6058623311196207,0.005411126556618354,MORN3,down
283417,0.05942395450127069,0.8308534622440771,DPY19L2,ns
283420,-0.9154417830934598,0.004846036516403042,CLEC9A,down
283431,-0.0017504832898378453,0.9940742508556719,GAS2L3,ns
283450,-0.4256163297382827,0.01177292462962582,HECTD4,ns
283459,0.08253897626425655,0.5024373654619178,GATC,ns
283464,0.1406780299823831,0.5231426585427302,GXYLT1,ns
283489,0.5020197537509734,0.03266496400605312,CHAMP1,ns
283521,-0.9587486573854136,0.004715968799826902,TMEM272,down
283537,-0.5590868384737835,0.0026675888406848245,SLC46A3,ns
283554,0.6166907755094995,0.0018482019153138293,GPR137C,up
283571,-0.31246469749118155,0.06341171425417351,PROX2,ns
283578,0.11812193968053819,0.46108676323826076,TMED8,ns
283629,-0.3791706639232011,0.028324008882780506,TSSK4,ns
283635,0.2596406418571524,0.109750239360133,FAM177A1,ns
283638,-0.44710081297835647,0.04049098068437331,CEP170B,ns
283643,0.6285458128621588,0.0022148961664584404,TEDC1,up
283659,0.44561646512152153,0.026305146054152954,PRTG,ns
2837,0.896814770486535,0.005812127094722244,UTS2R,up
283710,2.2104491906258072,0.0023697452418415085,LINC03034,up
283726,-0.03841822886860857,0.8220624466751233,SAXO2,ns
283742,1.0079064442882633,0.011620889158155184,TSLIG3B,up
2838,0.286323276001081,0.5531991614382145,GPR15,ns
283807,-0.11633229955729973,0.6033242219797669,FBXL22,ns
283820,1.067758548421212,0.0012336568545457496,NOMO2,up
283848,-0.11528281402868323,0.5561612704785397,CES4A,ns
283849,0.39555341156469837,0.25592746303388236,EXOC3L1,ns
283870,-0.5517045636793041,0.018005959442018236,BRICD5,ns
283871,-0.17521360604539815,0.3594292070482651,PGP,ns
283897,-0.07165203730360936,0.805511037973256,C16ORF54,ns
283899,-0.302177640314909,0.16797928677654209,INO80E,ns
283927,-0.14308848834929488,0.4013012591227995,NUDT7,ns
283948,0.1268871926273416,0.5474954955940542,NHLRC4,ns
283951,0.2242113209862966,0.09548110909313287,UQCC4,ns
283987,1.413323127702534,0.0093331703393706,HID1,up
283989,-0.7176155368512855,0.004811844824151491,TSEN54,down
283991,0.3729958402756015,0.4217901272624141,UBALD2,ns
284,-0.8450559521172609,0.0014640447417926807,ANGPT1,down
284001,-0.3323061351164327,0.18214059022781143,CCDC57,ns
284004,-0.20293025934523357,0.47067687786359486,HEXD,ns
284013,-1.2797470989601702,0.00021290379577143027,VMO1,down
284018,0.1420351185414095,0.3599535117568562,C17ORF58,ns
284021,-0.04957349386611476,0.9081580587323062,MILR1,ns
284023,-0.38800881783088936,0.11809322635169014,RNF227,ns
284040,0.2366527704106609,0.6766098585887911,CDRT4,ns
284058,-0.5586169711677123,0.0019189197944643817,KANSL1,ns
284086,0.011001406192970187,0.9613987548204065,NEK8,ns
284098,0.18503400429406724,0.4386987285959962,PIGW,ns
2841,-0.28776124826506955,0.4667745750240885,GPR18,ns
284106,-0.09609103421596288,0.442671818428545,CISD3,ns
284110,-0.026717279784128856,0.9448957788600547,GSDMA,ns
284114,-0.13447104659923426,0.5684561833756526,TMEM102,ns
284119,0.10598655538347135,0.6093872704040383,CAVIN1,ns
284129,-1.1167440852312955,9.059262468692156e-05,SLC26A11,down
284131,-0.039409814995544856,0.8464680740859577,ENDOV,ns
284161,0.06737184126867035,0.68894464768482,GDPD1,ns
284184,0.20667227824455825,0.35548459887990264,NDUFAF8,ns
284194,-1.4011332071642268,0.004189672611035386,LGALS9B,down
2842,0.2814925522265934,0.24337226562526837,GPR19,ns
284207,-0.6271593257010029,0.06336146891024855,METRNL,ns
284252,0.5648369378193676,0.011536980665498549,KCTD1,ns
284266,-0.027471560261263406,0.9232406651369163,SIGLEC15,ns
284273,-0.6986045099226352,0.0013482345118298307,PTGR3,down
284297,-0.25354486163824763,0.0722591257512241,SSC5D,ns
284306,0.30408404247982723,0.13126994301977585,ZNF547,ns
284307,-0.39930558502524605,0.14121524768694993,ZIK1,ns
284309,-0.20920026909072575,0.30485943931919607,ZNF776,ns
284323,0.09729050138808937,0.7478823674526432,ZNF780A,ns
284325,0.5388614643721539,0.02683072105069923,ACTMAP,ns
284338,0.5326964569778756,0.011570220009669542,PRR19,ns
284346,-0.8439887860240445,0.0018175256676011581,ZNF575,down
284348,0.4335585811583993,0.034819603060366605,LYPD5,ns
284349,-0.10045922138309216,0.642549893478696,ZNF283,ns
284352,-0.13752510717437083,0.2770305481057426,PPP1R37,ns
284353,0.14649200035947363,0.5212609837831363,NKPD1,ns
284358,-0.12810890602447866,0.3787943405037971,MAMSTR,ns
284361,-0.03645251943865979,0.8436059018228548,EMC10,ns
284370,-0.2798990114189186,0.13875114739236602,ZNF615,ns
284371,0.3505162207049688,0.09751468321698584,ZNF841,ns
284390,-0.1586327533754135,0.39146149809961717,ZNF763,ns
284391,-0.5079215691351333,0.14367651696259068,ZNF844,ns
284403,1.8242284317079456,0.00028608178416562316,WDR62,up
284406,-0.13225162560154136,0.5284769777824183,ZFP82,ns
284415,-0.5156063624269516,0.41646256377326835,VSTM1,ns
284417,0.8750793250145295,0.06012794273819148,TMEM150B,ns
284422,-0.24492730798365958,0.4577614713535421,SMIM24,ns
284439,-0.055116025452081274,0.8385994244226971,SLC25A42,ns
284443,0.16186093853372618,0.5641698556827248,ZNF493,ns
284459,-0.18017368917231558,0.2748869634223468,ZNF875,ns
284486,-0.7231605729645363,0.00028608178416562316,THEM5,down
284498,0.7639024533528866,0.015500042865172073,C1ORF167,up
284565,-0.661242333149616,0.010070432993873548,NBPF15,down
284611,-0.35615635515033794,0.1439645380092415,EEIG2,ns
284613,-0.4777435843757054,0.0005807923397983708,CYB561D1,ns
284615,-0.15649299845630438,0.2456449600637499,ANKRD34A,ns
284656,0.14581762935543452,0.4336797684110958,EPHA10,ns
284695,0.2292287355745195,0.1317662844397863,ZNF326,ns
284697,-0.14335069760570462,0.404482550630818,BTBD8,ns
284723,-0.013440119833447284,0.9742500990286069,SLC25A34,ns
284739,-0.1263185277236687,0.539874187742043,C20ORF204,ns
284756,-0.5251632303326774,0.026697519272796025,LINC02910,ns
284759,-0.7879729887740989,0.1714077459652786,SIRPB2,ns
2848,0.02437730864129417,0.943462714849471,GPR25,ns
284904,-0.15665674829250698,0.5403007859745558,SEC14L4,ns
284958,0.12487997769499959,0.679021256958775,NT5DC4,ns
284992,0.8877321549178356,0.0002464217994519137,CCDC150,up
284996,-0.4303369801678709,0.3562445256907883,RNF149,ns
2850,-0.5419091308614057,0.3350677191260427,GPR27,ns
285016,-0.6883219499741342,0.003934707094293961,ALKAL2,down
285025,-0.6495835785527957,0.013535295156334365,CCDC141,down
285093,-0.036438170847580054,0.9305185674401664,RTP5,ns
28511,0.09522601195832259,0.6586493393919329,NKIRAS2,ns
28512,0.01466434808518624,0.9304648720860922,NKIRAS1,ns
28514,0.05489421580439657,0.8270141764653628,DLL1,ns
285148,0.06551061866373153,0.5011586802996715,IAH1,ns
285172,0.024008488917294457,0.9423093671496526,HYCC2,ns
285180,1.4268444898085013,0.020541318407693274,RUFY4,up
285190,-0.1417690524025632,0.5747226266018259,RGPD4,ns
285193,-0.3821646778495724,0.05639575532183496,DUSP28,ns
285195,0.03903606014508121,0.8396563348664101,SLC9A9,ns
2852,0.1826908828253213,0.5962034082379958,GPER1,ns
285203,0.4135908508364192,0.016244630455619552,EOGT,ns
285220,0.29670519667853235,0.3170171120106014,EPHA6,ns
285237,0.14580061895018126,0.43375199893145117,C3ORF38,ns
285267,0.22126846480597706,0.20059308525559602,ZNF619,ns
285268,0.11244964837291427,0.43481657547153363,ZNF621,ns
285282,0.24842002136582764,0.36114891450796577,RABL3,ns
285315,-0.056454224813843545,0.8023767087252541,MISO1,ns
285331,0.01733471697756972,0.9468230111642003,CCDC66,ns
285343,0.14941847603800795,0.3509420455600075,TCAIM,ns
285346,-0.11802992136481105,0.4587010104005589,ZNF852,ns
285349,-0.23160229210117933,0.21878760344368872,ZNF660,ns
285362,-0.7059459695199877,0.0011086092764978457,SUMF1,down
285367,0.09888554270784944,0.5802841794443723,RPUSD3,ns
285368,-0.18476274338966636,0.3536133441613315,PRRT3,ns
285381,0.1919522015186672,0.16251152895843046,DPH3,ns
285382,0.5931999412607443,0.030223345988825492,C3ORF70,up
285386,-0.12407998728581848,0.5827558908516429,TPRG1,ns
285440,-0.27588093718083684,0.18810205287704584,CYP4V2,ns
285489,-0.3655955533499311,0.059524732653154735,DOK7,ns
285498,-0.30410101992936944,0.0544312662814109,RNF212,ns
285500,-0.12746569186141254,0.3562984276664904,AGA-DT,ns
285513,0.5163512224667812,0.12375648105905683,GPRIN3,ns
285521,0.5844903647206898,0.0062110739013823794,COX18,up
285527,-0.0633197118679849,0.7881269210739872,FRYL,ns
285533,-0.20521832123738015,0.3927769674250413,RNF175,ns
285550,-0.42903628385279546,0.05889291857272335,ZBED11,ns
285590,0.28165461443378437,0.44990314511485846,SH3PXD2B,ns
285596,-0.2319420847998428,0.6100485482077792,FAM153A,ns
285598,-0.30870233274815373,0.10633870486877887,ARL10,ns
285600,-0.4235424600834703,0.21328342520575388,KIAA0825,ns
285601,-0.6318623767421006,0.004730914803181353,GPR150,down
285605,0.07962783422376418,0.6965070627262713,DTWD2,ns
285613,0.029525383155267093,0.9061914983782134,RELL2,ns
285636,0.29888447198838186,0.23216198677649436,RIMOC1,ns
285668,0.20067836261521244,0.313833246818531,LINC03122,ns
285672,0.12757993353930708,0.4365313543413177,SREK1IP1,ns
285676,0.2568272327449046,0.5314451334299596,ZNF454,ns
2857,-0.7225828664298461,0.03741749935943361,GPR34,down
285704,-0.8383754280744498,0.010738389331100509,RGMB,down
285753,0.7417897311482955,0.000836665043971368,CEP57L1,up
285755,-0.054380893146626086,0.8312023638999595,PPIL6,ns
285761,0.6606743724189101,0.0011552670748891808,DCBLD1,up
285848,0.6887119090368703,0.12337643882730234,PNPLA1,ns
285852,-0.5174042896068203,0.309447471076123,TREML4,ns
285855,0.5023107226293906,0.01810403390754055,RPL7L1,ns
2859,-0.32674076668816365,0.34208178008315815,GPR35,ns
285955,-0.18986965937630718,0.34903890535078663,SPDYE1,ns
285966,-0.0847758503731999,0.6452609887858918,TCAF2,ns
285971,0.03869388079914238,0.8653834964322313,ZNF775,ns
285973,-0.5395843759610903,0.005644203060090375,ATG9B,ns
285989,0.03445350978551698,0.8773013104985051,ZNF789,ns
286,-0.581504589522555,0.1071417870824069,ANK1,ns
286006,-0.25097122566121666,0.5533926911097746,LSMEM1,ns
286046,0.005980829170495916,0.9776626213455867,XKR6,ns
286053,0.46595486984475176,0.00117053728009552,NSMCE2,ns
286075,0.07929370183160334,0.4745332625260127,ZNF707,ns
286077,-0.14149583366462615,0.4365544923214349,SACK1H,ns
286097,-0.2744153551580819,0.23170288367937242,MICU3,ns
286128,-0.18904884704241276,0.19336924559358243,ZFP41,ns
286133,0.16253771175252751,0.4341799283314945,SCARA5,ns
286144,-0.6247910134421968,0.09435361635374306,TRIQK,ns
286148,-0.06224591006559965,0.7661751630724839,DPY19L4,ns
286151,0.8748587363501397,0.0012878104156730733,FBXO43,up
286204,-0.043316091675639434,0.8619113672457813,CRB2,ns
286205,-0.672113074398295,0.00017879934421946458,SCAI,down
286256,0.03020057343487892,0.9252254461980265,LCN12,ns
286257,-0.5438817574566919,0.004468560412182145,PAXX,ns
286262,-0.4060928933691086,0.018414952957013845,TPRN,ns
286319,-0.30372817355768067,0.030512342368443367,TUSC1,ns
286336,-0.4653357152349944,0.033178729261056125,FAM78A,ns
2864,-0.24508252739104996,0.4732466594740068,FFAR1,ns
286410,0.0376757519647537,0.8457548624737733,ATP11C,ns
286451,0.4225282593544293,0.011290221041231088,YIPF6,ns
2865,0.5721640033820368,0.14095021647222775,FFAR3,ns
286527,-0.03242788276653652,0.8628384030487485,TMSB15B,ns
286530,-0.8222455015350629,0.0024526852156977457,P2RY8,down
286676,0.526496395819894,0.012133295570082367,ILDR1,ns
2867,0.4788519368234123,0.6599102355820899,FFAR2,ns
2868,0.08658258228905513,0.4190050791140776,GRK4,ns
286826,0.659105392840309,0.005320700914474202,LIN9,up
286827,0.28545658904245563,0.23460961943663064,TRIM59,ns
2869,-0.09865220923148676,0.3392035277561592,GRK5,ns
2870,0.12134162953249117,0.4540486713100498,GRK6,ns
2872,-0.4703432436873438,0.08394717716944415,MKNK2,ns
2873,0.18243062949784772,0.2948824134224242,GPS1,ns
2874,-0.26796374386504596,0.3679563159012799,GPS2,ns
2876,-0.39106027753331496,0.2638453427962112,GPX1,ns
2878,-0.5407194010689338,0.06148167690355712,GPX3,ns
2879,-0.6599696672710831,0.025562262290730976,GPX4,down
288,-0.12439600842661847,0.7478823674526432,ANK3,ns
2882,0.6118538926195134,0.07188860919206198,GPX7,ns
2885,-0.1397157862916849,0.4226903542277172,GRB2,ns
2887,0.2819242027218909,0.5171978846051853,GRB10,ns
2888,-0.2052860171157329,0.44327278703287915,GRB14,ns
2889,-0.5450147470469826,0.0029469941076092953,RAPGEF1,ns
28951,0.09966403127859103,0.6813943065048306,TRIB2,ns
28952,-0.01328214859437793,0.9307530695179499,CCDC22,ns
28955,-0.4156945475326612,0.001688243300465747,DEXI,ns
28956,0.3083023002356988,0.02982018039513202,LAMTOR2,ns
28957,0.6103194086978032,0.014553802168718006,MRPS28,up
28958,0.6710052739894445,0.0032833452229821323,COA3,up
28959,-1.0252585053973817,0.2768940802385882,TMEM176B,ns
2896,0.3659360528284825,0.4114538228953015,GRN,ns
28960,1.1577890489327753,0.0019170490188217622,DCPS,up
28962,-0.07383602901445485,0.6960092129832206,OSTM1,ns
28964,-0.5055087260535345,0.01877437203472357,GIT1,ns
28966,-0.3749915048671566,0.007230301761348961,SNX24,ns
28968,-0.6574949648037549,0.0062110739013823794,SLC6A16,down
28969,0.2869155986888732,0.0905128913190843,BZW2,ns
28970,0.258238335275653,0.04138051126172417,BKGD,ns
28971,0.03926956131897885,0.783308302916308,AAMDC,ns
28972,0.6499732255036559,0.03570120232740126,SPCS1,up
28973,0.8417109624864132,0.0010555753224650271,MRPS18B,up
28974,0.029196424865260084,0.9101364869497863,C19ORF53,ns
28976,0.5636839027772726,9.425908356758546e-05,ACAD9,ns
28977,0.5500144022012812,0.0005863192334392086,MRPL42,ns
28978,0.0027082026256826097,0.990047738133047,TMEM14A,ns
28981,-0.027716686458821194,0.8035454323049935,IFT81,ns
28982,-0.0359291944945781,0.8867139709383897,FLVCR1,ns
28984,-0.3033568893948857,0.46102175895287395,RGCC,ns
28985,0.7250231129122948,0.0004525540841264201,MCTS1,up
28986,0.8005915800958094,0.01771696590630905,MAGEH1,up
28987,0.024490133733156227,0.8983811852572249,NOB1,ns
28988,-0.15340152730098922,0.3683217473308008,DBNL,ns
28989,0.36817942491607525,0.004058423938614629,NTMT1,ns
28990,0.1194014136681405,0.5653712767393975,ASTE1,ns
28991,-0.026121998245763223,0.8888651238979023,COMMD5,ns
28992,0.10305396485187579,0.6248623867771277,MACROD1,ns
28996,0.22628339362352712,0.24978554895886845,HIPK2,ns
28998,0.951751048799875,0.00039627876889473875,MRPL13,up
29,-0.3430882378151967,0.215421266327819,ABR,ns
290,-0.4129727136513903,0.5688539546762456,ANPEP,ns
2900,0.06704775733702117,0.9054162185168168,GRIK4,ns
2901,-0.071029020276268,0.7972979720729737,GRIK5,ns
29015,0.6957776583927942,0.015697198047093824,SLC43A3,up
29028,1.549647320729087,0.00036614580689741706,ATAD2,up
29035,-0.4795161505693404,0.1436390026418728,HAPSTR1,ns
2905,-0.10320308015591184,0.7376157765128886,GRIN2C,ns
29057,0.11767293661176748,0.7107893908698687,FAM156A,ns
29058,-0.07999862692318516,0.5111825054218441,TMEM230,ns
2906,0.3544922429972672,0.27781858509823726,GRIN2D,ns
29062,-0.23609100719757237,0.1397047175480811,WDR91,ns
29063,0.19874963902684506,0.21473711281037897,ZCCHC4,ns
29066,-0.18021953351353126,0.09733658097164763,ZC3H7A,ns
29068,-0.7718952507840555,0.00022367918323799716,ZBTB44,down
2907,-0.29239357593741033,0.5221543210463161,GRINA,ns
29071,1.4780832347322281,5.970599902397148e-05,C1GALT1C1,up
29072,-0.5186346789368876,0.00334111460117657,SETD2,ns
29074,0.6408799576332704,0.0008623057190736411,MRPL18,up
29078,0.4264461630647274,0.07289631856044018,NDUFAF4,ns
29079,0.06477726388919436,0.7261986036972692,MED4,ns
2908,-0.7114959688599676,0.002297049855420904,NR3C1,down
29080,0.0791329572660775,0.8326265521725856,CCDC59,ns
29081,0.5796448924915287,0.0025054032082346485,METTL5,ns
29082,0.22904720536498502,0.15329689697519058,CHMP4A,ns
29083,0.5193545380179714,0.00558549601247335,GTPBP8,ns
29085,0.5346745025040267,0.0036478054772218923,PHPT1,ns
29086,0.2225195951202945,0.10136988572008253,BABAM1,ns
29087,0.22593547393668878,0.08361785478253345,THYN1,ns
29088,1.0627027302820364,0.00013905600376502232,MRPL15,up
29089,1.7597569680193041,0.00018108750061802926,UBE2T,up
2909,-0.7201583408413512,0.002467943353778555,ARHGAP35,down
29090,0.8883183891110118,0.001339581581397004,TIMM21,up
29093,1.1902710446633922,0.0001016775634690783,MRPL22,up
29094,-0.47036435407308463,0.31849807655216944,LGALSL,ns
29095,0.8806862977040506,5.1298281694112226e-05,ORMDL2,up
29097,0.5631893540252628,0.0155012351932289,CNIH4,ns
29098,-0.09864374126511422,0.46046381524839514,RANGRF,ns
29099,-0.3299200954031001,0.08393306367490988,COMMD9,ns
291,1.4207954985668625,0.002268962729593971,SLC25A4,up
29100,1.203226655850517,0.00042810179578232666,TMEM208,up
29101,0.02123397544797534,0.8749403363404693,SSU72,ns
29102,0.19458765338347028,0.17246137777571527,DROSHA,ns
29103,0.6391111943050554,0.0015942535301108982,DNAJC15,up
29104,0.005712011485282886,0.9844842901756315,HEMK2,ns
29105,0.12554218525865757,0.47007554848941113,CFAP20,ns
29107,-0.3900145868384124,0.30789288917407476,NXT1,ns
29108,-0.002386316325916127,0.9941956222215246,PYCARD,ns
29109,0.028431558071053686,0.9164618706869572,FHOD1,ns
29110,0.5212856937637493,0.013225493662912646,TBK1,ns
29115,0.2299063853640888,0.0021535461031213336,SAP30BP,ns
29116,-0.6028079179244887,0.18995835262431632,MYLIP,ns
29117,0.15347499894374295,0.1901602928955339,BRD7,ns
2912,-0.32342351611514175,0.2793918778066964,GRM2,ns
29121,0.5722800730217248,0.03655496025599339,CLEC2D,ns
29123,-0.30285379117706945,0.0769745583784935,ANKRD11,ns
29125,-0.6550529788076602,0.012476756563028739,C11ORF21,down
29126,0.870029560880222,0.06056358705989908,CD274,ns
29127,1.6772660028505424,4.796297124689089e-05,RACGAP1,up
29128,2.167681918407655,3.435112828484447e-05,UHRF1,up
2919,-0.7374523151205628,0.40874114877703543,CXCL1,ns
292,0.12333884708441367,0.5706129723918122,SLC25A5,ns
2920,0.5038591350375814,0.5263167933746402,CXCL2,ns
2921,0.7255733761354479,0.25075463922624125,CXCL3,ns
2923,0.4293162671187538,0.015826738658885203,PDIA3,ns
2926,0.2179697888840142,0.15721960190149642,GRSF1,ns
293,-0.4896727243671748,0.028491907009559062,SLC25A6,ns
2931,-0.24159258135396655,0.33902574613535613,GSK3A,ns
2932,-0.20878664380373202,0.172146488705199,GSK3B,ns
2934,-0.7817444261887196,0.04526450706482117,GSN,down
2935,0.5272410041744653,0.0055608837383756896,GSPT1,ns
2936,0.24695100224997546,0.08984295039298906,GSR,ns
2937,0.26434149576035004,0.006667484368385101,GSS,ns
2941,-0.5989234483141006,3.7414461911622176e-05,GSTA4,down
2944,-0.33108629951664525,0.8329977391999313,GSTM1,ns
2946,0.09267143654513976,0.8306783106544955,GSTM2,ns
2947,-0.4254709902257261,0.30226507514782053,GSTM3,ns
2948,-0.30242980275656617,0.45541615173265454,GSTM4,ns
2950,-0.31039713793378887,0.1455986808359527,GSTP1,ns
2952,0.33473218102999613,0.6428392201905292,GSTT1,ns
2954,0.6542045925241595,0.007000334051069646,GSTZ1,up
2956,0.6886651364647101,0.006630360159215828,MSH6,up
2957,0.7376463379144589,0.01374362387253667,GTF2A1,up
2958,0.473110108861313,0.0013843753327375968,GTF2A2,ns
2959,0.4491700088277053,0.028595756141502778,GTF2B,ns
2960,0.5150907227760975,0.017624171410871758,GTF2E1,ns
2961,0.4754143036658771,0.0014584318474061128,GTF2E2,ns
2962,0.16366978944820154,0.07457647120834486,GTF2F1,ns
2963,0.6469581877925306,0.002958799278837326,GTF2F2,up
2965,0.14728717081727005,0.22681826475908154,GTF2H1,ns
2966,0.5156414000069125,0.01060755482567054,GTF2H2,ns
2967,0.3570189604001346,0.08093925411597092,GTF2H3,ns
2968,0.43555995576907236,0.01025372402679104,GTF2H4,ns
2969,-0.15566905749763826,0.3009530020178302,GTF2I,ns
2971,0.14827203153039825,0.4194104480134479,GTF3A,ns
2972,-0.11044733381776162,0.46056135635810036,BRF1,ns
2975,-0.040847497591638415,0.7689746126762389,GTF3C1,ns
2976,0.04495025004320752,0.7577972164864794,GTF3C2,ns
29760,0.7872635813712456,0.03109221604733946,BLNK,up
29761,-0.03209524284410037,0.8963910141299359,USP25,ns
29765,-0.2756399147512898,0.0607863302156995,TMOD4,ns
29766,0.35126390512971106,0.17694847192369736,TMOD3,ns
29767,-1.0696029883219298,0.0002069856170638302,TMOD2,down
29777,0.06466347746164836,0.6748018599545312,ABT1,ns
29780,-0.2771599213832765,0.2877730558605733,PARVB,ns
29781,0.6407030275111403,0.001208732056043481,NCAPH2,up
29785,-1.1948017149748829,0.0069874376122964045,CYP2S1,down
29789,0.07216452945434249,0.6487839376423972,OLA1,ns
2979,0.021236374977508632,0.9284803924936986,GUCA1B,ns
29796,0.4746832949122659,0.0020354135506170552,UQCR10,ns
29798,-0.05388610579314168,0.7807931914811922,LINC03124,ns
29799,-1.1555779825880936,0.00017879934421946458,YPEL1,down
29800,-1.2755032920816474,0.00010288806382113072,ZDHHC1,down
29801,-0.3630314284244225,0.1425328996836969,ZDHHC8,ns
29802,-1.2406302484089444,0.005114215912358337,VPREB3,down
29803,-0.3031980689338063,0.07487000027223724,REPIN1,ns
2982,-0.6564374632322361,0.09076263720190184,GUCY1A1,ns
2983,-0.5936431674394127,0.17554552820428954,GUCY1B1,ns
29841,0.03831188103120464,0.8831932366041976,GRHL1,ns
29842,-0.3680243265247638,0.05904381753383224,TFCP2L1,ns
29843,0.28555450964352325,0.06508400643874497,SENP1,ns
29844,0.5238791963263081,0.00031790788571905786,TFPT,ns
29851,0.4367375489488001,0.38137688257799374,ICOS,ns
29855,-0.14244453873461538,0.6314349861384847,UBN1,ns
2987,0.39608554825548836,0.12804319717214943,GUK1,ns
29880,1.065546690377329,0.0025098732723923935,ALG5,up
29882,0.36819210737483665,0.029028498803271074,ANAPC2,ns
29883,-0.017748772726021045,0.9044643764153242,CNOT7,ns
29886,0.25149319281624827,0.05224374289077626,SNX8,ns
29887,-0.34221262984530654,0.4306738795035153,SNX10,ns
29888,-0.36696901066302523,0.24075283932713698,STRN4,ns
29889,0.7030672148405426,0.0005787777472274006,GNL2,up
29890,-0.28731443138498136,0.00635803683258123,RBM15B,ns
29893,0.7136149758939832,0.0009355809901696207,PSMC3IP,up
29894,0.10870342302747815,0.6033261166528261,CPSF1,ns
29896,-0.08613730984844103,0.5327259202064031,TRA2A,ns
29899,0.280109473852181,0.11025718462980894,GPSM2,ns
2990,0.47796110876281794,0.003078205969131067,GUSB,ns
29901,0.4539118368265518,0.005585144028522675,SAC3D1,ns
29902,-0.2619728021982768,0.04665685780861004,FAM216A,ns
29903,-0.33915277029185287,0.2680315999406415,CCDC106,ns
29904,0.16040900865755336,0.3216855383997681,EEF2K,ns
29907,-0.5099180894125741,0.008818072667003036,SNX15,ns
29909,0.355859967574248,0.4211402134091253,GPR171,ns
29911,0.001836844819773198,0.9941956222215246,HOOK2,ns
29914,-0.10423483805109868,0.41102998927886264,UBIAD1,ns
29915,0.4324804216749776,0.012572230213310904,HCFC2,ns
29916,0.1363342054608836,0.5230292589942989,SNX11,ns
29919,0.16585411759886703,0.023680061256480995,RMC1,ns
2992,0.8777699132778256,0.00018882337458482458,GYG1,up
29920,0.10964347930112162,0.5785095975872258,PYCR2,ns
29922,0.5696944921692682,0.003147654504428673,NME7,ns
29923,0.2754067896190229,0.11641192188354683,HILPDA,ns
29924,-0.19132306431635904,0.5570785404726002,EPN1,ns
29925,1.9238240550519787,0.0003487757043604019,GMPPB,up
29926,1.311453268587334,0.0006102500602955616,GMPPA,up
29927,1.0506063949916253,0.0007386874643006534,SEC61A1,up
29928,0.1774375188869648,0.21855459985981046,TIMM22,ns
29929,0.4786093625696388,0.023095806893027832,ALG6,ns
2993,0.34321106205943774,0.3975517319334217,GYPA,ns
29933,-0.09170847521246728,0.7155934030568539,GPR132,ns
29934,0.10658568013056069,0.3155461123688773,SNX12,ns
29937,-0.18818931160357977,0.16800758737712745,NENF,ns
2994,0.06932232308149722,0.855472598281449,GYPB,ns
29940,-0.07580459527524042,0.8386132630054557,DSE,ns
29941,-0.017002071393038776,0.9424322456287026,PKN3,ns
29944,-0.3870363307608313,0.13661439692688807,PNMA3,ns
29945,0.26517179480175734,0.04708289746264164,ANAPC4,ns
29946,-0.8138922805551125,0.03957743011788395,SERTAD3,down
29948,-0.20219462145778788,0.4308230465660142,OSGIN1,ns
2995,-0.09129159308228907,0.8476365352778866,GYPC,ns
29950,-0.34652810034002,0.41575189923041356,SERTAD1,ns
29952,-0.2868450917401315,0.17618821454560943,DPP7,ns
29954,-0.09210315461742535,0.6690852450618561,POMT2,ns
29956,-0.27461072896239536,0.033972196372678565,CERS2,ns
29957,-0.14419605456265394,0.6605242323266663,SLC25A24,ns
29959,0.2681282247777972,0.05305047186125735,NRBP1,ns
2996,0.07181273412085343,0.7491955431727679,GYPE,ns
29960,0.4673499748608272,0.014967501795859666,MRM2,ns
29964,-0.0243797485896744,0.9087692290897442,PRICKLE4,ns
29965,-0.5771991821053231,0.004461802575149081,CDIP1,ns
29966,0.28341916793384403,0.02942642796638771,STRN3,ns
29967,-0.29319931986536396,0.24365710329727472,LRP12,ns
29968,1.9727725999232737,0.0002769921140536628,PSAT1,up
29969,-0.18967238911353945,0.4530708837544917,MDFIC,ns
2997,0.24225227716316766,0.23481494413831278,GYS1,ns
29978,-0.2308575586705217,0.1921945393108818,UBQLN2,ns
29979,0.1626274092532647,0.13305801981708362,UBQLN1,ns
29980,1.5477391267054665,0.00013643071649140114,DONSON,up
29982,0.19531688484599563,0.5906604821781373,NRBF2,ns
29985,0.1221206976838154,0.3520257725596562,SLC39A3,ns
29988,0.10561373384287531,0.6351913778315171,SLC2A8,ns
2999,-0.7332497460585827,0.16426792681249522,GZMH,ns
29990,-0.6475705994637053,0.01796274732061127,PILRB,down
29992,-0.8462652302477967,0.09285400127248271,PILRA,ns
29993,1.0123462707793465,0.015019723281671329,PACSIN1,up
29994,-0.4079176814693213,0.23511804084732119,BAZ2B,ns
29995,-0.07965079096552063,0.6468100259911893,LMCD1,ns
29997,-1.1187779464531982,3.491941380614917e-05,NOP53,down
29998,-0.7406661701255963,0.012647027174236084,BICRA,down
30,0.051546926794602044,0.7725418012495325,ACAA1,ns
3000,0.08966001808354207,0.730291512429597,GUCY2D,ns
30000,0.20561674382479112,0.15242247156773792,TNPO2,ns
30001,0.6576496964037091,0.00042810179578232666,ERO1A,up
30008,-0.32553276037754664,0.36586181408465374,EFEMP2,ns
30009,-0.7649900020839073,0.034821682579169976,TBX21,down
3001,-0.5894137132149595,0.20074931021906625,GZMA,ns
30011,-0.4368610343702777,0.011865890721518418,SH3KBP1,ns
3002,0.4078000159589301,0.5083524947045014,GZMB,ns
3003,-0.23873598815408315,0.610885219271194,GZMK,ns
3004,-1.0999476144056306,0.0005243656321182891,GZMM,down
3005,0.7101387550176099,0.1522569910990869,H1-0,ns
3006,0.9972811081005695,0.04428774639813255,H1-2,up
30061,-0.6184085468777774,0.0941451134244738,SLC40A1,ns
3007,0.2639386621254518,0.44697051998690523,H1-3,ns
3008,-0.17906231828579777,0.7700915528859252,H1-4,ns
3009,0.4530622773906181,0.07203068458811951,H1-5,ns
301,-0.5075977856920666,0.07101685548265425,ANXA1,ns
3012,0.009353348708155629,0.9739056479832515,H2AC8,ns
3013,0.31585775689130013,0.38199271428955767,H2AC7,ns
3014,1.055876964334498,0.011290221041231088,H2AX,up
3015,1.000187449816325,0.0015488203906074529,H2AZ1,up
3017,1.1826946762431945,0.002713870310586576,H2BC5,up
302,0.4868960719894737,0.005871934876716566,ANXA2,ns
3020,-0.2605745556838084,0.36285384557591327,H3-3A,ns
3021,-0.16928045413022552,0.6589369676272404,H3-3B,ns
3028,0.5900864937115156,0.004403905807186298,HSD17B10,up
3029,-0.1619575008017886,0.21421449214182287,HAGH,ns
3030,-0.2768054297175784,0.023428543139790838,HADHA,ns
3032,0.16141704609032814,0.28656561820572385,HADHB,ns
3033,0.46361358782750095,0.034646015937862,HADH,ns
3034,-0.5913111831315696,0.3031913004447764,HAL,ns
3035,0.45718432820198096,0.007764302078037995,HARS1,ns
3036,-0.3489592620963622,0.07769394111065903,HAS1,ns
3038,-0.0738347922432423,0.6769205779434897,HAS3,ns
3039,-2.3186600287272405,0.08130061972527469,HBA1,ns
3040,-2.384797508018062,0.05331804387227033,HBA2,ns
3042,0.023041362207710137,0.9805035391363793,HBM,ns
3043,-2.5420401039104696,0.05644984695936905,HBB,ns
3045,0.19696962681819308,0.8117479059750059,HBD,ns
3047,-0.9262283865467991,0.140284222570378,HBG1,ns
3048,-1.5081937561093426,0.07700105080152447,HBG2,ns
3049,0.4089132619138631,0.4819632272741722,HBQ1,ns
3052,0.5442654644375153,0.0036830743006855274,HCCS,ns
3054,0.3613299878666236,0.046659546986187156,HCFC1,ns
3055,-0.7277038493030012,0.10802894206806077,HCK,ns
3059,-0.32254642007957557,0.0786069981910154,HCLS1,ns
306,-0.6660032492931807,0.34208178008315815,ANXA3,ns
3064,-0.05682786481185076,0.7307097499035334,HTT,ns
3065,-0.08143148823185875,0.542313077815375,HDAC1,ns
3066,0.4417048787878102,0.006251338952148492,HDAC2,ns
3067,-1.0802511672132686,0.03735184959111647,HDC,down
3068,0.06515949597883086,0.750504300075634,HDGF,ns
3069,1.081956508590796,0.0003327391814078998,HDLBP,up
307,-0.08070261186147043,0.7707949799431254,ANXA4,ns
3070,1.6747673805307661,0.00010829376982354019,HELLS,up
3071,0.07295066083717927,0.7420027228679515,NCKAP1L,ns
3073,0.07837114407132617,0.5628627766889065,HEXA,ns
3074,0.2400502175756678,0.22388091806501467,HEXB,ns
3075,-0.18026270076815631,0.6532017413170117,CFH,ns
3077,-0.19269239906037683,0.4194430593747593,HFE,ns
308,0.3833367990337191,0.031593953746610094,ANXA5,ns
3081,-0.8839024903380928,0.0049277046921489195,HGD,down
30812,-0.5465861681855735,0.007159346492781988,SOX8,ns
30815,-0.6407648723545574,0.001870197355584094,ST6GALNAC6,down
30816,0.1527471281722681,0.5333198610736869,ERVW-1,ns
30817,-1.3716754848953112,0.010555841502200814,ADGRE2,down
30819,-0.7020537364058903,0.0011086092764978457,KCNIP2,down
3082,-0.2671290496429952,0.46231777572638455,HGF,ns
30827,0.5960910946131488,0.0015718263380146804,CXXC1,up
30832,-0.25254724744966683,0.1902109487806204,ZNF354C,ns
30833,0.14693333292012056,0.4583578255099516,NT5C,ns
30834,0.3969394707116729,0.026580824746539795,POLR1H,ns
30835,-0.21561398880774973,0.40976938053280004,CD209,ns
30836,-0.005577016436125959,0.9846593133254788,DNTTIP2,ns
30837,-0.6271670713318542,0.0020484551428643404,SOCS7,down
3084,-2.14412435367385,0.0004897993931531086,NRG1,down
30844,0.7753069296569741,0.00021290379577143027,EHD4,up
30845,-0.18290803661607669,0.39618360511030726,EHD3,ns
30846,-0.4113566999571825,0.12057674623867347,EHD2,ns
30849,0.3575312850652228,0.2545239983215142,PIK3R4,ns
30850,-0.17743454043371898,0.4688595804603944,CDR2L,ns
30851,-0.4086145453476977,0.10244146524782552,TAX1BP3,ns
3087,-0.6569746082358598,0.08007455178467436,HHEX,ns
309,0.07050844077790686,0.690536069976296,ANXA6,ns
3090,-1.1743703499852787,0.006476386715486694,HIC1,down
3091,0.0021113504971861374,0.9953483278015525,HIF1A,ns
3092,-0.3345625474327072,0.3322656095582927,HIP1,ns
3093,0.329689744435699,0.018616835356771957,UBE2K,ns
3094,-0.10668903540417496,0.6171092569220346,HINT1,ns
3096,-0.2994554474601401,0.13192936277822637,HIVEP1,ns
30968,0.7985498381878422,0.002269503997472116,STOML2,up
3097,-0.4577443499636633,0.05615530635954388,HIVEP2,ns
3098,-0.0995816346834868,0.6803501926677399,HK1,ns
3099,0.2965642976673877,0.34369879864212005,HK2,ns
31,0.36113664078639474,0.007459752997389395,ACACA,ns
310,0.006500240109188482,0.9547742853420064,ANXA7,ns
3101,0.1225920324886065,0.802588267840334,HK3,ns
3104,-0.21758229577089416,0.304375972464347,ZBTB48,ns
3105,0.1791553106147994,0.3948430902183016,HLA-A,ns
3106,-0.08773613358872723,0.6670140138299167,HLA-B,ns
3107,-0.01583908350606933,0.9631894767160846,HLA-C,ns
3108,-0.749244955407006,0.007404979621894719,HLA-DMA,down
3109,-0.8872602367606746,0.010702062919688992,HLA-DMB,down
311,-0.47591949336323935,0.01877564886446109,ANXA11,ns
3111,-1.421017976384201,0.0002910048858140653,HLA-DOA,down
3112,-1.1632206253300454,0.004893033651173808,HLA-DOB,down
3113,-0.9460681427636679,0.006476386715486694,HLA-DPA1,down
3115,-1.1434439666063447,0.001402510903902244,HLA-DPB1,down
3117,-1.2016871816859673,0.008619121657357636,HLA-DQA1,down
3118,1.0097014185692412,0.36696828514403795,HLA-DQA2,ns
3119,-1.2120350035091452,0.010895856757425984,HLA-DQB1,down
3120,-0.47689391271246784,0.11573847523046438,HLA-DQB2,ns
3122,-0.9921903865911936,0.0017405475476534433,HLA-DRA,down
3123,-0.9247572782436695,0.00233889315836259,HLA-DRB1,down
3125,-1.765233741932919,0.35491690873189424,HLA-DRB3,ns
3126,0.8785485789933167,0.5691585341128056,HLA-DRB4,ns
3127,-0.7239827077428398,0.5960438942122414,HLA-DRB5,ns
313,-0.9713517702457803,0.01688776533032835,AOAH,down
3131,-0.3529031190186869,0.16099387871651635,HLF,ns
3133,-0.6451359574560946,0.006707433479954847,HLA-E,down
3134,-0.3011780756316469,0.2800235718115237,HLA-F,ns
3135,0.03138443524664858,0.8890063905023908,HLA-G,ns
314,-0.6120127523699157,0.31126801129753434,AOC2,ns
3140,0.17639673105765574,0.3609918890720286,MR1,ns
3141,-0.32442632903365176,0.10990318945565322,HLCS,ns
3142,-0.07044516314991434,0.9151861199489343,HLX,ns
3145,1.0879858616141362,0.00011881796892935988,HMBS,up
3146,0.44971814441424485,0.017391510424949377,HMGB1,ns
3148,1.189523344460767,3.5549545039411276e-05,HMGB2,up
3149,1.585941124532269,0.0009786334742690008,HMGB3,up
3150,0.1621413770215714,0.45991729538268283,HMGN1,ns
3151,0.38260258418569393,0.03976071755361647,HMGN2,ns
3155,0.3900608805544179,0.08139194509856286,HMGCL,ns
3156,0.2973729726399501,0.07968147250495855,HMGCR,ns
3157,0.5947009433344732,0.016692420348643874,HMGCS1,up
3159,0.4762507860597509,0.2105219913467839,HMGA1,ns
3161,2.759475631457464,3.585648996713135e-05,HMMR,up
3162,-0.611281328497034,0.15668002588147362,HMOX1,ns
3163,0.1503310964848179,0.22696595372419315,HMOX2,ns
3164,-1.9743613542555725,0.008438616261692506,NR4A1,down
317,-0.17875054130004386,0.6019181318411421,APAF1,ns
3176,-0.5799901262117029,0.1617411303224859,HNMT,ns
317649,-0.134597464039107,0.6570920162100528,EIF4E3,ns
317662,-0.11496901763502088,0.2517058367787964,FAM149B1,ns
317671,-0.07883840808703813,0.6023192429225653,RFESD,ns
3177,-0.5332738358274369,0.02589944606832032,SLC29A2,ns
317749,-0.06097280826271234,0.780816369751475,DHRS4L2,ns
317762,-0.5379773367791358,0.006482313318734096,CCDC85C,ns
317781,0.028249449944841132,0.8831932366041976,DDX51,ns
3178,-0.1106623394170203,0.6215594291481787,HNRNPA1,ns
318,0.059141254723797054,0.7862894926890842,NUDT2,ns
3181,0.46056590738797,0.011104687297010515,HNRNPA2B1,ns
3182,1.0310220337466127,4.7125314128797945e-05,HNRNPAB,up
3183,0.16916254605988357,0.12809316598100398,HNRNPC,ns
3184,0.4819023967744265,0.008519458167320576,HNRNPD,ns
3185,0.5837224939843626,0.0026311470713891115,HNRNPF,up
3187,0.3275980336335582,0.04705780484518033,HNRNPH1,ns
3188,-0.024211213656023745,0.9538963699380599,HNRNPH2,ns
3189,0.09683338561275612,0.6519052205017242,HNRNPH3,ns
3190,0.03853981194747469,0.8020462433498577,HNRNPK,ns
3191,0.08735934926312261,0.36214673721758817,HNRNPL,ns
319101,-0.7471874243264374,0.09670682886855443,KRT73,ns
3192,0.24935190587537548,0.15874968861083955,HNRNPU,ns
3198,-0.2381976720771144,0.33613258411430946,HOXA1,ns
32,-0.5342440868470852,0.0034530004372229895,ACACB,ns
320,-0.9415969253396108,4.451229643020871e-05,APBA1,down
3201,-0.32065262136957706,0.012131570065150657,HOXA4,ns
3202,-0.5245573721719747,0.07749192254892734,HOXA5,ns
3205,-0.20222417530156633,0.39338791045788907,HOXA9,ns
3206,-0.34564982896686924,0.01694903070509329,HOXA10,ns
321,-0.6688743684545635,0.006987753531086266,APBA2,down
3212,-0.7133282582559666,0.031913224867485296,HOXB2,down
3213,-0.4136715952244332,0.14349003846681982,HOXB3,ns
3214,0.11667855873436395,0.5453340329839014,HOXB4,ns
3217,-0.0005300271539177004,0.9974460025004698,HOXB7,ns
322,-0.9412131410155435,0.0010234897844368467,APBB1,down
3221,-0.49088375391239936,0.038281551986935954,HOXC4,ns
3222,-0.3579844939179626,0.06618439553793996,HOXC5,ns
323,0.19909962503271572,0.5248473983600597,APBB2,ns
324,-0.36469566187141744,0.04951904580910583,APC,ns
3240,0.8900934302040797,0.08707809452649089,HP,ns
3241,-0.343692510095833,0.16108141041851465,HPCAL1,ns
3242,0.3831921667337861,0.06059004122951927,HPD,ns
3248,-0.39807326235026075,0.07898228555363238,HPGD,ns
3249,0.14340508244904182,0.6273752394684303,HPN,ns
3251,0.5083344142825563,0.009610120754697075,HPRT1,ns
3257,-0.30710637634740756,0.20785206215999924,HPS1,ns
3265,0.41152952800661424,0.01035195326148893,HRAS,ns
326624,-1.2480305360931787,2.5219669390480376e-05,RAB37,down
326625,-0.0027870618861314256,0.9886522178800747,MMAB,ns
3267,0.43316202076650967,0.03218180610949852,AGFG1,ns
3268,-0.4290446132414001,0.038486885141536746,AGFG2,ns
327,0.18393007293079755,0.13623053113322378,APEH,ns
3274,-0.5857193616414005,0.2829539692628838,HRH2,ns
3275,-0.681724392433054,0.0043501787810043,PRMT2,down
3276,0.6239920649061883,0.015553890309551031,PRMT1,up
328,-0.15371651740552927,0.387284199485766,APEX1,ns
3280,-0.09578738147121424,0.7918743102284236,HES1,ns
3281,0.036749641959294976,0.8419361457261745,HSBP1,ns
329,0.15761397221992546,0.24630581844475144,BIRC2,ns
3292,-0.17938567930892102,0.39056344397571524,HSD17B1,ns
3293,-0.32624926870455795,0.10843918404313195,HSD17B3,ns
3295,0.1944458575671515,0.303626259578378,HSD17B4,ns
3297,-0.019455975670938486,0.9315051333472631,HSF1,ns
3298,-0.015096231920277425,0.9579121799478129,HSF2,ns
3299,0.32437849796509255,0.40973333256132355,HSF4,ns
330,-0.4763513709873095,0.14893094952258884,BIRC3,ns
3300,-0.2671226008771832,0.10849681128256745,DNAJB2,ns
3301,0.39291772632622646,0.19024137647424752,DNAJA1,ns
3303,-0.5602921130403828,0.21044369435667906,HSPA1A,ns
3304,0.5494370299280558,0.1696043477012405,HSPA1B,ns
3305,-0.1689207284867411,0.4025426748087924,HSPA1L,ns
3306,-0.0039719321072029246,0.9830455683222302,HSPA2,ns
3308,0.7978043293071515,0.0006559266175651665,HSPA4,up
3309,1.1947755879347657,0.003147654504428673,HSPA5,up
331,0.18662246842698593,0.28659715914348216,XIAP,ns
3310,-0.12531715179383163,0.8688259495469274,HSPA6,ns
3312,0.10900689559988308,0.5170477698762165,HSPA8,ns
3313,0.5483896536537856,0.02372713989370687,HSPA9,ns
3315,-0.24977840008662966,0.4892044121790867,HSPB1,ns
332,2.848109382989448,4.796297124689089e-05,BIRC5,up
3320,0.6070651131680531,0.015549753487422208,HSP90AA1,up
3326,0.18026044265067753,0.37051201172352016,HSP90AB1,ns
3329,1.2130782262013025,0.0011575729227306702,HSPD1,up
3336,1.015767440765007,0.002351151755090531,HSPE1,up
3337,-0.9937407725408907,0.004772096368164768,DNAJB1,down
3338,-0.2609442274078049,0.32430412177367884,DNAJC4,ns
3339,0.45805481277219506,0.07260403985151957,HSPG2,ns
333926,-0.21352715209815631,0.36918482274064435,PPM1J,ns
333929,0.11635026137270188,0.6888760011913998,SNAI3,ns
334,-0.22301391786662172,0.5345435402277893,APLP2,ns
3340,0.1525414859194516,0.7202140777741177,NDST1,ns
3344,0.10143024978255788,0.6616343513613984,FOXN2,ns
3359,-0.6894916895103975,0.005925871635706141,HTR3A,down
3362,0.061569103659595115,0.7990513829307689,HTR6,ns
3363,-0.6298654224708127,0.0025902575309371075,HTR7,down
3364,0.1159390455292666,0.22885090243571876,HUS1,ns
3373,0.04612125881686424,0.8819307527822026,HYAL1,ns
3376,0.9695551018332011,0.004836805913041798,IARS1,up
337867,-0.5465211959608816,0.003781595589763217,UBAC2,ns
337876,-0.32257626585563504,0.49778835418977957,CHSY3,ns
3382,0.03258249666520019,0.7978070982638219,ICA1,ns
3383,-0.13135029926199238,0.842378622610838,ICAM1,ns
338339,0.6372169821656737,0.26935887494672867,CLEC4D,ns
338382,0.032664019144653444,0.9266297169112823,RAB7B,ns
3384,0.3793313966253393,0.021707179569401595,ICAM2,ns
338440,-0.5677320058166542,0.10388375665622931,ANO9,ns
338442,-0.3178939177082336,0.7300559748324948,HCAR2,ns
3385,-0.6684534690402959,0.03222263289661813,ICAM3,down
338557,0.20385701002585055,0.3348509383948841,FFAR4,ns
338596,-1.0053705927267949,0.0020011922001297805,ST8SIA6,down
3386,-0.2905027145325949,0.33804826062181054,ICAM4,ns
338657,0.1711635377243379,0.4421495903458859,CENATAC,ns
338692,-0.538143898788233,0.13470670753115907,ANKRD13D,ns
338699,-0.6431440923507372,0.0018750312482570795,ANKRD42,down
338707,-0.41909951694308933,0.06049502277486051,B4GALNT4,ns
338773,-0.15212825389381468,0.7751444389980259,TMEM119,ns
338811,-0.1583262374484189,0.48556809832758724,TAFA2,ns
339105,-0.13937692309860772,0.5996315345976116,PRSS53,ns
339122,-0.6194320995791536,0.038612389296574505,RAB43,down
339123,-0.3001847587952309,0.23573112768539273,JMJD8,ns
339175,0.6449543415182388,0.0033188103795402006,METTL2A,up
339210,-0.09641457562499145,0.550265082185493,C17ORF67,ns
339221,0.5127017787228754,0.01694135189872794,ENPP7,ns
339229,-0.054234301072463076,0.753997607509727,OXLD1,ns
339230,0.19607673764685352,0.03888886887741407,CCDC137,ns
339231,-0.007324549921946755,0.9702621194835047,ARL16,ns
339263,0.040152637879944386,0.8457548624737733,LINC02693,ns
339287,-0.6967796912801116,0.043887122393129765,MSL1,down
339318,-0.11062959462331978,0.6560002306641698,ZNF181,ns
339324,-0.014496708920422208,0.9667770536746106,ZNF260,ns
339327,0.24804006664934874,0.09224753953774903,ZNF546,ns
339344,-0.12000678940589005,0.7226340284611938,MYPOP,ns
339366,-0.44456020333488055,0.06024905197169433,ADAMTSL5,ns
339390,0.006147924051869147,0.9864311584920945,CLEC4G,ns
3394,-0.270814418091641,0.28588268880452133,IRF8,ns
339416,1.0112627857071663,0.001635105999379855,ANKRD45,up
339448,-0.21088864551729714,0.031191801897885115,C1ORF174,ns
339451,-0.007410961536671756,0.9816702702462592,KLHL17,ns
339487,0.6336466158495497,8.944250117801734e-05,TSLIG1,up
339488,-0.5068118712541629,0.008601218510602525,TFAP2E,ns
339500,-0.36611344582837635,0.06187641883533325,ZNF678,ns
339541,-0.4141606749175839,0.06455396494303517,ARMH1,ns
339559,0.018331958085240352,0.8825214735891174,ZFP69,ns
3396,0.8911417671582997,0.000127047461887024,MRPL58,up
339665,0.10503522240798802,0.6147931358552156,SLC35E4,ns
3397,0.2657545014670175,0.6605703054640792,ID1,ns
339745,-0.15657409676492762,0.5527308790412274,SPOPL,ns
339768,-0.11631461159590817,0.5699745203194581,ESPNL,ns
3398,-0.5818842705739762,0.02892966352965194,ID2,down
339804,0.35737585747614364,0.15403940259890161,DEMA1,ns
339829,0.08217718965403265,0.6759752832915249,CCDC39,ns
339855,-0.5598462877517054,0.25395610284985504,KY,ns
339883,0.12784376557839572,0.5474234287731172,APRG1,ns
3399,-0.4433195120249689,0.13707409240085752,ID3,ns
339983,-0.4750096242150832,0.00147825376833636,ASPNAT,ns
34,1.0781835876943173,0.0012606206143775621,ACADM,up
340061,-0.08700705952977827,0.6726247005594521,STING1,ns
340120,0.6415540125437573,0.24330562977616388,ANKRD34B,ns
340146,0.018171637373774807,0.9427399426612203,SLC35D3,ns
340152,-0.2831584886861318,0.2786072390420756,ZC3H12D,ns
340156,-0.46034363285057633,0.0029066018204759124,MYLK4,ns
340205,-1.7690415331241818,0.0181224521109763,TREML1,down
340252,0.05700366522966416,0.7942796308134547,ZNF680,ns
340277,0.03251289060585183,0.7989113056916135,FAM221A,ns
340348,-1.408665922583129,0.001054641999074199,TSPAN33,down
340351,-0.07681774590482782,0.711395191710244,AGBL3,ns
340371,-0.5200179545810357,0.031611967626249675,NRBP2,ns
340385,-0.37898298572379474,0.023118374452849835,ZNF517,ns
340390,-0.24699354767064197,0.42204897244540696,WDR97,ns
340481,0.3431922767921183,0.06614394871779868,ZDHHC21,ns
340485,-0.015857028948414786,0.9448957788600547,ACER2,ns
340526,-0.6581397784270306,0.057782056832538696,RTL5,ns
340527,-0.8467554883735673,0.03819143684793547,NHSL2,down
340533,-0.27697124558606045,0.1553209533606547,NEXMIF,ns
340542,-0.027757303664792232,0.933951601963171,BEX5,ns
340547,-0.6019588217608822,0.07150826730723196,VSIG1,ns
340554,-0.4348226581077972,0.020445766119798602,ZC3H12B,ns
3416,0.8992259538823966,0.0011552670748891808,IDE,up
341676,-0.016654840457289488,0.9773912665868754,NEK5,ns
3417,0.9120892200472017,0.00875470369809816,IDH1,up
3418,1.1520478666194354,0.0012207883096122,IDH2,up
3419,0.938268496820756,0.000360704291455176,IDH3A,up
3420,0.07022977906852468,0.3430642676560235,IDH3B,ns
342035,0.5449107007806138,0.011290221041231088,GLDN,ns
3421,-0.10067216256364553,0.6596392284445968,IDH3G,ns
342184,-0.5555569113191243,0.2912288776556996,FMN1,ns
3422,-0.13411147417504488,0.6554662623889269,IDI1,ns
3423,-0.8533511309450699,0.0004452802405177992,IDS,down
342346,-0.41704331893248714,0.00367031361211654,C16ORF96,ns
342357,-0.20901821180645008,0.19522005811948143,ZKSCAN2,ns
342371,-0.20800760108613758,0.3683122288169448,ATXN1L,ns
3425,-0.4930988017084319,0.08734973164320736,IDUA,ns
342510,-0.06263642445725814,0.916157501462401,CD300E,ns
342618,-0.06037037363518394,0.8530415899389855,SLFN14,ns
3428,0.9658928721439661,0.0015090781890561486,IFI16,up
342865,-0.28863813915296976,0.3175910877289592,VSTM2B,ns
342892,-0.09225028661256918,0.6488487848781371,ZNF850,ns
3429,6.911544990535098,1.5164391865110767e-06,IFI27,up
342908,-0.32410522423868393,0.13942397467485207,ZNF404,ns
342909,-0.2887135455811336,0.15496357237967046,ZNF284,ns
342926,-0.10258511732882347,0.5955909453842458,ZNF677,ns
342931,0.1235737707971305,0.7067677139235113,RFPL4A,ns
342945,0.13069129071506325,0.5569005956812424,ZSCAN22,ns
3430,1.6276877125967442,0.0003060773914874725,IFI35,up
343099,0.4227401213512554,0.008435524634445836,CCDC18,ns
3431,0.3140191258579996,0.28793770127089313,SP110,ns
343171,-0.5962727479296692,0.061519466958406176,OR2W3,ns
3433,1.143605038167422,0.24743549269433973,IFIT2,ns
3434,2.2701378453130907,0.026603927380573794,IFIT1,up
343413,-1.4356845674034933,0.0036984087688309523,FCRL6,down
343521,0.10688123476720968,0.8110720888411237,DYNLT4,ns
3437,1.686775107770492,0.07064867946244463,IFIT3,ns
343990,-0.2428716409943954,0.21118529342031916,CRACDL,ns
344558,-0.10499353561584357,0.6802313228960389,SH3RF3,ns
344787,-0.4111851058573759,0.12129236946727913,ZNF860,ns
345051,-0.03046649942168056,0.9148391136844853,REELD1,ns
345222,-0.06113821049678947,0.8079966080172241,MSANTD1,ns
345275,0.17177392205003006,0.41747275785137394,HSD17B13,ns
3454,0.5237707270887384,0.016871198920558647,IFNAR1,ns
345462,0.03574157880846229,0.8662136532741764,ZNF879,ns
3455,0.5913812041836959,0.0033542162694491146,IFNAR2,up
345611,-0.4707774324886227,0.09975202010409782,IRGM,ns
345757,0.2585930868459627,0.4022570738531743,FAM174A,ns
345778,0.11591087729383887,0.7095171461178564,MTX3,ns
3458,-0.051051502080342814,0.9210304241719447,IFNG,ns
345895,-0.21753845170565622,0.20249759802068176,RSPH4A,ns
3459,-0.08782973125751958,0.8178360994270965,IFNGR1,ns
3460,0.1787540508520724,0.5820858498091761,IFNGR2,ns
346007,0.08305827070967631,0.6273480176941288,EYS,ns
346157,-0.2548491360300984,0.2971895352364242,ZNF391,ns
346171,-0.684112913251445,0.22625501749020602,ZFP57,ns
346288,-0.28152165393811046,0.22660038391704684,SEPTIN14,ns
346389,1.1467615957584476,0.0008262470456181622,MACC1,up
346528,-0.25326164402548024,0.226151625706303,OR2A1,ns
346653,0.2378845005476533,0.508266472725248,GARIN1A,ns
347240,1.3171741246029303,0.0001075258269858596,KIF24,up
347344,-0.2260847890130373,0.1911776927740206,ZNF81,ns
347404,-0.18236077876751722,0.46060898259439964,LANCL3,ns
347454,0.17803191655755857,0.6083835728750118,SOWAHD,ns
3475,-0.3554875560180104,0.47492150528573274,IFRD1,ns
3476,-0.22639865039286278,0.010738389331100509,IGBP1,ns
347733,-0.03309790228058418,0.9448340840404164,TUBB2B,ns
347734,0.2841732664184242,0.1193645259515432,SLC35B2,ns
347735,-0.7966514188049718,0.08479884826376738,SERINC2,ns
347736,0.016171655620975223,0.9545625635638214,NME9,ns
347744,0.4340657632976228,0.017402205891556697,C6ORF52,ns
347862,-0.4365127179040691,0.004441792525492616,GATD1,ns
3479,2.085581223458618,0.000689559405014307,IGF1,up
347902,-0.4002387949917763,0.027069871010008805,AMIGO2,ns
348,0.5103121768414649,0.0095646482585481,APOE,ns
3480,-1.193943973046519,0.0008348441609599544,IGF1R,down
348013,0.005810502816013141,0.983481104492729,TMEM255B,ns
348093,-0.7454049772148252,0.10529410613407417,RBPMS2,ns
348094,0.5523402609225716,0.0010806406003110592,ANKDD1A,ns
348110,-1.1796726618765376,0.05040518299383207,ARPIN,ns
348174,-0.01881528909261654,0.9645541323925718,CLEC18A,ns
348180,0.8289551766107106,0.0007619187111735224,CTU2,up
3482,-0.41401788579779897,0.23660056584580208,IGF2R,ns
348235,0.9154752392864332,0.0025961361177293902,SKA2,up
348262,-0.4274992087738845,0.04915292485138114,MCRIP1,ns
348327,-0.03661011018024052,0.8849887783627153,ZNF530,ns
348378,-0.529803144690006,0.04208824255548465,SHISAL2A,ns
3485,0.2685814587295603,0.6705990494879381,IGFBP2,ns
3486,-1.057130533742006,0.009000009101780452,IGFBP3,down
348645,-0.06185182792396837,0.7859318109600365,MIR3667HG,ns
348654,1.1062292101137539,0.00010288806382113072,GEN1,up
3487,0.052635442382562125,0.8687306383728488,IGFBP4,ns
348751,-0.10137694910864692,0.45758398099433095,FTCDNL1,ns
348793,-0.05662604612525701,0.7255319142060735,WDR53,ns
348801,0.6493109730664539,0.00448383713661591,LNP1,up
3489,-0.4782713711325748,0.0009279783815925753,IGFBP6,ns
348938,-0.5660688857923803,0.08141105377462472,NIPAL4,ns
348995,0.3292365943512756,0.30307001403198286,NUP43,ns
3490,-0.29916513072024475,0.34611343769637265,IGFBP7,ns
349075,-0.02322653277753961,0.8945901149581422,ZNF713,ns
349136,-0.4050572608071832,0.13623053113322378,WDR86,ns
349565,-0.4990813797391773,0.006356184526469976,NMNAT3,ns
349667,-0.4500465740665067,0.023584330023119892,RTN4RL2,ns
35,0.09676466362564629,0.5708298906422523,ACADS,ns
3508,0.0028477458717546256,0.9898960401823367,IGHMBP2,ns
351,-0.49581973783737787,0.02996959558069968,APP,ns
3512,3.3978138187399587,0.0004355262398047991,JCHAIN,up
3516,0.013568946905484935,0.9660678351717591,RBPJ,ns
352909,-0.5990846868945949,0.006889351324573497,DNAAF3,down
352954,-0.6828737741268114,0.01444505840715965,CASTOR3P,down
353,-0.17683292029083653,0.24465192214487033,APRT,ns
353088,0.10748445765894044,0.7670118865946586,ZNF429,ns
353116,-0.14498230696715275,0.6309514657721539,RILPL1,ns
353189,-0.21351236509594962,0.5757290622544349,SLCO4C1,ns
353238,-0.19630824390285895,0.5720879563639724,PADI6,ns
353274,-0.1913787869029253,0.2226028076925631,ZNF445,ns
353322,0.2711519176205739,0.12721609291048766,ANKRD37,ns
353345,0.03534744959828373,0.9414106902363033,GPR141,ns
353355,-0.023043071340847376,0.87859744212982,ZNF233,ns
353376,0.19665124813433899,0.6751329213479376,TICAM2,ns
353497,0.6175581679978865,0.007385233886011493,POLN,up
353500,0.3246171585660287,0.11837126046315594,BMP8A,ns
353514,-0.05036736415011411,0.9330998359697107,LILRA5,ns
3543,1.8821882976059499,0.008835978259586803,IGLL1,up
355,0.2935642576828261,0.42084022553738104,FAS,ns
3550,0.10111307958660021,0.24434671533080676,IK,ns
3551,-0.35740104845806897,0.0062110739013823794,IKBKB,ns
3553,-0.2628172270437368,0.7968886840750463,IL1B,ns
3554,-0.6455403316472106,0.2771184475983859,IL1R1,ns
3556,-0.3636033751876422,0.3956686354993944,IL1RAP,ns
3557,0.4520333773320182,0.5699745203194581,IL1RN,ns
3559,-0.24910916495299773,0.3349297645840171,IL2RA,ns
356,0.23213199877779633,0.6650805799852068,FASLG,ns
3560,-1.3315400796846362,0.0021969067992397597,IL2RB,down
3561,-0.11498470361542701,0.44375093707722063,IL2RG,ns
3563,0.04515480327013233,0.9280672186418093,IL3RA,ns
3566,-0.9414270382282144,0.01048895700404473,IL4R,down
3568,-1.0085799087226857,0.0004032465592816362,IL5RA,down
3569,1.161080208338201,0.033668012867273514,IL6,up
3570,0.12772409270108298,0.6214098170180891,IL6R,ns
3572,0.4843079695218844,0.07202749009357567,IL6ST,ns
3574,-0.218399233010115,0.15897960371222583,IL7,ns
3575,-0.10220001780219334,0.847651088740576,IL7R,ns
3576,-1.226352752818892,0.3928139840446281,CXCL8,ns
3577,-1.066786563467156,0.2964500890656639,CXCR1,ns
3579,-0.8349797148794487,0.36414323257328834,CXCR2,ns
358,0.0878777908014019,0.7990847301972593,AQP1,ns
3581,-0.9863589162057336,0.005228185431090426,IL9R,down
3586,0.9646615508511784,0.0004941451258806805,IL10,up
3587,-0.7797818038732913,0.0070326563176456285,IL10RA,down
3588,0.1658325270159775,0.44434373337651184,IL10RB,ns
3590,-0.644950237628775,0.01807963117715019,IL11RA,down
3592,0.8471509819802137,0.017523310672534254,IL12A,up
3594,0.09703614364866553,0.596901510681203,IL12RB1,ns
3595,0.050228322280180926,0.8933864443721731,IL12RB2,ns
3597,-1.1605622933380264,0.011631517484684831,IL13RA1,down
359845,-0.9427481682283432,0.001402510903902244,RFLNB,down
359948,-0.8815013381551982,0.009836745595805356,IRF2BP2,down
36,-0.6166785588481343,0.0021815056969655944,ACADSB,down
360,1.3040652277399438,0.009014068123915626,AQP3,up
3600,0.31921447668322855,0.18399201052973793,IL15,ns
360023,-0.05338081490589186,0.8284200557278123,ZBTB41,ns
3601,0.9446602185958222,0.00012147372017770018,IL15RA,up
3603,-0.8502359471656398,0.00035410597114607237,IL16,down
3604,-0.34400910394552664,0.1904130317853601,TNFRSF9,ns
3606,-0.1316480280462331,0.6471243561589126,IL18,ns
3607,0.06638086801220666,0.6381217649606433,FOXK2,ns
3608,0.6519010849975952,0.006071542897444453,ILF2,up
3609,0.16547971188406763,0.11748313272357602,ILF3,ns
3611,-0.17180375487210853,0.42100182993009827,ILK,ns
3612,0.46839429123463105,0.07561663446461238,IMPA1,ns
3613,-0.7906758936562674,0.03201168696550746,IMPA2,down
3614,-0.7137458007212789,0.03337136890365703,IMPDH1,down
3615,-0.1053992791739109,0.5946424692773502,IMPDH2,ns
3619,0.8971661874350261,0.002512802700213979,INCENP,up
3620,1.500085775813905,0.010650815042999211,IDO1,up
3621,-0.28803999507778677,0.08067680223788118,ING1,ns
3622,-0.24373527180650179,0.22696265441101363,ING2,ns
3624,-0.10709657676424023,0.7758518991229988,INHBA,ns
3625,-0.09565566939459558,0.7822171385574984,INHBB,ns
3627,2.508438184616973,0.008718950040696026,CXCL10,up
3628,0.45196841865914283,0.02920983471382072,INPP1,ns
3631,-0.01371560659980453,0.9265607290325683,INPP4A,ns
3632,-0.5902817238776468,0.02468927581565322,INPP5A,down
3633,-0.028690586046483446,0.8746618077885964,INPP5B,ns
3635,-0.4664710366351752,0.016631393484500316,INPP5D,ns
3636,-0.2302981366500525,0.3932826360512004,INPPL1,ns
3638,-0.1912983206700254,0.434787767148194,INSIG1,ns
3640,0.3456218342161881,0.43968558878625075,INSL3,ns
3643,-0.3763117474636939,0.08093925411597092,INSR,ns
3646,-0.4222370795985615,0.0014777054225008275,EIF3E,ns
3652,0.17918935447414697,0.39156384031402713,IPP,ns
3654,0.23432590707791867,0.17936796002401864,IRAK1,ns
3655,-0.032752736559322315,0.9409641156310163,ITGA6,ns
3656,0.173903489139847,0.42900863453952304,IRAK2,ns
3658,0.14102553561704134,0.5753098657979969,IREB2,ns
3659,-0.11724787833635375,0.7732244009743346,IRF1,ns
366,-0.2733623878256992,0.7720723322291989,AQP9,ns
3660,0.30685435695716556,0.19644605519133249,IRF2,ns
3661,0.11641452433686617,0.5250853592467116,IRF3,ns
3662,1.410276404246444,0.010656644633408771,IRF4,up
3663,-0.10520660156344874,0.7930136090354328,IRF5,ns
3664,-0.38351145715894486,0.07188244104887659,IRF6,ns
3665,1.6292944349106833,0.0006938412747499276,IRF7,up
3667,0.42887800806229404,0.03973166836312023,IRS1,ns
3669,1.6987484391990098,0.00012424165641720513,ISG20,up
367,-0.3668898598856698,0.10073547979062504,AR,ns
3672,0.17666730570975986,0.6053411229188116,ITGA1,ns
3673,0.23172814938686148,0.15118797569318876,ITGA2,ns
3674,-2.1364695754268475,0.012126726242799063,ITGA2B,down
3675,0.8471225295695275,0.004107701875289174,ITGA3,up
3676,0.08660493992129403,0.776754378072312,ITGA4,ns
3678,-0.6321753932010026,0.08225282813343526,ITGA5,ns
3679,0.9696226603973255,0.006038673353288589,ITGA7,up
368,-0.16498072044505463,0.5767641296797918,ABCC6,ns
3680,-0.23862853098029024,0.277836749032938,ITGA9,ns
3681,-0.3137743304449909,0.3612061354486632,ITGAD,ns
3682,-0.0186583284880113,0.9352663509326128,ITGAE,ns
3683,-0.446944438007014,0.019153519777724465,ITGAL,ns
3684,-0.4426438703341731,0.3191724112096014,ITGAM,ns
3685,-0.12146867655923632,0.7413107753617965,ITGAV,ns
3687,-0.982545116417942,0.09586248500613075,ITGAX,ns
3688,0.1202935659833777,0.6469308971432814,ITGB1,ns
3689,-0.5731197510571615,0.0761837766331192,ITGB2,ns
369,-0.043051702875832376,0.8354469616894783,ARAF,ns
3690,-1.603592888650942,0.019841758670398883,ITGB3,down
3691,-0.26748687740502675,0.40308507029546803,ITGB4,ns
3692,0.04174972837650337,0.7655494833370525,EIF6,ns
3693,-1.0958103276005202,0.04353374925900391,ITGB5,down
3695,0.9212730819375654,0.0032566404715948156,ITGB7,up
3696,-0.6399768022016268,0.012756072312100691,ITGB8,down
3697,-0.21303568437111764,0.2583492765513736,ITIH1,ns
37,0.4609184629447256,0.012054405989099449,ACADVL,ns
3700,0.09001413221629218,0.8175564768181539,ITIH4,ns
3702,-0.5638742663667422,0.033541919592229616,ITK,ns
3703,1.5744644622868655,0.0007460479784943176,STT3A,up
3704,0.2697497317030795,0.11824161293507708,ITPA,ns
3705,-0.4091033114409477,0.2520211534541497,ITPK1,ns
3707,-1.118507357328987,5.209741172954663e-06,ITPKB,down
3708,-0.16779215870423236,0.39636407139309404,ITPR1,ns
3709,-0.004758173256632858,0.983481104492729,ITPR2,ns
3710,-0.04499277436465299,0.8444720603790925,ITPR3,ns
3712,0.1932521716386848,0.2971487318525225,IVD,ns
3714,-0.4355619616778297,0.026526978844520634,JAG2,ns
3716,-0.7014345038476169,0.00019081626076568518,JAK1,down
3717,0.6504607306970005,0.0703029436162651,JAK2,ns
3718,0.06810427071518355,0.8697610213802741,JAK3,ns
372,0.4907484721452562,0.03359239032698811,ARCN1,ns
3720,-0.12646949607715996,0.4968797110289191,JARID2,ns
3725,-0.2819352949704701,0.8066334508626023,JUN,ns
3726,-1.2594497420851596,0.07651688373832707,JUNB,ns
3727,-1.0547309060954415,0.07457647120834486,JUND,ns
3728,0.42376367297996786,0.38613337725877256,JUP,ns
373,-0.057226086577168545,0.7913731875186031,TRIM23,ns
3730,0.1334135891280397,0.5276530410731136,ANOS1,ns
373156,-0.42983267630371813,0.0034139067786769775,GSTK1,ns
3732,-0.5251308543709303,0.10546143047196269,CD82,ns
3735,0.27454637038804997,0.021644997440157323,KARS1,ns
3737,1.5076661204833535,0.0010781135934496214,KCNA2,up
3738,0.3215306459190863,0.2799071486222397,KCNA3,ns
373863,0.3220427422565333,0.050768445461761846,DND1,ns
374,-0.006974879338714324,0.9933878542685708,AREG,ns
3741,0.1675221270628091,0.4053683847870502,KCNA5,ns
3742,-0.7247424751067184,0.005033852043668988,KCNA6,down
374291,0.43739740282236994,0.020595320722180017,NDUFS7,ns
3743,-0.052309972250363046,0.8545843687509658,KCNA7,ns
374354,-0.06851391162817766,0.5691585341128056,NHLRC2,ns
374378,0.542385710433309,0.021644997440157323,GALNT18,ns
374383,-0.041048572041646025,0.8686660430275591,NCR3LG1,ns
374393,1.437323133331918,0.0034279808820071294,FAM111B,up
374395,0.22177950362942767,0.29181702103507196,TMEM179B,ns
374403,-0.5319059213230037,0.006117338882538261,TBC1D10C,ns
374407,-0.4438679231295035,0.02650126564967201,DNAJB13,ns
374470,-0.3900835249759691,0.07824499555500022,C12ORF42,ns
374618,0.4597835140286817,0.21012288810808746,TEX9,ns
374654,0.1392861487198882,0.5598009800947329,KIF7,ns
374655,-0.3851659633166111,0.14036928635920473,ZNF710,ns
374659,0.31441422026203014,0.055737569759582176,HDDC3,ns
374739,-0.15279002972434963,0.3526218523295079,SPMIP8,ns
374786,-0.06171551417437726,0.7171396032615226,EFCAB5,ns
3748,-1.1293193053265922,0.0004876438337486646,KCNC3,down
374819,-0.3409211387996489,0.04699768142992386,LRRC37A3,ns
374868,-0.12167419460570272,0.2661761398034582,ATP9B,ns
374872,0.17758624654691602,0.760266435112091,PEAK3,ns
374875,-0.5583190395633748,0.000786140783147182,HSD11B1L,ns
374879,-0.533741566551365,0.019535049681181475,ZNF699,ns
374882,-0.1314984602257141,0.5197626455239805,TMEM205,ns
374887,0.09720599738092339,0.7107893908698687,YJEFN3,ns
374899,-0.16340215049977402,0.42245774610903447,ZNF829,ns
3749,-0.3943594863692237,0.01262440601489948,KCNC4,ns
374900,-0.28170326429510695,0.06341683677286496,ZNF568,ns
374907,-0.005025952678392009,0.9926910075283668,B3GNT8,ns
374920,-0.28360879788085924,0.01395274762232774,ZSWIM9,ns
374928,-0.08017748791605417,0.7472998129306626,ZNF773,ns
374946,-0.5248176701961347,0.1532520880993718,DRAXIN,ns
374969,-0.0951187276385781,0.4813639852924952,SVBP,ns
374986,-0.17269493022515192,0.20298727935032215,MIGA1,ns
375,0.09691944893527271,0.53413358132662,ARF1,ns
3750,0.5147164848011387,0.22417106124263678,KCND1,ns
375033,-1.0227843879845935,0.09678983122979928,PEAR1,ns
375035,0.36865053131219305,0.07350744045345482,SFT2D2,ns
375056,0.3503246032404519,0.012505914906021527,MIA3,ns
375061,0.38609376604716505,0.008983366131600046,FAM89A,ns
375190,-0.5420680332223764,0.00426040512033604,FAM228B,ns
3752,-1.0391265721825738,0.0026447372355330144,KCND3,down
375248,0.30699251482956047,0.3216855383997681,ANKRD36,ns
375287,0.37013438882593697,0.18363790858556808,RBM43,ns
3753,0.20146805284643765,0.5230292589942989,KCNE1,ns
375307,-0.3835284811746842,0.18157510911732286,CATIP,ns
375316,-0.1538918322539251,0.4332356004624082,RBM44,ns
375341,-0.37036881402402244,0.34367358925285174,C3ORF62,ns
375346,0.3260055534086277,0.011489112279974316,STIMATE,ns
375387,-0.22135176002593937,0.4102980321206408,NRROS,ns
375444,0.17866389233886792,0.2856401689989284,C5ORF34,ns
375449,-0.13135041215087817,0.6928177179455391,MAST4,ns
375484,-0.4383670516090241,0.01601372537267233,SIMC1,ns
3755,-1.0205397335412965,0.006486533976394428,KCNG1,down
375593,-0.3750625200216815,0.09548110909313287,TRIM73,ns
375611,0.22754783892254782,0.5610456844616561,SLC26A5,ns
375616,0.665510045869782,0.0093331703393706,KCP,up
375686,0.2848938428576844,0.4152604069694342,SPATC1,ns
3757,-0.6668315546582742,0.0886160739389978,KCNH2,ns
375704,-1.343044858423661,2.6102005816507474e-05,ENHO,down
375743,-0.32038615668474435,0.07909582319630647,PTAR1,ns
375748,-0.03251228091117042,0.8270547758665828,ERCC6L2,ns
375757,-0.09577567028703537,0.46056135635810036,SWI5,ns
375775,-0.5820777530002177,0.052900736410780434,PNPLA7,ns
375790,0.7628620656250087,0.08999469446695926,AGRN,ns
375791,0.2655725666305955,0.10512872833715106,CYSRT1,ns
3759,-0.07435202471129099,0.9284120070171672,KCNJ2,ns
376267,-0.608696230302141,0.09168150533048634,RAB15,ns
376497,-0.909167177710497,0.006707433479954847,SLC27A1,down
3766,0.6236378203233528,0.13072591516054713,KCNJ10,ns
376940,-0.4859298509292458,0.00895585188947897,ZC3H6,ns
377,-0.14289217259490172,0.3562984276664904,ARF3,ns
3770,0.04426291432716134,0.8246393462499819,KCNJ14,ns
377007,0.31202047378696296,0.1955328587811125,KLHL30,ns
3772,-0.07436568759932882,0.9478117243832571,KCNJ15,ns
377677,0.046784364593557726,0.7013690979923922,CA13,ns
3778,0.3743515456607591,0.21575681494071403,KCNMA1,ns
3779,-0.3183638057578362,0.39927006830827505,KCNMB1,ns
378,0.8154804899001906,0.0005419482878737322,ARF4,up
378108,-0.6171469453430536,0.006153840759899612,TRIM74,down
3782,2.220183580649758,0.0004525540841264201,KCNN3,up
3783,0.37045262237333887,0.16099387871651635,KCNN4,ns
3784,-1.106334937627631,0.0012665957319622913,KCNQ1,down
3787,-0.03969406364944561,0.9037684557493577,KCNS1,ns
378708,0.8173745320534884,0.009768219759192941,CENPS,up
378884,0.030208044001991396,0.8746391325976407,NHLRC1,ns
379,-0.37677641450294175,0.15360973637868447,ARL4D,ns
3792,0.2319253717353842,0.4935908322117313,KEL,ns
3795,0.1651952010871831,0.26711193228567637,KHK,ns
3796,-0.1328068024612854,0.4190599118457208,KIF2A,ns
3797,-0.5129470095865756,0.15703493770576238,KIF3C,ns
3798,-0.27866898474700097,0.12314776992231413,KIF5A,ns
3799,0.10251759889503553,0.5653045127508666,KIF5B,ns
38,1.1811190605916098,0.00014377771754121236,ACAT1,up
3800,-0.3627014502755612,0.2876786567142566,KIF5C,ns
3801,-0.9694691020163466,0.01895711603523838,KIFC3,down
3802,-0.6598047822247457,0.4431180834982887,KIR2DL1,ns
3803,0.0828829993176079,0.9315309483358627,KIR2DL2,ns
3804,-1.4942214079097331,0.05612229439006676,KIR2DL3,ns
3805,0.09563989574752707,0.8338569361981124,KIR2DL4,ns
3806,-0.39011619929150587,0.5691585341128056,KIR2DS1,ns
3809,-1.393660398910372,0.2640235674123093,KIR2DS4,ns
381,-0.45527813795346894,0.047575564837095144,ARF5,ns
3810,0.040741213336741744,0.9414106902363033,KIR2DS5,ns
3811,-1.7049164924202804,0.006606727906210391,KIR3DL1,down
3812,-1.1341399901480296,0.04112400561816648,KIR3DL2,down
3813,-0.3524179021461542,0.4191067297755968,KIR3DS1,ns
3815,-0.8633065045650437,0.0002285394761092122,KIT,down
3816,0.1952348599669982,0.5810260893217537,KLK1,ns
3818,-0.21093075247768756,0.18863428465911397,KLKB1,ns
382,-0.2551463720487259,0.06461142361782139,ARF6,ns
3820,-1.9925125223370692,2.4643204638684142e-05,KLRB1,down
3821,-0.6032525846816501,0.20824703165800867,KLRC1,ns
3822,-0.8445680511026712,0.06273385338674553,KLRC2,ns
3823,-1.232509330633171,0.002908899306739905,KLRC3,down
3824,-0.4776676347062345,0.24628742957408054,KLRD1,ns
383,0.13449179284160806,0.8494561110601248,ARG1,ns
3831,0.14769593988083862,0.05205696610077884,KLC1,ns
3832,2.5400704046493763,0.00012669864048266084,KIF11,up
3833,2.770775777872382,3.6368179534062836e-05,KIFC1,up
3835,0.7743024029509353,0.007405812668462699,KIF22,up
3836,0.09534338046334057,0.3815012477657828,KPNA1,ns
3837,0.47919401666572625,0.004801190365217208,KPNB1,ns
3838,1.1915817121097572,0.00948648566650385,KPNA2,up
3839,0.28261517756682686,0.11078426412416463,KPNA3,ns
384,0.13487250093396774,0.2518357374122357,ARG2,ns
3840,-0.1405454781019415,0.23732396647440784,KPNA4,ns
3841,0.09059377641473176,0.6547745653091458,KPNA5,ns
3842,0.3106692887470377,0.08348586759222738,TNPO1,ns
3843,0.233662171120967,0.3146815940089829,IPO5,ns
3845,0.15566753814912815,0.36634129811425387,KRAS,ns
3848,-1.0396711738907864,0.0420566148973074,KRT1,down
3852,0.2833791627641862,0.41624316107715187,KRT5,ns
3856,0.33596457990010453,0.04899096122014242,KRT8,ns
3858,-0.2217648040613538,0.40960336933530517,KRT10,ns
386724,0.23178604896458044,0.40075031853928417,AMIGO3,ns
387,-0.3508582940793481,0.015238217587632856,RHOA,ns
387032,0.052076187349889835,0.8532648574014922,ZKSCAN4,ns
387103,1.2774447976036516,0.00020509376712385312,CENPW,up
387104,-0.6090069828273199,0.05478330080938192,MTCL3,ns
387119,-0.6324269278073107,0.0015942535301108982,CEP85L,down
387263,0.27226985515162383,0.045876419509898334,C6ORF120,ns
387338,0.22662109588990376,0.03483913892019399,NSUN4,ns
387357,-0.3014369736182765,0.4162568063022691,THEMIS,ns
387496,-0.7599291513222877,0.0027487228446375577,RASL11A,down
3875,0.05051074783840814,0.836894442392502,KRT18,ns
387509,-1.3728487487999468,3.435112828484447e-05,GPR153,down
387521,-0.33818852590331794,0.07033993525445985,PEDS1,ns
387522,-0.0329466396301612,0.9613998557629375,PEDS1-UBE2V1,ns
387597,0.3398006411508092,0.03834047900039075,ILDR2,ns
387680,-0.2388968520990904,0.1828581425979649,WASHC2A,ns
387707,0.43317808170853667,0.02425656025000949,CC2D2B,ns
387723,-0.796524367713487,0.004067160237958997,C10ORF143,down
387763,0.03592380642974913,0.9147200524568629,C11ORF96,ns
387778,0.09212853328086101,0.9048733286710295,SPDYC,ns
387787,-0.460372955651728,0.004604083521651539,LIPT2,ns
387837,-0.056058159917736994,0.8856908730114957,CLEC12B,ns
387882,0.4758260544769861,0.06704363854250968,C12ORF75,ns
387893,0.11665819162417179,0.5108651677008434,KMT5A,ns
387914,-0.26876471245114253,0.3294132876159406,SHISA2,ns
387921,0.6440560856676978,0.011391445809520576,NHLRC3,up
388,0.06938733616710913,0.9040325638555716,RHOB,ns
388115,-0.4281651308762431,0.0622706788497725,CCDC9B,ns
388228,-0.7166533124784387,0.028522804142295334,SBK1,down
388272,0.22599535479419508,0.35359612690074793,HDIP1,ns
388284,-0.1312180064240982,0.48130224709623975,C16ORF86,ns
388323,-0.5338251659914848,0.00538466795797997,GLTPD2,ns
388324,-0.2866674920042547,0.03190517165249938,INCA1,ns
388325,-0.3188805307998166,0.4353996666501345,SCIMP,ns
388327,-0.10510244186784501,0.5513176569781687,C17ORF100,ns
388335,-0.6005528396761095,0.00282654817344933,TMEM220,down
388341,-0.8158597967266994,0.0029385952575694146,LRRC75A,down
388372,-0.4079451929523392,0.40726211221723013,CCL4L1,ns
388389,-0.1976189376199562,0.1905297276334113,DNAAF19,ns
388403,-1.0802150511839184,0.00029993126924077374,YPEL2,down
388507,0.6392942189165458,0.00117053728009552,ZNF788P,up
388512,-0.6041653644358629,0.09546549736312958,CLEC17A,ns
388524,-0.3494443432972121,0.7248805474782246,RPSA2,ns
388536,-0.03708232283483426,0.8871501632437556,ZNF790,ns
388552,-0.3590263328580168,0.04846601350577383,BLOC1S3,ns
388558,-0.29530771293899605,0.19342329606772604,ZNF808,ns
388559,-0.13132053135693678,0.5298188883708076,ZNF888,ns
388561,0.32933517159164083,0.20234224287493835,ZNF761,ns
388564,0.0601454210512804,0.7452733930879667,TMEM238,ns
388566,-0.304812757153174,0.2281297702619666,ZNF470,ns
388567,-0.13833218251688173,0.41461887346544585,ZNF749,ns
388569,-0.031558076324160744,0.7930136090354328,ZNF324B,ns
388588,0.45599165829087607,0.2114827792539248,SMIM1,ns
388591,-0.2960651532514218,0.09825162992670615,RNF207,ns
388610,-0.4608799189228243,0.09393555034378895,TRNP1,ns
388650,1.338066564298873,0.004566409433676277,DIPK1A,up
388677,-0.1557356387810227,0.6314349861384847,NOTCH2NLA,ns
388695,0.5616745399403875,0.00538466795797997,LYSMD1,ns
3887,-0.4881666268873328,0.006031143346011476,KRT81,ns
388730,-0.10945715908985232,0.5333203579847432,TMEM81,ns
388753,0.8625963210460492,0.00014747900193670817,COA6,up
388759,-0.19264120863976597,0.6751329213479376,LINC02897,ns
388789,0.12824758903664524,0.2815865576511695,SMIM26,ns
388795,-0.19729917131065822,0.49282128512635576,EFCAB8,ns
388799,-0.07610048325215413,0.8472592718513314,FAM209B,ns
388849,-0.046186598961901026,0.843350680733198,CCDC188,ns
388886,-0.30267619859623984,0.18084621138776905,LRRC75B,ns
388931,-0.8924778467313033,0.025332715141609535,MFSD2B,down
388962,0.8938786612726028,0.0019369038466893794,BOLA3,up
388963,-0.735184153510791,0.001046266748966625,C2ORF81,down
388969,-0.38590261832559847,0.003940135424838487,C2ORF68,ns
389,-1.555833773226361,8.944250117801734e-05,RHOC,down
389015,0.039515099807998944,0.9221936748007163,SLC9A4,ns
389072,-0.5823528901171393,0.0011086092764978457,PLEKHM3,down
389084,0.19944876258726563,0.4360103942542012,SNORC,ns
389114,-0.4535782466498759,0.019074151486736343,ZNF662,ns
389119,0.19799962811436433,0.5230292589942989,INKA1,ns
389125,-0.3555655087761149,0.2178582280728015,MUSTN1,ns
389177,0.08469278363608979,0.83199734496108,TMEM212,ns
389197,-0.6834421843931366,0.005235642795373965,C4ORF50,down
3892,-0.6315316545753262,0.013727781398738259,KRT86,down
389203,0.2586789399619489,0.1527377379582372,SMIM20,ns
389206,-0.1709845715981162,0.5202896703757017,BEND4,ns
389289,-0.5615430595817168,0.004793848505535228,ANXA2R,ns
389333,0.907009575895394,0.0004959934277812894,PROB1,up
389337,0.6080953716139117,0.001955128492496675,ARHGEF37,up
389362,-0.17046721515766095,0.21266426127049312,PSMG4,ns
3895,0.10976486430977417,0.4888525924284156,KTN1,ns
389524,-0.5965032864443458,0.0005605649304237079,GTF2IRD2B,down
389541,-0.2909175793664378,0.2174603560527714,LAMTOR4,ns
389643,2.0240817242436213,0.0004796037248035518,NUGGC,up
389668,0.11161891719182826,0.7036034380974129,XKR9,ns
389677,0.12897278499851517,0.6637660034575841,RBM12B,ns
3897,-0.738836949900306,0.0005065017607442066,L1CAM,down
389792,-1.0687548006844159,0.017673092981981813,IER5L,down
389813,-0.9524128016230877,0.00413189157387858,AJM1,down
389816,-0.4800907541900976,0.03919613693589932,LRRC26,ns
389831,0.527776787584548,0.12456139567933008,LOC389831,ns
389840,-0.4177599559876892,0.11277097546944316,MAP3K15,ns
389856,-0.4184704265236041,0.008039507618768113,USP27X,ns
3899,-1.3213889619556412,0.0007484565251177375,AFF3,down
389941,-0.32412632059683055,0.25238554956182707,C1QL3,ns
39,0.7042804370401754,0.004227694640447816,ACAT2,up
390036,0.039783828905426866,0.8322316323095458,OR52K1,ns
390072,0.004676329478607855,0.980419282919204,OR52N4,ns
3902,1.6536892670973575,0.0018893871467810346,LAG3,up
3903,-0.3119184162123254,0.21845061028465487,LAIR1,ns
3904,-0.5566258815262772,0.2712725180105216,LAIR2,ns
390595,-0.19392979340144034,0.5615673548813663,UBAP1L,ns
390598,-0.22944333458703614,0.3105153032863374,SKOR1,ns
390637,0.3775586651707874,0.026656507837430562,GDPGP1,ns
390748,-0.17200756552437735,0.38720742608030867,PABPN1L,ns
3908,-0.4974568432865283,0.059693301195669984,LAMA2,ns
390916,-0.35535646263786713,0.016773963132224713,NUDT19,ns
390927,-0.0941691570406471,0.7473860796891943,ZNF793,ns
390937,-0.5321020393549372,0.1591568704677106,ERFL,ns
390940,0.39694587458639674,0.0763801503346341,PINLYP,ns
390980,-0.24596468565814344,0.3129175834658069,ZNF805,ns
391,-0.5361185165100615,0.13266518306032282,RHOG,ns
391059,0.9090699618365168,0.00022154699108463066,FRRS1,up
3911,0.4390618680345204,0.41461887346544585,LAMA5,ns
3913,-0.484020138396291,0.2725031430585176,LAMB2,ns
391322,0.11349836292034166,0.5921334877831177,LOC391322,ns
391356,-0.2587459849352971,0.24070820464680637,PTRHD1,ns
3914,0.3549328018845834,0.38708308847199385,LAMB3,ns
3915,1.7456776774787413,0.0038724229619157453,LAMC1,up
3916,-0.37711014159599365,0.048977589695721316,LAMP1,ns
391712,0.24359020896368566,0.23304584872788864,TRIM61,ns
392,-0.35814642218475967,0.04838989643647617,ARHGAP1,ns
3920,-0.025794859018992256,0.9473627756574351,LAMP2,ns
3921,-0.4035734894646499,0.05774411575281958,RPSA,ns
392275,0.0756822559434136,0.8384889604469324,SMPD5,ns
3925,1.7332193640940687,0.0008137223368836482,STMN1,up
3927,-0.27084946623977935,0.1573696952725895,LASP1,ns
393,-0.5278808023159982,0.0351102566852116,ARHGAP4,ns
3930,0.5803100066134341,0.026170974661795212,LBR,up
3931,-0.31868531260702504,0.23930243629853598,LCAT,ns
3932,-0.5985824082827396,0.006356184526469976,LCK,down
3934,-0.791020344358234,0.29003420075199854,LCN2,ns
3936,-0.37699466990865105,0.11923510363948026,LCP1,ns
3937,-0.3702719581365539,0.1599064087910232,LCP2,ns
3939,0.8884610352425852,0.000465693721628178,LDHA,up
394,-0.061475220143949016,0.8300918142377378,ARHGAP5,ns
3945,0.14713650453584926,0.6601462580267892,LDHB,ns
3948,0.007263982647326195,0.9829459994898112,LDHC,ns
3949,1.075780221189362,0.0003327391814078998,LDLR,up
395,-0.7694421640964686,0.08793994348072609,ARHGAP6,ns
3953,0.023140518601974414,0.9074987296038453,LEPR,ns
3954,0.48194642734415183,0.00018069405316912355,LETM1,ns
3955,-0.42480269326776643,0.20116763776075222,LFNG,ns
3956,0.6539538112345724,0.0019288581124487611,LGALS1,up
3957,-0.9462309460404974,0.0740831482765644,LGALS2,ns
3958,-0.005129185563777838,0.9859035378940534,LGALS3,ns
3959,1.711114753573879,0.0037229028605655374,LGALS3BP,up
396,0.0032212233209172325,0.9916324931815294,ARHGDIA,ns
3960,-0.2954938983693758,0.1537983519257801,LGALS4,ns
3964,-0.09069745872104384,0.5951839443833337,LGALS8,ns
3965,-0.07640080200027022,0.8653850872400463,LGALS9,ns
397,-0.4525645332031285,0.06148167690355712,ARHGDIB,ns
3976,0.23605480946051838,0.3210332327862671,LIF,ns
3978,0.7513574855748715,0.012203800850300449,LIG1,up
3980,0.6344717662160306,0.002574626165270468,LIG3,up
3981,0.3259551343095488,0.1654516698564881,LIG4,ns
3982,-0.34519868594919156,0.19256795833086418,LIM2,ns
3983,-0.9889614300722442,0.0012547428422051959,ABLIM1,down
3984,-0.10992706861219581,0.6621646861750373,LIMK1,ns
3985,-0.09481471194614599,0.8569578847715417,LIMK2,ns
3987,0.0639044400801172,0.7536931583225046,LIMS1,ns
3988,-0.02275515481085577,0.9543952669732932,LIPA,ns
399,-0.37003569086109067,0.3610354519758554,RHOH,ns
3990,-0.1655612356355194,0.6492070072044981,LIPC,ns
3991,-0.37635051154389565,0.03358753170878434,LIPE,ns
3992,0.09285323901583453,0.7367125984646516,FADS1,ns
3993,-0.8396713109927276,0.003577015966098688,LLGL2,down
399473,0.026672533104562746,0.8785448118090624,SPRED3,ns
3995,-1.0245591700575716,0.002492615950559201,FADS3,down
399512,0.027801162935535473,0.9007935035881504,SLC25A35,ns
3996,-0.43021643020477107,0.0018460691392704455,LLGL1,ns
399664,-0.5565801379490161,0.0036447099886500107,MEX3D,ns
399665,-0.6405252563012578,0.023934580885666107,EEIG1,down
399668,-0.535045145929347,0.00380751879078171,SMIM10L2A,ns
399687,0.0664428040042715,0.5178974738619972,MYO18A,ns
3998,1.842431935392975,0.0013454630279627641,LMAN1,up
399818,0.20699146362104948,0.30621552109031286,EEF1AKMT2,ns
399909,-0.004419482204124137,0.982718484675053,PCNX3,ns
399939,-0.5612345707761177,0.003463911083540338,TRIM49D1,ns
399948,0.23008749798768058,0.4210812590078903,COLCA1,ns
399979,0.1721320562461628,0.15463396331852566,SNX19,ns
400,0.8302943964130751,0.0019230777951029859,ARL1,up
4000,-0.6271257118289135,0.07736795373707737,LMNA,ns
400073,-0.12490126615239117,0.5806361993352033,C12ORF76,ns
4001,1.7353180527039953,1.3345101638205109e-05,LMNB1,up
400224,0.3158820348014322,0.16842671588637287,PLEKHD1,ns
400410,-0.18707730772644116,0.6458081461117734,ST20,ns
400451,0.10790683981704952,0.4162350816132656,FAM174B,ns
400499,-0.9513395575662829,0.3216855383997681,APOLTP,ns
4005,0.016031033529049665,0.9759147097772376,LMO2,ns
400506,0.636119547215543,0.028567084785935587,KNOP1,up
400566,0.5798697971569435,0.3697579993637434,LIAT1,ns
400569,0.1832117361173129,0.12389469786221496,MED11,ns
400581,-0.06627386106704414,0.8243910444197877,GRAPL,ns
400668,-0.8154087421460385,0.020448647613089684,PRSS57,down
400673,-0.235058568123665,0.08901429785700474,VMAC,ns
4007,0.05553674528067276,0.8741298689436195,PRICKLE3,ns
400709,1.0495170755426226,0.02723250045972059,SIGLEC16,up
400713,-0.2450159686116793,0.41507223089527,ZNF880,ns
400720,0.2225105471443536,0.4968797110289191,ZNF772,ns
400793,0.47461122584762006,0.14870460522617782,C1ORF226,ns
4008,-0.2620480083675263,0.39601208373952473,LMO7,ns
400818,-0.647717317005446,0.006888003668035269,NBPF9,down
400823,-0.1894528394068793,0.5479826788795913,FAM177B,ns
400916,0.15059409310549832,0.7305416661561945,CHCHD10,ns
400950,-0.09125153574692302,0.6157734506544371,LINC02898,ns
400954,0.07373494829413652,0.7986768325495179,EML6,ns
400961,-0.7984503063593698,0.0006975464555441587,PAIP2B,down
400966,-0.08375351082868931,0.7876977691496244,RGPD1,ns
400986,0.33176117568624,0.25388349155088935,ANKRD36C,ns
401115,0.05041990082104153,0.8345068327492883,NICOL1,ns
401124,-0.8401927964237368,0.041500575206968114,DTHD1,down
401145,0.1481889901443676,0.4940331398859053,CCSER1,ns
401152,-0.1979986560265612,0.4072380620325039,ARLN,ns
4012,-0.11936681798547433,0.695744902312914,LNPEP,ns
401207,-0.3501643941972903,0.0808597614497265,C5ORF63,ns
401251,-0.05638786370936799,0.7822171385574984,SAPCD1,ns
401258,-0.5098714828090047,0.14692866225034737,RAB44,ns
401262,-0.47406738709141827,0.05961187086029619,CRIP3,ns
4013,0.24521358280036853,0.29531519262316297,VWA5A,ns
401397,0.45986895581758525,0.01062516724967421,SMIM30,ns
401399,-0.3646579126204834,0.22267295482936394,PRRT4,ns
401409,0.12068425624558543,0.5332051653516238,RAB19,ns
401466,0.5517691922333903,0.006033008131995286,RBIS,ns
401474,-0.38592904919197135,0.18988125540377765,SAMD12,ns
401478,-0.260516884870702,0.42187587344173244,LOC401478,ns
401494,-0.7977153656618032,0.008908765133197043,HACD4,down
401505,0.47002713217931635,0.021261811776469568,TOMM5,ns
401541,1.0550918986611775,0.002231454188881432,CENPP,up
401548,-0.9451074219214792,0.0008304613327302368,SNX30,down
401562,-0.13088452903383452,0.6407854596856034,LCNL1,ns
401563,-0.5044394887224648,0.09838357489546654,LINC02908,ns
4016,-0.5641603566573039,0.09668853270832066,LOXL1,ns
401612,-0.8918618864043601,0.00043170611126685084,SLC25A53,down
401647,-1.0369964861339493,0.0002410889839162924,GOLGA7B,down
4017,0.22897609499339833,0.19083651785791544,LOXL2,ns
401720,-0.288633821429495,0.19047837122392464,FIGNL2,ns
401944,0.5296820147337256,0.05525111056689325,LDLRAD2,ns
402,-0.09164838668343833,0.618693239005874,ARL2,ns
402055,0.4702997660027659,0.009059574471775234,SRRD,ns
4023,-0.2659293120162225,0.4779385816142441,LPL,ns
402415,-0.29942887009976715,0.14557994600067925,XKRX,ns
402573,-0.15185610202979216,0.5855362100635998,SPACDR,ns
4026,-0.49264864361681227,0.04541682332900784,LPP,ns
402682,0.3290519550265003,0.01025606289274387,UFSP1,ns
402778,-0.12804074486627037,0.7136830502034839,IFITM10,ns
403,-0.11106261127640771,0.47697826969921775,ARL3,ns
4033,0.0407113393638987,0.8308534622440771,IRAG2,ns
403313,0.03855902975005332,0.8804693490589653,PLPP6,ns
403341,-0.5300197793765253,0.1158110787248457,ZBTB34,ns
4034,-0.6645319381271122,0.035345745484740905,LRCH4,down
4035,-0.8748168975120763,0.11141083368945612,LRP1,ns
4037,-0.8125362468121864,0.05112608164362268,LRP3,ns
4040,-0.34555814471919355,0.18058189216807732,LRP6,ns
404093,-0.6766795460769783,0.05325559547500528,CUEDC1,ns
4041,0.25382436577530054,0.2641427872303416,LRP5,ns
404281,0.14201743561850044,0.3636934975235443,YY2,ns
4043,0.4814187740976017,0.004441792525492616,LRPAP1,ns
404550,-0.4631359065776657,0.10969289598110708,CLMB,ns
4046,-0.3769239710345431,0.1230111626620298,LSP1,ns
404636,-0.2730276910216247,0.1917679321788752,DENND10,ns
404672,0.17666080369745885,0.23129934742026664,GTF2H5,ns
4047,0.025569147149994365,0.9245442073008024,LSS,ns
404734,0.030508787076657384,0.9211902858314188,ANKHD1-EIF4EBP3,ns
4048,-0.5470335790210772,0.05557705601628199,LTA4H,ns
4049,-0.43437888668567126,0.20446583715630093,LTA,ns
405,-0.14774613318392937,0.4210353666216062,ARNT,ns
4050,-1.040560418784672,0.001566586703310961,LTB,down
4051,-0.44483773040613706,0.658149392285228,CYP4F3,ns
4052,-0.8417665816401989,0.06660144111065695,LTBP1,ns
4053,-0.7420113950952842,0.0017126570022936193,LTBP2,down
4054,-1.2165911518076324,0.00046610045093506967,LTBP3,down
4055,-0.4318925923952577,0.3790984015358672,LTBR,ns
4056,-0.37699263465011335,0.008601218510602525,LTC4S,ns
4057,-0.7823399467813825,0.3859621751932939,LTF,ns
4058,0.24199832368907526,0.39283465372872284,LTK,ns
406,-0.4943407954829713,0.028119544442974594,BMAL1,ns
4061,1.310813242270111,0.00538466795797997,LY6E,up
4063,-0.5344129977507155,0.02024910185861912,LY9,ns
4064,1.4697722356010434,0.004111964100933265,CD180,up
4065,-0.7035003877675248,0.02548685278253191,LY75,down
4066,-0.3073147563749412,0.46784679598686113,LYL1,ns
4067,-0.5999097016166424,0.12226291102296404,LYN,ns
4068,-0.3001004417699846,0.4381633526775636,SH2D1A,ns
4069,-0.5408771390297105,0.20364094981669184,LYZ,ns
4070,-0.15486447106143775,0.7002245190908462,TACSTD2,ns
4074,0.024590780586077443,0.9123953442311649,M6PR,ns
4076,0.5652278953229057,0.005241762407018073,CAPRIN1,ns
4077,-0.08690361217214182,0.665721923688455,NBR1,ns
407738,-0.7093476163701897,0.0019189197944643817,TAFA1,down
407977,-0.34818236555246074,0.6797222984985752,TNFSF12-TNFSF13,ns
408,-1.1953616791445736,0.0016130727270352767,ARRB1,down
408050,1.2626872954427864,0.14963400292358472,NOMO3,ns
4082,0.23188152109224092,0.6892874832108541,MARCKS,ns
4084,-0.21923002836167882,0.7832017285404757,MXD1,ns
4085,1.663623077311044,0.0005713704352444669,MAD2L1,up
4086,0.2118400703377077,0.5095683896925742,SMAD1,ns
4087,-0.3926835959924446,0.0009201166417498554,SMAD2,ns
4088,-0.5194145054828336,0.013018518697997347,SMAD3,ns
4089,-0.2292702146246981,0.0870093047823888,SMAD4,ns
409,-0.852608996760507,0.026254807790639583,ARRB2,down
4090,0.023289615216221193,0.8653850872400463,SMAD5,ns
4091,0.6182370096735097,0.013210566176900808,SMAD6,up
4092,-1.319335253200304,0.0020624234239758716,SMAD7,down
4094,-0.3113022001092496,0.14743058725557137,MAF,ns
4097,0.3964529353087194,0.1696025529360065,MAFG,ns
41,-0.700385366462922,0.0018403051610430712,ASIC1,down
410,0.3752893011292837,0.16539156029860094,ARSA,ns
411,0.3920303433878516,0.05506115745784464,ARSB,ns
4116,0.22800681022417812,0.2525975480608862,MAGOH,ns
4117,-0.8330223783180735,0.09159699853644351,MAK,ns
4118,-1.2611515345651867,0.0017101142607597447,MAL,down
412,-0.40203512987224066,0.2009541761763856,STS,ns
4121,1.517581569327156,0.0020011922001297805,MAN1A1,up
4122,-0.19927208068404667,0.6025993493191636,MAN2A2,ns
4123,-0.2144263249303986,0.33154532923677893,MAN2C1,ns
4124,0.5352257294570162,0.050344919744737315,MAN2A1,ns
4125,-0.1597733230691354,0.4788892173617241,MAN2B1,ns
4126,-0.7385606844939598,0.012670938062378354,MANBA,down
4129,-0.08164255998899073,0.7951797563164135,MAOB,ns
4130,-0.4874890623243813,0.26574180810689435,MAP1A,ns
4131,-0.19233839827206545,0.4411312135747434,MAP1B,ns
4133,-0.26700794477211787,0.05972850720286106,MAP2,ns
4134,-0.10651223844505786,0.4695451134544735,MAP4,ns
4137,-0.3907113180484316,0.03694416937674659,MAPT,ns
414,-0.7358805035894953,0.03229440629329085,ARSD,down
4140,0.25179252175493794,0.014671790621008995,MARK3,ns
414060,0.3400314753830669,0.47937623719594397,TBC1D3C,ns
414062,-1.1434601769498327,0.1774225595237497,CCL3L3,ns
4141,0.8533306813163613,0.00022913917298424447,MARS1,up
414149,0.4889225368663359,0.0013445564068377243,ACBD7,ns
414152,-0.589442388276896,0.10790925943204793,C10ORF105,ns
414189,-0.20872279634530777,0.4184555537631819,AGAP6,ns
414236,-0.11789508637007096,0.6308657043420113,C10ORF55,ns
414328,0.21490547089004153,0.16667300265578738,IDNK,ns
414332,-1.0895877262576343,0.00642846569242415,LCN10,down
4144,0.4158195248767189,0.09313088285092887,MAT2A,ns
4145,-1.969494847426441,1.4916050325969114e-05,MATK,down
4146,-0.2272653763774386,0.4605070769267274,MATN1,ns
4147,-0.057887638881953585,0.7904249610567251,MATN2,ns
4149,-0.4548521619288586,0.021304118159778264,MAX,ns
414918,0.013096846305405307,0.9658019286050644,DENND6B,ns
414919,-0.17180185451177543,0.39601208373952473,C8ORF82,ns
4150,-0.2580160900150812,0.21378610515228413,MAZ,ns
415116,-0.28648162860376125,0.6074766013885075,PIM3,ns
4152,0.24648470526596178,0.0722192875866261,MBD1,ns
4154,-0.48291798608579306,0.00028608178416562316,MBNL1,ns
4155,-1.005214006146323,0.0005856923917258628,MBP,down
4157,-0.3705682171656308,0.41099763986273047,MC1R,ns
4162,0.28643450893266387,0.11361184290873169,MCAM,ns
4163,0.5062167547874301,0.027852924071437773,MCC,ns
4166,0.4087268528426611,0.043082971824427496,CHST6,ns
4168,-0.08624542350703024,0.6409932385894301,MCF2,ns
4170,-0.061106345869957224,0.8596912792719286,MCL1,ns
4171,1.8714880839862014,0.00023583026534252215,MCM2,up
4172,1.103774547371163,0.0023166959128454925,MCM3,up
4173,2.14489669267439,0.00017065332720665415,MCM4,up
4174,1.015937676411868,0.0022498283593489544,MCM5,up
4175,1.6069068142396272,0.0002847494293676869,MCM6,up
4176,1.1061029507513105,0.0011552670748891808,MCM7,up
4179,-0.465268365045608,0.15946380875407037,CD46,ns
4185,-0.23289239911771897,0.08615130324058709,ADAM11,ns
4189,0.26345821005103254,0.5474071428686046,DNAJB9,ns
4190,0.6802128706498909,0.0022089388923631687,MDH1,up
4191,0.35521903598528404,0.0829097167301217,MDH2,ns
4192,0.4713492491455762,0.24649663354133525,MDK,ns
4193,0.8586811988362619,0.0018192309412354269,MDM2,up
4194,-0.08838945087586758,0.7652898666688601,MDM4,ns
4199,0.1316575655750638,0.6954594153248372,ME1,ns
420,0.1968138942449249,0.43639824394146925,ART4,ns
4200,0.60397415508357,0.00404338387312996,ME2,up
4201,0.16547594404806532,0.1818462941148084,MEA1,ns
4204,-0.38430607257919647,0.0219913794435811,MECP2,ns
4205,0.1379650292056187,0.4208607445027324,MEF2A,ns
4207,-0.33363175831169656,0.37451510617137046,BORCS8-MEF2B,ns
4208,0.19186752205279234,0.3591644091821879,MEF2C,ns
4209,-0.3188104427512837,0.2640235674123093,MEF2D,ns
421,-1.1514407919702094,0.0009511666939612951,ARVCF,down
4210,-0.3928082902552976,0.5004707723746306,MEFV,ns
4211,-0.278220953460945,0.4754982019916492,MEIS1,ns
4214,-0.448051922552132,0.0166385432838909,MAP3K1,ns
4215,-0.7246411306776928,0.016464453273172565,MAP3K3,down
4216,-0.0001787099712835527,0.9993370437038188,MAP3K4,ns
4217,-0.181067021800839,0.4162350816132656,MAP3K5,ns
4218,0.4768572867365535,0.012611987595144316,RAB8A,ns
4221,-0.019074827216874368,0.9317886251234804,MEN1,ns
4222,-0.5123139227042364,0.05404311286325702,MEOX1,ns
4225,0.5438599419394272,0.05362431444632637,MEP1B,ns
4232,0.03896734721636985,0.8782816454452474,MEST,ns
4233,1.7638900612984996,0.0012884216049966865,MET,up
4234,1.0486590335973025,0.000470022852804079,METTL1,up
4236,1.0268167723757227,0.004073688054360543,MFAP1,up
4238,0.318767474615127,0.20736044717669064,MFAP3,ns
4239,-0.3181008008702193,0.03915624621454966,MFAP4,ns
4240,0.0350262316109653,0.9058932322973191,MFGE8,ns
4241,0.45844045882061835,0.07199210053570126,MELTF,ns
4242,-0.6430123643153625,0.0005065017607442066,MFNG,down
4245,0.2536101012284604,0.20433796316063613,MGAT1,ns
4247,1.0658569662278978,0.0006072881948033231,MGAT2,up
4248,0.9405867582373357,0.025359713483417517,MGAT3,up
4249,-0.5159803937274106,0.004352253697540751,MGAT5,ns
4253,0.17642383163944508,0.12226291102296404,MIA2,ns
4255,-0.1822324209511086,0.2565283829498221,MGMT,ns
4257,0.45972358613046005,0.2130949994399894,MGST1,ns
4258,0.08060675733609735,0.7744411658932289,MGST2,ns
4259,-0.09780080560586057,0.49190931373944186,MGST3,ns
4261,-1.3371462615633263,0.00036554724545482517,CIITA,down
4267,-0.4159142686349764,0.05022469155812028,CD99,ns
427,-0.6583894916952602,0.036312321878786545,ASAH1,down
4277,0.4583056460425823,0.013597039002978982,MICB,ns
4282,0.6855998096409781,0.038519934600580494,MIF,up
4283,0.437049532432634,0.15925039440566685,CXCL9,ns
4285,0.4496549729023851,0.092608923400983,MIPEP,ns
4286,-0.40575042302297515,0.203463015415931,MITF,ns
4287,0.1658792825152764,0.27504343072550147,ATXN3,ns
4288,3.0673470385657104,3.435112828484447e-05,MKI67,up
4289,0.09239485350891208,0.5703823047066419,MKLN1,ns
4291,-0.25414772316405987,0.22261323519349765,MLF1,ns
4292,0.7416404039057909,0.0009763579075570074,MLH1,up
4293,-0.5348277607036618,0.011875426603637947,MAP3K9,ns
4294,-0.26995463674192344,0.19906464008201846,MAP3K10,ns
4296,-0.3146538809109156,0.30544428074767493,MAP3K11,ns
4297,-0.61910127852952,0.007211045376613137,KMT2A,down
4298,-0.36739504845821536,0.14621141170995194,MLLT1,ns
4299,-0.010522077200572966,0.9655146244388919,AFF1,ns
430,-0.2891810857068773,0.43146545787172136,ASCL2,ns
4300,-0.6468939105993439,0.0172592291635283,MLLT3,down
4301,-0.34531477911256747,0.09229470248253051,AFDN,ns
4302,-0.8755599833787606,0.00020455320820463114,MLLT6,down
4303,-0.7168115151710985,0.00683129602582785,FOXO4,down
4306,-1.046584056256969,0.0030904698205330614,NR3C2,down
4311,-0.9059348613689231,0.34536765112618306,MME,ns
4317,0.22789655990718938,0.7930136090354328,MMP8,ns
431705,-0.43193589311479297,0.23574402213189888,ASTL,ns
4318,0.5809334596590823,0.5788395284376395,MMP9,ns
432,-0.4256902818874826,0.20174693301775792,ASGR1,ns
4320,-0.4457499329896235,0.012054405989099449,MMP11,ns
4323,-0.15335631510268488,0.703517683777261,MMP14,ns
4324,-0.07136090026812347,0.677871283075214,MMP15,ns
4326,-1.0713996193221105,0.0011180056027499897,MMP17,down
4327,-0.04443394687293267,0.8547538075530549,MMP19,ns
4329,0.2781251469126751,0.10797439480219621,ALDH6A1,ns
433,-0.2845350283553252,0.6129516130325445,ASGR2,ns
4330,-0.6560544540581086,0.08719736225745499,MN1,ns
4331,0.4905285947061726,0.02400667497703249,MNAT1,ns
4332,0.11728303125238781,0.8589339413431689,MNDA,ns
4335,-0.6626973253076418,0.010840888492252865,MNT,down
4337,0.01962520491294395,0.9494654720851003,MOCS1,ns
4338,0.189218591511084,0.11361132908769117,MOCS2,ns
4343,0.5051355789798464,0.14154995851359473,MOV10,ns
4345,-0.7467121374323007,0.025121389004391384,CD200,down
435,0.08163865880414534,0.534215521716645,ASL,ns
4350,0.30486659266351346,0.10949722084847986,MPG,ns
4351,0.32636466233917893,0.08799500890696349,MPI,ns
4352,-0.8288782758516469,0.0077238351662784486,MPL,down
4353,0.6775103923575223,0.3445157887312973,MPO,ns
4354,-0.49084230749559765,0.23193694948265225,MPP1,ns
4355,-0.008772789067316822,0.9627630749260693,MPP2,ns
4356,0.14069538319479058,0.4991227839198962,MPP3,ns
4357,0.12610683737345063,0.6203987541567435,MPST,ns
4358,0.4202654100047045,0.007050766583876855,MPV17,ns
4359,0.24881737568422668,0.5102387470843974,MPZ,ns
4360,-0.7502346348315863,0.02772101174824392,MRC1,down
4361,0.23722814860763108,0.16800758737712745,MRE11,ns
4363,-0.17653220432446837,0.04478766438058857,ABCC1,ns
439,0.29826666662799184,0.038705713709460944,GET3,ns
439921,-1.002640782547962,0.014634019811240934,MXRA7,down
439996,0.013607305906297995,0.9819579363624333,IFIT1B,ns
440,0.9722470631726283,0.005178255467813479,ASNS,up
440021,-0.46204533045153173,0.045742644301677376,KRTAP5-2,ns
440026,0.907711104421554,0.0008916458556985057,TMEM41B,up
440068,1.0682369182874192,0.008293723504332669,CARD17P,up
440073,-0.054515504656831304,0.8907558847326071,IQSEC3,ns
440093,-0.03243835637482295,0.8941106923511843,H3-5,ns
440107,0.09660366197708203,0.658719659278436,PLEKHG7,ns
440138,0.4850364650819312,0.04370193963687418,ALG11,ns
440145,0.3364604403846876,0.1958030398450665,MZT1,ns
440193,-0.3087164225730952,0.026225814407088266,CCDC88C,ns
440270,-0.2544420756503527,0.5343473250778437,GOLGA8B,ns
440275,-0.008480989438750086,0.9474400047136947,EIF2AK4,ns
440292,-0.09500382668246399,0.703517683777261,COMMD4P1,ns
440295,-0.23667788616429508,0.31009713997097027,GOLGA6L9,ns
440345,0.014905300199906435,0.9778631090123034,NPIPB4,ns
440348,0.15881126842847326,0.663522325208403,NPIPB15,ns
440353,0.11149701401083334,0.8283079393781206,NPIPB12,ns
440400,-0.6006671080341004,0.04937821926088845,RNASEK,down
440498,-0.23705181515175155,0.09611522767195525,HSBP1L1,ns
440503,-0.6062192253964938,0.3740500827495907,PLIN5,ns
440515,-0.23945278605643772,0.24462639957779042,ZNF506,ns
440519,0.1416670187158724,0.3186144347653921,ZNF724,ns
440574,0.31723469514979286,0.13662136481133197,MICOS10,ns
440590,0.28022247377805964,0.17714370494098014,ZYG11A,ns
440603,-0.021094998788613317,0.910082798390562,BCL2L15,ns
440672,0.168253466602172,0.33636313417439917,NUDT4B,ns
440686,0.0521512959664685,0.8933803303204545,H3-7,ns
440689,0.4614750547524391,0.30137282756122497,H2BC18,ns
440712,0.2969644708279304,0.16988947622234554,RHEX,ns
440738,0.10410310588168414,0.6123182131287298,MAP1LC3C,ns
440804,-0.14345652669124753,0.7527028670933101,RIMBP3B,ns
440829,-0.7035678344658045,0.04277015966896055,SHISA8,down
440836,0.4161770819478612,0.4265725914214103,CIMAP1B,ns
440854,-0.035311880188231726,0.7859318109600365,CAPN14,ns
440957,0.20806695583583323,0.1262706007625757,UQCC5,ns
441024,0.08111519885498986,0.5043051377942667,MTHFD2L,ns
441108,-0.18867695168111975,0.5531378649376706,CARINH,ns
441150,-0.3151721235670504,0.11904990595330754,PEX39,ns
441155,0.018600533773695638,0.9093834408638352,ZC3H11C,ns
441168,0.2645953195178219,0.6501556568901602,CALHM6,ns
441250,-0.17489294321662197,0.4846848384185077,TYW1B,ns
441272,-0.340736956110713,0.06405329218009398,SPDYE3,ns
441273,0.15089256933807338,0.6757898382152847,SPDYE2,ns
441282,0.11087519840469184,0.5922929856458945,AKR1B15,ns
441294,0.31350978809038477,0.25580003185467765,CTAGE15,ns
441381,-0.22920477422588537,0.3454926926243246,LRRC24,ns
441425,0.06332860865730439,0.8178360994270965,ANKRD20A3P,ns
441430,0.12158437370309105,0.7107893908698687,ANKRD20A2P,ns
441457,-0.2979595908109376,0.14616648485370812,NUTM2G,ns
441478,-0.7043094729596531,0.1117866804917929,NRARP,ns
441518,-0.23274636746787358,0.15380482701928425,RTL8B,ns
441549,0.12694687246848524,0.5085432025316514,CDNF,ns
441864,0.117355415615779,0.7495269979997595,TARM1,ns
441869,0.3762203898915111,0.01036648784998152,ANKRD65,ns
442213,0.09340582734133118,0.8230520731211248,PTCHD4,ns
442319,-0.3164127005819033,0.301546747098335,ZNF727,ns
442590,-0.14531153816875175,0.33830821432336416,SPDYE5,ns
4430,-0.45344453919427874,0.13084100285881825,MYO1B,ns
4436,0.39601007490857043,0.1957377237178294,MSH2,ns
4437,0.3510105776976751,0.043346133506144774,MSH3,ns
4439,0.2036784438106123,0.2741676951688123,MSH5,ns
444,0.22322310592229044,0.4095322602901808,ASPH,ns
445,0.9347679779931193,0.0013640886036501048,ASS1,up
445328,0.49758740004650903,0.038220564918324616,ARHGEF35,ns
445329,-0.5479819985207399,0.4258574402910149,SULT1A4,ns
445347,-0.9088283537692856,0.022149718651904085,TARP,down
445372,0.008485029560133306,0.9801182324191415,TRIM6-TRIM34,ns
445571,0.5482032744676291,0.03735184959111647,ZNG1C,ns
4478,-0.5130096900349574,0.020260677691662062,MSN,ns
4481,0.9334069005856751,0.11414828193847593,MSR1,ns
4482,-0.701758064057592,0.004279398991237526,MSRA,down
4485,0.11924805351575785,0.6733001774378701,MST1,ns
4486,0.15629778238334957,0.2159791937217821,MST1R,ns
4488,-0.451470544094021,0.015124275415787364,MSX2,ns
4493,1.1303941694115585,0.0003403671906190474,MT1E,up
4494,0.12697926689444827,0.4648385241952133,MT1F,ns
4495,0.7592972889973755,0.00043373423187901617,MT1G,up
4501,0.4415362997082699,0.005583226049256251,MT1X,ns
4502,1.0503794298952638,0.026032122142308906,MT2A,up
4507,0.6474970587765414,0.005296301358760004,MTAP,up
4515,0.2436728605898386,0.16442088240640068,MTCP1,ns
4520,0.16601312695771675,0.4684907236977701,MTF1,ns
4521,0.7216303937862909,0.0004397750783500604,NUDT1,up
4522,1.1986460945032071,0.00035201376149062385,MTHFD1,up
4524,-0.32194453696591374,0.026506911417826903,MTHFR,ns
4528,0.604795607630221,0.007893359373093304,MTIF2,up
4534,-0.2835849157000929,0.04564969183852953,MTM1,ns
4542,-0.6243837695831651,0.12346667539761341,MYO1F,ns
4548,0.1845695878704916,0.4141243446197264,MTR,ns
4552,0.4902704665032811,0.004018709087654659,MTRR,ns
4580,0.42613541465740035,0.05349410577348398,MTX1,ns
4582,1.4321542937859952,0.0002422562514611605,MUC1,up
4591,-0.03764630938413127,0.8104597388974691,TRIM37,ns
4594,0.9563479285969585,0.005842763959335564,MMUT,up
4595,0.1169921161985652,0.451186387177451,MUTYH,ns
4597,0.2295201816638759,0.26525759763728224,MVD,ns
4598,-0.0022629068309614198,0.9909895663186897,MVK,ns
4599,2.348127577431473,0.0008210824939976928,MX1,up
4600,0.6356152324586741,0.2094143483455849,MX2,ns
4601,-0.9384453066430787,0.0019892012970105103,MXI1,down
4602,0.40922226474251744,0.07490126926527171,MYB,ns
4603,-1.2463710426330632,0.001862183399096578,MYBL1,down
4605,3.4337893272130007,0.0002178136132495039,MYBL2,up
4607,0.09412849341960072,0.876374818504686,MYBPC3,ns
4608,-0.5143935290634349,0.06649740127029087,MYBPH,ns
4609,-0.07536366461864397,0.8317757521830624,MYC,ns
4610,-1.0626379672832842,0.02233535706661846,MYCL,down
4615,-0.07845758981411244,0.8295396680896289,MYD88,ns
4616,-0.3821634015668618,0.45697146320538,GADD45B,ns
4621,0.3189701403860976,0.10447056946991633,MYH3,ns
4627,-0.3266724473034035,0.07683683823640809,MYH9,ns
4628,-0.05685559596024703,0.8026330323111178,MYH10,ns
4629,0.6672191620738825,0.009000009101780452,MYH11,up
463,-1.2739888929895038,0.001402510903902244,ZFHX3,down
4635,0.09008353777663736,0.8880130539954431,MYL4,ns
4636,-0.29198496149641073,0.17069081285772747,MYL5,ns
4637,0.17019063836665005,0.24898738570675777,MYL6,ns
4638,-0.9717989118768067,0.07647651524038099,MYLK,ns
4640,0.019872510504692187,0.9092765249790074,MYO1A,ns
4641,-0.07120945484209074,0.7036034380974129,MYO1C,ns
4642,1.5068332284770065,0.006488238623801149,MYO1D,up
4643,-0.21154110796899595,0.4989656367723029,MYO1E,ns
4644,-0.16805753276112867,0.2266071630928628,MYO5A,ns
4645,0.32990286470100916,0.13838586284558277,MYO5B,ns
4646,-0.22532798588005143,0.5453340329839014,MYO6,ns
4647,0.661545656604714,0.07178163793556096,MYO7A,ns
4648,-0.31601922671193616,0.5556917740124148,MYO7B,ns
4649,-0.592854850999041,0.0018822831393380214,MYO9A,down
4650,-0.6663899522151748,0.008532664752161998,MYO9B,down
4651,0.5409143753661763,0.07127983517323708,MYO10,ns
4659,-0.016708601976803905,0.9350641941236602,PPP1R12A,ns
466,-0.008040610229132383,0.9565767998301835,ATF1,ns
4660,-0.4864440223367179,0.061900822016495424,PPP1R12B,ns
4664,0.22430066944460592,0.18031507354403742,NAB1,ns
4665,-0.3237481186800215,0.2646394357507072,NAB2,ns
4666,-0.43979103174359757,0.0054563103897234825,NACA,ns
4668,-0.15005957895577993,0.5806361993352033,NAGA,ns
4669,0.27324198217340623,0.12960409371532886,NAGLU,ns
467,0.4844397573383761,0.48880419550198034,ATF3,ns
4670,0.2338902571007413,0.14573023459843099,HNRNPM,ns
4671,0.12660066908421008,0.7832799625272721,NAIP,ns
4673,-0.8032767854210547,2.4821402034115094e-05,NAP1L1,down
4674,-0.5534537603720819,0.07119974543295263,NAP1L2,ns
4675,-0.7447716574709418,0.009073802924261057,NAP1L3,down
4676,0.3256722790430757,0.09209704826707087,NAP1L4,ns
4677,0.4741057020906272,0.048742839604795855,NARS1,ns
4678,0.9834542526457266,0.002046049296451375,NASP,up
468,0.2366337926106219,0.293038879343154,ATF4,ns
4680,-0.7105948895945007,0.23823174610426356,CEACAM6,ns
4681,-0.2982620330828434,0.3609125884761319,NBL1,ns
4682,0.3337534825792172,0.038938330639991775,NUBP1,ns
4683,0.6899821403963085,0.04192138212382706,NBN,up
4684,-1.5477742992752654,0.000689559405014307,NCAM1,down
4685,0.19121574399784347,0.4576443986996413,NCAM2,ns
4686,0.6601418222096189,0.007987368775509048,NCBP1,up
4688,-0.470395218172337,0.3198322743839435,NCF2,ns
4689,0.040569582327799836,0.9539929905215433,NCF4,ns
4690,-0.21973734510612886,0.15890101904874065,NCK1,ns
4691,0.4734627287968145,0.03288018257221806,NUCLEOLIN,ns
4692,0.07174721659319605,0.7875831491451294,NDN,ns
4694,0.4657554591065338,0.04340892727788227,NDUFA1,ns
4695,0.3694773214115923,0.018034860024503097,NDUFA2,ns
4696,0.3885966560710319,0.14147348457264075,NDUFA3,ns
4697,0.4517741263953159,0.009915966330654467,COXFA4,ns
4698,0.19314997859120453,0.32734627661672594,NDUFA5,ns
47,0.19485216633564306,0.18031507354403742,ACLY,ns
4700,0.418703805782231,0.005150723062132695,NDUFA6,ns
4701,0.7804463563880937,0.0026293690575051555,NDUFA7,up
4702,0.7612459811483108,0.0003487757043604019,NDUFA8,up
4703,0.08229381076497155,0.7597666082367173,NEB,ns
4704,0.8758622976105244,0.000540811380237999,NDUFA9,up
4705,0.005996673773831063,0.9627630749260693,NDUFA10,ns
4706,0.8736388091507674,0.0013697008826847558,NDUFAB1,up
4707,0.22828218785376286,0.22518987240769886,NDUFB1,ns
4708,0.3339896741915105,0.03129583175967849,NDUFB2,ns
4709,0.9885159038261779,9.885544637382457e-05,NDUFB3,up
471,0.5873557081572685,0.005801396936292446,ATIC,up
4710,0.7100114144027785,0.001339581581397004,NDUFB4,up
4711,0.3988764989328679,0.035751075028146104,NDUFB5,ns
4712,0.8519977312381091,0.004056475314386849,NDUFB6,up
4713,0.38271082593003314,0.09591643640840264,NDUFB7,ns
4714,0.6376682496919823,0.006689257515654201,NDUFB8,up
4715,0.5263661916091706,0.0004281109211157188,NDUFB9,ns
4716,0.3645255552602098,0.03515010993411701,NDUFB10,ns
4717,0.5066435176475697,0.012086717835281282,NDUFC1,ns
4718,0.2145398679805588,0.2927149702235896,NDUFC2,ns
4719,0.7782869909032435,0.0016865023107293555,NDUFS1,up
472,-0.6262344560239459,0.012670363942964556,ATM,down
4720,0.548079360287014,0.0013666814014221356,NDUFS2,ns
4722,0.6095546363604853,0.002351129286492857,NDUFS3,up
4723,0.15950811694603928,0.38876915054520794,NDUFV1,ns
4724,0.4982737757694542,0.01136837381632154,NDUFS4,ns
4725,0.6233691413637708,0.001838558653799011,NDUFS5,up
4726,0.8224616091776582,0.00029993126924077374,NDUFS6,up
4728,0.38859847134310854,0.20217101602391493,NDUFS8,ns
4729,1.148500327914432,5.6825734040138235e-05,NDUFV2,up
473,-0.19582730288926165,0.5491430959997444,RERE,ns
4731,0.06347017787929765,0.7415108793873341,NDUFV3,ns
4733,0.5432941020113304,0.0008137223368836482,DRG1,ns
4734,-0.3378632961154242,0.16928664830245443,NEDD4,ns
4735,0.11949193933386582,0.4396472667494883,SEPTIN2,ns
4736,-0.4987817580225542,0.014353270934691922,RPL10A,ns
4738,0.09409424707255454,0.494113831215264,NEDD8,ns
4739,-0.44950405130827953,0.041298077719140944,NEDD9,ns
474170,-0.22183675075554632,0.19632665988538103,LRRC37A2,ns
474343,0.08801389237583113,0.3562984276664904,SPIN2B,ns
474344,0.23732753338556378,0.5674586243486807,GIMAP6,ns
4744,0.5073272448952109,0.013945951802021739,NEFH,ns
4747,-0.6516718717904668,0.06927544332934032,NEFL,ns
475,1.1734633252575346,4.7125314128797945e-05,ATOX1,up
4750,0.5061981367426771,0.029040974767354913,NEK1,ns
4751,1.9471152471036106,5.5628493904124545e-05,NEK2,up
4752,0.1714849350880332,0.23747267613907277,NEK3,ns
4753,-1.3891595495467435,0.0002069856170638302,NELL2,down
4756,-0.7612399094715876,0.005408886084173013,NEO1,down
4758,0.9216829244405123,0.00012614635957826,NEU1,up
476,-0.0848202652770702,0.4411312135747434,ATP1A1,ns
4763,0.14270663157420493,0.4048067726391306,NF1,ns
4771,0.23615277027758985,0.09591643640840264,NF2,ns
4772,-0.7860663891140529,0.0011261215267302142,NFATC1,down
4773,-0.7442342802107635,0.013028978152381918,NFATC2,down
4774,-0.36479423181734916,0.07602786914758511,NFIA,ns
4775,-0.5769017809464625,0.0013521983821608255,NFATC3,ns
4776,0.09008238354700548,0.7396273509339039,NFATC4,ns
4778,-0.022220165627363286,0.9759237526519781,NFE2,ns
4779,0.13142453277550636,0.2022328226977809,NFE2L1,ns
478,-0.8414631313029988,0.005012940536861617,ATP1A3,down
4780,0.0032119245462247648,0.9899588903985462,NFE2L2,ns
4781,-0.1352673140282814,0.5454118692605394,NFIB,ns
4782,-0.9144341324883669,0.008602689774124983,NFIC,down
4783,0.05400995700749789,0.9423093671496526,NFIL3,ns
4784,-0.5452361776775314,0.21742009942648144,NFIX,ns
4790,0.057232692359823645,0.7744411658932289,NFKB1,ns
4791,-0.010369450290987459,0.9733347095986679,NFKB2,ns
4792,-0.8491806697663691,0.3852514570924467,NFKBIA,ns
4793,0.22100802798534325,0.38496117320486184,NFKBIB,ns
4794,-0.1552360882593966,0.7678446711752558,NFKBIE,ns
4795,-0.26436084709120067,0.19992769581967906,NFKBIL1,ns
4796,0.9043289164225232,0.010734057490923873,TONSL,up
4798,-0.1113689141461478,0.24782428957330863,NFRKB,ns
4799,0.2702612074534141,0.07958606873824396,NFX1,ns
48,-0.17540854939144968,0.46065308239492697,ACO1,ns
4800,-0.46001362834049075,0.025449217745624697,NFYA,ns
4801,-0.015049987510558083,0.9439142306097648,NFYB,ns
4802,0.014621956150071114,0.9368729286816786,NFYC,ns
4804,-0.09605042959383514,0.6813943065048306,NGFR,ns
4807,0.2103392584268109,0.2442163260093626,NHLH1,ns
4809,0.32317387576126855,0.026700750689947768,SNU13,ns
481,0.10986389759819115,0.7355877499038719,ATP1B1,ns
4810,-1.019453357592056,0.0019288581124487611,NHS,down
4811,-0.3672373646088367,0.4779338704288955,NID1,ns
4814,-0.4397887658267763,0.47646363318371293,NINJ1,ns
4815,-0.3033322733714394,0.37436758746682414,NINJ2,ns
4817,0.24528120043821566,0.1587491704825178,NIT1,ns
4818,-0.8824553592379907,0.045376791508053335,NKG7,down
482,0.8561849742904624,0.03183282735716546,ATP1B2,up
4820,-0.051746326641492146,0.8322381308950724,NKTR,ns
4824,-0.13827154404363906,0.6777611060627234,NKX3-1,ns
4826,-0.2449694635271964,0.19757588647364807,NNAT,ns
4828,0.28017470038344783,0.23092099517863185,NMB,ns
483,0.7037950611785035,0.000984637493640517,ATP1B3,up
4830,1.5471641362084538,0.0005850518008499338,NME1,up
4831,0.46502843334973676,0.03232468240782053,NME2,ns
4832,-0.08019499045464062,0.616781253103925,NME3,ns
4833,-1.0547536606876502,0.0034287819598149217,NME4,down
4835,-0.2724710424072949,0.43328527223767216,NQO2,ns
4836,0.22882503699964296,0.08405675875569484,NMT1,ns
4838,-0.4352478059787934,0.039105848517189526,NODAL,ns
4839,0.544493435900721,0.0036537325520421032,NOP2,ns
4841,0.04993216733640615,0.6621646861750373,NONO,ns
4846,-0.40586053154715707,0.059711667244484866,NOS3,ns
4848,-0.0633574194832498,0.4578790951345979,CNOT2,ns
4849,-0.13510031548484314,0.6589369676272404,CNOT3,ns
4850,-0.11918719209329964,0.37385241650419176,CNOT4,ns
4851,-0.6767534894463356,0.07887563130347887,NOTCH1,ns
4853,-0.72935892538875,0.016858947668957725,NOTCH2,down
4854,0.33450132601434746,0.3504943136441766,NOTCH3,ns
4855,-0.3233624474982282,0.215421266327819,NOTCH4,ns
4856,-1.3119427226525575,0.011723521169451872,CCN3,down
486,-0.3167231271002313,0.035174325672420466,FXYD2,ns
4860,0.49422873619270646,0.03711010051585998,PNP,ns
4862,-0.8997768011019174,0.0025054032082346485,NPAS2,down
4863,-0.35324591497155744,0.08476193727684257,NPAT,ns
4864,-0.3716725656006634,0.1443168087021844,NPC1,ns
4869,0.15826753481757905,0.577676471052654,NPM1,ns
487,0.30159403837888465,0.2862394447233408,ATP2A1,ns
488,0.9647104281361223,5.420137334318328e-05,ATP2A2,up
4882,-0.10661404726445678,0.5670475792143111,NPR2,ns
4883,-0.23000392873318098,0.2159791937217821,NPR3,ns
4884,-0.02970556303305205,0.9303370036006101,NPTX1,ns
489,0.024619217920859526,0.9266297169112823,ATP2A3,ns
4891,-0.06735908292413484,0.5781058140769875,SLC11A2,ns
4893,0.48037374755697826,0.014509951579258528,NRAS,ns
4897,-0.700826258207913,0.02235029906294973,NRCAM,down
4898,0.3379110928024591,0.08701539064672935,NRDC,ns
4899,-0.07999223969439839,0.48970730683642527,NRF1,ns
490,-0.49117353053978263,0.07625519527664767,ATP2B1,ns
4900,-2.281902965515478,0.009180544392744535,NRGN,down
4901,0.1323389214773405,0.3914190719296243,NRL,ns
4904,0.021322164040975977,0.9099529205226795,YBX1,ns
4905,0.5940556598664646,0.011224672433816396,NSF,up
4907,-1.570906734790893,9.19762012529718e-06,NT5E,down
4913,0.6763825681001174,0.0014992884808300326,NTHL1,up
4914,-0.4113057147984751,0.04244300056611623,NTRK1,ns
4919,-0.4331706185698545,0.06805515798958922,ROR1,ns
4920,0.5473680656931039,0.1414387855118079,ROR2,ns
4921,1.2904134389414503,0.0021772325626680396,DDR2,up
4923,0.04302921701157292,0.948872423031736,NTSR1,ns
492311,-0.11013792081549756,0.7523812044096425,IGIP,ns
4924,0.3778675580163817,0.06521701025915584,NUCB1,ns
4925,0.8248294381977654,0.00797326200649366,NUCB2,up
4926,-0.42370664477872744,0.00021709321229777925,NUMA1,ns
4927,0.04037288480641976,0.7706735115936405,NUP88,ns
4928,0.18210155270847572,0.3851074943184333,NUP98,ns
4929,-1.5086363667200127,0.14319342341700694,NR4A2,ns
493,-0.8557146922482648,0.0024403778934679087,ATP2B4,down
4931,0.38200510909048013,0.0058636257869169005,NVL,ns
493753,0.09700133954882251,0.46231777572638455,COA5,ns
4938,1.6176951522387224,0.004037799601867112,OAS1,up
493856,0.6883221499863108,0.001046266748966625,CISD2,up
493860,0.007020949964308798,0.9636691632542945,CCDC73,ns
493861,-0.4421451426317482,0.049521070283222474,EID3,ns
4939,1.7374336628012994,0.002372735362750146,OAS2,up
493911,-0.11627000423134692,0.4083370587045922,PHOSPHO2,ns
4940,1.3351790856881465,0.049059329943299264,OAS3,up
494115,-0.3053678418171586,0.11246328462607523,RBMXL1,ns
494143,2.0015370835425204,0.00035201376149062385,CHAC2,up
4942,0.171844906943468,0.256645491116455,OAT,ns
4943,-0.25644106893354923,0.09095508602931762,TBC1D25,ns
494470,-1.0261152682808197,0.0005065017607442066,ARK2C,down
494513,0.061172553479921454,0.8031735418634456,PJVK,ns
494514,0.5920301432228126,0.001512663565184612,TYMSOS,up
4946,-0.15084509586970896,0.4555643315261625,OAZ1,ns
4947,-0.8551637486892254,0.014451594848667638,OAZ2,down
4952,0.026096667710394428,0.8890063905023908,OCRL,ns
4953,0.23248648979099862,0.3347602493309918,ODC1,ns
4957,-0.006160327217296313,0.9685463095032483,ODF2,ns
4967,0.28124513713939336,0.10878693070482036,OGDH,ns
4968,-0.201834924258101,0.26778167038842116,OGG1,ns
497189,0.1360483944198041,0.6979074455158516,TIFAB,ns
497190,0.33593695741172613,0.2768159299692185,CLEC18B,ns
4973,0.45865683004229485,0.3708977416804814,OLR1,ns
4974,-0.11236368044969769,0.6813943065048306,OMG,ns
4976,0.1991025230432122,0.3483118628047955,OPA1,ns
497661,0.12395581179155357,0.44492335884792755,C18ORF32,ns
498,0.6461880592858495,0.017137242117204896,ATP5F1A,up
4983,0.3131019611496759,0.45035764995831096,OPHN1,ns
49854,-0.16140641936052802,0.7067677139235113,ZBTB21,ns
49855,0.2404955782621503,0.14160412810557235,SCAPER,ns
49856,0.006045426210787852,0.9531279440355303,WRAP73,ns
4987,-0.4779591758363173,0.11824161293507708,OPRL1,ns
4988,0.27272977706206536,0.2598725176539585,OPRM1,ns
4998,2.3237479891015216,6.15023529581025e-05,ORC1,up
4999,0.4006128244860694,0.018034860024503097,ORC2,ns
50,0.6245418160776364,0.002452289819351255,ACO2,up
5000,0.1006674490334678,0.7958187332885632,ORC4,ns
5001,0.45318875684764226,0.07412535336428992,ORC5,ns
5002,-0.3433518119680441,0.23481494413831278,SLC67A1,ns
5003,0.010586596356846556,0.9675097592112855,SLC67A1-AS,ns
5004,-0.8114360652704304,0.16183196343366932,ORM1,ns
5005,-0.16567431125767573,0.5631409486372917,ORM2,ns
5007,0.23418856849055736,0.22343828613913966,OSBP,ns
5008,-1.2381121793076444,0.11424207402285018,OSM,ns
501,0.8776542684479534,0.0017082515521611953,ALDH7A1,up
5013,-0.6753956789497453,0.10145731703929922,OTX1,ns
5016,-0.33496947434178015,0.08705399895773616,OVGP1,ns
5018,-0.43840871229226686,0.046162901998988794,OXA1L,ns
5019,0.7643102621281965,0.0438085470888443,OXCT1,up
5021,-0.17704564316681992,0.37419704640515994,OXTR,ns
5023,-0.06085397175037244,0.8934040681231696,P2RX1,ns
5025,0.13694838288686384,0.42173347170999237,P2RX4,ns
5026,0.34078093099659235,0.39636407139309404,P2RX5,ns
5027,0.3780676366701883,0.2770305481057426,P2RX7,ns
5028,-0.16774125754567493,0.5586321053935879,P2RY1,ns
5029,-0.15359296588694082,0.7214660347249986,P2RY2,ns
5031,1.8118723515333377,0.0004930290421334868,P2RY6,up
5032,0.6616210887734271,0.21044369435667906,P2RY11,ns
5033,-0.04033064040801548,0.8396563348664101,P4HA1,ns
5034,0.9815712318406398,0.0023697452418415085,P4HB,up
5036,0.25613559820011567,0.20819996954594847,PA2G4,ns
5037,0.440090308726262,0.17435301560428712,PEBP1,ns
503834,0.2617730419271025,0.25131143216448937,DPRX,ns
5045,-0.2835548396039318,0.356038481987692,FURIN,ns
5046,-1.6309890447305788,0.003909529127660278,PCSK6,down
5048,0.13932368690454133,0.433647359446245,PAFAH1B1,ns
50484,-0.4042960775786426,0.09209704826707087,RRM2B,ns
50485,0.3049152954426173,0.055231765280739635,SMARCAL1,ns
50486,-2.217281991709255,0.13952932324115158,G0S2,ns
50488,-0.3740735843901142,0.059299735390233886,MINK1,ns
50489,-0.7702188426151908,0.00011364877010544352,CD207,down
5049,-0.06070765490945007,0.6547100489737608,PAFAH1B2,ns
5050,0.41560654904380634,0.046659546986187156,PAFAH1B3,ns
50509,-0.008336561466856907,0.9891935461399958,COL5A3,ns
5051,-0.44281011653249713,0.0615335778768121,PAFAH2,ns
50512,-0.3685177540189457,0.07870735829362381,PODXL2,ns
50515,-0.2353569985854449,0.22429097586574334,CHST11,ns
5052,1.2195724713252858,4.796297124689089e-05,PRDX1,up
5054,0.632632192301787,0.025700306844601683,SERPINE1,up
5055,1.3659615030531018,0.013945951802021739,SERPINB2,up
5058,-0.33533063795928975,0.3239693708379311,PAK1,ns
506,0.6294615120606988,0.0005415970746745901,ATP5F1B,up
50615,-0.22875023797600136,0.331410065109164,IL21R,ns
50618,-0.10704215664507721,0.46231777572638455,ITSN2,ns
50619,0.17947381843630694,0.22514659909006549,DEF6,ns
5062,-0.19021770995004772,0.2881064833211489,PAK2,ns
50624,0.041268999368644366,0.8515659808279096,CUZD1,ns
50626,-0.20909512042886647,0.24480009075421247,ZFTRAF1,ns
50628,0.3419645799310871,0.08664039356045518,GEMIN4,ns
5063,0.043522966657954854,0.8686514278518813,PAK3,ns
5064,-0.7878987173802283,0.0229175386013655,PALM,down
50640,0.1850663214313233,0.37488212212622757,PNPLA8,ns
50649,-0.5021440528633336,0.0770071694407967,ARHGEF4,ns
50650,-0.050381849565543035,0.84873505931869,ARHGEF3,ns
50651,-0.5044399063298481,0.0003064209223117633,SLC45A1,ns
5066,0.14755994756613333,0.6487344271169935,PAM,ns
5071,-0.0711341678275188,0.7620606985240739,PRKN,ns
50717,-0.09210891425764345,0.3186153119779518,DCAF8,ns
5073,-0.054646923073223164,0.6401281466393067,PARN,ns
5074,0.12694890231299016,0.7217957828161531,PAWR,ns
5079,-1.2470231104214236,0.004585690088359449,PAX5,down
5080,-0.2558392549217201,0.08376148207111526,PAX6,ns
50804,-0.12371701521402567,0.5966552859736024,MYEF2,ns
50807,-0.5044481978392632,0.12410103636730975,ASAP1,ns
50808,0.25991921915852245,0.11593849313545046,AK3,ns
50809,-0.36150152796140844,0.0013521983821608255,HP1BP3,ns
50810,-0.5863689800253518,0.008031217183222297,HDGFL3,down
50813,-0.034265287968793245,0.8018311510474847,COPS7A,ns
50814,0.5077904756243008,0.0009511666939612951,NSDHL,ns
5082,0.12694108855317765,0.5478770984933148,PDCL,ns
50848,-0.41149467624013525,0.19511250841077063,F11R,ns
50852,0.1884081572027494,0.7067677139235113,TRAT1,ns
50853,-0.18387563533024398,0.31095572167547353,VILL,ns
50854,-0.6160294554843624,0.010885633677498025,SNHG32,down
50855,0.21571793282105212,0.19072383338464363,PARD6A,ns
50856,-0.9891569913914218,0.009954962791724527,CLEC4A,down
50861,-1.2211908711965105,0.0001661230272676351,STMN3,down
50862,-1.052582260035118,0.0007152900918213378,RNF141,down
50865,-0.5906932260736291,0.010015106539905798,HEBP1,down
5087,-1.347244532113721,0.0010013838746647395,PBX1,down
5089,-0.4795077526161453,0.07101793831598768,PBX2,ns
509,0.658900078961107,0.0001982232818152379,ATP5F1C,up
5090,-0.8223199757464217,0.0007095690867389165,PBX3,down
5091,-0.2623718963857318,0.12952930023648562,PC,ns
5092,0.23275786619483174,0.1988316659860238,PCBD1,ns
5093,-0.13456792338953605,0.44341799487912015,PCBP1,ns
50937,-0.041541655816442535,0.880358882757013,CDON,ns
50939,-0.2561458567092396,0.18193738494893447,IMPG2,ns
5094,-0.7871952949015455,5.621784775429581e-06,PCBP2,down
50943,-0.06483254467935318,0.8748641673474824,FOXP3,ns
50944,-0.7316105879806862,0.007981043350559538,SHANK1,down
5095,0.238063902725691,0.2398347915991682,PCCA,ns
5096,0.6093931281797875,0.0020354135506170552,PCCB,up
5097,-1.8241604404199547,0.00013900623464292174,PCDH1,down
5098,0.11761386550979491,0.6836710415242695,PCDHGC3,ns
50999,0.7169817177905298,0.0002069856170638302,TMED5,up
51,0.30498867854322853,0.249985647078171,ACOX1,ns
51000,0.7176228871764962,0.0001178207033684942,SLC35B3,up
51001,0.2626428724269738,0.09582236753634624,MTERF3,ns
51002,0.6767818571425002,0.001531922804538678,TPRKB,up
51003,0.2597727805880643,0.05413221418308794,MED31,ns
51004,0.03145045836075777,0.8116750085258104,COQ6,ns
51005,0.11502619432446615,0.43410083537388106,AMDHD2,ns
51006,0.08855573123723737,0.42537489643058757,SLC35H1,ns
51008,0.33537075091558144,0.001208732056043481,ASCC1,ns
51009,0.6210180969314578,0.011593727993886036,DERL2,up
5101,-1.031344884058937,0.004535356443520762,PCDH9,down
51010,0.8585477110181747,0.0020161199927999462,EXOSC3,up
51011,0.2463985103147266,0.21991329495784054,FAHD2A,ns
51012,0.25860339420674805,0.14896493147477355,PRELID3B,ns
51013,0.5737650814320805,0.0004345950504534731,EXOSC1,ns
51014,0.17642617776766478,0.5106169542783456,TMED7,ns
51015,0.412008712819671,0.04142392602924989,ISOC1,ns
51016,0.6036108659223078,0.0072306446939942376,EMC9,up
51018,0.20457080815827133,0.2975443803847854,RRP15,ns
51019,0.4734988438206109,0.0027751397197891825,WASHC3,ns
51020,0.07793592775069413,0.6869855040139619,HDDC2,ns
51021,0.42105873441316,0.019745142528674858,MRPS16,ns
51022,0.7866619895902867,0.0005145535233560442,GLRX2,up
51023,1.026515420395187,9.059262468692156e-05,MRPS18C,up
51024,0.007511218339832482,0.9706418966670515,FIS1,ns
51025,0.5928700818263302,0.003447662389997934,PAM16,up
51026,0.8022482179956967,0.001828581152020525,GOLT1B,up
51027,0.2738236933484579,0.09721557511777919,BOLA1,ns
51028,0.10820430918191981,0.5996315345976116,VPS36,ns
51029,0.3163387012007455,0.1411953022733983,DESI2,ns
51030,0.41991299813702554,0.09698071154555374,TVP23B,ns
51031,-0.03029215638107452,0.880047546496369,GLOD4,ns
51035,-0.32721943647015905,0.005416057486493948,UBXN1,ns
51042,0.6823870444725122,0.025615737274742603,ZNF593,up
51043,-0.17289504607939854,0.5992877320390075,ZBTB7B,ns
51053,1.901971559755598,7.005079056766603e-05,GMNN,up
51056,1.6082661082674559,0.0009868840460062563,LAP3,up
51057,-0.17897053511574867,0.4300230310741325,WDPCP,ns
51058,0.18204627186640732,0.3201074904349223,ZNF691,ns
5106,0.5865610561260652,0.002395986415675912,PCK2,up
51060,0.10972131257833162,0.3701200830165944,TXNDC12,ns
51061,1.646661358223671,0.0012227880000477715,TXNDC11,up
51062,-0.06353629892266888,0.7155934030568539,ATL1,ns
51063,-0.44686933768637616,0.24853149956284534,CALHM2,ns
51065,1.0968009079844308,0.0001743938290000907,RPS27L,up
51066,-0.14400535299344686,0.5037428104872645,SSUH2,ns
51067,0.42247099227815355,0.01025372402679104,YARS2,ns
51068,0.10348642666692065,0.6862640325894149,NMD3,ns
51069,0.7554678504462506,0.0009355809901696207,MRPL2,up
51070,-0.1431559929743571,0.33300018966981837,NOSIP,ns
51071,0.44482531397460967,0.004855097223245774,DERA,ns
51072,-0.06479968422919313,0.6135516140116812,MEMO1,ns
51073,0.6047615820608705,0.03197630954452716,MRPL4,up
51074,0.6873637679868043,0.0005903213365917333,APIP,up
51075,0.3963463709119974,0.01354354803955567,TMX2,ns
51076,0.17283007311346843,0.21220415789484004,CUTC,ns
51077,0.21270559436140957,0.1428059084653398,FCF1,ns
51078,-0.17912672830802734,0.3124190664031322,THAP4,ns
51079,0.6553324037899344,0.0020465746905852745,NDUFA13,up
5108,0.0832233883428426,0.7369197887111342,PCM1,ns
51081,0.9819578390931465,0.00020084187928490863,MRPS7,up
51082,-0.4294864349798111,0.004911310482227998,POLR1D,ns
51084,-1.158854234883413,3.491941380614917e-05,CRYL1,down
51088,0.04251587064689133,0.7845043974402964,KLHL5,ns
51090,-0.629511802585438,0.00043113042588820486,PLLP,down
51091,0.13450563417123362,0.3616989313029864,SEPSECS,ns
51092,-0.49730592758483283,0.1574174758416131,SIDT2,ns
51093,0.20076264364697138,0.26743467703988955,METTL25B,ns
51094,-0.05619185579358721,0.860015357155545,ADIPOR1,ns
51095,0.6099839533184879,0.008897106224117936,TRNT1,up
51096,0.26660664172630355,0.18674325524885907,UTP18,ns
51097,0.06472109950215366,0.7948608874351536,SCCPDH,ns
51098,-0.2628360625288959,0.1403720409933939,IFT52,ns
51099,-0.3113184607705346,0.43140512238786555,ABHD5,ns
5110,0.5757734792269655,0.002605283715100943,PCMT1,ns
51100,0.07515511469074099,0.7107893908698687,SH3GLB1,ns
51101,-0.10533958661442,0.5999016091826004,ZC2HC1A,ns
51102,0.38244454714929876,0.04208824255548465,MECR,ns
51103,1.277550114218509,0.00012416475946638058,NDUFAF1,up
51104,-0.22623754796258222,0.2700150434750581,ABHD17B,ns
51105,0.11207667806071164,0.5123198976198874,PHF20L1,ns
51106,0.26495232178197003,0.10559615834417199,TFB1M,ns
51107,-0.16252066527748532,0.20784755193030233,APH1A,ns
51108,-0.16655001872752706,0.4109369443791539,METTL9,ns
51109,0.021549318391622663,0.8658774126860549,RDH11,ns
5111,1.7312949803984612,7.400590316072112e-05,PCNA,up
51110,0.5054833876124789,0.009475139359395408,LACTB2,ns
51111,-0.2992723659596255,0.03689710632178542,KMT5B,ns
51112,-0.04894660229974335,0.7785574109598048,TRAPPC12,ns
51114,0.44542310377891514,0.006304985819439363,ZDHHC9,ns
51115,0.25241029397900583,0.07108474404253409,RMDN1,ns
51116,0.25414988353448287,0.27507266905869415,MRPS2,ns
51117,0.20305416878747984,0.4897082503310998,COQ4,ns
51118,0.9793647790120685,0.0002151274378380138,UTP11,up
51119,-0.4914585091847812,0.29607076981999547,SBDS,ns
51121,0.9292016514010806,0.00012736537187883146,RPL26L1,up
51122,0.19967361009539886,0.3114512440516801,COMMD2,ns
51123,0.5670727439061736,0.013249013777868782,ZNF706,ns
51124,0.5441192181803984,0.024973115338032648,IER3IP1,ns
51125,-0.40764596830811684,0.009551347417196513,GOLGA7,ns
51126,0.5140824998495184,0.016505109638152757,NAA20,ns
51127,-0.389262660311017,0.022383707422481292,TRIM17,ns
51128,0.9809137100126737,0.0018192309412354269,SAR1B,up
51130,0.5039543361761414,0.025981132919420013,ASB3,ns
51131,0.2112040870238996,0.3902642191826373,PHF11,ns
51132,-0.1304017311255592,0.5964447936680065,RLIM,ns
51133,0.37992637242567096,0.03945703535436973,KCTD3,ns
51134,0.15506569509585777,0.4295515372687327,CEP83,ns
51135,-0.07910469641162088,0.47960786640113595,IRAK4,ns
51136,-0.09765959986340533,0.6104750413683183,RNFT1,ns
51138,0.3676495614521684,0.10945784852496497,COPS4,ns
51141,0.4518801005334101,0.058608698432409664,INSIG2,ns
51142,0.4885232486481783,0.018900624068714553,CHCHD2,ns
51143,-0.09357009276988393,0.6107177259810916,DYNC1LI1,ns
51144,0.3563473845694709,0.18624193455585494,HSD17B12,ns
51147,-0.4984027992511866,0.0026541481644504856,ING4,ns
51148,0.14461789525520352,0.7831277944820498,CERCAM,ns
51149,-0.11046400844049309,0.6298848604159681,MRNIP,ns
51150,0.4002237369072734,0.0200239996822781,SDF4,ns
51154,0.92049915302582,0.0005259760505235465,MRTO4,up
51155,0.4620031482674918,0.03096165563336641,JPT1,ns
51157,-0.20756841404727844,0.5720879563639724,ZNF580,ns
5116,0.05551803312617487,0.6595036180778603,PCNT,ns
51160,-0.2394193911108733,0.22574106021308474,VPS28,ns
51161,-0.33811796776845604,0.08005132162272209,C3ORF18,ns
51162,0.2601666569314416,0.6090183239477089,EGFL7,ns
51163,0.409969332171209,0.07757950722915584,DBR1,ns
51164,0.008181230015061658,0.9655211739227709,DCTN4,ns
51167,-0.151919246526953,0.5531991614382145,CYB5R4,ns
51168,-0.11695302436655908,0.4258574402910149,MYO15A,ns
51170,-0.891851611550404,0.0025278306189396227,HSD17B11,down
51171,-0.1920370388820185,0.3312126542009332,HSD17B14,ns
51172,-0.17742713175876546,0.3191803725443662,NAGPA,ns
51174,0.2708274408571345,0.07019933891428913,TUBD1,ns
51175,0.027123662003444515,0.8958395499094663,TUBE1,ns
51176,-0.48213365628654437,0.27301432196763625,LEF1,ns
51177,-0.5666195849135285,0.07736795373707737,PLEKHO1,ns
5118,-0.5913556240920075,0.01016728883285172,PCOLCE,down
51181,0.333142869302824,0.10952262435107107,DCXR,ns
51182,0.3723153029730195,0.047305265277247974,HSPA14,ns
51184,0.6776677103383308,0.0005713704352444669,GPN3,up
51185,-0.2703180693838707,0.08960926437218042,CRBN,ns
51186,0.6993368361281824,0.000508876765159149,TCEAL9,up
51187,-0.24454092117513682,0.2970757132529381,RSL24D1,ns
51188,0.08363117642334483,0.6423626988070392,SS18L2,ns
5119,-0.03772436573718885,0.8068940547554808,CHMP1A,ns
51191,1.4388029251471206,0.03507480545535264,HERC5,up
51192,-0.03877741575562865,0.8871433689418393,CKLF,ns
51193,-0.41646939619866785,0.13266518306032282,ZNF639,ns
51194,0.5639362078746997,0.011748539293976117,IPO11,ns
51195,-0.059497952959868705,0.8770171508311452,RAPGEFL1,ns
51199,-0.15985258739745234,0.3579679652921142,NIN,ns
51201,-0.4762757133162694,0.0073542384067484725,ZDHHC2,ns
51202,0.3846637537048121,0.11335943561302259,DDX47,ns
51203,2.498857311147904,4.7125314128797945e-05,NUSAP1,up
51204,0.6930158380235243,7.370617197129326e-05,TACO1,up
51205,-0.04769857694391533,0.8365380667578006,ACP6,ns
51206,-0.873331445101118,0.0943038136453977,GP6,ns
51207,0.3863223993314895,0.2826098426110015,DUSP13B,ns
51209,-0.009586301686624665,0.9628019948318959,RAB9B,ns
51218,0.31556107129352284,0.129341012785999,GLRX5,ns
51222,-0.6304116813443512,0.013602285256956817,ZNF219,down
51225,-0.10647110498974399,0.7924807464513305,ABI3,ns
51226,-0.4842965103809522,0.0005945290202542401,COPZ2,ns
51227,0.1026931042855388,0.5944266033654978,PIGP,ns
51228,-0.5545147489468221,0.0004345950504534731,GLTP,ns
51230,-0.5645134799562541,0.0008958627671699605,PHF20,ns
51231,0.005507337635769716,0.9715452145126562,VRK3,ns
51232,-1.1895693172237038,0.0005737971505508928,CRIM1,down
51233,-0.27306968744703575,0.24349179511919714,DRICH1,ns
51234,0.352534893507487,0.07526648924375344,EMC4,ns
51236,-0.07105749129113548,0.7813264655047454,HGH1,ns
51237,4.153044004859015,0.0001360833042124032,MZB1,up
51239,0.4834043758744544,0.01177292462962582,ANKRD39,ns
51241,0.527456327340845,0.004741427237436542,COX16,ns
51244,0.011211525281861867,0.935270183556247,CCDC174,ns
51246,0.21948079966363032,0.45693927309455795,SHISA5,ns
51247,-0.2985551139408624,0.026317139265307363,PAIP2,ns
51248,0.47341207799600404,0.00893863681421774,PDZD11,ns
51249,0.07952311638110388,0.7297687531033211,TMEM69,ns
5125,-0.8203370780463946,0.0024389174859233403,PCSK5,down
51250,0.4962627978907994,0.013252548015050096,MTRES1,ns
51251,1.1769299748562876,0.004379587056972101,NT5C3A,up
51253,0.7579831677506021,0.006602257710105872,MRPL37,up
51255,0.4338191040893751,0.008351797253906367,RNF181,ns
51256,0.5313813092207376,0.013911034554047495,TBC1D7,ns
51257,-0.7591577983617146,0.04402583262072842,MARCHF2,down
51258,0.958772195780222,0.00117053728009552,MRPL51,up
51259,-0.2743581438635694,0.09138929709903244,TMEM216,ns
51260,0.5900961089503722,0.0010511854752886483,PBDC1,up
51263,0.10980685179719885,0.5930997657212498,MRPL30,ns
51264,1.081282047630518,5.420137334318328e-05,MRPL27,up
51265,0.11645668768476192,0.3627969185078563,CDKL3,ns
51266,0.13191686433128957,0.765861324656803,CLEC1B,ns
51267,-0.2645869471254718,0.3202054653079988,CLEC1A,ns
51268,-0.015582547152640736,0.9337393607869953,PIPOX,ns
5127,-0.1559865288213942,0.48652995495499374,CDK16,ns
51271,0.08408481970476167,0.737756333362079,UBAP1,ns
51272,-0.04977733721946365,0.7930136090354328,BET1L,ns
51274,-0.6041057432132071,0.005426170310035223,KLF3,down
51276,-0.5633546597501722,0.020732271093668053,ZNF571,ns
51277,-0.10783580739699516,0.46046381524839514,DNAJC27,ns
51278,-0.7970965967357202,0.119012380263575,IER5,ns
51279,-0.2585521587481576,0.4411312135747434,C1RL,ns
5128,0.41596361931255643,0.044946157832144173,CDK17,ns
51280,-0.35330722946868676,0.30506053291870955,GOLM1,ns
51281,-0.6020165930346781,0.00020454816162544898,ANKMY1,down
51282,0.15447834033386876,0.5533926911097746,SCAND1,ns
51283,0.34127458128912735,0.015637166334688618,BFAR,ns
51284,1.389598456395273,0.006073511156986602,TLR7,up
51286,0.37891373665348826,0.08925807243978788,CEND1,ns
51287,0.6025655965459222,0.0009134126136981165,COA4,up
5129,0.3420386031109386,0.23855043725948286,CDK18,ns
51290,1.2659687804795325,8.944250117801734e-05,ERGIC2,up
51291,-0.22745932673386626,0.4600374251365322,GMIP,ns
51292,-0.016580317474094386,0.9255543326199043,GMPR2,ns
51293,0.8330030109041218,0.02370179296455797,CD320,up
51294,-0.2753764558676588,0.19360176808882282,PCDH12,ns
51295,0.07718110865313577,0.5855530639458243,ECSIT,ns
51296,-0.9540934357096091,0.032397022341804395,SLC15A3,down
51299,0.5589530112919414,0.13425886556024597,NRN1,ns
513,0.18691784739368345,0.5180102691406129,ATP5F1D,ns
5130,0.381582485605815,0.011220503960748683,PCYT1A,ns
51300,0.5656096003569733,0.00036614580689741706,TIMMDC1,ns
51301,-0.4562087091169431,0.11758474333409089,GCNT4,ns
51303,2.100422207481884,0.0008304613327302368,FKBP11,up
51304,-0.08404136322985956,0.6279235624310205,ZDHHC3,ns
51306,-0.37251804960412827,0.012336636405989984,FAM13B,ns
51307,-0.2808268954073512,0.5523637071063697,FAM53C,ns
51309,-0.24666935686972202,0.1972923711405704,ARMCX1,ns
51310,-0.9831225512654207,0.0019121181302135654,SLC22A17,down
51311,-0.5186327575570022,0.35529803070499555,TLR8,ns
51312,-0.9129584461179299,0.2928842679476249,SLC25A37,ns
51313,-0.4354629056606001,0.46090415934157425,GASK1B,ns
51314,-0.24575982678012576,0.24647137466789612,NME8,ns
51315,0.029328542809768265,0.8840380320941299,KRCC1,ns
51316,1.1209085814026718,0.0028819083757688343,PLAC8,up
51317,-0.267581003552289,0.4792747884340922,PHF21A,ns
51318,0.8091204201923938,0.004279398991237526,MRPL35,up
51319,0.46090701357173547,0.017314059430276474,RSRC1,ns
51320,-0.488223092448564,0.07734983861745134,MEX3C,ns
51321,0.0042417821459519445,0.9783117176503977,AMZ2,ns
51322,-0.2837747543757647,0.06291206464388568,WAC,ns
51324,-0.24469191546625524,0.16614700789757142,SPG21,ns
51326,-0.08959396134383013,0.7707949799431254,ARL17A,ns
51327,-0.24075107911359606,0.7454950941067097,AHSP,ns
51329,0.08070313419783659,0.5830522521001421,ARL6IP4,ns
5133,1.0081001689221099,0.007385233886011493,PDCD1,up
51330,-0.3075617113046123,0.35854363084694035,TNFRSF12A,ns
51332,0.1064009530515424,0.7759176468008903,SPTBN5,ns
51333,0.006187244230359212,0.9794652560700138,ZNF771,ns
51334,0.39124325985746466,0.14839651296714723,PRR16,ns
51335,-0.11788164230662623,0.47937623719594397,NGRN,ns
51337,-0.3124356953534386,0.04775936354941854,THEM6,ns
51338,0.7815661879702729,0.08493203965049793,MS4A4A,ns
51339,-0.953179445764393,0.021376693230011196,DACT1,down
5134,0.031241263973251776,0.8068940547554808,PDCD2,ns
51340,0.7343935047431138,0.0019134665670046517,CRNKL1,up
51341,-0.5120174116445018,0.14770183882507987,ZBTB7A,ns
51343,-0.13700610992054152,0.4438350357250602,FZR1,ns
51347,-0.1723087222739128,0.19549837895536748,TAOK3,ns
51348,-1.098436324005453,0.019370126171261656,KLRF1,down
51351,-0.5824406202346344,0.22404683624746272,ZNF117,ns
51360,0.7111166664878148,0.006987753531086266,MBTPS2,up
51361,-0.09110449971416656,0.7892314132210588,HOOK1,ns
51362,0.04844938694630585,0.8418193732590343,CDC40,ns
51363,0.3204746418720852,0.36300796159221216,CHST15,ns
51364,-0.33139855815493924,0.1102519016213705,ZMYND10,ns
51366,0.2616385101151568,0.1016292317719376,UBR5,ns
51367,0.49208616679564443,0.014187972264062262,POP5,ns
51368,0.06800204202935234,0.633260364763554,TEX264,ns
51371,1.04647408805452,3.490240435663177e-05,POMP,up
51372,-0.1468508358064895,0.444657361016385,TMA7,ns
51373,0.4658531110519979,0.04733618205535524,MRPS17,ns
51374,0.2042168240251634,0.17243850937242375,ATRAID,ns
51375,-0.2602666992319804,0.4698611435689901,SNX7,ns
51377,0.5419355029369708,0.027041478383720313,UCHL5,ns
51379,-0.28352874952460283,0.18504597006568047,CRLF3,ns
5138,0.05702566155672617,0.8949967822992789,PDE2A,ns
51380,-0.09217088954472175,0.863378810697505,CSAD,ns
51382,0.18792998270516037,0.31717987107115125,ATP6V1D,ns
51384,-0.10873567702850018,0.6204384722764515,WNT16,ns
51385,-0.11924437474326588,0.4745783310689394,ZNF589,ns
51386,-1.054062788634253,5.8522717197696746e-05,EIF3L,down
51388,0.08735223882681176,0.6692140740925747,NIP7,ns
51389,0.10361515152578349,0.5259348133811452,RWDD1,ns
5139,-0.17873926442408905,0.4836228508017071,PDE3A,ns
51390,-0.1738866096167211,0.15485653336232813,AIG1,ns
51393,0.137176832555868,0.28203144046824496,TRPV2,ns
51397,0.09033117765903853,0.6092260257349903,COMMD10,ns
51398,-0.0010419792544631434,0.9946345652047426,WDR83OS,ns
51399,0.49149528961748246,0.0048948350697723365,TRAPPC4,ns
514,0.20254445927049503,0.19672423707476744,ATP5F1E,ns
5140,-0.9932233052584465,5.420137334318328e-05,PDE3B,down
51400,0.27703403248485436,0.09005368029879132,PPME1,ns
51406,0.6492312497550046,0.0008539374904492245,NOL7,up
51409,-0.19430350851625633,0.3687345362251527,HEMK1,ns
5141,-0.5967675354162161,0.06741610156686953,PDE4A,ns
51411,-0.635770768353991,0.022650668596832495,BIN2,down
5142,-0.7346529329467657,0.1664526080038898,PDE4B,ns
51422,-0.15954265437426152,0.407964445173054,PRKAG2,ns
51426,0.3056103185893022,0.11567553460078155,POLK,ns
51427,0.23686185200386944,0.2062330404161058,ZNF107,ns
51428,0.3876701000413405,0.009799385912527138,DDX41,ns
51429,-0.4944627047004566,0.03875310045517686,SNX9,ns
5143,0.010672903641680165,0.9754926870502395,PDE4C,ns
51430,0.10322190285022259,0.5906604821781373,SUCO,ns
51433,0.35855647948496916,0.056010187178634,ANAPC5,ns
51434,0.5055468553998619,0.005033852043668988,ANAPC7,ns
51435,0.19369303693943696,0.42204897244540696,SCARA3,ns
51439,-0.15404419263532887,0.7006358069932342,FAM8A1,ns
5144,-0.5818898236597754,0.20407766304284966,PDE4D,ns
51440,-0.6454453214120752,0.05321208475224142,HPCAL4,ns
51441,0.230251824030832,0.22429097586574334,YTHDF2,ns
51444,-0.31345174317368496,0.24565312575197754,RNF138,ns
51447,-0.0015723826376881078,0.9922665453889821,IP6K2,ns
51449,-0.34865837132829114,0.12693541623449758,PCYOX1,ns
5145,0.06914912786954552,0.8778323447184754,PDE6A,ns
51451,0.18612445597910288,0.12760152651073295,LCMT1,ns
51455,-0.2675694931815453,0.024266134365683877,REV1,ns
51460,-0.08119102006047285,0.7484719464772231,SFMBT1,ns
51463,0.24222889206432985,0.2536416941000776,GPHRB,ns
51465,1.3119371378267424,0.0017101142607597447,UBE2J1,up
51466,-0.6329149561523835,0.0021283958645460324,EVL,down
5147,0.05897493964773659,0.49969507460193746,PDE6D,ns
51474,-0.05458572219604907,0.8773013104985051,LIMA1,ns
51477,-0.3813941883884109,0.19459649152015593,ISYNA1,ns
51478,0.30882754422033987,0.05032748318941414,HSD17B7,ns
51479,0.29442089617200295,0.23811394655549267,ANKFY1,ns
5148,-0.7596975515596727,0.009508259073146366,PDE6G,down
51490,-0.07171811649430637,0.4616278375687732,SPOUT1,ns
51491,0.9272551229724542,3.7414461911622176e-05,NOP16,up
51493,0.8023999363598264,0.0007312740602952206,RTCB,up
51495,0.8820273257614879,0.004006134828748995,HACD3,up
51496,-0.029596486847013992,0.8926825231425983,CTDSPL2,ns
51497,0.09570151675631955,0.5102826127179856,NELFCD,ns
51499,0.10359013408504225,0.5623102642855132,TRIAP1,ns
515,0.2650731623717917,0.11690034755686045,ATP5PB,ns
5150,-0.3572646940981361,0.07135465502930917,PDE7A,ns
51501,0.4570818730958699,0.005644203060090375,HIKESHI,ns
51503,0.21420438957715504,0.14930177094447294,CWC15,ns
51504,0.15923704558019658,0.36757523999721825,TRMT112,ns
51506,0.05907293387535795,0.7270598499459959,UFC1,ns
51507,0.06747985523414535,0.7342609339922912,RTF2,ns
5151,-0.5266397502621283,0.00669289134972685,PDE8A,ns
51510,0.9928584481298479,0.009054737801320684,CHMP5,up
51512,2.4824383143752033,3.8524982011466955e-05,GTSE1,up
51513,1.7067122383212316,0.014607035198415606,ETV7,up
51514,2.750940065788069,6.171290680256915e-05,DTL,up
51517,0.13786742565138077,0.5274609481241052,NCKIPSD,ns
5152,-0.45248931844046236,0.12138759904533511,PDE9A,ns
51520,0.16882353915872805,0.38919086600331426,LARS1,ns
51522,-0.0370436713208413,0.878127361160924,TMEM14C,ns
51523,-0.31916628729507757,0.25064269878479006,CXXC5,ns
51524,-0.019526361066905196,0.8822669419549709,TMEM138,ns
51526,-0.5198910861692152,0.21112192570031849,OSER1,ns
51527,0.32072153948908966,0.05965091796206723,GSKIP,ns
51528,0.06599019091983749,0.6904178348296474,JKAMP,ns
51529,0.6122697954510601,0.001484804216163103,ANAPC11,up
5153,0.23733007018064534,0.49663798097298,PDE1B,ns
51530,0.653771914554814,0.0003036570649141755,ZC3HC1,up
51531,0.08953915509938337,0.6107483207341162,TRMO,ns
51533,-0.24033629309996218,0.021354578608300704,PHF7,ns
51534,0.7273036442614682,0.008351663031971098,VTA1,up
51535,0.2669174376202843,0.08323212534354399,PPHLN1,ns
51537,0.5397921910406236,0.09293765147528782,MTFP1,ns
51538,0.09464010521730515,0.3954344790560825,ZCCHC17,ns
5154,-0.19071781191385284,0.5125566488778543,PDGFA,ns
51540,-0.06710549543344335,0.6382064216119853,SCLY,ns
51542,0.47181529206741857,0.0004929074888957067,VPS54,ns
51545,-0.5453379255270203,0.010220169405911013,ZNF581,ns
51547,0.04387455087447023,0.8662136532741764,SIRT7,ns
51548,0.15816455033123944,0.4653415012027427,SIRT6,ns
5155,-0.32729664520951385,0.3053518776545263,PDGFB,ns
51550,0.7502635966138094,0.0007832585457319833,CINP,up
51552,-0.11490241115801503,0.4220934069358636,RAB14,ns
51557,-0.04156934345269736,0.8468887010983799,LGSN,ns
51559,0.3070589651180917,0.18354268796921114,NT5DC3,ns
51560,-0.5284975609897913,0.10340237380106365,RAB6B,ns
51561,-0.6094939096193386,0.11078426412416463,IL23A,ns
51562,0.4029757892659003,0.03589192314239404,MBIP,ns
51564,-0.019842978491416474,0.9336835326411147,HDAC7,ns
51566,1.1442360941560121,0.00011395686337592595,ARMCX3,up
51567,0.35993075990972123,0.09893494804788923,TDP2,ns
51569,0.17082950106003203,0.3727110052406187,UFM1,ns
51571,-0.26230195253418565,0.27600743297108066,CYRIB,ns
51573,-0.27567467539618384,0.16028192146561696,GDE1,ns
51574,0.6861516142824922,0.0001075258269858596,LARP7,up
51575,0.3822430341081908,0.05848237009845562,ESF1,ns
5158,-0.24195782087258877,0.15002764433748927,PDE6B,ns
51582,0.013104054644246688,0.9590589118267994,AZIN1,ns
51585,-0.3298334255640576,0.07661984630949936,PCF11,ns
51586,-0.5757719103260577,0.023748650577783807,MED15,ns
51588,0.386427669992079,0.013083986222159734,PIAS4,ns
5159,0.023378871408988644,0.9674326679033365,PDGFRB,ns
51592,-0.11918089019816414,0.4210353666216062,TRIM33,ns
51593,0.1735389336328339,0.3126765225151305,SRRT,ns
51594,0.27204398812125064,0.14486971445249516,NBAS,ns
51596,0.056794431675362134,0.823817091316886,CUTA,ns
51599,0.2851958902786418,0.4574326068126689,LSR,ns
516,0.7947543328312534,0.01199139980964973,ATP5MC1,up
5160,0.7107448181400056,0.00047083832697215666,PDHA1,up
51601,-0.32858805099302746,0.0367784877511592,LIPT1,ns
51602,0.942744118016666,0.0015910426911516862,NOP58,up
51603,0.8084438829635516,0.015864787241745122,METTL13,up
51604,0.2925384793464527,0.2914185916198336,PIGT,ns
51605,0.5617142937619661,0.005053237654411082,TRMT6,ns
51606,0.305325267523461,0.015489894166171614,ATP6V1H,ns
51608,0.3078023870800397,0.039775145213183885,GET4,ns
51611,-0.3994204949871776,0.01643486265725137,DPH5,ns
51614,0.26361976265634546,0.2662256967526545,ERGIC3,ns
51616,0.2452002544333265,0.277836749032938,TAF9B,ns
51619,-0.1380035791303067,0.24349179511919714,UBE2D4,ns
5162,0.543879008968073,0.009000009101780452,PDHB,ns
51621,-0.3500447127456603,0.013965772788000097,KLF13,ns
51622,0.20141041130568915,0.3649822312647026,CCZ1,ns
51626,0.019140511706590146,0.9075710927662165,DYNC2LI1,ns
51629,0.009202924828795034,0.9852574025598393,SLC25A39,ns
5163,1.1273786856984103,0.00325357160823368,PDK1,up
51631,0.2725772581720918,0.03199404757426919,LUC7L2,ns
51633,0.14933512597042942,0.5235890984825042,OTUD6B,ns
51634,0.05054598048728742,0.7006358069932342,RBMX2,ns
51635,-0.517195390883689,0.0046079873761085055,DHRS7,ns
51637,0.35465058730951604,0.025770016891653647,RTRAF,ns
51639,0.4506072289349099,0.0024412044088664552,SF3B6,ns
5164,-0.3491578914996367,0.11175912195340791,PDK2,ns
51642,0.27194869062635174,0.1397047175480811,MRPL48,ns
51643,-0.1632512813823901,0.4969684738156512,TMBIM4,ns
51645,1.0742918785444173,0.0011222670234964853,PPIL1,up
51646,-0.9078295813983441,0.035053308068259924,YPEL5,down
51647,0.763059029727092,8.997451846621175e-05,CIAO2B,up
51649,0.5837513685576559,0.0037279659452484973,MRPS23,up
5165,-0.453776485354501,0.0043501787810043,PDK3,ns
51650,0.7553469997954698,0.007991191197213112,MRPS33,up
51651,0.6414419141454033,0.00026521690481962914,PTRH2,up
51652,-0.5906687398167811,0.003732647790114134,CHMP3,down
51654,0.4848280108292764,0.001559709822007092,CDK5RAP1,ns
51655,-0.2863355785864883,0.41839589493735824,RASD1,ns
51657,0.44463892602133726,0.009059574471775234,STYXL1,ns
51659,2.3856844552689216,6.929287501367213e-05,GINS2,up
5166,-0.9769793128381403,0.1189097367460706,PDK4,ns
51660,0.17710924244355297,0.2714475869630321,MPC1,ns
51661,0.6338079039417588,0.0033361927174311197,FKBP7,up
51663,-0.1286420769163268,0.27989609453083836,ZFR,ns
51665,-0.3341783088744581,0.00881374329124193,ASB1,ns
51667,0.012134083501083026,0.9692830315317409,NUB1,ns
51668,0.7459512277932596,0.000800337546546517,IFT25,up
51669,-0.5585448024529978,0.00020416009804207798,SARAF,ns
51673,-2.280889476657114,3.157819208681694e-05,TPPP3,down
51676,0.15744841844954305,0.400603535012788,ASB2,ns
51678,-0.012757776983789881,0.9663475386277546,PALS2,ns
5168,0.6991550067261318,0.030274471255695132,ENPP2,up
51684,-0.2491734795626197,0.3064771866002275,SUFU,ns
5169,-0.7730023881941017,0.001093034396409264,ENPP3,down
51690,0.4597427822500837,0.017866971245235685,LSM7,ns
51691,0.1659153403843341,0.35125690794472153,LSM8,ns
51692,0.7048004825386851,0.0008137223368836482,CPSF3,up
51693,0.4683732154448972,0.004535356443520762,TRAPPC2L,ns
51696,-0.6676434631666925,0.006486533976394428,HECA,down
51699,0.5113080305486299,0.00014103521980676808,VPS29,ns
517,-0.23670734593434872,0.2680315999406415,ATP5MC2,ns
5170,-0.2972145778639863,0.00991695356245995,PDPK1,ns
51700,0.613761198492778,0.005830042117036006,CYB5R2,up
51701,0.3048878396893908,0.0011174264784101706,NLK,ns
51703,0.18432216543333446,0.2062330404161058,ACSL5,ns
51704,-0.37695969252516726,0.1640517707611492,GPRC5B,ns
51706,-0.22777402982205253,0.1438848079082333,CYB5R1,ns
51710,-0.38515953509797196,0.08120062090500176,ZNF44,ns
51714,0.5099669003935254,0.0008521765070770229,SELENOT,ns
51715,0.28493699818372065,0.08371798798867501,RAB23,ns
51719,-0.0295731056799724,0.8791195313817907,CAB39,ns
5172,0.043108558633172755,0.8178360994270965,SLC26A4,ns
51720,-0.11101294106158477,0.6215594291481787,UIMC1,ns
51725,-0.30104887671148894,0.15102714486726881,FBXO40,ns
51726,1.5613678560829918,0.0005850518008499338,DNAJB11,up
51727,-0.46121424831053837,0.0007711777854481405,CMPK1,ns
51728,0.5426531194603061,0.013839797279128355,POLR3K,ns
51729,0.004108963530327969,0.9830455683222302,WBP11,ns
51733,0.011572630282443264,0.9733347095986679,UPB1,ns
51734,-0.008493503760542254,0.9892862158471915,MSRB1,ns
51735,-0.20119925705141561,0.46635597630027176,RAPGEF6,ns
51738,-0.3678065693338475,0.28472722519157334,GHRL,ns
5174,-0.097701972810456,0.46650322653417303,PDZK1,ns
51741,0.04296350103057822,0.8032358337967012,WWOX,ns
51742,-0.2596751584807784,0.25681507717398133,ARID4B,ns
51744,-1.4997985798272762,0.00012669864048266084,CD244,down
51747,0.17925796172561093,0.4592209071223226,LUC7L3,ns
5175,-0.46573811053483816,0.07195098267372829,PECAM1,ns
51750,0.4537044251374578,0.006921865540630093,RTEL1,ns
51752,0.20381106079661393,0.4576443986996413,ERAP1,ns
51754,-0.9230238321530813,0.00019710946033994273,TMEM8B,down
51755,0.004155154437810893,0.9736997957887684,CDK12,ns
51759,-0.4381343451494004,0.003065126425088081,C9ORF78,ns
5176,0.1059529780843329,0.6942543525660695,SERPINF1,ns
51760,-1.4183767015209847,3.585648996713135e-05,SYT17,down
51761,-0.4118588898629829,0.1228044162985998,ATP8A2,ns
51762,0.16683359346992255,0.5531827079148434,RAB8B,ns
51763,-0.4911146839525209,0.00037711850467579444,INPP5K,ns
51765,-0.1945087259026792,0.2638453427962112,STK26,ns
51768,0.2985183059592966,0.027581194290200478,TM7SF3,ns
51773,-0.17156727873163646,0.2324757134388598,RSF1,ns
51776,-0.6401843995996952,0.016564288097329835,MAP3K20,down
51780,-0.15025780679183143,0.41169011774424574,KDM3B,ns
518,0.7634342650934318,0.0015541280840740328,ATP5MC3,up
51804,0.1475315653241429,0.6288791862827283,SIX4,ns
51805,0.8196869288062283,0.0007555872624718899,COQ3,up
51807,-1.086901141499121,0.033884551854268766,TUBA8,down
51808,0.523095770213029,0.03902883665633961,PHAX,ns
51809,0.24743557179223785,0.40641683469405315,GALNT7,ns
51816,0.22484777420828017,0.480070737620976,ADA2,ns
5184,0.10329781381086356,0.40843800029812527,PEPD,ns
5187,-0.6874975628842499,0.2862394447233408,PER1,ns
5188,0.5574740219043068,0.0007659024840182211,GATB,ns
5189,-0.0386225012000736,0.7751444389980259,PEX1,ns
5190,-0.26434186985722263,0.1836971387172289,PEX6,ns
5191,0.22884808122580225,0.12362062453561568,PEX7,ns
5192,-0.07030461116320463,0.4946848418528281,PEX10,ns
5193,0.2844770054728487,0.1324186398635183,PEX12,ns
5194,0.14183418812333137,0.44327278703287915,PEX13,ns
5195,0.4438820400455885,0.01601372537267233,PEX14,ns
5196,-1.421472842648333,0.03919206336794775,PF4,down
5197,-1.5981205559703762,0.003586838850035089,PF4V1,down
5198,0.7472670661715091,0.0032064729120890073,PFAS,up
5199,-0.9443025848476712,0.030791295561747454,CFP,down
52,-0.043513436162047725,0.7970795751775579,ACP1,ns
5201,0.09408096154018608,0.4075714997516259,PFDN1,ns
5202,0.5091750992888624,0.001062382686153709,PFDN2,ns
5203,0.38798321060224783,0.037934348897764154,PFDN4,ns
5204,-0.5740512687673274,0.0003849712274151083,PFDN5,ns
5207,0.29603814351931046,0.010895856757425984,PFKFB1,ns
5208,-0.30273804453800945,0.28495367236365327,PFKFB2,ns
5209,-0.3237144443756499,0.5865192460831956,PFKFB3,ns
521,0.23895130158917333,0.3313587930384379,ATP5ME,ns
5210,-0.6295152550266394,0.21626113176528508,PFKFB4,ns
5211,0.05716359753087552,0.6083733410865808,PFKL,ns
5212,-0.3635583076505027,0.16959799598424014,VIT,ns
5213,0.5474385327378766,0.0019070712814818062,PFKM,ns
5214,0.8002914842780466,0.00019710946033994273,PFKP,up
5216,-0.0269996150792835,0.9300764254127193,PFN1,ns
5217,-0.5388323981692515,0.05614974273290832,PFN2,ns
5218,0.4232311805257769,0.1661442790727891,CDK14,ns
522,0.9867457232192365,0.0004779878078929058,ATP5PF,up
5222,-0.5519604925454944,0.10290270225248141,PGA5,ns
5223,0.6777707171366991,0.0003206062313820709,PGAM1,up
5224,-0.6078681383641573,0.06550554679640067,PGAM2,ns
5226,0.03301724184309407,0.9314855643370756,PGD,ns
5229,-0.03334553033710996,0.8384701443833581,PGGT1B,ns
523,0.3580375322695435,0.20642246925545824,ATP6V1A,ns
5230,0.16330881032814482,0.2657125060119268,PGK1,ns
5236,-0.07246124669199183,0.5776243257393399,PGM1,ns
5238,1.0136398844528411,0.0008928675096233668,PGM3,up
5239,-0.6384509851061564,0.01793019058981047,PGM5,down
5243,-1.1354262934431532,0.0014471083748492947,ABCB1,down
5244,-0.723829329212462,0.01097554386733608,ABCB4,down
5245,0.616754449521725,0.0005948648727225086,PHB1,up
5250,0.1647684622336243,0.39056344397571524,SLC25A3,ns
5251,-0.08931499861820669,0.6910381860274522,PHEX,ns
5252,-0.4337019434136895,0.12710782593546782,PHF1,ns
5253,-0.5401665108638163,0.0008743135858458839,PHF2,ns
5255,1.5975087613121355,0.00033475833223269106,PHKA1,up
5256,-0.40768245290582783,0.02465136409963947,PHKA2,ns
5257,-0.03615514766505612,0.8328144800823514,PHKB,ns
526,0.12831479772837184,0.6766098585887911,ATP6V1B2,ns
5260,0.2247913850946155,0.21600529929249673,PHKG1,ns
5261,-0.19674804375275912,0.3060421128901532,PHKG2,ns
5264,-0.18272909525080738,0.03338080200443901,PHYH,ns
5265,-0.7595036441548135,0.1650783325787028,SERPINA1,ns
5266,-2.329213677589479,0.02953822858528919,PI3,down
5269,-0.7376962067510693,0.002108059123618866,SERPINB6,down
527,-0.26188384896938643,0.49725217285773776,ATP6V0C,ns
5270,-0.3947437340274291,0.07517797977544446,SERPINE2,ns
5271,-0.3923393903665424,0.1905297276334113,SERPINB8,ns
5272,0.09112250494231766,0.7317268311970532,SERPINB9,ns
5273,0.6315552034355454,0.054534260259778866,SERPINB10,ns
5274,0.488532930415273,0.09806293915543834,SERPINI1,ns
5277,-0.2778198621011789,0.4296000269806317,PIGA,ns
5279,-0.19693345819678676,0.18021229197545507,PIGC,ns
528,0.5375736899638799,0.001402510903902244,ATP6V1C1,ns
5281,0.7144180511736042,0.0023838065300999358,PIGF,up
5283,0.3485856295214109,0.004003388792736802,PIGH,ns
5284,0.2971214986915003,0.15230790325897386,PIGR,ns
5286,0.23231884420949278,0.1767172287525866,PIK3C2A,ns
5287,-0.5748289696426792,0.0033542162694491146,PIK3C2B,ns
5289,0.1497315883979322,0.42270903527906106,PIK3C3,ns
529,0.4727089250768888,0.0036478054772218923,ATP6V1E1,ns
5290,-0.25316088407530124,0.1441439434429469,PIK3CA,ns
5291,0.005167036275395276,0.9829789205685083,PIK3CB,ns
5292,0.1673055228544218,0.4426683589909523,PIM1,ns
5293,-0.5157856646900854,0.041887791485724,PIK3CD,ns
5294,0.4878095428731246,0.022810061241343885,PIK3CG,ns
5295,-0.8055227845934034,0.0025311679320553144,PIK3R1,down
5296,-0.23886764221771095,0.25800905648623623,PIK3R2,ns
5297,-0.31927933580666945,0.01625173915527112,PI4KA,ns
5298,-0.234510389103896,0.010215531348942555,PI4KB,ns
53,1.1825912659847369,0.00019822727410893706,ACP2,up
5300,0.15534637701854415,0.254902698267354,PIN1,ns
5303,0.18235041587718026,0.24380279613208908,PIN4,ns
5305,-0.6003993898254212,0.002633398946111287,PIP4K2A,down
5306,-0.26747625948017273,0.06265968879493,PITPNA,ns
5307,0.6578581442878031,0.0035494084852837095,PITX1,up
5310,-0.5673502928582472,0.00464500993894783,PKD1,ns
5311,0.08848474162691478,0.5937378354901306,PKD2,ns
5315,0.383080357805726,0.12483464065735138,PKM,ns
5316,0.12282811755363277,0.2788077379640013,PKNOX1,ns
5318,-0.5299170491370289,0.05589184651171709,PKP2,ns
5321,0.6020469489895728,0.10506898770220674,PLA2G4A,ns
5324,-0.2693844371005083,0.22717097350140916,PLAG1,ns
5325,-0.6102312146894269,0.057504663074659484,PLAGL1,ns
5326,-0.10110865662191593,0.7048070512107032,PLAGL2,ns
5327,0.39324386981107207,0.01205491349554322,PLAT,ns
5328,-0.1384880470139338,0.8017311019867048,PLAU,ns
5329,-0.9617680231449253,0.1711745525173777,PLAUR,ns
533,0.057361513226330985,0.8611421742579211,ATP6V0B,ns
5330,-0.8742017942813298,0.01697264149966077,PLCB2,down
5331,-0.2048221305469724,0.48847143038265356,PLCB3,ns
5332,0.18402499173067,0.2725424299567561,PLCB4,ns
5333,-0.21456659810760303,0.11847880270879178,PLCD1,ns
53335,-0.808072592404411,0.00641628228173305,BCL11A,down
53339,0.08570631607181234,0.45725242809228506,BTBD1,ns
5334,-0.7964884239149734,0.01739231869205054,PLCL1,down
53340,0.4320291089158328,0.004539348021774452,SPA17,ns
53342,-0.33733818469988197,0.037159916612407425,IL17D,ns
53343,0.2584471484660531,0.10160884506861995,NUDT9,ns
53344,-0.072979114332969,0.7778300885842397,CHIC1,ns
53346,-0.7053424980261536,0.05848237009845562,TM6SF1,ns
53347,-0.3669756534116626,0.1424139143379978,UBASH3A,ns
53349,0.09055979446211815,0.5833065901271005,ZFYVE1,ns
5335,-0.29003537506731547,0.19644605519133249,PLCG1,ns
53354,-0.27736182749081983,0.023834469961016656,PANK1,ns
5336,0.641812548326552,0.002802200860428187,PLCG2,up
5337,0.025967681044128277,0.9373597504889735,PLD1,ns
53371,0.5337140303387056,0.01627555817872447,NUP54,ns
53373,-0.8078572898627474,0.0002729901244753121,TPCN1,down
5338,-0.6761325467172403,0.008186238559664917,PLD2,down
5339,-0.3496527642561311,0.20247630664708446,PLEC,ns
534,-0.17832755359694463,0.18305594434787825,ATP6V1G2,ns
53405,-0.038918060234903074,0.8926825231425983,CLIC5,ns
53407,0.3336607779234342,0.01444505840715965,STX18,ns
5341,-0.4103807546248639,0.2326970885189869,PLEK,ns
5342,-0.05579474230590886,0.8261592769875976,PLGLB2,ns
5343,-0.2847734301242051,0.3165344187443239,PLGLB1,ns
5345,-0.07837275417992906,0.7454950941067097,SERPINF2,ns
5347,2.817926076070022,8.661630812431895e-05,PLK1,up
5348,-0.8334532479984373,0.000586492584754684,FXYD1,down
535,0.04461963716370576,0.8779286303976344,ATP6V0A1,ns
5351,-0.0213672134206071,0.9314855643370756,PLOD1,ns
5352,-0.2760150340771279,0.2174603560527714,PLOD2,ns
5355,-0.29247773238778585,0.37818660206652976,PLP2,ns
5356,0.4563235706372133,0.0512072453193151,PLRG1,ns
5357,0.43433475499102236,0.024431898181163286,PLS1,ns
5358,0.6598911296062093,0.0025275525732462905,PLS3,up
5359,1.520332227120706,0.007426802819829897,PLSCR1,up
5360,0.11216755027910708,0.6253452974922779,PLTP,ns
5361,-0.14208784826361587,0.39855500646980496,PLXNA1,ns
53615,0.06489096868510558,0.7392193181425882,MBD3,ns
53616,-0.608141055185639,0.0021772325626680396,ADAM22,down
5362,-0.4138373710914074,0.22841297617971637,PLXNA2,ns
53632,-0.6470623680893617,0.0703064046166201,PRKAG3,ns
53635,-0.3222591145110716,0.16683361023399335,PTOV1,ns
53637,-1.207187935059972,0.011593727993886036,S1PR5,down
5364,-0.5022598509056682,0.044946950233657995,PLXNB1,ns
5365,-0.43078526073164003,0.35529243206031036,PLXNB3,ns
5366,-0.3487657095713921,0.5471763439176627,PMAIP1,ns
5368,0.385545944430973,0.466446446391426,PNOC,ns
537,0.09035723766668013,0.6115125785739622,ATP6AP1,ns
5371,0.6815303864009934,0.041843825460180284,PML,up
5372,0.10069612118819915,0.5087769821233373,PMM1,ns
5373,0.8931128192300086,0.0003168548279647968,PMM2,up
5376,-0.7565197749583046,0.0001176299766824515,PMP22,down
5378,0.18909464141087184,0.2675799035656079,PMS1,ns
538,0.1697701662979405,0.5273114673892113,ATP7A,ns
53822,-1.391308702396298,9.245185784248535e-05,FXYD7,down
53826,0.008643809613284148,0.9855273094439212,FXYD6,ns
53827,-0.9402003679144837,0.009926657980801418,FXYD5,down
53829,-0.5667069913634997,0.3060579397897468,P2RY13,ns
53831,1.0445686177151643,0.024980887130670953,GPR84,up
53833,0.24713646733546746,0.05961259884916603,IL20RB,ns
53834,-0.41739068693127646,0.19288370041915187,FGFRL1,ns
53838,0.8224331225116099,0.00391315641868008,C11ORF24,up
53840,0.04995846377195612,0.8842002474514405,TRIM34,ns
53841,0.49879215670561106,0.06427422701329502,CDHR5,ns
539,0.24291640482774213,0.17482966295080846,ATP5PO,ns
53916,-0.38760888208621047,0.09029431420217578,RAB4B,ns
53917,-0.04330844568910308,0.9213338692731909,RAB24,ns
53918,0.5961310650833109,0.00028608178416562316,PELO,up
5393,0.5259588311044698,0.016686523951447565,EXOSC9,ns
53938,0.020032649414707393,0.8924379019582394,PPIL3,ns
5394,0.47714187815047815,0.007829219100382935,EXOSC10,ns
53944,0.0965982081114074,0.43605167024531943,CSNK1G1,ns
5395,0.005178769797328897,0.9570809480549506,PMS2,ns
53981,0.9088342872862007,0.004494494307806124,CPSF2,up
54,0.3444891748541554,0.15982440940887455,ACP5,ns
540,0.09399157461496266,0.6160460964455037,ATP7B,ns
54014,-0.29913150485333695,0.07460462555660648,BRWD1,ns
54020,0.5930343709038528,0.0035298385452323614,SLC37A1,up
54033,-0.25696151249162824,0.3203069477573154,RBM11,ns
54039,-0.35755396412916696,0.11490182024598458,PCBP3,ns
54058,0.7216741180050805,0.0029129235151237826,C21ORF58,up
54059,0.05786725041626184,0.7342818212793943,YBEY,ns
54065,-0.10894564869689738,0.5763158999009352,SMIM11,ns
54069,0.6518962719761721,0.009071857966974017,MIS18A,up
54084,-0.847543196538108,0.005022289335383393,TSPEAR,down
54093,-0.11058220685212028,0.4582636444283817,SETD4,ns
54097,0.03476760325455075,0.955830203172784,FAM3B,ns
54103,-0.6017440577439537,0.011492056047256312,GSAP,down
54106,0.19554188483216972,0.5872347205508132,TLR9,ns
54107,0.12853642911744245,0.45444921554377776,POLE3,ns
54108,-0.6192017577734585,0.0006444519355430064,CHRAC1,down
5411,0.0855355712666217,0.7024130448616046,PNN,ns
5412,-0.8470776223476637,8.004251712542228e-05,UBL3,down
5413,-1.9982724621294166,0.004670553255765113,SEPTIN5,down
5414,0.911148133608469,0.05829877152773548,SEPTIN4,ns
54148,1.0608105936596246,0.0005259760505235465,MRPL39,up
54149,0.5806850431188515,0.039256214633177786,C21ORF91,up
541565,-0.29472956769294534,0.11950700915868823,C8ORF58,ns
541578,0.19193699246995344,0.13190272266662265,EOLA2,ns
54165,0.2937931314525617,0.04250902219707954,DCUN1D1,ns
54187,0.9944839225518969,0.001263049396109242,NANS,up
5420,0.7428677935776253,7.370617197129326e-05,PODXL,up
54205,1.0133034144868969,0.003578962046645865,CYCS,up
54206,-0.515756648555957,0.029857958644563115,ERRFI1,ns
54207,0.008747115166736208,0.9655211739227709,KCNK10,ns
54210,-1.1758798708673837,0.13071822529830948,TREM1,ns
5422,0.603582778405146,0.03429519053798772,POLA1,up
5423,0.3643505448434743,0.12301966563525163,POLB,ns
5424,0.703593578526565,0.0008137223368836482,POLD1,up
5425,0.3556130133922508,0.19061020534771045,POLD2,ns
5426,0.685205834259996,0.0010807643940191668,POLE,up
5427,1.7169848451499332,8.997451846621175e-05,POLE2,up
5428,-0.1456757414432026,0.21441222088906364,POLG,ns
5429,0.29584810104976356,0.0978685467066728,POLH,ns
5430,0.1294754266482787,0.5095683896925742,POLR2A,ns
5431,0.36310455807021746,0.2073990859616087,POLR2B,ns
5432,-0.07120138277910826,0.47142734030925776,POLR2C,ns
5433,0.5149926063496277,0.009897012716786223,POLR2D,ns
54331,-0.8601369318354397,0.0018750312482570795,GNG2,down
54332,0.42793841031113544,0.016416976235969074,GDAP1,ns
5434,-0.21342756189521417,0.283711833794,POLR2E,ns
54344,0.15728709901112303,0.5610794467390512,DPM3,ns
5435,0.09031453390446664,0.36538981859827235,POLR2F,ns
5436,-0.36638858903753935,0.015982644647278794,POLR2G,ns
54360,-0.5226994766604589,0.012955579965164029,CYTL1,ns
54361,0.512127682117594,0.01048194704104134,WNT4,ns
5437,0.2619440664052268,0.043082971824427496,POLR2H,ns
5438,0.11066084405038268,0.596860890991215,POLR2I,ns
54386,-0.011807078683713002,0.9358750806261018,TERF2IP,ns
5439,-0.02637936831671084,0.9189165338817122,POLR2J,ns
5440,0.4908050359567415,0.0011278315046707942,POLR2K,ns
54407,0.2812372736555311,0.11621918559840463,SLC38A2,ns
5441,0.4107554323835281,0.09929692478920403,POLR2L,ns
54413,-0.09313304524800614,0.8295396680896289,NLGN3,ns
54414,0.2628353049015457,0.11594510215151503,SIAE,ns
5442,-0.051871656808778255,0.6893955141565662,POLRMT,ns
5443,0.21853405851484187,0.20086241478230482,POMC,ns
54431,0.2378648306726916,0.23607582778858946,DNAJC10,ns
54432,0.45035974444232174,0.04268937514337214,YIPF1,ns
54433,0.7156323656777461,0.0018717554022023093,GAR1,up
54434,-0.6550658528790905,0.006813737058511292,SSH1,down
54436,-0.5164164867098755,0.06935308890977367,SH3TC1,ns
54438,-0.5652012620304223,0.03758266395927433,GFOD1,ns
54439,-0.13185758527686708,0.43195332909073186,RBM27,ns
54440,0.020461653839456417,0.9075710927662165,SASH3,ns
54442,0.27003900603905073,0.05428330091024556,KCTD5,ns
54443,2.272005709487055,3.490240435663177e-05,ANLN,up
5445,-0.3459506812594473,0.018571135172528334,PON2,ns
54453,0.480776845923959,0.3033474339620029,RIN2,ns
54454,-0.11361017913165128,0.5598009800947329,ATAD2B,ns
54455,-0.08814561107943675,0.18517113294603083,FBXO42,ns
54458,-0.2685507789888195,0.25122885132962497,PRR13,ns
54460,0.07623426995582783,0.6073351693497849,MRPS21,ns
54461,-0.17635158346232416,0.36634129811425387,FBXW5,ns
54462,-0.6448354533263068,0.005036626539974127,CCSER2,down
54463,-0.6435837865795397,0.004611049847126068,RETREG1,down
54464,0.7071275129614296,0.031585990423627704,XRN1,up
54465,0.12057534739338394,0.5691585341128056,ETAA1,ns
54467,0.36267988242357063,0.07775760138263675,ANKIB1,ns
54468,0.24220602794242296,0.06615677362894071,MIOS,ns
54469,0.37300913894290133,0.020014389055706017,ZFAND6,ns
5447,-0.00945378560276211,0.9763761639569611,POR,ns
54470,0.020396463072723137,0.8779286303976344,ARMCX6,ns
54471,0.34798005607769156,0.06027612390021375,MIEF1,ns
54472,-0.018782205251291373,0.9349215683242684,TOLLIP,ns
54475,-0.10356143357383996,0.5407280391233401,NLE1,ns
54476,-0.47323105567958734,0.00023317215594131517,RNF216,ns
54477,-0.56434579364638,0.019252723364334402,PLEKHA5,ns
54478,1.0858567708220779,0.00014511842465422185,PIMREG,up
54480,0.3196879855064534,0.05603701247353757,CHPF2,ns
54482,0.14314592412147942,0.4720334145849506,TRMT13,ns
54487,-0.02053965931234991,0.84873505931869,DGCR8,ns
54491,-0.410329901382287,0.11452216967542622,OTULINL,ns
54492,-0.21004347384522326,0.2200196262227879,NEURL1B,ns
54494,0.33594225181155135,0.0036805071562083153,C11ORF71,ns
54495,0.12798142316043482,0.5806293533687372,TMX3,ns
54496,0.1915568606311453,0.1580908859580432,PRMT7,ns
54497,-0.35751082016988356,0.012958772481673025,HEATR5B,ns
54498,-0.14366085993319722,0.7714051268881328,SMOX,ns
54499,0.5901970215904164,0.0019526776294163314,TMCO1,up
545,0.20046040304844226,0.34077299519053617,ATR,ns
5450,2.1792175898701167,0.004003388792736802,POU2AF1,up
54502,0.42948578360289424,0.23857048410592066,RBM47,ns
54503,0.6600632102154202,0.0014274773842836304,ZDHHC13,up
54504,-1.373722012196664,0.0029857297893982337,CPVL,down
54505,0.6329301016317146,0.00015397737975968056,DHX29,up
54507,-0.13510612432435032,0.8272012516114117,ADAMTSL4,ns
54509,-0.8525581229749495,0.0003992293935653016,RHOF,down
5451,0.4911151943114511,0.00027123560233666306,POU2F1,ns
54512,0.931024864343863,0.0006191103378670902,EXOSC4,up
54516,0.38061486717873905,0.0016801346365637028,MTRF1L,ns
54517,0.4530122042630609,0.03965244033054306,PUS7,ns
54518,-0.29234062701766916,0.35636073310940425,APBB1IP,ns
5452,-0.6533479762056036,0.05600138635501211,POU2F2,ns
54520,-0.08337356527704465,0.5653509469107479,CCDC93,ns
54521,0.09338954933545018,0.5788395284376395,WDR44,ns
54522,0.3170174416770841,0.1623155498662633,ANKRD16,ns
54529,0.04092349127088646,0.8544645019849672,ASNSD1,ns
5453,-0.12214932119172595,0.5854043301577018,POU3F1,ns
54531,-0.12181181618752035,0.5898537139295682,MIER2,ns
54532,-0.5928119714092448,0.05485449042306507,USP53,ns
54534,0.7243575366302908,0.020133921458490397,MRPL50,up
54535,0.5445639938709634,0.003463911083540338,CCHCR1,ns
54536,0.7467492920795067,0.00013900623464292174,EXOC6,up
54537,0.4024311567141474,0.017153655918199028,SHLD2,ns
54539,0.2781037753905782,0.2496132030162544,NDUFB11,ns
54540,-0.38053332044046684,0.2702847366755556,FAM193B,ns
54541,-0.1965424824370583,0.751745543141276,DDIT4,ns
54542,-0.2932751128730047,0.10533948743062609,RC3H2,ns
54543,-1.0918190737187352,0.0006827499045488744,TOMM7,down
54545,0.042422750564966805,0.7783763762632466,MTMR12,ns
54549,-1.5382396689924969,0.0017101142607597447,SDK2,down
54550,-0.9780590407331946,0.07814474292128348,NECAB2,ns
54552,0.2794994930269681,0.04428774639813255,GNL3L,ns
54554,0.09094728946820219,0.7549113467204809,WDR5B,ns
54555,0.405778756412289,0.00794323370494737,DDX49,ns
54556,-0.14322957426700889,0.374456548119022,ING3,ns
54557,-0.18683036447738566,0.4200388938147999,SGTB,ns
54558,-1.1423324163440407,0.00045608332516163186,SPATA6,down
5457,0.007697801722112985,0.970597817225886,POU4F1,ns
54583,-0.48426058672315087,0.12282306294318486,EGLN1,ns
54584,0.28633842029355083,0.049702931147546495,GNB1L,ns
54585,-0.16403875611170005,0.4080738680212142,LZTFL1,ns
54587,-0.7552791386801481,0.017021712431290727,MXRA8,down
54596,0.6805100357981093,0.0043501787810043,L1TD1,up
546,-0.012227305978431247,0.9448957788600547,ATRX,ns
5460,0.25504719715026347,0.4200388938147999,POU5F1,ns
54602,0.8973502582583306,0.0029574141348666814,NDFIP2,up
54606,0.48861196288159725,0.006390565858565155,DDX56,ns
54617,-0.272616071969388,0.002201910860309777,INO80,ns
54619,-0.06564234940177549,0.6600804040627327,CCNJ,ns
54620,0.17032666712517752,0.5016206699044344,FBXL19,ns
54621,0.007054571763657869,0.9830713550208927,VSIG10,ns
54622,-0.19181445695928634,0.2877730558605733,ARL15,ns
54623,0.4267295147818384,0.01043436354992752,PAF1,ns
54625,0.6994820171469502,0.10849681128256745,PARP14,ns
54627,0.030123668119799163,0.9217326908314062,MAP10,ns
54629,0.03754921747465012,0.8455138150203443,MINDY2,ns
5463,-0.7567581831086088,0.006117338882538261,POU6F1,down
5464,0.8418218190675901,0.003586838850035089,PPA1,up
5465,-0.2361106383646021,0.11141083368945612,PPARA,ns
54662,-0.18073731561036865,0.10541073400267158,TBC1D13,ns
54663,0.21557698661175806,0.13425282767760835,WDR74,ns
54664,0.05812709767230295,0.8258001851230723,TMEM106B,ns
54665,-0.43649598575481185,0.011114703841639127,RSBN1,ns
5467,-0.6281803156882049,0.0006512487205464376,PPARD,down
54674,-0.5665558436948821,0.34488985042115655,LRRN3,ns
54675,0.43702899822633334,0.004772096368164768,CRLS1,ns
54676,0.18219588720089952,0.5009171599193812,GTPBP2,ns
54677,0.1469203987332106,0.5977315214052694,CROT,ns
5468,1.2408895240493134,0.0011173378525392592,PPARG,up
54680,0.12119155198246823,0.6285658350568811,ZNHIT6,ns
54681,-0.033151009842229406,0.8257425376433472,P4HTM,ns
54682,-0.05797265476351576,0.9448957788600547,MANSC1,ns
5469,-0.004247981449537974,0.9847650753541557,MED1,ns
54700,0.07079403596540246,0.7778300885842397,RRN3,ns
54704,-0.3479650000077328,0.045750003574367225,PDP1,ns
54707,0.33318360768944366,0.042794559677253416,GPN2,ns
54708,0.06883013531519921,0.6881781197950566,MARCHF5,ns
5471,0.8830434415603738,0.012866410271172263,PPAT,up
54715,-0.0811535735496971,0.7583292075533277,RBFOX1,ns
54716,-0.22597884735484097,0.06324246962992106,SLC6A20,ns
54726,-0.18887123417362695,0.25372583387363196,OTUD4,ns
5473,-1.9384191064475562,0.010742308464702852,PPBP,down
54732,0.9854690254412546,0.000465066441648469,TMED9,up
54733,1.152257195088671,0.005685559687119279,SLC35F2,up
54734,0.45878948201628944,0.12314776992231413,RAB39A,ns
54737,-0.10384379015161471,0.4426683589909523,MPHOSPH8,ns
54739,1.1985650093536417,0.03518190946705426,XAF1,up
54741,-0.23959936055404008,0.3006818813527147,LEPROT,ns
54749,0.312669647661985,0.04897608395669203,EPDR1,ns
5475,-0.048565261290930195,0.7978070982638219,PPEF1,ns
54751,0.10466669635191916,0.8067346644092167,FBLIM1,ns
54753,-0.9623898856804995,2.4821402034115094e-05,ZNF853,down
54756,0.12173255010573047,0.7065884061932013,IL17RD,ns
54757,1.052364756714419,0.007404979621894719,FAM20A,up
54758,0.24120973937142054,0.19643587725616557,KLHDC4,ns
5476,0.000181898791961288,0.9994734828870485,CTSA,ns
54760,-0.32754495718584575,0.15188985384660025,PCSK4,ns
54762,-0.8545320957242604,0.017747835764503304,GRAMD1C,down
54764,-0.3343045693492783,0.025615737274742603,ZRANB1,ns
54765,-0.27222355918276797,0.03540673555560982,TRIM44,ns
54768,-0.49428691091435617,0.08644944016229258,HYDIN,ns
54776,-0.35758912361076156,0.1399463767587168,PPP1R12C,ns
54778,-0.334654668267385,0.02686788838133746,RNF111,ns
5478,0.5651624012662158,0.01527798519434962,PPIA,ns
54780,0.24990819475086568,0.04737245776384355,NSMCE4A,ns
54784,0.08235100844659904,0.5009721349539155,ALKBH4,ns
54785,-0.14602437515994993,0.4625784547641494,BORCS6,ns
54788,0.15091716835834745,0.3688808259832525,DNAJB12,ns
5479,1.5267439090131933,0.0010607923948296085,PPIB,up
54790,-0.5421782297469449,0.1767172287525866,TET2,ns
54793,0.22445261516010895,0.13575515090578572,KCTD9,ns
54795,0.3187756992221189,0.22681826475908154,TRPM4,ns
54796,-1.1268477335207638,0.00044760212680705283,BNC2,down
54797,0.8951457388881128,0.001955128492496675,MED18,up
54799,-0.34471293070301456,0.008891412742507427,MBTD1,ns
54800,-0.4499235561614068,0.056969189279155605,KLHL24,ns
54801,0.3903345472215669,0.04547570365392512,HAUS6,ns
54802,0.2747744051962302,0.15117957696724912,TRIT1,ns
54805,-0.3782658897602875,0.04928329004882107,CNNM2,ns
54806,0.6358960660034443,0.008229373718153977,AHI1,up
54807,0.07768084811399767,0.7014754190868185,ZNF586,ns
54808,-0.49445209624480313,4.7125314128797945e-05,DYM,ns
54809,1.0735690429312665,0.024715920128588604,SAMD9,up
5481,0.24195026204853498,0.11539892859812327,PPID,ns
54811,-0.028772520140760705,0.8228040857976585,ZNF562,ns
54812,0.20392776807170065,0.10783991164382838,AFTPH,ns
54813,-0.424892248650794,0.018182002962473454,KLHL28,ns
54814,0.9926911892327137,0.03290754055165431,QPCTL,up
54815,-0.29310581396375746,0.09939235240402337,GATAD2A,ns
54816,-0.1550691696407256,0.17616610558921447,ZNF280D,ns
54819,0.26160994620578215,0.21432422209066926,ZCCHC10,ns
54820,-0.5955922051466747,0.01699808160606745,NDE1,down
54821,1.1726682357820062,0.0025738121073201775,ERCC6L,up
54822,-0.11322417761368264,0.4859111762964105,TRPM7,ns
54823,0.24348964147684526,0.16422859251002436,SWT1,ns
54826,0.22920405818848888,0.28349791423952303,GIN1,ns
54828,-0.470663447554621,0.00016299773938079832,BCAS3,ns
54830,0.27425222626858314,0.10557768858939214,NUP62CL,ns
54832,-0.3836820626994992,0.15339516000880682,VPS13C,ns
54834,0.09747756970703847,0.5046241191393456,GDAP2,ns
54836,0.5866249720449428,0.01327214214739324,BSPRY,up
54838,-0.4106722147908961,0.01858805039089606,WBP1L,ns
54840,0.553751821718059,0.0027171438373766767,APTX,ns
54841,-0.15020243230017538,0.39231087169931245,BIVM,ns
54842,-0.00529732324619836,0.983481104492729,MFSD6,ns
54843,-0.5294520006112879,0.2473692897651931,SYTL2,ns
54847,0.08640331838394388,0.7288019943172781,SIDT1,ns
54849,-0.4134546590269039,0.19256795833086418,DEF8,ns
54850,-0.4505311406797574,0.034487512887212746,FBXL12,ns
54851,-0.2710052394384128,0.01603647147933225,ANKRD49,ns
54853,0.5523647816121287,0.00013131353664316606,WDR55,ns
54855,1.4070681534850085,0.04645689601414986,TENT5C,up
54856,-0.20659199026610509,0.01603647147933225,GON4L,ns
54858,-0.20982967128260555,0.1353432588708615,PGPEP1,ns
54859,0.3588142764253677,0.06492694471314359,ELP6,ns
548593,0.32816682669074027,0.14517758552187537,SLX1A,ns
54861,-0.7584997536154958,0.0007330345312658566,SNRK,down
54862,-0.13525828900274028,0.5083441881646409,CC2D1A,ns
54863,0.379168508754967,0.22576695540170544,TOR4A,ns
548644,-0.27392948934511274,0.5039430048213989,POLR2J3,ns
548645,0.3498199622308391,0.1397047175480811,DNAJC25,ns
54865,0.851754810026768,0.00026539730188737817,GPATCH4,up
54867,0.7779083049721773,0.017402205891556697,TMEM214,up
54868,0.1849714405055547,0.4245399558238682,SLC38A12,ns
54869,0.3506231569495206,0.08093925411597092,EPS8L1,ns
54870,0.1658420691384368,0.24070820464680637,QRICH1,ns
54872,-0.10025915373588035,0.3711557783640704,PIGG,ns
54874,-0.32811997547987914,0.13701108169918177,FNBP1L,ns
54875,-0.1460449200874363,0.5204861558608598,CNTLN,ns
54876,-0.11015059724320864,0.5685836116381309,DCAF16,ns
54877,0.08327836459280746,0.8720252056021098,ZCCHC2,ns
54878,-0.13570705234304015,0.39407357759407713,DPP8,ns
54879,0.22325405558505818,0.06795874785535005,ST7L,ns
54880,-0.38006112667803826,0.07006311548488015,BCOR,ns
54881,0.23467793425095174,0.12515902146704572,TEX10,ns
54882,-0.15329728917476437,0.40011325651264945,ANKHD1,ns
54883,-0.14590703147681694,0.5991357731665168,CWC25,ns
54884,0.27947625687390953,0.055015243704331813,RETSAT,ns
54885,0.7616835581831953,0.0003739965087844488,TBC1D8B,up
54887,0.29643572989545497,0.08599687023225856,BLTP3A,ns
54888,0.5423270200403785,0.004828947377619093,NSUN2,ns
54890,-0.13593211421309626,0.39430317053799335,ALKBH5,ns
54891,-0.06866431273129159,0.7236258394674,INO80D,ns
54892,1.3804849470749891,0.0009719323675923249,NCAPG2,up
54893,-0.3515374478295037,0.05460760423536904,MTMR10,ns
54894,-0.8990732271067401,7.990571984736279e-05,RNF43,down
54896,0.059096835688767335,0.7913731875186031,SLC66A1,ns
54897,-0.24383146763713448,0.41450612830246525,CASZ1,ns
54899,-0.06458394317295912,0.7951797563164135,PXK,ns
549,0.08446709823343923,0.5290134846082548,AUH,ns
54900,0.8510356573685662,0.03600331184275514,LAX1,up
54901,0.4128160368584233,0.03302439534779472,CDKAL1,ns
54902,-0.25293363742623143,0.0645989991003854,TTC19,ns
54903,0.10573761235994272,0.6056669334478114,MKS1,ns
54904,-0.268139225818512,0.0571073417684778,NSD3,ns
54906,0.04536209229431698,0.8036937528413383,TASOR2,ns
54908,1.2369231459231358,0.0008785321494415703,SPDL1,up
54910,-1.080852722332164,0.0004100488951184853,SEMA4C,down
54913,0.5062322749860373,0.04767494355797184,RPP25,ns
54914,0.4861756854319097,0.059299735390233886,FOCAD,ns
54915,-0.09524247025168009,0.31929809344975724,YTHDF1,ns
54916,-0.06831646769198585,0.6288791862827283,TMEM260,ns
54918,-0.25434602341223567,0.25193370918515057,CMTM6,ns
54919,0.20729013317351885,0.20671421884168836,DNAAF5,ns
54920,0.15577579486559046,0.17676720722106312,DUS2,ns
54921,-0.09495882740698924,0.3511366609834617,CHTF8,ns
54922,-0.11090048712969125,0.5825727527114729,RASIP1,ns
54923,-0.011930559693066556,0.9778631090123034,LIME1,ns
54925,0.1034147309470832,0.4690396802395806,ZSCAN32,ns
54926,-0.6246080762225024,0.02015832621412377,UBE2R2,down
54927,0.13270500014139586,0.3398837222388779,CHCHD3,ns
54928,0.39500148165714855,0.053075049745770146,BPNT2,ns
54929,-0.18329020374967353,0.19605904074586936,TMEM161A,ns
5493,0.04888859089496833,0.9051108770629842,PPL,ns
54930,0.11494503585379512,0.495841066072743,HAUS4,ns
54931,0.1133161476114708,0.615222369604925,TRMT10C,ns
54932,-0.6074587617185561,0.006602841660966409,EXD3,down
54934,-0.26859235830886163,0.23900433793158757,KANSL2,ns
54935,-0.5427974016412769,0.009071857966974017,DUSP23,ns
54936,0.549700167543909,0.0007846741051056245,ADPRS,ns
54938,0.43839638352972266,0.09357577100495255,SARS2,ns
54939,0.6591598210572585,0.000525433857230125,COMMD4,up
5494,-0.12821145283616353,0.3487671959487821,PPM1A,ns
54940,-0.019026728815768834,0.8662136532741764,OCIAD1,ns
54941,-0.7994309000789706,0.0025902575309371075,RNF125,down
54942,-0.2190282227536695,0.07122324191714503,ABITRAM,ns
54943,0.4470055841011762,0.010963386408139729,DNAJC28,ns
54946,-0.5515958614814593,0.00013900623464292174,SLC41A3,ns
54947,-0.4977264167637827,0.3308196789032894,LPCAT2,ns
54948,0.5560062560093222,0.006103775946060388,MRPL16,ns
54949,0.06714622478282628,0.4944423107638377,SDHAF2,ns
5495,0.15413787607150908,0.43146545787172136,PPM1B,ns
54951,0.32836655576591856,0.0859602706689294,COMMD8,ns
54952,0.12272501058992624,0.2890256057358948,TRNAU1AP,ns
54953,0.3832790064708673,0.011365205524114656,ODR4,ns
54954,-0.2662247249366896,0.03413713364279178,FAM120C,ns
54955,0.1520883200436547,0.3147506868060437,AIRIM,ns
54956,-0.7134689274450423,1.4916050325969114e-05,PARP16,down
54957,0.3178472873846232,0.0028769903527758062,TXNL4B,ns
54958,0.21022552625559587,0.2634093444407652,TMEM160,ns
5496,0.38315512165908494,0.010670778726998764,PPM1G,ns
54960,0.2095074479343566,0.20936606094507146,GEMIN8,ns
54961,-0.2476555088723753,0.511821616393417,SSH3,ns
54962,1.091808296553725,6.88766810472013e-05,TIPIN,up
54963,0.08578647238199011,0.6803501926677399,UCKL1,ns
54964,0.1773486605247978,0.3662493426416349,C1ORF56,ns
54965,-0.30252450334554304,0.14904744179431467,PIGX,ns
54968,0.6862245066517403,0.002483260895746073,TMEM70,up
54969,0.4166387898938222,0.07327075574409107,HPF1,ns
54970,-0.43182362066379554,0.022219447834048965,TTC12,ns
54971,-0.5181925008894979,0.00847574329990307,BANP,ns
54973,-0.05667756451280326,0.7367198006015632,INTS11,ns
54974,0.06829535018460664,0.6871915263210675,THG1L,ns
54976,-0.6022900155825024,0.041190810707596316,ADISSP,down
54977,-0.21506367296715467,0.13875114739236602,SLC25A38,ns
54978,0.5149007694992562,0.002823328943106953,SLC35F6,ns
54979,2.28350665455726,0.0006536760763760972,PLAAT2,up
5498,0.3467011345886055,0.12204440743699932,PPOX,ns
54980,0.02841803451799141,0.9145500949327594,C2ORF42,ns
54981,0.22937341558830937,0.36883397847798277,NMRK1,ns
54982,0.5400529113594459,0.03973687502785257,CLN6,ns
54984,0.44246188607759773,0.022768105122700524,PINX1,ns
54985,0.04662692185343431,0.9087632579464476,HCFC1R1,ns
54986,-0.22411644281869325,0.0968971424888921,ULK4,ns
54987,0.08331051144070933,0.44844881211162574,CZIB,ns
54989,-0.10862092357023023,0.6891737389830168,ZNF770,ns
5499,-0.07156030712399897,0.6357097024743442,PPP1CA,ns
54991,-0.07831757716759924,0.7701194053736985,C1ORF159,ns
54993,-0.1910849780405206,0.07538215871658342,ZSCAN2,ns
54994,-0.11410036262365075,0.11277097546944316,GID8,ns
54995,0.6423281467781381,0.002002210942977935,OXSM,up
54996,-0.33947276828754713,0.10140973204121316,MTARC2,ns
54997,-0.5984233620505375,0.02423790012589885,TESC,down
54998,0.56753729046312,0.0069874376122964045,AURKAIP1,ns
55,-0.6961944003629128,0.05547406988289413,ACP3,ns
550,0.358312463361381,0.05206679042872641,AUP1,ns
5500,0.31703417288479585,0.11824161293507708,PPP1CB,ns
55001,-0.346156183302476,0.10595025354574539,TTC22,ns
55002,-0.5708742971932423,0.005273600837130661,SLC9D1,ns
55003,0.6906278195606514,0.0064709755485597605,PAK1IP1,up
55004,-0.32683388616970355,0.19881808660299066,LAMTOR1,ns
55005,0.4152967252735511,0.015982644647278794,RMND1,ns
55006,0.08208093898371072,0.5314451334299596,TRMT61B,ns
55007,0.04829014020359956,0.9413980268871979,SIRAL2,ns
55008,1.3021102700816698,0.004036195495498229,HERC6,up
55009,0.24794511152176568,0.26553562656100443,FAM174C,ns
5501,0.2527509512500288,0.0944022925149097,PPP1CC,ns
55010,1.5380847325944078,0.00024408004790065461,PARPBP,up
55011,0.1983909637597403,0.21167969436968417,PIH1D1,ns
55012,0.44282118235343404,0.018215646251697772,PPP2R3C,ns
55013,-0.1966655090772207,0.1545843447660505,MCUB,ns
55014,0.20188388021826142,0.29457732671406883,STX17,ns
55015,0.014517488784322907,0.9378098454489766,PRPF39,ns
55016,-0.05873718829045238,0.8910289795464904,MARCHF1,ns
55017,0.5539601104673988,0.05864800091503385,C14ORF119,ns
55020,-0.616891686980388,0.026305146054152954,TTC38,down
55022,-1.9434898411416945,0.0007330345312658566,PID1,down
55023,0.2524019229462571,0.07330899141121294,PHIP,ns
55024,-0.6799949725060603,0.013822755138685893,BANK1,down
55026,1.370324717910255,0.004531369666896551,TMEM255A,up
55027,0.4121263915455202,0.009372515147615477,HEATR3,ns
55028,0.3955334757703426,0.0688788008847436,MTNAP1,ns
55030,-0.3211109117733244,0.10980139117445936,FBXO34,ns
55031,0.3638769408859659,0.10622306274094415,USP47,ns
55032,0.5965024832527206,0.04095775038403338,SLC35A5,up
55033,1.0494711101405558,0.0013479581857944625,FKBP14,up
55035,0.40086300850299494,0.030412032157936614,NOL8,ns
55037,0.41895745832441733,0.03119325278737191,PTCD3,ns
55038,0.3596535550357034,0.2272115247073468,CDCA4,ns
55039,-0.17535538648146876,0.3905127520847133,TYW2,ns
5504,-0.11092268382034298,0.6039119732484352,PPP1R2,ns
55041,-0.04731018560751643,0.8103015657539906,PLEKHB2,ns
55048,-0.4723637665514202,0.16817902811276064,VPS37C,ns
55049,-0.34918018517322835,0.04352965885883242,REX1BD,ns
55051,0.19924880831755232,0.17618821454560943,NRDE2,ns
55052,0.6114279428659941,0.00021652702412258373,MRPL20,up
55054,-0.3329094232780072,0.012235382733838831,ATG16L1,ns
55055,1.1706999596837306,0.0011185621379301933,ZWILCH,up
55057,-0.2538982120485471,0.155315470178021,CRYBG2,ns
55061,-0.8739271384177831,0.0034056361610098206,SUSD4,down
55062,0.7234583118217977,0.0022871576040026115,WIPI1,up
55063,-0.25988743013370286,0.07734983861745134,ZCWPW1,ns
550631,0.03676141171132663,0.8885229370252715,CCDC157,ns
55064,-0.22339102919721743,0.1550724053643359,SPATA6L,ns
550643,0.15567490510705895,0.5104839921414203,NBDY,ns
55066,-0.2490358791871543,0.14490910816725158,PDPR,ns
55068,0.07337782078482391,0.8734838255406092,ENOX1,ns
55069,-0.03100349193980989,0.8329977391999313,TMEM248,ns
55070,-0.17176196219800666,0.2397276452500643,DET1,ns
55071,0.6496126978148169,9.169136001394799e-05,C9ORF40,up
55072,0.20900089113669829,0.20232080732291666,RNF31,ns
55074,0.2972822690099619,0.10180465414593651,OXR1,ns
55075,-0.29994485293256634,0.1599064087910232,UACA,ns
55076,0.8675310291444944,0.0005302343030578883,TMEM45A,up
55080,-0.08906761869131863,0.6903470224225645,TAPBPL,ns
55081,-0.3008520291953207,0.053075049745770146,IFT57,ns
55082,-0.3400239642436578,0.10353549219381379,ARGLU1,ns
55083,0.5309758451705777,0.14498209726121622,KIF26B,ns
55084,0.016661175500752634,0.9356999069154035,SOBP,ns
55086,0.36556559012924517,0.1615640569325055,RADX,ns
55088,0.037638849069109526,0.8545843687509658,CCDC186,ns
5509,0.2654526929266918,0.3256912553687994,PPP1R3D,ns
55090,0.03599109447955229,0.8746605389318942,MED9,ns
55092,1.0876536879404348,0.0073885285940298055,TMEM51,up
55093,0.46843278871883864,0.007683200273923193,NTAQ1,ns
55094,0.08148156620312808,0.656119617394282,GPATCH1,ns
55095,-0.201448429336601,0.3730501969968195,SAMD4B,ns
55096,-0.0030341869940260224,0.9919744529062084,EBLN2,ns
5510,0.31278037730684005,0.01623556132673772,PPP1R7,ns
55100,0.11536844003916435,0.39026440431901416,WDR70,ns
55101,0.15334579925676373,0.27938079869040705,DMAC2,ns
55102,0.018220619055664855,0.9093834408638352,ATG2B,ns
55103,-0.5059178353764953,0.13206803042326928,RALGPS2,ns
55105,0.20437865878203532,0.27938079869040705,GPATCH2,ns
55106,0.25698869218471465,0.40030165865003114,SLFN12,ns
55108,0.03131020392932271,0.6699222895875315,BSDC1,ns
55109,0.38146275372604244,0.027536247661291934,AGGF1,ns
5511,0.35579439077558916,0.08576525671574342,PPP1R8,ns
55110,0.7374712002279553,0.0024841294922425044,MAGOHB,up
55111,-0.07562984302381004,0.6590997842199544,PLEKHJ1,ns
55112,-0.31313835901731757,0.07565677381838747,DYNC2I1,ns
55113,-0.7751335405702076,0.05028469964998206,XKR8,ns
55114,-0.4778514540636749,0.05876876483489841,ARHGAP17,ns
55116,-0.11305072786473147,0.5730779202647309,TMEM39B,ns
55119,-0.07689800284243375,0.6123939339258986,PRPF38B,ns
55120,0.8804870919363568,0.0005772865060933891,FANCL,up
55122,0.14307069153654872,0.6411459077978994,AKIRIN2,ns
55124,-0.0675113166812249,0.656119617394282,PIWIL2,ns
55125,0.12880997735107869,0.36861432381731246,CEP192,ns
55127,0.5592242785648747,0.07350744045345482,HEATR1,ns
55128,-0.04866492844025316,0.8300125775993221,TRIM68,ns
55129,-0.012517177739514551,0.9573942990789279,ANO10,ns
55131,0.09912345467165018,0.41099763986273047,RBM28,ns
55132,0.7894181977122479,0.016723653857815563,LARP1B,up
55133,0.2413787047895184,0.19852393973290286,SRBD1,ns
55135,0.17343044589270917,0.31121401357457845,WRAP53,ns
55138,0.4163969756332424,0.011914890392155784,FAM90A1,ns
55139,-0.29650730583334095,0.07727074143388234,ANKZF1,ns
5514,0.08198751343178756,0.6519052205017242,PPP1R10,ns
55140,0.4040830114362901,0.08904980493145376,ELP3,ns
55142,0.23720297755919084,0.12203068062557872,HAUS2,ns
55143,2.0580559597323766,0.0001075258269858596,CDCA8,up
55144,-0.1600010597050776,0.46604817379752683,LRRC8D,ns
55145,0.1873193258605852,0.08576525671574342,THAP1,ns
55146,0.3195471519931239,0.04547570365392512,ZDHHC4,ns
55147,0.04757455226488183,0.8208063267067691,RBM23,ns
55148,0.44528237923763214,0.016505109638152757,UBR7,ns
55149,0.14821891573481505,0.23410055568348528,MTPAP,ns
5515,0.2220932455670166,0.2707411179462309,PPP2CA,ns
55150,-0.26063538743321235,0.05547406988289413,C19ORF73,ns
55151,0.04379371479627103,0.8144110727706879,TMEM38B,ns
55152,-0.2508323025389245,0.04317047337765804,DALRD3,ns
55153,0.31416871622469955,0.21265635877692876,SDAD1,ns
55154,0.6041165323050937,0.00694221257306137,MSTO1,up
55156,0.3497190838739055,0.11467969122786249,ARMC1,ns
55157,1.2947430873279195,0.00045102711221352586,DARS2,up
55159,0.3971098175038179,0.003358511935335608,RFWD3,ns
5516,0.4110488148731868,0.005604431457198794,PPP2CB,ns
55160,-0.7427042862339022,0.05268535087104979,ARHGEF10L,ns
55161,0.7327831236802318,0.002174678335359909,TMEM33,up
55163,0.8663400765991192,0.0007658054830086585,PNPO,up
55164,0.38896246064844675,0.11538778940470859,SHQ1,ns
55165,2.598893004052389,4.796297124689089e-05,CEP55,up
55166,0.776982902060718,0.006718467491763919,CENPQ,up
55167,-0.5318510431885723,0.0031493160531180994,MSL2,ns
55168,0.8487948411146693,0.000653439489636798,MRPS18A,up
55170,0.14445433539558206,0.5585744790242467,PRMT6,ns
55171,0.31297235106288745,0.01753907721635281,TBCCD1,ns
55172,0.24205163782489247,0.1863609524826937,DNAAF2,ns
55173,0.3549750578336148,0.10263566090240027,MRPS10,ns
55174,-0.0748810164496323,0.5120626069168166,INTS10,ns
55175,-0.28208369071761563,0.26868794405142643,KLHL11,ns
55176,0.05947557731803865,0.8385994244226971,SEC61A2,ns
55177,0.22796127647945497,0.22535168244000223,RMDN3,ns
55178,0.31756060888425175,0.210680333022315,MRM3,ns
55179,0.15531788645343525,0.36995498497836865,FAIM,ns
5518,0.022969924184476298,0.8653850872400463,PPP2R1A,ns
55180,-0.11576449226951802,0.36195056258922154,LINS1,ns
55181,0.051920051707980974,0.8008427331819811,SMG8,ns
55182,-0.13533657094515839,0.09677662250435061,RNF220,ns
55183,0.35410469897331787,0.14734338332880012,RIF1,ns
55184,-0.20792988289536307,0.14937819227274354,DZANK1,ns
55186,-0.20921551818704565,0.24380279613208908,SLC25A36,ns
55187,-0.4956297487813561,0.0029408853765619546,VPS13D,ns
55188,-0.11175821728203239,0.3476830421123167,RIC8B,ns
5519,0.9127888342799721,0.0010017999799934723,PPP2R1B,up
55190,-0.8729663262736107,0.0012173051747175728,NUDT11,down
55191,-0.15011929368222,0.38511947648133105,NADSYN1,ns
55192,0.33712026380746885,0.018605455896558657,DNAJC17,ns
55193,0.18079535864502105,0.34655193904320075,PBRM1,ns
55194,-0.4498287413567521,0.21450356307553473,EVA1B,ns
55196,-0.27607957356344137,0.314508543378707,RESF1,ns
55197,0.47823415312191386,0.00685340794406772,RPRD1A,ns
55198,-0.46487607360226946,0.006873655411464028,APPL2,ns
55199,0.06110964330548452,0.8326265521725856,FAM86C1P,ns
552,-0.5458678701771911,0.031613350442258124,AVPR1A,ns
5520,0.5996210383823275,0.0005259760505235465,PPP2R2A,up
55201,-0.07188081818730829,0.8337225443270118,MAP1S,ns
55203,-0.07185126421292054,0.7559809099072756,LGI2,ns
55204,0.8827098458716511,0.006125049163292957,GOLPH3L,up
55205,0.10756735392899408,0.6861586671496738,ZNF532,ns
55206,-0.058587143782785844,0.6621646861750373,SBNO1,ns
55207,0.2859707692147033,0.08798144815773237,ARL8B,ns
55208,0.003949437683107071,0.9866235980865753,DCUN1D2,ns
55209,-0.0948442658998907,0.34959361569290953,SETD5,ns
5521,-0.6629697030125197,0.03441795630476468,PPP2R2B,down
55210,0.8915812254333204,0.001062382686153709,ATAD3A,up
55211,-0.17787501099811287,0.3669977008328751,DPPA4,ns
55212,0.17275710707798275,0.3665947507326852,BBS7,ns
55213,-0.014560539407309392,0.9362191909924407,RCBTB1,ns
55214,-0.04846739891828111,0.8430314756110576,P3H2,ns
55215,1.6866547822728375,0.0004355262398047991,FANCI,up
55216,0.18293236570967153,0.21460665027969067,NKAPD1,ns
55217,0.08317165856335329,0.6766098585887911,TMLHE,ns
55218,0.3514034463215028,0.10779603447930097,EXD2,ns
55219,0.4227200000506848,0.0198756728709131,MACO1,ns
55222,0.6833111865193269,0.012848541047385652,LRRC20,up
55223,-0.4933913418572562,0.0021772855300244533,TRIM62,ns
55224,-0.6080570825375942,0.022654639020275726,ETNK2,down
55225,-0.051525848375804095,0.8323632077450827,RAVER2,ns
55226,0.37279127095427533,0.15403940259890161,NAT10,ns
55227,-0.4535940021914655,0.0014225799819026482,LRRC1,ns
55229,0.3008163851560237,0.07490126926527171,PANK4,ns
5523,-0.27546880298322396,0.1972923711405704,PPP2R3A,ns
55230,0.5738948453208552,0.0009460998885879593,USP40,ns
55233,0.013312143768283491,0.9479231982705157,MOB1A,ns
55234,0.418863784253487,0.028143906717798216,SMU1,ns
55236,0.7751296586708705,0.005430210470418565,UBA6,up
55238,0.26429387244203184,0.274502890597197,SLC38A7,ns
55239,0.5944189512819236,0.006925978786892741,OGFOD1,up
5524,0.40874212864286186,0.0064772795379189774,PTPA,ns
55240,-0.39355151041905945,0.16950540910254863,STEAP3,ns
55244,0.24263632872771623,0.5531991614382145,SLC47A1,ns
55245,0.8416039590251998,0.000736352976157962,UQCC1,up
55246,0.18625145541290067,0.33485646112521555,CCDC25,ns
55247,1.2018995515522883,0.0005708559523475315,NEIL3,up
55248,0.09956747974163083,0.4936899558173366,PACC1,ns
55249,0.09215814521651389,0.6548855010734491,YY1AP1,ns
5525,-0.3781270764531257,0.10021903400281744,PPP2R5A,ns
55250,-0.005633317189680298,0.9834743320175872,ELP2,ns
55251,-0.5967587302578217,0.003816743073197943,PCMTD2,down
55252,-0.2814435687405208,0.18071045704759398,ASXL2,ns
55253,0.24239317502561164,0.11162071963483924,TYW1,ns
55254,0.6412302909660976,0.005204608790832981,TMEM39A,up
55255,0.5846173239506971,0.011809262424720048,WDR41,up
55256,0.1369949125607448,0.4230295811773068,ADI1,ns
55257,0.003638340559923847,0.9756969388277136,MRGBP,ns
55258,-0.40669023605736676,0.34796755890020287,THNSL2,ns
5526,-0.1776013822018374,0.39407357759407713,PPP2R5B,ns
55260,0.23797001876122348,0.2654840162236,TMEM143,ns
55262,-0.4526838319556248,0.18988125540377765,TRAPPC14,ns
55266,0.3944137457052328,0.13815864640185066,TMEM19,ns
55267,-0.2296803284693878,0.08243793684615376,PRR34,ns
55268,-0.5611273138807658,0.06688295074493464,ECHDC2,ns
55269,0.35373690321984697,0.00683129602582785,PSPC1,ns
5527,-0.29167500006233205,0.039601254518351454,PPP2R5C,ns
55270,0.18758864949015575,0.48828783577605356,NUDT15,ns
55272,-0.024259643150696064,0.8945545980026471,IMP3,ns
55274,-0.005376064292750726,0.9803488955381587,PHF10,ns
55275,0.0037488821967599506,0.97882100465289,VPS53,ns
55276,0.37936319729899814,0.0647898241507104,PGM2,ns
55277,0.05728952015220656,0.6906884828947103,FGGY,ns
55278,0.24324895931610158,0.14678160629413212,QRSL1,ns
55279,-0.1687243985612703,0.29933695980018266,ZNF654,ns
5528,-0.05664622194096047,0.6881781197950566,PPP2R5D,ns
55280,0.4613114793252553,0.00013460213471981093,CWF19L1,ns
55281,0.47222456172993077,0.3145629977433554,TMEM140,ns
55284,-0.3646755469118119,0.1882419074521045,UBE2W,ns
55285,0.1690757442262516,0.161435586588297,RBM41,ns
55287,-0.9738217204934996,0.03442947300840787,TMEM40,down
55288,-0.009991536982951743,0.9627440816817806,RHOT1,ns
552889,-0.528508232842837,0.010457383015299571,ATXN7L3B,ns
55289,0.48560825044732514,0.06472204904078378,ACOXL,ns
552891,0.07090394431405134,0.8416739002578447,DNAJC25-GNG10,ns
5529,0.06648632981036151,0.5566830331189795,PPP2R5E,ns
55290,0.0552490772766312,0.6595052249052478,BRF2,ns
552900,0.8206256913822969,0.003155573508148015,BOLA2,up
55291,0.13247152422715658,0.13192936277822637,PPP6R3,ns
55293,0.09353438545842607,0.6314349861384847,UEVLD,ns
55294,0.2876037149265578,0.22191919384941328,FBXW7,ns
55295,-0.2526702457661738,0.1064058472872981,KLHL26,ns
55296,-0.2492611487851102,0.17917526249989515,TBC1D19,ns
55297,-0.18504928032252543,0.26112230605687997,CCDC91,ns
55298,0.5695273178203282,0.00012421896447858757,RNF121,ns
55299,0.2829485239436629,0.27940090206234924,BRIX1,ns
5530,-0.35949041172002083,0.010478279244750309,PPP3CA,ns
55300,1.654224710648716,0.00028917963312629963,PI4K2B,up
55303,0.5647666047496269,0.2862394447233408,GIMAP4,ns
55304,-0.2028470502901616,0.28739552367812055,SPTLC3,ns
55308,0.1655563669588087,0.18203460563951668,DDX19A,ns
5531,0.20133733436525247,0.27525264612726585,PPP4C,ns
55311,0.21104617910293122,0.25372583387363196,ZNF444,ns
553115,0.4096803426789126,0.000630386947054791,PEF1,ns
55312,0.12246386835486156,0.5240859956330255,RFK,ns
55313,-1.049382576541026,0.019988875638064924,CPPED1,down
55314,-0.008317720605568901,0.9844842901756315,TMEM144,ns
55315,0.13753372265284192,0.5677941696461312,SLC29A3,ns
55316,-0.4788330170080055,0.0011263793671181343,RSAD1,ns
55317,0.3808490838243239,0.05582432020836238,AP5S1,ns
55319,0.5666644157430198,0.005273600837130661,TMA16,ns
5532,0.08616543184873571,0.536273232763949,PPP3CB,ns
55320,0.1398829189808417,0.43001996716024515,MIS18BP1,ns
55322,0.6138044434239216,0.0008785321494415703,C5ORF22,up
55324,0.41125106046871984,0.0014605280631812074,ABCF3,ns
55325,0.5734714544321786,0.020559249282298884,UFSP2,ns
55326,0.3898009558009141,0.19092722702830942,AGPAT5,ns
55327,0.34659028170728057,0.08081314039571953,LIN7C,ns
55328,0.19704649339075697,0.22027943586255558,RNLS,ns
5533,0.03539321269190765,0.8909281496916729,PPP3CC,ns
55330,-0.3773664591370407,0.0016702525828682958,BLOC1S4,ns
55331,-0.05586900635437253,0.7793493493219033,ACER3,ns
55332,0.549580015675474,0.07790490890168188,DRAM1,ns
55333,-0.18919311487577328,0.2062330404161058,SYNJ2BP,ns
55334,0.4996426317984213,0.013187942505782283,SLC39A9,ns
55335,-0.4679838667858647,0.014821063320148624,NIPSNAP3B,ns
55336,0.028920922575110808,0.8785448118090624,FBXL8,ns
55337,0.02656114362482853,0.9415528656037117,SHFL,ns
55339,0.4807824115896313,0.013198958885181905,WDR33,ns
5534,-0.045728328875966895,0.7689746126762389,PPP3R1,ns
55340,0.357240673304549,0.49838241064037764,GIMAP5,ns
55341,0.4714649217567466,0.0512072453193151,LSG1,ns
55342,-0.2028678127405108,0.5223928555367849,STRBP,ns
55343,0.5575147852360232,0.005408886084173013,SLC35C1,ns
55344,0.31890202118169775,0.08901429785700474,PLCXD1,ns
55345,0.7889031104026794,0.0014641845629171579,ZGRF1,up
55346,-0.04717196486798514,0.6937724920497612,TCP11L1,ns
55347,0.4226469657977727,0.04927339427532928,ABHD10,ns
55349,0.6243149965237897,0.006921865540630093,CHDH,up
55350,-0.6431452823451735,0.475750209069668,VNN3P,ns
55351,-0.5360154366017866,0.006490565529955348,STK32B,ns
55352,0.16427198721263903,0.2437731416765491,COPRS,ns
55353,0.1313105379524373,0.5062932102927624,LAPTM4B,ns
55355,2.738761923758452,2.5219669390480376e-05,HJURP,up
55356,-0.36030651790477286,0.4324593433416186,SLC22A15,ns
55357,0.23997510658345966,0.6063606341248755,TBC1D2,ns
55359,-0.24192222500184624,0.21914912068398074,STYK1,ns
5536,0.2545199898665391,0.1639303467255441,PPP5C,ns
55361,-0.429613426657518,0.0351197710041998,PI4K2A,ns
55362,-0.04273372083152793,0.8842002474514405,TMEM63B,ns
55363,-0.669599742395171,0.12057648111719962,HEMGN,ns
55364,-0.17292619179993096,0.34029963540916697,IMPACT,ns
55365,-1.1263005882169441,0.22403757064629545,TMEM176A,ns
55366,-0.5073785282737724,0.007704353650417034,LGR4,ns
55367,0.07066540080618822,0.8045298039890063,PIDD1,ns
5537,0.04610802728118557,0.7396855234936598,PPP6C,ns
55374,-0.010147721480953109,0.9674326679033365,TMCO6,ns
55379,0.9262785002797678,0.0034838729913269093,LRRC59,up
5538,-0.5018802804605222,0.06764930713123295,PPT1,ns
55388,2.6939344426675884,4.99374502460133e-05,MCM10,up
554,-0.39696046362194526,0.1431839797223919,AVPR2,ns
55421,-0.019450281380663625,0.8544789238019135,NCBP3,ns
55422,-0.35713784245382474,0.4695451134544735,ZNF331,ns
55423,-0.35967000376380476,0.2778514636341683,SIRPG,ns
55425,-0.11615856341663999,0.5906604821781373,GPALPP1,ns
554251,0.34367942983868716,0.012568074965097223,FBXO48,ns
554282,1.9246092072047167,0.00020425590855527656,RUMY3,up
554313,0.589091640057152,0.000671287377281062,H4C15,up
55432,-0.2354233844630489,0.3540110951740054,YOD1,ns
55435,-0.1567495865214017,0.44994549435272985,AP1AR,ns
55437,-0.15321477134101258,0.544006456602457,STRADB,ns
55450,-1.1923844631426803,0.00011376379360398814,CAMK2N1,down
55454,-0.057411810693496435,0.8048800245189536,CSGALNACT2,ns
5546,0.2667226619903662,0.10560723644986846,PRCC,ns
55466,-0.0018707893227816186,0.9927527215338678,DNAJA4,ns
5547,-0.03544672176603392,0.8825751720692251,PRCP,ns
55471,0.06426617783838218,0.5706140411910139,NDUFAF7,ns
55486,0.011176094646373258,0.9461906690267533,PARL,ns
5549,0.14889158558658266,0.5844783201703011,PRELP,ns
5550,0.17257229873964341,0.36691181425337305,PREP,ns
55500,0.6492580365393081,0.02383998637430995,ETNK1,up
55501,0.5903624254094559,0.032841111105722035,CHST12,up
55502,-0.44999063763827607,0.06828243140741413,HES6,ns
55504,-0.1288360760304732,0.478439183158098,TNFRSF19,ns
55505,0.5723300559578917,0.009260931224693758,NOP10,ns
55506,-0.06663760948143427,0.7930136090354328,MACROH2A2,ns
55507,1.4578137193494323,0.007925121786862407,GPRC5D,up
55508,0.0756777309216421,0.5478220231518383,SLC35E3,ns
55509,-0.4042285724755086,0.11816977823011737,BATF3,ns
5551,-0.12932710050402285,0.8261592769875976,PRF1,ns
55510,0.5842440389950481,0.057612464241301925,DDX43,ns
55512,0.045521998471073744,0.8867533890121475,SMPD3,ns
5552,-0.01742417763754389,0.9722104615011686,SRGN,ns
55520,0.17659785589300458,0.4993180712195705,ELAC1,ns
55521,-0.020709893756917452,0.9424322456287026,TRIM36,ns
55526,0.28166274480901343,0.18925800764224449,DHTKD1,ns
55527,-0.10881904222000038,0.3610920725697051,FEM1A,ns
55529,-0.06561406499233158,0.8687687870251858,PIP4P2,ns
5553,0.17377975101492815,0.3001731196019029,PRG2,ns
55530,0.12040982003287226,0.6423638266458503,SVOP,ns
55531,0.010503795826682705,0.9613998557629375,ELMOD1,ns
55532,0.2150069941627688,0.39981676323439547,SLC30A10,ns
55534,-0.9767534891562466,0.009768219759192941,MAML3,down
55536,0.30599686126989845,0.3031913004447764,CDCA7L,ns
5554,-0.3682677015658058,0.03927186390006553,PRH1,ns
55540,0.42751862588154754,0.11821180351560577,IL17RB,ns
55544,-0.35597952961267154,0.2702847366755556,RBM38,ns
55552,-0.13239961463060723,0.5600121990544564,ZNF823,ns
55553,0.08701054585401913,0.8104163683260812,SOX6,ns
55556,0.29603853343405895,0.18173509303384786,ENOSF1,ns
55558,-0.38499995297432577,0.2159791937217821,PLXNA3,ns
55559,0.27729467135548,0.03561954601842102,HAUS7,ns
55561,-0.8592513263440811,0.00017520382117860065,CDC42BPG,down
55565,-0.22680643858624716,0.3348324339013423,ZNF821,ns
55568,-0.3523058151565941,0.002023841916309612,GALNT10,ns
5557,0.9625626138076626,0.00047111116530011043,PRIM1,up
55571,0.3311898444612833,0.0053553467717024576,CNOT11,ns
55572,0.9710600201740016,0.0011689242861487165,FOXRED1,up
55573,0.29910937005930016,0.07460405668440541,CDV3,ns
55577,0.3934144709709315,0.2798631992591204,NAGK,ns
55578,-0.06521432722345466,0.7080979112251199,SUPT20H,ns
5558,0.7737768711552757,0.004705217977002398,PRIM2,up
55582,-0.1337920083281725,0.5708298906422523,KIF27,ns
55585,0.11046295426928232,0.2565283829498221,UBE2Q1,ns
55586,0.015906385913045717,0.9516492699870113,MIOX,ns
55588,-0.05761910873128073,0.5934421010423069,MED29,ns
55589,-0.16748491042839042,0.444459509150514,BMP2K,ns
55591,0.3185670309114883,0.12453729489671064,VEZT,ns
55593,-0.13360970802088623,0.5566830331189795,OTUD5,ns
55596,0.14235415493604897,0.19269376534851484,ZCCHC8,ns
55599,-0.11131224898279513,0.5609502824562137,RNPC3,ns
55600,-0.8693200430558621,0.0001738407574773918,ITLN1,down
55601,1.0729383696055415,0.08122725474635582,DDX60,ns
55602,-0.25287850666299505,0.10848143802516609,CDKN2AIP,ns
55603,-0.5046963829177198,0.19606174494589504,TENT5A,ns
55604,0.5777285393390619,0.11756303262902593,CARMIL1,ns
55605,-0.1995862682003704,0.5691585341128056,KIF21A,ns
55607,-0.2941692895583232,0.04733235441389412,PPP1R9A,ns
55608,-0.08635673723333426,0.6623224913928756,ANKRD10,ns
55609,-0.07126952574716228,0.5089504096381143,ZNF280C,ns
55610,0.33088571963967794,0.08546534052213113,VPS50,ns
55611,0.16514571605026518,0.4255907207570404,OTUB1,ns
55613,0.1384940920033264,0.3564856464317759,MTMR8,ns
55614,-0.07638246588335296,0.8060296610338518,KIF16B,ns
55615,-0.015585575607477864,0.9590589118267994,PRR5,ns
55616,-0.17077851492479645,0.20019267710265193,ASAP3,ns
55617,-0.16732396434800734,0.38364546139349054,TASP1,ns
55619,-0.05461511882636394,0.8611421742579211,DOCK10,ns
5562,-0.2095103949997803,0.2136264185346661,PRKAA1,ns
55620,1.039766877775623,3.435112828484447e-05,STAP2,up
55621,0.014292075600241816,0.9516492699870113,TRMT1,ns
55622,0.25714595166034826,0.16391657078947147,TTC27,ns
55623,-0.18373081595923324,0.4292109816641948,THUMPD1,ns
55624,0.15432297585305577,0.2628984335846958,POMGNT1,ns
55625,-0.8789416865766366,0.0025480869223356182,ZDHHC7,down
55626,0.1516813522822993,0.17946063630889836,AMBRA1,ns
55627,0.310885688057736,0.06224651602722721,SMPD4,ns
55628,-0.23276405752755558,0.09062051262854723,ZNF407,ns
55629,0.044773983139947404,0.8247506305786397,PNRC2,ns
55630,0.04369387872875041,0.9008268593247479,SLC39A4,ns
55631,0.9198128166088022,0.0020247410490335698,LRRC40,up
55632,0.3813240471837025,0.06266835109796916,G2E3,ns
55633,-0.009022166036304569,0.9563291478619057,TBC1D22B,ns
55634,-0.30525253576320033,0.013045100933373906,KRABD4,ns
55635,2.2607820239811236,6.810471648012711e-05,DEPDC1,up
55636,-0.06871282309706395,0.818804193099864,CHD7,ns
55638,-0.6480587491693681,0.0007599433247184411,SYBU,down
5564,-0.07362363948305628,0.5531394532796482,PRKAB1,ns
55640,0.19274899414850566,0.6786259423572732,FLVCR2,ns
55643,-0.6862918427781324,0.0067946050029318895,BTBD2,down
55644,0.1409280938765951,0.2468008868147906,OSGEP,ns
55646,0.503664027054139,0.017832748255434756,LYAR,ns
55647,0.05197418215748595,0.9300163039776971,RAB20,ns
5565,-0.3844603249966738,0.0009739116827492777,PRKAB2,ns
55650,0.1546056564598155,0.4365544923214349,PIGV,ns
55651,0.23618398606754987,0.1604154695331521,NHP2,ns
55652,-0.061609999344788946,0.8296593728245604,SLC48A1,ns
55653,-0.5554462214698592,0.03386663101453287,BCAS4,ns
55654,-0.4598003163505453,0.06338315391263596,TMEM127,ns
55655,0.14495807634709212,0.7723900751412087,NLRP2,ns
55656,0.11385095050940919,0.4048067726391306,INTS8,ns
55657,-0.3345831330912379,0.28484595267805174,ZNF692,ns
55658,-0.30253183475821466,0.23996372517210166,RNF126,ns
55659,-0.19929810692234629,0.4464983819019844,ZNF416,ns
5566,-0.5385168968179599,0.12122304634849482,PRKACA,ns
55660,0.4447261401106477,0.017166444224562722,PRPF40A,ns
55661,0.2456878339701536,0.02881921911479785,DDX27,ns
55662,-0.05349046552774084,0.6718597229000537,HIF1AN,ns
55663,-0.5284097449661935,0.001862183399096578,ZNF446,ns
55664,0.11159510271029927,0.6100879544101615,CDC37L1,ns
55665,-0.23922448159471088,0.14680924363828818,URGCP,ns
55666,-0.007194586512223822,0.9628149341889212,NPLOC4,ns
55667,-0.2816468306225399,0.33654940356969654,DENND4C,ns
55668,-0.38873725184859254,0.0045125570146726645,GPATCH2L,ns
55669,0.4172894906001119,0.030094396022692486,MFN1,ns
5567,-0.4238450430333387,0.28806482993760585,PRKACB,ns
55670,-0.006735802316228501,0.9573942990789279,PEX26,ns
55671,-0.039632418306620565,0.7428516566203273,PPP4R3A,ns
55672,-0.8870668984182704,5.6523693598064204e-05,NBPF1,down
55676,0.5469794279228761,0.024375266182265907,SLC30A6,ns
55677,0.4880980423268859,0.008675766206959784,IWS1,ns
55679,-0.5577932629765723,0.05705771252679499,LIMS2,ns
55680,-0.29555070815929607,0.0014342735406139622,RUFY2,ns
55681,0.047614638924347474,0.7281339417289306,SCYL2,ns
55683,-0.1461667785735834,0.050768445461761846,KANSL3,ns
55684,0.07384102687628058,0.6591972381264303,RABL6,ns
55686,0.5460202450862637,0.014313997804157763,MREG,ns
55687,0.25645643403844254,0.11134984153113736,TRMU,ns
55689,0.25318223296762277,0.0996248500075086,YEATS2,ns
5569,-0.6259616781936295,0.01855046862823133,PKIA,down
55690,-1.135336496525536,0.0007873030468280501,PACS1,down
55691,-0.003966515611660171,0.9885758668203205,FRMD4A,ns
55692,-0.1570569716303325,0.3548199680129017,LUC7L,ns
55693,0.26624096222362326,0.10153676138766451,KDM4D,ns
55695,0.2708503165407379,0.10817215907331655,NSUN5,ns
55696,-0.12077026742913155,0.35237782609650314,RBM22,ns
55697,0.3928444658853021,0.005433120687137898,VAC14,ns
55699,0.04689724606209644,0.814467888912228,IARS2,ns
5570,-0.10401545941633294,0.4955086526748023,PKIB,ns
55700,-0.3245852341219191,0.18991328546020503,MAP7D1,ns
55701,-1.0920528140386931,0.05012180414579065,ARHGEF40,ns
55702,0.13449305218255958,0.30485943931919607,YJU2,ns
55703,0.5080686161749224,0.06028420990244696,POLR3B,ns
55704,0.5115403166783192,0.01209826359957445,CCDC88A,ns
55705,0.33535178270120625,0.0063900879676531425,IPO9,ns
55706,0.9249426139559596,0.005114215912358337,NDC1,up
55707,-0.3739295368909108,0.02899109039921298,NECAP2,ns
55709,-0.14732778161701443,0.4155495283914895,KBTBD4,ns
5571,0.4048642505321478,0.004855097223245774,PRKAG1,ns
55711,0.21705083518858537,0.5490710941987046,FAR2,ns
55713,0.4524773861754099,0.009288408694519685,ZNF334,ns
55715,-0.5025403349119628,0.07060693200436603,DOK4,ns
55716,-0.23655185736651774,0.08241034975074467,LMBR1L,ns
55717,-0.4682195826699065,0.009771898293372945,WDR11,ns
55718,0.4190153317622922,0.008361982101181007,POLR3E,ns
55719,0.19267002612600415,0.46318885068732446,SLF2,ns
55720,0.6728988796725659,0.003214934541360091,TSR1,up
55721,0.1579293825907353,0.2688481496815769,IQCC,ns
55722,-0.03478264905067441,0.8277033839924903,CEP72,ns
55723,1.1984567637249555,0.0037229028605655374,ASF1B,up
55726,1.2129899206113244,0.0004174846929451859,INTS13,up
55727,-0.2454693663550973,0.020732271093668053,BTBD7,ns
55728,0.27763663472702405,0.21911157436166023,N4BP2,ns
55729,-0.34392074635159275,0.007010765798818639,ATF7IP,ns
5573,-0.05191221415976699,0.8786339399583062,PRKAR1A,ns
55731,-0.15136542250882812,0.5455162820828245,FAM222B,ns
55732,0.7791455157737861,0.00028372160716556676,FIRRM,up
55733,-0.0035285597100580546,0.9859035378940534,HHAT,ns
55734,0.271773020381735,0.06278230223778886,ZFP64,ns
55735,0.26999812206537754,0.008639845713743653,DNAJC11,ns
55737,0.21519469812319691,0.4315558493852759,VPS35,ns
55738,0.49447900624450014,0.00404338387312996,ARFGAP1,ns
55739,0.19297564926457333,0.06975350077054619,NAXD,ns
55740,-0.3496659302928933,0.07244501065225403,ENAH,ns
55741,1.0075352091386787,0.00011160714825011951,EDEM2,up
55742,-0.19586210650507763,0.27062364882996054,PARVA,ns
55743,0.033324879931299733,0.7597389130156299,CHFR,ns
55744,0.13290793888334562,0.09677662250435061,COA1,ns
55745,0.44183942522789366,0.04368955918489458,AP5M1,ns
55746,0.42836556533561065,0.07101793831598768,NUP133,ns
55748,0.34456101359686286,0.07563245442616723,CNDP2,ns
55749,0.45758325339252615,0.004998150801996485,CCAR1,ns
5575,-0.10990551812632265,0.6080177903339041,PRKAR1B,ns
55750,0.44577807803435476,0.06601838810457727,AGK,ns
55751,0.5754140416134277,0.013476034706353425,TMEM184C,ns
55752,0.20542881367029864,0.4114538228953015,SEPTIN11,ns
55754,-0.018220195700974884,0.9584390260511668,CDC50A,ns
55755,0.3426835853065828,0.03617543046182255,CDK5RAP2,ns
55756,0.06677876806259597,0.6081044958453117,INTS9,ns
55757,0.9274801951680613,0.00028608178416562316,UGGT2,up
55758,-0.15549192294155567,0.07447432611888598,RCOR3,ns
55759,0.8095581910467269,0.002612748862360499,WDR12,up
5576,-0.2638624404836296,0.0065530591084086605,PRKAR2A,ns
55760,-0.29375144446858936,0.2062330404161058,DHX32,ns
55761,-0.2684200175131437,0.005757105083638896,TTC17,ns
55762,-0.16461641015644357,0.3185383028738133,ZNF701,ns
55763,0.1890948543135309,0.33173842845899987,EXOC1,ns
55764,0.013748407468189505,0.9385845870198781,IFT122,ns
55765,1.9158849301744976,0.00042411603000596596,INAVA,up
55766,0.4970030662470233,0.0006807195043052605,H2AJ,ns
55768,0.6530640897144835,0.001027508240823765,NGLY1,up
55769,-0.10351840618886676,0.7435152756137092,ZNF83,ns
5577,-1.40085083157844,0.013165250954397363,PRKAR2B,down
55770,-0.03118611974591623,0.901194080818615,EXOC2,ns
55771,1.0694770984372273,0.0028024027748558295,PRR11,up
55773,0.7237643175775279,0.017985402500925757,TBC1D23,up
55775,0.08596954318927885,0.7000728490962447,TDP1,ns
55776,-0.11353188864643116,0.39156384031402713,SAYSD1,ns
55777,-0.27076747649168187,0.0531342274680235,MBD5,ns
55778,-0.08171348543934265,0.6305548954773905,ZNF839,ns
55779,-0.29046064544956796,0.1240207471501072,CFAP44,ns
5578,-0.7446739105532334,0.006274665337754751,PRKCA,down
55780,0.24119769394837665,0.09287795021849275,ERMARD,ns
55781,0.4386069860274624,0.12590590611464741,RIOK2,ns
55783,0.23416909811564146,0.49160342206410484,CMTR2,ns
55784,0.01780316786259384,0.9627440816817806,MCTP2,ns
55785,0.19074338723017448,0.6215594291481787,FGD6,ns
55786,-0.009693781933272305,0.9757110035393692,ZNF415,ns
55787,-0.19622207821436533,0.3185605038272936,TXLNG,ns
55788,-0.3529592143853062,0.04696490470968679,LMBRD1,ns
55789,2.0638358067008387,0.00031590630068385024,DEPDC1B,up
5579,-0.45470079155498233,0.006987753531086266,PRKCB,ns
55790,-0.6645329117460506,0.0172592291635283,CSGALNACT1,down
55791,0.046841533316323236,0.8192026683251942,LRIF1,ns
55793,-0.28801695053512333,0.44310236802562347,MINDY1,ns
55794,-0.31861801434911463,0.009059574471775234,DDX28,ns
55795,0.1791179096511435,0.2807912096469731,PCID2,ns
55796,-0.5295905324676511,0.00025292217199227984,MBNL3,ns
55798,0.6734162092507239,0.006008008849172541,METTL2B,up
55799,-1.257824980627679,0.00025292217199227984,CACNA2D3,down
558,1.5752082265464429,0.003470119490537342,AXL,up
5580,0.35846450120222073,0.21728077611412655,PRKCD,ns
55802,-0.12037799779862723,0.38489052536883833,DCP1A,ns
55803,-0.005777038806890289,0.9885758668203205,ADAP2,ns
55805,0.20006649409906885,0.3657045955710807,LRP2BP,ns
55808,-0.015370120514453411,0.967832279000781,ST6GALNAC1,ns
55809,-0.930569367045571,0.00017410329071350088,TRERF1,down
5581,-0.6176201268662265,0.01627092775244754,PRKCE,down
55810,-0.7351365141085857,0.0005857663211308575,FOXJ2,down
55812,-0.36187969189485525,0.0002381545208775986,SPATA7,ns
55813,0.4590902779531394,0.03407629146894277,UTP6,ns
55814,-0.18835483198530767,0.36903639038194996,BDP1,ns
55818,-0.5735306282014534,0.0007251153006939048,KDM3A,ns
55819,-0.9199830477873512,0.012776919820535715,RNF130,down
55823,0.032855309104405706,0.854916285503669,VPS11,ns
55824,-0.08471020929552964,0.7048177916969426,PAG1,ns
55825,0.014891403100040002,0.9423093671496526,PECR,ns
55827,0.4317237462907215,0.0002309255707750383,DCAF6,ns
55829,1.1849753483378116,0.0010555753224650271,SELENOS,up
5583,-0.7618151746029973,0.011022595576586977,PRKCH,down
55830,0.17223063887828083,0.2809861237678827,GLT8D1,ns
55831,0.1298070767584587,0.25505022825487333,EMC3,ns
55832,0.5995151322276993,0.06421899141742535,CAND1,ns
55833,0.4557638104152364,0.03957743011788395,UBAP2,ns
55835,0.8272625361246764,0.001275755136809632,CPAP,up
55837,-0.09964346060512241,0.4210353666216062,EAPP,ns
55839,1.5737646468585211,8.728023584577835e-05,CENPN,up
5584,0.5095735867618636,0.033263055736031714,PRKCI,ns
55840,1.5798793326159268,0.001087335287055954,EAF2,up
55841,-0.33348459856172674,0.19867026145546005,WWC3,ns
55843,-0.20049116903282105,0.17664948562081215,ARHGAP15,ns
55844,-0.25600696008300616,0.024448827144369085,PPP2R2D,ns
55845,-0.30266436854807033,0.024860466951761574,BRK1,ns
55846,-0.42896703409311776,0.0014132427928745897,ITFG2,ns
55847,0.9263808166057448,0.001358440798365797,CISD1,up
55848,0.26022935607491693,0.15043776442052859,PLGRKT,ns
5585,-0.4280817913706336,0.004155895322394865,PKN1,ns
55850,0.06611519302026458,0.7560736765230842,USE1,ns
55851,-0.2194417481049431,0.3330747228401441,PSENEN,ns
55852,0.37845002450185206,0.019326780634676945,TEX2,ns
55854,0.4535364820510761,0.007223436489748011,ZC3H15,ns
55856,0.5737103634773479,9.885544637382457e-05,ACOT13,ns
55857,-0.23095397664454786,0.0380740432068974,KIZ,ns
55858,0.7784470763256905,0.0008539374904492245,TMEM165,up
55859,-0.15411927089188016,0.3927769674250413,BEX1,ns
5586,-0.23688171866378482,0.41507223089527,PKN2,ns
55860,0.27848682593259966,0.022596198686356667,ACTR10,ns
55861,-0.6075610342851521,0.0058748401582195955,DBNDD2,down
55862,0.26815428246311157,0.26005363051946645,ECHDC1,ns
55863,0.5235727839900308,0.00765358487693975,TMEM126B,ns
55869,0.4007728590918358,0.0018844156285903989,HDAC8,ns
55870,-0.4157729807067252,0.019561351915860392,ASH1L,ns
55871,0.7358685119983832,0.0012531515228932013,ZNG1A,up
55872,2.225972025130887,6.310678393646147e-05,PBK,up
55876,0.2676839794037642,0.41874876809780354,GSDMB,ns
5588,-0.24027559825970535,0.43908658686599017,PRKCQ,ns
55884,0.20772503734686865,0.1397047175480811,WSB2,ns
55888,-0.010901859685316317,0.9613987548204065,ZKSCAN7,ns
5589,-0.1827428434116154,0.4121733686813872,PRKCSH,ns
55890,-0.008387072094381942,0.964439782568279,GPRC5C,ns
55892,-0.09315903881313581,0.6015700508294204,MYNN,ns
55893,-1.1573778369313388,1.3345101638205109e-05,ZNF395,down
55897,0.3038990107938462,0.09007514044952208,MESP1,ns
55898,0.2126708410752034,0.052414138759785636,UNC45A,ns
5590,-0.35227133924552145,0.03142243319123581,PRKCZ,ns
55900,0.05378251333810091,0.8404791736137611,ZNF302,ns
55901,0.020082562096887635,0.9164618706869572,THSD1,ns
55902,-0.44218328870375956,0.12020165831380102,ACSS2,ns
55904,-0.3948829890722685,0.022383707422481292,KMT2E,ns
55905,0.012304197889838164,0.9444604729192104,RNF114,ns
55906,-0.04887521131144812,0.7853805343424304,ZC4H2,ns
55907,0.4951541806570736,0.0034868553420102253,CMAS,ns
55909,-0.09632621904310312,0.5660753770008501,BIN3,ns
5591,0.268936183499525,0.25681507717398133,PRKDC,ns
55911,-0.363324820837267,0.3501690998914096,APOBR,ns
55914,-0.31143156225237867,0.16391657078947147,ERBIN,ns
55915,0.5291315452241543,0.003447662389997934,LANCL2,ns
55916,0.016681617684936256,0.9133219295856988,NXT2,ns
55917,-0.12752265495296466,0.722462999964382,CTTNBP2NL,ns
5592,-0.4237028990332883,0.01057387205348621,PRKG1,ns
55920,0.7781410377443478,0.00019933480112446263,RCC2,up
55922,0.09090434164153116,0.7052759984814064,NKRF,ns
55924,-1.3036233328717142,0.03981742642069348,INKA2,down
55929,0.29952281723340946,0.016303950970322348,DMAP1,ns
5593,-0.3148893824104597,0.0870093047823888,PRKG2,ns
55930,0.27760808896255984,0.046638402904065616,MYO5C,ns
55937,0.01865597356009374,0.9451483510347336,APOM,ns
5594,-0.8995146646913135,0.0008780774364074036,MAPK1,down
5595,-0.6157976288630795,0.10442671476737198,MAPK3,ns
55954,-0.18575762916595018,0.3604900238756347,ZMAT5,ns
55957,-0.06841780463664904,0.7350288373964525,LIN37,ns
55958,0.011722185145018216,0.9699439605647955,KLHL9,ns
55959,-1.856306205228563,0.0006827499045488744,SULF2,down
55964,0.5569729065902091,0.035288145480986056,SEPTIN3,ns
55966,-0.42204645813992414,0.011578560409961382,AJAP1,ns
55967,0.4717965026266224,0.0004858728557823646,NDUFA12,ns
55968,-0.1383461618074442,0.5156063624623207,NSFL1C,ns
55969,0.2920171418834965,0.2636409577290699,RAB5IF,ns
5597,0.6380322414008397,0.07693684031646515,MAPK6,ns
55971,-0.10577929158261057,0.6056240799820206,BAIAP2L1,ns
55972,0.016940980455611765,0.9414106902363033,SLC25A40,ns
55973,-0.44067422994407224,0.004011208706045208,BCAP29,ns
55974,0.34799677694025277,0.028223101329792916,SLC50A1,ns
55975,-0.13237743038946714,0.36458962890489227,KLHL7,ns
5598,-0.4852975973791711,0.042969534688840794,MAPK7,ns
5599,0.03933295419354188,0.7620606985240739,MAPK8,ns
5600,0.2840144418235919,0.12652866061596624,MAPK11,ns
56005,1.9763225456151101,0.00035201376149062385,MYDGF,up
56006,0.06194074593453536,0.7958187332885632,SMG9,ns
5601,-0.20383311138004423,0.06455396494303517,MAPK9,ns
5603,-0.5750584053345875,0.03032911830030562,MAPK13,ns
56034,-0.7951189247938526,0.010681757904778672,PDGFC,down
5604,0.031741480741422023,0.8491168994462236,MAP2K1,ns
5605,-0.04446421933474376,0.847103885023206,MAP2K2,ns
56052,0.75315789376255,0.0025781051054879545,ALG1,up
5606,-0.3800341455457996,0.1488719114997837,MAP2K3,ns
56061,0.4259512832379162,0.04058585900688381,UBFD1,ns
56063,0.04037512912513108,0.8634427729270449,TMEM234,ns
5607,-0.43197789547841836,0.005296301358760004,MAP2K5,ns
5608,0.32274647498375053,0.10933026713836137,MAP2K6,ns
5609,-0.12328277157619105,0.509890471725966,MAP2K7,ns
5610,1.1859900660714189,0.005006978939626374,EIF2AK2,up
56100,-0.6272776310727561,0.03504643023866493,PCDHGB6,down
56101,-0.501097437861203,0.09459351791044994,PCDHGB5,ns
56102,-0.4597581160941937,0.0307489751508146,PCDHGB3,ns
56103,-0.14143379904761844,0.6043298591027179,PCDHGB2,ns
56106,-0.41542166149898474,0.1347664887050435,PCDHGA10,ns
56109,-0.3800591834014435,0.05419748315379128,PCDHGA6,ns
5611,0.6256672348468619,0.014851127183719014,DNAJC3,up
5612,-0.4508873660165218,0.011290221041231088,THAP12,ns
5613,-0.5341895996123203,0.001161399516600748,PRKX,ns
56155,0.4593289936448359,0.018804993249731762,TEX14,ns
56160,-0.6749036201383465,0.01493325144441563,NSMCE3,down
56172,-0.9423445908335335,6.546061809336521e-05,ANKH,down
5618,-0.441844640611623,0.13140900161135663,PRLR,ns
56180,0.11700175549558978,0.46065308239492697,MOSPD1,ns
56181,-0.392062497022156,0.001870197355584094,MTFR1L,ns
56204,0.28456051981846997,0.25471022062897447,ATOSA,ns
5621,-0.5636209083551975,0.031691604908923046,PRNP,ns
5624,-0.034957410578350334,0.8270547758665828,PROC,ns
56241,-0.0677191537172801,0.8031104341520017,SUSD2,ns
56242,0.11317848074145953,0.7104568832378912,ZNF253,ns
56245,0.11508796616769867,0.7396273509339039,EPCIP,ns
56252,-0.028016012558829573,0.8779395322005504,YLPM1,ns
56253,-0.25588342664473096,0.4331868606597396,CRTAM,ns
56254,0.095553469939059,0.6962778279842062,RNF20,ns
56255,-0.8746574654656989,0.0012186549995613658,TMX4,down
56257,-0.40257280709411347,0.040267311347633575,MEPCE,ns
56259,0.1297869713455455,0.23366325778720864,CTNNBL1,ns
56260,-0.1456334198784619,0.41592471684605786,C8ORF44,ns
56261,-0.2685847779672681,0.2028012294515879,GPCPD1,ns
56262,-0.13418109272100587,0.49266133448855487,LRRC8A,ns
56265,0.00012656440995684193,0.9994035653127455,CPXM1,ns
56267,-0.13324043562000654,0.31397695625990596,KYAT3,ns
5627,-1.2269583782131361,0.003130314855846424,PROS1,down
56270,-0.46460906084329956,0.002880152682565055,WDR45B,ns
56271,-0.4492927178883921,0.03251518914276956,BEX4,ns
56288,-0.6167461252732522,0.03875310045517686,PARD3,down
5631,0.1701399533086967,0.38001202953274704,PRPS1,ns
56339,0.15679566433034786,0.25003307360417065,METTL3,ns
5634,0.6500238790916377,0.0018175256676011581,PRPS2,up
56342,0.7195537453702432,0.0029461607825385207,PPAN,up
56344,-1.411055657246667,0.0001886223664813464,CABP5,down
5635,-0.1038315492174462,0.23860946115180445,PRPSAP1,ns
5636,0.2108373221332105,0.25599038883929004,PRPSAP2,ns
5638,-0.23216872796917798,0.31831253220450434,PRRG1,ns
5639,0.31543199636112185,0.027606556700449834,PRRG2,ns
5641,1.6269921603803201,9.91910958415092e-05,LGMN,up
56413,-0.45246094237114587,0.012666907316384826,LTB4R2,ns
5644,-1.3087033738644038,0.00018281444339470726,PRSS1,down
56474,0.1648820949840406,0.1719350155280314,CTPS2,ns
56477,-0.42402913397263653,0.04063676068352657,CCL28,ns
56478,0.0588262320638151,0.6598639996805913,EIF4ENIF1,ns
56479,0.16114416305853485,0.5996315345976116,KCNQ5,ns
5654,-0.6805727887895259,0.05715611440590372,HTRA1,ns
56548,-0.5989035250306483,0.019279140146598966,CHST7,down
5657,-0.002560251413338044,0.996994500624251,PRTN3,ns
566,-0.7048634345452331,0.23635296788055965,AZU1,ns
5660,-0.5997182808839696,0.08212100969756729,PSAP,ns
56605,0.26897272070279854,0.02951396113521228,ERO1B,ns
56606,-0.45690787483706785,0.18205727239909467,SLC2A9,ns
56616,0.3177984023399354,0.0005419482878737322,DIABLO,ns
5662,-0.6228651541078527,0.0011334060466154953,PSD,down
56623,-0.4073352163653645,0.03431286720093138,INPP5E,ns
56624,0.0855657375739165,0.7420027228679515,ASAH2,ns
5663,-0.1083631405066825,0.6686555200183074,PSEN1,ns
5664,0.7598213891610959,0.0008933466858599221,PSEN2,up
56647,0.670083120844458,0.0014547014966029969,BCCIP,up
56648,-0.22120820741939706,0.31523696516622385,EIF5A2,ns
56650,0.8571462835904082,0.0012011422688355193,CLDND1,up
56652,0.4120395171368134,0.06056358705989908,TWNK,ns
56654,-0.032349765131010066,0.9350012339617829,NPDC1,ns
56655,-0.208445398153688,0.1855622708042833,POLE4,ns
56658,-0.21792124388210254,0.15891365056202336,TRIM39,ns
56659,0.5575876702568063,0.024798116156424316,KCNK13,ns
56660,-0.20445502540631377,0.36534725093750575,KCNK12,ns
56666,-1.029693292473592,0.17036557386815115,PANX2,ns
56670,0.8915871450001012,0.022161899852692065,SUCNR1,up
56672,0.49683190098102425,0.0011278315046707942,AKIP1,ns
56674,-0.08596950926873959,0.6283543255134796,TMEM9B,ns
56675,-0.29547688929147053,0.5423442541904457,NRIP3,ns
56681,0.4468190057616255,0.015019723281671329,SAR1A,ns
56683,0.25435824575701815,0.05916055435406257,CFAP298,ns
567,0.008509010161514396,0.9627630749260693,B2M,ns
56729,0.5166567887671132,0.4077520649153994,RETN,ns
56731,-0.8345516862552547,0.002108809165052142,SLC2A4RG,down
5681,-0.07921057866026437,0.5561612704785397,PSKH1,ns
5682,0.5226539220820907,0.004834864949287112,PSMA1,ns
56829,-0.2233832073181805,0.17079337451764898,ZC3HAV1,ns
5683,0.8362700683573845,0.00407314874060607,PSMA2,up
56833,0.21778792885817388,0.5768459512695284,SLAMF8,ns
56834,-0.1927126007164528,0.4736470457223921,GPR137,ns
5684,1.3386462208425822,0.0001661230272676351,PSMA3,up
56848,0.22520865030352866,0.21233236584578816,SPHK2,ns
5685,1.0178127022551973,0.0001412941659938106,PSMA4,up
56850,0.43927335831553194,0.0016398607643941057,GRIPAP1,ns
56851,0.8559654132240944,0.0005415970746745901,EMC7,up
56852,0.07722519780347348,0.7106485607909093,RAD18,ns
5686,1.0205499610370268,0.0007941866320878468,PSMA5,up
5687,0.9552561013271035,7.370617197129326e-05,PSMA6,up
5688,0.4572578031869785,0.0007588339131431096,PSMA7,ns
56882,-0.3930038956360242,0.019545168547399346,CDC42SE1,ns
56886,0.39104408737686036,0.03003154839327364,UGGT1,ns
56888,-0.0531228248699076,0.6513448709756893,KCMF1,ns
56889,0.3779479968588486,0.18276400114427746,TM9SF3,ns
5689,0.5071219017439894,0.013684491730089813,PSMB1,ns
56890,0.0797216841056585,0.5345799690988181,SAXO6,ns
56893,-0.14763204270661845,0.40185867928138774,UBQLN4,ns
56894,0.011020804653336214,0.9606814722894864,AGPAT3,ns
56895,-0.7131042430237837,0.009480307720879488,AGPAT4,down
56897,-0.1640479457716495,0.11430689385429608,WRNIP1,ns
56898,0.2504287636528284,0.18710400547366757,BDH2,ns
56899,0.152968446985299,0.5651257876310546,ANKS1B,ns
5690,0.5015941849352519,0.006589320485448199,PSMB2,ns
56900,-0.3985566777956162,0.05715611440590372,TMEM167B,ns
56901,0.20697707296933032,0.22511532913850554,COXFA4L2,ns
56902,0.6830574542943637,0.001858038261714782,PNO1,up
56904,-0.047370937363814036,0.8621286677734654,SH3GLB2,ns
56905,-0.5967081657389564,0.13605949818333457,PRMT2IP,ns
56907,-0.4458664768517622,0.03731666003726283,SPIRE1,ns
5691,0.628505507337767,0.00509208505413348,PSMB3,up
56910,0.47003258539057846,0.013028978152381918,STARD7,ns
56911,-1.6422521764392926,0.0011987081696013852,MAP3K7CL,down
56912,0.18793228420244645,0.27180642116277676,IFT46,ns
56913,0.4331674290774057,0.021826637696505374,C1GALT1,ns
56915,0.24528117715860542,0.140004012762386,EXOSC5,ns
56916,0.36201524729761836,0.19913241185143646,SMARCAD1,ns
56917,-0.3188306394643954,0.0433219463938017,MEIS3,ns
56919,0.25139533964317806,0.05485449042306507,DHX33,ns
5692,0.2591974492961011,0.11742181899441045,PSMB4,ns
56920,0.3796216814920168,0.01081462876826939,SEMA3G,ns
56922,0.2521119632509077,0.04601288067320212,MCCC1,ns
56925,0.6631639575402026,0.000545517989010967,LXN,up
56926,0.515260808030904,0.020125961072840058,NCLN,ns
56927,-0.2500018481458621,0.18662763822557646,GPR108,ns
56928,-0.385408827694933,0.13707211169824834,SPPL2B,ns
56929,-0.01648844555725404,0.9685204853921231,FEM1C,ns
5693,0.9701407206229522,4.472075233298207e-05,PSMB5,up
56931,0.07522533720320013,0.7161208339359159,DUS3L,ns
56935,0.06240488318009696,0.863188836636177,SMCO4,ns
56937,0.2768681365427126,0.4655902448603696,PMEPA1,ns
56938,1.6176395515161994,1.5502969947240878e-05,BMAL2,up
5694,0.9314179295012366,0.00026740092364993046,PSMB6,up
56940,-0.5092378182541193,0.0009101178270539278,DUSP22,ns
56941,0.4833351984340801,0.07841249231154965,HMCES,ns
56942,0.6703343183396182,0.0010234897844368467,CMC2,up
56943,-0.03902579238681447,0.6931028395831298,ENY2,ns
56944,0.43699411114667974,0.012647646872595276,OLFML3,ns
56945,0.7649317280002332,0.0013677395888254825,MRPS22,up
56946,-0.13528414331772254,0.3498735227134186,EMSY,ns
56947,0.3398643665794534,0.023804716880367702,MFF,ns
56948,0.08861221896613003,0.6086036390231202,SDR39U1,ns
56949,0.4053993767613697,0.0064709755485597605,XAB2,ns
5695,0.42063853224868986,0.010803071782245342,PSMB7,ns
56950,-0.24995284695322084,0.03536445851394393,SMYD2,ns
56951,0.3922899578891368,0.03862301588552915,C5ORF15,ns
56952,-0.11587756669326499,0.5402526175163436,PRTFDC1,ns
56953,-0.9315821951600922,0.061171671330501574,NT5M,ns
56954,0.16213422598357763,0.30526819737839,NIT2,ns
56957,0.3311203682244743,0.17491008378183193,OTUD7B,ns
5696,0.5757250082780061,0.0026447372355330144,PSMB8,ns
56961,0.34016865768989213,0.27285647566349863,SHD,ns
56963,0.1605646811957584,0.49595403332246435,RGMA,ns
56965,-0.34107735779524795,0.0843424124856975,PARP6,ns
56967,-0.6640895652052317,0.02441027174212006,C14ORF132,down
56970,-0.22838835619696773,0.07652662677405386,ATXN7L3,ns
56971,-0.7154412503510015,0.009021488589358927,CEACAM19,down
56975,-0.6219987822419597,0.10370153100600346,FAM20C,ns
56978,-0.6294918885631571,0.022521297256433096,PRDM8,down
5698,0.535086810698246,0.048076258836551256,PSMB9,ns
56980,0.06592166899260121,0.6827143275058736,PRDM10,ns
56981,-1.0560314357137885,3.490240435663177e-05,PRDM11,down
56983,0.3149056430179096,0.09386708662158366,POGLUT1,ns
56984,0.1995565171628364,0.16193938912718145,PSMG2,ns
56985,-0.4600388238542221,0.012218872338878113,ADPRM,ns
56986,0.3646961387164698,0.014671790621008995,DTWD1,ns
56987,-0.2607480607935493,0.20426607312369024,BBX,ns
5699,0.13284625148645013,0.5298383922945766,PSMB10,ns
56990,-0.42026912337542655,0.07520501162264397,CDC42SE2,ns
56992,2.056432968208311,0.0002390353194017862,KIF15,up
56993,0.15343926489420845,0.4183295325655018,TOMM22,ns
56994,-0.20007895008434318,0.4918087518295512,CHPT1,ns
56995,0.08809395671720921,0.5191032915833607,TULP4,ns
56996,-0.6039920229939515,0.07801751196761914,SLC12A9,ns
56997,-0.30834402948208783,0.0259405084844278,COQ8A,ns
56998,-0.704279136209415,0.0009903481522017831,CTNNBIP1,down
5700,0.5666065031588019,0.0008743135858458839,PSMC1,ns
57001,0.1678371399259797,0.39981676323439547,SDHAF3,ns
57002,0.20796035731801332,0.4776124178341645,YAE1,ns
57003,0.9189636224032611,0.00111258087086091,CCDC47,up
57007,-0.3318202332821203,0.21110182871397454,ACKR3,ns
5701,1.1220058853381438,3.435112828484447e-05,PSMC2,up
57010,-0.6140466759529755,0.03117495824516476,CABP4,down
57017,0.37955022766564284,0.0048373119406254165,COQ9,ns
57018,-0.2577810690666098,0.6104750413683183,CCNL1,ns
57019,0.23843432321415925,0.0163874310573922,CIAPIN1,ns
5702,0.7894132009724917,0.00026740092364993046,PSMC3,up
57020,0.11985921616827433,0.4607340503092702,VPS35L,ns
57026,0.378923618765711,0.12851137482910088,PDXP,ns
57035,-0.4543952085003671,0.0870093047823888,RSRP1,ns
57037,0.09779993002215104,0.5843502555220219,ANKMY2,ns
57038,0.3389569592637418,0.026726975979144963,RARS2,ns
5704,0.4683876661376978,0.0010607923948296085,PSMC4,ns
57045,-0.025159349928591368,0.9087632579464476,TWSG1,ns
57047,0.14973880902853676,0.3482859848644657,PLSCR2,ns
57048,-0.36283053805811427,0.10667438478142208,PLSCR3,ns
5705,0.4192463679525069,0.002383976209580205,PSMC5,ns
57050,0.6808792539978263,0.011290221041231088,UTP3,up
57053,0.20082887134183292,0.4134414464487028,CHRNA10,ns
5706,1.0356176006526354,0.0002930029897597349,PSMC6,up
57060,-0.6734910053627656,0.00628646888984424,PCBP4,down
57062,0.48762917012299134,0.042969534688840794,DDX24,ns
5707,0.783283513939697,0.00040298638160773747,PSMD1,up
5708,0.5251382614453206,0.001587469077090103,PSMD2,ns
57082,2.1776349754793847,8.207119300121845e-05,KNL1,up
57085,-0.41528569544687954,0.2601323227436445,AGTRAP,ns
57088,0.4962993016430497,0.025111814788658024,PLSCR4,ns
57089,1.0232479286665548,0.0010000179092165943,ENTPD7,up
5709,0.5936889763092896,0.0008544971184853,PSMD3,up
57091,-1.3643936057801875,0.004678190415036434,CASS4,down
57092,-0.1815135383305364,0.14469832138961725,PCNP,ns
57095,-0.34106972027845117,0.017529036537527784,PITHD1,ns
57096,-0.9005367765673791,0.002826789841308845,RPGRIP1,down
57097,0.513443896512431,0.10012790076139513,PARP11,ns
57099,0.6854124131717638,0.008832005111648876,AVEN,up
571,-0.21277475075936536,0.5822891014822057,BACH1,ns
5710,0.3636908295442538,0.0038544242857687437,PSMD4,ns
57101,-0.006345109079473943,0.9744635987156104,ANO2,ns
57102,0.8705333158337059,0.00021807816682578685,FERRY3,up
57103,0.29716966846409854,0.08295905958217825,TIGAR,ns
57104,-0.5606071073392993,0.10022861740027769,PNPLA2,ns
57105,-1.0528402195484974,0.0007555872624718899,CYSLTR2,down
57106,0.3606875168571291,0.024863132064257623,NAT14,ns
57107,0.2615510389682765,0.04161399247517182,PDSS2,ns
57109,0.13943529921914433,0.20309794578322257,REXO4,ns
5711,0.8527447347351345,0.0025261415831973116,PSMD5,up
57110,-0.8148968871585138,0.0029606747427319423,PLAAT1,down
57116,0.06499985762113614,0.7865550594032837,ZNF695,ns
57117,0.40489187064432386,0.004580149751786546,INTS12,ns
57118,-1.5207150102820481,1.4916050325969114e-05,CAMK1D,down
57120,0.216742805069277,0.27255007055124725,GOPC,ns
57121,-0.2562735025317284,0.36757523999721825,LPAR5,ns
57122,0.8007816793623395,0.005822240942456814,NUP107,up
57124,-0.6772390871954226,0.07992092238962238,CD248,ns
57125,-1.569596072963277,9.582067695859954e-05,PLXDC1,down
57126,0.7595702784041247,0.4435185501423621,CD177,ns
57128,-0.2361624730498697,0.2657125060119268,LYRM4,ns
57129,0.7676657227937698,0.000562479745616192,MRPL47,up
5713,0.5095124839888676,0.0005419482878737322,PSMD7,ns
57130,1.02971233745318,0.0003286729468133073,ATP13A1,up
57132,-0.6044830128733185,0.018215646251697772,CHMP1B,down
57134,-0.8757507373130675,0.0005258092695412571,MAN1C1,down
57136,-0.5353949795481174,0.02198008069952867,APMAP,ns
57139,-0.26390142197717825,0.3509420455600075,RGL3,ns
5714,0.5627821391995056,0.006531796778819631,PSMD8,ns
57140,-0.4392765426447802,0.08387028469724768,RNPEPL1,ns
57142,-0.15536687931202664,0.531700580022851,RTN4,ns
57143,0.081928426068548,0.683543498168499,ADCK1,ns
57146,-0.5087368114475854,0.006663941636902146,LDAF1,ns
57147,0.219946111484008,0.067854176852209,SCYL3,ns
57148,-0.0022956227623165404,0.990047738133047,RALGAPB,ns
57149,0.10840416906686379,0.5392510934206484,LYRM1,ns
5715,0.2793804557225794,0.05061957476239471,PSMD9,ns
57150,-0.06779063268810237,0.6124218657748756,SMIM8,ns
57153,-0.9007271536298056,0.0025278306189396227,SLC44A2,down
57154,-0.014024046239109467,0.9391849283761041,SMURF1,ns
57156,-0.5635135184850943,0.1115342908793197,TMEM63C,ns
57157,0.18299766666960338,0.2692116972222472,PHTF2,ns
5716,0.5208916058653621,0.012119027028395932,PSMD10,ns
57161,-0.8264155566286444,0.021644997440157323,PELI2,down
57162,-0.03778530676383518,0.955020381268647,PELI1,ns
57165,-0.014152847486366582,0.9350067449485092,GJC2,ns
57168,0.7649403317317276,0.0009458646762456709,ASPHD2,up
57169,0.25516175384464823,0.44460525647889887,ZNFX1,ns
5717,0.9178999982170684,9.245185784248535e-05,PSMD11,up
57171,0.42588036276134034,0.030791295561747454,DOLPP1,ns
57175,-0.14767984428871017,0.6558906828879749,CORO1B,ns
57176,0.5659926383132898,0.012476756563028739,VARS2,ns
57178,-0.5862544107938135,0.059262365856234234,ZMIZ1,ns
57179,-0.3591418972305078,0.0002230141669370006,KIAA1191,ns
5718,0.9899839555913488,0.0002798813960165345,PSMD12,up
57180,-0.5485403036328247,0.0020000763343095114,ACTR3B,ns
57181,-0.48587854212556003,0.009615040242470639,SLC39A10,ns
57182,-0.6633780807928522,0.07500685483098503,ANKRD50,ns
57184,-0.46510350074685647,0.00033240104952338747,FAM219B,ns
57185,-0.08338144512145362,0.7046205591130746,NIPAL3,ns
57186,-0.2349848549379452,0.43463979630954896,RALGAPA2,ns
57187,0.209406199992328,0.18504518769678036,THOC2,ns
57189,-1.0394353885904515,4.9449629473067414e-05,DENND11,down
5719,0.4250006985199857,0.0026168785195867677,PSMD13,ns
57190,-0.8188345716566019,0.015154879280552138,SELENON,down
57192,0.00593496001787841,0.985111166650011,MCOLN1,ns
57194,-0.05981243927710267,0.8609899591487157,ATP10A,ns
57198,0.4136508397465981,0.19136326198124642,ATP8B2,ns
572,-0.31103709264280877,0.11488822077968774,BAD,ns
5720,0.2352966039681963,0.2377139624909477,PSME1,ns
57205,0.1872936066913553,0.36588593880224235,ATP10D,ns
57209,-0.28247051910501053,0.1905297276334113,ZNF248,ns
5721,1.0144271940951146,0.003114209238356751,PSME2,up
57210,-0.6219302914981313,0.25372583387363196,SLC45A4,ns
57211,-0.5061573125470522,0.0028627248203471145,ADGRG6,ns
57213,0.02602952022004068,0.8654227352170707,SPRYD7,ns
57214,-0.4887982399429589,0.01627092775244754,CEMIP,ns
57215,-0.42209142801107724,0.0002410889839162924,THAP11,ns
57217,-0.1161438392020866,0.5274609481241052,TTC7A,ns
57221,0.40435633355736567,0.06716956857048369,ARFGEF3,ns
57222,-0.10671161781512595,0.741005757482746,ERGIC1,ns
57223,0.2716714825670472,0.1877777032313777,PPP4R3B,ns
57224,-0.23820093695999311,0.33830821432336416,NHSL1,ns
57226,0.1680818606757981,0.2793918778066964,LYRM2,ns
57228,-0.5724124076912513,0.0073885285940298055,SMAGP,ns
5723,0.7906642008945166,0.0007846741051056245,PSPH,up
57231,0.05506985639097195,0.7781462599110148,SNX14,ns
57232,-0.3202198302479262,0.10753468414071793,ZNF630,ns
5724,-0.7415974029426771,0.1469278169586796,PTAFR,ns
5725,0.16591825799058846,0.28568711314893513,PTBP1,ns
5727,-0.9621880063794919,0.004977365080043095,PTCH1,down
5728,-0.15657455764817563,0.5442752003468883,PTEN,ns
57282,-0.01397691111307342,0.983481104492729,SLC4A10,ns
5729,-1.7489731194620193,1.4916050325969114e-05,PTGDR,down
573,0.20047311835917903,0.16442777554907315,BAG1,ns
5730,-0.6856221572136008,0.23697298595702798,PTGDS,ns
5732,-0.5069304890139978,0.07101793831598768,PTGER2,ns
57325,-0.21920728697655711,0.19436487126073335,KAT14,ns
57326,-0.5525637177365379,0.004011208706045208,PBXIP1,ns
5733,-0.37704718302452633,0.12321911481608114,PTGER3,ns
57332,-0.0624816581900971,0.7105706799123755,CBX8,ns
57333,-0.7319192735693125,0.2529972483298483,RCN3,ns
57335,-0.12889195500116113,0.40065893496283933,ZNF286A,ns
57336,-0.4306986655271654,0.074774289958226,ZNF287,ns
57337,-0.2689368880124281,0.12180288878708842,SENP7,ns
5734,-0.840036173250251,0.011104687297010515,PTGER4,down
57343,-0.18326204516564282,0.5149390485181199,ZNF304,ns
5738,0.2118145534293321,0.4746486464793786,PTGFRN,ns
57380,0.21497476500587887,0.2034489486252546,MRS2,ns
5739,-0.6062907842895111,0.13190272266662265,PTGIR,ns
57393,-0.09455263982344331,0.6533592405043646,CLTRN,ns
57396,-0.14079518063655172,0.5107372918843189,CLK4,ns
57403,-0.02250870227961599,0.9061914983782134,RAB22A,ns
57404,-0.12260289705860394,0.3272625830095308,CYP20A1,ns
57405,1.7226355393563386,0.00025811561140040215,SPC25,up
57406,-0.03521182486522978,0.880047546496369,ABHD6,ns
57407,0.18011756064135298,0.1488719114997837,NMRAL1,ns
57409,-0.3342919411404015,0.15757621024143514,MIF4GD,ns
57410,0.3087627531076116,0.17639101199759502,SCYL1,ns
57412,-0.03249428437862356,0.9077975827379094,AS3MT,ns
57413,0.5560708004077641,0.1731449012851274,TMIGD3,ns
57414,-0.35933655674170417,0.16315947966704814,RHBDD2,ns
57415,0.37997096957026866,0.014992768465209767,CEP15,ns
57418,0.6708313611624739,0.01444505840715965,WDR18,up
57419,-0.9372642617917171,0.0220926931585425,SLC24A3,down
5742,-1.4708019712642173,0.0190274583658675,PTGS1,down
5743,-1.5767391512591544,0.0973751463940572,PTGS2,ns
57446,-0.2761039754224228,0.013475178915793069,NDRG3,ns
57447,-0.8630002753623716,0.00022427590184305536,NDRG2,down
57448,-0.12857768437818073,0.5591850582749359,BIRC6,ns
57449,-0.2334325868593341,0.43140512238786555,PLEKHG5,ns
57453,-0.424405405704241,0.037934956423623906,DSCAML1,ns
57455,-0.15004144610421477,0.5226787269230612,REXO1,ns
57456,-0.2822996911934048,0.12809316598100398,KIAA1143,ns
57458,-0.7190424023833195,0.04138121599057832,TMCC3,down
57459,-0.2967325359929074,0.05244180501325327,GATAD2B,ns
5746,-0.25411933501314543,0.206051593096855,PTH2R,ns
57460,-0.8934288682527987,0.00020740112994573054,PPM1H,down
57461,0.10481511312345226,0.3186144347653921,ISY1,ns
57462,0.031028100156466287,0.8659555369562624,MYORG,ns
57463,-0.8993108395476153,0.0011897519477994478,AMIGO1,down
57464,0.49794894459784445,0.014890050527450878,STRIP2,ns
57465,0.19695590200326052,0.16442088240640068,TBC1D24,ns
57466,-0.18470054785812806,0.2323627362252874,SCAF4,ns
57469,0.0023919901580526925,0.9930583524565355,PNMA8B,ns
5747,-0.3674449614401363,0.16108141041851465,PTK2,ns
57470,0.21915546832766175,0.02997219904637507,LRRC47,ns
57471,0.21365704090702398,0.3588037320659336,ERMN,ns
57472,0.17448798831957468,0.4105817606011815,CNOT6,ns
57473,-0.24213745154771793,0.18247659123896443,ZNF512B,ns
57474,0.12132444209282589,0.3904833517353168,ZNF490,ns
57475,0.4412898009906394,0.07755382461227292,PLEKHH1,ns
57476,0.3767930219489095,0.2537547047067397,GRAMD1B,ns
57477,-0.07907204654540134,0.7758518991229988,SHROOM4,ns
57478,-0.2462048819221483,0.09701891858013675,USP31,ns
57479,-0.7873580588888274,0.0022674845708823346,PRR12,down
57480,-1.1065183508350405,0.0025549143451751685,PLEKHG1,down
57482,-0.08184362571779413,0.7986301909786894,CRACD,ns
57486,0.2997645500675432,0.2768940802385882,NLN,ns
57488,-0.6137570253147491,0.0009246869601108931,ESYT2,down
57489,0.18358584316266047,0.536273232763949,ODF2L,ns
57491,-0.11421296318407137,0.43773071727949525,AHRR,ns
57492,-0.4849121377464787,0.00023591814762871478,ARID1B,ns
57493,-0.37296425862369986,0.237996961941485,HEG1,ns
57494,-0.42630304814824793,0.13094928233759479,RIMKLB,ns
57496,-0.24546355646160745,0.22824767685815242,MRTFB,ns
57497,-0.5760763250576542,0.06803505785301353,LRFN2,ns
57498,-0.18859504062608679,0.35386190946283796,KIDINS220,ns
575,-0.27646163860772166,0.23618708632134572,ADGRB1,ns
57501,-0.4593706699752653,0.24782428957330863,CFAP92,ns
57504,0.06599470694878296,0.7778300885842397,MTA3,ns
57505,0.429141969888839,0.01132654809354215,AARS2,ns
57506,-0.10215734837633761,0.3682838129189554,MAVS,ns
57507,-0.2775817705538186,0.5686302291575329,ZNF608,ns
57508,0.3733830242703515,0.14349003846681982,INTS2,ns
57509,-0.021617108034119425,0.95863564456669,MTUS1,ns
57510,0.731031393240551,0.0009834714173529958,XPO5,up
57511,0.5848711281801613,0.02237082216024011,COG6,up
57513,0.18006250733919238,0.1776703748646955,CASKIN2,ns
57514,-0.047724199204649764,0.8453565142670534,ARHGAP31,ns
57515,-0.0620311245530516,0.836894442392502,SERINC1,ns
57519,-1.0284210239147793,2.5219669390480376e-05,STARD9,down
57520,0.04347437017764655,0.9179969935947268,HECW2,ns
57521,-0.0625642470299752,0.7424188176168578,RPTOR,ns
57522,0.21697632186179217,0.3438648588651164,SRGAP1,ns
57523,-0.10848276256495204,0.5788395284376395,NYNRIN,ns
5753,0.19828654023093772,0.40704319089887075,PTK6,ns
57530,1.09021220857686,0.00233889315836259,CGN,up
57531,-0.35261929090261024,0.028491907009559062,HACE1,ns
57532,-0.35394156222326245,0.05210858956459447,NUFIP2,ns
57533,-0.4498968039867979,0.04665685780861004,TBC1D14,ns
57534,-0.5532783681927924,0.0190274583658675,MIB1,ns
57535,-1.309295741065843,0.00867362549007717,ELAPOR1,down
57536,-0.4622809889470654,0.0028769903527758062,KIAA1328,ns
57537,-0.09067964539968454,0.7717418608214768,SORCS2,ns
57538,0.11409419291044909,0.6532511097225442,ALPK3,ns
57539,-0.199004048144511,0.4323495627869449,WDR35,ns
5754,-0.39163019648314723,0.03782157655120413,PTK7,ns
57541,-0.2424772121823633,0.007398132967718536,ZNF398,ns
57542,-0.34151527571378537,0.017531577689477787,KLHL42,ns
57544,-0.13635901280753515,0.34933804392977486,TXNDC16,ns
57545,-0.5350573551276749,0.0058110117254561635,CC2D2A,ns
57546,0.30744496531974885,0.10959600524527652,PDP2,ns
57547,-0.15584251401428073,0.49190931373944186,ZNF624,ns
57549,0.3539628024638626,0.05760748899682019,IGSF9,ns
57551,-0.5198906865693012,0.010342289544156117,TAOK1,ns
57552,-0.0668608989913615,0.7850137528456567,NCEH1,ns
57553,-0.5964894917816057,0.010411831449684524,MICAL3,down
57554,-0.16038357730319408,0.5186572228625861,LRRC7,ns
57555,-0.7424651921457954,0.009957258795952332,NLGN2,down
57556,-0.022074271634653364,0.9111681673454561,SEMA6A,ns
57558,-0.09440914730282923,0.6451380327418005,USP35,ns
57559,0.2737341173805925,0.18337383129723495,STAMBPL1,ns
5756,0.22399749005632508,0.4206205763519689,TWF1,ns
57560,0.0335353960192295,0.8704335989419816,IFT80,ns
57561,-0.3935349603018956,0.16903940796560205,ARRDC3,ns
57562,-0.9484713924001147,0.0001075258269858596,CEP126,down
57563,-0.04229980643347453,0.8817722319698909,KLHL8,ns
57565,2.382463640273042,0.005173437427666716,KLHL14,up
57567,-0.537838398661167,0.042816021379580356,ZNF319,ns
57568,0.005080518848870064,0.99216134944504,SIPA1L2,ns
5757,0.12531433530539715,0.4414993102791361,PTMA,ns
57570,0.5737790543824728,0.03874410044463463,TRMT5,ns
57571,-1.0746470090751874,0.0007625177596503183,CARNS1,down
57572,-0.05743545854757226,0.8434732624103733,DOCK6,ns
57573,0.03358337353502261,0.9250715291244465,ZNF471,ns
57576,0.015374394748823406,0.9337284156794363,KIF17,ns
57577,-0.7013775244270875,0.0021772325626680396,CCDC191,down
57579,-0.28385630025592423,0.17435301560428712,FAM135A,ns
57580,-0.5223019727971892,0.08387363628797512,PREX1,ns
57583,-0.48699571866324476,0.027886019755654426,TMEM181,ns
57584,-0.37746299559855956,0.07647651524038099,ARHGAP21,ns
57585,-0.4964381875613739,0.002441533551198135,CRAMP1,ns
57587,-0.1419489240528815,0.5333198610736869,CFAP97,ns
57589,0.3444731858100809,0.033521542025077046,RIC1,ns
57590,0.5315961519045533,0.06654809755726465,WDFY1,ns
57591,-0.5264042193507965,0.035174325672420466,MRTFA,ns
57592,-0.20782905863456413,0.36650124531953837,ZNF687,ns
57593,-1.3239537813533273,4.7125314128797945e-05,EBF4,down
57594,0.48911847320798696,0.08386708448207682,HOMEZ,ns
57595,-1.8196730281501559,3.8685802977745466e-05,PDZD4,down
57596,-0.23334943923159646,0.5882577728161288,BEGAIN,ns
57597,-0.3782892370524724,0.3045632545276937,BAHCC1,ns
57599,0.08080384024970932,0.6381945747911391,WDR48,ns
576,-1.1324125737504867,0.00017879934421946458,ADGRB2,down
57600,0.17777488306625777,0.457889933843703,FNIP2,ns
57602,-0.13743177061837564,0.43632163617736014,USP36,ns
57604,0.23502511978818763,0.2942243470765074,TRMT9B,ns
57605,-0.9665088558094972,0.0030964413349868786,PITPNM2,down
57606,-0.16637377787137808,0.12693541623449758,SLAIN2,ns
57609,0.03816428953819617,0.8703798199134483,DIP2B,ns
57610,-0.06313931524824135,0.6401281466393067,RANBP10,ns
57613,0.11263575368390999,0.5055113802833918,FAM234B,ns
57614,-0.1846558406368608,0.2978223903937245,RELCH,ns
57615,-0.1196053301943083,0.6460338843133975,ZNF492,ns
57616,-0.8172316364281915,0.028564572215083576,TSHZ3,down
57617,0.03660883058696918,0.8491168994462236,VPS18,ns
57620,-0.31104956335476075,0.021675362201377706,STIM2,ns
57621,-0.2387799715941572,0.203463015415931,ZBTB2,ns
57622,-0.5369323345964236,0.1690590982620286,LRFN1,ns
57623,0.4877484551076865,0.008409215654002539,ZFAT,ns
57624,0.13454265006986255,0.6523945013717901,NYAP2,ns
5763,0.11827186857614969,0.8048800245189536,PTMS,ns
57630,-0.06612266811641287,0.7452031883543327,SH3RF1,ns
57633,0.3188997790768964,0.34468903596680295,LRRN1,ns
57634,-0.3908286288655649,0.007764302078037995,EP400,ns
57636,1.5511376663362446,3.585648996713135e-05,ARHGAP23,up
57639,0.22192207187172475,0.47527941031260074,CCDC146,ns
57643,-0.49336804919160393,0.004780891152298019,ZSWIM5,ns
57644,0.023557782558463636,0.9244833898849361,MYH7B,ns
57645,-0.14148646726459724,0.26728648474476846,POGK,ns
57646,0.14863365706884757,0.5623736776168754,USP28,ns
57647,0.4225629921264513,0.0006537120375095382,DHX37,ns
57648,-0.05347853854778872,0.9062688452308401,NHSL3,ns
57649,-0.5729186074255761,0.026580824746539795,PHF12,ns
57650,1.760361121874463,0.00020231314942490444,CIP2A,up
57654,-0.43147857025117364,0.027933805369923667,UVSSA,ns
57655,-0.5809803653028638,0.09667924974627597,GRAMD1A,ns
57657,-0.4048532420929032,0.02772101174824392,HCN3,ns
57658,-0.40665359410893487,0.019341945766424246,CALCOCO1,ns
57659,-0.9935833312750422,8.066602341965942e-05,ZBTB4,down
57661,0.10826576187671755,0.47791623156145707,PHRF1,ns
57662,0.1510547993971274,0.5020132024071805,CAMSAP3,ns
57664,0.09413741028730982,0.6866059249011586,PLEKHA4,ns
57665,0.23205491366683262,0.1650783325787028,RDH14,ns
57666,-0.6709410570729375,0.013302353120027557,FBRSL1,down
57669,-0.18805431697275843,0.20476633882322975,EPB41L5,ns
57673,0.3785182334457673,0.04391335093250782,BEND3,ns
57674,0.36365501376641873,0.18877333238069255,RNF213,ns
57677,-0.1227502905698925,0.6786259423572732,ZFP14,ns
57678,0.22430543866913322,0.33300018966981837,GPAM,ns
57679,0.12743942831154165,0.3921450325071517,ALS2,ns
5768,-0.20702636653241768,0.47655314038747953,QSOX1,ns
57680,0.17017452020441048,0.25542901399257734,CHD8,ns
57683,0.10367435514504564,0.7775538146009238,ZDBF2,ns
57684,0.028747075476328376,0.8282237044502885,ZBTB26,ns
57685,-0.2591741816452391,0.32954304391521955,CACHD1,ns
57688,-0.10263938689304553,0.7346666633041757,ZSWIM6,ns
57690,-0.9101706654075006,0.0006824415825644012,TNRC6C,down
57691,0.5036208634616797,0.043083473814806435,KIAA1586,ns
57692,-1.072331592706563,1.4916050325969114e-05,MAGEE1,down
57693,-0.4115812178965026,0.00784149581156549,ZNF317,ns
57695,0.13255845646707165,0.36793174715146193,USP37,ns
57696,0.3403124091414327,0.03609409612549762,DDX55,ns
57697,0.4486547850282001,0.03919206336794775,FANCM,ns
57698,-0.6123010683126271,0.16868131456634733,SHTN1,ns
57699,1.0294844420621825,0.053732195400462396,CPNE5,ns
577,0.08515153630107886,0.7913731875186031,ADGRB3,ns
5770,0.3361235696348732,0.005685296052018371,PTPN1,ns
57700,0.2778773306792779,0.17817807943738107,FHIP2A,ns
57701,-0.5573356701709162,0.14990854939694567,NCKAP5L,ns
57703,0.23778173470187092,0.19273541237438355,CWC22,ns
57704,0.17255251439913621,0.2529972483298483,GBA2,ns
57705,-0.8906811780233621,0.001047352278965205,WDFY4,down
57706,-0.4170738580432811,0.10481896281598845,DENND1A,ns
57707,0.3028642686840497,0.08820588180655045,MEAK7,ns
57708,-0.006167161627617546,0.9830455683222302,MIER1,ns
5771,0.10007529097442891,0.35689753461473606,PTPN2,ns
57710,0.21178532027041275,0.3090546993543092,KIAA1614,ns
57711,-0.2949566422564871,0.28461177034797597,ZNF529,ns
57713,0.16839746371541509,0.4358361008307284,SFMBT2,ns
57715,-0.3353878927453504,0.049702931147546495,SEMA4G,ns
57716,-0.532518341809503,0.002041158341633237,PRX,ns
57719,-0.42406142715280915,0.0889441913056505,ANO8,ns
57720,0.029031164920438002,0.845948484516077,GPR107,ns
57721,0.40056612669258485,0.1255579517295086,METTL14,ns
57724,-0.2274319339887061,0.18645948611736288,EPG5,ns
57727,0.3549837185024032,0.09948235351682745,NCOA5,ns
57728,-0.14575136302289415,0.39271570231486685,WDR19,ns
57730,0.00622203749589012,0.9873199252977007,ANKRD36B,ns
57732,-1.1717001059065382,0.00014377771754121236,ZFYVE28,down
5775,-0.4255278885918745,0.2367716796453181,PTPN4,ns
57758,-0.07823645538995283,0.7233033620433384,SCUBE2,ns
57761,-0.03984400256785392,0.8562497421019611,TRIB3,ns
57763,-0.3601905937981833,0.0005767618183478364,ANKRA2,ns
5777,-0.16671615457241096,0.4191067297755968,PTPN6,ns
5778,0.40161841416163924,0.033624820540733194,PTPN7,ns
57786,-0.06197358333959002,0.692070611020571,RBAK,ns
57787,-0.4232203678465698,0.10421721353300469,MARK4,ns
57794,0.19513012756888415,0.18401943134226756,SUGP1,ns
57798,-0.4175625275383261,0.000960159166638227,GATAD1,ns
57799,-0.4075323014817247,0.05366482200039446,RAB40C,ns
578,1.4249421614795512,1.6322850457986353e-05,BAK1,up
5780,-0.3885602080981432,0.01377583470513555,PTPN9,ns
57801,0.3806674468165303,0.37159540931403323,HES4,ns
57804,-0.47446947643826753,0.006408298139901825,POLD4,ns
57805,0.18075325772513828,0.1935786983744173,CCAR2,ns
5781,0.17291490123546183,0.41102978040783034,PTPN11,ns
57819,0.3116911339743069,0.16242828894477157,LSM2,ns
5782,-0.432924480794874,0.17780584794399892,PTPN12,ns
57820,-0.3748790581585455,0.02235029906294973,CCNB1IP1,ns
57823,1.4661096050613835,0.0011222670234964853,SLAMF7,up
57826,0.07625225258266966,0.7236258394674,RAP2C,ns
57827,0.011912170487585527,0.9448957788600547,C6ORF47,ns
57828,0.035400874539585736,0.8368778108356317,CATSPERG,ns
5783,-0.31438149706879237,0.3238087827356629,PTPN13,ns
57835,0.24096439125794067,0.09386708662158366,SLC4A5,ns
5784,0.141954451770828,0.5187076114864766,PTPN14,ns
5786,-0.2942040923669591,0.009054689237629615,PTPRA,ns
57862,0.3253710059463142,0.008336925047256215,ZNF410,ns
57864,-1.307439268835859,0.012131570065150657,SLC46A2,down
5787,-0.1416769984422288,0.5730779202647309,PTPRB,ns
5788,-0.47371501574835406,0.05446326244655962,PTPRC,ns
5790,-0.2811988183431122,0.22652875762655705,PTPRCAP,ns
5791,-0.37824986892553447,0.3165343899014465,PTPRE,ns
5792,0.5816423663227503,0.17860226994954106,PTPRF,ns
5793,-0.13435323107533037,0.5828436129626408,PTPRG,ns
5794,-0.03157410372514491,0.8837455384776267,PTPRH,ns
5795,-0.31011555988228245,0.18488404348344267,PTPRJ,ns
5796,-1.1082124377257374,0.0008785321494415703,PTPRK,down
5797,-0.8794060368136893,0.017314059430276474,PTPRM,down
5798,-0.34260119581295,0.2983138116138384,PTPRN,ns
5799,-0.3147077667190059,0.45326596060911645,PTPRN2,ns
580,0.8734456806024111,0.0006845253314922724,BARD1,up
5800,0.6655967755016396,0.03536445851394393,PTPRO,up
5802,-0.38450098995331494,0.2416199416029955,PTPRS,ns
5805,0.4067074025266022,0.17069081285772747,PTS,ns
5806,0.39033888675304684,0.5032811230149687,PTX3,ns
581,0.2736089687188201,0.0681661819668858,BAX,ns
5810,0.20940575426803054,0.21669989984864985,RAD1,ns
5813,0.18954361470935055,0.3768867801473545,PURA,ns
5814,-0.1602803633806129,0.42742310217814433,PURB,ns
58155,0.11414891308431141,0.46784679598686113,PTBP2,ns
5816,-1.144856349131091,0.0005407728864990713,PVALB,down
58160,-0.4739538641101815,0.3437853486977501,NFE4,ns
5817,-0.7802584997404827,0.018034097123842813,PVR,down
5818,-0.9140938090502075,0.0022783458653662146,NECTIN1,down
5819,0.9079136562668548,0.05200828842053777,NECTIN2,ns
58190,-0.7669941938876992,0.00173460755708484,CTDSP1,down
58191,-1.5820919766938122,0.003065126425088081,CXCL16,down
582,-0.5952896082751646,0.0008539374904492245,BBS1,down
5822,0.2111901008868804,0.7965423092591128,PWP2,ns
5824,-0.08739142313293691,0.194500193377437,PEX19,ns
5825,0.5570601397636334,0.08651681027171727,ABCD3,ns
5826,-0.034001863172363755,0.754865207728136,ABCD4,ns
5827,0.7528877099637548,0.0016693294299762376,PXMP2,up
5828,0.5038760836813854,0.004722345559977116,PEX2,ns
5829,-0.6779998299207275,0.026580824746539795,PXN,down
583,-0.426722464804552,0.04098477107264349,BBS2,ns
5830,-0.2634740240250295,0.009364643540855715,PEX5,ns
5831,2.2852436349127254,0.0002422562514611605,PYCR1,up
5832,0.9259291838543877,0.011031753523434749,ALDH18A1,up
5833,-0.06448520146444103,0.659404710178352,PCYT2,ns
5834,0.1696705405629224,0.14331476562759216,PYGB,ns
5836,-0.745901169034223,0.16181735568771521,PYGL,ns
5837,-0.3524402909720328,0.48349708467310826,PYGM,ns
58472,0.53124048422732,0.048713605813547466,SQOR,ns
58473,-1.038562670594711,0.0001633398341902242,PLEKHB1,down
58475,-1.0268118466696272,0.0615335778768121,MS4A7,ns
58476,-0.3016687981047461,0.7050592663161858,TP53INP2,ns
58477,1.453924553108683,0.0011174264784101706,SRPRB,up
58478,0.2837309337351357,0.05331804387227033,ENOPH1,ns
58480,0.027415303098356603,0.9423093671496526,RHOU,ns
58484,0.30835349908712395,0.5848129841170335,NLRC4,ns
58485,-0.0871539675888311,0.727932638201327,TRAPPC1,ns
58486,-0.13957749207836478,0.31414690407337553,ZBED5,ns
58487,-0.08458697429794704,0.6613976694815158,CREBZF,ns
58488,-0.24937729946908327,0.2400115437626483,PCTP,ns
58489,0.026936601571043717,0.8600094143358511,ABHD17C,ns
58490,0.5299644593544022,0.03688339366087478,RPRD1B,ns
58491,-0.5861960980765684,0.0015471113688906729,ZNF71,down
58492,-0.4238892532971814,0.00367031361211654,ZNF77,ns
58493,0.2150309497379439,0.4120381494288467,INIP,ns
58494,-0.22829011188972448,0.30940491323563757,JAM2,ns
58496,-0.553055422573709,0.22446872225555672,LY6G5B,ns
58497,-0.3317298738056653,0.045750003574367225,PRUNE1,ns
58499,-0.08150821865710434,0.712410355085735,ZNF462,ns
585,-0.15006288500410747,0.27612972618297793,BBS4,ns
58500,-0.3777208205251501,0.005016206923810982,ZNF250,ns
58504,-0.42268397649977096,0.08454726320286653,ARHGAP22,ns
58505,0.8669537769411377,0.02677420465137484,OSTC,up
58506,0.23091307614606293,0.2638453427962112,SCAF1,ns
58508,-0.4202783600436746,0.03197630954452716,KMT2C,ns
58509,0.03306045796464474,0.7996261539060796,CACTIN,ns
58512,-0.6749793319363739,0.010600487631698473,DLGAP3,down
58513,-0.41187032982063165,0.06172277631203027,EPS15L1,ns
58515,0.49103950347376824,0.17725009784640094,SELENOK,ns
58516,-0.2953724755388958,0.16090905647014586,SINHCAF,ns
58517,0.4362871215673465,0.0016500366755203678,RBM25,ns
58525,-0.01471200770309622,0.946312923423843,WIZ,ns
58526,-0.6756539708136895,0.047762339418574454,MID1IP1,down
58527,0.4752354248270514,0.018034860024503097,ABRACL,ns
58528,0.31769088283304114,0.22622173206935234,RRAGD,ns
58533,0.09878382994314094,0.5651230767236427,SNX6,ns
5859,-0.28130310040331175,0.14681424875631963,QARS1,ns
586,0.5661334769488482,0.12809316598100398,BCAT1,ns
5860,0.4022057894060005,0.0085185055663317,QDPR,ns
5861,0.5614683212618026,0.026755836317168886,RAB1A,ns
5862,0.0828972383252502,0.5421739068688904,RAB2A,ns
5863,-0.6991943018449245,0.08011644711804294,RGL2,ns
5864,-0.8731937918209498,0.001178225922894264,RAB3A,down
5865,0.5240864188075776,0.2908305074830761,RAB3B,ns
5866,0.9121332899494643,0.0036331152277731676,RAB3IL1,up
5867,-0.33687309062048953,0.001047352278965205,RAB4A,ns
5868,0.20740590606106935,0.2424806891777598,RAB5A,ns
5869,-0.5050367820954591,0.00307549927993555,RAB5B,ns
587,0.3762872630679732,0.03758266395927433,BCAT2,ns
5870,-0.016095759352419137,0.8880564072282149,RAB6A,ns
5871,-0.2618220744372639,0.2375978064724837,MAP4K2,ns
5872,0.3926143852348041,0.1356903846880086,RAB13,ns
5873,-0.26878628364764623,0.14367651696259068,RAB27A,ns
5874,-0.40873953077875225,0.17618821454560943,RAB27B,ns
5875,0.4951039999000155,0.01060755482567054,RABGGTA,ns
5876,0.22022909750570374,0.23740334758692766,RABGGTB,ns
5877,-0.05689493616743846,0.6387364891661796,RABIF,ns
5878,-0.3607309514935242,0.16478884786553924,RAB5C,ns
5879,-0.13332471833892434,0.5049895282066701,RAC1,ns
5880,-0.13561150084026963,0.5764680424293589,RAC2,ns
5881,0.08237315228227082,0.6773229421655288,RAC3,ns
5883,0.32865952276776156,0.17831959521216606,RAD9A,ns
5884,0.4418543255569496,0.035900860594182196,RAD17,ns
5885,0.20262048944639943,0.226933836026458,RAD21,ns
5886,0.246288171817179,0.27604815358399365,RAD23A,ns
5887,0.3484062028245578,0.009886289392040308,RAD23B,ns
5888,1.9556060597148592,0.00010829376982354019,RAD51,up
5889,0.8333102865438793,0.004757599806785824,RAD51C,up
5890,0.21901516467367266,0.06861614498554529,RAD51B,ns
5891,-0.09225945676267511,0.5853650853537399,MOK,ns
5892,0.3684044836366107,0.011135162547185863,RAD51D,ns
5893,-0.028481747920530154,0.9044643764153242,RAD52,ns
5894,0.0801664674733562,0.7544925390761595,RAF1,ns
5896,-0.12109607963729108,0.43845926425909076,RAG1,ns
5898,0.26371438061120855,0.16871637518294214,RALA,ns
58986,-0.3636900360573829,0.14695598286712314,PGAP6,ns
5899,-0.48728157413504825,0.2266071630928628,RALB,ns
59,0.27575618384921174,0.4621178742744687,ACTA2,ns
5900,-0.7190203662104153,0.003262805115712187,RALGDS,down
5901,0.94025993229039,0.0007688296300900627,RAN,up
5902,0.9281499089906102,0.0010017999799934723,RANBP1,up
5903,0.44455277266932747,0.1614546806863816,RANBP2,ns
5905,0.5623008959985452,0.0002302581632700578,RANGAP1,ns
5906,-0.09228269260213473,0.6024700963676446,RAP1A,ns
5908,-0.04500504898001623,0.7924807464513305,RAP1B,ns
59084,-0.527121179606449,0.13742210440308336,ENPP5,ns
5909,-0.234945143367435,0.3683895178410993,RAP1GAP,ns
5910,0.3701581791584161,0.03223443287929426,RAP1GDS1,ns
5911,-0.19731845005130744,0.48843674686952704,RAP2A,ns
5912,-0.596564059337565,0.005615363067223907,RAP2B,down
5914,-0.7227431630571299,0.09670682886855443,RARA,ns
5916,-0.3149028893040313,0.17523126891923246,RARG,ns
5917,1.3783385127773098,0.0003197111390653189,RARS1,up
5920,-0.025626610444593467,0.9367858800187453,PLAAT4,ns
5921,-0.12948889363184612,0.30091457193747695,RASA1,ns
5922,0.023953778694306038,0.9044643764153242,RASA2,ns
5923,-0.08874478579495104,0.5691585341128056,RASGRF1,ns
5924,-0.6741992361991036,0.048269409518907354,RASGRF2,down
5925,0.5957353513342483,0.0008236886088420616,RB1,up
5926,-0.19191002367312215,0.2804550078352527,ARID4A,ns
59269,-0.7798539789315093,0.03503117099076059,HIVEP3,down
5927,0.016464935336282238,0.9199913459920923,KDM5A,ns
59271,-0.5976049831498331,0.011290221041231088,EVA1C,down
59274,0.02463613842347634,0.9145422088124967,TLNRD1,ns
59277,-0.4022557730875498,0.137697775454649,NTN4,ns
5928,0.3592214637894582,0.1342749317471253,RBBP4,ns
59285,-1.4272152599424954,0.0027373624746572347,CACNG6,down
59286,0.5631018665371599,0.0009543891107431275,UBL5,ns
5929,0.1967776950882829,0.1645058301690242,RBBP5,ns
593,-0.09936709684405898,0.6135777503070661,BCKDHA,ns
5930,-0.043686814630810034,0.8367292182086109,RBBP6,ns
59307,-0.7558596013327694,0.0008113011984907524,SIGIRR,down
5931,0.25064316880777326,0.17952890779601444,RBBP7,ns
5932,1.1957724467198432,0.0001982232818152379,RBBP8,up
5933,0.6722626762775885,0.012288155936843327,RBL1,up
59338,-1.0680462534198725,0.0011263793671181343,PLEKHA1,down
59339,-0.17158425231648344,0.3454926926243246,PLEKHA2,ns
5934,-0.718899395706103,0.0003416635766133589,RBL2,down
59340,-0.6083235423985096,0.006038673353288589,HRH4,down
59341,0.5664232571203893,0.1297169770040733,TRPV4,ns
59342,0.12889229965885995,0.673875466786355,SCPEP1,ns
59343,0.4708322585901623,0.002269503997472116,SENP2,ns
59345,0.5664140827196764,0.06307592327940624,GNB4,ns
59348,0.0453870921815831,0.8562686000058387,ZNF350,ns
59349,0.31235385534094817,0.01947797327330753,KLHL12,ns
5935,-0.5232222810460136,0.051537035556911075,RBM3,ns
59352,-1.5935615133444117,0.001093034396409264,LGR6,down
5936,-0.023983559124959086,0.8554404472932915,RBM4,ns
5937,-0.437307454577482,0.10753468414071793,RBMS1,ns
5939,0.20246394738239637,0.4771494299025042,RBMS2,ns
594,-0.12507264159835785,0.5600121990544564,BCKDHB,ns
595,0.21329572631468707,0.32482429314785494,CCND1,ns
5954,0.5240176487641364,0.009312497994270579,RCN1,ns
5955,0.09386521042862128,0.7171396032615226,RCN2,ns
5957,-0.15622370074262815,0.6939464358353205,RCVRN,ns
5959,-0.13867749054818557,0.6404896550155017,RDH5,ns
596,-0.5349753863857032,0.046659546986187156,BCL2,ns
5962,0.6508095210259208,0.0006244674578209175,RDX,up
5965,0.5272654017874459,0.06163719950430977,RECQL,ns
5966,-1.0460206919461683,0.003335483740627144,REL,down
597,-0.07511872984166423,0.9305185674401664,BCL2A1,ns
5970,-0.22810960557258575,0.30137282756122497,RELA,ns
5971,-0.32893158319098426,0.20019267710265193,RELB,ns
5973,-0.15727192589906025,0.5594903781376055,RENBP,ns
5976,0.1100012328142288,0.5851192078958922,UPF1,ns
5977,0.08131347836300229,0.6589369676272404,DPF2,ns
5978,-0.3834361943066611,0.08920753706103998,REST,ns
5979,-0.22599989119231179,0.2711395013395036,RET,ns
598,0.17043102804653643,0.46090415934157425,BCL2L1,ns
5980,-0.03580519219568323,0.8653655180438018,REV3L,ns
5981,0.7799105653361149,0.010962600345654813,RFC1,up
5982,0.5354484684160958,0.0003727504558490413,RFC2,ns
5983,1.2626969012959606,0.0005837516426451592,RFC3,up
5984,1.3821235988741458,0.0006795913351116757,RFC4,up
5985,0.8224056126591996,0.0009752328311490496,RFC5,up
5986,-0.404900447098969,0.07188222997902766,RFNG,ns
5987,0.09628259169454267,0.6520575887383193,TRIM27,ns
5988,-0.06006205326584624,0.6426557708337323,RFPL1,ns
5989,-0.5961496096105314,0.04012497786619161,RFX1,down
599,0.011213929709270154,0.9423093671496526,BCL2L2,ns
5990,-1.2393501018451643,0.029290894491432337,RFX2,down
5991,-0.1951543369983728,0.10628912562453965,RFX3,ns
5993,0.16210854626985238,0.16895018173493626,RFX5,ns
5994,-0.226866434430403,0.20784755193030233,RFXAP,ns
5996,0.010956600972559016,0.990047738133047,RGS1,ns
5997,-1.1869604127077782,0.031697959496817175,RGS2,down
5998,-0.320505170067646,0.1591781414719318,RGS3,ns
60,-0.08535499919139866,0.7050391369871862,ACTB,ns
6001,-0.36710633274742044,0.025022083282830836,RGS10,ns
6002,-0.47642423871451456,0.03035852322162727,RGS12,ns
6003,0.755180404196997,0.00641628228173305,RGS13,up
6004,1.06669104565806,0.028539765551039088,RGS16,up
6006,0.2154481998030695,0.3491561148514489,RHCE,ns
6007,0.06484876806030826,0.8459947807535781,RHD,ns
6009,0.17398359346431747,0.15329689697519058,RHEB,ns
6013,-0.47003258550098614,0.057124504748860064,RLN1,ns
6015,0.06703326037024304,0.6162811202414635,RING1,ns
6016,-0.3038827875538317,0.3815012477657828,RIT1,ns
6018,-0.10695475021207557,0.5951839443833337,RLF,ns
602,-0.2968189416113258,0.6475906826650188,BCL3,ns
60312,-1.2634760980428723,0.00021574585429390397,AFAP1,down
60313,-0.013484779083130505,0.9265343977525226,GPBP1L1,ns
60314,-0.1565551539079859,0.3502749239910676,MYG1,ns
60343,-0.10168972768372164,0.5906604821781373,FAM3A,ns
6035,2.6706311110571495,0.0002798813960165345,RNASE1,up
6036,1.8683227398532285,0.0012755038342517646,RNASE2,up
6037,0.4939883313329414,0.332338149819604,RNASE3,ns
60370,-0.23670486949128478,0.4935252789150199,AVPI1,ns
6038,0.1112513592764861,0.7474367625264242,RNASE4,ns
60385,0.18115103056316073,0.4383451241329105,TSKS,ns
60386,0.6642426344105665,0.0002422562514611605,SLC25A19,up
6039,0.26155032590267346,0.5204861558608598,RNASE6,ns
604,-0.47311962938748486,0.5322034803826428,BCL6,ns
60401,0.4078400030061857,0.021104210541055962,EDA2R,ns
6041,0.22884119053163232,0.45693927309455795,RNASEL,ns
60412,0.0003530207341402303,0.9985654479602173,EXOC4,ns
60436,0.014191864808054788,0.9366104955542317,TGIF2,ns
60437,-0.04027138697311372,0.8410637922130869,CDH26,ns
6045,-0.09246042157899126,0.584639980556107,RNF2,ns
6046,-0.10827171868152519,0.5308537530843689,BRD2,ns
60468,-1.0641854312750851,0.001263049396109242,BACH2,down
6047,0.0908021096711682,0.5440620346401437,RNF4,ns
6048,0.42381849048113374,0.011714996072491572,RNF5,ns
60481,-0.5028397880552902,0.015040849618617784,ELOVL5,ns
60485,-0.5519220698905452,0.0010365520691399135,SAV1,ns
60487,0.47136409725188866,0.0183301462119392,TRMT11,ns
60488,0.3202372564861502,0.05696882917305738,MRPS35,ns
60489,0.6379795437614728,0.004653598636481044,APOBEC3G,up
6049,0.043608702954747613,0.8444101537959879,RNF6,ns
60490,0.4326461270945945,0.22343828613913966,PPCDC,ns
60491,0.4477032332965303,0.06562802817898167,NIF3L1,ns
60492,0.5934107026195292,0.0005772865060933891,CCDC90B,up
60493,-0.2032443194347131,0.42569129663852107,FASTKD5,ns
60494,-0.27055218095706923,0.3033132838353684,CCDC81,ns
60496,0.5726971514597778,0.035541299517128574,AASDHPPT,ns
605,-0.5440272299305846,0.18978399866831774,BCL7A,ns
6050,0.0068652060987162145,0.9759680443924061,RNH1,ns
60509,-0.18065737170002016,0.22628883369981492,AGBL5,ns
6051,-0.06792405553471248,0.7622031637200283,RNPEP,ns
60526,0.48673384135160624,0.03199404757426919,LDAH,ns
60528,0.6595387180828567,0.001469632394257968,ELAC2,up
60558,0.4377236589038489,0.00641628228173305,GUF1,ns
60559,0.8898071732879913,0.00699361119400908,SPCS3,up
60560,0.3056161479209205,0.08173892452806912,NAA35,ns
60561,0.9901312416808912,0.00038277059449632136,RINT1,up
6059,0.6099673260295564,0.011372802887011072,ABCE1,up
60592,0.25897943973829207,0.3461903162127257,SCOC,ns
60625,0.08979484660001269,0.5436477106062244,DHX35,ns
60626,0.1059979019753321,0.2392306878063558,RIC8A,ns
606495,0.1296402459007453,0.2827602396583995,CYB5RL,ns
60672,0.22220911373728036,0.48107048280915893,MIIP,ns
60673,0.329831074513546,0.03178561478804475,ATG101,ns
60675,-0.7878678744585379,0.30091457193747695,PROK2,ns
60677,-0.07177615227293899,0.8365017499886523,CELF6,ns
60678,0.059065728617227364,0.7379876712088921,EEFSEC,ns
60681,-0.5132328915300901,0.026272566208953952,FKBP10,ns
60682,-0.16322025170966192,0.08548555006575376,SMAP1,ns
60684,0.05558637184267923,0.7884751941283423,TRAPPC11,ns
60685,-0.6924447961144651,0.0019134665670046517,ZFAND3,down
60686,-0.08377855942245827,0.5621528762032096,C14ORF93,ns
607,-0.17409210477483583,0.5298383922945766,BCL9,ns
608,2.919159780963634,0.00048164808513312244,TNFRSF17,up
6091,0.10524629826506171,0.7778300885842397,ROBO1,ns
6093,0.1466405093934231,0.37569873349287536,ROCK1,ns
6094,-0.08941291598825707,0.6331094750134785,ROM1,ns
6095,-0.5437327175296325,0.1188437005415312,RORA,ns
6097,0.08657974875387087,0.8646015424072253,RORC,ns
610,-0.25757505675035475,0.17780584794399892,HCN2,ns
6100,-0.32304721655087043,0.044834992736733026,RP9,ns
6102,0.09284162593212208,0.8215390249057173,RP2,ns
6103,-0.3198209375053658,0.06390427102944325,RPGR,ns
6117,0.041008780966038216,0.8463102313431594,RPA1,ns
6118,0.01444013954907497,0.9385519395603916,RPA2,ns
6119,0.9868150382464078,0.001999585863057522,RPA3,up
6120,0.5625839180853456,0.025114733114133852,RPE,ns
6122,-0.7883497084100224,0.0024172886972237705,RPL3,down
6124,-0.7987418756179814,0.0005787639579050334,RPL4,down
6125,-0.7977736783643881,0.0019134665670046517,RPL5,down
6128,-0.6517490265368799,0.0019193283329104647,RPL6,down
6129,-0.5778646699235352,0.01542565475920692,RPL7,ns
613,-0.47279921018316173,0.0027074042170063014,BCR,ns
6130,-0.40371110706016644,0.042794559677253416,RPL7A,ns
613037,0.055020995899264236,0.9156599427982348,NPIPB13,ns
6132,-0.6348604136056615,0.006184668690524846,RPL8,down
6133,-0.6903658691266799,0.006048814696636869,RPL9,down
6134,-0.841032985974838,0.0005772865060933891,RPL10,down
6135,-0.7446617566739633,0.0004434058965488269,RPL11,down
6136,-0.5394155284372548,0.005772495308984037,RPL12,ns
6137,-0.8238309212001784,0.0008210824939976928,RPL13,down
6138,-0.6092883205142883,0.0004796037248035518,RPL15,down
6139,-0.4658136334352303,0.013261240782772387,RPL17,ns
6141,-0.5624476762137149,0.011143537142124174,RPL18,ns
6142,-0.4797840601336194,0.024203070520337853,RPL18A,ns
6143,-0.59726767814516,0.0028403338299000974,RPL19,down
6144,-0.61551846875828,0.009957258795952332,RPL21,down
6146,-0.6327251603323703,0.0019066230161270286,RPL22,down
6147,-0.46613806633521015,0.01670809323468754,RPL23A,ns
6150,0.554609522776282,0.20269176871636554,MRPL23,ns
6152,-0.33839413280292696,0.08320621343791035,RPL24,ns
6154,-0.6869323273259464,0.0008336669248066601,RPL26,down
6155,-0.47689356837455676,0.030582222506225137,RPL27,ns
6156,-0.6568167141286718,0.0014992884808300326,RPL30,down
6157,-0.5764554742364805,0.007579624509213939,RPL27A,ns
6158,-0.09264283408149687,0.7451061827569527,RPL28,ns
6159,-0.31595771642757775,0.10144535036038532,RPL29,ns
6160,-0.6196842762177912,0.005812127094722244,RPL31,down
6161,-0.8895120179310609,0.00028295056710030125,RPL32,down
6164,-0.7670396976123772,0.001482130009138272,RPL34,down
6165,-0.6147641122837832,0.0032803554477206674,RPL35A,down
6166,0.24924891492709023,0.20166047827065603,RPL36AL,ns
6167,-0.4633711250638921,0.02015832621412377,RPL37,ns
6168,-0.24821461426915903,0.27231132830997135,RPL37A,ns
6169,-0.5129111352348694,0.011553400262266294,RPL38,ns
617,0.3707069906094107,0.030603307296561633,BCS1L,ns
6170,-0.48777837882160924,0.040517069875527834,RPL39,ns
6171,-0.6070826344931213,0.010299209123714115,RPL41,down
6173,-0.48478913982357597,0.039499081549876,RPL36A,ns
6175,-0.1310176846914981,0.6522702608291726,RPLP0,ns
6176,-0.35641642171327703,0.10949018997976558,RPLP1,ns
6181,-0.9026691235400719,0.0008262470456181622,RPLP2,down
6182,0.9523388856257053,0.0007625177596503183,MRPL12,up
6183,0.4546875981824776,0.010554972116544149,MRPS12,ns
6184,0.8854149739564594,0.0019552327969084146,RPN1,up
6185,1.1767038804890575,0.0015404455916350846,RPN2,up
6187,-0.633312665684171,0.015461238890431342,RPS2,down
6188,-0.568219173856038,0.01038060012631443,RPS3,ns
6189,-0.6731941221142197,0.02387851095602411,RPS3A,down
6191,-0.7970259463307396,0.005001308358875587,RPS4X,down
6192,3.023356273806537,0.09332529543215451,RPS4Y1,ns
619208,0.1287866656747223,0.5193536245293031,FAM229B,ns
619279,-0.14279296248918616,0.39263879262650186,ZNF704,ns
6193,-0.5073066740976593,0.03795108588376915,RPS5,ns
619373,-0.19137640239728082,0.3189005510917903,MBOAT4,ns
6194,-0.8454149025530384,0.0009845455109226966,RPS6,down
6195,-0.4056780315050972,0.07027922233199266,RPS6KA1,ns
6196,-0.931426165809853,0.00042814720618541524,RPS6KA2,down
6197,-0.5805573774710595,0.003736392122447339,RPS6KA3,down
6198,0.268319582428477,0.07726605674622523,RPS6KB1,ns
6199,0.22547066076274902,0.3629794141207084,RPS6KB2,ns
6201,-0.5506656621236168,0.007137003420167859,RPS7,ns
6202,-0.5700742094241118,0.026506911417826903,RPS8,ns
6203,-0.3460864467509559,0.03405451154050638,RPS9,ns
6204,-0.47360640099810425,0.029040974767354913,RPS10,ns
6205,-0.4221673896141631,0.029965082761937784,RPS11,ns
6206,-0.5224027692015394,0.03694416937674659,RPS12,ns
6207,-0.5251403563595822,0.009364643540855715,RPS13,ns
6208,-0.8770415505849005,6.171290680256915e-05,RPS14,down
6209,-0.3892659589900411,0.07692261039771323,RPS15,ns
6210,-0.4730632370952108,0.025871131526584556,RPS15A,ns
6217,-0.6517575862398992,0.004801190365217208,RPS16,down
6218,-0.45158786354492797,0.05375353380074687,RPS17,ns
622,-0.0856168658364993,0.7103670400295867,BDH1,ns
6222,-0.30754496231772777,0.2545239983215142,RPS18,ns
6223,-0.33011573701154795,0.1294895837681574,RPS19,ns
6224,-0.7118412585846201,0.000973371270783479,RPS20,down
6227,-0.1836691492548823,0.4813639852924952,RPS21,ns
6228,-0.7149504883398894,0.003846849204615642,RPS23,down
6229,-0.38170293987511883,0.04147352504761217,RPS24,ns
6230,-0.5250240698902715,0.005583226049256251,RPS25,ns
6231,0.8346911531083112,0.12442628394922321,RPS26,ns
6232,-0.8327646970851372,0.0007555872624718899,RPS27,down
6233,-0.8732808282534794,0.00202653238275754,RPS27A,down
6234,-0.5193427000489557,0.04368955918489458,RPS28,ns
6235,-0.5419255750429137,0.025069162192823374,RPS29,ns
6236,0.2601316786188743,0.39659111765763483,RRAD,ns
6237,-0.12137142958179403,0.7569736201766233,RRAS,ns
6238,1.6053018349859567,8.369197563746952e-05,RRBP1,up
6239,-0.1355485195622652,0.3941303671719455,RREB1,ns
6240,1.5923380406024776,0.000444865525679022,RRM1,up
6241,3.7285846566200487,2.6102005816507474e-05,RRM2,up
6242,-0.4712574367605127,0.023584330023119892,RTKN,ns
6248,0.36347129905281594,0.017200446233282596,RSC1A1,ns
6249,-0.15984965868058332,0.3848145155351435,CLIP1,ns
6251,-0.32198887591425773,0.012803417001571395,RSU1,ns
6252,-2.39904317185282,5.420137334318328e-05,RTN1,down
6253,-0.5329956819047919,0.1766051920232384,RTN2,ns
6256,-0.8404095364470496,0.03994625031429836,RXRA,down
6257,-0.21669775109542577,0.055774155097408684,RXRB,ns
6259,-0.6149093876287992,0.0004941451258806805,RYK,down
6261,-0.5713737278821123,0.0031538166041270507,RYR1,ns
6262,-0.18591801718813805,0.429376195675393,RYR2,ns
6263,-0.12794348615899587,0.332338149819604,RYR3,ns
6272,-0.1213086326416466,0.7612409853156034,SORT1,ns
6275,-0.4140644384999934,0.13098446633414795,S100A4,ns
6276,-0.24604021924764297,0.08068793396811236,S100A5,ns
6277,-0.17590240044753003,0.5382461175487132,S100A6,ns
6279,0.503688030081479,0.24586961219904085,S100A8,ns
6280,0.37913787179906855,0.4360103942542012,S100A9,ns
6281,-0.25019028870449667,0.20785206215999924,S100A10,ns
6282,-0.2082169229964208,0.6635138258002299,S100A11,ns
6283,0.14096579149179433,0.804144379669708,S100A12,ns
6284,0.12081264226510946,0.5046241191393456,S100A13,ns
6285,-1.1721491904421306,0.03003154839327364,S100B,down
6286,-0.23702674432395465,0.7783763762632466,S100P,ns
629,1.346203215405084,0.0007251153006939048,CFB,up
6293,0.1813193887780944,0.1680486093763016,VPS52,ns
6294,0.37438474641583497,0.026843537510234897,SAFB,ns
6296,-0.5820392031020685,9.879473509952074e-05,ACSM3,down
6297,-0.6280174401336645,0.018920666619415837,SALL2,down
6300,0.5661985568881027,0.0036389036616726786,MAPK12,ns
6301,0.3038755659730885,0.036506809734750914,SARS1,ns
6302,0.118510414784458,0.5423442541904457,TSPAN31,ns
63027,-0.6925258725125127,0.007764302078037995,SLC22A23,down
6303,-0.15803092627987425,0.7913731875186031,SAT1,ns
63035,-0.8185203565813302,0.0012569266277795822,BCORL1,down
6304,-0.7416054977810855,0.0036129852325793212,SATB1,down
6305,0.03240655800117587,0.7913731875186031,SBF1,ns
6307,0.690848529668509,0.007384431291274879,MSMO1,up
6309,0.2267566396271139,0.27115734393393426,SC5D,ns
631,-0.6022239232957372,0.017923551720966775,BFSP1,down
6310,0.041536046508374724,0.8491168994462236,ATXN1,ns
6311,-0.3630454040509843,0.17253952470037892,ATXN2,ns
6314,-0.31381570078163534,0.21047525911481005,ATXN7,ns
6319,1.3919143691144864,0.00025292217199227984,SCD,up
6320,-0.45479925521461784,0.11734594985495576,CLEC11A,ns
6322,-0.3122315050017548,0.2608243998596593,SCML1,ns
6324,-0.49866794693232563,0.21443754568068812,SCN1B,ns
6328,-0.7065124874864948,0.014034118034220009,SCN3A,down
6329,-0.3566083766691541,0.05682302342268999,SCN4A,ns
6331,-0.29818117760230134,0.3256912553687994,SCN5A,ns
6334,-0.41867245538784115,0.01834106274418262,SCN8A,ns
6335,-0.058121146121481004,0.7701194053736985,SCN9A,ns
6337,-0.35784189127764865,0.13302520706815416,SCNN1A,ns
6338,0.8346294070171005,0.0035601677605537198,SCNN1B,up
6339,-0.3524682554318357,0.18951758358469997,SCNN1D,ns
634,0.08990975891642883,0.9276101613307778,CEACAM1,ns
6341,0.40144007658075864,0.018572837254789316,SCO1,ns
6342,0.011263604383939807,0.9640253637910698,SCP2,ns
6343,-0.08765876150995489,0.6803501926677399,SCT,ns
6347,2.3740046588287695,0.0067405111284460206,CCL2,up
6348,0.16288824684383485,0.8270547758665828,CCL3,ns
6349,-0.7460128522105318,0.37498480982405813,CCL3L1,ns
6351,0.130118160333776,0.8294127749718383,CCL4,ns
6352,-1.5286172078821707,0.0013445564068377243,CCL5,down
6354,0.8716402045282825,0.1004228646770714,CCL7,ns
6355,1.3705479573813424,0.027935639912103672,CCL8,up
636,0.2620540619121403,0.20364094981669184,BICD1,ns
6364,0.25666660772808836,0.6337533723809688,CCL20,ns
637,-0.34069416780331885,0.21343388923857745,BID,ns
6370,1.0410044496635065,0.006038673353288589,CCL25,up
6372,-0.26802892345599894,0.25004783911007944,CXCL6,ns
6373,1.3839777725432336,0.012025641980021734,CXCL11,up
6374,-1.3108620428244935,0.008867804300396086,CXCL5,down
6375,-0.7484026939562547,0.03616869182668416,XCL1,down
638,0.7265467325954642,0.0015887659638409558,BIK,up
6382,3.864175015159814,0.0002586205430268077,SDC1,up
63826,0.42489267091976224,0.0028403338299000974,SRR,ns
63827,0.5741424319582853,0.0021660342291168746,BCAN,ns
6383,-0.24707813645947763,0.4872859843354869,SDC2,ns
6385,-0.21530748223003293,0.507890251075379,SDC4,ns
6386,-0.38035681551641254,0.37557372886393736,SDCBP,ns
63874,-0.5040143784345936,0.08221397343336909,ABHD4,ns
63875,0.8276204350752003,0.00017713697355264062,MRPL17,up
63877,-0.014298321924862023,0.9350012339617829,FAM204A,ns
6388,0.363278287764242,0.014406445733023009,SDF2,ns
6389,0.42537845305924193,0.0004722021055663544,SDHA,ns
63891,0.0029182145411237315,0.9869629776993092,RNF123,ns
63892,0.03188397247902586,0.8112527415323323,THADA,ns
63893,0.1383792061642133,0.25799229084850744,UBE2O,ns
63894,0.2049672636827431,0.0829097167301217,VIPAS39,ns
63895,1.1815883423222928,0.00040342074725073886,PIEZO2,up
63897,0.1698683118908324,0.2692319160537531,HEATR6,ns
63898,0.8011641843894779,0.001405916180822809,SH2D4A,up
63899,0.04446811576473131,0.680523802455822,NSUN3,ns
639,1.129447528496959,0.004973179824690857,PRDM1,up
6390,0.5385066261550548,0.0003143839514355079,SDHB,ns
63901,-0.16215842184889873,0.43695510759745354,FAM111A,ns
63905,0.29370439621465394,0.07161173400553267,MANBAL,ns
63906,0.2957305519979254,0.0021541926002528874,GPATCH3,ns
63908,-0.18343737273818483,0.2239510293204815,NAPB,ns
6391,0.26255680739008014,0.1573696952725895,SDHC,ns
63910,1.4326251892463464,0.0029408853765619546,SLC17A9,up
63915,-0.0353912411731816,0.8976300951140314,BLOC1S5,ns
63916,0.19225525942012567,0.33458783710642725,ELMO2,ns
63917,-0.9403422576291849,5.5628493904124545e-05,GALNT11,down
6392,0.41286513403275293,0.0564638511909597,SDHD,ns
63920,0.34099343474553034,0.07442961243279186,ZBED8,ns
63922,0.6005503439666926,0.051537035556911075,CHTF18,ns
63924,-0.288539690845945,0.09229470248253051,CIDEC,ns
63925,-0.2745031513726399,0.12710782593546782,ZNF335,ns
63926,0.3761352341327937,0.18177791326655068,ANKEF1,ns
63929,0.0446762279191848,0.7911835030388391,XPNPEP3,ns
63931,0.6662175967234294,0.01008692238128723,MRPS14,up
63932,-0.011054790689383864,0.9531279440355303,STEEP1,ns
63933,0.38625852878293365,0.04420789094132837,MCUR1,ns
63934,-0.22698019029287675,0.2666423727344514,ZNF667,ns
63935,0.13256982187165,0.5259348133811452,PCIF1,ns
63939,0.043246466913570814,0.8431132034565558,FAM217B,ns
63940,-0.5901544825434915,0.09219116154725823,GPSM3,ns
63941,-0.05907632696968523,0.7714051268881328,NECAB3,ns
63943,0.6833651796950786,0.0019164326926087304,FKBPL,up
63947,-0.5330667368425148,0.08344134186535881,DMRTC1,ns
6396,0.9243690644700635,0.0017964792580567718,SEC13,up
63967,2.2926719397588515,2.4643204638684142e-05,CLSPN,up
6397,0.29670867980873084,0.45408894867016164,SEC14L1,ns
63971,-0.7051944254891378,0.08624319230304148,KIF13A,ns
63977,0.5411656519247776,0.021938232222869034,PRDM15,ns
63979,0.3774416856052021,0.08774914719627469,FIGNL1,ns
6398,-0.2471302452505526,0.6885200471384836,SECTM1,ns
6399,-0.11528699242634488,0.46518598093905317,TRAPPC2,ns
640,-0.7514775430854268,0.05565257226732232,BLK,ns
6400,1.1265516656559473,0.003587929143958586,SEL1L,up
64005,-0.04962540231658785,0.7716750611936445,MYO1G,ns
6402,0.302815494508879,0.29384162699900285,SELL,ns
6403,-0.8723851997696217,0.11385392412124296,SELP,ns
6404,-0.24807423184987698,0.37419704640515994,SELPLG,ns
64061,-0.172956296758775,0.6339389073527335,TSPYL2,ns
64062,0.26076410952570583,0.017394081697840343,RBM26,ns
64064,1.0634542609265702,0.006668901399933968,OXCT2,up
64065,0.6953041125964177,0.04815441076657928,PERP,up
64072,-1.0203631274265135,0.009157454490448629,CDH23,down
64073,-1.197799166605515,0.0001075258269858596,C19ORF33,down
64077,-0.4560227856254162,0.12522919833429808,LHPP,ns
64078,0.05040825977056507,0.8621286677734654,SLC28A3,ns
64080,0.5598105887254743,0.0006935250723316934,RBKS,ns
64081,-0.1085159731898866,0.4761325630946412,PBLD,ns
64083,0.3502053162827963,0.04046551900620408,GOLPH3,ns
64087,0.6212415283248092,0.0028769903527758062,MCCC2,up
64089,-0.051145917231140814,0.7831277944820498,SNX16,ns
64091,-0.24195036985013552,0.12539302306427277,POPDC2,ns
64092,0.8379007950342068,0.005664150552112543,SAMSN1,up
64097,-0.2402774769445548,0.31354801585017633,EPB41L4A,ns
64098,-0.6680934639048406,0.02634188094133684,PARVG,down
641,1.055754962717506,0.0028116185115962017,BLM,up
64101,-0.33995031163617107,0.6451973522286742,LRRC4,ns
64105,0.2576702966698603,0.42859508576958083,CENPK,ns
64108,1.5600960017116519,0.0016265267920919147,RTP4,up
64110,0.03500777376077835,0.8770179986986664,MAGEF1,ns
64112,-0.7933508336864747,0.011413948320532304,MOAP1,down
64114,-0.5551078929862427,0.01756792268512913,TMBIM1,ns
64115,-0.7280391637197301,0.05060420459362497,VSIR,ns
64116,0.849574338395243,0.0013445564068377243,SLC39A8,up
64118,0.11858292989964347,0.43001996716024515,DUS1L,ns
64121,-0.2053459326104985,0.19024137647424752,RRAGC,ns
64122,-0.400987521398279,0.0787386246967997,FN3K,ns
64127,-0.2659483128308242,0.6417599452904964,NOD2,ns
64130,-0.22189161979935612,0.1858598772145089,LIN7B,ns
64131,-1.1429109934267885,2.4643204638684142e-05,XYLT1,down
64132,-0.2539381296131431,0.03756955506528305,XYLT2,ns
641339,0.004242669172458413,0.9830455683222302,ZNF674,ns
64135,1.328150651627391,0.009475139359395408,IFIH1,up
641371,0.34677295589380996,0.11105589763556596,ACOT1,ns
6414,-0.2631301249922027,0.17687971656447785,SELENOP,ns
64145,-0.030361420515090387,0.8445735668811438,RBSN,ns
64146,0.74539591283144,0.001559709822007092,PDF,up
64147,0.03344035325461636,0.7892053828361295,KIF9,ns
64149,0.49531377353122075,0.0073885285940298055,C17ORF75,ns
6415,-0.19062085900715253,0.12186909759611354,SELENOW,ns
64151,2.801310460294366,3.490240435663177e-05,NCAPG,up
6416,-0.11321805270384999,0.6026704896249654,MAP2K4,ns
641649,-0.681871504828079,0.10901046518612809,TMEM91,ns
64167,0.21615643654211425,0.7758518991229988,ERAP2,ns
64168,-0.07774692271799832,0.7435152756137092,NECAB1,ns
64170,-0.5350783272237125,0.1379110582691004,CARD9,ns
64172,-0.1252041544618434,0.5531362688742414,OSGEPL1,ns
64174,-1.3995144645984894,0.0014153273164098105,DPEP2,down
64175,0.33837266571681823,0.05345059436243276,P3H1,ns
6418,0.022993271903953172,0.8938277852643067,SET,ns
64180,-0.7766775025396679,0.07470325538284804,DPEP3,ns
6419,-0.030267446164038425,0.88090954934144,SETMAR,ns
642,0.5569855607115439,0.020341019378982812,BLMH,ns
64207,-0.7076409338387126,0.0948597796980615,IRF2BPL,ns
6421,0.2578578238871394,0.11316813380244645,SFPQ,ns
64210,-0.021525157878647505,0.8621286677734654,MMS19,ns
64215,0.7818713753371984,0.0018592866326608466,DNAJC1,up
64216,0.38106056383311504,0.12527910755626265,TFB2M,ns
64218,0.8294686238468909,0.0286909937127645,SEMA4A,up
64219,0.10808734461490488,0.6672302224712104,PJA1,ns
64221,-0.5359014746785062,0.047563800696599885,ROBO3,ns
64222,0.907123366548662,0.0005713704352444669,TOR3A,up
64223,0.21780003103108392,0.3510909569499068,MLST8,ns
64224,-0.45659719019182177,0.005585144028522675,HERPUD2,ns
642249,0.4476163063435763,0.10975908297318654,LOC642249,ns
64225,0.3376480376199993,0.19026063669038276,ATL2,ns
642273,-0.9313192610088947,0.0009511666939612951,FAM110C,down
64231,-0.4618938979446323,0.31896156861622776,MS4A6A,ns
64236,-0.6741620750924273,0.025961809809491112,PDLIM2,down
642446,-0.4243223681694186,0.17002814478164843,TRIM64B,ns
642475,-0.057943076660290416,0.9177212348555637,MROH6,ns
6425,-0.8096457041382967,0.015942951206111285,SFRP5,down
642517,0.26983757306679124,0.31478096868295863,AGAP9,ns
6426,0.6777727465366983,0.009186960529781005,SRSF1,up
642658,-0.014562068347364843,0.9545305397607555,SCX,ns
6427,0.30235365440004003,0.1302220108097338,SRSF2,ns
642778,-0.14323586063927074,0.6612342728410326,NPIPA3,ns
642799,0.02561300117252241,0.9366615830476364,NPIPA2,ns
6428,0.4637503454663001,0.01511169848667072,SRSF3,ns
642819,-0.5727863904870336,0.0022491823486376944,ZNF487,ns
64282,-0.2228863496889364,0.23407018611228797,TENT4B,ns
64283,-0.6335893761818863,0.012381663000503819,ARHGEF28,down
64288,0.2226241033579024,0.14263780669095097,ZSCAN31,ns
6429,0.5611996401184882,0.007257617638827985,SRSF4,ns
643,-1.4237054603202575,0.004159567178082361,CXCR5,down
6430,-0.5116430375862624,0.013958161753232895,SRSF5,ns
643008,0.10283927249439273,0.8047775538773988,SMIM5,ns
6431,0.010601413266968507,0.9483351140638073,SRSF6,ns
643155,0.8073509071616645,0.0017020824305549768,SMIM15,up
64318,0.7397993349825036,0.003143589113555011,NOC3L,up
64319,-0.5523388437984966,0.09190963052779234,FBRS,ns
6432,0.2676195434431321,0.043083473814806435,SRSF7,ns
64320,0.22430482772711713,0.03241511167064784,RNF25,ns
64324,-0.14419869973920285,0.273022725824717,NSD1,ns
643246,0.004862832927799765,0.9834214832673347,MAP1LC3B2,ns
64326,-0.0752205144425897,0.7281339417289306,COP1,ns
64327,0.0570584229164286,0.7273933279598598,LMBR1,ns
64328,0.22324349065506333,0.23597771396366518,XPO4,ns
6433,-0.24677323522647399,0.042460079725158605,SFSWAP,ns
64332,-0.4575990244782133,0.5276359663696387,NFKBIZ,ns
64333,-0.9072173679242486,0.012897729210795187,ARHGAP9,down
643338,-0.49563738842731464,0.011022595576586977,C15ORF62,ns
6434,0.18607135092073435,0.4292109816641948,TRA2B,ns
643418,-0.6217180195387897,0.056823173624671305,LIPN,ns
64342,-0.24101014712364943,0.2661399371041978,HS1BP3,ns
64343,0.4749597970001975,0.02289693911068823,AZI2,ns
64359,0.17146322041285256,0.45961033355466,NXN,ns
643641,-0.8524937570684745,0.0005713704352444669,ZNF862,down
643669,0.16138078029470915,0.6130731631734131,CCER2,ns
643680,-0.10768120466595477,0.6791530648311627,MS4A4E,ns
643699,-1.209874674444296,0.0009246869601108931,GOLGA8N,down
643707,-0.27489159199082547,0.18218646742025812,GOLGA6L4,ns
64374,1.3997923586637073,3.64271471061187e-05,SIL1,up
64375,0.08980966311835914,0.5876878818156082,IKZF4,ns
64376,-0.24692685138903947,0.31523696516622385,IKZF5,ns
64377,-0.10616430694615797,0.6931736748712389,CHST8,ns
643802,-0.755950409925136,0.24354233426824778,MPHOSPH10P1,ns
643834,-0.7213733271163782,0.06015673930833207,PGA3,ns
643836,-0.1812556377025354,0.36995498497836865,ZFP62,ns
643847,-0.8415701877557158,0.023072338950923293,PGA4,down
643853,-0.12261148685637835,0.644528000872852,TMPPE,ns
64386,-1.5358269460939535,0.14562008577852717,MMP25,ns
643866,-0.5024584564993422,0.05726164903309316,CBLN3,ns
64388,-0.09924192849667524,0.6787056433118853,GREM2,ns
64393,-0.4383173360081756,0.004061340005204949,ZMAT3,ns
64395,-0.13289598681411086,0.405638506767382,GMCL1,ns
64397,-0.26829113232071755,0.23210987263860217,ZNF106,ns
64398,0.3144007980315413,0.233080024227465,PALS1,ns
643988,-0.8893894986785922,0.005095184956209732,FNDC10,down
644,0.43255080537062085,0.1988316659860238,BLVRA,ns
64400,-0.17456058698943977,0.2565283829498221,AKTIP,ns
644019,0.9851891406866091,0.00020084187928490863,ZNG1F,up
64403,-0.4802126314383983,0.04599604268785563,CDH24,ns
64407,-0.7605085859466172,0.07101793831598768,RGS18,ns
644090,0.32443700431119904,0.1039183122063514,PRKAG2-AS2,ns
644096,-0.23207287011305056,0.25305996662253427,SDHAF1,ns
6441,-0.7527925974247207,1.3345101638205109e-05,SFTPD,down
64410,0.07018791722124895,0.8003391550653421,KLHL25,ns
64411,-1.4449240803387724,0.017288759871881873,ARAP3,down
64412,-0.18314237433614267,0.6130731631734131,GZF1,ns
64417,-0.13516669732557407,0.4372952202316075,TMEM267,ns
64418,-0.09302310240573419,0.6423626988070392,TMEM168,ns
64419,-0.16246851186302713,0.3269047337465211,MTMR14,ns
64420,-0.2519750018661302,0.377939336541186,SUSD1,ns
64421,0.17313970748790375,0.1428059084653398,DCLRE1C,ns
64422,0.36606116895694285,0.06965846320340728,ATG3,ns
64423,-0.4688218180913175,0.10315038664131912,INF2,ns
64425,-0.42930009340330333,0.022326607173758187,POLR1E,ns
64426,0.21607356947595946,0.1189097367460706,SUDS3,ns
64427,-0.037138933646266636,0.7701194053736985,TTC31,ns
64428,0.4768573632623525,0.008824987841464264,CIAO3,ns
64429,0.12168349373114751,0.14335700259703155,ZDHHC6,ns
6443,0.41004454355214204,0.0948669676543228,SGCB,ns
64430,-0.2475331556983864,0.13951492871702822,PCNX4,ns
64431,0.248629305769537,0.41019846161068857,ACTR6,ns
64432,0.08053662396358163,0.6861586671496738,MRPS25,ns
64434,0.26846524915578307,0.0811687514589754,NOM1,ns
644353,-0.6148461520124409,0.0017159252286463803,ZCCHC18,down
6444,-0.8978507809723579,0.023584330023119892,SGCD,down
644538,0.04410890602273021,0.7775538146009238,SMIM10,ns
6446,-0.3276150786000507,0.5569597726442025,SGK1,ns
644634,-0.9790540817363036,0.003854734751952541,LOC644634,down
64478,-0.4943839709424269,0.16872128993755217,CSMD1,ns
6448,-0.8829959922850019,0.007471499570896456,SGSH,down
644815,0.25213896302607886,0.23213471886185166,SACK1G,ns
6449,0.10456386098816495,0.6514039446598481,SGTA,ns
64499,-0.6350697006320196,0.09626429580879896,TPSB2,ns
645,0.16200563390893308,0.689152137531101,BLVRB,ns
6450,0.32332047925686247,0.16895018173493626,SH3BGR,ns
6451,-0.6124938685834334,0.004662773195163652,SH3BGRL,down
645121,0.014791718009999677,0.9277661815769469,CCNI2,ns
645191,-0.7279400592724876,0.011794160830241497,LINGO3,down
6452,-0.59485356769801,0.11877700427676953,SH3BP2,ns
6453,-0.07998472379555821,0.821297501942861,ITSN1,ns
645426,-0.4062204851658402,0.041471978579902,TMEM191C,ns
645432,-0.14999078288353207,0.4245135393840909,ARRDC5,ns
6455,-0.14396876933225755,0.5825727527114729,SH3GL1,ns
64577,-0.02913829845392879,0.8515659808279096,ALDH8A1,ns
64581,-0.17992543835906716,0.7597653821968944,CLEC7A,ns
645811,-0.05831908090968785,0.8210929598421212,CCDC154,ns
64582,0.06864664641946572,0.7725418012495325,GPR135,ns
64598,-0.46605050154402505,0.13575446568488714,MOSPD3,ns
64599,-0.6511363052604882,0.015145416384653254,GIGYF1,down
64601,0.151269501086432,0.1365044512728602,VPS16,ns
6461,-0.5553775679696855,0.00019822727410893706,SHB,ns
6464,0.08630220902148622,0.49227882253051225,SHC1,ns
64645,0.05140761483094636,0.7958187332885632,SLC71A1,ns
646450,-0.2683079423077217,0.12942859202135856,ARIH2OS,ns
64651,-0.5547636106614782,0.466446446391426,CSRNP1,ns
646652,0.09090277588309714,0.8415704051192733,LOC646652,ns
6468,-0.38837333646722705,0.010673745134165025,FBXW4,ns
64682,0.2412436674359668,0.2550080441886249,ANAPC1,ns
646851,0.27818599388328025,0.19505019499635695,FAM227A,ns
64689,0.13518777562386397,0.4621405655418725,GORASP1,ns
64699,0.7222686445768884,0.004799275489925972,TMPRSS3,up
6470,1.2236508893351559,0.00015207562267150097,SHMT1,up
647042,0.10984196355311937,0.7809462899227472,GOLGA6L10,ns
64708,-0.11170664022244203,0.37484881767239725,COPS7B,ns
647087,-0.3881080539584456,0.05200828842053777,STMP1,ns
64710,0.32415778414625684,0.22188661675206414,NUCKS1,ns
647135,0.04199461713306718,0.8886818059389832,SRGAP2B,ns
647174,0.11210989005301197,0.563749968593717,SERPINE3,ns
64718,-0.3185424825009928,0.10999051941049783,UNKL,ns
6472,0.6341264201388626,0.01739231869205054,SHMT2,up
647310,-0.08141854865573794,0.6032074748490417,TEX22,ns
64743,-0.09099605796948929,0.674740731611546,WDR13,ns
64744,-0.4918829561222626,0.1429096827569644,SMAP2,ns
64745,0.1253161067097004,0.3216855383997681,METTL17,ns
64746,0.5451904089752286,0.014313997804157763,ACBD3,ns
64747,-0.24745331238181478,0.33711616514496606,MFSD1,ns
64748,-1.2657257490843339,0.02139107595744192,PLPPR2,down
64750,-0.5977403734844966,0.00021684912950158897,SMURF2,down
64753,-0.47110329994656475,0.00369369281682804,CCDC136,ns
64754,-0.23825071869169356,0.18953632636327106,SMYD3,ns
64755,0.5578147491749412,0.02025995507305174,RUSF1,ns
64756,0.4327623154741769,0.00875755550592634,ATPAF1,ns
64757,0.12406561053944998,0.8307546265447335,MTARC1,ns
64759,-0.07160392442235874,0.8824727368319145,TNS3,ns
64760,-0.31526959773476726,0.2347856039861918,FHIP2B,ns
64761,0.6242479265789687,0.06455396494303517,PARP12,ns
64762,0.8741291991074593,0.0006677239704938586,GAREM1,up
64763,-0.3581077299944546,0.23855043725948286,ZNF574,ns
64764,0.6009733997573772,0.010587943675507869,CREB3L2,up
64766,0.3434866676717636,0.00765358487693975,S100PBP,ns
64768,0.31784105369876237,0.0023013367065467306,IPPK,ns
64769,-0.3711023747747326,0.0011897907279792334,MEAF6,ns
6477,-0.27542269337395986,0.0307218385331732,SIAH1,ns
64770,0.3123400156837022,0.07912257628818467,CCDC14,ns
64771,-0.0732969070765499,0.5403522803495655,ILRUN,ns
64772,-0.2957545602221501,0.369053858578936,ENGASE,ns
64773,-0.609721794353149,0.02421113527828104,PCED1A,down
64776,-0.0156398084698246,0.948872423031736,CFAP68,ns
64777,0.24232275605481135,0.09798995863992341,RMND5B,ns
64778,0.889969660552989,0.004413107607197503,FNDC3B,up
64779,0.2198414358092622,0.20070823504602073,MTHFSD,ns
6478,0.09706715456095871,0.6743173815202207,SIAH2,ns
64780,-0.2904998653624773,0.36295063144559103,MICAL1,ns
64781,-0.21403246538208087,0.2437731416765491,CERK,ns
64782,0.8524204372187114,0.0011520466948932652,AEN,up
64783,0.015542253668970218,0.9550480411842966,RBM15,ns
64784,-0.5673691794034461,0.00037138943776540993,CRTC3,ns
64785,1.11478738590532,0.0008265556126206112,GINS3,up
64786,0.2956231488078078,0.033684566615422566,TBC1D15,ns
64787,-0.3788531103363191,0.04966124274812825,EPS8L2,ns
64788,-0.25075285106109746,0.10845548054589935,LMF1,ns
64789,0.11969254362866089,0.42204897244540696,EXO5,ns
64792,0.13397691681803536,0.4215398211125373,IFT22,ns
64793,0.05921927414376782,0.5996315345976116,CEP85,ns
64794,0.2970429897878546,0.05981042728762627,DDX31,ns
64795,-0.5022104535100969,0.007981043350559538,RMND5A,ns
64798,-0.2727997963661295,0.11621918559840463,DEPTOR,ns
648,-0.6005921668983731,0.0021637593295576276,BMI1,down
6480,0.3690031642751368,0.20722348639051533,ST6GAL1,ns
64801,0.4058849970518761,0.03902883665633961,ARV1,ns
64802,0.29514024521569393,0.045090993154296835,NMNAT1,ns
64805,-0.4236449641834845,0.28948488066238076,P2RY12,ns
6482,-0.7745111292849902,0.0006795913351116757,ST3GAL1,down
6483,0.06835435233581144,0.8060296610338518,ST3GAL2,ns
64834,-0.23533275754087768,0.1727549105718669,ELOVL1,ns
64837,0.2501511054971086,0.33160612961213454,KLC2,ns
64839,-0.7819749682029293,4.337072788359985e-06,FBXL17,down
6484,-0.13715004415513476,0.6819048694275969,ST3GAL4,ns
64840,-0.20004186925692835,0.3346745055021747,PORCN,ns
64841,0.5810587260644073,0.012399731689178187,GNPNAT1,up
64843,-0.07822398202280123,0.8482487166695807,ISL2,ns
64844,-0.18649922973522415,0.3636465561756232,MARCHF7,ns
64847,0.04396188270574086,0.8596897863792867,SPATA20,ns
64848,0.17093438965927987,0.14582172082117703,YTHDC2,ns
64852,0.3141810762301276,0.11991190823290981,TUT1,ns
64853,-0.038219390601229364,0.8404764193660871,AIDA,ns
64854,-0.002234920673013008,0.9930583524565355,USP46,ns
64855,0.16156121702781157,0.6803501926677399,NIBAN2,ns
64857,0.27866426092184327,0.36883397847798277,PLEKHG2,ns
64858,0.06653066477971148,0.7785574109598048,DCLRE1B,ns
64859,0.24873637907769464,0.5181818695552618,NABP1,ns
64860,-0.059171939957787245,0.7610695486821181,ARMCX5,ns
64863,0.16438765914553954,0.37876673977577374,METTL4,ns
64864,-0.2159091629023937,0.29727927838777973,RFX7,ns
64866,0.4062889386393138,0.1397047175480811,CDCP1,ns
6487,-0.6135758252323313,0.00029493709779342104,ST3GAL3,down
6489,-0.7139419436782442,0.013187942505782283,ST8SIA1,down
64895,0.0286908612945016,0.8931540685287787,PAPOLG,ns
64897,0.07194182412984951,0.5563931824591464,C12ORF43,ns
649,-0.6187479475449544,0.021371299653260834,BMP1,down
6490,0.6675148582905663,0.0006793457158365743,PMEL,up
64900,0.9797236216625098,0.05959797506982496,LPIN3,ns
64901,0.1474080674538314,0.4753621750253386,RANBP17,ns
6491,2.2466177725272436,6.170106446053225e-05,STIL,up
64919,-1.138495205449015,0.00018526714173153826,BCL11B,down
64921,-0.31188204607791015,0.0862922386245984,CASD1,ns
64924,0.5843047395270187,0.02418084331279521,SLC30A5,up
64925,0.23881604585317717,0.1434035063246789,CCDC71,ns
64926,-0.4404792416311718,0.003822421152684607,RASAL3,ns
64927,0.6434933068814193,0.0011759736360451487,TTC23,up
64928,0.7617006511518873,0.00011609232208685708,MRPL14,up
6494,-0.5744718646749334,0.01866623451998765,SIPA1,ns
64943,2.0558662493765754,0.0015783155897586153,NT5DC2,up
64946,0.8900276931917279,0.00398689531968584,CENPH,up
64949,0.4661947207873416,0.0024846029028830047,MRPS26,ns
64951,0.5001748205040926,0.025680792569752187,MRPS24,ns
64960,0.5523911005471405,0.017557176886097963,MRPS15,ns
64963,0.4924565813226458,0.008824987841464264,MRPS11,ns
64965,0.7543025656398301,0.003261270130784392,MRPS9,up
64968,-0.12740703772872486,0.38496117320486184,MRPS6,ns
64969,0.43674375619104033,0.0014755740999715028,MRPS5,ns
6497,-0.8745544901708051,4.726767760200382e-05,SKI,down
64975,0.4178535023961487,0.007995635404165365,MRPL41,ns
64976,0.7221132434388728,0.0025601972341954262,MRPL40,up
64978,0.5708980374695329,0.005408886084173013,MRPL38,ns
64979,0.526342384182386,0.0026168785195867677,MRPL36,ns
6498,0.15152812746411826,0.5471514357062929,SKIL,ns
64981,0.1994989599698389,0.16129913631817752,MRPL34,ns
64983,0.8673250260423568,0.00027370577069192256,MRPL32,up
6499,0.2147463235361311,0.11170240205730383,SKIC2,ns
650,-0.5741194337008801,0.005624328648619307,BMP2,ns
6500,-0.10299924704240127,0.331532458512966,SKP1,ns
65003,0.316152156380749,0.093315936607496,MRPL11,ns
65005,0.40627051655892465,0.026138962161284956,MRPL9,ns
65008,0.6456004122387338,0.009203304708666652,MRPL1,up
65010,0.42761781264016285,0.10214107523619197,SLC26A6,ns
65018,-0.40913177279470503,0.1352057962197741,PINK1,ns
6502,-0.10156920066587816,0.4260588441002439,SKP2,ns
6503,0.3243760628876302,0.14358650297458445,SLA,ns
6504,0.2151314351944329,0.44990314511485846,SLAMF1,ns
65056,0.1746477494127454,0.37436758746682414,GPBP1,ns
65057,0.06103869339465007,0.783308302916308,ACD,ns
65059,-0.6340554676932761,0.05562742674777815,RAPH1,ns
65062,0.07242897372836765,0.758592700462348,TMEM237,ns
65065,-0.008650338363630716,0.9728174921483909,NBEAL1,ns
6507,1.0851951470039491,0.0004858728557823646,SLC1A3,up
65078,-0.4590097009391112,0.04754987292307921,RTN4R,ns
6508,-0.676241134236494,0.010204284254159724,SLC4A3,down
65080,0.46067710553446517,0.03928634990251501,MRPL44,ns
65082,0.363958196125008,0.02015832621412377,VPS33A,ns
65083,0.41143345082988425,0.003085875384330849,NOL6,ns
65084,0.5262368693887636,0.026352586326527327,TMEM135,ns
6509,1.6709595835702125,0.0006536760763760972,SLC1A4,up
65094,0.5252944799464485,0.007423861316078648,JMJD4,ns
65095,0.06494971800592353,0.6927444603189794,KRI1,ns
651,-0.18483220008948464,0.35948216665177757,BMP3,ns
6510,0.726662589240199,0.004822218355949642,SLC1A5,up
65108,-1.2533588091628936,0.0003459196805229142,MARCKSL1,down
65109,0.26914842911049686,0.11174219153276736,UPF3B,ns
65110,-0.08946607757644642,0.6803501926677399,UPF3A,ns
65117,0.2992893937024963,0.10792700690332598,RSRC2,ns
6512,-0.9099717454700009,0.016656097014498602,SLC1A7,down
65123,-0.15277617010913325,0.38636300836839743,INTS3,ns
65124,-0.2813757482418904,0.22759740212082588,SOWAHC,ns
65125,-0.28871938576891587,0.16267596055471487,WNK1,ns
6513,-0.5466408975714714,0.04889919334924771,SLC2A1,ns
6515,-0.5813993132774886,0.28797559936483813,SLC2A3,ns
651746,-0.12481105485092847,0.5842560785331689,ANKRD33B,ns
6518,2.409560589289039,0.0012531515228932013,SLC2A5,up
6520,0.2530441238343144,0.21540587938783542,SLC3A2,ns
6521,-1.7423670339825046,0.05393329062714416,SLC4A1,ns
6522,0.2529020872383061,0.14461944871458673,SLC4A2,ns
65220,-0.08099175666475311,0.8465595524376581,NADK,ns
65243,0.17979863217638137,0.26142218519856164,ZFP69B,ns
65244,1.6973479516342023,0.0014547014966029969,SPATS2,up
65249,-0.12298110795991501,0.5743507521366731,ZSWIM4,ns
6525,0.8700173837998948,0.007290921078477733,SMTN,up
65250,-0.5041970983233837,0.019145787712645235,CPLANE1,ns
65251,-0.28809958357933496,0.23957930568104194,ZNF649,ns
65258,-0.3414234562373579,0.20456827705019107,MPPE1,ns
6526,0.07532272355939185,0.7871892292715049,SLC5A3,ns
65260,0.804262547720028,0.000713947127148086,COA7,up
65263,0.4842984991219943,0.06660497753306388,PYCR3,ns
65264,-0.14122349515256616,0.2808196015004409,UBE2Z,ns
65265,-0.06502149539973523,0.5073065364214433,C8ORF33,ns
65268,-0.3455300806786985,0.07101793831598768,WNK2,ns
6528,-0.26711006272989124,0.1969645314009696,SLC5A5,ns
652968,-0.5298203189308852,0.003344767062984436,CASTOR1,ns
653061,-0.35527768915505487,0.1511813186502332,GOLGA8S,ns
653073,-0.23334254784280528,0.29598017522535347,GOLGA8J,ns
653075,-0.36702306307253973,0.1372670629983049,GOLGA8T,ns
653082,-0.5974734111437225,0.019901195301754514,ZDHHC11B,down
653121,0.4558525171757122,0.03756399098902462,ZBTB8A,ns
653125,-0.6185943803685836,0.053649502750320786,GOLGA8K,ns
653149,0.27888514023727495,0.3124557570765239,NBPF6,ns
6532,-0.28968431881884715,0.2560491937374784,SLC6A4,ns
6533,-0.9089377151846367,0.07273943174497353,SLC6A6,ns
653308,0.2032708315849101,0.4407899687387605,ASAH2B,ns
653319,0.6871551171515158,0.013210566176900808,MATCAP1,up
653361,0.34751371362095895,0.43639824394146925,NCF1,ns
653464,0.12638810031827497,0.6034321297134616,SRGAP2C,ns
653486,-0.6550036021165022,0.027672447278705135,SCGB1C2,down
6535,-0.42488627417465086,0.28430137776474823,SLC6A8,ns
653513,-0.34291762535970083,0.1945696930013892,LOC653513,ns
653519,0.41172457187803513,0.06465384374326325,GPHRA,ns
653583,-0.23703450435505058,0.24504538393988987,PHLDB3,ns
6536,1.5256740098995154,0.0003487757043604019,SLC6A9,up
653659,0.32206563896624374,0.2518357374122357,TMEM183BP,ns
653720,-0.7096477591759607,0.009288408694519685,GOLGA8M,down
653784,-0.029383593431743904,0.9119700688993164,MZT2A,ns
653820,1.6451469371661185,1.885463359899615e-05,RUMY2,up
653857,-0.132643981664196,0.5184560544703466,ACTR3C,ns
6539,0.5651005052494753,0.23359691066723579,SLC6A12,ns
654,0.7956988221277763,0.044204919397115496,BMP6,up
6541,0.8335137460636339,0.006850599756545766,SLC7A1,up
654231,-0.32825399263501165,0.012054405989099449,OCM,ns
654254,-0.2176548872477948,0.08597481529198593,ZNF732,ns
654346,-1.6180651358988705,0.004279347541827989,LGALS9C,down
654364,1.0458179850611602,0.0012569266277795822,NME1-NME2,up
654483,0.8206256913822969,0.003155573508148015,BOLA2B,up
6546,-0.5002023869423571,0.3155461123688773,SLC8A1,ns
6547,-0.3487608265299649,0.23136398850226914,SLC8A3,ns
6548,-0.16605635230688698,0.5590251014566566,SLC9A1,ns
655,0.1632794375778701,0.49032617118645727,BMP7,ns
6550,-0.2632912168728794,0.08389742563662023,SLC9A3,ns
6553,0.05390375722863805,0.7226340284611938,SLC9A5,ns
6556,-0.7639546123841896,0.21681007181163686,SLC11A1,ns
6558,0.3390767168707267,0.23900433793158757,SLC12A2,ns
6559,0.15045682394281545,0.39659111765763483,SLC12A3,ns
656,0.7832931144381279,0.040397998814612375,BMP8B,up
6560,-0.15841713735344243,0.3428914069604283,SLC12A4,ns
6563,-0.7118811647069672,0.04583917140508579,SLC14A1,down
6565,0.11064387165518319,0.6742300392268246,SLC15A2,ns
6566,1.3588183606261293,0.0025738121073201775,SLC16A1,up
657,-0.31911685742767837,0.05521366244777853,BMPR1A,ns
6571,-0.5500777466796523,0.02015832621412377,SLC18A2,ns
6573,-0.2625743266426994,0.5720879563639724,SLC19A1,ns
6574,0.03438911341875617,0.8519142835059943,SLC20A1,ns
6575,0.0025090793757396312,0.9871652467468965,SLC20A2,ns
6576,-0.015560975402458155,0.9321124681578139,SLC25A1,ns
6579,-0.10553688104769243,0.6492318608040706,SLCO1A2,ns
6580,-0.19755470700342048,0.7106485607909093,SLC22A1,ns
6581,-0.006733240737681889,0.9743707122488715,SLC22A3,ns
6583,-0.3221746301305286,0.5993585563335084,SLC22A4,ns
6584,-0.09754159189724021,0.620710396826164,SLC22A5,ns
6585,0.44568358174830625,0.006251338952148492,SLIT1,ns
659,-0.3314214689775099,0.17523126891923246,BMPR2,ns
6590,-1.0068150974353038,0.16872128993755217,SLPI,ns
6594,0.11519979022686222,0.6309514657721539,SMARCA1,ns
6595,-0.4844522590096876,0.0049659519832053,SMARCA2,ns
6596,0.8945257253666448,0.01511169848667072,HLTF,up
6597,0.2519388905089741,0.10901046518612809,SMARCA4,ns
65975,0.2241418081929547,0.40918100149964237,STK33,ns
65977,-0.1259756496742579,0.343425065484197,PLEKHA3,ns
65979,0.13502991029496947,0.3962908267382823,PHACTR4,ns
6598,0.3720371720121953,0.12814259170008294,SMARCB1,ns
65980,0.09053048126332186,0.4393592913373687,BRD9,ns
65981,-0.508254956934878,0.005032560720905087,CAPRIN2,ns
65982,-0.7557255848724527,0.01327214214739324,ZSCAN18,down
65983,0.2692795462023758,0.16220803621670704,GRAMD2B,ns
65985,0.3694412911030378,0.040246268547364496,AACS,ns
65986,-1.3169240979047583,0.03282546071550394,ZBTB10,down
65988,0.05302498634819752,0.6207918439522169,ZNF747,ns
65989,-0.11380352125099957,0.3606809778882332,DLK2,ns
6599,-0.15878297257516039,0.20563100891220693,SMARCC1,ns
65990,0.08115701084075955,0.70129414770866,ANTKMT,ns
65991,0.4204854855967284,0.013121595064851622,FUNDC2,ns
65992,0.2526366910304887,0.013948391771547965,DDRGK1,ns
65993,0.422615119024945,0.034612461931496884,MRPS34,ns
65998,-0.30311153038660965,0.08196640197906581,ZFTA,ns
65999,0.4612142156975869,0.03235695041968246,LRRC61,ns
660,0.40791535052298045,0.37895532331133763,BMX,ns
66000,0.5320779190842471,0.09316581336582423,TMEM108,ns
66002,-0.37488085680490446,0.2271938209010016,CYP4F12,ns
66004,-1.6437057433844844,4.213976059030322e-05,LYNX1,down
66005,0.8781091695724257,0.001125995296772007,CHID1,up
66008,-0.07081065240958218,0.6143110468109094,TRAK2,ns
6601,-0.3333063390930615,0.016582061383733467,SMARCC2,ns
6602,-0.013527579827201208,0.916366089885443,SMARCD1,ns
6603,0.06585349491527381,0.6523945013717901,SMARCD2,ns
66035,-0.1412499006054766,0.5088199507038729,SLC2A11,ns
66036,-0.15809166591331447,0.1848025347558534,MTMR9,ns
6604,-0.6637947972478493,0.1334343354005266,SMARCD3,ns
6605,0.01320663444892567,0.9189165338817122,SMARCE1,ns
6606,0.40636585765799005,0.04948348580557506,SMN1,ns
6607,0.3472604439833873,0.2936011563379657,SMN2,ns
6609,-0.09585854645549752,0.39863516186472525,SMPD1,ns
661,0.557073192513351,0.006171520215274871,POLR3D,ns
6610,0.05563265728678868,0.7515885887122863,SMPD2,ns
6611,0.1582396968533928,0.2640235674123093,SMS,ns
6612,-0.07559187943567736,0.6752420786643053,SUMO3,ns
6613,0.08855540487756386,0.3385012101619238,SUMO2,ns
6614,2.5632877865719905,0.0033804887182823594,SIGLEC1,up
6615,-0.40086430907207493,0.5193536245293031,SNAI1,ns
6617,0.16066266011453934,0.3609988296642756,SNAPC1,ns
6618,-0.34644243634490124,0.049280642808441494,SNAPC2,ns
6619,0.25022594899356676,0.23449192637936755,SNAPC3,ns
662,0.15496719135800863,0.6083835728750118,BNIP1,ns
6621,-0.15703829993656448,0.5058542180486577,SNAPC4,ns
6622,-1.1893834006141555,0.015211500864582039,SNCA,down
6624,-0.017497455485026236,0.9630877971912793,FSCN1,ns
6625,0.2524659171617625,0.18987924546030838,SNRNP70,ns
6626,-0.01215652530322231,0.964439782568279,SNRPA,ns
6627,0.7013735507062062,0.006399456080903675,SNRPA1,up
6628,0.38534743236227165,0.015065335589597693,SNRPB,ns
6629,0.49902112759484396,0.010154489435410434,SNRPB2,ns
663,-0.24537566144056377,0.20464476914996949,BNIP2,ns
6631,0.5377717679417042,0.004878417460747969,SNRPC,ns
6632,0.8047108644980678,0.001847150818659948,SNRPD1,up
6633,0.12197811735055986,0.5880572686008838,SNRPD2,ns
6634,0.10416196279875933,0.42963165555892346,SNRPD3,ns
6635,0.513407314454497,0.04298750327605853,SNRPE,ns
6636,0.3461753031858752,0.14654284006453397,SNRPF,ns
6637,1.1745822182130574,7.128992441260496e-05,SNRPG,up
6638,-0.2996806494543609,0.08005132162272209,SNRPN,ns
664,0.2780070474035323,0.12804319717214943,BNIP3,ns
6640,-0.7653579611062922,0.001353301723686079,SNTA1,down
6641,-0.12200998000954222,0.6887340419624496,SNTB1,ns
6642,0.2516841866478323,0.237996961941485,SNX1,ns
6643,0.055474782616142804,0.7917234722326882,SNX2,ns
6645,-0.4891272876738917,0.003821066712686284,SNTB2,ns
6646,0.22046788462140476,0.4482129241292127,SOAT1,ns
6647,0.1264573159822504,0.4935564929911389,SOD1,ns
6648,-0.6326213501152669,0.33048182750458416,SOD2,ns
665,-0.6315885123140692,0.016256649031199513,BNIP3L,down
6650,-0.3441967554151386,0.09913536733327691,CAPN15,ns
6651,-0.17079404842288604,0.20637920444046917,SON,ns
6652,-0.0056962863993081925,0.9766098548028718,SORD,ns
6653,-1.523815229076975,0.000630386947054791,SORL1,down
6654,-0.06591517209464293,0.5955816407497355,SOS1,ns
6655,-0.8146769312168818,0.003913096924684622,SOS2,down
6659,-0.9026253982950623,0.0031374405626160983,SOX4,down
666,-0.921097990097719,0.1168262752876322,BOK,ns
6660,-0.1353238151343703,0.5697373771268246,SOX5,ns
6665,-0.2454301991958312,0.13754179312102757,SOX15,ns
6666,-0.27017757950144716,0.22681936482958925,SOX12,ns
6667,-0.2296043401084571,0.2664471521844806,SP1,ns
6668,-0.230056937593611,0.3796926970599508,SP2,ns
667,-0.17658519091161473,0.487541339282521,DST,ns
6670,-0.05616077499189842,0.7473554276916713,SP3,ns
6671,-0.19346366225521372,0.44037421471204136,SP4,ns
6672,0.7082185035661315,0.0020542560173698594,SP100,up
6674,0.19389641321618623,0.29019599090580833,SPAG1,ns
6675,1.5949211978150224,0.003265491426299842,UAP1,up
6676,1.3343804230242045,0.00019187716392788198,SPAG4,up
6678,-1.0864277773491136,0.0703064046166201,SPARC,ns
6683,-0.07033482070152353,0.6613976694815158,SPAST,ns
6687,-0.15749470471540583,0.1564440882370171,SPG7,ns
6688,-0.6298567805641735,0.23840933951229176,SPI1,ns
6689,-0.9563872193411367,0.007324542776458901,SPIB,down
669,0.17834438798229613,0.4440083189334402,BPGM,ns
6691,-0.3925925498496454,0.034819603060366605,SPINK2,ns
6692,-0.5558658231385643,0.18307464674958218,SPINT1,ns
6693,-0.13146879465779193,0.6559785872281003,SPN,ns
6695,-0.18363853225142712,0.4244049834441614,SPOCK1,ns
6696,0.3844924067829023,0.30908955062798554,SPP1,ns
6697,-0.022932413295166043,0.9252139928780444,SPR,ns
670,-0.3201945112222546,0.032012480275738754,BPHL,ns
6708,0.5197306646373114,0.22267295482936394,SPTA1,ns
6709,-0.01656107269489482,0.9416296009090017,SPTAN1,ns
671,-0.4910328228501548,0.45309341879246595,BPI,ns
6710,-1.1288447788865614,0.017153655918199028,SPTB,down
6711,0.5047456772652001,0.10407893704022225,SPTBN1,ns
6712,0.024226328042076695,0.9343470816437539,SPTBN2,ns
6713,1.0485255636284627,0.0003992293935653016,SQLE,up
6714,-0.11989378517491112,0.7952441487424966,SRC,ns
6715,-0.11961725767540266,0.5600121990544564,SRD5A1,ns
6717,0.3956230396630005,0.003383647229894021,SRI,ns
672,1.6484996369734883,9.521252186486282e-05,BRCA1,up
6720,0.29811831305684855,0.1711745525173777,SREBF1,ns
6721,0.19637182695732314,0.18061982342449323,SREBF2,ns
6722,-0.1344839033816072,0.5299530982267182,SRF,ns
6723,1.218982135410684,0.005625803490831344,SRM,up
6726,0.2910362462448006,0.03848795294400635,SRP9,ns
6727,0.2641022154693058,0.05040518299383207,SRP14,ns
6728,0.8559821750043852,0.0005399088444992155,SRP19,up
6729,1.6008334601929466,8.675113418030572e-05,SRP54,up
673,-0.4690206889206312,0.0022089388923631687,BRAF,ns
6730,0.8506489001133843,0.001125995296772007,SRP68,up
6731,0.5372886441886511,0.013185095031643546,SRP72,ns
6732,0.530164961994803,0.03187708728584332,SRPK1,ns
6733,-0.40644917294268623,0.012336636405989984,SRPK2,ns
6734,0.7629650141322859,0.005430210470418565,SRPRA,up
6737,0.5773743376497187,0.06716956857048369,TRIM21,ns
6738,0.25872211961913294,0.11860583299685175,RO60,ns
6741,0.8066836990500033,0.004260281646267682,SSB,up
6742,0.5382841924300443,0.01898803706270295,SSBP1,ns
6744,-0.19245936866934166,0.4485728550210775,ITPRID2,ns
6745,0.7489511101767299,0.007266417433935101,SSR1,up
6746,0.11497460311912988,0.6665599282378099,SSR2,ns
6747,1.3121988364113406,0.0018513344718511487,SSR3,up
6748,1.1123825486290624,0.00380751879078171,SSR4,up
6749,0.38940782196704227,0.0538652486867099,SSRP1,ns
675,1.8241172370765266,1.4916050325969114e-05,BRCA2,up
6753,0.7767048461943897,0.026896363358274653,SSTR3,up
6760,0.33114964223365995,0.009860915533931446,SS18,ns
6764,-0.9352202874471427,0.002991736134679876,DENND2B,down
6767,-0.48329106055709836,0.0005736218952295913,ST13,ns
6768,0.4319852720000412,0.19908341946213623,ST14,ns
677,-1.3070681846515804,0.005608977990588992,ZFP36L1,down
6772,1.1560896487808083,0.018834038971074628,STAT1,up
6773,0.764240704331483,0.07138729082514936,STAT2,ns
6774,0.22283781678445713,0.36241895281787695,STAT3,ns
6775,-0.3618829307104203,0.28659715914348216,STAT4,ns
6776,-0.34757505517012355,0.10498984447293253,STAT5A,ns
6777,-0.715223958297619,0.007526443871728346,STAT5B,down
6778,-0.49693013801246444,0.1013088669904367,STAT6,ns
678,-1.021633994713449,0.0016693294299762376,ZFP36L2,down
6780,0.1407281371983089,0.226933836026458,STAU1,ns
6782,1.1751984859002143,0.012656712548441557,HSPA13,up
6785,-0.12468597204891019,0.720144443469825,ELOVL4,ns
6786,-0.42367048754330305,0.010188051229003679,STIM1,ns
6787,0.1937252178123785,0.24794411711465364,NEK4,ns
6788,0.07994114332473323,0.8202830912456887,STK3,ns
6789,-0.16797035965583085,0.31627799845864113,STK4,ns
6790,2.150377614431033,4.3656639484986385e-05,AURKA,up
6792,-0.43057653583231925,0.026993272394436385,CDKL5,ns
6793,-0.5745512639337029,0.0027232931858254153,STK10,ns
6794,-0.23787189282954024,0.016093635794564933,STK11,ns
6799,-0.010032970020027676,0.9655211739227709,SULT1A2,ns
6801,-0.2628412186230644,0.10393737490352056,STRN,ns
6804,-0.44792967484730095,0.12566583789101657,STX1A,ns
6809,-0.43525606238049264,0.4448037695169021,STX3,ns
6810,0.09668217830248693,0.462543561788185,STX4,ns
6811,0.05122607973705939,0.7951797563164135,STX5,ns
6812,-0.7631882641899699,0.0005652460239686725,STXBP1,down
6813,-0.06634728556021763,0.8380701078437246,STXBP2,ns
6814,0.014517883546055543,0.9543952669732932,STXBP3,ns
6815,-0.05168834015718993,0.7111733677808725,STYX,ns
6817,-0.47010569982265693,0.22833003939314106,SULT1A1,ns
6818,1.1112134313521,0.2636409577290699,SULT1A3,ns
682,0.14091520655570555,0.45541615173265454,BSG,ns
6821,0.47677809153525974,0.03642949979207145,SUOX,ns
6827,-0.19629425569890202,0.31919273457521713,SUPT4H1,ns
6829,0.3616115602096084,0.007404979621894719,SUPT5H,ns
683,-0.18043283852963476,0.6988141933214322,BST1,ns
6830,0.21787235012604178,0.06722728579385868,SUPT6H,ns
6832,0.47860425397917794,0.015689963563566754,SUPV3L1,ns
6834,0.15669099318932567,0.3056626736790007,SURF1,ns
6835,-0.10791739100849895,0.4715552911395426,SURF2,ns
6836,0.4057791203132499,0.017191873673305613,SURF4,ns
6837,-0.1834369592691445,0.08495415156611409,MED22,ns
6838,0.11499490561702963,0.4831150011977166,SURF6,ns
6839,0.6080973035931301,0.013911034554047495,SUV39H1,up
684,1.0184939596047204,0.0019575403966036954,BST2,up
6840,-0.7955678470020864,0.043482256176824635,SVIL,down
6843,0.19438847165224793,0.5742481078548516,VAMP1,ns
6844,-1.0827409147278804,0.0003012902177839491,VAMP2,down
6845,-0.1910098688957298,0.25122885132962497,VAMP7,ns
6846,-0.9521546783688093,0.01062516724967421,XCL2,down
6850,-0.08562139387727719,0.6922204370482176,SYK,ns
6853,-0.29743651263431303,0.36883397847798277,SYN1,ns
6854,0.3261035506590755,0.1645058301690242,SYN2,ns
6855,-0.13097077751951236,0.5139266836784779,SYP,ns
6856,-0.7241185707539515,0.0005885147175664921,SYPL1,down
6857,0.47694744039622705,0.10634670240289276,SYT1,ns
686,-0.3250156430340656,0.024588379628807285,BTD,ns
6867,-0.07489619874615627,0.5820710082981566,TACC1,ns
6868,0.45197087690143967,0.01062635311422316,ADAM17,ns
687,-0.9270580223692715,0.048844577665840466,KLF9,down
6871,0.2002840440220126,0.2807912096469731,TADA2A,ns
6872,-0.33849914505676537,0.08620671781196593,TAF1,ns
6873,0.5218509051512594,0.0008539374904492245,TAF2,ns
6874,-0.5645968759941216,0.00037711850467579444,TAF4,ns
6875,0.7438011398276334,0.01033933767942722,TAF4B,up
6876,-0.5302934624281006,0.08093925411597092,TAGLN,ns
6877,0.48158936517966033,0.00232044855954107,TAF5,ns
6878,0.09532724644700963,0.6704628321937871,TAF6,ns
6879,-0.24204222636240047,0.32115056738358644,TAF7,ns
688,-0.4327366221221718,0.39575256140154386,KLF5,ns
6880,0.3298204161012581,0.012422925911688264,TAF9,ns
6881,-0.15752795298186228,0.5978326395599951,TAF10,ns
6882,0.4432252179765097,0.0018592866326608466,TAF11,ns
6883,0.26074122176862424,0.056596293312819415,TAF12,ns
6884,0.3088750640826632,0.35751457550171944,TAF13,ns
6885,0.007923033187182682,0.9663475386277546,MAP3K7,ns
6886,-1.0267195400911326,0.022121408325072332,TAL1,down
6888,-0.12801617416317157,0.6987389563214598,TALDO1,ns
689,-0.42163474201289297,0.013619862220878888,BTF3,ns
6890,0.959436045421775,0.0022491823486376944,TAP1,up
6891,0.38177516895575003,0.14418757393614276,TAP2,ns
6892,-0.018892358057728487,0.9349215683242684,TAPBP,ns
6894,-0.3865554330831795,0.019070850155327265,TARBP1,ns
6895,0.23382167342675153,0.0629452651845876,TARBP2,ns
6897,1.3030612375746244,3.910757971941534e-05,TARS1,up
6901,-0.4099200158966969,0.04352965885883242,TAFAZZIN,ns
6902,0.4335769247391674,0.014108034685956799,TBCA,ns
6903,-0.29932406029578296,0.07012079129445926,TBCC,ns
6904,-0.37707375443121194,0.0011792996480666674,TBCD,ns
6905,0.4149322214456035,0.001482130009138272,TBCE,ns
6907,-0.6507275904535206,0.007573630615879019,TBL1X,down
6908,0.0994740639013969,0.4823280703261846,TBP,ns
6911,-0.18850834660426674,0.37055002444600715,TBX6,ns
6915,-0.2758285680910433,0.4448310940965502,TBXA2R,ns
6916,-0.6883767611973859,0.03704809155184104,TBXAS1,down
6917,0.08941993233465517,0.6426557708337323,TCEA1,ns
6919,-0.5148976562620762,0.001429442488648898,TCEA2,ns
6920,-0.48386875774815685,0.12665898911182832,TCEA3,ns
692094,-0.3141640860660777,0.04330327697853311,MSMP,ns
6921,0.6020069884243,0.0013640886036501048,ELOC,up
6923,0.11760564110573135,0.5533926911097746,ELOB,ns
692312,0.10958486782896593,0.7095196712468642,PPAN-P2RY11,ns
6924,0.07410192946424843,0.6705990494879381,ELOA,ns
6925,0.561730627263394,0.016860547150225492,TCF4,ns
6927,0.13497946198900213,0.35812058387709317,HNF1A,ns
6929,0.417357793019292,0.1722983339440043,TCF3,ns
6932,-1.1237252009030207,0.0014992884808300326,TCF7,down
6934,-0.6416114540303841,0.14261586609397764,TCF7L2,ns
6935,-0.29853492567273854,0.23068785945252188,ZEB1,ns
6936,0.05621025778479094,0.7404325413163777,GCFC2,ns
6938,0.015387414774041375,0.9362267010762672,TCF12,ns
694,-0.9865278627556755,0.0011233978912054327,BTG1,down
6940,-0.3345437497212034,0.09543790592842669,ZNF354A,ns
6941,1.4481064563950596,0.0011897907279792334,TCF19,up
6942,-0.4304281332398343,0.0073885285940298055,TCF20,ns
6944,0.20866955788029706,0.08741883499950685,VPS72,ns
6945,0.28122371893062414,0.08565965536270036,MLX,ns
6947,-0.515860028296907,0.39175827688284515,TCN1,ns
6948,1.766101813208918,0.0023166959128454925,TCN2,up
6949,0.2630855856845056,0.10481896281598845,TCOF1,ns
695,0.4303200415444586,0.030791295561747454,BTK,ns
6950,0.6542114363917815,0.0013732215204659327,TCP1,up
696,0.455419998921724,0.01721179867825598,BTN1A1,ns
6988,-0.3115156546333928,0.03302439534779472,TCTA,ns
699,3.567184206249113,3.490240435663177e-05,BUB1,up
6990,-0.2660509683129,0.2354253682171477,DYNLT3,ns
6992,-0.07698298673910386,0.6966288021346142,PPP1R11,ns
6993,0.6145056853348922,0.05034256395666202,DYNLT1,ns
6996,0.8762531016837976,0.0006890076833810907,TDG,up
7001,0.21833028354759776,0.46784679598686113,PRDX2,ns
7006,0.0687269903235892,0.7136830502034839,TEC,ns
7007,0.3381855136075691,0.02189815021436163,TECTA,ns
7008,-0.31799216413424514,0.19081287948364697,TEF,ns
7009,-0.09111951083877834,0.3951269405589928,TMBIM6,ns
701,2.7187211248136958,3.662575912528215e-05,BUB1B,up
7011,-0.1598485030271899,0.4329502887486704,TEP1,ns
7013,0.3330852499006145,0.025987924625720662,TERF1,ns
7014,0.15138091513822793,0.39048583603021103,TERF2,ns
7015,1.1669109365576436,0.0009163423363677026,TERT,up
7016,-0.5396680963098852,0.04737245776384355,TESK1,ns
7019,0.14791354113411437,0.5771781162930972,TFAM,ns
7023,-0.4360339512814768,0.04435413073555203,TFAP4,ns
7024,-0.16002242494939978,0.23183985518561886,TFCP2,ns
7027,0.5612758785891909,0.0023166959128454925,TFDP1,ns
7029,-0.8057894824228526,0.0011213966577360913,TFDP2,down
7030,-0.26956280942237143,0.5080880604636242,TFE3,ns
7035,-0.11879360477716272,0.6451559953349452,TFPI,ns
7036,-0.13865099938658698,0.5599357815419844,TFR2,ns
7037,0.42584738106555875,0.09306744805242864,TFRC,ns
7038,0.12026923497142938,0.692070611020571,TG,ns
7039,-1.0342716696864631,0.05055807019202918,TGFA,ns
7040,-0.7255229168769723,0.056722177017599115,TGFB1,ns
7041,-0.9800212837628868,0.037159952373564745,TGFB1I1,down
7042,-0.25222560841261465,0.18468933504130566,TGFB2,ns
7043,-0.595621216222229,0.0005713704352444669,TGFB3,down
7044,0.4315971289981455,0.06979056238335468,LEFTY2,ns
7045,-1.2740952106130479,0.008623940229772774,TGFBI,down
7046,-0.7136955437060237,0.019535049681181475,TGFBR1,down
7048,-0.7684315752757467,0.000630386947054791,TGFBR2,down
7049,-0.967091852781083,0.022200430887022546,TGFBR3,down
705,0.8747925865277795,0.0026111048821300313,BYSL,up
7050,-0.8244123936419987,0.0022777765825789794,TGIF1,down
7051,0.41392733042274177,0.07305434179606024,TGM1,ns
7052,1.0209197954856766,0.06705180537919794,TGM2,ns
7053,-0.8062298398133931,0.1236630815573964,TGM3,ns
7056,-0.6299636510962507,0.37451510617137046,THBD,ns
7057,-1.8404586377466767,0.021644997440157323,THBS1,down
7058,-0.3064488686385243,0.07738478227537329,THBS2,ns
7059,-0.2562055952976374,0.4192972276830287,THBS3,ns
706,-0.43050836017064675,0.1882138035455948,TSPO,ns
7064,0.6572651252886974,0.004371310416836864,THOP1,up
7067,-0.9440726240663881,0.0008249399309876463,THRA,down
7068,-0.40797902940498965,0.051439571503345966,THRB,ns
7071,-0.797914922976755,0.1347664887050435,KLF10,ns
7072,0.03445742724366596,0.8491168994462236,TIA1,ns
7073,0.19473694940467112,0.006789326163163992,TIAL1,ns
7074,-0.9732984037670853,0.0028397313378843107,TIAM1,down
7075,-0.089523269891159,0.5924527728770299,TIE1,ns
7076,-0.3857634980804132,0.4654290064961769,TIMP1,ns
7077,-0.279408242381022,0.47671837286197244,TIMP2,ns
708,0.5602912586388697,0.014345934104781589,C1QBP,ns
7083,2.8450176435616488,4.067569541545726e-05,TK1,up
7084,-0.2375053511475933,0.2368361098029661,TK2,ns
7086,-0.7090795876776426,0.036506809734750914,TKT,down
7087,0.017453978957625793,0.9363227453947818,ICAM5,ns
7088,-0.7745775271213473,0.002946725017883863,TLE1,down
7089,-0.9956290254954316,0.00047075744720906446,TLE2,down
7090,-0.20674309057676687,0.6557921594115546,TLE3,ns
7091,-0.08022795891542955,0.7188057205691949,TLE4,ns
7093,0.4603156687986818,0.0076802789502622626,TLL2,ns
7094,-0.5101256566054033,0.08669092012290969,TLN1,ns
7095,0.6757478821164522,0.006323415725971861,SEC62,up
7096,0.009852135986715638,0.9843704682354016,TLR1,ns
7097,-0.0036316024996754237,0.9941956222215246,TLR2,ns
7098,0.04254111582746667,0.9300163039776971,TLR3,ns
7099,0.07662704719747815,0.9053855157367372,TLR4,ns
71,0.18305231004049283,0.2859894783088208,ACTG1,ns
710,2.311535689573782,0.016480632003258038,SERPING1,up
7100,-0.48793792981051,0.32253414357570676,TLR5,ns
7105,-0.3447526296169512,0.03148992052344634,TSPAN6,ns
7106,-0.316986593026682,0.22956377275976472,TSPAN4,ns
7107,-0.66892150419421,0.016890268854196862,GPR137B,down
7108,0.06134905724944861,0.7912469621137737,TM7SF2,ns
7109,-0.5287657369689516,0.0010607923948296085,TRAPPC10,ns
7110,0.20060015971433565,0.26091051117612696,TMF1,ns
7111,-0.4637979692031804,0.15916234366189635,TMOD1,ns
7112,0.7206937723001037,0.0020823724905170127,TMPO,up
7114,-0.10786810327081042,0.5654907109682881,TMSB4X,ns
712,1.5226536091151281,0.005465288674914489,C1QA,up
7122,-0.9521586265496031,0.021201108503862514,CLDN5,down
7123,0.061769805336093775,0.7398865834404806,CLEC3B,ns
7124,-0.42760469955752267,0.5165497987586831,TNF,ns
7125,-0.3024910016236033,0.1236282844619547,TNNC2,ns
7126,-0.05994953575000217,0.6468100259911893,TNFAIP1,ns
7127,-0.7483891425234503,0.1719350155280314,TNFAIP2,ns
7128,-0.6521499175532988,0.4194104480134479,TNFAIP3,ns
713,2.351386237389031,0.0005787639579050334,C1QB,up
7130,1.0673362486458071,0.14216415778361516,TNFAIP6,ns
7132,-0.3453022139118662,0.462543561788185,TNFRSF1A,ns
7133,-0.7551563320493706,0.04937808055650369,TNFRSF1B,down
7136,-0.43199105337606003,0.15265638191445588,TNNI2,ns
7138,0.9080828974383595,0.050043764600381443,TNNT1,ns
714,3.1002554332185657,4.731599944786631e-05,C1QC,up
7140,0.07465309786051666,0.7826655430013588,TNNT3,ns
7143,-0.8141442179067484,0.00015372352521122315,TNR,down
7145,-0.0341362590306149,0.948872423031736,TNS1,ns
7148,-0.7509505905574452,0.01745999861917469,TNXB,down
715,0.7844116693347454,0.0024750682023517868,C1R,up
7150,1.6995821823411639,2.4821402034115094e-05,TOP1,up
7153,3.0032341976419596,3.490240435663177e-05,TOP2A,up
7155,-0.04393822373289069,0.8753375825457951,TOP2B,ns
7156,0.2812010697796037,0.04881942095671378,TOP3A,ns
7157,0.1952974876184932,0.4619805408197615,TP53,ns
7158,0.18746276985637245,0.1875050733411777,TP53BP1,ns
7159,-0.21520401467507178,0.16712896602306218,TP53BP2,ns
7161,2.163133996206395,0.0006145912502004334,TP73,up
7162,-0.02884125000680804,0.9347290121348871,TPBG,ns
7163,1.0243556004990602,0.03888549293956488,TPD52,up
7165,-0.14282927513357357,0.5207903884001986,TPD52L2,ns
7167,0.2587646465278919,0.11521613447314684,TPI1,ns
7168,-0.5359091136478291,0.07882234230913233,TPM1,ns
7169,-0.040502051170056674,0.9129026560152139,TPM2,ns
717,1.8897317866458723,0.004856804805424467,C2,up
7170,-0.14350604804186418,0.35068610965963165,TPM3,ns
7171,0.09408827749802562,0.6453192447793857,TPM4,ns
7172,0.1572972076500747,0.5333198610736869,TPMT,ns
7174,0.5855086248186474,0.006340144790140646,TPP2,up
7175,-0.010644075748455606,0.9496394337418825,TPR,ns
7177,-0.7455483459587189,0.007939887718191792,TPSAB1,down
7178,-0.6588777347488293,0.0010583620029187921,TPT1,down
718,-0.7502372173715894,0.06304272205891638,C3,ns
7181,0.15975417080424403,0.2795129521532543,NR2C1,ns
7182,-0.2756316950078759,0.12155417569890055,NR2C2,ns
7184,2.1555366184408005,0.0009617278100291719,HSP90B1,up
7185,-0.5591852753396989,0.03425696188722789,TRAF1,ns
7186,0.4907546504236171,0.0038038774542553076,TRAF2,ns
7187,0.08280177881865569,0.5110489670771452,TRAF3,ns
7188,-0.6412892587224075,0.002446003450957605,TRAF5,down
7189,-0.3694027128255186,0.055180208338132,TRAF6,ns
719,0.854559917812276,0.17694847192369736,C3AR1,ns
720,0.8438950565727321,0.09124250530701947,C4A,ns
7203,0.5527505548398413,0.006184668690524846,CCT3,ns
7204,-0.6009656317986689,0.0006826893692295545,TRIO,down
7205,1.141263578533497,1.3345101638205109e-05,TRIP6,up
721,1.9665902279567513,0.00029958600154218507,C4B,up
7216,0.23083272663649268,0.20071349518235346,TRO,ns
722,-0.170103037207884,0.587034186707686,C4BPA,ns
7220,-0.28449491231956525,0.20294979813904962,TRPC1,ns
7222,-0.19193263707936215,0.37554029777913184,TRPC3,ns
7225,-0.04087474003648417,0.8491168994462236,TRPC6,ns
7226,0.1506318857937341,0.7342787598778785,TRPM2,ns
7227,-0.5337953653343934,0.07748764039441373,TRPS1,ns
723790,0.43130980617260306,0.4292109816641948,H2AC19,ns
7247,-0.009520977443360223,0.9636442888402016,TSN,ns
7248,-0.08383741078846185,0.32278433303752335,TSC1,ns
7249,-0.096427490362343,0.6109036461061573,TSC2,ns
7251,0.6034365191316908,0.0001278637208578758,TSG101,up
7253,2.1342446836787827,0.0011807009301283487,TSHR,up
7257,0.0504922086421562,0.8518924991806064,TSNAX,ns
7259,-0.6122440542397847,0.01972419053343685,TSPYL1,down
726,-1.3078391921221284,9.085172370382534e-05,CAPN5,down
7260,0.48014841973146716,0.002094103778930807,EIPR1,ns
7262,-0.4623718036245661,0.4057269190367401,PHLDA2,ns
7263,-0.002673706584671365,0.9925275253209892,TST,ns
7264,0.3100550000739162,0.08376148207111526,GFUS,ns
7265,0.4621443380668353,0.0006191103378670902,TTC1,ns
7266,0.64074844736062,0.0011552670748891808,DNAJC7,up
7267,-0.43432546273864325,0.003217978837513626,TTC3,ns
7268,0.342106037040911,0.04081156841540362,TTC4,ns
727,-0.056266388523424915,0.8447262522764667,C5,ns
7270,0.24485077223145169,0.057594960343725445,TTF1,ns
7272,2.2313845790785773,7.990571984736279e-05,TTK,up
7273,-0.7852951399826225,0.0024412044088664552,TTN,down
7275,-0.1451254316861288,0.370247367538089,TUB,ns
7277,-0.2496912077955855,0.442671818428545,TUBA4A,ns
727800,-0.10589296416908223,0.8365380667578006,RNF208,ns
727851,-0.10436255864401467,0.5970077720293137,RGPD8,ns
727866,0.056848562959046944,0.7918862558555387,FAM156B,ns
727909,-0.5578173344732429,0.18314401160433372,GOLGA8Q,ns
727910,-0.021632227153597583,0.9330998359697107,TLCD2,ns
727957,-0.3235464567312647,0.07806758661756281,MROH1,ns
728,-0.941911485732362,0.1639303467255441,C5AR1,ns
7280,-0.4501410919254294,0.5267198237188515,TUBB2A,ns
728047,-1.2456400968802361,0.0017664066757655625,GOLGA8O,down
728118,-0.09965735634571615,0.6560002306641698,NUTM2A,ns
728130,0.01751687520504852,0.9315051333472631,NUTM2D,ns
728229,-0.25801770304915017,0.18021006903529654,TMEM191B,ns
728239,-0.15767989184619235,0.3815012477657828,MAGED4,ns
728294,-0.13094790344160057,0.5997891338934506,D2HGDH,ns
7283,1.793425925362409,0.00019710946033994273,TUBG1,up
728340,0.9393496530196002,0.12937565005899365,GTF2H2C,ns
728358,-1.4799665532301,0.10528367290401652,DEFA1B,ns
728392,-1.077326909205711,0.007327066922976267,SMIM48,down
7284,0.4460812113036354,0.0296604404234335,TUFM,ns
728441,0.06010278934467195,0.7630132379032518,GGT2P,ns
728489,-0.2147281966333372,0.4464983819019844,DNLZ,ns
728492,-0.34463960730528065,0.01428668763562996,SERF1B,ns
728498,-0.4081406326097534,0.07961380426595173,GOLGA8H,ns
728537,-0.163104209581177,0.319751763484193,C2ORF92,ns
728568,0.395615665893601,0.00790249919456308,UQCC6,ns
728577,-0.5384124918369109,0.18978399866831774,CNTNAP3B,ns
7286,0.2750579648592062,0.21262707224621655,TUFT1,ns
728621,0.06069508084241804,0.7778300885842397,CCDC30,ns
728635,-0.3291761507245683,0.026766958956989752,DHRS4L1,ns
728642,0.44348648228147347,0.37159540931403323,CDK11A,ns
728656,-0.5702276461331435,0.03286703677408043,DMRTC1B,ns
728661,-0.22767600054240056,0.26778167038842116,SLC35E2B,ns
728689,1.1029261222171973,0.359944333462418,EIF3CL,ns
728734,0.34360002335554984,0.23576546892853087,NPIPB8,ns
728741,-0.16269640627699467,0.5893781322086141,NPIPB6,ns
728747,-0.04880852999506402,0.8990453278157812,ANKRD20A4P,ns
728763,-1.722704323370575,2.4643204638684142e-05,CROCC2,down
728833,1.5896818399442818,4.337072788359985e-06,RUMY4,up
728841,-0.4392910771135945,0.0416942716905878,NBPF8,ns
728888,0.3475327357979694,0.33434156360005607,NPIPB11,ns
7289,-0.010426044623747188,0.9575705006959041,TULP3,ns
728927,-0.3714922082880152,0.10541073400267158,ZNF736,ns
7290,0.2107586429809185,0.04691530156221204,HIRA,ns
729092,0.12748840850321663,0.46730078579563367,AGAP5,ns
7292,-0.7315462451752763,0.0011552670748891808,TNFSF4,down
729220,0.02437775042353696,0.9350012339617829,FLJ45513,ns
729230,2.2330166643820135,0.003786530110145762,CCR2,up
729262,-0.21968723168621906,0.3679563159012799,NUTM2B,ns
729264,-0.850095520896291,0.03187708728584332,TP53TG3D,down
729288,-0.1941589246072537,0.26634244634181,ZNF286B,ns
7293,-0.03684889777870293,0.8952419185851653,TNFRSF4,ns
729359,-0.5943853863253512,0.49985516409932185,PLIN4,ns
7294,-0.46668150723079016,0.14134854472323793,TXK,ns
729438,-0.7063829611527783,0.03250532454672784,CASTOR2,down
729440,0.00973465927680639,0.9589125872563553,CCDC61,ns
7295,1.1048655649082395,0.00013643071649140114,TXN,up
729515,-0.02010309675238453,0.8966653268503141,TMEM242,ns
729533,1.4575427645781565,3.862091368026512e-06,RUMY1,up
729540,-0.1592155820579899,0.7458598439717802,RGPD6,ns
729597,-0.09078639297890412,0.6550609163917556,SPDYE6,ns
7296,0.4284242588384597,0.015406760013962984,TXNRD1,ns
7297,0.006822310200734094,0.9810441301289421,TYK2,ns
7298,2.9308429831562055,5.6571126066478306e-05,TYMS,up
729830,-0.5382182391539532,0.00799340214731866,FHIP1A,ns
729852,0.3861584856959057,0.06800973107357369,UMAD1,ns
729857,0.18486528033450433,0.6999622344671029,RGPD2,ns
729873,0.3643600927066881,0.303429235919508,TBC1D3,ns
729877,-0.57584256124892,0.22717407759081862,TBC1D3H,ns
729920,-0.12319427512733316,0.3596867861075775,CRPPA,ns
729967,0.07216543317124646,0.5594956653996622,MORN2,ns
729978,0.5961827137749793,0.011208395142810235,NPIPB2,up
729991,0.09184184874036383,0.7046205591130746,BORCS8,ns
729993,0.17808864098944,0.684242297336733,SHISA9,ns
730051,0.06804111542860092,0.7910472709980567,ZNF814,ns
730087,0.1226085099659926,0.550265082185493,ZNF726,ns
730094,-0.2845373541541152,0.1198035088287493,MOSMO,ns
730098,-0.13450397524869473,0.42204897244540696,LOC730098,ns
730183,-0.006265148944595289,0.9660678351717591,SRCAP-AS1,ns
730249,1.0134844740177074,0.03824082983603963,ACOD1,up
730268,-0.5494769878283563,0.03222263289661813,ANAPC1P4,ns
730394,-0.09365605848122271,0.8607343753635796,GTF2H2C_2,ns
7305,-0.8161669463412782,0.051439571503345966,TYROBP,ns
7307,0.30181632560054794,0.033541919592229616,U2AF1,ns
7311,-0.49268939709106796,0.03417898750868669,UBA52,ns
7314,0.1155377449835413,0.43845926425909076,UBB,ns
7316,-0.1482503710663181,0.5753098657979969,UBC,ns
7317,0.24480321078732814,0.23674117897383246,UBA1,ns
7318,0.2811503572989267,0.20032647964573605,UBA7,ns
7319,0.4019908958015108,0.0008793592703024106,UBE2A,ns
7320,-0.18178045752694771,0.49778835418977957,UBE2B,ns
7321,-0.23777103654557763,0.5170915687005929,UBE2D1,ns
7322,-0.01928330791561983,0.8947445132032272,UBE2D2,ns
7323,-0.04891773035444302,0.8326265521725856,UBE2D3,ns
7324,0.19520782825645355,0.09814225380327456,UBE2E1,ns
7325,-0.0020985296705857692,0.9919931792621652,UBE2E2,ns
7326,0.7877316734464941,0.009468089766679677,UBE2G1,up
7327,-0.13192585640633325,0.25224410770261557,UBE2G2,ns
7328,0.20070802765107132,0.2548303927654399,UBE2H,ns
7329,0.0016934254375655655,0.9876931864157108,UBE2I,ns
733,-0.06254631989633186,0.7723900751412087,C8G,ns
7332,0.355640408160637,0.007038329576724782,UBE2L3,ns
7334,0.45607827258238487,0.014579791511530356,UBE2N,ns
7335,-0.10320398258000729,0.5195330820978777,UBE2V1,ns
7336,0.3413023389598937,0.10095054084786724,UBE2V2,ns
7337,0.2465465753785967,0.14294236958587675,UBE3A,ns
734,-0.2736933040716796,0.26820680961710036,OSGIN2,ns
7341,0.20475820662981725,0.1754974191726717,SUMO1,ns
7342,-0.06875287083189185,0.5051943052474789,UBP1,ns
7343,-0.1811679435357263,0.12982821021087934,UBTF,ns
7345,2.6978429560912813,0.00019710946033994273,UCHL1,up
7347,0.8234194541502715,0.0001625964443021324,UCHL3,up
7348,-0.004065446205259171,0.987914503395565,UPK1B,ns
7349,-0.12843142525683504,0.41903576167524453,UCN,ns
7351,-0.22032727275672315,0.37428779403429263,UCP2,ns
7352,-0.1134468773456554,0.5595715081336443,UCP3,ns
7353,0.5246771371129615,0.009602597368119414,UFD1,ns
7355,0.6976818428384393,0.0009355809901696207,SLC35A2,up
7357,-0.012497989907418017,0.9627630749260693,UGCG,ns
7358,0.7659977983636113,0.00794323370494737,UGDH,up
7360,0.1140379336722468,0.42071996812262413,UGP2,ns
7367,0.3590979415152029,0.4368923424352729,UGT2B17,ns
7368,0.26776096375962233,0.39082300671031506,UGT8,ns
7371,0.8507736184560883,0.0020086992136455653,UCK2,up
7372,0.6960154562695813,0.019739602860415133,UMPS,up
7374,0.6050510801625872,0.011342293637188874,UNG,up
7375,-0.04227941172251626,0.8112527415323323,USP4,ns
7376,0.015722125335447146,0.9425409454590039,NR1H2,ns
7378,0.08435730461407687,0.8009533473334237,UPP1,ns
738,-0.5603854526595526,0.004576109031806873,VPS51,ns
7380,-0.06695647068267174,0.8762101835337062,UPK3A,ns
7381,0.023577274145797134,0.8901088446118737,UQCRB,ns
7384,0.4226800200319367,0.009000009101780452,UQCRC1,ns
7385,0.2551748992882601,0.06690198429459122,UQCRC2,ns
7386,0.34382225245366094,0.05060420459362497,UQCRFS1,ns
7388,0.7380699956274253,0.004705217977002398,UQCRH,up
7389,0.30696933406735916,0.045740795599473076,UROD,ns
7390,-0.07701782592654283,0.6050705221845414,UROS,ns
7391,0.394323004171639,0.07655874111600323,USF1,ns
7392,-0.6230427091171595,0.00839134530181644,USF2,down
7398,0.5105293886309852,0.03075212347171925,USP1,ns
740,0.327264281674541,0.002096517387186198,MRPL49,ns
7402,-0.3519950939156118,0.24942322899548772,UTRN,ns
7403,-0.43624598308652374,0.09738749811831772,KDM6A,ns
7404,2.426274274263406,0.058614751799932585,UTY,ns
7405,-0.23382541872237717,0.15890101904874065,UVRAG,ns
7407,0.8193496172646455,0.002612748862360499,VARS1,up
7408,-0.44120871790299354,0.22797265414753082,VASP,ns
7409,0.37099096175474244,0.016858947668957725,VAV1,ns
741,-0.0076777436641677355,0.9696635366500017,ZNHIT2,ns
7410,-0.5704824496157759,0.0024750682023517868,VAV2,ns
7411,0.6513076702563065,0.011779303728327181,VBP1,up
7412,-0.19223743322884435,0.34146376965892156,VCAM1,ns
7414,-1.0071329625938858,0.0093331703393706,VCL,down
7415,0.7661126951487081,0.0021637593295576276,VCP,up
7416,0.6146362398798573,0.006033008131995286,VDAC1,up
7417,0.1859791367332626,0.2062330404161058,VDAC2,ns
7419,0.4314957392168246,0.005475860771581625,VDAC3,ns
7421,0.6940814676664111,0.026170974661795212,VDR,up
7422,-0.6832564602225961,0.1352057962197741,VEGFA,ns
7423,-0.691981910118951,0.009162551963071731,VEGFB,down
7424,0.3032944204096655,0.26114910996425883,VEGFC,ns
7428,-0.49830183861584665,0.00037238901807182945,VHL,ns
7429,-0.8262077560330638,0.01493325144441563,VIL1,down
7430,0.32130075410924874,0.06979056238335468,EZR,ns
7431,-0.1568359175048073,0.5084575233736889,VIM,ns
7433,-1.3219172724232893,0.0005374501504214308,VIPR1,down
7434,-0.6308513870842534,0.004725513927453519,VIPR2,down
7436,-0.170543657292618,0.3140460138646592,VLDLR,ns
7439,-0.44144080503967675,0.4376720196712614,BEST1,ns
744,-0.18474587120511554,0.43555191632975726,MPPED2,ns
7442,-0.1411765546382151,0.3609918890720286,TRPV1,ns
7443,1.0229413694473006,0.0036908002006860916,VRK1,up
7444,0.45726147634467473,0.023620555635519763,VRK2,ns
745,0.5949923453781683,0.0703281749550472,MYRF,ns
7450,-1.452862840335083,0.002645082153091905,VWF,down
7453,0.8984370223562426,0.05306354277034463,WARS1,ns
7454,-0.24171825739367137,0.49141267883705647,WAS,ns
7456,-0.15068410031632418,0.4759977900555386,WIPF1,ns
7458,-0.15648955581363566,0.17602172967080248,EIF4H,ns
746,1.1085556405631678,0.0016968876509669435,TMEM258,up
7461,-0.9603133882153347,0.01318711659914682,CLIP2,down
7462,-0.3793129041010026,0.26195053821258946,LAT2,ns
7464,-0.29601729957586365,0.2795075743228595,CORO2A,ns
7465,0.6693109034046021,0.011388668499287446,WEE1,up
7466,1.3254989399007115,0.0065319510556191155,WFS1,up
7468,0.884463213600279,0.0009921946457796694,NSD2,up
7469,-0.00580796412616813,0.9686459734604722,NELFA,ns
747,-0.6189939684717878,0.09714759865205283,DAGLA,ns
7471,-0.45380412878225673,0.05602593528880096,WNT1,ns
7473,-0.5524097020018983,0.0035832606026997725,WNT3,ns
7476,-0.7211090094133494,0.02259240806715692,WNT7A,down
7477,0.10869613735041295,0.6580484249450639,WNT7B,ns
7480,-0.6500603474228548,0.008346770446315668,WNT10B,down
7481,0.4047375864982712,0.014257157103818117,WNT11,ns
7485,0.06731383094415033,0.7434919054860772,GET1,ns
7486,0.5003091559196324,0.0858384609314741,WRN,ns
7494,1.8783728649055433,0.0016568518712744853,XBP1,up
7504,0.14965593343984285,0.7282526006060195,XK,ns
7507,-0.20481781537608423,0.13742210440308336,XPA,ns
7508,-0.15574801912110914,0.428745596858106,XPC,ns
751071,0.09341696829215262,0.5671103639549758,CSKMT,ns
7511,0.5401171495305519,0.00015117985859302002,XPNPEP1,ns
7512,-0.41699979756643124,0.10447056946991633,XPNPEP2,ns
7514,0.4672760123597044,0.05681168347837149,XPO1,ns
7515,-0.09134752148112923,0.5776889780102189,XRCC1,ns
7516,1.2291911190680063,9.582067695859954e-05,XRCC2,up
7517,0.8064134932448228,0.0010806406003110592,XRCC3,up
7518,0.6815219598766626,0.0017014598712122332,XRCC4,up
752,-0.4165588523702617,0.16109257635314497,FMNL1,ns
7520,0.2815243711187172,0.06999945663695717,XRCC5,ns
752014,-0.8594114152184105,0.03454704748377937,CEMP1,down
7525,-0.29010722978548564,0.15332807797746822,YES1,ns
7528,-0.14755776224606798,0.14125080192073108,YY1,ns
7529,-0.2315939964912932,0.06756043275019352,YWHAB,ns
753,-0.6202078595574232,0.003362120582081546,LDLRAD4,down
7531,1.0859989243123955,2.1409284448984703e-05,YWHAE,up
7532,1.20809476335765,0.0004345950504534731,YWHAG,up
7533,0.37710677608574983,0.056584010196213716,YWHAH,ns
7534,-0.22278067115798805,0.05130485389713039,YWHAZ,ns
7535,-0.5048002073854647,0.04458705811881018,ZAP70,ns
7536,-0.4391558786100145,0.04382906908796505,SF1,ns
7538,-0.8755098363092202,0.16220326948883368,ZFP36,ns
7539,-0.014742506068336603,0.9627630749260693,ZFP37,ns
754,-0.21544532433523322,0.3664036366289457,PTTG1IP,ns
7541,-0.6172142559248854,0.00018059610385982297,ZBTB14,down
7542,-0.0018702252832625277,0.9938396413445312,ZFPL1,ns
7543,-0.706022721723075,0.0018275242572491279,ZFX,down
7544,1.9732147060871679,0.05811732540590694,ZFY,ns
7549,0.1367298044327745,0.6136158535462923,ZNF2,ns
755,-0.4618450872862363,0.014450667150545228,CFAP410,ns
7551,0.1840867012571934,0.1188437005415312,ZNF3,ns
7552,0.005865198549086514,0.983481104492729,ZNF711,ns
7553,-0.11380376875423615,0.28744540707387567,ZNF7,ns
7554,-0.19383243771162384,0.028223101329792916,ZNF8,ns
7555,-0.15479766804338269,0.25122885132962497,CNBP,ns
7556,-0.2424381619189795,0.25395610284985504,ZNF10,ns
7559,-0.1800894679278553,0.41578544215875085,ZNF12,ns
7561,-0.24861597341789476,0.5485856614510288,ZNF14,ns
7562,-0.04444981628420752,0.8345068327492883,ZNF708,ns
7564,-0.06273110660956949,0.6819048694275969,ZNF16,ns
7565,0.1502238823624671,0.6063931038806484,ZNF17,ns
7566,-0.17855938887718104,0.2239510293204815,ZNF18,ns
7567,0.06095408773087829,0.6635138258002299,ZNF19,ns
7568,0.1487146607583716,0.41210474237215744,ZNF20,ns
7569,-0.09023369022304539,0.5733802552822885,ZNF182,ns
757,0.06363589320421603,0.6959437035087899,TMEM50B,ns
7570,-0.12553917523010405,0.5055113802833918,ZNF22,ns
7571,-0.17188655126481933,0.29206473930593285,ZNF23,ns
7572,-0.11475506088964416,0.57241996330115,ZNF24,ns
7574,-0.3471990902689699,0.08581690591395649,ZNF26,ns
7576,0.17746314692322862,0.6551749351427107,ZNF28,ns
7579,0.35325093095406856,0.025441178858846003,ZSCAN20,ns
7580,-0.5130677280763161,0.001895317870076204,ZNF32,ns
7581,-0.12443816975076594,0.4190599118457208,ZNF33A,ns
7582,-0.06680297125662715,0.8045298039890063,ZNF33B,ns
7584,0.42550809111618815,0.009490436781001779,ZNF35,ns
7586,-0.2138394789275182,0.28308153363928906,ZKSCAN1,ns
7587,0.8257371997883656,0.00024572181028597874,ZNF37A,up
7589,0.17551259204951997,0.203463015415931,ZSCAN21,ns
759,-0.3957589096546492,0.6544057315160041,CA1,ns
7592,0.04032630107698765,0.8040830027219663,ZNF41,ns
7593,-0.34846640306683874,0.17397935431562542,MZF1,ns
7594,0.10703684603232322,0.6758919462387492,ZNF43,ns
7596,-0.011392961102425048,0.9591810892131529,ZNF45,ns
7597,-0.4549103583994274,0.025710580660206865,ZBTB25,ns
760,-0.637773119378001,0.13692333416677877,CA2,ns
7608,-0.09505728693000748,0.561891024957832,ZNF56P,ns
7617,0.1890301389739939,0.7066137887016889,ZNF66,ns
762,-0.3877271787219341,0.5966210194925579,CA4,ns
7620,-0.28230470865886925,0.0718405657188439,ZNF69,ns
7621,-0.009510947908215606,0.9579943695836177,ZNF70,ns
7625,-0.4655158154726662,0.0023799151611915204,ZNF74,ns
7626,-0.25223868782373415,0.07693684031646515,ZNF75D,ns
7627,-0.10380374334836517,0.5063768280287063,ZNF75A,ns
7629,-0.27039542433399966,0.05876296713211489,ZNF76,ns
7633,0.3711664397913834,0.02288169857803504,ZNF79,ns
7634,-0.03549028781518704,0.9092735390990135,ZNF80,ns
7637,-0.40179647852484557,0.16068714058458308,ZNF84,ns
7638,0.20026621733201644,0.5314681582179944,ZNF221,ns
7639,0.1717795814748273,0.44730069837895475,ZNF85,ns
7643,0.18550178483324054,0.3031913004447764,ZNF90,ns
7644,-0.4529290309627054,0.05117647186888906,ZNF91,ns
765,-0.2454236962766938,0.5184416608136267,CA6,ns
767,-0.16551093962118557,0.46929987403287393,CA8,ns
7673,0.08619885919198467,0.699023977000002,ZNF222,ns
7675,-0.1956115797800253,0.2702847366755556,ZNF121,ns
767558,-0.31127145431761605,0.11378429006071379,LUZP6,ns
7678,0.29760996069529,0.043817478199477664,ZNF124,ns
768206,-0.08619600365196245,0.6735588514010485,PRCD,ns
768211,-0.33661767151620037,0.15043744667866912,RELL1,ns
7690,-0.1833661787305676,0.12274962055167361,ZBTB35,ns
7691,0.09664716463395884,0.7107893908698687,ZNF132,ns
7692,0.31584585468200643,0.010895856757425984,ZNF133,ns
7693,-0.4394788128980185,0.06227685434844426,ZNF134,ns
7694,-0.4153046550967874,0.04955344290106939,ZNF135,ns
7695,-0.3513030985495327,0.1955328587811125,ZNF136,ns
7697,0.05888858684315679,0.783308302916308,ZNF138,ns
7699,0.030379865182573518,0.9004750082009431,ZNF140,ns
770,-0.9515766754938886,0.00026539730188737817,CA11,down
7700,0.0477001098941372,0.8368971715796713,ZNF141,ns
7701,-0.0956542651926906,0.5453340329839014,ZNF142,ns
7702,-0.025724319079417413,0.8612642684247257,ZNF143,ns
7703,0.041015964711315966,0.8612943254768382,PCGF2,ns
7704,-0.8960925361537964,0.00992458512386917,ZBTB16,down
7705,0.1850619537631637,0.475750209069668,ZNF146,ns
7706,0.7089730900864648,0.038091808034319725,TRIM25,up
7707,-0.28093309951580636,0.07345681081839735,ZNF148,ns
7709,0.4294862116066671,0.008519458167320576,ZBTB17,ns
771,0.6206452307097869,0.02589944606832032,CA12,up
7710,0.029760410396939996,0.9364645740797257,ZNF154,ns
7711,0.13107930875170926,0.3549666494643592,ZNF155,ns
7716,-0.3689578586934861,0.03843700079529949,VEZF1,ns
7718,-0.2648661677560069,0.2768940802385882,ZNF165,ns
7726,0.6153900387934836,0.0001852755791117424,TRIM26,up
7727,0.10224526634534037,0.6423626988070392,ZNF174,ns
7728,0.11349783704942595,0.6634521233544904,ZNF175,ns
773,0.22466820851760083,0.5441205203237134,CACNA1A,ns
7730,-0.16559156339807846,0.37383514659288186,ZNF177,ns
7732,-0.16785824962392937,0.41864085491106257,RNF112,ns
7733,-0.12730729414123676,0.46604817379752683,ZNF180,ns
7737,0.05672429965678738,0.5715385618060245,RNF113A,ns
7738,-0.12180353691786028,0.5965973436959364,ZNF184,ns
7739,-1.0847232425794306,0.041887791485724,ZNF185,down
7741,0.005297500310160963,0.9847800208350426,ZSCAN26,ns
7743,0.3447016795426068,0.15963107077651467,ZNF189,ns
7745,-0.2522318846282996,0.18173449334253994,ZKSCAN8,ns
7746,-0.0708751989794143,0.6938244887851645,ZSCAN9,ns
7748,0.23223004824542137,0.10845548054589935,ZNF195,ns
775,-0.11731550681739034,0.5466330066034532,CACNA1C,ns
7750,-0.08165074477149403,0.5816452991706268,ZMYM2,ns
7752,0.3530847112722828,0.27938079869040705,ZNF200,ns
7753,0.05426093817846045,0.6960590008624197,ZNF202,ns
7755,-0.1374082029399073,0.6776503801210947,ZNF205,ns
7756,0.16476845851410182,0.19526242405476069,ZNF207,ns
7757,-0.4209670818997493,0.02061786379305673,ZNF208,ns
7760,0.09714578569188603,0.7367198006015632,ZNF213,ns
7762,1.3130438645639204,0.0023166959128454925,ZNF215,up
7763,-0.21264005389133445,0.35491690873189424,ZFAND5,ns
7764,-0.3182203871152165,0.3067694949857915,ZNF217,ns
7766,-0.4794116981276799,0.03609409612549762,ZNF223,ns
7767,-0.007693578210863805,0.9736408734292276,ZNF224,ns
7768,0.020685535115596565,0.9406915200165855,ZNF225,ns
7769,-0.01586641533285693,0.9550775323610567,ZNF226,ns
777,-0.2719162725255533,0.6621646861750373,CACNA1E,ns
7770,0.031677443416282536,0.9186686544306194,ZNF227,ns
7772,-0.4677942061685627,0.024124829712033124,ZNF229,ns
7773,0.10404926861987018,0.7554408503699898,ZNF230,ns
7775,-0.0985720922991149,0.5302022200173233,ZNF232,ns
7776,-0.46086994802587533,0.0016130727270352767,ZNF236,ns
7779,-0.5091429962676575,0.06550554679640067,SLC30A1,ns
778,-0.11742577931920017,0.5570785404726002,CACNA1F,ns
7782,-0.871487203141549,0.000515083607291578,SLC30A4,down
7784,0.12177029362866953,0.7174926475423703,ZP3,ns
7786,-0.5393057857048866,0.003909529127660278,MAP3K12,ns
7789,-0.8154983536648279,0.0037279659452484973,ZXDA,down
7791,-0.8109029839847661,0.07972938632984171,ZYX,ns
7798,-0.3882553946374738,0.046045733106571764,LUZP1,ns
7799,-0.4754327663580593,0.0048928994304941785,PRDM2,ns
780,-0.8707558767874612,0.0005066274317964566,DDR1,down
7803,-0.08959180957509005,0.8457980239548999,PTP4A1,ns
7804,0.6869413084613045,0.0002864716690410253,LRP8,up
7805,-0.8933151247321796,0.0029151212879672227,LAPTM5,down
780776,-0.05774537303763694,0.8067346644092167,TVP23A,ns
7812,-0.2201713152258975,0.05453214567251136,CSDE1,ns
7813,-0.27030840351532426,0.1984522213861932,EVI5,ns
7818,-0.18549377091067143,0.0512072453193151,DAP3,ns
782,-0.44836664919233993,0.1202183503521127,CACNB1,ns
783,-0.017799979367822516,0.9540022791810308,CACNB2,ns
7832,-0.6331943541226757,0.17779991146528776,BTG2,ns
7837,0.000579489511054021,0.9982460987565663,PXDN,ns
784,-0.30238611530272586,0.10417785654750746,CACNB3,ns
7840,-0.18745450998158653,0.38342193619873915,ALMS1,ns
7841,0.4720038039233039,0.0038772966855508025,MOGS,ns
7844,0.007313622057649738,0.9802531831575411,RNF103,ns
7846,-1.0011984403414012,0.02717618633349769,TUBA1A,down
7849,-0.4292957927663936,0.20202689317926248,PAX8,ns
785,-0.4249062792863496,0.13942397467485207,CACNB4,ns
7850,-0.15270147596388828,0.8933803303204545,IL1R2,ns
7851,0.3198602995774227,0.0398427237519285,MALL,ns
7852,-1.3321524496160926,0.020473549666536132,CXCR4,down
7855,0.6522790728830641,0.028491907009559062,FZD5,up
7862,-0.274445589097116,0.053279999664042996,BRPF1,ns
7866,0.32420612603360865,0.0566153536014196,IFRD2,ns
7867,-0.6498848240172936,0.016230259832133758,MAPKAPK3,down
7869,0.0667920618084219,0.811391658811163,SEMA3B,ns
7871,0.1610476341080176,0.20915037130547387,SLMAP,ns
7873,1.8480166220732404,0.0004813085726484394,MANF,up
7874,0.1323370740158385,0.34369879864212005,USP7,ns
7879,-0.11140023252524145,0.6803501926677399,RAB7A,ns
788,-0.05518314077679243,0.8024416053273244,SLC25A20,ns
7881,-0.01550434187367511,0.948872423031736,KCNAB1,ns
7884,0.5225297779580682,0.0034895239493856274,SLBP,ns
78987,-0.30633805446701246,0.08984295039298906,CRELD1,ns
78988,0.4549253056540099,0.009000009101780452,MRPL57,ns
78990,0.21280769927001408,0.16812357096646055,OTUB2,ns
78991,-0.27679724366366365,0.06902412579916208,PCYOX1L,ns
78992,0.7542971901811768,0.0007367291590608615,YIPF2,up
78994,-0.19276580541050947,0.5727280933055747,PRR14,ns
78995,1.0637165799100723,0.002639542121705041,HROB,up
78996,-0.05790274515815241,0.5951839443833337,CYREN,ns
78999,0.07849470015069304,0.7663885311356244,LRFN4,ns
790,0.31645815958739476,0.09386708662158366,CAD,ns
79000,0.8677976072160627,0.0003617140815641011,AUNIP,up
79001,0.4294353949471805,0.02464025404518182,VKORC1,ns
79002,-0.4069101930246326,0.009585419942089732,TRIR,ns
79003,0.2823359101419367,0.21112192570031849,MIS12,ns
79004,0.34400600514023694,0.0013986769138593677,CUEDC2,ns
79005,0.42211761806138703,0.009503699767801877,SCNM1,ns
79006,-0.3664800583058403,0.10490642756674691,METRN,ns
79007,-2.036365090798766,0.0002509012403115727,DBNDD1,down
79008,0.32816682669074027,0.14517758552187537,SLX1B,ns
79009,0.07780585397758522,0.6864565904235427,DDX50,ns
79016,-0.05676399807658683,0.7506669476600778,DDA1,ns
79017,0.643448324822284,0.0056469319433234055,GGCT,up
79018,-0.2455829482335936,0.10334311104223233,GID4,ns
79019,1.9644096556552322,0.0002546530996855469,CENPM,up
79020,0.29187600562620286,0.1779009330998766,C7ORF25,ns
79022,1.198423696412302,0.0012547428422051959,TMEM106C,up
79023,1.0965464607936362,0.0003064209223117633,NUP37,up
79025,-0.3829787512862053,0.03943358858977504,FNDC11,ns
79026,-1.0877662708929137,0.00011840854763584734,AHNAK,down
79027,0.11522199161360014,0.1095886339824745,ZNF655,ns
79029,0.3120672458575875,0.11170240205730383,AFG2B,ns
7903,0.3784110020462954,0.162618749370896,ST8SIA4,ns
79031,0.43045682356809145,0.010895856757425984,PDCL3,ns
79033,-0.12409986365564762,0.42031255898012465,ERI3,ns
79034,-0.5254092103861971,0.0012368438968833233,INTS15,ns
79035,0.5520904130190605,0.03600071080400334,NABP2,ns
79036,0.00039784218741800714,0.9985654479602173,KXD1,ns
79037,-0.25050274488905444,0.2885204543873985,PVRIG,ns
79038,-0.024566079269588315,0.8875087331279974,ZFYVE21,ns
79039,0.32006817338235116,0.040030405019609895,DDX54,ns
79041,0.1213605614915183,0.6699222895875315,TMEM38A,ns
79042,-0.5322926042293652,0.1978702517120048,TSEN34,ns
79047,-1.2499904305213354,0.0004397155246595142,KCTD15,down
79048,0.08939184949613477,0.38853479530516566,SECISBP2,ns
7905,-0.03936688720524728,0.8515659808279096,REEP5,ns
79050,0.6290195502552205,0.01456266677299627,NOC4L,up
79053,0.6666833986725837,0.006718874210692427,ALG8,up
79056,0.16146098985283786,0.8012347295830555,PRRG4,ns
79058,0.10618128202501076,0.49985516409932185,ASPSCR1,ns
79064,0.32304007459115613,0.12041954225567669,TMEM223,ns
79065,-0.382095967345494,0.06660497753306388,ATG9A,ns
79066,-0.032942915633164205,0.8880564072282149,METTL16,ns
79068,0.1592353157873685,0.45541615173265454,FTO,ns
79070,0.7124908415236204,0.006665796780547495,POGLUT2,up
79071,-0.15756473156015183,0.5353615197368095,ELOVL6,ns
79072,0.47407656876257587,0.006967247039767952,FASTKD3,ns
79073,-0.1732315301078735,0.30391830530136926,TMEM109,ns
79074,-0.20388077662721926,0.2078165163230977,TSLIG2,ns
79075,1.6954708504447078,0.00011150309701146839,DSCC1,up
79077,0.6829670086412314,0.001482130009138272,DCTPP1,up
79078,0.303974553676448,0.002738676671005317,C1ORF50,ns
79080,0.36042487267517487,0.07161173400553267,CCDC86,ns
79081,-0.10014421631955095,0.5749605514988954,LBHD1,ns
79084,0.1285351892678097,0.4187728346684999,WDR77,ns
79085,0.30243253804374426,0.4059551293194266,SLC25A23,ns
79086,0.19015371577488693,0.04897724722664155,SMIM7,ns
79087,0.11095220184569676,0.4258574402910149,ALG12,ns
79088,0.048815619933051835,0.8674912108990149,ZNF426,ns
79089,-0.30656317863985194,0.2803930370034917,TMUB2,ns
79090,-0.608310343387239,0.002366585737940685,TRAPPC6A,down
79091,0.11948894123109888,0.5202034538561872,METTL22,ns
79092,-0.22930051674890972,0.3185544304426791,CARD14,ns
79094,1.1805637945190846,0.000586492584754684,CHAC1,up
79095,-0.5497551826213769,0.10879583301558052,BBLN,ns
790955,0.18965149929406255,0.23696263574542115,UQCC3,ns
79096,-0.24051554370963757,0.0588594816674759,CSTPP1,ns
79098,-0.4743417645598367,0.10244146524782552,C1ORF116,ns
79101,0.187348568858404,0.10483887868803848,TAF1D,ns
79102,-0.18943352750614828,0.30544428074767493,RNF26,ns
79109,-0.2727476563454925,0.0021905703821273976,MAPKAP1,ns
7913,0.05546398371731165,0.8336022546478484,DEK,ns
79132,0.7235711515967367,0.060611479177290026,DHX58,ns
79133,0.5208461963872324,0.0010555753224650271,NDUFAF5,ns
79134,-0.4469343036155706,0.010417811803204391,TMEM185B,ns
79135,0.7551009638506745,0.0026293690575051555,APOO,up
79137,-0.5333115337238734,0.0019552327969084146,RETREG2,ns
79139,0.7177150329087549,0.0066227676845168355,DERL1,up
79140,-0.06120791514848456,0.7751444389980259,CCDC28B,ns
79142,0.1843817882033818,0.5009721349539155,PHF23,ns
79143,-0.858126527703547,0.1419436358215207,MBOAT7,ns
79144,-0.2641820496076086,0.5165497987586831,PPDPF,ns
79145,0.01310260846697453,0.9305185674401664,CHCHD7,ns
79147,0.1072944677620038,0.5421805562965849,FKRP,ns
79148,-0.7008364388265003,0.0031692604564005204,MMP28,down
79149,0.24587588521881187,0.16464632915922972,ZSCAN5A,ns
7915,0.12717002984132542,0.7007548445676078,ALDH5A1,ns
79152,0.35680141827261647,0.1812943560343933,FA2H,ns
79153,-0.6516570526952705,0.06414001673108652,GDPD3,ns
79154,0.07877670786727897,0.7067677139235113,DHRS11,ns
79155,0.045972740957054725,0.7785574109598048,TNIP2,ns
79156,-0.4887106723862864,0.1353432588708615,PLEKHF1,ns
79157,0.39095677010395313,0.0035298385452323614,MFSD11,ns
79158,-0.1989300285367861,0.5146371478861475,GNPTAB,ns
79159,-0.07749663116883632,0.4819632272741722,NOL12,ns
7916,-0.3516776850874255,0.06979056238335468,PRRC2A,ns
79161,0.13435860718778514,0.5296857592352904,TMEM243,ns
79165,0.07088462764557946,0.48146414034087087,LENG1,ns
79168,-0.3437259324832116,0.5858498886985416,LILRA6,ns
79169,0.12613436693091895,0.38154451190712113,C1ORF35,ns
7917,0.11650197930432427,0.5597651842956082,BAG6,ns
79171,0.4155207513898862,0.013619862220878888,RBM42,ns
79172,0.9229804278928677,0.0007651604826691995,CENPO,up
79173,-0.01905671418644861,0.9113620003933937,BRME1,ns
79174,1.342203431245565,0.0013111568345661915,CRELD2,up
79175,-0.007163078293640268,0.9625753622141761,ZNF343,ns
79176,-0.2610771259711626,0.25122885132962497,FBXL15,ns
79177,0.5453440380131536,0.0025902575309371075,ZNF576,ns
79178,0.2803647915431542,0.0770700053248247,THTPA,ns
7918,0.5735615866578065,0.0005563021585627249,GPANK1,ns
79180,-0.8648629718020615,0.011650676972386836,EFHD2,down
79183,0.2864786739862861,0.053583620403503764,TTPAL,ns
79184,0.4586066013417014,0.02809201131197235,BRCC3,ns
79187,-0.036701082802717444,0.883987640039956,FSD1,ns
79188,-0.4739605050314175,0.017789327054349404,TMEM43,ns
7919,-0.12340192944521533,0.462543561788185,DDX39B,ns
7920,0.18970182392721568,0.35359612690074793,ABHD16A,ns
7922,0.9419191234651656,0.0014245531300401944,SLC39A7,up
79228,0.3100460263714293,0.015629375370175044,THOC6,ns
7923,0.369699997325764,0.12224108234063745,HSD17B8,ns
79230,-0.002457651150437279,0.9920403179577157,ZNF557,ns
79269,0.016191958026588793,0.887987222414516,DCAF10,ns
7936,0.3111120458007832,0.02275656932853898,NELFE,ns
79363,0.11710994786270312,0.5149390485181199,CPLANE2,ns
79364,-0.551392715226994,0.010827666048911791,ZXDC,ns
79365,1.4743561993078913,0.004405629651378818,BHLHE41,up
79366,0.8978741324035564,0.00398689531968584,HMGN5,up
79368,-0.5274701871512351,0.20070823504602073,FCRL2,ns
79369,-0.37230159011932074,0.12314776992231413,B3GNT4,ns
79370,1.3007550794284404,0.0006276241478119783,BCL2L14,up
7940,-1.0542972702263071,0.01215452182719768,LST1,down
7941,-0.6581914582587913,0.061354212904728804,PLA2G7,ns
79411,-0.22773640773706116,0.4191067297755968,GLB1L,ns
79413,-0.11372227407264646,0.30778322243704087,ZBED2,ns
79414,-0.7110156797588401,0.0025921504098446206,LRFN3,down
79415,0.35901942119651764,0.07741873656520361,CYBC1,ns
7942,-0.3371576345601621,0.3191724112096014,TFEB,ns
79441,-0.0785809205404604,0.8081878342145004,HAUS3,ns
79443,-0.26599331268439563,0.2669080089994482,FYCO1,ns
79446,0.423104161593054,0.01806408017633149,WDR25,ns
79447,0.40024512843384485,0.0069874376122964045,PAGR1,ns
79465,0.3813218829335767,0.0757027703837641,ULBP3,ns
79541,-0.24755498031560297,0.34029963540916697,OR2A4,ns
79567,-0.8357379369833762,0.024863132064257623,RIPOR1,down
79568,0.9409483722981014,0.00012736537187883146,MAIP1,up
7957,-0.09722295411630988,0.5503838926075303,EPM2A,ns
79571,-0.020160039082412595,0.9483351140638073,GCC1,ns
79572,0.5668145905669384,0.035036909615438094,ATP13A3,ns
79573,-0.18631800124837383,0.17786882060274362,TTC13,ns
79575,0.055142851237422796,0.8012347295830555,ABHD8,ns
79576,0.5304619003166939,9.406254023856441e-05,NKAP,ns
79577,0.2789479662438179,0.10073547979062504,CDC73,ns
79581,0.3556451941116787,0.0630284939784771,SLC52A2,ns
79582,-0.005189586951941827,0.983884599308188,SPAG16,ns
79583,-0.42955201453397773,0.0029574141348666814,TMEM231,ns
79585,-0.04388963264459633,0.8525363661588949,CORO7,ns
79586,2.016036291209664,0.0025663436160159687,CHPF,up
79587,-0.013716126226892555,0.9570345316821746,CARS2,ns
79590,0.4518673246983429,0.02043720545404045,MRPL24,ns
79591,-0.18664050139033073,0.02904118566361445,ARMH3,ns
79594,0.08823520683153241,0.5743507521366731,MUL1,ns
79595,0.014130123985514942,0.9545625635638214,SAP130,ns
79596,0.1300960263438773,0.6715317476326012,OBI1,ns
79598,0.7738260692614638,0.007018015432766865,CEP97,up
79600,-0.5084591309249431,0.04631301814611564,TCTN1,ns
79602,0.07653921872514147,0.6602075263729027,ADIPOR2,ns
79603,-0.8094414512289365,0.001451105969784885,CERS4,down
79607,0.6108040475480623,0.0022236914822684347,SIRAL1,up
79608,0.025946387381301506,0.9514791531517739,RIC3,ns
79609,-0.1096271353267042,0.7072263745499303,VCPKMT,ns
79612,-0.096893322156685,0.5374030949035167,NAA16,ns
79613,-0.01772263397400131,0.9147200524568629,TANGO6,ns
79616,-1.5791279230025514,0.017531577689477787,CCNJL,down
79618,-0.41002647198461695,0.012086717835281282,HMBOX1,ns
79621,0.21053491194988005,0.2385929846847755,RNASEH2B,ns
79622,1.007728230498337,0.0017805017411258426,SNRNP25,up
79623,0.8838781684165706,0.06658604740001886,GALNT14,ns
79624,0.7791633378696563,0.01132654809354215,DCPH1,up
79626,0.254885912691833,0.534404893945368,TIPE2,ns
79627,-1.1276141306108336,0.0014777054225008275,OGFRL1,down
79628,-0.5716219421723876,0.0889441913056505,SH3TC2,ns
79629,-0.3650256757449437,0.15738017684414915,OCEL1,ns
79630,0.08587898780122138,0.6697972751458559,C1ORF54,ns
79631,0.24811420315119292,0.1645058301690242,EFL1,ns
79632,0.02148271490337006,0.8990453278157812,FAM184A,ns
79633,-1.272394545211612,0.00021425304550923472,FAT4,down
79634,0.22768185160138188,0.06485718213406558,SCRN3,ns
79635,0.14564291478464142,0.5424821229103005,CCDC121,ns
79637,-0.12222684397595707,0.632883192340844,ARMC7,ns
79639,-0.012022182002554338,0.9572880798378994,TMEM53,ns
79640,0.33697909275906923,0.02040773690706939,C22ORF46P,ns
79641,-0.3915030824673149,0.3927769674250413,ROGDI,ns
79643,-0.03516675270962999,0.7958187332885632,CHMP6,ns
79644,0.10405401263393621,0.5898627965342644,SRD5A3,ns
79646,0.047174011788499115,0.7629688085125081,PANK3,ns
79647,-0.27929667469611985,0.10779802353005989,AKIRIN1,ns
79648,0.25689270428724953,0.15154714242827502,MCPH1,ns
79649,0.25506478102967556,0.12539503766505572,MAP7D3,ns
7965,0.5600469760555384,0.0031874338706339472,AIMP2,ns
79650,-0.12164394831168224,0.6475906826650188,USB1,ns
79651,0.025654878225926936,0.9404134811609622,RHBDF2,ns
79652,-0.6739037975814961,0.07613929612445998,TMEM204,ns
79654,0.7422491709357644,0.0005451532213971628,HECTD3,up
79656,-0.12745059488201438,0.6766155899370103,BEND5,ns
79657,0.20298084890262658,0.2704570105396726,RPAP3,ns
79658,-0.4993313230671532,0.0421845142074163,ARHGAP10,ns
79659,-0.893825474040014,0.0001075258269858596,DYNC2H1,down
79660,0.21894532509613818,0.6093490032012421,PPP1R3B,ns
79661,-0.7255023353005505,0.01522748523027182,NEIL1,down
79663,-0.22595734286133773,0.4291365902465609,HSPBAP1,ns
79664,0.19701419887619842,0.32832312719284784,ICE2,ns
79665,-0.22279466855312613,0.11014949746396914,DHX40,ns
79666,-0.3348481800848777,0.07985795502420881,PLEKHF2,ns
79668,-0.48478592939460974,0.09670682886855443,PARP8,ns
79669,0.32094958523144346,0.17217936254327917,C3ORF52,ns
79670,0.15121639665624897,0.6228370435049251,TUT7,ns
79671,-0.2522792712820099,0.31121401357457845,NLRX1,ns
79672,0.41994945575046305,0.039775145213183885,FN3KRP,ns
79673,-0.658048414738162,0.01754053350535199,ZNF329,down
79674,-1.026309849110632,0.0004186504819558066,VEPH1,down
79675,0.7338996406168015,0.004801190365217208,FASTKD1,up
79676,0.31345519866426486,0.04980436411118245,OGFOD2,ns
79677,0.36252145236791655,0.03479057014158981,SMC6,ns
79680,-0.09546658690377896,0.5561612704785397,RTL10,ns
79682,1.900475451871059,0.00012559956636667578,CENPU,up
79683,-0.6297146820139572,0.0003142128786470627,ZDHHC14,down
79684,-0.19182895158871727,0.2771184475983859,MSANTD2,ns
79685,-0.2941346583253477,0.060568663064085065,SAP30L,ns
79689,-0.550573249613576,0.4576443986996413,STEAP4,ns
79690,-0.6945494034222346,0.015424596052303997,GAL3ST4,down
79691,0.03120041064994794,0.848286878998992,QTRT2,ns
79692,-0.05705298247632129,0.8628384030487485,ZNF322,ns
79693,-0.09584051589176212,0.7462694471724869,YRDC,ns
79694,1.7987209666757042,0.0008958627671699605,MANEA,up
79695,-0.6000509883997873,0.004523661770168111,GALNT12,down
79696,0.36884003935160337,0.026458310422546896,ZC2HC1C,ns
79697,-0.20144307828780406,0.13754179312102757,RIOX1,ns
79698,-1.0806211914490351,0.004918420904906197,ZMAT4,down
79699,-0.37478318082754036,0.0117628115276791,ZYG11B,ns
79701,0.28139022856347395,0.05478330080938192,OGFOD3,ns
79703,0.8337142072430073,0.035276351689151796,TOP6BL,up
79705,0.20821047223783218,0.3544854218873757,LRRK1,ns
79706,0.1901211561648175,0.0686239295794517,PRKRIP1,ns
79707,0.27071938992949995,0.03735184959111647,NOL9,ns
79709,-0.2617886320718803,0.29837728316842677,COLGALT1,ns
79710,-0.3557647581387471,0.17688107873446068,MORC4,ns
79711,0.6802951077303927,0.0016345479063614695,IPO4,up
79712,-0.362821189922796,0.038793102097606696,QTMAN,ns
79713,-0.1825217311460996,0.42204897244540696,IGFLR1,ns
79714,1.1302407488174255,5.288965355138121e-05,CCDC51,up
79716,-0.3709282278393893,0.24550725490637565,NPEPL1,ns
79717,0.017812888521929082,0.8463102313431594,PPCS,ns
79718,0.0762752909336939,0.7153925029265599,TBL1XR1,ns
79719,0.32887006986933365,0.03879386521800005,AAGAB,ns
79720,0.3267000361062351,0.185688370084161,VPS37B,ns
79722,-0.2961119127459053,0.37744765071018493,ANKRD55,ns
79723,0.90713165243075,0.0013465505590450869,SUV39H2,up
79724,-0.6527315738857231,0.02599842918271891,ZNF768,down
79725,0.18632199684808892,0.312570965489034,THAP9,ns
79726,-0.21808580042186243,0.031191801897885115,WDR59,ns
79728,0.16248364548422956,0.36954847337561997,PALB2,ns
79729,-0.2315123447155445,0.5404858837344299,MNMIP1,ns
79730,-0.5131192474180004,0.3449057273302561,NSUN7,ns
79731,0.5418371239040409,0.04967742393236805,NARS2,ns
79733,2.572317671483577,5.420137334318328e-05,E2F8,up
79734,-0.3462621396345753,0.08752572119638344,KCTD17,ns
79735,-0.6418429680978317,0.020246408599942377,TBC1D17,down
79736,0.525279851605247,0.006589320485448199,TEFM,ns
79738,0.04737878925032302,0.887136154905967,BBS10,ns
79739,-0.017070440740410753,0.9385886713524348,TTLL7,ns
79741,-0.3478673959945757,0.056012089560525335,CCDC7,ns
79744,-0.16635102369162436,0.5230292589942989,ZNF419,ns
79745,-0.038044872845164335,0.886396808099136,CLIP4,ns
79746,0.4928322647375989,0.08510297201944521,ECHDC3,ns
7975,-0.23214885005425145,0.3875279648092572,MAFK,ns
79750,-0.7448060177063827,0.014363054817025706,ZNF385D,down
79751,0.12583125395958028,0.587260848330327,SLC25A22,ns
79752,-0.3093818488515421,0.04017035159659231,ZFAND1,ns
79753,0.22142079556449712,0.43591586760527484,SNIP1,ns
79754,-0.9564014074188671,0.000938023072701811,ASB13,down
79758,-0.5847480643966492,0.029040974767354913,DHRS12,down
79759,-0.30498590523933267,0.16407388814712634,ZNF668,ns
7976,0.3976723508831004,0.17245616334511904,FZD3,ns
79760,0.44102716504733586,0.01627092775244754,GEMIN7,ns
79762,-0.5942158190246554,0.013911034554047495,C1ORF115,down
79763,1.1580472265264783,0.0027864026827705804,ISOC2,up
79767,0.07209057234204597,0.7965012925016652,ELMO3,ns
79768,-0.05169386431424794,0.8270547758665828,KATNBL1,ns
79770,1.3442937760459532,0.0004194420138239962,TXNDC15,up
79772,-0.48621041967887635,0.20819996954594847,MCTP1,ns
79774,0.06786999844982766,0.673875466786355,GRTP1,ns
79777,-0.13976859880743486,0.4314599632129102,ACBD4,ns
79778,-0.02179603981851841,0.9404134811609622,MICALL2,ns
7978,0.08366185034851625,0.7281339417289306,MTERF1,ns
79780,0.32248227742737434,0.037464200075947855,CCDC82,ns
79781,0.03613176729880241,0.88243527981585,DRC11,ns
79786,-0.5899975892689309,0.0001223879745631625,KLHL36,down
79788,-0.2891679273328913,0.16881545816823046,ZNF665,ns
79789,-0.28676365178837315,0.18528388987570274,CLMN,ns
7979,0.6790007807385274,0.010039303419072654,SEM1,up
79791,-0.27236871993238587,0.03761542706515595,FBXO31,ns
79792,0.32459696611966926,0.14710289046758207,GSDMD,ns
79794,-0.07507944697485947,0.703517683777261,SPRING1,ns
79796,0.8752736273419677,0.0021758517102064947,ALG9,up
79797,-0.2609853708715315,0.09694262966783088,ZNF408,ns
79798,-0.02101976217506163,0.9423093671496526,ARMC5,ns
79800,-0.29088958727061787,0.02328048488108607,CARF,ns
79801,2.947215813564738,0.00010288806382113072,SHCBP1,up
79802,-0.36329302381864625,0.46860486271740753,HHIPL2,ns
79803,-0.18228914896171844,0.3314631469216711,HPS6,ns
79805,0.5456514280716434,0.0023532258333440565,VASH2,ns
79807,0.7425180527290545,0.004409063409085159,GSTCD,up
79809,0.009295720086280213,0.963705168637987,TTC21B,ns
79810,0.09776177714489087,0.5033815304842805,PTCD2,ns
79811,0.27006977947229416,0.013453148003003115,SLTM,ns
79812,-0.12667017945293146,0.46500770557410426,MMRN2,ns
79813,0.08622865325681417,0.33635008120095583,EHMT1,ns
79814,0.06225060636456625,0.8145490517908343,AGMAT,ns
79815,-1.011442156038446,2.4643204638684142e-05,NIPAL2,down
79817,-0.26651475175337946,0.2508273477610439,MOB3B,ns
79818,-0.15750842420430455,0.3403549736774858,ZNF552,ns
7982,0.63193862796604,0.007995635404165365,ST7,up
79820,-0.29756747106673664,0.04017035159659231,CATSPERB,ns
79823,0.12591532338131017,0.39306589543188447,CAMKMT,ns
79828,0.047862324893454655,0.7734418582446397,METTL8,ns
79829,-0.07073672229190464,0.5843502555220219,NAA40,ns
79830,-0.4982706850224705,0.0074772536852015774,ZMYM1,ns
79831,0.27449917415915603,0.11731025821494707,KDM8,ns
79832,0.23023897047567488,0.2534584941464327,QSER1,ns
79833,0.700000507537168,0.005021562347037503,GEMIN6,up
79834,-0.3984250396706752,0.02464025404518182,PEAK1,ns
79836,-0.18959033554206783,0.4963709098815091,LONRF3,ns
79837,0.06859010693139211,0.45012512342690647,PIP4K2C,ns
79838,-0.13906047990758186,0.5626065301585091,TMC5,ns
79839,-0.2521342328400191,0.15255474371761127,CCDC102B,ns
7984,0.6666231349836815,0.038728626265957466,ARHGEF5,up
79840,-0.21282111170943274,0.0421790400497102,NHEJ1,ns
79841,-0.39604089097252704,0.048141276241285266,AGBL2,ns
79842,-0.1937804553221225,0.25599038883929004,ZBTB3,ns
79843,-0.49575785811314077,0.004155917074574118,FAM124B,ns
79844,0.19626927258339055,0.4257069256972911,ZDHHC11,ns
79845,0.0022410672858015346,0.9928931473871514,RNF122,ns
79847,0.18060309881140046,0.49003537732596675,SLC68A1,ns
79848,0.18541907855503048,0.21295766044318726,CSPP1,ns
79850,-0.041403676203200845,0.8311748696663889,TLCD3A,ns
79852,-0.04008259682102455,0.8345068327492883,EPHX3,ns
79856,-1.3972805438574563,0.0026159934724377747,SNX22,down
79858,-0.264022730772032,0.07755382461227292,NEK11,ns
79862,-0.1992723722892622,0.37263060139938564,ZNF669,ns
79863,0.24577181973087203,0.2107576969449506,RBFA,ns
79864,0.05020560742364211,0.8403386687930252,JHY,ns
79865,-0.024888132211049907,0.9676318755467382,TREML2,ns
79866,0.6466321396723167,0.002382706021486965,BORA,up
79867,-0.3230107852803412,0.07503482470447229,TCTN2,ns
79868,-0.17546027500723405,0.1397958069561748,ALG13,ns
79869,-0.25749798987082606,0.1414387855118079,CPSF7,ns
79870,-0.6267875690963693,0.006103211051825892,BAALC,down
79871,0.13318486895585835,0.5343473250778437,RPAP2,ns
79872,-0.3937409964187264,0.029870297897199808,CBLL1,ns
79873,0.3623206980605538,0.010993782271126722,NUDT18,ns
79874,0.017551738912679582,0.9430556861539471,RABEP2,ns
79876,0.866266168860145,0.006038673353288589,UBA5,up
79877,-0.016960111966228375,0.9062688452308401,DCAKD,ns
79879,0.2983479799923554,0.12809316598100398,CCDC134,ns
7988,0.44110521409783665,0.05959797506982496,ZNF212,ns
79882,0.07027620689000891,0.732686808494704,ZC3H14,ns
79883,-0.2720829169918506,0.1573696952725895,PODNL1,ns
79884,-0.059039801082208854,0.7776059362298898,MAP9,ns
79885,-0.31826094329000476,0.016424558065805353,HDAC11,ns
79886,0.46855845897879256,0.013822755138685893,CAAP1,ns
79887,0.4296303100925858,0.3934889947449721,PLBD1,ns
79888,-0.24491477891949032,0.14557994600067925,LPCAT1,ns
79890,-0.8590358653113697,0.01624987338720584,RIN3,down
79891,0.009035107485330762,0.9702935498750935,ZNF671,ns
79892,0.45306365896855283,0.030582222506225137,MCMBP,ns
79893,-0.15705552130058642,0.25253713220747975,GGNBP2,ns
79894,0.16875733723090391,0.23526010412291337,ZNF672,ns
79895,0.014151598348386862,0.9754068944832908,ATP8B4,ns
79896,0.09511887454674817,0.7856460617267264,THNSL1,ns
79897,0.06254526898752744,0.7913731875186031,RPP21,ns
79898,0.6108086730086288,0.024266134365683877,ZNF613,up
79899,-1.14553539568381,0.0009760398996944701,PRR5L,down
79901,-2.286683376143423,0.00013076410377074662,CYBRD1,down
79902,0.4606027153481964,0.0015042584210815475,NUP85,ns
79903,-0.05956562159350831,0.7412506565625887,NAA60,ns
79906,-0.2742700029278522,0.12483464065735138,MORN1,ns
79908,-1.1983301719079886,0.13423580928712373,BTNL8,ns
79912,0.22326953553757178,0.10391603938262652,PYROXD1,ns
79913,0.18202033239502047,0.06019303089832949,ACTR5,ns
79915,0.9146984662923563,0.0026056846516358894,ATAD5,up
79917,0.1429215154520822,0.3140319130468355,MAGIX,ns
79918,-0.1771154095453218,0.25478676604693823,SETD6,ns
79921,-0.2272431352897657,0.16471606847961182,TCEAL4,ns
79922,0.6179157024165525,0.0093331703393706,MRM1,up
79924,0.8944545545961766,0.0012531515228932013,ADM2,up
79925,-0.9280393639414246,0.0005772865060933891,SPEF2,down
79929,-0.09630578760934672,0.471779485215819,MAP6D1,ns
7993,0.6406072354894148,0.002096403523019549,UBXN8,up
79930,0.15695192781780953,0.7755240904388304,DOK3,ns
79931,0.0751940008274854,0.782249528032994,TNIP3,ns
79932,0.21278242808474523,0.3312126542009332,KIAA0319L,ns
79933,0.17888194459206908,0.4195814983660972,SYNPO2L,ns
79934,-0.12132095232139228,0.5697373771268246,COQ8B,ns
79937,-1.7169364976109733,0.035174325672420466,CNTNAP3,down
79939,-0.10140193174470014,0.4783903280502484,SLC35E1,ns
7994,-0.5937078479086377,0.009954962791724527,KAT6A,down
79943,-0.08972205991894722,0.7546938095738944,ZNF696,ns
79944,0.2458953771580923,0.4601519198496932,L2HGDH,ns
79946,-0.29520337331514224,0.049258408143584474,C10ORF95,ns
79947,0.6983751804556384,0.0012569266277795822,DHDDS,up
79954,0.5534293386720659,0.0058290261657982035,NOL10,ns
79955,-0.026759828722751067,0.8664025723233596,PDZD7,ns
79956,-0.39600677363171677,0.0946264454837204,ERMP1,ns
79957,0.29394373885888214,0.4820847970886675,PAQR6,ns
79958,-0.5430270164622364,0.031829802547328374,DENND1C,ns
79959,0.5292307845157129,0.006476386715486694,CEP76,ns
79960,-0.46307464170359935,0.0027493848131193207,JADE1,ns
79961,-0.113393326361658,0.6245878001081182,DENND2D,ns
79966,0.18575473004240362,0.5890801910381689,SCD5,ns
79968,1.26099347778346,0.0011185621379301933,WDR76,up
79969,-0.0131968724450795,0.9518014628655707,ATAT1,ns
79971,-1.155753980117197,0.015461238890431342,WLS,down
79973,-0.004890837904187428,0.9835004286687189,ZNF442,ns
79974,-0.11886892555256257,0.7777595967848479,CPED1,ns
79979,-0.3993947144535319,0.0005818700625488376,TRMT2B,ns
79980,1.1400242172962969,0.0002930040998779054,DSN1,up
79982,0.011778258273558606,0.9640222386539616,DNAJB14,ns
79983,-0.3080905427583023,0.10921535225871248,POF1B,ns
79989,0.03285462480985668,0.9337284156794363,IFT56,ns
79990,0.9607095723183967,0.00023409910593061813,PLEKHH3,up
79991,-0.7883614247347452,3.930892125036277e-06,STN1,down
79993,-0.6374475764811844,0.08204470571715103,ELOVL7,ns
79998,-0.047144212683381426,0.8499736380877276,ANKRD53,ns
800,-0.7925879942372331,0.06154857326698764,CALD1,ns
80003,-0.6820454347086811,0.003586838850035089,PCNX2,down
80005,-1.0566245074097367,0.06476842593142379,DOCK5,ns
80006,0.3940568368524424,0.0908807232583012,TRAPPC13,ns
80007,0.08419790606685407,0.6751329213479376,C10ORF88,ns
80008,1.0073515817913883,0.014257157103818117,TMEM156,up
80010,0.7733958572113462,0.01806408017633149,RMI1,up
80011,0.20364175628919767,0.09257507281543181,PSME3IP1,ns
80012,-0.2512679748831701,0.060474753422553304,PHC3,ns
80013,0.22090985066774138,0.11729413677738305,MINDY3,ns
80014,-0.4761907239322234,0.02919931202589719,WWC2,ns
80017,0.009966388307924845,0.9737641926857054,DGLUCY,ns
80018,0.4888728664408699,0.015829316893139423,NAA25,ns
80019,-0.5184467347406656,0.16903940796560205,UBTD1,ns
80020,0.5106196354294079,0.036361500916194334,FOXRED2,ns
80021,0.5462476010084174,0.001443842607998763,TMEM62,ns
80022,-0.8025783946901655,0.11593849313545046,MYO15B,ns
80023,0.40392418209947145,0.06951967670481193,NRSN2,ns
80024,-0.3988410181973947,0.07278164873498635,SLC8B1,ns
80025,0.10991733709916574,0.578904802870941,PANK2,ns
80028,0.2093265584133679,0.3147731315377307,FBXL18,ns
80039,0.2507276206279254,0.25916031962244285,FAM106A,ns
80045,-0.7250526202532601,8.997451846621175e-05,GPR157,down
80055,0.9525724752328975,0.008419768317756105,PGAP1,up
80063,0.015371899180454562,0.9472156805428744,ATF7IP2,ns
80067,-0.17422194561797433,0.2871491723774357,DCAF17,ns
80071,0.46318816232829274,0.06683601774938334,CCDC15,ns
80095,-0.06318071449143936,0.8171080479878472,ZNF606,ns
80097,-0.06694485926359839,0.8129506089779385,MZT2B,ns
801,-0.14681914828046416,0.35430323944878606,CALM1,ns
80108,-0.307234249624738,0.10268676125025321,ZFP2,ns
80110,0.11733836031166778,0.703517683777261,ZNF614,ns
80115,-0.4814861785636104,0.035161266759499384,BAIAP2L2,ns
80119,1.1308233921973407,0.002079608746729253,PIF1,up
80124,-0.253142636736273,0.3875746105318292,VCPIP1,ns
80127,-0.46282626816634664,0.006983091996635548,BBOF1,ns
80128,-0.36579561434447605,0.08043246824265411,TRIM46,ns
80129,-0.9443146448989417,0.007018015432766865,CCDC170,down
8013,-0.5916388208485781,0.5622584853696229,NR4A3,ns
80135,0.21180914518698124,0.25122885132962497,RPF1,ns
80139,-2.3044524253214806,0.00044316044472843394,ZNF703,down
80142,0.23982640475026074,0.14561004169363945,PTGES2,ns
80143,0.2610096397105206,0.0712962938113523,SIKE1,ns
80145,0.600863155019411,3.835933954599993e-05,THOC7,up
80146,-0.24214348681897846,0.10949018997976558,UXS1,ns
80148,-0.2179609997335259,0.4215398211125373,SLC66A2,ns
80149,-0.33940229869146776,0.6353007975173297,ZC3H12A,ns
80150,0.28380703572968,0.10832698009112703,ASRGL1,ns
80152,-0.07922854981703153,0.7986768325495179,CENPT,ns
80153,0.2769190252102103,0.02588577772790077,EDC3,ns
80155,0.7573772020626723,0.0026168785195867677,NAA15,up
80162,-0.5305465274670524,0.3191724112096014,PGGHG,ns
80164,-0.43837569391950026,0.0266554736679653,PRR36,ns
80167,0.3914126133567546,0.0016220188481084813,ABHD18,ns
80169,-0.3260445298719574,0.03569284557635998,CTC1,ns
80173,0.42270571294842796,0.008419768317756105,IFT74,ns
80174,0.8156615456311735,0.0026168785195867677,DBF4B,up
80176,1.2928828681276014,0.00024782756102554476,SPSB1,up
80177,0.28178876233995087,0.3932826360512004,MYCT1,ns
80178,1.4401553848341324,0.0001982232818152379,TEDC2,up
80179,0.6207418102775222,0.0037321289420773657,MYO19,up
80183,-0.7077865703976709,0.035843859058278076,RUBCNL,down
80184,0.14103139072037152,0.5106502193300656,CEP290,ns
80185,0.6613160055972349,0.0032409079284329793,TTI2,up
8019,-0.6318413276963906,0.006201735799036308,BRD3,down
80194,-0.6907794832467662,0.005664150552112543,TMEM134,down
80195,-0.2894508648627978,0.04915292485138114,TMEM254,ns
80196,0.7694704305312694,0.0026654758773458093,RNF34,up
80198,0.2150318477714972,0.09738749811831772,MUS81,ns
80199,0.09094388323538105,0.719593723948585,FUZ,ns
80201,0.08987405916182833,0.8270547758665828,HKDC1,ns
80204,-0.27455796872268046,0.03119325278737191,FBXO11,ns
80205,-0.030154883493283435,0.8600721221839178,CHD9,ns
80207,0.4775344923796041,0.011345877412405737,OPA3,ns
80208,-0.07030531668562823,0.7485331336940655,SPG11,ns
80209,0.5010306322265059,0.014861400093305407,PROSER1,ns
8021,-0.17061542579093292,0.4322495304910039,NUP214,ns
80210,-0.21994226789492366,0.5202034538561872,ARMC9,ns
80212,-0.8998570602394924,0.0072633398310450485,CCDC92,down
80213,0.23852147783128963,0.2816599091629286,TM2D3,ns
80216,0.115084673281304,0.8344434185148506,ALPK1,ns
80218,0.5909882382600227,0.008639845713743653,NAA50,up
80219,-0.025816086719707698,0.9443030321888227,COQ10B,ns
80221,-0.2598098584216668,0.05329558455164485,ACSF2,ns
80222,0.7062726681002989,0.0010607923948296085,TARS2,up
80223,-0.7531519180405706,0.038938330639991775,RAB11FIP1,down
80224,0.17693373820490876,0.21855459985981046,NUBPL,ns
80227,0.724976174965513,0.00367031361211654,PAAF1,up
80228,-0.13823604755103602,0.6550375239049182,ORAI2,ns
80230,-0.2267115913122062,0.3106105651229695,RUFY1,ns
80231,0.6126730798914872,0.05202557956076279,TASL,ns
80232,-0.23740166672864405,0.2046382924804899,WDR26,ns
80233,-0.2029348440036145,0.25122885132962497,FAAP100,ns
80235,-0.5143219453357357,0.004633668735364614,PIGZ,ns
80237,-0.2724909155350437,0.17618821454560943,ELL3,ns
80254,-0.05875704858246955,0.8386132630054557,CEP63,ns
80255,0.16041036557606247,0.20727935500441697,SLC35F5,ns
80256,-0.41364487451352616,0.29014773307040764,ATOSB,ns
80258,-0.9541008937664834,0.0007711777854481405,EFHC2,down
80262,-0.13915417584788337,0.4292109816641948,PHAF1,ns
80263,0.29830428414512866,0.14561004169363945,TRIM45,ns
80264,0.08713332031164711,0.7428516566203273,ZNF430,ns
80267,0.525415841927698,0.02614100016148647,EDEM3,ns
8027,-0.36151269994499025,0.00961240065872848,STAM,ns
80270,0.9634470962302544,0.005346190670332834,HSD3B7,up
80271,-0.014253716457378829,0.9543654186593755,ITPKC,ns
80273,-0.09867101580996795,0.6565585460261194,GRPEL1,ns
80274,0.21503453594978517,0.47804447641492354,SCUBE1,ns
80279,0.3231731340332171,0.16555023037037223,CDK5RAP3,ns
8028,-0.54227497844286,0.0011265236824068267,MLLT10,ns
8029,-0.40856844101889145,0.10275874445666892,CUBN,ns
80298,-0.09327867148697155,0.5852054396056567,MTERF2,ns
8030,-0.3673060464798059,0.008351797253906367,CCDC6,ns
80301,-0.4534171597441379,0.23214292714473764,PLEKHO2,ns
80303,-0.5178976673589135,0.02650126564967201,EFHD1,ns
80304,0.25005343330209406,0.3815647686539099,WDCP,ns
80305,0.30240911755293354,0.21473711281037897,TRABD,ns
80306,-0.04660077555615416,0.7915515687686254,MED28,ns
80308,0.27730694014069357,0.027606556700449834,FLAD1,ns
8031,-0.6814813780975619,0.022021865701302233,NCOA4,down
80310,-1.5051095624469104,0.00024323406742190868,PDGFD,down
80311,-0.4676439158990693,0.30362393143451155,KLHL15,ns
80312,0.0010596075870523691,0.9960024133048047,TET1,ns
80313,-0.08276971552716716,0.6428890126887654,LRRC27,ns
80314,-0.6335146936396541,0.0001636543266999246,EPC1,down
80315,0.9085773070625027,0.004941357827611297,CPEB4,up
80317,0.009728080238554426,0.9591810892131529,ZKSCAN3,ns
80318,-0.31503500389153505,0.13686559233791842,GKAP1,ns
80319,-0.11976178180518549,0.5641698556827248,CXXC4,ns
80321,0.12559105877852073,0.591646594247668,CEP70,ns
80323,0.10102396004323921,0.5462226851875661,CCDC68,ns
80324,0.21902445816690452,0.059299735390233886,PUS1,ns
80325,-1.1094522458460112,0.03372084942094209,ABTB1,down
80326,0.14422615816964246,0.6394143011095783,WNT10A,ns
80328,-0.03367803108392753,0.8961402778631451,ULBP2,ns
80331,-0.1153169728757586,0.5428963994183509,DNAJC5,ns
80335,-0.38485836257255635,0.042816021379580356,WDR82,ns
80336,-0.02089794158865388,0.958414843103337,PABPC1L,ns
8034,0.1745283712889023,0.2699252095901106,SLC25A16,ns
80342,0.1635214803355307,0.36995498497836865,TRAF3IP3,ns
80344,-0.03725344435753364,0.6792689259529511,DCAF11,ns
80345,0.12089962053891856,0.4298708657721515,ZSCAN16,ns
80346,0.48255016616881363,0.03298878500977756,REEP4,ns
80347,0.1760038395011705,0.3249342976144834,COASY,ns
80349,0.39895587553162315,0.06975523120608923,SKIC8,ns
80351,-0.0497862371966864,0.8277054263887654,TNKS2,ns
80352,0.06834783901784736,0.7485331336940655,RNF39,ns
8036,-0.11384093128451411,0.5463473722166706,SHOC2,ns
8038,-0.13148140161472366,0.7751444389980259,ADAM12,ns
80380,1.0177473231984298,0.0019477742133556296,PDCD1LG2,up
80381,0.6556888250851616,0.004395212765818781,CD276,up
8045,-0.513349907207032,0.012330354220461167,RASSF7,ns
805,-0.13961646430334618,0.6100467881861551,CALM2,ns
8050,0.8493200221633881,8.944250117801734e-05,PDHX,up
8061,0.36346966945182313,0.6808297221101047,FOSL1,ns
8065,0.26878996605426053,0.08412268993592484,CUL5,ns
80700,-0.23709605231186615,0.31130722840522307,UBXN6,ns
80705,-0.25495822829293324,0.07442637141268689,TSGA10,ns
80709,-0.41552574746335047,0.03153795215091102,AKNA,ns
80714,-0.3341789657027805,0.13271237447506967,PBX4,ns
80724,-0.10940111161574073,0.23422573129416402,ACAD10,ns
80726,-0.7599874313274713,0.13804979417540558,IQCN,ns
80727,-0.7248059060828069,0.13579049833145485,TTYH3,ns
80728,-0.3655164724858144,0.0219913794435811,ARHGAP39,ns
8073,-0.43910776759247483,0.0006072881948033231,PTP4A2,ns
80737,-0.015096030701392316,0.9573942990789279,VWA7,ns
80739,-1.807451059264288,0.01662303261043741,MPIG6B,down
80741,-0.4155698418329745,0.09124250530701947,LY6G5C,ns
80742,0.17166746857825999,0.36045716836888403,PRR3,ns
80745,0.31612558208839747,0.007327826016934553,THUMPD2,ns
80746,0.19833956046659384,0.21991329495784054,TSEN2,ns
80755,0.2820691708723766,0.07797899987734587,AARSD1,ns
80757,-0.13206185792660463,0.6266808634645219,TMEM121,ns
80758,-0.6068507866509893,0.22387718521536265,PRR7,ns
80759,0.4060307181781644,0.021598918624531553,KHDC1,ns
8076,-0.10970897357118314,0.5541324468200053,MFAP5,ns
80760,0.14804223970001473,0.5623102642855132,ITIH5,ns
80762,-0.10365497882113495,0.2837516061954631,NDFIP1,ns
80763,-1.3734061852736268,0.0003368100283008243,SPX,down
80764,0.07809245999468573,0.7770348827728792,THAP7,ns
80765,0.5887503594993273,0.028595756141502778,STARD5,up
80772,-0.15754256435080372,0.47942279479531974,CPTP,ns
80774,-0.524595670305116,0.02881921911479785,LIMD2,ns
80775,-0.02232890132157994,0.9286480630011364,TMEM177,ns
80776,0.053233011891347104,0.8322381308950724,B9D2,ns
80777,0.36344333420929686,0.10557768858939214,CYB5B,ns
80778,-0.11586258121525628,0.5640934604704485,ZNF34,ns
8078,0.3442166037568004,0.0065530591084086605,USP5,ns
80781,-0.7350298920277396,0.2638777304600642,COL18A1,ns
80789,0.4474738969263541,0.056065396026456236,INTS5,ns
8079,-0.1479415869970584,0.6026704896249654,MLF2,ns
80790,-0.7032131163103852,0.041991595445686765,CMIP,down
808,-0.2487925566001472,0.08241034975074467,CALM3,ns
80817,0.1363602046764676,0.48531267883979484,CEP44,ns
80818,-0.2033703455518907,0.23574402213189888,ZNF436,ns
8082,0.4981420079328336,0.174113397396018,SSPN,ns
80820,-0.9319288630395786,0.006413076481989741,EEPD1,down
80821,0.21170012420786932,0.1574174758416131,DDHD1,ns
80823,-0.2845407674465301,0.17610539059625976,GPRASP3,ns
80824,-0.5276917941168104,0.10498984447293253,DUSP16,ns
80829,-0.10490560314785924,0.41461887346544585,ZFP91,ns
80830,0.7939550505579529,0.05184452874099453,APOL6,ns
80832,0.5110489625702721,0.16724039387026682,APOL4,ns
80833,0.6531815365507025,0.01529547462941382,APOL3,up
8085,-0.5086719236360473,0.04486335973075219,KMT2D,ns
80851,0.28353800046833477,0.17554552820428954,SH3BP5L,ns
80853,-0.23934010045977772,0.2793918778066964,KDM7A,ns
80854,-0.35009388732238556,0.09428425461575371,SETD7,ns
80856,0.013535145616819122,0.944040292996146,LNPK,ns
8086,0.3625503954097482,0.15113039115110116,AAAS,ns
80863,-0.6584863459100676,0.005411126556618354,PRRT1,down
80864,-0.33055258359967965,0.038106109401076886,EGFL8,ns
8087,-0.07162262763530514,0.5952451861863037,FXR1,ns
8089,0.34398807698046774,0.15123019340203622,YEATS4,ns
80895,0.2315670598883468,0.05331804387227033,ILKAP,ns
80896,-0.5835408537165865,0.17891802894872125,NPL,ns
80975,0.1832720662140872,0.2997207865653955,TMPRSS5,ns
8099,-0.5052734715365457,0.02809201131197235,CDK2AP1,ns
81,0.032755957397069935,0.8880564072282149,ACTN4,ns
8100,-0.49351211081627344,0.007229198694756875,IFT88,ns
81027,-2.1064489233374495,0.003693604405696921,TUBB1,down
81029,1.3130302665279414,0.0009511666939612951,WNT5B,up
81030,1.7703175746599005,5.420137334318328e-05,ZBP1,up
81034,0.3607732968093771,0.09051337148406555,SLC25A32,ns
81037,1.3816129641028763,0.0005413725322063257,CLPTM1L,up
8106,-0.030533222415071393,0.8596897863792867,PABPN1,ns
811,1.3861020345937956,0.0001661230272676351,CALR,up
8110,-0.09115559866599554,0.590790420623014,DPF3,ns
8111,-0.7904614196765962,0.009020474870810445,GPR68,down
8115,-1.471012980519962,0.008008585047657708,TCL1A,down
8125,0.1305643871692368,0.35688740443524886,ANP32A,ns
813,1.0917045542780581,0.0017709444033187434,CALU,up
8131,-0.15106786908275893,0.6712542165101766,NPRL3,ns
8139,0.08301050992636227,0.5459636723322611,GAN,ns
814,-0.540435839910204,0.14106738151817855,CAMK4,ns
8140,1.5827793058008393,0.004184970022454568,SLC7A5,up
8148,-0.050439670705307194,0.7158901381851,TAF15,ns
81488,-0.14478219153311933,0.38908689680630887,POLR2M,ns
81490,0.0012444355102818605,0.9938511116893606,PTDSS2,ns
81491,0.52103782803173,0.022200430887022546,GPR63,ns
81493,0.39508153377434496,0.05780891430280577,SYNC,ns
81502,0.966189001175433,0.0022288171302609497,HM13,up
81532,-0.31867796856811026,0.01484744178576388,MOB2,ns
81533,0.664008055507832,0.00030888817403461756,ITFG1,up
81537,-0.4417887568338692,0.07161173400553267,SGPP1,ns
81539,-0.1036611710856441,0.7392074782010323,SLC38A1,ns
81542,0.7370229778949025,0.011986528524513151,TMX1,up
81543,0.22329453024684032,0.18063676281742908,LRRC3,ns
81544,-0.36368551170157914,0.21231901422549235,GDPD5,ns
81545,0.38999132133541536,0.021275665638306355,FBXO38,ns
81550,-0.04713201159381342,0.8008329596587835,TDRD3,ns
81552,0.6328076524165898,0.019153519777724465,VOPP1,up
81553,-0.32208079582763993,0.2439071084258619,CYRIA,ns
81554,0.47265635751391244,0.011410072974426663,RCC1L,ns
81555,0.6182395495299424,0.01806408017633149,YIPF5,up
81556,0.5937560526075956,0.014886241796366956,INTS14,up
81557,-0.15767989184619235,0.3815012477657828,MAGED4B,ns
81558,-1.003696586782116,0.0003914234003698077,FAM117A,down
81559,0.003349388849445134,0.9830713550208927,TRIM11,ns
81562,0.11126143140675282,0.46090415934157425,LMAN2L,ns
81563,-1.3706047582225027,0.0005807923397983708,C1ORF21,down
81565,-0.29987643031465794,0.30834757960894466,NDEL1,ns
81566,-0.03408235382271485,0.8326265521725856,CSRNP2,ns
81567,3.1722486873186906,0.0005152785880673056,TXNDC5,up
81570,0.7501773325905496,0.00011889509215433759,CLPB,up
81572,0.009200896966985894,0.959582862324032,PDRG1,ns
81573,0.15997022514024017,0.4563495490755619,ANKRD13C,ns
81575,0.016826354773278318,0.9280672186418093,APOLD1,ns
81576,-0.1195380115471405,0.5766722774687073,YJU2B,ns
81577,-0.18845101535267705,0.2199666133710249,GFOD2,ns
81579,-0.38411993712813697,0.018182002962473454,PLA2G12A,ns
81602,0.039429608561438734,0.7542248490944518,CDADC1,ns
81603,-0.48166285952753185,0.1108312228901803,TRIM8,ns
81605,-0.0020583994102665315,0.9919744529062084,URM1,ns
81606,-0.7480886243695615,0.024937239689964717,LBH,down
81608,0.19712489129792488,0.0566153536014196,FIP1L1,ns
81609,-0.18778150656654802,0.5554235804281459,SNX27,ns
8161,-0.004560805860187145,0.9837080248798886,COIL,ns
81610,1.0235035091342262,0.01107896587673023,SACK1D,up
81611,0.8026540864753944,0.006205912992841786,ANP32E,up
81614,0.4611008816447324,0.004799275489925972,NIPA2,ns
81615,-0.26327201462984284,0.16895018173493626,TMEM163,ns
81617,-0.21287985786526153,0.06322699475036879,CAB39L,ns
81618,2.5796475189643786,0.0010745496684629987,ITM2C,up
81619,-0.30553330927519085,0.10102318902944528,TSPAN14,ns
81620,2.42529457003476,0.00011488704298825052,CDT1,up
81621,0.5289665983354128,0.0008345619887752158,KAZALD1,ns
81622,0.1564806893097188,0.5972644348039781,UNC93B1,ns
81624,1.8920812972818624,8.004251712542228e-05,DIAPH3,up
81627,1.1582814665967707,0.0019164326926087304,TRMT1L,up
81628,-0.5725375167378761,0.049246771487344534,TSC22D4,ns
81629,-0.8379133332730202,0.00995957358901237,TSSK3,down
81631,-0.4755817995140088,0.06163879022696101,MAP1LC3B,ns
8165,0.38882845489647444,0.007431875395642641,AKAP1,ns
81669,-0.21498341280765132,0.30604135407132166,CCNL2,ns
81671,-0.4400240240271778,0.2860519867955198,VMP1,ns
81688,0.15240369501681172,0.1816247688739666,C6ORF62,ns
81689,-0.4308192813514111,0.02958759406814221,ISCA1,ns
81691,0.9958136667594388,0.0001625964443021324,REXO5,up
81693,-0.24004645055185403,0.27477374960354817,AMN,ns
817,-0.5585223118282308,0.009049424062856354,CAMK2D,ns
8170,0.407958588336891,0.05683889922757972,SLC14A2,ns
81704,0.2312804228336045,0.37470202788733203,DOCK8,ns
81706,-0.3784731205735916,0.03837654209260549,PPP1R14C,ns
8174,-0.8085461440700441,0.0038858601557249643,MADCAM1,down
8175,-0.19405627099872014,0.39398500271554143,SF3A2,ns
8178,0.19102269248727843,0.5987090204617684,ELL,ns
81786,0.02734853607124421,0.9347655541836491,TRIM7,ns
81788,-1.069470870259952,0.006854994890498299,NUAK2,down
81789,0.4929907954582804,0.0002961936224700712,TIGD6,ns
81790,0.16996268493698352,0.18629332791031095,RNF170,ns
81793,-0.8343603848048158,0.006889847606719291,TLR10,down
81794,-1.5345228821100267,0.0002816087538836144,ADAMTS10,down
81796,0.6751012302407426,0.026807718113787418,SLCO5A1,up
818,-0.8269044736479678,0.0006975464555441587,CAMK2G,down
81831,0.8474182538033137,0.0014067001738653434,NETO2,up
81832,-0.09644004810687345,0.6855497087269083,NETO1,ns
81839,0.2189609287432983,0.3189624290098438,VANGL1,ns
81844,0.2663425610079475,0.09714759865205283,TRIM56,ns
81846,-0.21743957963982474,0.5297716633532243,SBF2,ns
81847,-0.23748288788573113,0.24776727647010957,RNF146,ns
81853,0.036035428866359354,0.843350680733198,TMEM14B,ns
81855,-0.5456923381187337,0.023436215761065783,SFXN3,ns
81856,-0.17101844273578504,0.395602070622298,ZNF611,ns
81857,-0.2172338821379629,0.5946953411299252,MED25,ns
81858,-0.3194968595971943,0.1757710559122575,SHARPIN,ns
8187,-0.12939135900581444,0.5574553726907712,ZNF239,ns
81873,0.508157120481977,0.021862287748997462,ARPC5L,ns
81875,-0.05401066702088109,0.7398097561082158,ISG20L2,ns
81876,-0.05688806270374336,0.8463102313431594,RAB1B,ns
81887,0.33129014052754613,0.03422066373505088,LAS1L,ns
81888,0.6313219090079754,0.08541838788288054,HYI,ns
81889,0.34034235627791354,0.10835846504572581,FAHD1,ns
8189,0.516615142703964,0.0006537120375095382,SYMPK,ns
81890,0.4069570038794028,0.043973593082312606,QTRT1,ns
81892,0.9525472176299177,0.00011840854763584734,SLIRP,up
81894,-0.007770533024944015,0.9773912665868754,SLC25A28,ns
819,-0.5531956442199739,0.0019014700572900069,CAMLG,ns
8192,0.3765407013620461,0.15578992279364184,CLPP,ns
81926,-0.6111272621274164,0.0048928994304941785,ABHD17A,down
81928,0.3166796851076743,0.12314776992231413,CABLES2,ns
81929,0.6361059995250598,0.0021773142069827917,SEH1L,up
81930,1.5538869606513908,0.00016497578726918207,KIF18A,up
81931,-0.05062117018260359,0.7471765479761178,ZNF93,ns
81932,0.45505422412491114,0.031112355808990487,HDHD3,ns
8195,-0.007062359847047617,0.9759680443924061,MKKS,ns
820,-0.277255507164595,0.7121986449756561,CAMP,ns
8202,0.917400907304101,0.0031578619113505225,NCOA3,up
8204,-0.11861421563657792,0.7604585829757499,NRIP1,ns
8208,1.1015509701186952,0.0011678546548042892,CHAF1B,up
8209,-0.2825500707037323,0.753716452538771,GATD3,ns
821,0.40132734383373503,0.09104728182597194,CANX,ns
8216,0.05069651498096661,0.7990847301972593,LZTR1,ns
8218,0.2571319135865835,0.3730501969968195,CLTCL1,ns
822,0.054898390440250466,0.8746605389318942,CAPG,ns
8220,0.10163370954410667,0.5072484684165742,ESS2,ns
8224,-0.7515482506968221,0.21058039660796832,SYN3,ns
8225,-0.21146788389016535,0.18978399866831774,GTPBP6,ns
8226,0.349327810505887,0.11585398708047219,PUDP,ns
8227,-0.32885653461397446,0.09513203842536923,AKAP17A,ns
8228,-0.3564324864359927,0.08934346241914037,PNPLA4,ns
823,-0.10257715725671801,0.6632731011701052,CAPN1,ns
8233,-0.5362508917331432,0.0012569266277795822,ZRSR2,ns
8237,0.33046189001896664,0.2062330404161058,USP11,ns
8239,-0.00165488999695107,0.9943538432845409,USP9X,ns
824,0.1259805223686179,0.417032322752208,CAPN2,ns
8241,0.26165164232642724,0.08901429785700474,RBM10,ns
8242,0.0076920665769364405,0.9662644851028818,KDM5C,ns
8243,0.2701287315635579,0.2662381721018558,SMC1A,ns
825,-0.1406868256562408,0.606189785139017,CAPN3,ns
826,-0.24770598729201687,0.3496620220604283,CAPNS1,ns
8260,0.23529789855546213,0.12566583789101657,NAA10,ns
8263,-0.6112270352409546,0.009718232767463399,F8A1,down
8266,-0.13028306886740104,0.33544883162877237,UBL4A,ns
8269,0.25452288867020734,0.07261906673078122,TMEM187,ns
8270,0.5571829386471583,0.01806408017633149,LAGE3,ns
8273,-0.3467219929703429,0.06095233866846802,SLC10A3,ns
8277,-1.2756340556058552,0.011030170540026054,TKTL1,down
828,-0.25297563750997565,0.42956481649241596,CAPS,ns
8289,-0.38952216601545864,0.015826738658885203,ARID1A,ns
829,0.7885750895040164,0.0014547014966029969,CAPZA1,up
8291,0.45204372202169374,0.5090775063768147,DYSF,ns
8292,-0.7266031762516674,0.0008249399309876463,COLQ,down
8293,-0.7302010791255178,0.13182710548688664,SERF1A,ns
8295,-0.025734550054355765,0.8958395499094663,TRRAP,ns
830,0.21597901290079768,0.4308230465660142,CAPZA2,ns
8301,-0.3154394346062759,0.2894637223702977,PICALM,ns
8302,-0.7154904547759546,0.041546210428637154,KLRC4,down
8303,-1.1054647964302582,0.0048373119406254165,SNN,down
8309,0.4772353920514574,0.01015362696290858,ACOX2,ns
831,-0.5945799969814693,0.015977970066627076,CAST,down
8310,0.11527129426630989,0.4831139436745353,ACOX3,ns
8312,-0.6581948063990684,0.00042158352735422843,AXIN1,down
8313,-0.8886295531965267,0.03298878500977756,AXIN2,down
8314,0.06924060775781982,0.4516346979460674,BAP1,ns
8315,0.19227973257654618,0.09549945195802696,BRAP,ns
8317,0.9647622855454667,0.0006072881948033231,CDC7,up
8318,2.593424009394651,2.348407398812961e-05,CDC45,up
832,-0.3198725254379049,0.08370276531704486,CAPZB,ns
8320,-0.4870784069820999,0.29065040718880775,EOMES,ns
8321,-0.9780380371989699,0.021727305545486367,FZD1,down
8322,-0.8770138567341528,0.006718669614939903,FZD4,down
8323,0.4772050325935888,0.0731672256807351,FZD6,ns
8324,0.09797035522165931,0.5971557745105518,FZD7,ns
8325,-0.5103702349517594,0.015461238890431342,FZD8,ns
83259,0.22700510293303022,0.5111825054218441,PCDH11Y,ns
8328,-1.3155584497104265,0.01942438968571429,GFI1B,down
8329,0.5050783528855423,0.01585548269425981,H2AC13,ns
833,0.7754532486126315,3.585648996713135e-05,CARS1,up
8330,0.06543783286543903,0.7347663739598389,H2AC15,ns
8331,0.8505931670230447,0.0008176420671297096,H2AC14,up
8332,0.6577952301071726,0.00034995494603349306,H2AC16,up
8334,-0.32181076314156876,0.4995051588628712,H2AC6,ns
8336,0.5891610108072154,0.005964130353401084,H2AC17,up
8337,0.43130980617260306,0.4292109816641948,H2AC18,ns
8338,0.059744400704056844,0.8879351609356833,H2AC20,ns
8339,-0.1191955504210922,0.5188386455677333,H2BC8,ns
83394,0.3181046241607577,0.013012636672354203,PITPNM3,ns
834,0.2656075089132184,0.47136938551095753,CASP1,ns
8340,0.44576870147608005,0.06958180240041201,H2BC13,ns
83401,1.120815677032943,0.000360704291455176,ELOVL3,up
8341,0.35681524598767655,0.05386845175666035,H2BC15,ns
83416,1.676039027817005,0.0011505614431916718,FCRL5,up
8343,0.09145958499525797,0.678307642620289,H2BC7,ns
83439,0.550260389362971,0.07351788235617274,TCF7L1,ns
83440,0.028772904285665035,0.8413399274638501,ADPGK,ns
83442,-0.7822909918215295,0.035345745484740905,SH3BGRL3,down
83443,0.11391011007929919,0.636759249360425,SF3B5,ns
83444,0.11500925044403587,0.5267198237188515,INO80B,ns
83448,0.3932145665524356,0.11239623977121785,PUS7L,ns
8345,0.40309139366007063,0.06455396494303517,H2BC9,ns
83450,-0.1138744039670696,0.33635008120095583,DRC3,ns
83451,0.09313703334398671,0.6979074455158516,ABHD11,ns
83452,-0.0003627510220223229,0.9987537121438871,RAB33B,ns
83460,0.34600855779377504,0.04608152349361846,EMC6,ns
83461,2.0901266336359123,0.00012736537187883146,CDCA3,up
83463,0.7370701640478803,0.0748304662627787,MXD3,ns
83464,-0.03594678504203763,0.8618588189137906,APH1B,ns
8347,0.31667588281038483,0.5788395284376395,H2BC4,ns
83473,0.1589858007151319,0.4521946150826015,KATNAL2,ns
83475,0.7299096149818709,0.00012421896447858757,DOHH,up
83478,-0.5155350616498255,0.03298878500977756,ARHGAP24,ns
83479,0.17267465975057839,0.08707607321448016,DDX59,ns
8348,0.9938284123984076,0.0045673772029203065,H2BC17,up
83480,0.31820346704156144,0.10531073391813935,PUS3,ns
83481,-0.5937205266587462,0.06189266987754948,EPPK1,ns
83483,-0.21021514527440566,0.5037801326428277,PLVAP,ns
8349,-0.2974419875452554,0.518676971768111,H2BC21,ns
835,-0.20843131487885813,0.18787018340296888,CASP2,ns
8350,-0.2092425655876733,0.4596031582144112,H3C1,ns
8351,0.8521393323921576,0.017892791209962573,H3C4,up
83538,-0.22357826156739335,0.23301281310516114,ODAD4,ns
83540,2.0965930976922413,9.245185784248535e-05,NUF2,up
83541,-0.9767928691010113,0.01008692238128723,FAM110A,down
83544,-0.16671824088693832,0.5094652748930688,DNAL1,ns
83547,0.03858615953611011,0.9265607290325683,RILP,ns
83548,0.06265312390060984,0.6261673985731989,COG3,ns
83549,-0.05453037172354769,0.5671356348315232,UCK1,ns
8357,-0.337384097419009,0.27945389897012185,H3C10,ns
83590,0.09511782733843255,0.7284169179739333,TMUB1,ns
83591,0.09484711812729785,0.597236019501473,THAP2,ns
83592,-0.20108102421287555,0.1920853674001456,AKR1E2,ns
83593,-0.6487049194852617,0.00023174617959985705,RASSF5,down
83594,0.23850263288051643,0.18399201052973793,NUDT12,ns
83595,-0.005040436907179036,0.9787434651594362,SOX7,ns
83596,0.5752176177824158,0.00526123041022858,BCL2L12,ns
836,1.7049564815841638,0.00020416009804207798,CASP3,up
83605,-0.008004569329257194,0.9627630749260693,CCM2,ns
83606,0.05041937144223496,0.7281339417289306,GUCD1,ns
83607,-0.28548030098208876,0.017866971245235685,AMMECR1L,ns
83608,0.23813733546534355,0.04915292485138114,RMP24,ns
8362,0.4022056144881816,0.19934045563798516,H4C12,ns
8363,0.38485789026925676,0.21018013227071042,H4C11,ns
83636,0.2162205491821485,0.2714844803291369,C19ORF12,ns
83637,-0.3975708446696906,0.15260022842983045,ZMIZ2,ns
83638,0.1026604761713994,0.6524104807457044,C11ORF68,ns
8364,0.06304781647901248,0.792043880831894,H4C3,ns
83640,0.142198713485147,0.31198459568045667,RAMAC,ns
83641,-0.46160737617972636,0.010555841502200814,FAM107B,ns
83642,0.1955157095588813,0.4039375509735311,SELENOO,ns
83643,-0.16294970952209198,0.38876915054520794,CCDC3,ns
83648,-0.7397699119604972,0.007419960828130742,FAM167A,down
8365,0.7668412800580215,0.008538546512600215,H4C8,up
83658,0.3234464417032772,0.13071822529830948,DYNLRB1,ns
83660,0.009233294452234198,0.9517666418590822,TLN2,ns
83666,1.0577604542938346,0.03199404757426919,PARP9,up
83667,-0.34397838551379145,0.33621036365238083,SESN2,ns
83692,0.108921414849803,0.4775687546257386,CD99L2,ns
83693,-0.04443578847165419,0.7411434558142198,HSDL1,ns
83694,0.5360629262988255,0.021149314832001397,RPS6KL1,ns
83695,0.2935466142625138,0.11994320896195292,RHNO1,ns
83696,-0.46611251638608486,0.003005586607818017,TRAPPC9,ns
83699,-1.9876229462673747,0.00025841138651449554,SH3BGRL2,down
837,0.20489746636931372,0.42187587344173244,CASP4,ns
8370,0.589091640057152,0.000671287377281062,H4C14,up
83700,-0.8097445049466101,0.009000009101780452,JAM3,down
83706,0.03729619229142145,0.9018909390313836,FERMT3,ns
83707,0.2879585230314401,0.16969256849556913,TRPT1,ns
83714,-0.6819617671318987,0.0032497066341303188,NRIP2,down
83715,-0.28054047916886393,0.45012512342690647,ESPN,ns
83716,0.12046602370517867,0.852079728957167,CRISPLD2,ns
83719,-1.0853498830577646,0.014135702919809628,YPEL3,down
8372,0.2348746605920491,0.3107248844590371,HYAL3,ns
83732,0.47197524856343076,0.010826939326697461,RIOK1,ns
83733,0.05119075538434714,0.7339918239241906,SLC25A18,ns
83734,-0.025331138234844452,0.9087632579464476,ATG10,ns
83737,0.23725789226572402,0.19574538840201852,ITCH,ns
83742,-0.48270938244888306,0.244195285973733,MARVELD1,ns
83743,1.0893910027018894,0.00022154699108463066,GRWD1,up
83744,-0.014085786615735785,0.9556053219652024,ZNF484,ns
83746,0.5434230573475993,0.0011003224560071983,L3MBTL2,ns
83752,0.4551103415845983,0.006125049163292957,LONP2,ns
83756,0.4613218212079717,0.2162745458047083,TAS1R3,ns
83758,0.15841082183109112,0.5161479485813348,RBP5,ns
83759,0.31963394486307983,0.1421386066732509,RBM4B,ns
83786,-0.21346270992439287,0.1198035088287493,FRMD8,ns
83787,-0.0068507500789412035,0.9619735161275839,ARMC10,ns
8379,-0.1658002798768763,0.2505643809839284,MAD1L1,ns
838,0.20374548477814614,0.7301452105855021,CASP5,ns
83849,0.26324407843342446,0.21455775048971307,SYT15,ns
83852,0.17934270010900022,0.320368943028047,SETDB2,ns
83853,-0.5037342952829063,0.31701241363870697,ROPN1L,ns
83854,0.36299499541453706,0.051798316903329436,ANGPTL6,ns
83855,-0.737553192084988,0.017026970929509957,KLF16,down
83856,-0.16506746189043753,0.3853912842085618,FSD1L,ns
83857,-0.4449032337707832,0.42047212271082673,TMTC1,ns
83858,0.3058378764229044,0.1365272926932258,ATAD3B,ns
83860,-0.36490720626231266,0.007683200273923193,TAF3,ns
83861,-0.3715380061771736,0.06148167690355712,RSPH3,ns
83862,-0.4971962319355523,0.07129160527137436,TMEM120A,ns
83871,-0.026389621124816465,0.9303177223814482,RAB34,ns
83872,-0.25970748138877653,0.2139646939341478,HMCN1,ns
83874,-0.6640836101196879,0.0001168027136514917,TBC1D10A,down
83876,0.2457527157973063,0.2628984335846958,MRO,ns
83877,0.2598034004178089,0.13209923083420233,TM2D2,ns
83879,1.3062554551830114,0.0010150852535089716,CDCA7,up
83881,2.0487012560941276,0.0022664564264950793,MIXL1,up
83882,0.38312817354864936,0.06288554391189084,TSPAN10,ns
83886,-0.19760977454154904,0.24641615313074974,PRSS27,ns
83888,-1.9358393592324585,0.0010135123803457146,FGFBP2,down
83891,0.3068702304403139,0.33441338734457504,SNX25,ns
83892,-0.028751901660536205,0.8665744075935333,KCTD10,ns
839,0.4729311569742407,0.01627092775244754,CASP6,ns
83903,1.8072328882400353,0.0001982232818152379,HASPIN,up
83930,0.11165114981977098,0.4464983819019844,STARD3NL,ns
83931,-0.45136727833099144,0.15646328758295255,STK40,ns
83932,-0.09344443951852188,0.7197305379462785,SPRTN,ns
83933,-0.1045604559193869,0.6870687314517654,HDAC10,ns
83937,-0.8225111122390096,0.030284113736259576,RASSF4,down
83938,-0.6694872242115295,0.010113819192164591,LRMDA,down
83939,0.13215964236359312,0.34455098778332177,EIF2A,ns
8394,0.12462451934141328,0.22436854791418015,PIP5K1A,ns
83940,0.1151028082274248,0.5374621594265185,TATDN1,ns
83941,0.1993550539123632,0.01942763743336604,TM2D1,ns
83943,-0.3306110105812685,0.05915818078466322,IMMP2L,ns
8395,0.5904986403252499,0.06840322945345695,PIP5K1B,ns
83959,0.8912608790426226,0.0005787639579050334,SLC4A11,up
8396,-0.3908278176972786,0.002029042444158655,PIP4K2B,ns
8398,-0.5728337717810899,0.07089649643350279,PLA2G6,ns
83982,0.6134165536553038,0.0022536376561750485,IFI27L2,up
83983,0.09169049153843645,0.5281536049684706,TSSK6,ns
83985,-0.24341026001775212,0.2929633024949595,SPNS1,ns
83986,-0.27674949825103745,0.09545739165470606,FAM234A,ns
83988,-0.782361119867856,0.023118374452849835,NCALD,down
83989,-0.7331681996620105,1.6322850457986353e-05,ARB2A,down
83990,1.0333315946723864,0.0002236543256588183,BRIP1,up
83998,-0.45658253712871755,0.16151949254198686,REG4,ns
83999,0.23336529222116642,0.7606851814595615,KREMEN1,ns
840,1.133754873636832,0.0001661230272676351,CASP7,up
84000,-0.19351863295705396,0.30991161377624427,TMPRSS13,ns
84002,-0.47295522587840644,0.48531267883979484,B3GNT5,ns
8402,0.1860386442313331,0.22838013565662144,SLC25A11,ns
84033,-1.0941004929371356,0.0021535461031213336,OBSCN,down
84034,-0.24129110623851346,0.6127739984136845,EMILIN2,ns
8405,0.45283864911662697,0.004812632932314844,SPOP,ns
84056,-0.27581329416545675,0.10664142670560203,KATNAL1,ns
84057,1.3258993469420428,0.0008539374904492245,MND1,up
84058,-0.04429922756327542,0.8383214976509911,WDR54,ns
84060,0.0772436282751352,0.7383991634215182,RBM48,ns
84061,0.5744280474991221,0.036594678734734425,MAGT1,ns
84062,0.07149386100074473,0.5376891092903082,DTNBP1,ns
84064,-0.033174606881500424,0.8839350311727747,HDHD2,ns
84065,-0.21557796389094008,0.15201474736334922,TMEM222,ns
84067,-0.47747600715884886,0.05582432020836238,FHIP1B,ns
84068,0.5037101835620854,0.01981768343782927,SLC10A7,ns
84069,0.4650049359898345,0.014406528528860027,PLEKHN1,ns
8407,-0.6832893815387777,0.05610762187564661,TAGLN2,ns
84071,-0.3522804020906305,0.027672447278705135,ARMC2,ns
84072,0.2209263252745055,0.40704319089887075,HORMAD1,ns
84073,0.6796267606836937,0.009475139359395408,MYCBPAP,up
84074,0.31323636838481583,0.21427292763529646,QRICH2,ns
84077,-0.25325331386187866,0.19101632742500785,FAM194C,ns
84078,0.22474386067469165,0.43555191632975726,KBTBD7,ns
84079,0.11987703760495094,0.5084165638941704,ANKRD27,ns
8408,-0.4558849774471927,0.1936474950815557,ULK1,ns
84080,-0.3657493243609107,0.051603914963483974,ENKD1,ns
84081,0.33990085817144333,0.006620377592147632,NSRP1,ns
84083,0.10785069891076571,0.623479313577139,ZRANB3,ns
84085,0.14116300219410327,0.596901510681203,FBXO30,ns
8409,-0.40728713865883925,0.040763370867707434,UXT,ns
841,-0.012577094781690334,0.964439782568279,CASP8,ns
84100,-0.09773223104896189,0.652569698171047,ARL6,ns
84101,-0.4453356176286398,0.029039742848499726,USP44,ns
84102,0.5073762362747836,0.011293356590805565,SLC41A2,ns
84105,-0.2541005548295665,0.02044772004686343,PCBD2,ns
84106,-0.9419724539887699,0.05681168347837149,PRAM1,ns
84108,0.3188078779459973,0.07558003142163368,PCGF6,ns
8411,-0.24662413528785265,0.2136264185346661,EEA1,ns
8412,0.6946791494711606,0.021077893135563196,BCAR3,up
84124,-0.3457258165048689,0.39364213355683825,ZNF394,ns
84126,0.17355524833953861,0.19708465258937685,ATRIP,ns
84128,0.5402445188537612,0.03485109654520017,WDR75,ns
84129,-0.08088694995643486,0.6625542197668508,ACAD11,ns
84131,-0.36165622392992347,0.19643587725616557,CEP78,ns
84132,0.2289838073014323,0.10899437268765708,USP42,ns
84133,-0.12816530346826038,0.44434373337651184,ZNRF3,ns
84134,0.6950587527798326,3.157819208681694e-05,TOMM40L,up
84135,0.44415748649645437,0.02209498908347387,UTP15,ns
84138,0.1552768447315671,0.25284814186586657,SLC7A6OS,ns
84140,0.27013289588046785,0.14099356917861475,FAM161A,ns
84142,-0.5061505089174272,0.0155012351932289,ABRAXAS1,ns
84144,-0.5844714467321186,0.04017035159659231,SYDE2,down
84146,-0.08463436160829652,0.6881488835177784,ZNF644,ns
84148,-0.2539208802975619,0.11756676519131651,KAT8,ns
84153,0.2078318607180787,0.22790981064961083,RNASEH2C,ns
84154,0.581832853837958,0.010738389331100509,RPF2,up
84159,-0.25992092144729284,0.25372583387363196,ARID5B,ns
8416,-0.5884085816485483,0.01444505840715965,ANXA9,down
84162,-0.49659256501282023,0.03241511167064784,BLTP1,ns
84163,-0.2746450575922772,0.22809235734959085,GTF2IRD2,ns
84164,0.09043691857924507,0.563749968593717,ASCC2,ns
84166,-0.14107218794560872,0.5113195283902446,NLRC5,ns
84167,-0.04822106673270721,0.7778260015932827,C19ORF44,ns
8417,0.08072161002763956,0.7428263645936739,STX7,ns
84172,0.4160300297069526,0.11142240571005568,POLR1B,ns
84173,-0.025450834517156906,0.8909954028728823,ELMOD3,ns
84174,-0.5773146114607375,0.031154767076178914,SLA2,ns
84179,-0.09012263244789942,0.812859446762187,SLC49A3,ns
84181,-0.32650479262768606,0.146039264315929,CHD6,ns
84182,0.21372240971995815,0.14837420362999504,MINDY4,ns
84186,-0.3816790434199131,0.003326781615391327,ZCCHC7,ns
84187,-0.7336900605991801,0.04905240895335664,TMEM164,down
84188,0.6004205466542452,0.023704001874666786,FAR1,up
8419,1.3254070622396439,0.0005652460239686725,BFSP2,up
84190,0.08567865482688486,0.4846848384185077,METTL25,ns
84191,0.22028189737197224,0.14786621884692006,CIAO2A,ns
84193,-0.15058592596748532,0.14147348457264075,SETD3,ns
84196,0.5863803797517271,0.0013465505590450869,USP48,up
84197,-0.10218012384275088,0.549259417889668,POMK,ns
842,0.050417613042325726,0.6047678236391516,CASP9,ns
84203,-0.06293502004306006,0.7013251520961867,TXNDC2,ns
84206,-0.3973870924757499,0.16919079586195454,MEX3B,ns
84210,-0.2369350592852557,0.35388890739709156,ANKRD20A1,ns
84215,-0.13283587150964404,0.3796468788826073,ZNF541,ns
84216,-0.26602148551232485,0.05515513174260917,TMEM117,ns
84217,0.24272544595700474,0.1513069863239965,ZMYND12,ns
84219,0.3992006698958104,0.024797583296258172,WDR24,ns
84220,-0.14507560999667213,0.6168316082815339,RGPD5,ns
84221,0.030732903746900853,0.9385886713524348,SPATC1L,ns
84223,0.3072874674562476,0.08093925411597092,DRC9,ns
84224,-0.8369265284298537,0.001959940099340725,NBPF3,down
84225,-1.017286150323418,0.000630386947054791,ZMYND15,down
84226,0.0067266925136175715,0.9737641926857054,SPATA31H1,ns
84229,-0.3214924096678473,0.23701977768304375,DRC7,ns
84230,0.20932172825118123,0.45693927309455795,LRRC8C,ns
84231,-0.12806056963725965,0.5042413440685097,TRAF7,ns
84232,-0.3345998362480991,0.07391581781074624,MAF1,ns
84233,0.5447972421654779,0.01008692238128723,TMEM126A,ns
84236,0.5114836124394095,0.017166444224562722,RHBDD1,ns
84239,-0.03938241150458843,0.8444720603790925,ATP13A4,ns
84240,0.5825564651951067,0.0032218638153400712,ZCCHC9,up
84243,-0.6871774976979967,0.20614817315707112,ZDHHC18,ns
84245,-0.21884411714476926,0.24161730502159873,MRI1,ns
84246,-0.24324367282186365,0.12597225875229695,MED10,ns
84247,-0.890373975425927,0.00226116196304287,RTL6,down
84248,-0.08035845396226193,0.6554445532589795,FYTTD1,ns
84249,0.11734784516088492,0.5782144781474552,PSD2,ns
8425,-0.7704862362938503,0.004143747350488252,LTBP4,down
84250,0.30745088417305855,0.13266518306032282,SLF1,ns
84253,0.437788393733312,0.0615335778768121,GARNL3,ns
84254,-0.6113543785034716,0.18521109214054748,CAMKK1,ns
84255,-0.0833647944190643,0.7778300885842397,SLC37A3,ns
84256,-0.27541739260128395,0.14285978194398383,FLYWCH1,ns
84259,0.382508026501986,0.03925248042857188,DCUN1D5,ns
84260,0.016654138469396784,0.9152688401721081,TCHP,ns
84261,-0.005255746589257093,0.9799836256989526,FBXW9,ns
84262,0.18291145536399078,0.21044369435667906,PSMG3,ns
84263,-0.4114721422264722,0.10098551533822021,HSDL2,ns
84264,-0.40435671817408725,0.07101793831598768,HAGHL,ns
84265,-0.2618908144786314,0.028901620345780484,POLR3GL,ns
84266,-0.24319791630638044,0.25712100727391707,ALKBH7,ns
84267,0.4277725831138133,0.18216863197305197,QNG1,ns
84268,-0.014844506430588211,0.9378098454489766,RPAIN,ns
84269,0.24204223017158988,0.19110477284819596,CHCHD5,ns
8427,0.09631690233451451,0.5094652748930688,ZNF282,ns
84270,-0.4082534209530575,0.16883789884220235,CARD19,ns
84271,0.01767372460244232,0.8880130539954431,POLDIP3,ns
84272,0.6395088066137813,0.012055806400138388,YIPF4,up
84273,-0.08630047280601971,0.5142009718244324,NOA1,ns
84274,0.851353658001659,0.00037138943776540993,COQ5,up
84275,0.021084950297200145,0.9423093671496526,SLC25A33,ns
84276,0.029939685496785273,0.8104597388974691,NICN1,ns
84277,-0.04006408689926744,0.8722460086046355,DNAJC30,ns
84278,-0.38804195322457424,0.002157208080983857,SLC71A3P,ns
84279,0.36135393430140095,0.14003753998273108,PRADC1,ns
8428,-0.29203220972651245,0.005681951212304104,STK24,ns
84280,0.5395130450569292,0.0018317010802686544,BTBD10,ns
84281,-0.6289515652370508,0.04665685780861004,AKAP19,down
84282,-0.17631249887777578,0.5421739068688904,RNF135,ns
84283,-0.27081425527405667,0.13742210440308336,TMEM79,ns
84284,0.10441613736461175,0.5838146200466237,NTPCR,ns
84285,-0.3907303561971034,0.06909456123217136,EIF1AD,ns
84286,0.09169824577177721,0.731967012440204,TMEM175,ns
84287,0.6366473618034583,0.003362120582081546,ZDHHC16,up
84288,0.6600012055402811,0.033467716445423665,DRC8,up
84289,-0.22770178506492478,0.042558273518219836,ING5,ns
84292,0.2195003442394725,0.08762979288028894,WDR83,ns
84293,-0.3152696429144175,0.015876644190504312,PRXL2A,ns
84294,0.07558047478730145,0.6881781197950566,UTP23,ns
84295,0.4819016845813415,0.08724369218972892,PHF6,ns
84296,1.6490218229221885,0.0001741109785463277,GINS4,up
84298,0.28373815028020744,0.11132138828380003,LLPH,ns
84299,-0.048611869253797124,0.8138785787585343,MIEN1,ns
843,0.9510106668024481,0.00011376379360398814,CASP10,up
84300,0.9433166338043675,0.0006290063954933441,UQCC2,up
84301,0.503810377252675,0.006854913531502327,DDI2,ns
84303,-0.43446954991523423,0.006663941636902146,CHCHD6,ns
84304,0.14072773200612687,0.5152874642283329,NUDT22,ns
84305,0.662898245614647,0.010188051229003679,PYM1,up
84306,0.5129585317932994,0.023522439503651592,PDCD2L,ns
84307,-0.057477556525924456,0.7672759214490196,ZNF397,ns
84309,-0.31962385868305,0.011372802887011072,NUDT16L1,ns
84310,-0.15135484193874404,0.5407933918566634,CHLSN,ns
84311,0.04028948975914126,0.815947647816498,MRPL45,ns
84312,0.45752680420986636,0.02370179296455797,BRMS1L,ns
84313,0.4949746620323623,0.004701046269876557,VPS25,ns
84314,-0.26925527241874203,0.059219903297763436,TMEM107,ns
84315,0.4194717422137435,0.03952197088587967,MON1A,ns
84316,0.23084017422428715,0.22703139597500374,NAA38,ns
84317,-0.547379660258752,0.00042810179578232666,VMA22,ns
84318,0.5372809433039745,0.005317534127253157,CCDC77,ns
84319,0.7226940505597605,0.00799053803199505,CMSS1,up
84320,-0.021782761333728473,0.910049433999438,ACBD6,ns
84321,0.5846439290790428,0.07068612718024246,THOC3,ns
84324,0.4657967576327309,0.0027296984520698148,SARNP,ns
84326,-0.13062261848039114,0.6003080471033124,METTL26,ns
84327,-0.4304518749522055,0.005229954298958482,ZBED3,ns
84328,-0.13424863309020196,0.23326900788765165,LZIC,ns
84329,-1.129416234361491,0.0007318947287144132,HVCN1,down
8433,-0.928201416649447,0.0007251153006939048,UTF1,down
84330,-0.3243498060350536,0.24707463770801927,ZNF414,ns
84331,-0.12323486333520428,0.5204001328284178,MCRIP2,ns
84333,-0.28674823516800885,0.270022118177849,PCGF5,ns
84334,-0.016238686574383543,0.8894765694487776,COA8,ns
84335,-0.2451993727180355,0.45219872549834744,AKT1S1,ns
84336,0.19556692457007596,0.18031507354403742,TMEM101,ns
84337,0.0073098147699290905,0.9675097592112855,ELOF1,ns
8434,-0.6840813338579981,0.0019575403966036954,RECK,down
84340,0.8564106126534625,0.0005652460239686725,GFM2,up
84342,-0.030725941674917934,0.810625988736363,COG8,ns
84343,-0.2106909758790536,0.1238430092403736,HPS3,ns
8436,-1.8794704388774726,0.0020000763343095114,CAVIN2,down
84364,0.021414316628879604,0.7523888008723767,ARFGAP2,ns
84365,0.2681630479540331,0.15724133467913448,NIFK,ns
8437,0.2459813821052057,0.16707825760311032,RASAL1,ns
84376,-0.31184429552776116,0.05636967534237377,HOOK3,ns
8438,1.9900041591598745,8.004251712542228e-05,RAD54L,up
8439,0.026007631417208188,0.876252323704547,NSMAF,ns
8440,-0.8110524192379049,0.004811844824151491,NCK2,down
84417,-0.7331686665576997,0.0002283037343135758,ECRG4,down
84418,-0.07705603504884628,0.896969387416589,CYSTM1,ns
84419,0.42573998403817637,0.5041038972131441,COXFA4L3,ns
8443,0.34961728492988975,0.014663576558815814,GNPAT,ns
84433,-0.05064057964950486,0.8007050838413952,CARD11,ns
84436,0.044864456559960963,0.8430314756110576,ZNF528,ns
84437,0.344541327297776,0.2199666133710249,MSANTD4,ns
8444,0.9139848177126408,0.0015785373196034406,DYRK3,up
84440,-0.8149292595077515,0.0009241703440580736,RAB11FIP4,down
84441,-0.9348392197226776,0.0003388790225853926,MAML2,down
84443,-1.0602953295566424,0.0007211541178847298,FRMPD3,down
84444,0.26589073203238023,0.16562682675910792,DOT1L,ns
84445,0.1755985595208447,0.38737438987039174,LZTS2,ns
84446,-0.25371817151491705,0.11735583645617055,BRSK1,ns
84447,0.7556440423499247,0.04432783346343312,SYVN1,up
84448,-0.5711009291658256,9.879473509952074e-05,ABLIM2,ns
84449,-0.6047209274127905,0.02564414332386818,ZNF333,down
8445,-1.0775216649042054,9.521252186486282e-05,DYRK2,down
84450,-0.6529893581610793,0.00039375748893479267,ZNF512,down
84451,-0.48214054472868284,0.029434556803635253,MAP3K21,ns
84455,0.3269249104743057,0.07431262243044616,EFCAB7,ns
84456,-0.5303951897763115,0.005772495308984037,L3MBTL3,ns
84457,0.26072475069268375,0.3740625986629334,PHYHIPL,ns
84458,-0.3154693973733007,0.14121524768694993,LCOR,ns
8446,0.13799462353422598,0.5598009800947329,DUSP11,ns
84460,-0.7182813515597397,0.004508238781851167,ZMAT1,down
84461,0.07684148075492025,0.6351913778315171,NEURL4,ns
84464,0.4230254261156148,0.005727796508159542,SLX4,ns
84465,0.07203072934535193,0.8022416531101932,MEGF11,ns
8447,-0.09158187593761635,0.7876977691496244,DOC2B,ns
8448,0.004536568235650407,0.985111166650011,DOC2A,ns
8449,0.39844877130654943,0.0009260192809858144,DHX16,ns
84498,0.0457814145468074,0.8113074259274162,FAM120B,ns
8450,0.018647095843908446,0.9195211302833258,CUL4B,ns
84501,-0.3538939559355132,0.056895051727664236,SPIRE2,ns
84502,1.0219240076580434,0.003927235759996123,JPH4,up
84503,-0.2032161108636119,0.20640258992615954,ZNF527,ns
8451,0.11367268259826524,0.43495294321694977,CUL4A,ns
84513,0.34295565276195106,0.3536099428705114,PLPP5,ns
84514,-0.18844364798783175,0.22622173206935234,GHDC,ns
84515,0.9215255101115352,0.005128538497603075,MCM8,up
84516,0.43303692910769165,0.0010382210302343129,DCTN5,ns
84518,-0.7631411641850114,0.002612748862360499,CNFN,down
84519,-0.6336279727274299,0.1532789860717356,ACRBP,ns
8452,0.3424984342447477,0.04643028976158447,CUL3,ns
84520,0.4857687004192277,0.001014218324193592,GON7,ns
84522,0.08588171661793709,0.4386987285959962,JAGN1,ns
84524,0.14820172009923116,0.37649894676773593,ZC3H8,ns
84525,-1.6841907177878284,3.490240435663177e-05,HOPX,down
84527,-0.6216509838780118,0.02002847481107019,ZNF559,down
84529,0.20440509446639155,0.26618951768962773,CDIN1,ns
8453,0.5066482931967524,0.027825530446517765,CUL2,ns
84532,0.313466687510374,0.12397556457231347,ACSS1,ns
8454,0.46813472056909333,0.043217026912944656,CUL1,ns
84541,0.2535481394246526,0.573858700343098,KBTBD8,ns
84542,-0.05126198281624017,0.7652800408882717,SANBR,ns
84545,0.11430837355707446,0.4944423107638377,MRPL43,ns
84547,0.321300767227374,0.06012794273819148,PGBD1,ns
84548,-0.4936397016940717,0.004855097223245774,TMEM185A,ns
84549,0.37811376655660744,0.14669567050252125,MAK16,ns
8455,-0.39377386190441754,0.011875426603637947,ATRN,ns
84552,0.1927999796566091,0.5283123383884353,PARD6G,ns
84553,0.10849478217610908,0.7597653821968944,FAXC,ns
84557,-0.4900978541850458,0.2928842679476249,MAP1LC3A,ns
84561,0.9223942473498861,0.0004961658018552042,SLC12A8,up
84572,-0.12583787289402615,0.32609897724002884,GNPTG,ns
8458,0.7024607410068482,0.0017453159668927498,TTF2,up
8459,0.12335337474667796,0.46532546994569424,TPST2,ns
8460,-0.22504537421241189,0.679021256958775,TPST1,ns
84612,0.06895420721862688,0.7121735153326219,PARD6B,ns
84614,-0.44431938006628613,0.09551683436828942,ZBTB37,ns
84617,-0.14036068064944107,0.7416623877662217,TUBB6,ns
84619,0.3255049796897467,0.010131342827609604,ZGPAT,ns
8462,-1.3174447224101513,0.004162704198115148,KLF11,down
84622,0.012149072652197113,0.9606369801816773,ZNF594,ns
84626,-0.6260172307317307,0.0004345950504534731,KRABD3,down
84627,-1.119075444225886,0.0001051134161336415,ZNF469,down
84628,-0.1664167232262237,0.8379007982318519,NTNG2,ns
84629,-0.5067753730310507,0.042794559677253416,TNRC18,ns
8463,-0.8797372182133776,0.002043373428241615,TEAD2,down
84632,0.1044538590950852,0.6599452202911047,AFAP1L2,ns
84636,-0.6707885987163911,0.005121912367006519,GPR174,down
8464,-0.4429444778155682,0.012568074965097223,SUPT3H,ns
84640,0.2228874415307871,0.16000911091774456,USP38,ns
84641,0.47702586633678656,0.20193142727579302,SLC71A2,ns
84645,-0.4563243230374905,0.001263049396109242,C22ORF23,ns
84649,-0.5744040359759417,0.369053858578936,DGAT2,ns
84650,0.3013895881190516,0.13341481192615334,EBPL,ns
84656,0.16853324733143893,0.2520211534541497,GLYR1,ns
84658,-2.1599889276426243,0.0026338974555036566,ADGRE3,down
84660,-0.18198229799141163,0.1885870113858363,CCDC62,ns
84661,0.32639759019244075,0.007976338037674596,DPY30,ns
84662,-0.22078920416860903,0.4009174512745372,GLIS2,ns
84668,0.5215029669946123,0.04538888814173831,HYCC1,ns
84669,-0.21384135091654066,0.5345467452490904,USP32,ns
8467,0.4920736816202158,0.015697198047093824,SMARCA5,ns
84671,-0.11859496197562613,0.596557271400546,ZNF347,ns
84674,0.7952386665785802,0.05774411575281958,CARD6,ns
84678,-0.5504364188857274,6.210281951150305e-05,KDM2B,ns
84679,-0.633154457061341,0.005727796508159542,SLC9A7,down
84680,-0.7694157013567322,0.11615400226470098,ACCS,ns
84681,0.54870808540743,0.037452289632877694,HINT2,ns
84687,-0.479212081042272,0.02700128556292241,PPP1R9B,ns
84689,-1.234960034346198,0.00848500324902978,MS4A14,down
84693,0.9051643857182219,0.0017014598712122332,MCEE,up
84695,-0.2980796632428273,0.4355980114852976,LOXL3,ns
84696,-0.30163162183061853,0.009047504845882532,ABHD1,ns
84698,-0.04191697692913099,0.7930136090354328,CAPS2,ns
84699,0.020563569306847107,0.9414106902363033,CREB3L3,ns
847,-0.588757307821707,0.01107597074070797,CAT,down
84705,0.1982467719434471,0.28476107280725077,GTPBP3,ns
84706,1.3331517192194813,3.662575912528215e-05,GPT2,up
84707,-0.5324277966331277,0.05368263341326397,BEX2,ns
84717,0.18433474102288372,0.05329558455164485,HDGFL2,ns
84720,0.26597524255756966,0.02919931202589719,PIGO,ns
84722,0.005968026190976694,0.9830713550208927,PSRC1,ns
84725,0.044346358684670406,0.8434732624103733,PLEKHA8,ns
84726,-0.4132093395061105,0.0011313956188953203,PRRC2B,ns
84727,-0.39757953297590554,0.16800758737712745,SPSB2,ns
8473,0.24763096847132182,0.2960148586772606,OGT,ns
84733,0.41027199016729643,0.031329022004725815,CBX2,ns
84747,-0.624625887519132,0.0003088313130591058,UNC119B,down
84749,-0.40189795989238064,0.011223014657014738,USP30,ns
84750,-0.3205317412933386,0.1240207471501072,POFUT3,ns
84752,0.9743477576997224,0.0067197006138953125,B3GNT9,up
84759,-0.2407381074657282,0.07748764039441373,PCGF1,ns
8476,0.09092567600806323,0.7686558703670381,CDC42BPA,ns
84765,-0.3005841623017096,0.10711010057372994,ZNF577,ns
84766,-0.36662647679644955,0.019997276087025687,CRACR2A,ns
84767,-0.6806684763120865,0.015829652831950015,TRIM51,down
84769,0.6836198194739467,0.006852810707886561,MPV17L2,up
8477,-0.310006481159423,0.3683217473308008,GPR65,ns
84775,-0.46361555820658396,0.012796300620727223,ZNF607,ns
84787,-0.06908972158938465,0.7913731875186031,KMT5C,ns
8479,0.7992728669134994,0.0007995127246848812,HIRIP3,up
84790,0.527960215590916,0.058049553169062344,TUBA1C,ns
84792,-0.239020661091919,0.12295801081123833,FAM220A,ns
84795,-0.7103317774267648,0.0009264688811748349,PYROXD2,down
84798,0.6524559613690055,0.06637333802089691,C19ORF48P,ns
8480,0.37520414982544104,0.02262256973545359,RAE1,ns
84803,-0.14593797650864726,0.7313933967962014,GPAT3,ns
84804,0.3241759957978534,0.013225493662912646,SLC67A2,ns
84807,-0.2856650971837773,0.5851192078958922,NFKBID,ns
84808,0.2739966297190186,0.10585887951918367,PERM1,ns
8481,-0.3709376612361357,0.07485950578965303,OFD1,ns
84811,0.3955430314600541,0.09210441522930429,BUD13,ns
84812,-0.023334607959199616,0.8662136532741764,PLCD4,ns
84814,-0.3960198687127292,0.011777199184215305,PLPP7,ns
84816,0.6268021750210666,0.0032140605762233793,RTN4IP1,up
84817,1.1354498342475683,3.435112828484447e-05,TXNDC17,up
84818,-0.4440951267538571,0.08307436958488479,IL17RC,ns
8482,-0.26656050562599276,0.39430317053799335,SEMA7A,ns
84823,0.8916884444675084,0.0005611796709143993,LMNB2,up
84824,-1.0041891329430435,0.008935938902869882,FCRLA,down
84826,-0.46381964830947897,0.00022427590184305536,SFT2D3,ns
8483,-0.26089986838298973,0.06118611443707187,CILP,ns
84830,-0.11200148994328174,0.7353002411471643,ADTRP,ns
84833,0.5422750369578591,0.0016693294299762376,ATP5MK,ns
84836,-0.6809046097458182,0.006034529080870905,ABHD14B,down
84838,-0.19109989681894746,0.35430323944878606,ZNF496,ns
84842,1.3599803735111484,0.0010850085190420601,HPDL,up
84844,-0.02050828354215284,0.909415097584835,PHF5A,ns
84851,-0.24167551119796826,0.060568663064085065,TRIM52,ns
84858,-0.9082867087820423,0.08086652295612012,ZNF503,ns
84859,-0.0892298626615009,0.5852054396056567,LRCH3,ns
84861,-0.3846468273666872,0.006048814696636869,KLHL22,ns
84864,0.19269567523075537,0.3692060290815525,RIOX2,ns
84865,0.2755015360588473,0.13692333416677877,CCDC142,ns
84866,-0.47047313217357356,0.016609867895739712,TMEM25,ns
84868,0.8833714057077184,0.016656097014498602,HAVCR2,up
84869,0.38044990200301054,0.05478330080938192,CBR4,ns
8487,0.4579631522013985,0.014204977077300313,GEMIN2,ns
84872,0.2019586434882772,0.4752322373385493,ZC3H10,ns
84874,-0.538995660738605,0.028780058869329675,ZNF514,ns
84875,0.36392787637184654,0.23389394667462765,PARP10,ns
84876,-0.6761217443791274,0.013301933847589972,ORAI1,down
84878,0.05362977897817078,0.8401155267022669,ZBTB45,ns
84879,0.27458987825809267,0.2800235718115237,MFSD2A,ns
84881,0.2364502832971116,0.15431261221086554,RPUSD4,ns
84883,0.9305244230162462,0.0011552670748891808,AIFM2,up
84885,0.5522893544334586,0.03109221604733946,ZDHHC12,ns
84886,-0.570753630300767,0.022632024068816276,C1ORF198,ns
84888,0.3740950745229146,0.02192568424203453,SPPL2A,ns
84890,0.10638798390970194,0.6149681602177524,ADO,ns
84892,0.14699596885726685,0.32191218931141397,POMGNT2,ns
84893,0.6715332131799503,0.005272011582765869,FBH1,up
84895,0.08328689370111242,0.6635138258002299,MIGA2,ns
84896,0.2384012923778034,0.35636073310940425,ATAD1,ns
84897,-0.10054757706355133,0.44464007258892707,TBRG1,ns
84898,-0.6892777321628056,0.09698116083840116,PLXDC2,ns
84899,0.12375099086257713,0.534215521716645,TMTC4,ns
8490,0.2846279579295663,0.09813473235829351,RGS5,ns
84900,0.4560851889179416,0.029039403552222145,RNFT2,ns
84901,0.19405671715892403,0.07195098267372829,NFATC2IP,ns
84902,-0.03302020367939651,0.8359364948094783,CEP89,ns
84904,0.8518312984660481,0.000970432991700807,ARHGEF39,up
84905,0.13323512318924546,0.5690225006930223,ZNF341,ns
84908,0.5258977330841734,0.009186960529781005,TIMCC,ns
84909,0.1638318825032501,0.18021006903529654,AOPEP,ns
8491,0.06959647181501527,0.5940170716996535,MAP4K3,ns
84910,0.030300333442758287,0.8545843687509658,TMEM87B,ns
84911,-0.2610509655901563,0.14211390777838187,ZNF382,ns
84912,0.23432319943440127,0.23576546892853087,SLC35B4,ns
84913,-1.045498538708176,0.0393217983573096,ATOH8,down
84914,-0.009550517551209836,0.9613987548204065,ZNF587,ns
84915,0.07693079937241176,0.7776059362298898,FAM222A,ns
84916,0.5354323918441874,0.005148431309397872,UTP4,ns
84918,-0.3972770142013813,0.020559249282298884,LRP11,ns
84919,-0.2063419320667208,0.5502792450973482,PPP1R15B,ns
84920,0.554923572888149,0.008946590043977092,ALG10,ns
84922,-0.022668600908840375,0.9278074089494158,FIZ1,ns
84923,0.05990055385924542,0.538461069118402,VCF1,ns
84924,-0.08308437336719532,0.7367198006015632,ZNF566,ns
84925,-0.9483197961476124,0.003722981717508158,SLC49A4,down
84926,0.016998784191269323,0.9084530840124968,SPRYD3,ns
84928,0.27094244772830933,0.11731025821494707,TMEM209,ns
8493,-0.18618718931035616,0.4902336181556444,PPM1D,ns
84930,0.6732905899353483,0.010128143404753244,MASTL,up
84932,0.04619198782649292,0.7146426565392517,RAB2B,ns
84933,0.6689055611701047,0.0004113101232280894,C8ORF76,up
84934,0.2648458188459042,0.1801933692830266,RITA1,ns
84936,0.003456217782318305,0.9823705281592107,ZFYVE19,ns
84937,-0.44109987865140887,0.0350404515987892,ZNRF1,ns
84938,0.4445072982333187,0.09303845396072467,ATG4C,ns
84939,-0.10271391207612801,0.5094503617755826,PWWP3A,ns
84940,-0.12929257257931503,0.5728083288677335,CORO6,ns
84941,0.46401342204799967,0.17242551165120149,HSH2D,ns
84942,0.01159305334192684,0.9405504248643698,WDR73,ns
84945,-0.24898522741078288,0.18135716826364498,ABHD13,ns
84946,0.556592605398798,0.003947639918254886,LTV1,ns
84947,-0.06371317468104376,0.7126901970324472,SERAC1,ns
84948,-0.5649129294862094,0.004722345559977116,TIGD5,ns
8495,0.6794564919835757,0.0027420470875674998,PPFIBP2,up
84950,0.30097601558207465,0.02809201131197235,PRPF38A,ns
84951,0.2043222120648185,0.2663786011721513,TNS4,ns
84954,0.12137030896973755,0.3486611361357131,MPND,ns
84955,0.6660880080623315,0.016508663424581627,NUDCD1,up
84957,-0.2903490713353616,0.41519298780437214,RELT,ns
84958,-0.6584639425324461,0.002029042444158655,SYTL1,down
84959,0.3699202171630436,0.024127496984142623,UBASH3B,ns
8496,-0.0036068358812508805,0.9804228861791742,PPFIBP1,ns
84960,-0.1709684437865331,0.2600772462083628,CCDC183,ns
84961,-0.5484061569113035,0.019458979060778724,FBXL20,ns
84962,-0.3167507006181509,0.06805515798958922,AJUBA,ns
84964,0.3881959023999064,0.03553213439445672,ALKBH6,ns
84967,0.1382795091649598,0.4105817606011815,LSM10,ns
84968,-0.3298287640156836,0.6262833577404179,PNMA6A,ns
84969,0.39110482529863866,0.2521867593848515,TOX2,ns
8497,-0.466173406645205,0.015136153801224291,PPFIA4,ns
84971,-0.0910201545365048,0.5680415305871724,ATG4D,ns
84975,-0.10365156702559908,0.331319778252301,SLC61A1,ns
84976,-0.6683524658136966,6.171290680256915e-05,DISP1,down
8498,0.09927083342991772,0.46809227142164117,RANBP3,ns
84984,-0.024438893152153085,0.9598125876776112,CEP19,ns
84986,-0.021879528127755066,0.9252614590481536,ARHGAP19,ns
84987,0.06911917986078198,0.5298188883708076,COX14,ns
84988,-0.15443559057554435,0.4970817404340887,PPP1R16A,ns
84991,0.2233892682861356,0.04139589519212829,RBM17,ns
84992,-0.11542472317876573,0.45725242809228506,PIGY,ns
84993,-0.015972688800626855,0.9468230111642003,UBL7,ns
8500,-0.03683711512791987,0.8485663348458993,PPFIA1,ns
85002,-0.29418604545214233,0.02387089147935428,FAM86B1,ns
85007,-0.30018363703411133,0.16383941884188516,PHYKPL,ns
8501,-0.4022302654914025,0.019352515867686403,SLC43A1,ns
85012,-0.15778509226632753,0.16033287120580364,TCEAL3,ns
85013,-0.01641088444919081,0.942593671222316,TMEM128,ns
85014,-0.1174272361261739,0.27412240192665,TMEM141,ns
85015,0.18929497551825136,0.3083311919150363,USP45,ns
85019,0.5571141591171802,0.0029574141348666814,SLC35D4,ns
8502,-0.09808394218693195,0.6273752394684303,PKP4,ns
85021,-0.2640486168945433,0.026745434461210665,REPS1,ns
85025,0.7739384031247605,0.021345627037271293,TMEM60,up
85027,-0.6629257383290383,0.07926297836351241,SMIM3,ns
8503,0.04530380129334777,0.887987222414516,PIK3R3,ns
8504,0.44395380501233994,0.027351974537905235,PEX3,ns
8505,0.4623737569134718,0.031611967626249675,PARG,ns
8506,-0.05794917798474053,0.8305471644268977,CNTNAP1,ns
8507,-0.877927173430006,0.006743710231951371,ENC1,down
8508,-0.2460896536416719,0.09678983122979928,NIPSNAP1,ns
8509,-0.1580639143113629,0.2682754205795759,NDST2,ns
8510,-1.0039547101003592,0.014876642616096319,MMP23B,down
8514,-0.28834210503446833,0.12554635779496537,KCNAB2,ns
8515,-0.022874060271225183,0.9366615830476364,ITGA10,ns
8516,1.1819157519089698,0.005077199400901104,ITGA8,up
8517,-0.26794627392725623,0.2768159299692185,IKBKG,ns
8518,0.20692738761539786,0.3507448347661147,ELP1,ns
8519,0.8505986097373466,0.01092293087740508,IFITM1,up
8520,0.848736063686907,0.0016968876509669435,HAT1,up
8521,-0.45515366217971565,0.1938001141888052,GCM1,ns
8522,-1.0340764776593474,0.02854438192077075,GAS7,down
85235,0.2917928524601274,0.3550840907141347,H2AC12,ns
85236,0.3282022918576537,0.19712949926247766,H2BC12,ns
8525,-0.4997679512577857,0.01893458649720328,DGKZ,ns
8526,-0.19093158369750984,0.3186144347653921,DGKE,ns
8527,-0.48207099146696564,0.001469632394257968,DGKD,ns
8528,0.2882203901045104,0.27034067020043495,DDO,ns
8530,-0.824869296831551,0.08210228475642868,CST7,ns
85300,0.1122600807862204,0.6307331095755819,ATCAY,ns
85302,-0.15287827555285105,0.42630354254707487,FBF1,ns
8531,-0.2698497026721327,0.42288516192689923,YBX3,ns
85313,0.13389806066521626,0.5004707723746306,PPIL4,ns
85315,-0.09246678619476079,0.8384701443833581,PAQR8,ns
85329,-0.6504121900757598,0.07847437828595208,LGALS12,ns
8533,0.5146712192490543,0.006117338882538261,COPS3,ns
8535,-0.34814458239924484,0.25119970465148006,CBX4,ns
85358,0.08359770458821902,0.6931972657121634,SHANK3,ns
85359,-0.3462728667721482,0.026641188246713264,DGCR6L,ns
8536,-0.386216574026232,0.31092758975189694,CAMK1,ns
85363,0.9374130097900881,0.01047195565144034,TRIM5,up
85364,-0.20433692871623776,0.07468275134649392,ZCCHC3,ns
85365,0.7598152923869694,0.007089938262824979,ALG2,up
85369,-0.06407842627276672,0.561891024957832,STRIP1,ns
8537,-0.1532096215863028,0.4821649676806513,BCAS1,ns
85376,0.17132307034187644,0.6809192256649618,RIMBP3,ns
85377,-0.17415997604190636,0.30092303997589004,MICALL1,ns
85378,-0.29282855280781916,0.12060769795241266,TUBGCP6,ns
85379,-0.812074937763791,0.05518267709580096,KIAA1671,ns
8539,0.29658729901118797,0.2531134302600776,API5,ns
85395,0.6357630226284954,0.003480413636919621,SLX9,up
8540,0.4022249832360174,0.0722591257512241,AGPS,ns
85403,-0.1682296385975004,0.5782144781474552,EAF1,ns
85406,0.12398686300342199,0.3526162385754572,DNAJC14,ns
85407,-0.6376290443413142,0.007995635404165365,NKD1,down
8541,-0.17163071907210536,0.38876915054520794,PPFIA3,ns
85413,0.4557636931473654,0.19282841750436913,SLC22A16,ns
85414,-1.5088470628893171,0.00025292217199227984,SLC45A3,down
85415,0.10317578944686101,0.5381199982928206,RHPN2,ns
85417,0.007568059309409847,0.9674326679033365,CCNB3,ns
8542,1.1814752115622795,0.0014605280631812074,APOL1,up
8543,0.6503767808101362,0.0007678957201753752,LMO4,up
85437,0.5217774452603905,0.013168203051221539,ZCRB1,ns
85439,-0.442054507044749,0.21742950195475588,STON2,ns
8544,1.0621684281842825,5.510503356569542e-05,PIR,up
85440,0.1609749576047097,0.5245923748513316,DOCK7,ns
85441,0.6401493693267497,0.13445807333013296,HELZ2,ns
85442,-1.9249047272900253,7.370617197129326e-05,KNDC1,down
85444,0.9787220141446236,0.0005503660351350637,LRRCC1,up
85446,0.3884960696412314,0.015013273147037754,ZFHX2,ns
8545,-0.08704951984690723,0.49430703321639435,CGGBP1,ns
85450,-0.7702231815248854,0.1195390169152492,ITPRIP,ns
85451,0.08982227494388795,0.42084022553738104,UNK,ns
85453,-0.8670741987796964,0.006602841660966409,TSPYL5,down
85455,0.6314944008806647,0.013241751358596903,DISP2,up
85456,-0.09278101543015271,0.500003041508939,CNOT12,ns
85457,-0.3387893274000833,0.03166356999325764,CIPC,ns
85458,-0.5778990826318884,0.009145263655430553,DIXDC1,ns
85459,0.3252057014769143,0.011821094584508352,CEP295,ns
8546,0.2754688513958534,0.05681168347837149,AP3B1,ns
85460,-0.2889028983850217,0.13638144195249807,ZNF518B,ns
85461,0.6934065656071287,0.0031308752196368863,TANC1,up
85462,-0.07926278769987327,0.8488957304314417,FHDC1,ns
85463,-0.2411923478133966,0.22027943586255558,ZC3H12C,ns
85464,-0.5716115598169456,0.07167547739083087,SSH2,ns
85465,0.7501868901415758,0.03217221601632079,SELENOI,up
85474,0.022820754920011233,0.8746747517819727,LBX2,ns
85476,0.4859948665797482,0.03730569593143404,GFM1,ns
85477,1.656964135620064,0.00022427590184305536,SCIN,up
85478,-0.5015899540971454,0.047101472515316316,DRC2,ns
85479,-0.3335267485171016,0.04344868965999457,DNAJC5B,ns
8548,1.105681461536074,0.00013618902554060337,BLZF1,up
8550,-0.21700929961651383,0.04955344290106939,MAPKAPK5,ns
8553,-1.28888509412943,0.008601218510602525,BHLHE40,down
8554,-0.05919529124466827,0.7583022059478092,PIAS1,ns
8555,-0.3658122753322175,0.1189097367460706,CDC14B,ns
8556,-0.7684981760463963,0.007878294539710012,CDC14A,down
8558,-0.1729216466680299,0.45691918484854827,CDK10,ns
8559,0.030750337337398292,0.8283079393781206,PRPF18,ns
8560,-0.1669412660760301,0.4051541582056655,DEGS1,ns
8562,0.12915171603511588,0.32080641845021524,DENR,ns
8563,-0.03177148507296579,0.8848671208150554,THOC5,ns
8564,0.08151539200112001,0.8050429435167973,KMO,ns
8565,0.7906939192581746,0.00021807816682578685,YARS1,up
8566,0.5725038693233735,0.0007152900918213378,PDXK,ns
8567,-0.3870704324395646,0.0032050323560239256,MADD,ns
8568,0.7946697670400287,0.00030446876885923215,RRP1,up
8569,0.23945425429378275,0.45724006951659557,MKNK1,ns
857,2.198404203305146,0.004198027257819681,CAV1,up
8570,0.20991220818179634,0.24172178745737227,KHSRP,ns
8573,-0.5245748108793808,0.020025154092850328,CASK,ns
8574,-0.4029191289436582,0.007018015432766865,AKR7A2,ns
8575,0.14464765826441806,0.4083370587045922,PRKRA,ns
8576,-0.08594851278511939,0.6265433794410206,STK16,ns
8578,0.013894775211817034,0.9829459994898112,SCARF1,ns
858,0.10182675608630909,0.7226340284611938,CAV2,ns
85865,0.16560961857794254,0.4292109816641948,GTPBP10,ns
86,0.8871910143536583,0.005408886084173013,ACTL6A,up
860,-0.19583468470066734,0.28482588019031796,RUNX2,ns
8600,-0.09704648699122131,0.6267971697755105,TNFSF11,ns
8602,0.3184449495623003,0.09397873451370706,NOP14,ns
8603,-0.26970878575209234,0.12160882233811922,FAM193A,ns
8604,0.4394261418344865,0.045591394553263255,SLC25A12,ns
8605,0.4927764565237833,0.23825555996130035,PLA2G4C,ns
8607,0.6906720362657399,0.002734304232918881,RUVBL1,up
8608,0.0449918849168629,0.8317757521830624,RDH16,ns
8609,-1.0144583600701065,0.010424313935269214,KLF7,down
861,-0.17868259785742602,0.43644888161800577,RUNX1,ns
8611,-0.25016898383172137,0.2689705282055678,PLPP1,ns
8613,0.5287599920651296,0.005066392277799635,PLPP3,ns
8615,1.0263984575216547,0.0013157467834628278,USO1,up
8620,-0.1401163933381797,0.5084165638941704,NPFF,ns
8621,-0.4229475588875964,0.0014422516219693628,CDK13,ns
8622,-0.4804988987910406,0.0023061397653823894,PDE8B,ns
8623,-0.09516281434149043,0.4554635089913701,ASMTL,ns
8624,0.8402282378979642,0.0016816193434863686,PSMG1,up
8625,0.2910994018131863,0.1425559423602555,RFXANK,ns
8626,0.07256556751628107,0.8020462433498577,TP63,ns
8629,-0.07773678247907867,0.7653496386216668,JRK,ns
863,-0.5964432563180484,0.035843859058278076,CBFA2T3,down
8630,0.23660936267647692,0.08814357242559132,HSD17B6,ns
8631,-0.9371956817481681,0.0006115461686118085,SKAP1,down
8632,-0.064946490643087,0.7551459508085335,DNAH17,ns
8633,0.14162152800942618,0.5574553726907712,UNC5C,ns
8634,0.8957960248785461,4.469634525125779e-05,RTCA,up
8635,-0.7542101517201925,0.01221033285115693,RNASET2,down
8636,-0.03778333099428011,0.8270547758665828,SSNA1,ns
8637,-0.636816039110049,0.00699612141559212,EIF4EBP3,down
8638,1.7862343459193788,0.00448383713661591,OASL,up
8639,-0.47876559013644826,0.4643842511776431,AOC3,ns
864,-1.1061476612040462,0.0005419482878737322,RUNX3,down
8642,-0.7888691837938024,0.01627092775244754,DCHS1,down
8643,0.17950234433050039,0.2532874499830752,PTCH2,ns
8644,-0.9658311111124682,0.006479684303340449,AKR1C3,down
8645,0.3236816974761423,0.11734594985495576,KCNK5,ns
8648,-0.7064182581336258,0.006744876347905424,NCOA1,down
8649,0.45500606296286605,0.04295744994383278,LAMTOR3,ns
865,0.11392238916450026,0.5569206314916447,CBFB,ns
8650,-0.4136796691942468,0.21473711281037897,NUMB,ns
8651,0.2004898663076018,0.6382064216119853,SOCS1,ns
8653,3.1871562719206814,0.04678400017391542,DDX3Y,up
8654,-0.8216346538211585,0.03487134703236094,PDE5A,down
8655,0.4642939566566646,0.034485101885900794,DYNLL1,ns
8658,-0.31560376757287933,0.03366793841763797,TNKS,ns
8659,0.45733276506494125,0.00311977770549865,ALDH4A1,ns
8660,-1.4813310543109957,0.01796274732061127,IRS2,down
8661,0.3499167450853271,0.08488960594428177,EIF3A,ns
8662,0.45749574742476184,0.0028403338299000974,EIF3B,ns
8663,0.1440349023650711,0.4897334425041032,EIF3C,ns
8664,-0.3808541918087993,0.0005039178683209127,EIF3D,ns
8665,-0.6148700511502767,0.003383647229894021,EIF3F,down
8666,-0.0931155223229041,0.4275437624928513,EIF3G,ns
8667,-0.3418336662003476,0.006889351324573497,EIF3H,ns
8668,0.3101754170325819,0.031058199720664745,EIF3I,ns
8669,0.6494413936996679,0.001748570227950511,EIF3J,up
867,-0.6348377618173693,0.0023061397653823894,CBL,down
8671,-1.0230569836844916,0.00398689531968584,SLC4A4,down
8672,0.09763965546169118,0.6224392232339416,EIF4G3,ns
8673,-0.18684629705515832,0.26450888719464494,VAMP8,ns
8674,-0.2604995689030307,0.06833054515060638,VAMP4,ns
8675,-0.37409148332478814,0.14295575102042365,STX16,ns
8676,-0.29935355844116174,0.49141267883705647,STX11,ns
8677,-0.2595839901999497,0.3375166715995073,STX10,ns
8678,-0.04032847921265237,0.72101053711384,BECN1,ns
868,-0.27562310192593564,0.35856289676572345,CBLB,ns
8681,-0.6051579212298464,0.13392467166294963,JMJD7-PLA2G4B,ns
8682,-0.7982753526621895,0.0029581354139145543,PEA15,down
8683,0.4515315808569298,0.018435559793828483,SRSF9,ns
8685,0.7934174716147169,0.11410521446701581,MARCO,ns
8690,-0.009283940555328662,0.97882100465289,JRKL,ns
8692,0.35144102547554734,0.17688045864272936,HYAL2,ns
8693,0.21396156918796194,0.39429742374892773,GALNT4,ns
8694,-0.38387447007590403,0.18149986907116386,DGAT1,ns
8697,0.5393760306457764,0.023906915518598647,CDC23,ns
8698,-0.3938248632776844,0.19195746351181764,S1PR4,ns
87,-0.6562521624361377,0.11314794436247831,ACTN1,ns
8702,0.8391361261671824,0.00030888817403461756,B4GALT4,up
8703,0.9651673496915425,0.0020247094537630492,B4GALT3,up
8704,1.3662531986904245,0.0025902575309371075,B4GALT2,up
8705,0.15720237492465206,0.3783557875782234,B3GALT4,ns
8706,0.2786607637219438,0.13783997212010266,B3GALNT1,ns
8707,0.19407826830960495,0.6668087799666361,B3GALT2,ns
871,0.1673207596188595,0.47817225072623654,SERPINH1,ns
8711,-0.6865837662815988,0.02343293370625197,TNK1,down
8714,-1.3184349868436946,0.029634546930671798,ABCC3,down
8717,0.14815342714238966,0.27029556479665384,TRADD,ns
87178,1.0217067961771544,0.001647265265726335,PNPT1,up
8718,-0.23678059723425804,0.3688169474972433,TNFRSF25,ns
8720,0.34393223887648716,0.02594023801515463,MBTPS1,ns
8721,0.1462489617643712,0.44392865835336426,EDF1,ns
8722,-1.1612757751444835,3.537723715931748e-05,CTSF,down
8723,0.49560251135510214,0.007830192145914966,SNX4,ns
8724,-0.1384345091912511,0.4224518399378528,SNX3,ns
8725,-0.16675886964722864,0.23889756820167954,URI1,ns
8726,0.6275383307898856,0.014310353279991668,EED,up
8727,1.2648808384745163,0.00030888817403461756,CTNNAL1,up
8728,1.2030591611569008,0.0021660342291168746,ADAM19,up
8729,0.5768501576877156,0.004670553255765113,GBF1,ns
873,1.051727358083106,0.000508876765159149,CBR1,up
8731,-0.0014677221242607175,0.9945065148615988,RNMT,ns
8732,0.5870279469864705,0.07760190011654186,RNGTT,ns
8733,0.4384421686949995,0.09459351791044994,GPAA1,ns
8736,-0.5488566677127187,0.042850141119500466,MYOM1,ns
8737,0.08088616898174728,0.6574414159702069,RIPK1,ns
8738,0.4626854108320071,0.0020042194609826516,CRADD,ns
8739,-0.7537834947690296,0.03934762992871207,HRK,down
874,-0.3288794145852334,0.12048458326285653,CBR3,ns
8740,-0.20725039282316082,0.6049491553977766,TNFSF14,ns
8741,-0.7053388811477852,0.07260403985151957,TNFSF13,ns
8742,-0.8649341238048649,0.01475080814412521,TNFSF12,down
8743,1.3769860843313477,0.02464025404518182,TNFSF10,up
8744,-0.25454240839958153,0.4606217071719641,TNFSF9,ns
8745,-0.8229904035306523,0.012080830485196899,ADAM23,down
875,0.361941291083423,0.4001389916000497,CBS,ns
8751,-0.26017579296513915,0.409784463404366,ADAM15,ns
8754,0.029158298571928754,0.944090157326583,ADAM9,ns
8760,-0.2947877587177672,0.10642313685064644,CDS2,ns
8761,-0.17917635359820494,0.3294132876159406,PABPC4,ns
8763,0.43035041956085607,0.037456649139961794,CD164,ns
8764,-0.3495916156294463,0.08482367205624075,TNFRSF14,ns
8766,-0.14717753666607436,0.30544428074767493,RAB11A,ns
8767,-0.3630240231761448,0.3687345362251527,RIPK2,ns
8771,-0.12577943885200682,0.5605864966339323,TNFRSF6B,ns
8772,0.9717769084360333,0.0003992293935653016,FADD,up
8773,-0.5198920760055668,0.019485103822635345,SNAP23,ns
8774,0.47570159112251353,0.0007754693762029333,NAPG,ns
8775,0.5422100193342896,0.019888703297940145,NAPA,ns
8776,0.07223291442170954,0.6519052205017242,MTMR1,ns
87769,-0.027382577379997386,0.9044659038829046,GGACT,ns
8778,-0.04474643241731968,0.9519259720266349,SIGLEC5,ns
8780,0.03761025212104485,0.819556542427531,RIOK3,ns
8784,-0.16456399125094734,0.5893781322086141,TNFRSF18,ns
8787,-0.9257077571293602,0.016656097014498602,RGS9,down
8790,0.40217953213706537,0.1488719114997837,FPGT,ns
8792,-0.23365886111663237,0.266731484990126,TNFRSF11A,ns
8793,-0.8813080669380833,0.0049797643241312785,TNFRSF10D,down
8794,-1.795017437662116,0.06528208315661534,TNFRSF10C,ns
8795,-0.6876540693629458,0.024779676342183886,TNFRSF10B,down
8797,0.09599000324746676,0.6461940938717344,TNFRSF10A,ns
8798,0.32660311566203415,0.1330358642844774,DYRK4,ns
8799,0.21536917782827736,0.369053858578936,PEX11B,ns
8800,-0.08212623541954667,0.5839697075635079,PEX11A,ns
8801,-0.03657656536163678,0.8573967601850616,SUCLG2,ns
8802,0.5208939308869756,0.0011552670748891808,SUCLG1,ns
8803,0.8783917409525959,0.008595132015467364,SUCLA2,up
8804,0.297105787856939,0.374994767997304,CREG1,ns
8805,-0.10399448488871066,0.4343318852869202,TRIM24,ns
8807,-0.1953898606349238,0.6862097767648745,IL18RAP,ns
8809,-0.03130824647323571,0.944090157326583,IL18R1,ns
881,-0.0969058519560404,0.73837784637887,CCIN,ns
8811,0.5755464460719715,0.023658726501262703,GALR2,ns
8812,0.1465537736085878,0.39729989574844,CCNK,ns
8813,0.6627000480318888,0.0041875994030297035,DPM1,up
8814,-0.2055002759557425,0.19311507410156406,CDKL1,ns
8815,0.35686958056403384,0.09570276587226974,BANF1,ns
8816,-0.3563395498807669,0.003156286815785599,DCAF5,ns
8818,0.3292039833038505,0.20194896458417066,DPM2,ns
8819,0.7922872808106298,0.007520518492791477,SAP30,up
8820,1.8233333869604111,0.0005790123308776821,HESX1,up
8821,-0.7314771615303517,0.06163879022696101,INPP4B,ns
8824,-0.16914523897199985,0.19712949926247766,CES2,ns
8825,-0.6620476025803521,0.20494083204173155,LIN7A,ns
8826,-0.25348941752767296,0.4103368036038043,IQGAP1,ns
8828,-0.47268067005696146,0.01899576806800394,NRP2,ns
8829,-0.32607157076809923,0.4052533067892018,NRP1,ns
883,0.18007382471695355,0.26728648474476846,KYAT1,ns
8831,-0.7626209767908598,0.003786530110145762,SYNGAP1,down
8832,-0.4266666505366885,0.09931760490027337,CD84,ns
8833,0.03608499318807468,0.8179345537846467,GMPS,ns
8834,0.09656654687380062,0.6626815849749813,TMEM11,ns
8835,-0.45463137956488797,0.023598939099472752,SOCS2,ns
8836,2.5891916439357425,0.000183844405817958,GGH,up
8837,0.14331125155143276,0.6603257602499012,CFLAR,ns
8841,-0.23452328282941792,0.03213143311852904,HDAC3,ns
8842,-0.5235675683063539,0.007694360562265191,PROM1,ns
8843,-0.6842028256068211,0.3814859521329191,HCAR3,ns
8844,-0.6139649022192106,0.0424743676888558,KSR1,down
88455,-0.3305063384875684,0.15442820280879985,ANKRD13A,ns
8846,0.353771258774497,0.06828400495460506,ALKBH1,ns
8848,-0.7622184409945252,0.004926153976840134,TSC22D1,down
8850,-0.017998299413513053,0.9266297169112823,KAT2B,ns
8851,-0.7621253005722552,0.015085341748241343,CDK5R1,down
8853,-0.7392875296359058,0.033467716445423665,ASAP2,down
8857,-1.6493686571984458,0.00033300892842863826,FCGBP,down
8859,-0.15329028905469144,0.25201038210910287,WHR1,ns
8861,-0.5363012239468574,0.010648495721639254,LDB1,ns
8863,-0.18188820871669797,0.24462639957779042,PER3,ns
8864,0.06637865049140679,0.6077450544380365,PER2,ns
8867,-0.057768637980528226,0.7918862558555387,SYNJ1,ns
8869,0.12592682261068866,0.5893781322086141,ST3GAL5,ns
8870,-1.1297064346848753,0.16707825760311032,IER3,ns
8871,-0.17618531624211364,0.410123587186976,SYNJ2,ns
8872,0.2388270874708045,0.19842671392097444,CDC123,ns
8874,-0.06845928704005999,0.46231777572638455,ARHGEF7,ns
88745,0.5034082000967164,0.005454725420174696,RRP36,ns
8875,-0.882100477495694,0.16932065560331722,VNN2,ns
8876,-0.022937310267426625,0.973125770815174,VNN1,ns
8877,-0.06050454188954291,0.8368778108356317,SPHK1,ns
8878,-0.25240597802167386,0.1189097367460706,SQSTM1,ns
8879,-0.41486958662192563,0.011691569534912663,SGPL1,ns
8880,0.2662089138574153,0.08580643920298242,FUBP1,ns
8881,0.4598689313927089,0.0026338974555036566,CDC16,ns
8882,0.40793715874629477,0.0009355139568908964,ZPR1,ns
8883,0.22374728605733196,0.3050232144188045,NAE1,ns
8884,0.32472439422207167,0.046910396536495605,SLC5A6,ns
8886,0.431066468750549,0.05773314472204387,DDX18,ns
8887,0.0041107907421729095,0.9805378731701894,TAX1BP1,ns
8888,0.18075355772082702,0.05774921103854595,MCM3AP,ns
889,0.0690658206216117,0.7585011043469876,KRIT1,ns
8890,0.5935435840755048,0.0012237144451807975,EIF2B4,up
8891,0.9632286621268955,0.00030446876885923215,EIF2B3,up
8892,0.6542198374235095,0.0012383968033410622,EIF2B2,up
8893,0.4410032481027937,0.01231563921340499,EIF2B5,ns
8894,1.016757550612306,6.88766810472013e-05,EIF2S2,up
8895,-0.15511579898992878,0.41106310343377506,CPNE3,ns
8896,0.34957752358603145,0.05214954011370825,BUD31,ns
8897,-0.2938849175045224,0.2920724447207186,MTMR3,ns
8898,0.4069530135303605,0.01717322229179752,MTMR2,ns
8899,0.18543472515502657,0.2792620436893103,PRP4K,ns
89,0.05733931618126498,0.8384889604469324,ACTN3,ns
890,2.8155486855390492,6.171290680256915e-05,CCNA2,up
8900,0.6498900429547039,0.07458205563582675,CCNA1,ns
8904,-0.22411784976997318,0.1741660337792003,CPNE1,ns
8905,-0.880988935185842,0.0067161554082593835,AP1S2,down
8906,-0.12447830327008447,0.6167489731549521,AP1G2,ns
8907,-0.2464925318514748,0.040752856653344716,AP1M1,ns
891,2.403049060149929,9.885544637382457e-05,CCNB1,up
8910,-0.40188003212988477,0.08004431466839848,SGCE,ns
8911,-0.4175399128773494,0.36954847337561997,CACNA1I,ns
8912,-0.3894736357050652,0.06902632727636994,CACNA1H,ns
89122,-0.3246750249264245,0.1657896416754524,TRIM4,ns
8914,1.1404814168062885,0.00043113042588820486,TIMELESS,up
8915,-0.2795099994992025,0.40011325651264945,BCL10,ns
8916,-0.051908185075483004,0.8501090341385111,HERC3,ns
892,1.103679325415733,0.004527629560918404,CCNC,up
8924,0.2956153434056734,0.08883467990792566,HERC2,ns
8925,-0.44992118238408985,0.022455035338975422,HERC1,ns
8926,-0.3228488493097501,0.0531342274680235,SNURF,ns
8927,-0.3073437750607253,0.019530863589552624,BSN,ns
8930,0.11668616695254563,0.4004197648770562,MBD4,ns
8932,-0.12385088481088324,0.550265082185493,MBD2,ns
8933,-0.4766193234445151,0.0877450459295921,RTL8C,ns
8934,0.14599070081570176,0.3577498039985386,RAB29,ns
8935,-0.3068093985383893,0.3137901663796088,SKAP2,ns
8936,-0.15780998611988561,0.6502149348351881,WASF1,ns
8938,-1.3498758659220957,0.0013454630279627641,BAIAP3,down
8939,0.12840200697207393,0.38496117320486184,FUBP3,ns
894,0.9392410120270682,0.009268352252299262,CCND2,up
8940,0.09024884713937098,0.6680220336659057,TOP3B,ns
8942,0.11665944855760735,0.7367198006015632,KYNU,ns
8943,0.4285172173832894,0.0040114028993784604,AP3D1,ns
8945,0.13252786422055074,0.5997688052122658,BTRC,ns
896,-0.15654305761077936,0.39692416772361455,CCND3,ns
8969,0.0052376124773054755,0.983481104492729,H2AC11,ns
8970,0.13094306596363925,0.5375992892245129,H2BC11,ns
8971,-0.2681257101105352,0.27941852163826336,H1-10,ns
8972,-0.7652601383186202,0.40075031853928417,MGAM,ns
8974,0.40903922374543367,0.26114910996425883,P4HA2,ns
8975,-0.31471310266078145,0.20796137076740867,USP13,ns
8976,-0.3028820755121897,0.04606258887448014,WASL,ns
89765,0.4626302503711255,0.022265659701028916,RSPH1,ns
89781,0.09475535749847985,0.36045716836888403,HPS4,ns
89782,-0.138223281669406,0.2628984335846958,LMLN,ns
89790,-1.4560688064889646,0.003056056338295241,SIGLEC10,down
89795,-0.14054413819954625,0.618693239005874,NAV3,ns
89796,0.18210429375776016,0.5276359663696387,NAV1,ns
89797,-0.293998956312711,0.1779009330998766,NAV2,ns
898,1.8241920283303994,0.0002422562514611605,CCNE1,up
89801,-0.40620477779466846,0.025945145048953625,PPP1R3F,ns
89822,0.25541963929039024,0.31523696516622385,KCNK17,ns
89832,-0.4400803633240846,0.07317991651346428,CHRFAM7A,ns
89839,0.514476031168714,0.0026996820913006304,ARHGAP11B,ns
89845,0.16518576961869158,0.02589944606832032,ABCC10,ns
89846,-0.6447722597252685,0.01899576806800394,FGD3,down
89848,-0.38727364036269485,0.17027067544282606,FCHSD1,ns
89849,-0.8227377357118577,0.13209923083420233,ATG16L2,ns
8985,0.31922991420263713,0.07700757427557053,PLOD3,ns
89853,-0.4284847734684121,0.12835352380196646,MVB12B,ns
89857,0.1274193412985163,0.3239831018233255,KLHL6,ns
89858,0.38478235818875817,0.4430950742883105,SIGLEC12,ns
8986,-0.43591998402871823,0.07510316401335415,RPS6KA4,ns
8987,0.8296644379161089,0.0042495248366778895,STBD1,up
89872,-0.937157482759635,0.013392357252912143,AQP10,down
89884,-0.19874756796881154,0.47937623719594397,LHX4,ns
89887,-0.4244751257093231,0.14170102740112003,ZNF628,ns
89890,0.17314014043852666,0.5230292589942989,KBTBD6,ns
89891,1.1550626622594367,0.006514543250748199,DYNC2I2,up
89894,-0.06635110327891258,0.6894914310935781,TMEM116,ns
899,1.6043767902278407,0.0005713704352444669,CCNF,up
8991,-1.4303776672429391,0.046045733106571764,SELENBP1,down
89910,0.03145658907069837,0.7770348827728792,UBE3B,ns
8992,0.06904945011130259,0.7539495303508081,ATP6V0E1,ns
89927,-0.6634718651722764,0.010912763777783505,BMERB1,down
8993,-0.7393987863058191,0.3543493121621479,PGLYRP1,ns
89932,-0.14956802689920146,0.7155934030568539,PAPLN,ns
8994,0.6607895860969446,0.010344590888929974,LIMD1,up
89941,-0.25013711933326377,0.26894041595939006,RHOT2,ns
89944,-0.4896784612881335,0.14091955381333846,GLB1L2,ns
89953,-0.1769970684158526,0.10849681128256745,KLC4,ns
89958,1.3448543268166544,0.0007135601456705958,SAPCD2,up
8996,0.7426370576337362,0.00025811561140040215,NOL3,up
8997,-0.32310261759379877,0.1767172287525866,KALRN,ns
89970,0.5564517643091911,0.00162806567663955,RSPRY1,ns
89978,-0.006946398421833422,0.9767538182828155,DPH6,ns
9,0.8871521126533546,0.00018069405316912355,NAT1,up
90,-0.1632654738591679,0.2946541753687287,ACVR1,ns
900,-0.20991509541318187,0.05135400941708995,CCNG1,ns
90007,-1.1779264362798525,0.03227468921261041,MIDN,down
9002,-0.37484007887993975,0.12572356549997396,F2RL3,ns
90025,0.1743411826455219,0.2644538886036396,UBE3D,ns
90060,-0.29496477778358265,0.041991595445686765,CCDC120,ns
90075,-0.08112151087651576,0.6643413824829605,ZNF30,ns
901,-0.9417205109325923,0.002550011507122557,CCNG2,down
90102,-0.9830624512147965,0.0011323699134069194,PHLDB2,down
90120,-0.2456479295849885,0.20785206215999924,TMEM250,ns
90121,-0.25235654485076964,0.06653015157793847,TSR2,ns
9013,0.09853652046706962,0.7157212878267628,TAF1C,ns
90135,-0.17515046823657876,0.1578199099894245,BTBD6,ns
90139,-1.0473754392831793,0.003065126425088081,TSPAN18,down
9014,0.5312599613253166,0.01517493914720035,TAF1B,ns
90141,0.4092724522197839,0.031214158054283247,EFCAB11,ns
9015,0.2790661595247439,0.15903223585588586,TAF1A,ns
9016,0.3143247537176075,0.019074151486736343,SLC25A14,ns
9019,-0.28514759021634895,0.3281341793889742,MPZL1,ns
90196,-0.5054203171512075,0.001956491849037154,SYS1,ns
902,0.12127351793098029,0.4590736519162175,CCNH,ns
9020,-0.796934099368805,8.997451846621175e-05,MAP3K14,down
90203,-0.27010222024115205,0.3626436112566209,SNX21,ns
90204,-0.13589740711722165,0.5135709401774351,ZSWIM1,ns
9021,0.041224016929655605,0.9595008106330114,SOCS3,ns
9022,-1.7823191823349402,6.655435299982827e-05,CLIC3,down
9023,0.706552844335885,0.0588594816674759,CH25H,ns
90231,0.18577609109971327,0.4162350816132656,KIAA2013,ns
90233,-0.3569708975420838,0.1975207319945788,ZNF551,ns
90249,0.11558328628608816,0.7813264655047454,UNC5A,ns
9025,0.5611953989174197,0.007760194947370183,RNF8,ns
9026,-0.3215254702864012,0.15539092675150712,HIP1R,ns
90268,-0.08574394959609144,0.35204869862461285,OTULIN,ns
9027,0.40333144988115066,0.12578321742887102,NAT8,ns
90273,-0.09889359078913884,0.5743507521366731,CEACAM21,ns
9028,-0.042561074479551486,0.8653315785064627,RHBDL1,ns
90288,0.019398505777967756,0.9618257747617869,EFCAB12,ns
90293,-0.16228599149147538,0.2223050847875672,KLHL13,ns
9031,0.47408550072083777,0.017139977479020543,BAZ1B,ns
90313,-0.3680748313404756,0.12753498647983957,TP53I13,ns
90317,-0.059212950281565035,0.843350680733198,ZNF616,ns
90321,0.04034728222936401,0.8947445132032272,ZNF766,ns
90324,0.13620850550717734,0.40109709145027145,CCDC97,ns
90326,0.2713250609031732,0.16818181670306687,THAP3,ns
9033,0.36868889563031804,0.2638453427962112,PKD2L1,ns
90332,-0.01210434121091808,0.9702621194835047,EXOC3L2,ns
90333,-0.033586783188849445,0.9140970550274706,ZNF468,ns
90338,-0.4144999235055611,0.01893458649720328,ZNF160,ns
9034,1.006417654446695,0.0026675888406848245,CCRL2,up
90353,0.10967162813930909,0.6350323835662167,CTU1,ns
90355,0.9716899711653788,0.0008137223368836482,MACIR,up
90362,-0.2727787581188954,0.2364548833222787,FAM110B,ns
9037,-0.9085608958613314,0.0004032465592816362,SEMA5A,down
90378,-0.03458429724696188,0.8964080536652179,SAMD1,ns
90379,0.03176739064218914,0.8776182581371933,DCAF15,ns
90381,2.247596136474529,8.661630812431895e-05,TICRR,up
9039,0.40843285020177333,0.006061470175525826,UBA3,ns
90390,-0.1421295674945986,0.42630354254707487,MED30,ns
904,-0.23579921445169738,0.3951519164183667,CCNT1,ns
9040,0.11499897185316499,0.5686302291575329,UBE2M,ns
90407,0.3117745610865148,0.07736795373707737,TMEM41A,ns
90410,-0.02359568293213421,0.8672234510026491,IFT20,ns
90411,0.12091522570038649,0.38459155850836213,MCFD2,ns
90416,0.6713307684428678,0.0016552955431104034,CCDC32,up
90417,1.2010657069547817,5.9178989117807796e-05,KNSTRN,up
90423,-0.23625532641378655,0.05136426669877652,ATP6V1E2,ns
90427,-0.21737041237053134,0.269562862653412,BMF,ns
9043,-0.06147053504227529,0.8089295050054722,SPAG9,ns
9044,0.3201251168761807,0.039858179934861376,BTAF1,ns
90441,0.2255894742352833,0.13682754893247626,ZNF622,ns
9045,-0.607522151038296,0.00402702078761373,RPL14,down
90459,1.0417499445759226,0.0001178207033684942,ERI1,up
9046,-0.6652386168486597,0.023842793357491877,DOK2,down
9047,-0.2082238429961425,0.5343473250778437,SH2D2A,ns
90480,0.5318378001681499,0.0190274583658675,GADD45GIP1,ns
90485,0.13702825932808693,0.5688539546762456,ZNF835,ns
90488,0.9092748243349433,0.008681937897747662,TMEM263,up
9049,0.20158646174748007,0.02105534437776825,AIP,ns
905,-0.30775307847610733,0.02803553131386371,CCNT2,ns
9050,0.2880720777743022,0.550265082185493,PSTPIP2,ns
90506,0.01939137519416967,0.9278308112600242,LRRC46,ns
90507,-0.04389565172571608,0.818804193099864,SCRN2,ns
9051,-0.39009569144050715,0.15899530992457286,PSTPIP1,ns
90522,0.5541917097939066,0.027606556700449834,YIF1B,ns
90525,-0.6032223920438504,0.00015143315585915837,SHF,down
90529,0.10638534102234942,0.4459393799265337,STPG1,ns
9053,-0.5992639354004412,0.0004403209375870226,MAP7,down
9054,0.5265443590202947,0.006498857991760715,NFS1,ns
9055,1.5560142741645828,0.0001625964443021324,PRC1,up
90550,0.21901348637901386,0.188250064705568,MCU,ns
90557,0.06248642090352785,0.7911768688544497,CCDC74A,ns
9056,-0.8110766800789051,0.04446254268138618,SLC7A7,down
9057,-0.38849330335694177,0.001955267642848623,SLC7A6,ns
90576,-0.21615725562479327,0.2548303927654399,ZNF799,ns
90580,0.3298404689838117,0.0066040499215775554,TIMM29,ns
90589,0.039616710875779226,0.8036064850595681,ZNF625,ns
90592,0.27199524117751483,0.1801933692830266,ZNF700,ns
90594,-0.5842376228297868,0.008228230728454664,ZNF439,down
9060,-0.9839172264661507,0.0014547014966029969,PAPSS2,down
9061,0.2518408856566712,0.30842622464547137,PAPSS1,ns
90624,-0.07893839020340288,0.6690041229996978,LYRM7,ns
90627,-0.007403756488212565,0.959582862324032,STARD13,ns
9063,0.2058268675146646,0.20327107001647665,PIAS2,ns
90634,-0.4504692945308104,0.0021000114248059215,N4BP2L1,ns
90637,-0.34252817840707195,0.18018298166881935,ZFAND2A,ns
90639,-0.4052804224265323,0.0009571970897897031,COX19,ns
9064,0.09249451754825166,0.7881269210739872,MAP3K6,ns
90649,-0.2541366677241106,0.2689425690826289,ZNF486,ns
90668,0.0920557425909907,0.8258185349036635,CARMIL3,ns
90673,-0.322427723593683,0.1888426618517607,PPP1R3E,ns
90678,0.16758511020542777,0.3592553464469823,LRSAM1,ns
9069,0.5904529803421594,0.002612748862360499,CLDN12,up
90693,-0.09506133694101226,0.6267971697755105,CCDC126,ns
9070,0.2819375753576985,0.08580643920298242,ASH2L,ns
90701,2.089670319778625,0.001062382686153709,SEC11C,up
90736,-0.17690810289341208,0.1703057340615122,VCF2,ns
90780,-0.07860825638408997,0.682603136998201,PYGO2,ns
9079,-0.9060711555877852,0.0007846741051056245,LDB2,down
90799,-0.08711016097119462,0.5910757009437188,CEP95,ns
908,0.44423448231534657,0.016053810816070296,CCT6A,ns
9080,-0.18853094508110058,0.7282354848510435,CLDN9,ns
90806,0.36066729658446484,0.024747242826236377,ANGEL2,ns
90809,-0.255926144252566,0.17427254802689884,PIP4P1,ns
90826,0.09154283884372472,0.5600121990544564,PRMT9,ns
90835,0.13812250855786434,0.5824638715928859,CFAP119,ns
90843,0.43529630192126945,0.03722552589053383,TCEAL8,ns
90850,-0.05773172785790592,0.8060296610338518,ZNF598,ns
90853,-1.0221052810049338,0.0606061664540842,SPOCD1,ns
9086,2.764444915294173,0.011798848059276723,EIF1AY,up
90861,0.33818015359404363,0.12346210484666827,JPT2,ns
90864,-0.44865769100625563,0.050259149884544614,SPSB3,ns
90871,0.05663429911705542,0.7788304211528692,DMAC1,ns
90874,0.02124593300904465,0.948872423031736,ZNF697,ns
9088,2.481536553875732,7.569126666739119e-05,PKMYT1,up
909,-0.8129970846811663,0.0001982232818152379,CD1A,down
9091,-0.25016155376549243,0.25904606723108276,PIGQ,ns
9092,0.20364993918987473,0.019099576262236368,SART1,ns
9093,0.3451430907253439,0.02809201131197235,DNAJA3,ns
90933,-0.015129577874718692,0.9284803924936986,TRIM41,ns
9094,-0.8878138519705328,0.009364643540855715,UNC119,down
9095,-0.5199421114012432,0.011492056047256312,TBX19,ns
90952,-0.42524118128319266,0.5122919778654097,ESAM,ns
90956,-0.6308771966294886,0.00017879934421946458,ADCK2,down
90957,0.2117575098346265,0.43567407782736256,DHX57,ns
9097,0.9559899733587613,0.0029574141348666814,USP14,up
9098,-0.15905574822103752,0.5142146348166344,USP6,ns
90987,-0.15296200722619346,0.3550840907141347,ZNF251,ns
9099,0.1957473103349967,0.444657361016385,USP2,ns
90990,-0.5187464168819282,0.19026063669038276,KIFC2,ns
91,-0.0896330990131542,0.7771845000719709,ACVR1B,ns
9100,0.5058578439890216,0.007534840293263739,USP10,ns
9101,0.46418321652126515,0.00431468503583789,USP8,ns
91010,-1.1886781428332807,4.337072788359985e-06,FMNL3,down
91012,-0.11666745911919563,0.129341012785999,CERS5,ns
91039,0.07391811560561479,0.6640331842691031,DPP9,ns
91050,-0.9006824388642221,0.005409883764066225,CCDC149,down
91056,-0.025772605446190866,0.958414843103337,AP5B1,ns
91057,0.9489963898341909,0.0014852416890774988,CCDC34,up
9107,0.23091416464804837,0.26114910996425883,MTMR6,ns
911,-2.098589093171551,2.4236397029726354e-06,CD1C,down
9110,0.09383882499318297,0.2791202896957039,MTMR4,ns
91107,0.5622013794076963,0.08662108588000053,TRIM47,ns
9111,0.9563320632682437,0.009000009101780452,NMI,up
9112,-0.33612111712136716,0.04177551443961568,MTA1,ns
91120,0.2975219532481477,0.14502832899808113,ZNF682,ns
9113,-0.24835282380424495,0.07944885515037065,LATS1,ns
91133,-0.2042255355771907,0.2794620585290402,L3MBTL4,ns
91137,0.3854906856507032,0.059092943821712,SLC25A46,ns
9114,-0.02182185435245998,0.9414106902363033,ATP6V0D1,ns
91147,-0.36124101099482075,0.01535460545105722,TMEM67,ns
91151,-0.2608965663311853,0.07089649643350279,TIGD7,ns
9117,0.10320647810230099,0.47386332598768055,SEC22C,ns
91179,-0.6736481540408654,0.005486377885982026,SCARF2,down
912,-0.25178576051130186,0.45444921554377776,CD1D,ns
9120,0.23442548272515573,0.3145629977433554,SLC16A6,ns
9121,-0.8773863709711769,0.04636649669832226,SLC16A5,down
9122,0.13736730148300502,0.4601519198496932,SLC16A4,ns
9123,0.09510798885552241,0.8222043136282648,SLC16A3,ns
9124,0.05981644510105788,0.8749295908859103,PDLIM1,ns
9125,0.394711185996103,0.01424180893196297,CNOT9,ns
91252,-0.3622134604174665,0.0156866206211048,SLC39A13,ns
9126,0.4396872472270932,0.07023166051719386,SMC3,ns
9127,-0.28135489755266363,0.1557834126126802,P2RX6,ns
91272,-0.21043430752668524,0.16743476808735835,BOD1,ns
9128,0.44873638008625427,0.0036908002006860916,PRPF4,ns
91283,-0.25686768380024105,0.10835846504572581,MSANTD3,ns
91289,0.2797890978233859,0.23929670149123117,LMF2,ns
9129,0.004024811997931366,0.980419282919204,PRPF3,ns
91298,0.36368575155731087,0.1400972813863313,RLIG1,ns
913,-1.3409823567588415,3.293533411816377e-06,CD1E,down
9130,0.03503873630157628,0.8030410226566369,FAM50A,ns
91300,-0.6079607236847515,0.20034616260946125,R3HDM4,ns
91304,0.02087007862417245,0.9375501447609077,TMEM259,ns
9131,0.7745920156911499,0.0012833601313209165,AIFM1,up
91319,2.1646343403302204,0.00380751879078171,DERL3,up
9132,0.18955683815839564,0.18216863197305197,KCNQ4,ns
9133,2.5984012224327016,4.796297124689089e-05,CCNB2,up
9134,1.4808876384945577,0.00031619379109728874,CCNE2,up
9135,0.15963803361901974,0.39407357759407713,RABEP1,ns
91351,0.6710976374678062,0.24285175849655896,DDX60L,ns
91355,-0.17959900119348138,0.4516346979460674,LRP5L,ns
9136,0.5186556195832672,0.0040441608789939494,RRP9,ns
91368,0.06961890251207326,0.6422344782344668,XTBD1,ns
91369,0.06710712857699974,0.6264492932498408,ANKRD40,ns
91373,0.25740285472827473,0.3803855191048289,UAP1L1,ns
9138,-0.482441126932903,0.01097554386733608,ARHGEF1,ns
9139,-0.41483242915619023,0.0005772865060933891,CBFA2T2,ns
91392,-0.2150082426933535,0.2324757134388598,ZNF502,ns
914,-0.16316302861907772,0.6151858183107877,CD2,ns
9140,-0.08479244510577821,0.4464983819019844,ATG12,ns
91404,-0.38605985588325886,0.12259844784297495,SESTD1,ns
91408,-0.12527662865149658,0.23980034068365222,BTF3L4,ns
9141,0.5920586147351319,0.015697198047093824,PDCD5,up
91419,0.24116603044909812,0.332338149819604,ATP23,ns
9143,-0.8031352167036481,0.0019552327969084146,SYNGR3,down
91433,0.7220067586340297,0.0011596012067157863,RCCD1,up
9144,-0.2936557857385367,0.1714077459652786,SYNGR2,ns
91442,0.44637067302165523,0.011022595576586977,FAAP24,ns
91445,0.44414296835409317,0.001847638668026776,RNF185,ns
9145,-0.6318884290876925,0.06664501075370195,SYNGR1,ns
91452,-0.11305576975576948,0.5751761539621353,ACBD5,ns
9146,-0.11031212567214155,0.6973979267003664,HGS,ns
9147,0.36561123889342717,0.003249304054317036,NEMF,ns
9148,-1.2208435395822272,0.0019164326926087304,NEURL1,down
9149,-0.7362505928284229,0.015683274027117715,DYRK1B,down
915,-0.4427129946397059,0.13819154984560675,CD3D,ns
9150,-0.024235925870806696,0.8732735879303516,CTDP1,ns
91523,-0.022651473613994,0.9540784951377513,PCED1B,ns
91526,-0.531407865654085,0.0012673609653885694,ANKRD44,ns
91543,2.449993971252095,0.01570292114062781,RSAD2,up
91544,-0.6720733646986563,0.07511933697152877,UBXN11,ns
9156,2.381782142802148,6.171290680256915e-05,EXO1,up
91574,0.2863596103235393,0.2397276452500643,MTRFR,ns
9158,0.28068572472923314,0.09101645398786969,FIBP,ns
91582,0.38895197124264413,0.033263055736031714,RPS19BP1,ns
91584,-1.2653739524354313,0.0004136894151075847,PLXNA4,down
9159,-0.313559212089519,0.005604431457198794,PCSK7,ns
916,-0.7341605973607166,0.01280163661482635,CD3E,down
91603,-0.17259420084679977,0.4360103942542012,ZNF830,ns
91607,0.3215821825083651,0.22674169178364295,SLFN11,ns
91612,-0.32056962380320364,0.10176954641624339,CHURC1,ns
91614,-0.23025189461212214,0.16735768625741781,DEPDC7,ns
91624,1.2998991535169422,0.0065319510556191155,NEXN,up
91646,0.11309252811665704,0.5559611551015051,TDRD12,ns
91647,0.19075805623114928,0.14261586609397764,ATPAF2,ns
9166,0.6935044553024614,0.002474469284176979,EBAG9,up
91661,0.3676621265059419,0.13960733929537789,ZNF765,ns
91662,-0.4980684111262441,0.2702066602181564,NLRP12,ns
91663,-0.6358407091761631,0.13094462119587352,MYADM,ns
91664,0.1038840271303787,0.7822171385574984,ZNF845,ns
9167,-0.1833246884958779,0.23697298595702798,COX7A2L,ns
9168,0.10241886001904099,0.5041851496414481,TMSB10,ns
91687,0.6737873439089315,0.005038508415430324,CENPL,up
91689,-0.09800831287329004,0.6946578589781068,SMDT1,ns
9169,0.04996025664273951,0.8068902086209845,SCAF11,ns
91694,0.2519481645776258,0.23366325778720864,LONRF1,ns
917,-0.13828333540226367,0.7461542087558868,CD3G,ns
9170,-0.956365712203791,0.1307124485476117,LPAR2,ns
91703,0.3071983872647346,0.2302121096163754,ACY3,ns
9172,-0.349495686555521,0.7713846879113241,MYOM2,ns
9173,0.4530472815124069,0.12527888183492483,IL1RL1,ns
91734,0.22687613822713804,0.06357724631344937,IDI2,ns
91746,-0.10477088472062768,0.5180102691406129,YTHDC1,ns
91748,-0.8304612490955403,0.002351151755090531,MIDEAS,down
91749,0.24525044827274645,0.11947455636417594,SLC60A2,ns
9175,0.8079670445673015,0.00232603264492021,MAP3K13,up
91750,0.6100428026215301,0.012054405989099449,LIN52,up
91752,-0.035956743000594926,0.9087692290897442,ZNF804A,ns
91754,-0.04780244532810585,0.7991023436248389,NEK9,ns
91768,0.6649073905085352,0.01627092775244754,CABLES1,up
9177,0.22083019130717574,0.2709639535421343,HTR3B,ns
91775,0.48809503275994004,0.10244146524782552,NXPE3,ns
91782,-0.16599198354478162,0.43555191632975726,CHMP7,ns
9179,0.13408028450964693,0.36271939681851495,AP4M1,ns
91801,0.2201461440459136,0.36047339975760867,ALKBH8,ns
91807,0.29396895908976184,0.08210228475642868,MYLK3,ns
9181,-0.15175871889145398,0.44964066331444724,ARHGEF2,ns
9183,0.6594865586928664,0.0074580039537889675,ZW10,up
91833,-0.08705215247445075,0.49392012902898086,WDR20,ns
9184,0.3433438695661408,0.0877707681163255,BUB3,ns
9185,-0.924286278583839,0.07881014145369936,REPS2,ns
91860,0.3757132937704597,0.08597481529198593,CALML4,ns
91869,0.39005557035718574,0.016818085269893385,RFT1,ns
9187,-0.47243407134000925,0.0029335384723713958,SLC24A1,ns
91875,0.2872689839590983,0.1622148208125778,TTC5,ns
9188,0.36832539669866193,0.07703706976085073,DDX21,ns
9189,-0.3475080819031007,0.06647716664673393,ZBED1,ns
91893,0.4195675432675863,0.030734918460823088,FDXACB1,ns
919,-0.9360567324940892,0.0058939655628790074,CD247,down
9191,-0.0142059895576363,0.9406915200165855,DEDD,ns
91937,1.207163412315781,0.0023799151611915204,TIMD4,up
9194,-0.08021467212612521,0.6075204530513358,SLC16A7,ns
91942,0.2694930335306065,0.1398176881200531,NDUFAF2,ns
91947,-0.9020084110582012,0.021371299653260834,ARRDC4,down
91949,0.38124152499226316,0.0032050323560239256,COG7,ns
9196,-0.085366277878836,0.7925893198341442,KCNAB3,ns
91966,0.13230379450112295,0.15131954069474135,EOLA1,ns
9197,0.873879277070797,0.002029042444158655,SLC33A1,up
91975,-0.26714221162659246,0.22860481311778438,ZNF300,ns
91978,-0.14609824729350418,0.3890000999509013,TPGS1,ns
92,-0.6430073620606702,0.003009849528152406,ACVR2A,down
920,-1.2016988340899228,0.0006452382600523612,CD4,down
9200,-0.2663259549607524,0.04508382549866482,HACD1,ns
92002,-0.10692472600961711,0.341392863768455,CCNQ,ns
92014,0.1959550537538357,0.0908549688428257,SLC25A51,ns
92017,-0.36066669874610824,0.02650126564967201,SNX29,ns
9202,0.2028767748127951,0.32575790866248117,ZMYM4,ns
9203,-0.05321012401113556,0.7610695486821181,ZMYM3,ns
9204,-0.20703508900311185,0.03467838157151258,ZMYM6,ns
9205,-0.04629082683308372,0.6230102104927345,ZMYM5,ns
9208,-0.2802585092874246,0.22838013565662144,LRRFIP1,ns
9209,0.0964243591354439,0.42382034616769465,LRRFIP2,ns
92092,0.6898089869599646,0.00020416009804207798,ZC3HAV1L,up
921,-0.6281481623737122,0.0345500625047053,CD5,down
92104,0.3826380902767239,0.039105848517189526,IFT70A,ns
92105,0.4226001196836098,0.0045673772029203065,INTS4,ns
92106,-0.34847970482962864,0.12746169165115925,OXNAD1,ns
9212,2.4399549796290447,0.00010043558884781117,AURKB,up
92126,-0.10742030377898093,0.7272685084896122,DSEL,ns
9213,0.15721626109942122,0.26008589096699997,XPR1,ns
9214,-0.8445444728070548,0.0022094503949157836,FCMR,down
92140,0.7336754395190468,0.0016958017663646814,MTDH,up
9215,-0.050507292047641705,0.9087692290897442,LARGE1,ns
92154,-0.17079527548535367,0.6015700508294204,MTSS2,ns
92162,-0.30697832045330564,0.6106634307376279,TMEM88,ns
9217,-0.0877935452177887,0.4183472809494979,VAPB,ns
92170,0.7365642029720725,0.0004796037248035518,MTG1,up
9218,-0.040647134775770866,0.8345068327492883,VAPA,ns
92181,0.2059768209000996,0.4092813792504977,UBTD2,ns
9219,0.42376458177071186,0.00526123041022858,MTA2,ns
9221,0.5369489532146794,0.008610752204977253,NOLC1,ns
92211,-1.0121664029823672,0.0013640886036501048,CDHR1,down
92241,-0.20065714883075536,0.13477426071420703,RCSD1,ns
92255,0.5290327274280244,0.03371245436633543,LMBRD2,ns
92259,0.6348611095601226,0.0015645527356549986,KGD4,up
92270,0.044384010760998294,0.8131877922715155,ATP6AP1L,ns
92283,-0.178491698255538,0.320431718255048,ZNF461,ns
92285,-0.325098689806004,0.07736795373707737,ZNF585B,ns
923,-0.6400499603675947,0.015594680855256705,CD6,down
9230,-0.35938733489644115,0.16743476808735835,RAB11B,ns
92304,-0.7794136198722534,0.0020354135506170552,SCGB3A1,down
92305,-0.34922528817102183,0.04514274780121435,TMEM129,ns
9231,-1.298465995715306,0.0003064209223117633,DLG5,down
9232,2.2630732721165874,0.00013460213471981093,PTTG1,up
92335,0.29915949834357747,0.027994565759701967,STRADA,ns
92340,-0.21006986067461764,0.3069731015052855,PRR29,ns
92342,0.21375832830111285,0.4720334145849506,METTL18,ns
92344,0.28690478656013685,0.04539307118481159,GORAB,ns
92345,0.04821522406094925,0.7778300885842397,NAF1,ns
9235,-0.34436646830717343,0.21473711281037897,IL32,ns
92359,-0.1957758782882495,0.17154358089564867,CRB3,ns
9236,0.2119816353692574,0.42620949639327277,CCPG1,ns
92370,-0.03174587799322026,0.8945545980026471,PXYLP1,ns
9238,0.5252207726462981,0.0061989308141065305,TBRG4,ns
92399,0.2723515031158543,0.01866623451998765,MRRF,ns
924,-1.188719359997716,0.0002726910908331779,CD7,down
9240,-0.5314072551652931,0.0015783155897586153,PNMA1,ns
92400,-0.07694523335156767,0.6421718809165812,RBM18,ns
9241,-1.1814146051713301,0.015187847587827508,NOG,down
9242,-0.4685395418064511,0.13754179312102757,MSC,ns
9246,0.7067494413077053,0.07064726724578309,UBE2L6,ns
92482,0.14015241442786142,0.32430412177367884,BBIP1,ns
9249,-1.0856685231628669,9.245185784248535e-05,DHRS3,down
925,-0.43498066154612225,0.278425395349145,CD8A,ns
9252,-0.5692711584278474,0.012650359067187804,RPS6KA5,ns
92521,-0.7049973349455758,0.033969335252952634,SPECC1,down
9253,-0.3673715010732792,0.27051225715883176,NUMBL,ns
9254,-1.322206276172964,0.0009260192809858144,CACNA2D2,down
9255,0.10407257776591194,0.3347668156642458,AIMP1,ns
92558,-0.5637830323879829,0.02250723055688193,BICDL1,ns
9256,-1.0365960796745757,0.016324640550193847,TSPOAP1,down
92565,-0.17894765510909494,0.2069037923392307,FANK1,ns
92579,0.2679614999397213,0.26410159301680797,G6PC3,ns
9258,-0.8898729494999458,0.00011899923201074076,MFHAS1,down
92591,0.17221858747037988,0.3112473295036087,ASB16,ns
92595,-0.2580879268337739,0.09371797356974154,ZNF764,ns
92597,-0.1600224204518348,0.4819632272741722,MOB1B,ns
926,-0.6133622303453379,0.08054684749657873,CD8B,ns
9260,-0.4159855127257668,0.5137368520740336,PDLIM7,ns
92609,0.28196056326305374,0.07837280192380565,TIMM50,ns
9261,0.03895853860101717,0.8507303997216541,MAPKAPK2,ns
92610,0.5854730690758014,0.05557559766671899,TIFA,ns
9262,-0.2736620782190311,0.29145735266045564,STK17B,ns
9263,-0.2956713414371439,0.10789648479857462,STK17A,ns
9265,-0.9685508056627103,0.00027370577069192256,CYTH3,down
9266,-0.22538484234794076,0.1447345221188768,CYTH2,ns
92667,0.6188768535516038,0.00028608178416562316,MGME1,up
9267,-0.3749318676698028,0.01147289731398293,CYTH1,ns
92675,-0.3528021013534737,0.004500900603879473,DTD1,ns
92689,-0.09982973627647951,0.6024700963676446,FAM114A1,ns
92691,-0.19701201797568135,0.3337847137030931,TMEM169,ns
927,-0.09198537715757737,0.6812710476761302,CD8B2,ns
9270,0.15316739211214347,0.285502676838715,ITGB1BP1,ns
92703,0.2387377475152448,0.03141577959138987,TMEM183A,ns
92714,-0.36698812874014486,0.1779009330998766,ARRDC1,ns
92715,-0.029271636502146592,0.8742531577033734,DPH7,ns
9274,-0.5338625691874697,0.0021651133311358767,BCL7C,ns
92745,2.041168813078965,0.0001075258269858596,SLC38A5,up
9275,-0.16110596753754614,0.5372757901522165,BCL7B,ns
9276,1.1731609127616576,0.0013004905997137932,COPB2,up
9277,0.21651226240845745,0.055015243704331813,WDR46,ns
9278,-0.6590665638206552,0.0008696093717052857,ZBTB22,down
92797,0.33701022625391097,0.09332529543215451,HELB,ns
92799,-0.09245440983034925,0.8026442867088561,SHKBP1,ns
928,-0.9240620339635388,0.012803417001571395,CD9,down
92806,0.31556613544696965,0.13742210440308336,CENPBD1P,ns
92815,-0.12809105936868725,0.5423442541904457,H2AC25,ns
9282,0.14262736638908002,0.5326116114402988,MED14,ns
92822,-0.4651749128566376,0.022726664811535794,ZNF276,ns
9283,-0.039157536679777394,0.880047546496369,GPR37L1,ns
9284,-0.5250750422033716,0.5691585341128056,NPIPA1,ns
92840,-0.985208370332578,0.0001223879745631625,REEP6,down
92856,0.46441046771518835,0.013284595832352204,IMP4,ns
9289,-1.3129229430895055,0.026281897468274425,ADGRG1,down
929,0.007231681317108496,0.9885758668203205,CD14,ns
9290,0.26415632951741497,0.338912818917137,GPR55,ns
92906,0.6162601308055873,0.00892115453201189,HNRNPLL,up
92912,0.004153456039004411,0.9856879997811916,UBE2Q2,ns
92922,0.11797586058380904,0.6716031756436679,CCDC102A,ns
92935,-0.02842407355499521,0.9018655639900592,MARS2,ns
9294,0.200065607079023,0.41995998278913593,S1PR2,ns
9295,0.1599189087656221,0.35709450632492895,SRSF11,ns
9296,0.03511532330501943,0.8746618077885964,ATP6V1F,ns
92960,-0.011534566799606516,0.9510916304326255,PEX11G,ns
92979,-0.873694786919474,0.0001760801121369527,MARCHF9,down
92999,-0.38765077075264376,0.28642399153511755,ZBTB47,ns
93,-0.5912744073764333,0.021104210541055962,ACVR2B,down
930,0.330461803447875,0.46024788829365476,CD19,ns
93010,-1.3016394255211043,0.007925121786862407,B3GNT7,down
93035,0.9829682567979079,0.011650676954063537,PKHD1L1,up
93058,-0.23074888974150642,0.10530797642170182,COQ10A,ns
9306,-0.4887668630702189,0.036677210847733795,SOCS6,ns
9308,-1.329883526336399,0.1661172249922719,CD83,ns
93081,0.3952911170261286,0.060908062227010305,TEX30,ns
93099,-0.6555061785148579,0.0028388443958765348,DMKN,down
931,-0.8413157687148303,0.016322092943125935,MS4A1,down
9310,0.08252702051052996,0.6650805799852068,ZNF235,ns
93100,-0.071923284699702,0.8491988236932941,NAPRT,ns
93109,0.08860860458434505,0.5483401772631864,TMEM44,ns
9311,0.006526289319929823,0.9854289292275954,ASIC3,ns
93129,-0.12201787994351676,0.674158655468227,ORAI3,ns
93134,0.03009191324575511,0.9133219295856988,ZNF561,ns
9314,-0.8663037863594383,0.04271838513028326,KLF4,down
93145,-0.4287384671200316,0.23849976837031658,OLFM2,ns
9315,-0.5164775183229899,0.04258911007916125,NREP,ns
9317,0.28818174706127664,0.2768159299692185,PTER,ns
9318,0.24734553648171875,0.3186144347653921,COPS2,ns
93183,0.29517199102483627,0.2729079773837879,PIGM,ns
93185,0.7182599408656216,0.005713548352563715,IGSF8,up
9319,2.4396592388216307,8.858289700581826e-05,TRIP13,up
932,-1.5262587138784882,0.003383647229894021,MS4A3,down
9320,0.34904439972739176,0.06108755936848248,TRIP12,ns
9321,0.15671148664842072,0.2877807951974657,TRIP11,ns
93210,-0.5920376912233642,0.0006517854192266406,PGAP3,down
9322,0.2181693207516977,0.18629158510602248,TRIP10,ns
93233,-0.5433730972925233,0.015717590994995343,ODAD1,ns
9324,0.04602533840104073,0.819249035128107,HMGN3,ns
9325,0.34767516457548986,0.019760883846798565,TRIP4,ns
9326,0.06162444905499953,0.6972775870801985,ZNHIT3,ns
9328,0.20877466205611306,0.09736525530890477,GTF3C5,ns
9329,-0.011369304229978283,0.9627630749260693,GTF3C4,ns
933,-1.2961195865705317,0.0022674845708823346,CD22,down
9330,0.4245144117668378,0.018583796616206436,GTF3C3,ns
9331,-0.7910593639977037,0.00019274025228583312,B4GALT6,down
9332,-0.2586395611048129,0.6107483207341162,CD163,ns
93323,0.6107763733905571,0.0006775983102389619,HAUS8,up
9334,0.20901708859558532,0.6733544846250589,B4GALT5,ns
93343,0.033830495384945536,0.8491727415860301,MVB12A,ns
93349,0.11373145751713665,0.3282194875548463,SP140L,ns
9337,-0.17731309956679908,0.13209923083420233,CNOT8,ns
9338,-0.1523292333755384,0.13547297552628515,TCEAL1,ns
93380,-0.32803909858314206,0.026138962161284956,MMGT1,ns
9341,-0.39447829161476733,0.0982145808313685,VAMP3,ns
9342,-0.054759672317350905,0.7301452105855021,SNAP29,ns
9343,0.32770359792383275,0.03705280607660339,EFTUD2,ns
93432,0.10588774109476873,0.904836695309799,MGAM2,ns
93436,0.25201518360337083,0.03564893753317501,ARMC6,ns
9344,-0.149328069864751,0.21262707224621655,TAOK2,ns
93474,0.0019966564725679703,0.9933604869340565,ZNF670,ns
93487,0.2604005928102282,0.33618132902961095,MAPK1IP1L,ns
9349,-0.8464145868358042,0.0011199215543890538,RPL23,down
9351,-0.23417172006761877,0.31158518478730934,NHERF2,ns
93517,0.3537698088614576,0.16432373409013917,SDR42E1,ns
9352,0.4800378973632835,0.0010733373729131187,TXNL1,ns
9354,0.27542403514831726,0.17865615759871992,UBE4A,ns
93550,-0.26165030930602384,0.15925039440566685,ZFAND4,ns
93587,0.672643445008295,0.0018750312482570795,TRMT10A,up
93589,-0.9502196588626566,0.00034901325648865607,CACNA2D4,down
93594,-0.1739969833349413,0.4945962947236042,TBC1D31,ns
9360,0.20120143505442378,0.11722165358377232,PPIG,ns
9361,0.7188199175306753,0.00043157289001225223,LONP1,up
93611,-0.35922579533151655,0.07060233031826368,FBXO44,ns
93621,-0.151562205968796,0.41217675710632845,MRFAP1,ns
93624,-0.29231089291236323,0.02809201131197235,TADA2B,ns
93627,0.12835935905900442,0.4406239257574954,TBCK,ns
9363,-0.04834837016233706,0.8192026683251942,RAB33A,ns
9364,0.0720718236020117,0.4925289092897209,RAB28,ns
93643,0.0006554066424566685,0.997073929917945,TJAP1,ns
9365,0.08032060720553691,0.7763492374826608,KL,ns
93663,0.44902474093276545,0.04082027483283471,ARHGAP18,ns
9367,0.08704668415713712,0.5296857592352904,RAB9A,ns
9368,-0.30100752631316396,0.1513069863239965,NHERF1,ns
9371,0.16814844600943957,0.1911776927740206,KIF3B,ns
9372,-0.5499978192364958,0.017191873673305613,ZFYVE9,ns
9373,0.5982999569671694,0.0006677239704938586,PLAA,up
9374,-0.2294864754376631,0.13804979417540558,PPT2,ns
9375,0.36579988385182993,0.11129629980532169,TM9SF2,ns
9377,0.711878507169132,0.0027022957689444797,COX5A,up
9378,0.23302581088365226,0.4276781935460263,NRXN1,ns
9379,-1.1502219757833547,0.0009101178270539278,NRXN2,down
9380,-0.12967865949802082,0.5179422179534001,GRHPR,ns
9381,3.9912682787389144,9.544432818243245e-05,OTOF,up
9382,0.05797787994115211,0.68894464768482,COG1,ns
939,1.1804311542181605,0.03337136890365703,CD27,up
9391,0.14610593805458016,0.17688045864272936,CIAO1,ns
9392,-0.46530838139030095,4.796297124689089e-05,TGFBRAP1,ns
9394,-0.4457076650636491,0.010602032018624828,HS6ST1,ns
93953,0.09396312665918582,0.5852338071096962,GCNA,ns
9397,-0.7183231311716831,0.00995729974523285,NMT2,down
93973,0.2738253553508443,0.11452115706146365,ACTR8,ns
93974,0.2869793442785653,0.08203899363988904,ATP5IF1,ns
93978,0.43685901187738096,0.23170288367937242,CLEC6A,ns
93979,-0.019865964022931948,0.949148554469086,CPA5,ns
9398,-0.327167578421248,0.3762418198762112,CD101,ns
9399,0.20035528729240504,0.09051337148406555,STOML1,ns
94,0.9933666888934605,0.0047901519165249136,ACVRL1,up
940,0.06473907996416628,0.9044643764153242,CD28,ns
9400,0.2923915371863597,0.08376148207111526,RECQL5,ns
94005,0.10368371171403368,0.44697051998690523,PIGS,ns
9401,1.776467492371613,0.0002728911399982439,RECQL4,up
94015,-0.9248302056044029,0.006707433479954847,TTYH2,down
9402,-0.9041680847603253,0.0058688056642051175,GRAP2,down
94025,-0.416859160359385,0.11134984153113736,MUC16,ns
9403,0.12544647942857523,0.36195056258922154,SELENOF,ns
94031,-0.36274660835049044,0.239498492580104,HTRA3,ns
94039,0.3505526062133466,0.14161695073611344,ZNF101,ns
9404,0.04021579046545831,0.8326265521725856,LPXN,ns
94056,0.1851094874877024,0.19799021804661723,SYAP1,ns
94059,0.08798656226957657,0.7036700768654107,LENG9,ns
9406,0.483926153071657,0.020515234035592862,ZRANB2,ns
94081,0.9910704316979757,0.0013471065549444177,SFXN1,up
9409,-0.08973516469458609,0.42859508576958083,PEX16,ns
94097,-0.32804525977992505,0.14292389269410538,SFXN5,ns
941,0.4303369928155467,0.10730641314291434,CD80,ns
9410,0.6329612114774381,0.01721179867825598,SNRNP40,up
94101,0.06451102994731173,0.5738141266809051,ORMDL1,ns
94103,-0.07089837944493027,0.7778260015932827,ORMDL3,ns
94104,0.0027051324746114602,0.983481104492729,PAXBP1,ns
94107,-0.42096950696439706,0.0010365520691399135,TMEM203,ns
9411,-0.053383474633698746,0.8220515255510423,ARHGAP29,ns
9412,-0.0801026147324908,0.7822171385574984,MED21,ns
94120,-0.3170194107144795,0.1800799193612348,SYTL3,ns
94121,-0.34955444829358395,0.2926970334419709,SYTL4,ns
94134,-0.4339892018790028,0.01806408017633149,ARHGAP12,ns
9414,-0.30805692791157746,0.3148647207892211,TJP2,ns
9415,0.13656777481592286,0.732686808494704,FADS2,ns
9416,0.44668323942858024,0.0018495560474297659,DDX23,ns
9419,0.395161588159743,0.0027704206960829023,CRIPT,ns
942,-0.28526106583111854,0.415411575383397,CD86,ns
9422,-0.42428978023213304,0.01231563921340499,ZNF264,ns
94235,-0.006178375452866369,0.9805035391363793,GNG8,ns
94239,0.3987686089613618,0.07101793831598768,H2AZ2,ns
9424,0.12443919617925658,0.6394139762089682,KCNK6,ns
94240,1.3869732852996322,0.01575501087413872,EPSTI1,up
94241,0.5991409727418286,0.18978608308412698,TP53INP1,ns
9425,0.3355471082493331,0.024701923928941015,CDYL,ns
94274,-0.3640571331046143,0.263483737526356,PPP1R14A,ns
9429,0.12006089722042379,0.4947558544783399,ABCG2,ns
943,-0.6900196977764512,0.057348325265606584,TNFRSF8,ns
9435,-0.09776583108478576,0.7600115234107909,CHST2,ns
9437,-1.2710789691790199,0.002654256804395368,NCR1,down
9439,-0.019016317675863093,0.9334754538412384,MED23,ns
944,-0.002265080978792966,0.9941956222215246,TNFSF8,ns
9440,0.15168963783734135,0.4234660335065069,MED17,ns
9441,-0.25495343271763105,0.3695316816983852,MED26,ns
9442,0.4027352364621315,0.0010346807964385627,MED27,ns
9443,0.4274650850567312,0.013225493662912646,MED7,ns
9444,-0.12600407450246642,0.6131392357574041,QKI,ns
9445,-0.6860397554477604,0.034858460038141095,ITM2B,down
9446,0.33269674258577453,0.0651365654935061,GSTO1,ns
9447,1.5870491683673462,0.0011313956188953203,AIM2,up
9448,-0.4949911842868353,0.03653608029224016,MAP4K4,ns
945,-0.6332851278248892,0.13727969953834185,CD33,ns
9450,-0.7131399856171825,0.02008667412563446,LY86,down
9451,0.6977883470727075,0.04775936354941854,EIF2AK3,up
9452,-0.2204195438458978,0.5462226851875661,ITM2A,ns
9453,-0.04483358219469302,0.7978070982638219,GGPS1,ns
9454,-0.6339888181995139,0.11312214321530263,HOMER3,ns
9455,-0.6753431386910442,0.008718950040696026,HOMER2,down
9456,0.19416631402359474,0.23366325778720864,HOMER1,ns
9459,-0.5835649591172807,0.0031826280940577783,ARHGEF6,down
946,-0.43818654948483626,0.15573671417202603,SIGLEC6,ns
9462,-0.4497038559761304,0.01165413911028453,RASAL2,ns
9463,0.058631086274123057,0.8095189602434795,PICK1,ns
9465,-0.4417720196317889,0.027351974537905235,AKAP7,ns
9466,-0.16164128888882523,0.3461903162127257,IL27RA,ns
9467,-0.49092152238382525,0.002072337227602243,SH3BP5,ns
9468,-0.4613244014973512,0.17817807943738107,PCYT1B,ns
947,-0.7699116722184822,0.008932264672385427,CD34,down
9470,0.11832862728193838,0.22750449971154071,EIF4E2,ns
9472,-0.1199845590547497,0.6739977781722624,AKAP6,ns
9473,-0.2732407310465881,0.39155750872454526,THEMIS2,ns
9474,0.2116976923329581,0.19155696466333536,ATG5,ns
9475,-0.013801140731144912,0.9496394337418825,ROCK2,ns
9476,-0.6536516299137798,0.04136335822197757,NAPSA,down
9477,0.7516394281279446,0.0013445564068377243,MED20,up
9479,0.09049069099217455,0.683543498168499,MAPK8IP1,ns
948,-0.485290444867017,0.20074931021906625,CD36,ns
9482,0.06536336759102923,0.6066241075718983,STX8,ns
9486,-0.18803398995666676,0.2561573433903488,CHST10,ns
9487,-0.5960724131209796,0.006707433479954847,PIGL,down
9488,-0.05951952120259474,0.7817865570796574,PIGB,ns
9489,-0.32569558101613083,0.2795075743228595,PGS1,ns
949,-0.04201593977142615,0.8899413508490776,SCARB1,ns
9491,0.0003174856303527207,0.9985654479602173,PSMF1,ns
9493,2.371266735843351,3.293533411816377e-06,KIF23,up
9495,-0.5803671332574165,0.06307409602786525,AKAP5,ns
9497,-0.3945373707451534,0.1113155450287159,SLC4A7,ns
9498,-0.1897597064728913,0.25021361884820154,SLC4A8,ns
95,-0.12144106018872058,0.508266472725248,ACY1,ns
950,1.010821494628967,0.0012884216049966865,SCARB2,up
9500,1.066718834683666,0.020850151342724537,MAGED1,up
9501,-0.15077817838057062,0.45693927309455795,RPH3AL,ns
9507,-0.013545478077674034,0.9506540675374284,ADAMTS4,ns
9509,1.5057069159859955,0.0243936430442479,ADAMTS2,up
951,-1.0458958040929023,0.0013225483763389329,CD37,down
9510,-1.5275941470776324,0.0008786979603710976,ADAMTS1,down
9512,0.1752925232587632,0.28714267011458927,PMPCB,ns
9513,0.10762606449617174,0.4614439597287254,FXR2,ns
9515,0.31613099269512723,0.3148041086143253,STXBP5L,ns
9516,-0.8764894357555004,0.013655635254916951,LITAF,down
9517,0.11269846617158485,0.7973768263836418,SPTLC2,ns
9518,0.37961535126053736,0.1923484613026485,GDF15,ns
9519,0.16437987176308866,0.0939835170108266,TBPL1,ns
952,2.3748862922140788,0.0002422562514611605,CD38,up
9520,-0.01261432657447692,0.9556053219652024,NPEPPS,ns
9521,0.8339340277456921,0.0014715909977326854,EEF1E1,up
9522,0.019210789639984682,0.9217326908314062,SCAMP1,ns
9524,0.5272738741488023,0.12382899511718719,TECR,ns
9525,0.08776206643542217,0.6939464358353205,VPS4B,ns
9526,0.8566998210925831,0.00022345637191705057,MPDU1,up
9527,0.08637632705806553,0.5697373771268246,GOSR1,ns
9528,0.365143403704721,0.022631475835038956,TMEM59,ns
9529,-0.4235738677039631,0.030081249270940236,BAG5,ns
953,0.7990204706689532,0.009312497994270579,ENTPD1,up
9530,0.28714238580354134,0.16080655992175524,BAG4,ns
9531,-0.2578426135008236,0.5799199278149995,BAG3,ns
9532,0.7040288932591388,0.019085980716627128,BAG2,up
9533,0.40019876594370185,0.06447598455318594,POLR1C,ns
9534,0.017853171218604302,0.9321581485647026,ZNF254,ns
9535,-0.10051242763023538,0.6598639996805913,GMFG,ns
9536,-0.42601317084984025,0.20682399117660547,PTGES,ns
9537,-0.8762599999139411,0.05394753002811112,TP53I11,ns
9538,0.3050511497766397,0.07037186853794189,EI24,ns
954,-0.24988181251145036,0.478439183158098,ENTPD2,ns
9540,0.5057638728787825,0.03552921825945926,TP53I3,ns
9541,0.2856186515084662,0.20074931021906625,CIRSR,ns
9545,-0.6337841328931084,0.06867336403442784,RAB3D,ns
9546,0.09956013842245426,0.5894671967367331,APBA3,ns
955,0.23013442223767377,0.05837708310770994,ENTPD6,ns
9550,-0.24270307551975634,0.026921817657830107,ATP6V1G1,ns
9551,0.5213714451925213,0.01914625452009652,ATP5MF,ns
9552,0.221351645268971,0.0615335778768121,SPAG7,ns
9553,0.39855745863189274,0.0022821139405340353,MRPL33,ns
9554,0.9237210601864536,0.00019878181413157225,SEC22B,up
9555,0.09851463322857867,0.5722842749175737,MACROH2A1,ns
9556,0.2172868529581713,0.17674885391938303,ATP5MJ,ns
9557,-0.0034894862188608045,0.9811786306584043,CHD1L,ns
9559,0.37243191471043424,0.029366893429735218,VPS26A,ns
9560,-0.32993515148163954,0.5298383922945766,CCL4L2,ns
9562,0.777020723622627,0.01146054276724462,MINPP1,up
9563,-0.7227354194537536,0.001746687486232764,H6PD,down
9564,0.7676229803836057,0.003816743073197943,BCAR1,up
9567,0.5802755938334414,0.002372883290543346,GTPBP1,up
95681,0.3628801441485159,0.028545186016336578,CEP41,ns
957,0.22191886297271424,0.23140078838696723,ENTPD5,ns
9570,0.594907631221826,0.0012227880000477715,GOSR2,up
9572,-1.3338367674628975,0.0010697036455297744,NR1D1,down
9575,-0.19803097538790304,0.18299176996307365,CLOCK,ns
9576,0.9735372866170131,8.997451846621175e-05,SPAG6,up
9577,-0.35473382075647386,0.011208395142810235,BABAM2,ns
9578,-0.1318854740686941,0.5644680235298778,CDC42BPB,ns
958,0.04736415791749593,0.8672234510026491,CD40,ns
9580,-0.990472723808117,0.002574626165270468,SOX13,down
9581,0.2871794143432336,0.39118731798767875,PREPL,ns
9582,2.336539535651733,0.006921865540630093,APOBEC3B,up
9583,0.29086598231903515,0.03924707982526209,ENTPD4,ns
9584,-0.30870960380884505,0.09051337148406555,RBM39,ns
9585,1.1464392728331898,0.000984637493640517,KIF20B,up
9586,-0.7301122692691884,0.2773195382600481,CREB5,ns
9587,0.4916131146710976,0.01657192036334331,MAD2L1BP,ns
9588,-0.030023645016427736,0.784984353871315,PRDX6,ns
9589,0.03498744556312339,0.7822171385574984,WTAP,ns
959,-0.3535173733713064,0.42084022553738104,CD40LG,ns
9590,-0.7905991072398013,0.0387719881131856,AKAP12,down
9592,-0.8757770515896706,0.20899659651733776,IER2,ns
9595,0.10273960215555711,0.6409932385894301,CYTIP,ns
960,-0.8451911853373684,0.001051589899551323,CD44,down
9600,-0.6753174847971337,0.006048814696636869,PITPNM1,down
9601,2.1907552198771736,0.0002422562514611605,PDIA4,up
9603,0.08526303986984018,0.7925382978769007,NFE2L3,ns
9604,0.28173347777289237,0.1337811916886478,RNF14,ns
9605,-0.04324655408955458,0.9406915200165855,VPS9D1,ns
9609,-0.006306271903063987,0.9867734484342849,RAB36,ns
961,-0.24689465034474267,0.20407766304284966,CD47,ns
9610,0.08121224585280729,0.8796181696590153,RIN1,ns
9611,0.20777555416011495,0.3033474339620029,NCOR1,ns
9612,-0.4834684011680821,0.060530430642271885,NCOR2,ns
9616,0.03395763285176656,0.8246393462499819,RNF7,ns
9617,0.2512087357400761,0.07801751196761914,MTRF1,ns
9618,0.03197965158997462,0.9448957788600547,TRAF4,ns
9619,-0.08079166166687379,0.779497455041104,ABCG1,ns
962,-0.42674906423430414,0.001368573466903208,CD48,ns
9620,-0.19537777923511968,0.36983930665464393,CELSR1,ns
9623,-0.6345237890453888,0.13655048928073352,TCL1B,ns
9625,-0.6341259819962453,0.36634129811425387,LMTK1,ns
9628,-0.7347602709723411,0.038833017460408334,RGS6,down
963,0.18057101581849722,0.35540366986364635,CD53,ns
9631,0.6684917261127659,0.015697198047093824,NUP155,up
9632,0.6402737788075186,0.0003970406152398764,SEC24C,up
9633,-0.43917331316821073,0.03540673555560982,TESMIN,ns
9636,2.423282943429843,0.001651879395081817,ISG15,up
9637,-0.012698820624322593,0.9655211739227709,FEZ2,ns
9638,-0.9881837295505544,0.0022664564264950793,FEZ1,down
9639,-0.26127963986409775,0.48712543757128474,ARHGEF10,ns
9640,-0.4194406000815203,0.026590664124604754,ZNF592,ns
9641,0.4389849006383706,0.006329227802934004,IKBKE,ns
9643,0.9044124906373092,0.0015686575543359849,MORF4L2,up
9644,0.1086413200381422,0.6780393401059228,SH3PXD2A,ns
9645,-1.1938691000468342,0.0032326704524077107,MICAL2,down
96459,-0.05868021572211113,0.8669729274035038,FNIP1,ns
9646,0.3843618406299605,0.17886820734398803,CTR9,ns
9647,-1.0962863182709839,0.005094965373330281,PPM1F,down
9648,-0.11395001247891301,0.5267114022584409,GCC2,ns
9649,-0.48164845397545264,0.01102625100753272,RALGPS1,ns
965,-0.11818194250980696,0.6401998945224388,CD58,ns
9650,0.6968101154647464,0.0006820854143939174,MTFR1,up
9651,-1.2003019228945107,0.0040710320908890155,PLCH2,down
9652,0.3307493149073846,0.19691099306529453,SKIC3,ns
9653,0.3316261541119889,0.20614817315707112,HS2ST1,ns
9654,-0.18332163375417387,0.4449302597184585,TTLL4,ns
9655,-0.49555332110516304,0.0010151033442273012,SOCS5,ns
9656,0.10907650624013066,0.6449466393342366,MDC1,ns
9657,0.5775361767315781,0.007944704505408434,IQCB1,ns
9658,-0.7898670039215965,0.07591230088675967,ZNF516,ns
9659,-0.06811013298444912,0.7067677139235113,PDE4DIP,ns
966,0.9450097740005372,0.006060577331372909,CD59,up
9662,0.04197898991258597,0.8017311019867048,CEP135,ns
9663,-0.3759718059938457,0.12961096219043078,LPIN2,ns
9665,-0.4731967852324246,0.003326781615391327,MARF1,ns
9666,0.1322158407959968,0.6101007040641296,DZIP3,ns
9667,0.10000060188302129,0.41604548241299555,SAFB2,ns
9668,0.06226300987151223,0.7300559748324948,ZNF432,ns
9669,1.020422594503767,0.0005451532213971628,EIF5B,up
967,-0.030232662940537836,0.8976300951140314,CD63,ns
9670,0.30238245638144967,0.05795994854664669,IPO13,ns
9671,-0.4485664799317606,0.02153620231362751,WSCD2,ns
9672,1.4633526858677692,0.013948925981351239,SDC3,up
9673,0.19896684136003806,0.4664231476773376,SLC25A44,ns
9674,0.4822429066832328,0.05060420459362497,KIAA0040,ns
9675,0.3752897652135392,0.014607035198415606,TTI1,ns
96764,0.20037566767615544,0.341392863768455,TGS1,ns
9677,0.07808814611281889,0.5672677361219449,PPIP5K1,ns
9678,0.21885809153326008,0.1530411389751892,PHF14,ns
9679,-0.8040216737148285,0.0005454314459567636,FAM53B,down
968,-0.5058327761526886,0.2983949880909241,CD68,ns
9681,0.0930102022941135,0.34094613367405174,DEPDC5,ns
9682,0.5168946441215247,0.015219866652006668,KDM4A,ns
9683,0.18114816295010705,0.4846848384185077,N4BP1,ns
9684,-0.3379017456324309,0.04244300056611623,LRRC14,ns
9685,0.793418584335134,0.003057462028516249,CLINT1,up
9686,-0.4706965752243324,0.0022288171302609497,VGLL4,ns
9687,0.39893055229374585,0.2750354073662593,GREB1,ns
9688,0.17314103274080317,0.22056815811755184,NUP93,ns
9689,0.13805137695961633,0.550265082185493,BZW1,ns
969,-0.4266631293262044,0.5775337188764508,CD69,ns
9690,-0.04446057801871639,0.727315376202992,UBE3C,ns
9692,0.3786442433530901,0.04307470195552012,PRORP,ns
9693,0.45869171628619654,0.04098477107264349,RAPGEF2,ns
9694,0.9049917267010832,0.0005837516426451592,EMC2,up
9695,1.0578349985801125,0.005102297449262137,EDEM1,up
9696,-0.6505638193666634,0.002637399399942465,CROCC,down
9697,1.603889927205799,0.0022491823486376944,TRAM2,up
9698,-0.11387240896781847,0.48847143038265356,PUM1,ns
97,0.032964339786858865,0.8676860104216398,ACYP1,ns
970,0.8754003837921465,0.010802995422267252,CD70,up
9700,2.6375891412578953,3.64271471061187e-05,ESPL1,up
9701,-0.1098285384534261,0.34077299519053617,PPP6R2,ns
9702,0.12877942077196458,0.42900863453952304,CEP57,ns
9703,0.046298387528434404,0.7183851070650721,BLTP2,ns
9704,-0.3431542323961132,0.4583578255099516,DHX34,ns
9706,-0.8109771008649442,0.008908765133197043,ULK2,down
9709,0.24116211746382632,0.4473213148878475,HERPUD1,ns
971,-0.3813703959139305,0.2424806891777598,CD72,ns
9710,-0.8619973715033868,3.490240435663177e-05,GARRE1,down
9711,0.3412028091262673,0.030784123287930558,RUBCN,ns
9712,0.1441584708951673,0.49032617118645727,USP6NL,ns
9715,-0.7294867269440273,0.001861208570868965,FAM131B,down
9716,0.2125433512375423,0.3629794141207084,AQR,ns
9717,-1.2579932865011019,0.005000744504638646,SEC14L5,down
972,-0.9686969284251106,0.006539734256549179,CD74,down
9720,-0.08930873861822253,0.8099004943620195,CCDC144A,ns
9722,0.3214646807991848,0.11300251941960139,NOS1AP,ns
9723,0.281889337488483,0.4341453276039792,SEMA3E,ns
9724,0.6555447352293271,0.05708617700727561,UTP14C,ns
9725,-0.441780105174864,0.019075414804042453,TMEM63A,ns
9726,-0.14192163717148532,0.48439760264517884,ZNF646,ns
9727,-0.43724610611348247,0.0064737984425948265,RAB11FIP3,ns
9728,-0.053304180115848254,0.8136155382932015,SECISBP2L,ns
973,-0.3019368531291331,0.5488261545102974,CD79A,ns
9730,0.18414855131786823,0.41507223089527,DCAF1,ns
9731,-0.07542924212228641,0.407964445173054,CEP104,ns
9732,0.3314045356399875,0.5352260588356543,DOCK4,ns
9733,0.5172038672889201,0.035210500735564816,SART3,ns
9734,-0.04289119054221935,0.8270547758665828,HDAC9,ns
9735,1.4263802980558307,0.00021233978786084682,KNTC1,up
9736,-0.3839014759898305,0.004702243208753102,USP34,ns
9737,-0.5151847231759872,0.20928950050203424,GPRASP1,ns
9738,0.25692525926197796,0.20461354563117187,CCP110,ns
9739,-0.4532820866575147,0.02372713989370687,SETD1A,ns
974,-0.28135582977448337,0.41450612830246525,CD79B,ns
9741,-0.5121991828551131,0.019054068911457514,LAPTM4A,ns
9742,-0.3316537498593002,0.09649757111724369,IFT140,ns
9743,-1.1315308463060934,0.00019011590897792896,ARHGAP32,down
9744,-0.08904786305331847,0.5896379929083133,ACAP1,ns
9746,-0.7095992311378829,0.016048160131401628,CLSTN3,down
9747,-0.5397002542930656,0.052566430351958196,TCAF1,ns
9748,-0.3753135247139827,0.08376148207111526,SLK,ns
9749,0.032548646452260854,0.9404134811609622,PHACTR2,ns
975,-0.1161921342693919,0.5566830331189795,CD81,ns
9750,-0.2647567418421577,0.2719006342187382,RIPOR2,ns
9751,-0.5853516223123716,0.026590664124604754,SNPH,down
9753,0.07792834944979177,0.6937252228235391,ZSCAN12,ns
9754,0.1174166482057446,0.7658988483812191,STARD8,ns
9755,-0.5735493491483208,0.239498492580104,TBKBP1,ns
9757,-0.3324134445156641,0.1374562384582496,KMT2B,ns
9759,-0.01601435050387856,0.9573942990789279,HDAC4,ns
976,-0.4528053434481336,0.18541502779772379,ADGRE5,ns
9760,-0.5655172996736102,0.04951121926483584,TOX,ns
9761,1.2914410764209219,0.0006935250723316934,MLEC,up
9762,-0.5715635386913718,0.14106738151817855,LZTS3,ns
9764,-0.6413475756161162,0.040054415146139076,KIAA0513,down
9765,0.009067743921320925,0.978084995329762,ZFYVE16,ns
9766,-0.7140212711951008,0.016860547150225492,SUSD6,down
9767,0.23589192200027842,0.07688172848465721,JADE3,ns
9768,2.467517639392786,8.172476602512086e-05,PCLAF,up
977,-0.37260470555001923,0.41267048762560415,CD151,ns
9770,-0.5859288080966447,0.08451664660131372,RASSF2,ns
9771,0.9794979780835176,0.023061506165150607,RAPGEF5,up
9772,-0.21380848425091337,0.22495639233266146,TMEM94,ns
9774,-0.2205214091870218,0.28816840283610873,BCLAF1,ns
9775,0.6129233838471322,0.0021772325626680396,EIF4A3,up
9776,-0.031508748028025835,0.7871892292715049,ATG13,ns
9777,0.12107903726526636,0.5550163733229422,TM9SF4,ns
9778,-0.6454650962957551,0.009366509328336417,KIAA0232,down
9779,-0.3523589018301827,0.009688214854225129,TBC1D5,ns
978,-0.6843026565289865,0.21878519476990138,CDA,ns
9780,0.09866441886889987,0.4844448961236501,PIEZO1,ns
9781,-1.002574836882565,0.00012776064915085016,RNF144A,down
9782,0.13190673663342523,0.4416607917243193,MATR3,ns
9783,-0.5202137726510614,0.0061106466364228415,RIMS3,ns
9784,0.03115277862673871,0.8365380667578006,SNX17,ns
9785,0.3930521209536515,0.00683129602582785,DHX38,ns
9786,-0.022585923025539856,0.9087632579464476,KIAA0586,ns
9787,2.8897034099673595,5.224441203888624e-05,DLGAP5,up
9788,-0.7941211631669418,0.010398420189911743,MTSS1,down
9789,1.272323910248918,0.0014641845629171579,SPCS2,up
9790,0.4305418252793114,0.03879386521800005,BMS1,ns
9791,-0.3261099544394579,0.0036908002006860916,PTDSS1,ns
9792,-1.0281804529508278,0.0012547428422051959,SERTAD2,down
9793,0.8371610846678497,0.02772101174824392,CKAP5,up
9794,-0.04032987316259451,0.8654459865509332,MAML1,ns
9797,-0.02771946760829813,0.7660174559540314,TATDN2,ns
9798,0.03848858884330042,0.8032358337967012,IST1,ns
98,0.06315036488603898,0.6984844569130912,ACYP2,ns
9801,0.6076104223695058,0.01177292462962582,MRPL19,up
9802,-0.5784871458374994,0.02589944606832032,DAZAP2,ns
9804,-0.5280363822589447,0.0026675888406848245,TOMM20,ns
9805,-0.31137835696809546,0.04937808055650369,SCRN1,ns
9806,-0.712376716316232,0.010748376759936772,SPOCK2,down
9807,0.048638287134274094,0.7775538146009238,IP6K1,ns
9810,0.2042354790354839,0.10545018610166156,RNF40,ns
9811,-0.2033715715660671,0.3591644091821879,CTIF,ns
9812,-0.6169854824282748,0.001198266978935594,DELE1,down
9813,-0.294320751318784,0.07279233468052412,EFCAB14,ns
9814,-0.3284962285224218,0.04665685780861004,SFI1,ns
9815,-0.27090846077577524,0.1236282844619547,GIT2,ns
9816,0.17601172801124854,0.31479051892842086,URB2,ns
9817,0.881617171664093,0.00036236998845626766,KEAP1,up
9818,0.6032763560216097,0.007878294539710012,NUP58,up
9819,-0.7215658841466634,0.015154909099328847,TSC22D2,down
9820,0.5290461841794372,0.004547465340996534,CUL7,ns
9821,-0.08614994487590089,0.6386596162149716,RB1CC1,ns
9823,0.2203118699284481,0.36885514235044475,ARMCX2,ns
9824,1.5156787123430382,0.0006685867638285062,ARHGAP11A,up
9825,-0.26859587618942093,0.5686302291575329,SPATA2,ns
9826,-0.3037092508811874,0.4670316447624634,ARHGEF11,ns
9827,0.07957071677187955,0.5767641296797918,RGP1,ns
9828,-0.030857984642241654,0.9227477887980828,ARHGEF17,ns
9829,0.04590093597464584,0.8071085238732778,DNAJC6,ns
983,2.7329265785602166,4.796297124689089e-05,CDK1,up
9830,0.22206245036002414,0.3507985076567897,TRIM14,ns
9831,-0.2217810364769388,0.1981096143584224,ZNF623,ns
9832,-0.796737265313384,0.00699361119400908,JAKMIP2,down
9833,2.4194381081922502,6.191329987257926e-05,MELK,up
9836,0.4069497051120745,0.10636661058829583,LCMT2,ns
9837,2.139643812422351,6.171290680256915e-05,GINS1,up
9839,-0.7287971786048484,0.038281551986935954,ZEB2,down
984,0.2877947914503949,0.05598167509777454,CDK11B,ns
9840,-0.5311764422064709,0.05160334360150065,TESPA1,ns
9841,-0.269486327624886,0.0036802600953717603,ZBTB24,ns
9842,-0.3449002946820059,0.2298162586376943,PLEKHM1,ns
9844,0.10909637161688224,0.42204897244540696,ELMO1,ns
9846,-0.6577270437031082,0.16116461152228528,GAB2,ns
9847,0.3887356132798274,0.1555560389755065,C2CD5,ns
9848,-1.6793802412780847,0.00036698315110282755,MFAP3L,down
9849,-0.24242842880914495,0.10872357295544036,ZNF518A,ns
9851,-0.4368751151352992,0.00038199374148800117,KIAA0753,ns
9852,-0.1310113749943902,0.36802255883032703,EPM2AIP1,ns
9853,-0.43843856144071225,0.27504343072550147,RUSC2,ns
9854,-0.1569070636695642,0.5511413935420576,C2CD2L,ns
9855,0.23999188800979532,0.10711010057372994,FARP2,ns
9856,-0.4611195668309209,0.28495367236365327,KIAA0319,ns
9857,0.043166030209755846,0.8440709425644884,CEP350,ns
9858,-0.21778923409343953,0.3401475356388756,PPP1R26,ns
9859,-0.26977336274231867,0.15553056583718175,CEP170,ns
9860,-0.16547474961012476,0.32355928999778205,LRIG2,ns
9861,0.5200848368271842,0.0010972135959508617,PSMD6,ns
9862,0.5191348367428912,0.0015404455916350846,MED24,ns
9863,-0.1448528169338026,0.5897668079436236,MAGI2,ns
9866,-0.2697031860800081,0.19606174494589504,TRIM66,ns
9867,0.010917033295823941,0.9660678351717591,PJA2,ns
9868,0.5576824793960995,0.03829831175106885,TOMM70,ns
9869,-0.114584529910843,0.39306589543188447,SETDB1,ns
987,-0.09103261615643987,0.7295666363981682,LRBA,ns
9870,-0.02836038325444612,0.8845276931933568,AREL1,ns
9871,1.4803723594398335,0.00016378738109175566,SEC24D,up
9873,0.23515381493374043,0.2442163260093626,FCHSD2,ns
9874,-0.025801136053296148,0.8653850872400463,TLK1,ns
9875,0.46968245318164925,0.018714192614288184,URB1,ns
9877,-0.049736852256831554,0.703517683777261,ZC3H11A,ns
9878,0.10664718693252517,0.3258158497742582,TOX4,ns
9879,0.10655254984844476,0.3815647686539099,DDX46,ns
988,0.3583478807840219,0.057612464241301925,CDC5L,ns
9880,-0.40298739158040053,0.019085980716627128,ZBTB39,ns
9881,0.173986077146024,0.6233190934688582,TRANK1,ns
9882,-0.593549289676119,0.04044043712480948,TBC1D4,down
9883,-0.33471643829469144,0.062073169139486434,POM121,ns
9884,-0.2952641603238968,0.10486756265837534,LRRC37A,ns
9885,-0.07071903148922587,0.7485331336940655,OSBPL2,ns
9886,-0.6630041760626817,0.09992184155901418,RHOBTB1,ns
9887,0.18753841387330716,0.10665804320382313,SMG7,ns
9889,-0.21441918390122083,0.039602936192662946,ZBED4,ns
989,-0.3527015681690333,0.02227714137610071,SEPTIN7,ns
9891,-1.1536213364506702,0.014526670064442781,NUAK1,down
9894,-0.03769372668855908,0.7958187332885632,TELO2,ns
9895,-0.15340020215257155,0.7309191823726953,TECPR2,ns
9896,-0.21495086535842667,0.2638453427962112,FIG4,ns
9897,0.35099609128030274,0.041471978579902,WASHC5,ns
9898,0.0812106843603253,0.6888760011913998,UBAP2L,ns
9899,-0.007427723120302154,0.9829789205685083,SV2B,ns
990,2.7811009913517593,4.6921393827400806e-05,CDC6,up
9900,-0.34724373741287096,0.0651365654935061,SV2A,ns
9901,-0.06310240345094265,0.7760519616568663,SRGAP3,ns
9902,-0.21224184253624223,0.2768584925951734,MRC2,ns
9903,-0.3579950530185201,0.058377843285998966,KLHL21,ns
9904,0.20851687115559514,0.06287429038349496,RBM19,ns
9905,-0.48510426602141443,0.06690198429459122,SGSM2,ns
9906,-0.2950662888655362,0.5933266752455594,SLC35E2A,ns
9907,0.04354308119620143,0.8607343753635796,AP5Z1,ns
9908,0.35082017498655915,0.15585601905361302,G3BP2,ns
9909,-0.26980661556217456,0.16464632915922972,DENND4B,ns
991,2.99704080237779,4.067569541545726e-05,CDC20,up
9910,-0.26107819644384556,0.13514294447383024,RABGAP1L,ns
9911,-0.38329065358112047,0.4937084092525647,TMCC2,ns
9912,1.0180595865433633,0.0009867710336168233,ARHGAP44,up
9913,0.23678242801055305,0.06656740770014935,SUPT7L,ns
9914,0.049473029340661334,0.84873505931869,ATP2C2,ns
9917,-0.16899504524774045,0.37104877341510584,FAM20B,ns
9918,0.5217150628003573,0.018668729656481378,NCAPD2,ns
9919,0.16255666132574653,0.3211213621367252,SEC16A,ns
9920,-0.6379530241483558,0.014045570158679865,KBTBD11,down
9921,0.10899189287294675,0.6384487390801857,RNF10,ns
9922,-0.06727252342721712,0.7981894865687058,IQSEC1,ns
9923,-0.1629112733070368,0.16432373409013917,ZBTB40,ns
9924,0.2154198021550453,0.12370410268230748,PAN2,ns
9925,-0.33496396932421213,0.15757621024143514,ZBTB5,ns
9926,-0.4995562215390503,0.051453314213120244,LPGAT1,ns
9927,0.10377598486186201,0.4448037695169021,MFN2,ns
9928,2.2022368289886307,6.171290680256915e-05,KIF14,up
9929,-0.5005663427700426,0.08586287926454338,JOSD1,ns
993,2.3374966112934805,9.425908356758546e-05,CDC25A,up
9931,0.012670140612053515,0.9515798298341435,HELZ,ns
9933,0.7887090291935746,0.0008768987351975684,PUM3,up
9934,-0.7162422238222934,0.11731025821494707,P2RY14,ns
9935,0.10746969416287655,0.8709940351600409,MAFB,ns
9936,-1.5603389938962806,0.002734304232918881,CD302,down
9937,0.7496444477089401,0.002303390960704777,DCLRE1A,up
9938,-0.3603868833744208,0.0941451134244738,ARHGAP25,ns
9939,0.08024757464770182,0.5889472283988229,RBM8A,ns
994,0.1479115714373549,0.5308479192566548,CDC25B,ns
9940,-1.1992341265523265,4.6921393827400806e-05,DLEC1,down
9941,0.20652289082707842,0.3141508536917031,EXOG,ns
9942,0.18430663427119498,0.39011651387804924,XYLB,ns
9943,-0.002426071114527417,0.9894164842272747,OXSR1,ns
9945,-0.03140942710329053,0.9305185674401664,GFPT2,ns
9946,0.2345042378093236,0.03485109654520017,CRYZL1,ns
9948,-0.03477545651396774,0.7831840222998946,WDR1,ns
9949,-0.17452838716340224,0.21231657797356215,AMMECR1,ns
995,1.6193200030473678,4.783030084369141e-05,CDC25C,up
9950,0.35815995740546924,0.022781908089119847,GOLGA5,ns
9953,-0.45722218396939684,0.09543790592842669,HS3ST3B1,ns
9957,-0.48872234995788233,0.06512075042496478,HS3ST1,ns
9958,0.12156422928224409,0.7451392777162411,USP15,ns
996,0.7045997349791371,0.00024572181028597874,CDC27,up
9960,-0.17316390623097,0.25800905648623623,USP3,ns
9961,0.23958196767299356,0.2945890631267813,MVP,ns
9962,-0.49254005821106084,0.0014752902802298035,SLC23A2,ns
9963,0.3500747669570847,0.19478487441773454,SLC23A1,ns
9966,0.7994378391380126,0.05960528869843714,TNFSF15,ns
9967,0.4025655099928507,0.050495810958403324,THRAP3,ns
9968,-0.23794975673368768,0.23560794439457247,MED12,ns
9969,-0.16465052114585177,0.35395063362372553,MED13,ns
997,-0.19103500349203273,0.3277321596296624,CDC34,ns
9972,0.0644238882579593,0.6944267166093722,NUP153,ns
9973,-0.0978117889380723,0.5165497987586831,CCS,ns
9975,-0.8685926539300937,0.0093331703393706,NR1D2,down
9976,-0.37965264164902024,0.3125630794712399,CLEC2B,ns
9978,0.7680745606754211,0.0009264688811748349,RBX1,up
998,-0.15073350774143712,0.1266378479047319,CDC42,ns
9980,-0.589278003997963,0.006227560954719711,DOP1B,down
9984,0.5453837435396531,0.010112882687703176,THOC1,ns
9985,0.9807322898757143,0.004757599806785824,REC8,up
9986,-0.12851624292005148,0.5753548360608591,RCE1,ns
9987,-0.19687524298090153,0.32824261809825617,HNRNPDL,ns
9988,-0.10523803381661878,0.49687919657640894,DMTF1,ns
9989,-0.5051172119680203,0.1745273191617267,PPP4R1,ns
999,0.9228116786659832,0.0035801199609601115,CDH1,up
9990,-0.2760695029690048,0.2733261675129456,SLC12A6,ns
9991,-0.37345695068175466,0.06836886163133399,PTBP3,ns
9993,-0.12573174310922042,0.55934178077809,DGCR2,ns
9994,-0.13479430788877522,0.5739602396663773,CASP8AP2,ns
9997,0.6165694136354265,0.35430323944878606,SCO2,ns
