"cell_id","UMAP_1","UMAP_2","monocle3_pseudotime","condition","infection_state","monocle3_cluster","monocle3_partition"
"GSM2992421",0.777358949184418,-1.7652176618576,7.73298238110343e-07,"Control","Bystander_DENV","1","1"
"GSM2992422",0.845706939697266,-2.6587085723877,0.0386801836957738,"Control","Bystander_DENV","1","1"
"GSM2992423",-3.02313637733459,-2.01792430877686,0.0550584693448812,"Control","Bystander_DENV","1","1"
"GSM2992424",-0.0686640813946724,-1.55600476264954,0.59840088199512,"Control","Bystander_DENV","1","1"
"GSM2992425",1.26032829284668,-2.27573442459106,0.063095764582588,"Control","Bystander_DENV","1","1"
"GSM2992426",1.02517485618591,-2.14595437049866,0.250270422712423,"Control","Bystander_DENV","1","1"
"GSM2992427",-1.75153374671936,0.744381606578827,5.4130876667724e-06,"Control","Bystander_DENV","1","1"
"GSM2992428",1.072380900383,-2.21462106704712,0.317322157962687,"Control","Bystander_DENV","1","1"
"GSM2992429",-0.0611372627317905,-2.02838659286499,0.592429152595598,"Control","Bystander_DENV","1","1"
"GSM2992430",1.30985164642334,-2.33545613288879,0.0630960223486674,"Control","Bystander_DENV","1","1"
"GSM2992431",0.68814343214035,-2.37867832183838,0.160775034883673,"Control","Bystander_DENV","1","1"
"GSM2992432",0.781774818897247,-2.19906282424927,0.0928838753409825,"Control","Bystander_DENV","1","1"
"GSM2992433",0.27043741941452,-2.67370247840881,0.261908634201638,"Control","Bystander_DENV","1","1"
"GSM2992434",1.04671382904053,-2.50971388816833,0.0630962801147468,"Control","Bystander_DENV","1","1"
"GSM2992435",1.13250255584717,-2.77559757232666,0.0630965378808261,"Control","Bystander_DENV","1","1"
"GSM2992436",-0.232263326644897,-2.22258329391479,0.0579195847660801,"Control","Bystander_DENV","1","1"
"GSM2992437",1.27665400505066,-2.38836097717285,0.0630967956469055,"Control","Bystander_DENV","1","1"
"GSM2992438",1.16802322864532,-2.50849294662476,0.0630970534129849,"Control","Bystander_DENV","1","1"
"GSM2992439",0.769668698310852,-2.0275890827179,0.125264787491952,"Control","Bystander_DENV","1","1"
"GSM2992440",-0.508573710918427,-2.46511960029602,0.269770880462774,"Control","Bystander_DENV","1","1"
"GSM2992441",0.873643100261688,-2.24509787559509,0,"Control","Bystander_DENV","1","1"
"GSM2992442",1.1703028678894,-2.16870808601379,0.279496239219148,"Control","Bystander_DENV","1","1"
"GSM2992443",0.559816539287567,-1.67913544178009,5.15532158740228e-07,"Control","Bystander_DENV","1","1"
"GSM2992444",0.671438038349152,-2.29523849487305,0.145716925544984,"Control","Bystander_DENV","1","1"
"GSM2992445",1.98337137699127,-1.98397433757782,0.149980385911729,"Control","Bystander_DENV","1","1"
"GSM2992446",0.58287101984024,-2.45145964622498,0.0512753728170494,"Control","Bystander_DENV","1","1"
"GSM2992447",0.468579113483429,-1.89844930171967,0.0521816441947263,"Control","Bystander_DENV","1","1"
"GSM2992448",1.17460632324219,-2.42403984069824,0.0630973111790643,"Control","Bystander_DENV","1","1"
"GSM2992449",0.805014133453369,-2.83055973052979,0.0845140496006195,"Control","Bystander_DENV","1","1"
"GSM2992450",0.522315859794617,-2.23215198516846,0.00533786649056445,"Control","Bystander_DENV","1","1"
"GSM2992451",1.68814063072205,-2.28890800476074,0.0630975689451436,"Control","Bystander_DENV","1","1"
"GSM2992452",0.429608702659607,-1.90989780426025,0.0996522867005448,"Control","Bystander_DENV","1","1"
"GSM2992453",-0.72211092710495,-1.52771484851837,0.843280792109888,"Control","Bystander_DENV","1","1"
"GSM2992454",0.587620913982391,-2.82314991950989,0.0470649975900078,"Control","Bystander_DENV","1","1"
"GSM2992455",0.645713925361633,-2.31627464294434,0.11888068782506,"Control","Bystander_DENV","1","1"
"GSM2992456",1.65380585193634,-2.67773675918579,0.063097826711223,"Control","Bystander_DENV","1","1"
"GSM2992457",0.982676208019257,-1.40534543991089,2.57766079370114e-07,"Control","Bystander_DENV","1","1"
"GSM2992458",0.820750415325165,-2.86948370933533,0.0693612597826262,"Control","Bystander_DENV","1","1"
"GSM2992459",-2.48630094528198,-2.31600046157837,0.0777453077617052,"Control","Bystander_DENV","1","1"
"GSM2992460",0.893299460411072,-1.84799802303314,0,"Control","Bystander_DENV","1","1"
"GSM2992461",0.245645672082901,-2.58250331878662,0.286478178751032,"Control","Bystander_DENV","1","1"
"GSM2992462",0.853868663311005,-2.90933132171631,0.0364443668767384,"Control","Bystander_DENV","1","1"
"GSM2992463",0.749004900455475,-1.6690536737442,2.57766079370114e-07,"Control","Bystander_DENV","1","1"
"GSM2992464",1.88567471504211,-2.90174746513367,0.0630980844773024,"Control","Bystander_DENV","1","1"
"GSM2992465",1.21802532672882,-2.12488675117493,0.240918081091069,"Control","Bystander_DENV","1","1"
"GSM2992466",-0.5471071600914,-2.27387928962708,0.227079172490159,"Control","Bystander_DENV","1","1"
"GSM2992467",0.722350239753723,-2.21465301513672,0.154072547246593,"Control","Bystander_DENV","1","1"
"GSM2992468",1.09203660488129,-2.71662592887878,0.0630983422433817,"Control","Bystander_DENV","1","1"
"GSM2992469",1.02118933200836,-2.22584414482117,0.325093599948504,"Control","Bystander_DENV","1","1"
"GSM2992470",0.923546969890594,-2.86940908432007,0.0358298720995937,"Control","Bystander_DENV","1","1"
"GSM2992471",1.13410198688507,-1.84515726566315,5.15532158740228e-07,"Control","Bystander_DENV","1","1"
"GSM2992472",-2.26815223693848,-0.206450998783112,0.778109053962431,"Control","Bystander_DENV","1","1"
"GSM2992473",1.86119365692139,-2.46876811981201,0.0630986000094611,"Control","Bystander_DENV","1","1"
"GSM2992474",1.57744228839874,-1.99628138542175,0.139572479641423,"Control","Bystander_DENV","1","1"
"GSM2992475",-0.0971355140209198,-1.56362354755402,0.626992679661038,"Control","Bystander_DENV","1","1"
"GSM2992476",0.607172846794128,-1.93146455287933,0.0261840525850808,"Control","Bystander_DENV","1","1"
"GSM2992477",1.55560874938965,-1.85595107078552,0.00658201710218609,"Control","Bystander_DENV","1","1"
"GSM2992478",-0.17626941204071,-2.35152077674866,0,"Control","Bystander_DENV","1","1"
"GSM2992479",0.736424267292023,-2.64239931106567,0.15010929318116,"Control","Bystander_DENV","1","1"
"GSM2992480",1.92188370227814,-1.79268670082092,7.73298238110343e-07,"Control","Bystander_DENV","1","1"
"GSM2992481",0.590971112251282,-1.98382997512817,0.0709762201241879,"Control","Bystander_DENV","1","1"
"GSM2992482",1.56949031352997,-2.03394079208374,0.174514903238176,"Control","Bystander_DENV","1","1"
"GSM2992483",1.02240085601807,-1.68185341358185,1.03106431748046e-06,"Control","Bystander_DENV","1","1"
"GSM2992484",-0.808024346828461,-1.3982036113739,0.92170751509241,"Control","Bystander_DENV","1","1"
"GSM2992485",0.616732597351074,-2.11829733848572,0.0940561348954664,"Control","Bystander_DENV","1","1"
"GSM2992486",0.990684270858765,-1.9619779586792,0.0755986428791885,"Control","Bystander_DENV","1","1"
"GSM2992487",1.2947301864624,-2.17819023132324,0.295136269732182,"Control","Bystander_DENV","1","1"
"GSM2992488",-0.608892917633057,-2.21356964111328,0.165433760699584,"Control","Bystander_DENV","1","1"
"GSM2992489",-1.64091539382935,0.554765820503235,5.15532158740228e-06,"Control","Bystander_DENV","1","1"
"GSM2992490",3.94669127464294,1.77914094924927,0.21333512484718,"Control","Bystander_DENV","2","2"
"GSM2992491",-1.32759392261505,-0.31866666674614,0.0146278996057245,"Control","Bystander_DENV","1","1"
"GSM2992492",-3.05853629112244,1.21688604354858,4.89755550803217e-06,"Control","Bystander_DENV","1","1"
"GSM2992493",-1.41101765632629,-0.413552463054657,0.0146281573718039,"Control","Bystander_DENV","1","1"
"GSM2992494",0.792139112949371,-2.34648466110229,0.0858757833545851,"Control","Bystander_DENV","1","1"
"GSM2992495",-3.62114381790161,0.400392800569534,0.0529349821119387,"Control","Bystander_DENV","1","1"
"GSM2992496",-1.51129770278931,-1.82675623893738,0.140375586715865,"Control","Bystander_DENV","1","1"
"GSM2992497",-2.52545499801636,-0.179787933826447,0.717657455341363,"Control","Bystander_DENV","1","1"
"GSM2992498",0.533524751663208,-2.27675008773804,0.00504398596743638,"Control","Bystander_DENV","1","1"
"GSM2992499",-2.08677911758423,0.143724769353867,0.76570640047982,"Control","Bystander_DENV","1","1"
"GSM2992500",-1.87047016620636,-0.382959634065628,0.0362813874425314,"Control","Bystander_DENV","1","1"
"GSM2992501",-3.40380620956421,-0.208323895931244,0.119473995587589,"DENV","Bystander_DENV","1","1"
"GSM2992502",-2.96415495872498,-1.6804416179657,0.0291037675390315,"DENV","High_DENV","1","1"
"GSM2992503",-4.48753929138184,0.155432894825935,0.649065339656831,"DENV","Low_DENV","1","1"
"GSM2992504",-3.1930718421936,0.218589469790459,0.032444967552718,"DENV","High_DENV","1","1"
"GSM2992505",1.05775797367096,-2.89555335044861,0.0630988577755405,"DENV","High_DENV","1","1"
"GSM2992506",1.8815450668335,-2.73474431037903,0.0630991155416198,"DENV","High_DENV","1","1"
"GSM2992507",1.85392987728119,-2.69478988647461,0.0630993733076992,"DENV","High_DENV","1","1"
"GSM2992508",1.51413977146149,-2.59707427024841,0.0630996310737786,"DENV","Low_DENV","1","1"
"GSM2992509",1.81749033927917,-2.93045043945312,0.063099888839858,"DENV","High_DENV","1","1"
"GSM2992510",1.31118273735046,-1.75144135951996,1.28883039685057e-06,"DENV","High_DENV","1","1"
"GSM2992511",0.869565069675446,-1.711021900177,1.54659647622069e-06,"DENV","High_DENV","1","1"
"GSM2992512",1.7303866147995,-3.00027799606323,0.0631001466059373,"DENV","High_DENV","1","1"
"GSM2992513",1.81862509250641,-2.90800857543945,0.0631004043720167,"DENV","High_DENV","1","1"
"GSM2992514",1.83045983314514,-3.00451421737671,0.0631006621380961,"DENV","High_DENV","1","1"
"GSM2992515",1.81733632087708,-2.43516707420349,0.0631009199041754,"DENV","High_DENV","1","1"
"GSM2992516",1.84249210357666,-2.45702576637268,0.0631011776702548,"DENV","High_DENV","1","1"
"GSM2992517",1.40238535404205,-2.65212488174438,0.0631014354363342,"DENV","Bystander_DENV","1","1"
"GSM2992520",1.31666707992554,-3.01566624641418,0.0631016932024135,"DENV","High_DENV","1","1"
"GSM2992521",1.62793743610382,-2.58484554290771,0.0631019509684929,"DENV","High_DENV","1","1"
"GSM2992522",1.8716756105423,-2.72783493995667,0.0631022087345723,"DENV","High_DENV","1","1"
"GSM2992523",1.57548189163208,-3.36962103843689,0.0631024665006517,"DENV","Bystander_DENV","1","1"
"GSM2992524",1.77430593967438,-2.28213906288147,0.063102724266731,"DENV","High_DENV","1","1"
"GSM2992526",1.53200364112854,-3.30591368675232,0.0631029820328104,"DENV","High_DENV","1","1"
"GSM2992527",1.74568474292755,-3.03038120269775,0.0631032397988898,"DENV","High_DENV","1","1"
"GSM2992528",1.75901937484741,-2.93970799446106,0.0631034975649691,"DENV","Bystander_DENV","1","1"
"GSM2992530",1.75516760349274,-2.45105838775635,0.0631037553310485,"DENV","High_DENV","1","1"
"GSM2992531",1.30684185028076,-3.04670095443726,0.0631040130971279,"DENV","High_DENV","1","1"
"GSM2992532",1.30778348445892,-2.99979877471924,0.0631042708632072,"DENV","Low_DENV","1","1"
"GSM2992533",1.79521822929382,-2.81224012374878,0.0631045286292866,"DENV","Low_DENV","1","1"
"GSM2992534",1.21786522865295,-2.84785342216492,0.063104786395366,"DENV","High_DENV","1","1"
"GSM2992535",1.36647248268127,-2.9985191822052,0.0631050441614454,"DENV","High_DENV","1","1"
"GSM2992536",1.44640696048737,-3.13846588134766,0.0631053019275247,"DENV","High_DENV","1","1"
"GSM2992537",1.63496935367584,-3.32848072052002,0.0631055596936041,"DENV","High_DENV","1","1"
"GSM2992538",1.49117159843445,-2.90655875205994,0.0631058174596835,"DENV","High_DENV","1","1"
"GSM2992540",1.56431245803833,-2.80912113189697,0.0631060752257628,"DENV","High_DENV","1","1"
"GSM2992541",1.72971260547638,-2.91762852668762,0.0631063329918422,"DENV","Bystander_DENV","1","1"
"GSM2992542",1.54349529743195,-3.36024689674377,0.0631065907579216,"DENV","High_DENV","1","1"
"GSM2992543",1.55827641487122,-2.98431968688965,0.0631068485240009,"DENV","High_DENV","1","1"
"GSM2992544",1.15808033943176,-2.92479515075684,0.0631071062900803,"DENV","High_DENV","1","1"
"GSM2992545",1.09293115139008,-3.01150822639465,0.0631073640561597,"DENV","High_DENV","1","1"
"GSM2992546",1.86144173145294,-2.6336464881897,0.0631076218222391,"DENV","High_DENV","1","1"
"GSM2992547",1.24269235134125,-2.0013325214386,0.12620126484641,"DENV","High_DENV","1","1"
"GSM2992548",1.85705816745758,-2.6893527507782,0.0631078795883184,"DENV","Low_DENV","1","1"
"GSM2992549",1.59819996356964,-3.13062810897827,0.0631081373543978,"DENV","High_DENV","1","1"
"GSM2992550",1.55715703964233,-3.3251736164093,0.0631083951204772,"DENV","Bystander_DENV","1","1"
"GSM2992552",1.70651042461395,-2.92764139175415,0.0631086528865565,"DENV","High_DENV","1","1"
"GSM2992553",1.56348276138306,-2.54531526565552,0.0631089106526359,"DENV","High_DENV","1","1"
"GSM2992554",1.44904673099518,-3.18927502632141,0.0631091684187153,"DENV","Low_DENV","1","1"
"GSM2992555",1.61946213245392,-2.33408856391907,0.0631094261847946,"DENV","High_DENV","1","1"
"GSM2992556",1.43123126029968,-3.25426006317139,0.063109683950874,"DENV","High_DENV","1","1"
"GSM2992557",1.39279472827911,-3.29420471191406,0.0631099417169534,"DENV","High_DENV","1","1"
"GSM2992558",1.85741794109344,-2.60309362411499,0.0631101994830328,"DENV","High_DENV","1","1"
"GSM2992560",1.58302581310272,-3.08394145965576,0.0631104572491121,"DENV","High_DENV","1","1"
"GSM2992561",1.89652919769287,-2.92880988121033,0.0631107150151915,"DENV","High_DENV","1","1"
"GSM2992562",1.11543273925781,-2.67269539833069,0.0631109727812709,"DENV","High_DENV","1","1"
"GSM2992563",1.70710146427155,-2.99313282966614,0.0631112305473502,"DENV","High_DENV","1","1"
"GSM2992564",1.30031359195709,-2.94566822052002,0.0631114883134296,"DENV","High_DENV","1","1"
"GSM2992565",1.71857953071594,-2.49468636512756,0.063111746079509,"DENV","High_DENV","1","1"
"GSM2992566",1.7873363494873,-2.85439419746399,0.0631120038455883,"DENV","Low_DENV","1","1"
"GSM2992567",5.5457649230957,1.42073452472687,0.00815633775446978,"DENV","Bystander_DENV","2","2"
"GSM2992568",1.14924657344818,-2.13101196289062,0.242949518021392,"DENV","High_DENV","1","1"
"GSM2992569",0.781327188014984,-1.75338459014893,1.8043625555908e-06,"DENV","High_DENV","1","1"
"GSM2992571",1.84108030796051,-2.92331099510193,0.0631122616116677,"DENV","Bystander_DENV","1","1"
"GSM2992572",1.75806510448456,-2.86487150192261,0.0631125193777471,"DENV","High_DENV","1","1"
"GSM2992573",1.4057765007019,-2.67637014389038,0.0631127771438265,"DENV","Bystander_DENV","1","1"
"GSM2992574",1.87375366687775,-2.76525449752808,0.0631130349099058,"DENV","High_DENV","1","1"
"GSM2992576",1.02629899978638,-2.09243488311768,0.200061396486261,"DENV","Low_DENV","1","1"
"GSM2992577",1.21881055831909,-2.60702896118164,0.0631132926759852,"DENV","High_DENV","1","1"
"GSM2992578",1.98797118663788,-1.60450291633606,2.06212863496091e-06,"DENV","Bystander_DENV","1","1"
"GSM2992579",1.4678099155426,-2.75928783416748,0.0631135504420646,"DENV","Low_DENV","1","1"
"GSM2992580",1.77671992778778,-3.00826478004456,0.0631138082081439,"DENV","Bystander_DENV","1","1"
"GSM2992581",1.64030790328979,-2.59410071372986,0.0631140659742233,"DENV","High_DENV","1","1"
"GSM2992582",1.65603864192963,-3.13729119300842,0.0631143237403027,"DENV","High_DENV","1","1"
"GSM2992583",1.69696891307831,-2.97041320800781,0.0631145815063821,"DENV","Bystander_DENV","1","1"
"GSM2992584",1.88368403911591,-2.43039345741272,0.0631148392724614,"DENV","Bystander_DENV","1","1"
"GSM2992585",1.28599178791046,-2.54285168647766,0.0631150970385408,"DENV","Low_DENV","1","1"
"GSM2992586",1.55653285980225,-3.27499389648438,0.0631153548046202,"DENV","Bystander_DENV","1","1"
"GSM2992587",1.95550417900085,-2.68390917778015,0.0631156125706995,"DENV","Bystander_DENV","1","1"
"GSM2992588",1.60608553886414,-2.84757375717163,0.0631158703367789,"DENV","High_DENV","1","1"
"GSM2992589",1.53488183021545,-3.28436517715454,0.0631161281028583,"DENV","High_DENV","1","1"
"GSM2992590",-0.469912946224213,-2.94896149635315,0.268544069955543,"DENV","Low_DENV","1","1"
"GSM2992591",0.613308548927307,-2.77149534225464,0.0746118771875769,"DENV","Low_DENV","1","1"
"GSM2992593",1.7580943107605,-3.01401853561401,0.0631163858689376,"DENV","High_DENV","1","1"
"GSM2992594",1.65333724021912,-2.95892429351807,0.063116643635017,"DENV","High_DENV","1","1"
"GSM2992595",1.23953139781952,-2.96679639816284,0.0631169014010964,"DENV","High_DENV","1","1"
"GSM2992596",1.45478570461273,-3.33766269683838,0.0631171591671758,"DENV","High_DENV","1","1"
"GSM2992597",1.85891485214233,-2.85923790931702,0.0631174169332551,"DENV","High_DENV","1","1"
"GSM2992598",1.50604295730591,-2.84322237968445,0.0631176746993345,"DENV","High_DENV","1","1"
"GSM2992599",1.34909355640411,-2.62116837501526,0.0631179324654139,"DENV","Bystander_DENV","1","1"
"GSM2992600",2.05851101875305,-2.18356919288635,0.341522075388424,"DENV","High_DENV","1","1"
"GSM2992601",0.734452605247498,-2.14441990852356,0.139974155273589,"DENV","Bystander_DENV","1","1"
"GSM2992602",0.936421692371368,-2.7710428237915,0.0514048794537363,"DENV","Bystander_DENV","1","1"
"GSM2992603",1.15011644363403,-2.89613389968872,0.0631181902314932,"DENV","Bystander_DENV","1","1"
"GSM2992604",1.83745360374451,-2.96557521820068,0.0631184479975726,"DENV","High_DENV","1","1"
"GSM2992605",1.74461030960083,-3.01058316230774,0.063118705763652,"DENV","Bystander_DENV","1","1"
"GSM2992606",1.89891195297241,-2.52604985237122,0.0631189635297313,"DENV","Low_DENV","1","1"
"GSM2992607",1.6668336391449,-3.09331655502319,0.0631192212958107,"DENV","High_DENV","1","1"
"GSM2992609",1.45237421989441,-3.27638483047485,0.0631194790618901,"DENV","High_DENV","1","1"
"GSM2992610",1.76787292957306,-2.43619823455811,0.0631197368279695,"DENV","Low_DENV","1","1"
"GSM2992611",1.17435443401337,-3.05545973777771,0.0631199945940488,"DENV","Low_DENV","1","1"
"GSM2992612",0.606795847415924,-2.85654711723328,0.0658715749593308,"DENV","High_DENV","1","1"
"GSM2992613",1.11306166648865,-2.8340961933136,0.0631202523601282,"DENV","High_DENV","1","1"
"GSM2992614",1.82462930679321,-2.21366930007935,0.357137630800456,"DENV","Low_DENV","1","1"
"GSM2992615",1.84885060787201,-2.94740056991577,0.0631205101262076,"DENV","High_DENV","1","1"
"GSM2992617",1.57305657863617,-3.48935699462891,0.0631207678922869,"DENV","Bystander_DENV","1","1"
"GSM2992618",0.819735109806061,-1.6761314868927,2.31989471433103e-06,"DENV","High_DENV","1","1"
"GSM2992619",1.16310036182404,-2.84049367904663,0.0631210256583663,"DENV","High_DENV","1","1"
"GSM2992620",-3.69752144813538,-1.09047329425812,0.061025009857065,"DENV","High_DENV","1","1"
"GSM2992622",-1.1847517490387,-2.84843516349792,0.866535368541198,"DENV","High_DENV","1","1"
"GSM2992623",-0.975523412227631,-2.83512258529663,0.740540465708406,"DENV","High_DENV","1","1"
"GSM2992624",-1.41780436038971,-2.04210138320923,0.0356708018522693,"DENV","High_DENV","1","1"
"GSM2992625",-1.24222803115845,-2.40867519378662,0.988829047084149,"DENV","High_DENV","1","1"
"GSM2992626",-2.37319183349609,-2.20853519439697,0.0850813365978205,"DENV","High_DENV","1","1"
"GSM2992627",-1.3595769405365,-1.97248816490173,0.00341299722808119,"DENV","High_DENV","1","1"
"GSM2992628",-1.48118221759796,-1.98299419879913,0.0955080565473578,"DENV","High_DENV","1","1"
"GSM2992629",-3.12731909751892,-2.13594746589661,0.053826180308755,"DENV","High_DENV","1","1"
"GSM2992630",-2.18176507949829,-1.21791982650757,0.0800856182329888,"DENV","High_DENV","1","1"
"GSM2992631",-2.07980871200562,-2.23055386543274,0.0777450499956258,"DENV","High_DENV","1","1"
"GSM2992632",-0.288137584924698,-2.77865648269653,0.0967920472530588,"DENV","High_DENV","1","1"
"GSM2992633",-0.739954710006714,-2.95700740814209,0.0587497869008181,"DENV","High_DENV","1","1"
"GSM2992634",-0.865827739238739,-2.83490538597107,0.0105928034610927,"DENV","High_DENV","1","1"
"GSM2992635",-1.02134156227112,-2.28390169143677,0.877708369122632,"DENV","High_DENV","1","1"
"GSM2992636",-0.753698527812958,-2.88588523864746,0.0434417677422495,"DENV","High_DENV","1","1"
"GSM2992637",-1.52535510063171,-2.09803366661072,0.117176796873738,"DENV","High_DENV","1","1"
"GSM2992638",-0.661199390888214,-2.65622210502625,0.12688999467539,"DENV","High_DENV","1","1"
"GSM2992639",-1.27239799499512,-2.79926085472107,0.930140899555071,"DENV","High_DENV","1","1"
"GSM2992640",-0.703825414180756,-2.00499701499939,0.0675132099807585,"DENV","High_DENV","1","1"
"GSM2992642",-0.856848299503326,-2.7818169593811,0.0105930612271721,"DENV","High_DENV","1","1"
"GSM2992643",-1.05754446983337,-2.8694064617157,0.784185875515631,"DENV","High_DENV","1","1"
"GSM2992644",-0.932523310184479,-2.78639912605286,0.0105933189932514,"DENV","High_DENV","1","1"
"GSM2992645",-2.51960420608521,-2.05745244026184,0.0895205009013413,"DENV","High_DENV","1","1"
"GSM2992646",-3.72056722640991,-1.88384830951691,0.709419641046042,"DENV","High_DENV","1","1"
"GSM2992647",0.0146346893161535,-2.75795435905457,0.518845396210871,"DENV","High_DENV","1","1"
"GSM2992648",-0.820064008235931,-1.81524062156677,0.846643264597738,"DENV","High_DENV","1","1"
"GSM2992649",0.295445829629898,-2.72817587852478,0.236999097904775,"DENV","High_DENV","1","1"
"GSM2992651",-0.523913502693176,-2.80260062217712,0.264206104432286,"DENV","High_DENV","1","1"
"GSM2992652",-1.19284021854401,-1.79406297206879,1.08000149827831,"DENV","High_DENV","1","1"
"GSM2992653",-1.21581840515137,-2.12046194076538,1.02958496449663,"DENV","High_DENV","1","1"
"GSM2992654",-1.2212005853653,-2.06345415115356,1.04416682345669,"DENV","High_DENV","1","1"
"GSM2992655",-0.280570477247238,-2.41747736930847,0.0994279910679118,"DENV","High_DENV","1","1"
"GSM2992656",-0.338205635547638,-2.49223303794861,0.153311356051548,"DENV","High_DENV","1","1"
"GSM2992658",-0.859401643276215,-2.18604063987732,0.797504485904665,"DENV","High_DENV","1","1"
"GSM2992659",0.0598722323775291,-2.58164429664612,0.472866894829277,"DENV","High_DENV","1","1"
"GSM2992660",-0.0292422212660313,-2.62301564216614,0.562416940196585,"DENV","High_DENV","1","1"
"GSM2992661",-1.67609012126923,-2.42191505432129,0.199926483122217,"DENV","High_DENV","1","1"
"GSM2992662",-1.30298674106598,-2.39069294929504,1.02973735690629,"DENV","High_DENV","1","1"
"GSM2992663",-1.42913806438446,-1.78126800060272,0.0784659167580981,"DENV","High_DENV","1","1"
"GSM2992664",-2.44686341285706,-1.81516396999359,0.0431865558275639,"DENV","High_DENV","1","1"
"GSM2992665",1.10267388820648,-3.21176433563232,0.0631212834244457,"DENV","High_DENV","1","1"
"GSM2992666",-4.61045837402344,0.785726487636566,0.207372516039123,"DENV","High_DENV","1","1"
"GSM2992667",-1.72242677211761,-1.60486602783203,0.0964553458822144,"DENV","High_DENV","1","1"
"GSM2992668",-1.21936440467834,-2.87008500099182,0.8835333935033,"DENV","High_DENV","1","1"
"GSM2992669",-1.39066874980927,-2.1457781791687,0,"DENV","High_DENV","1","1"
"GSM2992670",-0.194188728928566,-2.68679308891296,0.00812987562987261,"DENV","High_DENV","1","1"
"GSM2992671",-0.630642950534821,-2.38856530189514,0.149155889623098,"DENV","High_DENV","1","1"
"GSM2992672",-1.04822850227356,-2.51993727684021,0.847563217511256,"DENV","High_DENV","1","1"
"GSM2992673",-1.19148504734039,-2.77709126472473,0.884783082145118,"DENV","High_DENV","1","1"
"GSM2992674",-1.19196832180023,-2.77470922470093,0.885551442124221,"DENV","High_DENV","1","1"
"GSM2992675",-1.51187860965729,-1.68385875225067,0.15918024891054,"DENV","High_DENV","1","1"
"GSM2992676",-2.45969200134277,-1.79138207435608,0.0355051310882131,"DENV","High_DENV","1","1"
"GSM2992677",-2.54220747947693,0.145465135574341,4.63978942866206e-06,"DENV","High_DENV","1","1"
"GSM2992678",-1.74604368209839,-1.04976785182953,0.0146284151378833,"DENV","High_DENV","1","1"
"GSM2992679",-1.91460013389587,-0.942085564136505,0.0858856388495854,"DENV","High_DENV","1","1"
"GSM2992681",1.10326683521271,-1.83882761001587,2.57766079370114e-06,"DENV","High_DENV","1","1"
"GSM2992682",-0.7479128241539,-1.96634447574615,0.772408211970183,"DENV","High_DENV","1","1"
"GSM2992683",-0.0996855497360229,-2.48369932174683,0.632629575409031,"DENV","High_DENV","1","1"
"GSM2992684",-1.25020849704742,-2.23116517066956,1.02883566969483,"DENV","High_DENV","1","1"
"GSM2992685",-1.00695991516113,-1.96780455112457,0.931372543531778,"DENV","High_DENV","1","1"
"GSM2992686",-0.692101836204529,-2.89012742042542,0.103355473235988,"DENV","High_DENV","1","1"
"GSM2992687",-0.724312007427216,-2.4617280960083,0.0602477551635171,"DENV","High_DENV","1","1"
"GSM2992688",-0.897202014923096,-2.9065465927124,0.0105935767593308,"DENV","High_DENV","1","1"
"GSM2992689",-0.74425482749939,-2.91400337219238,0.0533865107536851,"DENV","High_DENV","1","1"
"GSM2992690",-0.994065880775452,-1.88153874874115,0.940504537429983,"DENV","High_DENV","1","1"
"GSM2992691",-1.31350243091583,-1.77428436279297,0.0159845167731532,"DENV","High_DENV","1","1"
"GSM2992692",-0.765254497528076,-2.51796746253967,0.0220557116925479,"DENV","High_DENV","1","1"
"GSM2992693",-0.955310225486755,-2.40121054649353,0.81391738683391,"DENV","High_DENV","1","1"
"GSM2992694",-0.892357647418976,-1.94786357879639,0.864861941572817,"DENV","High_DENV","1","1"
"GSM2992695",0.341794937849045,-3.08811116218567,0.191699869987207,"DENV","High_DENV","1","1"
"GSM2992697",-1.13794529438019,-1.39809501171112,1.11235310563898,"DENV","High_DENV","1","1"
"GSM2992698",-0.951397597789764,-1.76352262496948,0.93761010473066,"DENV","High_DENV","1","1"
"GSM2992699",-0.77841454744339,-2.50264286994934,0.00885689947286328,"DENV","High_DENV","1","1"
"GSM2992700",-0.768151104450226,-2.12390971183777,0.753692412642895,"DENV","High_DENV","1","1"
"GSM2992701",-0.893252193927765,-2.11972117424011,0.831428344983363,"DENV","High_DENV","1","1"
"GSM2992702",-1.21978652477264,-2.50436496734619,0.956111297147029,"DENV","High_DENV","1","1"
"GSM2992703",-0.98787933588028,-2.82214069366455,0.750703681835134,"DENV","High_DENV","1","1"
"GSM2992705",-0.698169648647308,-2.39551258087158,0.0837959203592075,"DENV","High_DENV","1","1"
"GSM2992706",-1.18201541900635,-2.12142491340637,1.0086133397753,"DENV","High_DENV","1","1"
"GSM2992707",-0.757429659366608,-2.90338706970215,0.0403032078788287,"DENV","High_DENV","1","1"
"GSM2992708",-1.10955560207367,-2.54514527320862,0.880280728550789,"DENV","High_DENV","1","1"
"GSM2992709",-0.737170696258545,-2.84235978126526,0.0582837352795474,"DENV","High_DENV","1","1"
"GSM2992710",-0.877842664718628,-2.47534894943237,0.751632355391124,"DENV","High_DENV","1","1"
"GSM2992711",-0.888740181922913,-2.16951203346252,0.818808970361433,"DENV","High_DENV","1","1"
"GSM2992713",-1.1404527425766,-2.27345085144043,0.953000831727036,"DENV","High_DENV","1","1"
"GSM2992714",-1.06272172927856,-2.13228702545166,0.933128131119611,"DENV","High_DENV","1","1"
"GSM2992715",-1.02533781528473,-2.82912135124207,0.77235228235398,"DENV","High_DENV","1","1"
"GSM2992716",-1.41579532623291,-2.72149729728699,1.03367448055339,"DENV","High_DENV","1","1"
"GSM2992717",-2.08269906044006,-1.79079508781433,0.0945230507306665,"DENV","High_DENV","1","1"
"GSM2992718",-2.23354053497314,-1.67398738861084,0.0430117544689981,"DENV","High_DENV","1","1"
"GSM2992719",-1.41636621952057,-2.62448644638062,1.05320888460702,"DENV","High_DENV","1","1"
"GSM2992720",-0.781331360340118,-2.28462147712708,0,"DENV","High_DENV","1","1"
"GSM2992721",-0.3775594830513,-2.95219540596008,0.178802800421123,"DENV","High_DENV","1","1"
"GSM2992722",-1.01417350769043,-2.87875962257385,0.755673363581426,"DENV","High_DENV","1","1"
"GSM2992723",-1.24244141578674,-2.63591766357422,0.944025194109608,"DENV","High_DENV","1","1"
"GSM2992724",-1.11613142490387,-2.58122181892395,0.877189072139482,"DENV","High_DENV","1","1"
"GSM2992725",-1.78532195091248,-1.58091521263123,0.0911629517356738,"DENV","High_DENV","1","1"
"GSM2992726",-2.11281991004944,-0.303081393241882,0.00148719769564765,"DENV","High_DENV","1","1"
"GSM2992727",-1.10501003265381,-2.68507862091064,0.849815388012102,"DENV","High_DENV","1","1"
"GSM2992728",-1.47272217273712,-2.26471877098083,0.0524029442204088,"DENV","High_DENV","1","1"
"GSM2992729",-1.92251288890839,-2.13916993141174,0,"DENV","High_DENV","1","1"
"GSM2992730",-1.86022746562958,-2.32283568382263,0.0749096267058875,"DENV","High_DENV","1","1"
"GSM2992731",-0.596650719642639,-2.7729766368866,0.192777638750046,"DENV","High_DENV","1","1"
"GSM2992732",-0.826185584068298,-2.30545616149902,0.753470450509979,"DENV","High_DENV","1","1"
"GSM2992733",-0.937877774238586,-2.46608352661133,0.790372732936772,"DENV","High_DENV","1","1"
"GSM2992734",-0.912022173404694,-3.09762167930603,0.0105938345254102,"DENV","High_DENV","1","1"
"GSM2992735",-1.64407134056091,-2.28295373916626,0.191346805489082,"DENV","Low_DENV","1","1"
"GSM2992736",-2.01134324073792,0.197982415556908,4.38202334929194e-06,"DENV","High_DENV","1","1"
"GSM2992737",-1.79496502876282,-1.6901148557663,0.0475781688101025,"DENV","High_DENV","1","1"
"GSM2992739",-0.818439245223999,-2.96289825439453,0.0105940922914896,"DENV","High_DENV","1","1"
"GSM2992740",-2.11439251899719,-1.68076109886169,0.063323122410325,"DENV","High_DENV","1","1"
"GSM2992741",-1.27759230136871,-2.00387001037598,1.09061643457198,"DENV","High_DENV","1","1"
"GSM2992742",-1.33049845695496,-2.38779401779175,1.04722426785128,"DENV","High_DENV","1","1"
"GSM2992743",-0.943210363388062,-2.70529913902283,0.746347084235494,"DENV","High_DENV","1","1"
"GSM2992744",-1.53030073642731,-2.431471824646,0.0784933275717299,"DENV","High_DENV","1","1"
"GSM2992745",-1.38077187538147,-2.68521738052368,1.0193165395513,"DENV","High_DENV","1","1"
"GSM2992747",-0.958901643753052,-2.6467137336731,0.767579122720683,"DENV","High_DENV","1","1"
"GSM2992748",-1.2722749710083,-2.21616721153259,1.04536806539765,"DENV","High_DENV","1","1"
"GSM2992749",-2.11872816085815,-1.42455494403839,0.00157633630353837,"DENV","High_DENV","1","1"
"GSM2992750",-3.16118097305298,-3.06783604621887,0.0777447922295464,"DENV","High_DENV","1","1"
"GSM2992751",-3.70418381690979,-0.752689957618713,0.1299733288474,"Control","Bystander_DENV","1","1"
"GSM2992752",-4.36181688308716,0.07591862231493,0.612248592856351,"Control","Bystander_DENV","1","1"
"GSM2992753",-3.51994490623474,-0.528410136699677,0.102120391815231,"Control","Bystander_DENV","1","1"
"GSM2992754",-2.53123331069946,-0.999255120754242,0.0154417246576632,"Control","Bystander_DENV","1","1"
"GSM2992755",-3.18021059036255,-1.31757366657257,0.743589862702781,"Control","Bystander_DENV","1","1"
"GSM2992756",-1.73660564422607,-0.10660882294178,0.0255828751059255,"Control","Bystander_DENV","1","1"
"GSM2992757",-2.77816653251648,-0.718024790287018,0.742441302701382,"Control","Bystander_DENV","1","1"
"GSM2992758",-2.85092449188232,0.697847902774811,4.12425726992183e-06,"Control","Bystander_DENV","1","1"
"GSM2992759",-5.45331621170044,-3.39656662940979,0.00141778070509146,"Control","Bystander_DENV","1","1"
"GSM2992760",-3.37450218200684,-1.44620037078857,0.720123658557925,"Control","Bystander_DENV","1","1"
"GSM2992761",-3.89538240432739,0.855319201946259,0.128957615619491,"Control","Bystander_DENV","1","1"
"GSM2992762",-3.11521291732788,0.569816827774048,3.86649119055171e-06,"Control","Bystander_DENV","1","1"
"GSM2992763",-3.2534019947052,-0.753983557224274,0.643500016031536,"Control","Bystander_DENV","1","1"
"GSM2992764",-4.25950145721436,0.834562480449677,0.0992723095956292,"Control","Bystander_DENV","1","1"
"GSM2992765",-3.49377942085266,0.875561833381653,0.187952467906325,"Control","Bystander_DENV","1","1"
"GSM2992766",-2.98653793334961,-1.71233224868774,0.0294828140945367,"Control","Bystander_DENV","1","1"
"GSM2992767",-3.36776900291443,0.239557757973671,0.232084338937313,"Control","Bystander_DENV","1","1"
"GSM2992768",-3.29451465606689,1.05211436748505,3.6087251111816e-06,"Control","Bystander_DENV","1","1"
"GSM2992769",-2.56337809562683,-0.538337409496307,0.762793439732621,"Control","Bystander_DENV","1","1"
"GSM2992770",-2.14523887634277,-0.163094907999039,0.798620022235309,"Control","Bystander_DENV","1","1"
"GSM2992771",-2.93226909637451,-1.68702459335327,0.0336881599110008,"Control","Bystander_DENV","1","1"
"GSM2992772",-2.64162826538086,-1.24851560592651,0.0263653873792202,"Control","Bystander_DENV","1","1"
"GSM2992773",-2.54072499275208,-0.890895843505859,0.00359988551477275,"Control","Bystander_DENV","1","1"
"GSM2992774",-4.67982625961304,0.745249927043915,0.109082477194012,"Control","Bystander_DENV","1","1"
"GSM2992775",-4.67664432525635,0.568695843219757,0.72137423257764,"Control","Bystander_DENV","1","1"
"GSM2992776",-3.37449359893799,-0.745481729507446,0,"Control","Bystander_DENV","1","1"
"GSM2992777",-2.71012878417969,0.352445125579834,3.35095903181148e-06,"Control","Bystander_DENV","1","1"
"GSM2992778",-1.73000299930573,-0.273408174514771,0.0428236311003551,"Control","Bystander_DENV","1","1"
"GSM2992779",-2.06205749511719,-1.57602095603943,0.0465710245106434,"Control","Bystander_DENV","1","1"
"GSM2992780",-1.84025752544403,-0.208800673484802,0.0228572277099606,"Control","Bystander_DENV","1","1"
"GSM2992781",-4.23874378204346,0.959999859333038,0,"Control","Bystander_DENV","1","1"
"GSM2992782",-2.66948628425598,-1.10292136669159,0.00859172013082898,"Control","Bystander_DENV","1","1"
"GSM2992783",-2.64522981643677,-0.5511234998703,0.746734923044225,"Control","Bystander_DENV","1","1"
"GSM2992784",-3.65341806411743,-0.163859099149704,0.061708187154017,"Control","Bystander_DENV","1","1"
"GSM2992785",-2.93756413459778,-1.66661214828491,0.0310240633230776,"Control","Bystander_DENV","1","1"
"GSM2992786",-2.18716669082642,0.217078119516373,3.09319295244137e-06,"Control","Bystander_DENV","1","1"
"GSM2992787",-3.2702169418335,0.511273920536041,0.0347234993731143,"Control","Bystander_DENV","1","1"
"GSM2992788",-2.96496057510376,0.372944563627243,2.83542687307126e-06,"Control","Bystander_DENV","1","1"
"GSM2992789",-3.65972352027893,0.912901103496552,0.162739313079634,"Control","Bystander_DENV","1","1"
"GSM2992790",-4.42906713485718,0.805602133274078,0.257903828509821,"Control","Bystander_DENV","1","1"
"GSM2992791",-3.92463374137878,0.479219138622284,0.0719352380483205,"Control","Bystander_DENV","1","1"
"GSM2992792",-1.59841549396515,-0.283233433961868,0.0600246067088739,"Control","Bystander_DENV","1","1"
"GSM2992793",-4.55796384811401,0.508913695812225,0.72137449034372,"Control","Bystander_DENV","1","1"
"GSM2992794",-3.12844610214233,1.10842621326447,2.57766079370114e-06,"Control","Bystander_DENV","1","1"
"GSM2992795",-4.7387957572937,0.386462092399597,0.721374748109799,"Control","Bystander_DENV","1","1"
"GSM2992796",-4.31893873214722,1.12763047218323,2.57766079370114e-07,"Control","Bystander_DENV","1","1"
"GSM2992797",-1.67601120471954,-0.380131334066391,0.0599921973263911,"Control","Bystander_DENV","1","1"
"GSM2992798",-4.75849914550781,-0.876072764396667,0.0276010948772744,"Control","Bystander_DENV","1","1"
"GSM2992799",-2.93984699249268,-0.00811082776635885,0.0182661228820609,"Control","Bystander_DENV","1","1"
"GSM2992800",-2.85666966438293,0.140412971377373,2.31989471433103e-06,"Control","Low_DENV","1","1"
"GSM2992801",-4.08983325958252,0.678180694580078,0.21188330371373,"Control","Bystander_DENV","1","1"
"GSM2992802",-3.36635446548462,0.675455152988434,0.0983351952833179,"Control","Bystander_DENV","1","1"
"GSM2992803",-3.51592946052551,1.04296672344208,0.163345059821864,"Control","Bystander_DENV","1","1"
"GSM2992804",-3.14046907424927,0.664162635803223,2.06212863496091e-06,"Control","Bystander_DENV","1","1"
"GSM2992805",-2.8582444190979,0.445791095495224,1.8043625555908e-06,"Control","Bystander_DENV","1","1"
"GSM2992806",-3.0610363483429,-1.6233571767807,0.0115300479846829,"Control","Bystander_DENV","1","1"
"GSM2992807",-3.43516969680786,0.984366059303284,0.0858744388444804,"Control","Low_DENV","1","1"
"GSM2992808",-3.29190421104431,-0.999815940856934,0.671699988800167,"Control","Low_DENV","1","1"
"GSM2992809",-2.54178881645203,0.292868554592133,1.54659647622069e-06,"Control","Bystander_DENV","1","1"
"GSM2992810",-3.94184708595276,0.723694801330566,0.131014687820985,"Control","Bystander_DENV","1","1"
"GSM2992811",-1.93177676200867,-0.0103687951341271,0.00358828311741166,"Control","Bystander_DENV","1","1"
"GSM2992812",-3.2862594127655,-1.29544746875763,0.717014174895834,"Control","Bystander_DENV","1","1"
"GSM2992813",-3.35870909690857,0.744562566280365,0.0683793807761857,"Control","Low_DENV","1","1"
"GSM2992814",-2.88175415992737,0.277279227972031,1.28883039685057e-06,"Control","Bystander_DENV","1","1"
"GSM2992815",-3.61066889762878,-0.690456807613373,0.106201253028696,"Control","Bystander_DENV","1","1"
"GSM2992816",-1.64936852455139,-1.86188960075378,0.189654906068893,"Control","Bystander_DENV","1","1"
"GSM2992817",-3.16278386116028,-1.51115083694458,0.776277891800966,"Control","Bystander_DENV","1","1"
"GSM2992818",-3.0056734085083,0.217754721641541,1.03106431748046e-06,"Control","Bystander_DENV","1","1"
"GSM2992819",-2.57030248641968,-0.581420004367828,0.767697823531553,"Control","Bystander_DENV","1","1"
"GSM2992820",-3.94102740287781,-0.189519092440605,0.107328065838568,"Control","Bystander_DENV","1","1"
"GSM2992821",-2.9758574962616,-1.97783946990967,0.0569445995091609,"Control","Bystander_DENV","1","1"
"GSM2992822",-3.20588755607605,-2.64394593238831,0.111968817848513,"Control","Bystander_DENV","1","1"
"GSM2992823",-4.03381061553955,-1.15667378902435,0.0781042212538231,"Control","Bystander_DENV","1","1"
"GSM2992824",-3.47703170776367,0.361245632171631,0.211000844877214,"Control","Bystander_DENV","1","1"
"GSM2992825",-3.10777473449707,-2.78652501106262,0.0777445344634671,"Control","Bystander_DENV","1","1"
"GSM2992826",-3.17358160018921,-3.22062110900879,0.0777442766973877,"Control","Bystander_DENV","1","1"
"GSM2992827",-3.2096893787384,0.0945379957556725,0.089629238581816,"Control","Bystander_DENV","1","1"
"GSM2992828",-3.22785139083862,-1.00928616523743,0.687170666241002,"Control","Bystander_DENV","1","1"
"GSM2992829",-3.31432771682739,-1.04429876804352,0.673411537738458,"Control","Bystander_DENV","1","1"
"GSM2992830",-3.19649744033813,-3.23598313331604,0.0777440189313083,"Control","Bystander_DENV","1","1"
"GSM2992831",-3.23254108428955,-3.23237872123718,0.077743761165229,"DENV","Low_DENV","1","1"
"GSM2992832",-3.9617018699646,-0.623985648155212,0.000388811357636298,"DENV","Low_DENV","1","1"
"GSM2992833",-4.00432062149048,-1.04793083667755,0.0681929637888684,"DENV","High_DENV","1","1"
"GSM2992834",-3.95285296440125,-0.784402370452881,0.0361110974785694,"DENV","High_DENV","1","1"
"GSM2992835",-1.70749461650848,-0.378590047359467,0.0559560250235862,"DENV","High_DENV","1","1"
"GSM2992836",-3.44580841064453,0.520678997039795,0.23892105260002,"DENV","High_DENV","1","1"
"GSM2992837",-3.31475853919983,-0.598979353904724,0.00529157773408839,"DENV","High_DENV","1","1"
"GSM2992838",-4.06569623947144,-1.01539850234985,0.036936304505644,"DENV","Low_DENV","1","1"
"GSM2992839",-3.14998960494995,0.443126171827316,7.73298238110343e-07,"DENV","High_DENV","1","1"
"GSM2992840",-4.32949829101562,-0.119149267673492,0.0159117174871711,"DENV","Bystander_DENV","1","1"
"GSM2992841",-3.28288888931274,-3.22352838516235,0.0777435033991496,"DENV","High_DENV","1","1"
"GSM2992842",-3.84543752670288,-0.999864339828491,0.122590866379509,"DENV","Bystander_DENV","1","1"
"GSM2992843",-4.10242462158203,0.23249526321888,0.608154814070996,"DENV","High_DENV","1","1"
"GSM2992844",-3.41747617721558,-1.01339554786682,0.646166020650765,"DENV","High_DENV","1","1"
"GSM2992845",-3.66973495483398,0.474032908678055,0.0179533070600486,"DENV","High_DENV","1","1"
"GSM2992846",-4.55778312683105,0.460643947124481,0.721375005875879,"DENV","High_DENV","1","1"
"GSM2992847",-4.41886329650879,0.640115439891815,0.178593221998641,"DENV","High_DENV","1","1"
"GSM2992848",-3.98235249519348,0.666022062301636,0.144157817344207,"DENV","Low_DENV","1","1"
"GSM2992849",-3.92443633079529,-1.35496282577515,0.0994554181845927,"DENV","Bystander_DENV","1","1"
"GSM2992850",-4.11252689361572,0.79358971118927,0.248624183787757,"DENV","Bystander_DENV","1","1"
"GSM2992851",-3.84182929992676,0.250855773687363,0.572898657394415,"DENV","Low_DENV","1","1"
"GSM2992852",-4.40655183792114,0.778631329536438,0.272786791778277,"DENV","Low_DENV","1","1"
"GSM2992853",-1.79864144325256,-0.22203516960144,0.0292948459440969,"DENV","Low_DENV","1","1"
"GSM2992854",-1.8132244348526,-0.297735214233398,0.0349520091464401,"DENV","High_DENV","1","1"
"GSM2992855",-3.25361180305481,0.703046560287476,5.15532158740228e-07,"DENV","High_DENV","1","1"
"GSM2992856",-2.81333827972412,-1.3312554359436,0.0133271600399669,"DENV","High_DENV","1","1"
"GSM2992857",-3.45711207389832,0.883106112480164,0.142430605822114,"DENV","High_DENV","1","1"
"GSM2992858",-2.7246572971344,-1.80341601371765,0.0707605920678467,"DENV","High_DENV","1","1"
"GSM2992859",-3.49461841583252,0.199164479970932,0.141151462535142,"DENV","High_DENV","1","1"
"GSM2992860",-2.49178409576416,-0.184574693441391,0.725761351310216,"DENV","High_DENV","1","1"
"GSM2992861",-2.8542754650116,1.06797766685486,2.57766079370114e-07,"DENV","Bystander_DENV","1","1"
"GSM2992862",-3.12430834770203,-1.5636066198349,0.792542041926413,"DENV","High_DENV","1","1"
"GSM2992863",-3.47419548034668,0.912040531635284,0.15380687507771,"DENV","Low_DENV","1","1"
"GSM2992864",-2.86514186859131,-2.29039597511292,0.0908205679424772,"DENV","High_DENV","1","1"
"GSM2992865",-6.04500341415405,-3.40123963356018,0.00141752293901209,"DENV","Bystander_DENV","1","1"
"GSM2992866",-4.02977514266968,1.02708315849304,0.244777449557391,"DENV","Low_DENV","1","1"
"GSM2992867",-3.43450570106506,0.838753342628479,0.129213957014026,"DENV","High_DENV","1","1"
"GSM2992868",-3.29774117469788,0.778522253036499,0,"DENV","High_DENV","1","1"
"GSM2992869",-2.51114702224731,-2.05752944946289,0.0908663808568995,"DENV","Bystander_DENV","1","1"
"GSM2992870",-3.18290853500366,0.835391938686371,2.57766079370114e-07,"DENV","Bystander_DENV","1","1"
"GSM2992871",-3.4291934967041,0.97396045923233,0.0819802500018569,"DENV","High_DENV","1","1"
"GSM2992872",-3.98203730583191,0.538356959819794,0.11857577570839,"DENV","High_DENV","1","1"
"GSM2992873",-3.07931399345398,0.560913383960724,5.15532158740228e-07,"DENV","High_DENV","1","1"
"GSM2992874",-2.69029259681702,-1.23951554298401,0.0194747837761988,"DENV","High_DENV","1","1"
"GSM2992875",-4.57780981063843,0.163857221603394,0.664591478521069,"DENV","Bystander_DENV","1","1"
"GSM2992876",-3.54674005508423,0.560877859592438,0.189295671138537,"DENV","Low_DENV","1","1"
"GSM2992877",-4.31708860397339,0.672149300575256,0.29089610793886,"DENV","Bystander_DENV","1","1"
"GSM2992878",-1.77774119377136,-0.332149267196655,0.0427177468087678,"DENV","High_DENV","1","1"
"GSM2992879",-2.90090680122375,0.305753856897354,7.73298238110343e-07,"DENV","Bystander_DENV","1","1"
"GSM2992880",-3.23292255401611,1.04624271392822,1.03106431748046e-06,"DENV","High_DENV","1","1"
"GSM2992881",-2.80240726470947,-1.54572713375092,0.0357973356933785,"DENV","Bystander_DENV","1","1"
"GSM2992882",-2.41449999809265,-0.204181969165802,0.745648037309683,"DENV","High_DENV","1","1"
"GSM2992883",-2.99881792068481,-1.89263117313385,0.0457230153896717,"DENV","High_DENV","1","1"
"GSM2992884",-1.24253964424133,-0.982929766178131,0.0269916723163703,"DENV","Bystander_DENV","1","1"
"GSM2992885",-3.3225302696228,0.703386664390564,0.0381964358805924,"DENV","Bystander_DENV","1","1"
"GSM2992886",-1.94457495212555,0.05518664047122,0.00358802535133229,"DENV","High_DENV","1","1"
"GSM2992887",-2.99587821960449,0.502511501312256,1.28883039685057e-06,"DENV","High_DENV","1","1"
"GSM2992889",-4.18714570999146,-1.47062003612518,0.0792382330501601,"DENV","High_DENV","1","1"
"GSM2992890",-2.78425335884094,-0.595928847789764,0.722900987531886,"DENV","High_DENV","1","1"
"GSM2992891",-3.51705360412598,0.576100766658783,0.228912671786946,"DENV","High_DENV","1","1"
"GSM2992894",-2.87088775634766,-2.32131767272949,0.0972904163414872,"DENV","Low_DENV","1","1"
"GSM2992895",-3.8099422454834,-0.24433608353138,0.063838990396738,"DENV","High_DENV","1","1"
"GSM2992896",-1.23338413238525,-1.05409240722656,0.0103162410152779,"DENV","Bystander_DENV","1","1"
"GSM2992897",-3.52667164802551,0.693567454814911,0.253165252475233,"DENV","Low_DENV","1","1"
"GSM2992898",-4.42932748794556,0.831165134906769,0.228277109649007,"DENV","Bystander_DENV","1","1"
"GSM2992899",-2.76261878013611,-0.241820842027664,0.674856148902865,"DENV","High_DENV","1","1"
"GSM2992900",-3.59613370895386,0.998914897441864,0.263783325194928,"DENV","High_DENV","1","1"
"GSM2992901",-3.12412810325623,1.03346765041351,1.54659647622069e-06,"DENV","High_DENV","1","1"
"GSM2992902",-4.58962345123291,0.48509606719017,0.721375263641958,"DENV","Low_DENV","1","1"
"GSM2992903",-4.42481708526611,0.63340824842453,0.166385578094892,"DENV","High_DENV","1","1"
"GSM2992905",-2.42693448066711,-0.956471085548401,0.0240968729486222,"DENV","Bystander_DENV","1","1"
"GSM2992906",-2.94435381889343,0.0882847458124161,1.8043625555908e-06,"DENV","High_DENV","1","1"
"GSM2992908",-4.67409801483154,0.45838275551796,0.721375521408037,"DENV","Bystander_DENV","1","1"
"GSM2992910",-4.43121814727783,0.566085696220398,0.0831428471716149,"DENV","High_DENV","1","1"
"GSM2992911",-2.21314549446106,-0.24533323943615,0.795977412135963,"DENV","Low_DENV","1","1"
"GSM2992912",-2.31815409660339,0.143289566040039,2.06212863496091e-06,"DENV","Bystander_DENV","1","1"
"GSM2992914",-1.24239313602448,-1.0655061006546,0.0162808751020189,"DENV","High_DENV","1","1"
"GSM2992915",-2.65156078338623,-2.00443315505981,0.0561770391256964,"DENV","High_DENV","1","1"
"GSM2992916",-2.35692143440247,0.0587945766746998,0.719076449417523,"DENV","High_DENV","1","1"
"GSM2992917",-2.81973457336426,0.342081040143967,2.31989471433103e-06,"DENV","High_DENV","1","1"
"GSM2992918",-1.53046572208405,-0.571169555187225,0.0146286729039626,"DENV","High_DENV","1","1"
"GSM2992919",-2.94064784049988,-1.85515546798706,0.049208686875027,"DENV","High_DENV","1","1"
"GSM2992920",-2.47676301002502,-0.188155174255371,0.72959276222732,"DENV","Low_DENV","1","1"
"GSM2992922",-4.65846824645996,0.486915588378906,0.721375779174117,"DENV","High_DENV","1","1"
"GSM2992923",-4.39061450958252,0.347999483346939,0.677583827431971,"DENV","Bystander_DENV","1","1"
"GSM2992925",-4.02261257171631,0.248120114207268,0.599598587469175,"DENV","Bystander_DENV","1","1"
"GSM2992926",-2.00951480865479,0.0597943142056465,0.795177480235574,"DENV","High_DENV","1","1"
"GSM2992927",-2.64761662483215,-1.33921408653259,0.0345596482515094,"DENV","Bystander_DENV","1","1"
"GSM2992928",-3.16450929641724,0.813247680664062,2.57766079370114e-06,"DENV","High_DENV","1","1"
"GSM2992929",-4.61560297012329,0.334423810243607,0.708531364717992,"DENV","Low_DENV","1","1"
"GSM2992932",-4.00071430206299,-0.782525897026062,0.0164449375941003,"DENV","Bystander_DENV","1","1"
"GSM2992933",-3.51331305503845,-1.26489162445068,0.662626454199676,"DENV","High_DENV","1","1"
"GSM2992934",-2.65726256370544,-1.87352609634399,0.024080470167317,"DENV","Low_DENV","1","1"
"GSM2992935",-3.33139371871948,0.0420413352549076,0.120910001688376,"DENV","High_DENV","1","1"
"GSM2992936",-3.40848708152771,-1.32080054283142,0.69396905236006,"DENV","High_DENV","1","1"
"GSM2992937",-1.78824472427368,-0.560177326202393,0.0638735851220256,"DENV","High_DENV","1","1"
"GSM2992938",-4.32752275466919,0.400091946125031,0.679728156911785,"DENV","High_DENV","1","1"
"GSM2992939",-1.63264405727386,-0.411295682191849,0.0684101394507348,"DENV","High_DENV","1","1"
"GSM2992940",-3.26990461349487,-0.0547907315194607,0.0962856680152597,"DENV","Low_DENV","1","1"
"GSM2992941",-3.30064463615417,0.624633729457855,0.0362529875242822,"DENV","Low_DENV","1","1"
"GSM2992943",-3.9324004650116,-0.518178105354309,0.00141726517293272,"DENV","Bystander_DENV","1","1"
"GSM2992944",-3.1607825756073,-1.37318360805511,0.756144758926453,"DENV","Low_DENV","1","1"
"GSM2992945",-2.98107314109802,-0.00668491469696164,0.0104631278227512,"DENV","Bystander_DENV","1","1"
"GSM2992946",-3.87551045417786,0.731446087360382,0.0922477240671079,"DENV","High_DENV","1","1"
"GSM2992947",-3.84273791313171,-0.660104811191559,0.0555741599264206,"DENV","Low_DENV","1","1"
"GSM2992948",-1.34228432178497,-0.901076436042786,0.00135456258019273,"DENV","Bystander_DENV","1","1"
"GSM2992949",-1.34150660037994,-0.856589555740356,0.0118354316817117,"DENV","High_DENV","1","1"
"GSM2992950",-3.25398302078247,-3.2164523601532,0.0777432456330702,"DENV","Bystander_DENV","1","1"
"GSM2992951",-3.23998546600342,-2.78559350967407,0.083557639337835,"DENV","High_DENV","1","1"
"GSM2992952",-4.31245470046997,-0.0252875275909901,0.582105752314536,"DENV","High_DENV","1","1"
"GSM2992953",-3.57955622673035,-0.3164002597332,0.092744442219194,"DENV","High_DENV","1","1"
"GSM2992954",-3.87324666976929,-0.653734922409058,0.042002244428142,"DENV","High_DENV","1","1"
"GSM2992955",-4.19273138046265,-0.17048217356205,0.0592848016811433,"DENV","High_DENV","1","1"
"GSM2992956",-3.96082353591919,-0.387670189142227,0.0434537841184958,"DENV","High_DENV","1","1"
"GSM2992957",-1.67249345779419,-0.47956246137619,0.0702156049241758,"DENV","High_DENV","1","1"
"GSM2992958",-3.12371635437012,-0.457857578992844,0.627814753663829,"DENV","High_DENV","1","1"
"GSM2992959",-4.0781078338623,-0.0761676952242851,0.0487719795652958,"DENV","High_DENV","1","1"
"GSM2992960",-3.72215890884399,-0.0856834650039673,0.101381527373236,"DENV","High_DENV","1","1"
"GSM2992961",-3.75721073150635,0.00819568149745464,0.080652964468247,"DENV","High_DENV","1","1"
"GSM2992962",-3.61998343467712,0.527132391929626,0.0927067667099974,"DENV","High_DENV","1","1"
"GSM2992963",-3.21062707901001,-1.22312963008881,0.722832143977337,"DENV","High_DENV","1","1"
"GSM2992964",-3.93132472038269,0.20178847014904,0.575421766037644,"DENV","High_DENV","1","1"
"GSM2992965",-2.99218106269836,0.0767133235931396,2.83542687307126e-06,"DENV","High_DENV","1","1"
"GSM2992966",-4.49463701248169,0.114944726228714,0.641062691066447,"DENV","High_DENV","1","1"
"GSM2992967",-4.18491077423096,0.00758820027112961,0,"DENV","High_DENV","1","1"
"GSM2992968",-3.69855308532715,-0.38011708855629,0.0575598819745496,"DENV","High_DENV","1","1"
"GSM2992969",-3.09712505340576,-1.30460715293884,0.759891969134644,"DENV","High_DENV","1","1"
"GSM2992970",-3.00572109222412,-0.894578993320465,0.71882002142854,"DENV","High_DENV","1","1"
"GSM2992971",-2.80324339866638,-1.99626815319061,0.0304288435009969,"DENV","High_DENV","1","1"
"GSM2992972",-4.10177087783813,-0.14108981192112,0.066451837858131,"DENV","High_DENV","1","1"
"GSM2992973",-2.91992473602295,-0.901065647602081,0.73861878953469,"DENV","High_DENV","1","1"
"GSM2992974",-3.81908297538757,-0.427915662527084,0.018564236727897,"DENV","High_DENV","1","1"
"GSM2992975",-2.76647329330444,-1.85270607471466,0.0704548175486501,"DENV","High_DENV","1","1"
"GSM2992976",-4.59324312210083,0.632197916507721,0.0409618687988449,"DENV","High_DENV","1","1"
"GSM2992978",-3.6779899597168,0.314358949661255,0.040162538360888,"DENV","High_DENV","1","1"
"GSM2992979",-3.56808733940125,0.281310766935349,0.0794129904474671,"DENV","High_DENV","1","1"
"GSM2992980",-2.98452305793762,-1.13913631439209,0.759935386640736,"DENV","High_DENV","1","1"
"GSM2992981",-1.77326595783234,-0.433135211467743,0.0532122877209633,"DENV","High_DENV","1","1"
"GSM2992982",-3.37375807762146,0.192937180399895,0.253272836469988,"DENV","High_DENV","1","1"
"GSM2992983",-2.09135437011719,-0.358615934848785,0.00662942039671188,"DENV","High_DENV","1","1"
"GSM2992984",-4.45062112808228,0.507055640220642,0,"DENV","High_DENV","1","1"
"GSM2992985",-3.32980394363403,0.206548884510994,0.197320589729149,"DENV","High_DENV","1","1"
"GSM2992986",-4.06054306030273,0.241746440529823,0.603900590398533,"DENV","High_DENV","1","1"
"GSM2992987",-1.89097142219543,-0.401694178581238,0.0355964950008749,"DENV","High_DENV","1","1"
"GSM2992988",-3.5857892036438,-0.661332428455353,0.102012439275393,"DENV","High_DENV","1","1"
"GSM2992989",-3.76966333389282,-0.440595090389252,0.0410244199052467,"DENV","High_DENV","1","1"
"GSM2992990",-3.98241305351257,-0.446089386940002,0.0276005793451157,"DENV","High_DENV","1","1"
"GSM2992991",-1.82344663143158,-0.243872180581093,0.0283842659968665,"DENV","High_DENV","1","1"
"GSM2992993",-2.7747688293457,0.364117681980133,3.09319295244137e-06,"DENV","High_DENV","1","1"
"GSM2992994",-3.30747604370117,-1.85035061836243,0.0034760215819698,"DENV","High_DENV","1","1"
"GSM2992995",-4.58073806762695,0.677496373653412,0.103008494850644,"DENV","High_DENV","1","1"
"GSM2992996",-3.32335662841797,-0.580761551856995,0.0124078107186473,"DENV","High_DENV","1","1"
"GSM2992997",-4.56673669815063,0.497859925031662,0.721376036940196,"DENV","High_DENV","1","1"
"GSM2992998",-2.92305541038513,-2.38728666305542,0.104828115623377,"DENV","High_DENV","1","1"
"GSM2992999",-3.56342315673828,0.142036899924278,0.0716185295632445,"DENV","High_DENV","1","1"
"GSM2993000",-1.8455798625946,-0.295289307832718,0.0307174411605315,"DENV","High_DENV","1","1"
"GSM2993001",-4.11018466949463,0.060101542621851,0.571857197565805,"DENV","High_DENV","1","1"
"GSM2993002",-1.61210775375366,-0.212924167513847,0.0514121148330715,"DENV","High_DENV","1","1"
"GSM2993003",-3.84346222877502,0.50044983625412,0.0537997751392071,"DENV","High_DENV","1","1"
"GSM2993004",-1.8113032579422,-0.170931369066238,0.0227001373452849,"DENV","High_DENV","1","1"
"GSM2993005",-3.97537326812744,-0.121228493750095,0.0835719158164106,"DENV","High_DENV","1","1"
"GSM2993006",-3.63714051246643,-0.569527566432953,0.120276809348139,"DENV","High_DENV","1","1"
"GSM2993009",-3.76130366325378,0.771114230155945,0,"DENV","High_DENV","1","1"
"GSM2993013",-3.4432532787323,0.128828480839729,0.180405407094294,"DENV","High_DENV","1","1"
"GSM2993014",-3.6727876663208,0.520301997661591,0.0283737709808594,"DENV","High_DENV","1","1"
"GSM2993015",-1.94772613048553,-0.165482327342033,0.00533253626581609,"DENV","High_DENV","1","1"
"GSM2993016",-2.87301158905029,0.285752952098846,3.35095903181148e-06,"DENV","High_DENV","1","1"
"GSM2993017",-3.11279344558716,0.18529848754406,3.6087251111816e-06,"DENV","High_DENV","1","1"
"GSM2993018",-4.13325786590576,-0.186069503426552,0.0758478886748394,"DENV","High_DENV","1","1"
"GSM2993019",-1.66091251373291,-0.891601622104645,0.014628930670042,"DENV","High_DENV","1","1"
"GSM2993020",-1.9579701423645,-0.000983411795459688,0.00358776758525292,"DENV","High_DENV","1","1"
"GSM2993021",-2.70929551124573,0.572136402130127,3.86649119055171e-06,"DENV","High_DENV","1","1"
"GSM2993022",-3.05028295516968,-2.17889666557312,0.0351927604616677,"DENV","High_DENV","1","1"
"GSM2993023",-3.66446828842163,0.579273402690887,0.0560522989078367,"DENV","High_DENV","1","1"
"GSM2993024",-1.65868890285492,-0.744847774505615,0.0146291884361214,"DENV","High_DENV","1","1"
"GSM2993025",-2.78923511505127,-1.16570544242859,0,"DENV","High_DENV","1","1"
"GSM2993026",-4.08649492263794,-0.391368895769119,0.0659512761326115,"DENV","High_DENV","1","1"
"GSM2993027",-3.51730227470398,0.482537448406219,0.200268938475003,"DENV","High_DENV","1","1"
"GSM2993028",-3.53494596481323,0.892760813236237,0.231281576522432,"DENV","High_DENV","1","1"
"GSM2993029",-4.55544185638428,0.447643309831619,0.721376294706275,"DENV","High_DENV","1","1"
"GSM2993030",-2.87109065055847,-0.382183641195297,0.671975049683387,"DENV","High_DENV","1","1"
"GSM2993031",-3.02272725105286,-0.635580062866211,0.676474879157963,"DENV","High_DENV","1","1"
"GSM2993032",-3.16344547271729,0.224200412631035,4.12425726992183e-06,"DENV","High_DENV","1","1"
"GSM2993033",-2.74614381790161,0.210599988698959,4.38202334929194e-06,"DENV","High_DENV","1","1"
"GSM2993034",-2.82692003250122,-1.99630641937256,0.0267223643221657,"DENV","High_DENV","1","1"
"GSM2993035",-3.84098696708679,-0.335164874792099,0.038714306323046,"DENV","High_DENV","1","1"
"GSM2993036",-4.27613544464111,-0.0530479773879051,0.0034444705660356,"DENV","High_DENV","1","1"
"GSM2993037",-3.92702150344849,0.77950793504715,0.133106232997859,"DENV","High_DENV","1","1"
"GSM2993038",-2.61197972297668,-0.9961177110672,0.00516990068660084,"DENV","High_DENV","1","1"
"GSM2993039",-2.87701272964478,-0.0680563524365425,0.0182663806481402,"DENV","High_DENV","1","1"
"GSM2993040",0.252804696559906,-2.12779879570007,0.277773884031777,"DENV","High_DENV","1","1"
"GSM2993041",-3.73884916305542,-0.5673508644104,0.0788501510628662,"DENV","High_DENV","1","1"
"GSM2993043",-3.92642569541931,-0.0994406938552856,0.0853912718854282,"DENV","High_DENV","1","1"
"GSM2993044",-3.28399705886841,0.0908467024564743,0.178366811449631,"DENV","High_DENV","1","1"
"GSM2993045",-3.76764440536499,-0.339657038450241,0.0233151575324601,"DENV","High_DENV","1","1"
"GSM2993046",-4.59998607635498,0.450654536485672,0.721376552472355,"DENV","High_DENV","1","1"
"GSM2993047",-3.28750038146973,0.299927890300751,0.119144010868889,"DENV","High_DENV","1","1"
"GSM2993048",-2.24026775360107,-1.23664593696594,0.0747133611071782,"DENV","High_DENV","1","1"
"GSM2993049",-3.01369309425354,0.574892938137054,4.63978942866206e-06,"DENV","High_DENV","1","1"
"GSM2993050",-3.77317142486572,-0.223773881793022,0.0639039532796633,"DENV","High_DENV","1","1"
"GSM2993051",-2.82192397117615,0.234390318393707,4.89755550803217e-06,"DENV","High_DENV","1","1"
"GSM2993052",-3.89089679718018,-0.10287044942379,0.093278512606018,"DENV","High_DENV","1","1"
"GSM2993053",-1.87935304641724,-0.344398498535156,0.0313870884103993,"DENV","High_DENV","1","1"
"GSM2993054",-3.94667720794678,0.249035745859146,0.588331485575645,"DENV","High_DENV","1","1"
"GSM2993055",-2.07468938827515,0.083933025598526,0.777275664557497,"DENV","High_DENV","1","1"
"GSM2993056",-3.1937096118927,0.191717430949211,0.0413403204257068,"DENV","High_DENV","1","1"
"GSM2993057",-4.39077949523926,0.673593521118164,0.23832239989784,"DENV","High_DENV","1","1"
"GSM2993058",-4.00316762924194,0.515536844730377,0.126876917275871,"DENV","High_DENV","1","1"
"GSM2993059",-2.00313425064087,-0.494308292865753,0.0308763542001136,"DENV","High_DENV","1","1"
"GSM2993060",-3.5599057674408,-0.393052637577057,0.116028740766174,"DENV","High_DENV","1","1"
"GSM2993061",-2.18619823455811,-1.02060556411743,0.0601136738460182,"DENV","High_DENV","1","1"
"GSM2993062",-4.15528869628906,-1.20798337459564,0.0394322246101153,"DENV","High_DENV","1","1"
"GSM2993063",-2.69546461105347,0.273857682943344,5.15532158740228e-06,"DENV","High_DENV","1","1"
"GSM2993064",-3.13035655021667,-0.978691756725311,0.70400648641673,"DENV","High_DENV","1","1"
"GSM2993065",-4.66431951522827,0.570043087005615,0.721376810238434,"DENV","High_DENV","1","1"
"GSM2993066",-3.80630564689636,-0.0862209498882294,0.103589774479422,"DENV","High_DENV","1","1"
"GSM2993067",-2.9500846862793,0.386305719614029,5.4130876667724e-06,"DENV","High_DENV","1","1"
"GSM2993068",-3.89691352844238,-0.491785049438477,0,"DENV","High_DENV","1","1"
"GSM2993069",-1.5308792591095,-0.595035076141357,0.0146294462022007,"DENV","High_DENV","1","1"
"GSM2993070",-3.56296968460083,-0.708403468132019,0.0833812608114314,"DENV","High_DENV","1","1"
"GSM2993071",-2.78149557113647,0.133803531527519,5.67085374614251e-06,"DENV","High_DENV","1","1"
"GSM2993072",-1.86151301860809,-0.302980810403824,0.029508949520868,"DENV","High_DENV","1","1"
"GSM2993073",-4.39607715606689,0.0340782068669796,0.608046142716023,"DENV","High_DENV","1","1"
"GSM2993074",-3.31741857528687,-0.793318033218384,0.635314854506806,"DENV","High_DENV","1","1"
"GSM2993075",-3.66050386428833,-1.11307859420776,0.0415775760747759,"DENV","High_DENV","1","1"
"GSM2993076",-3.19995331764221,-3.18399524688721,0.0777429878669909,"DENV","High_DENV","1","1"
"GSM2993077",-3.91858959197998,-0.642346918582916,0.021444625291752,"DENV","High_DENV","1","1"
"GSM2993078",-2.73849296569824,-1.84271395206451,0.0729226560106411,"DENV","High_DENV","1","1"
"GSM2993079",-4.22088956832886,-0.0977641344070435,0.0291475890869011,"DENV","High_DENV","1","1"
"GSM2993080",-3.10273551940918,-2.05972003936768,0.0493541071017529,"DENV","High_DENV","1","1"
"GSM2993081",-3.16723346710205,-2.79393792152405,0.0777427301009115,"DENV","High_DENV","1","1"
"GSM2993082",-3.45051193237305,-1.28205192089081,0.678969803866245,"Control","Bystander_DENV","1","1"
"GSM2993083",-2.717289686203,-2.25966286659241,0.106698361058203,"Control","Bystander_DENV","1","1"
"GSM2993084",-1.91201603412628,-0.451970100402832,0.0379505692253539,"Control","Bystander_DENV","1","1"
"GSM2993085",-4.76037740707397,-0.76034939289093,0.0674455763331619,"Control","Bystander_DENV","1","1"
"GSM2993086",-3.35579442977905,-1.98000407218933,0.0102817426882431,"Control","Bystander_DENV","1","1"
"GSM2993087",-2.6784188747406,-0.477313637733459,0.728444345342997,"Control","Bystander_DENV","1","1"
"GSM2993088",-3.75892543792725,1.13466560840607,0.112963573706296,"Control","Bystander_DENV","1","1"
"GSM2993089",-2.22977352142334,-1.15191972255707,0.0676660336849222,"Control","Bystander_DENV","1","1"
"GSM2993090",-2.80410814285278,1.17177319526672,5.92861982551263e-06,"Control","Bystander_DENV","1","1"
"GSM2993091",-0.0589983388781548,-2.45940136909485,0.591724829360945,"Control","Bystander_DENV","1","1"
"GSM2993092",-4.05685043334961,1.22461450099945,0.300513109811339,"Control","Bystander_DENV","1","1"
"GSM2993093",-2.81013774871826,-0.0622197836637497,0.637650484787633,"Control","Bystander_DENV","1","1"
"GSM2993094",-1.8078305721283,-0.494192987680435,0.0549599377321552,"Control","Bystander_DENV","1","1"
"GSM2993095",-3.14383029937744,-1.51602792739868,0.781164985403007,"Control","Bystander_DENV","1","1"
"GSM2993096",-4.19951200485229,0.816518604755402,0.0761496659892829,"Control","Bystander_DENV","1","1"
"GSM2993097",-2.56877946853638,-2.12220406532288,0.097238628287563,"Control","Bystander_DENV","1","1"
"GSM2993099",-2.1741931438446,-0.731051206588745,0.0330837563452735,"Control","Bystander_DENV","1","1"
"GSM2993100",-2.66317582130432,-1.6031174659729,0.0586240254046948,"Control","Bystander_DENV","1","1"
"GSM2993101",-4.16524076461792,-1.19297134876251,0.0324118610163181,"Control","Bystander_DENV","1","1"
"GSM2993102",-2.89337015151978,-0.912226259708405,0.746111226000029,"Control","Bystander_DENV","1","1"
"GSM2993103",-2.55643677711487,1.07379519939423,6.18638590488274e-06,"Control","Bystander_DENV","1","1"
"GSM2993104",-4.0334939956665,-2.06048989295959,0.667075961898786,"Control","Bystander_DENV","1","1"
"GSM2993105",-2.53066396713257,0.393286794424057,6.44415198425285e-06,"Control","Bystander_DENV","1","1"
"GSM2993106",-3.93348550796509,0.738902628421783,0.128958181323404,"Control","Bystander_DENV","1","1"
"GSM2993107",-3.06634330749512,1.13716518878937,6.70191806362297e-06,"Control","Bystander_DENV","1","1"
"GSM2993108",-2.27590084075928,1.1043735742569,6.95968414299308e-06,"Control","Bystander_DENV","1","1"
"GSM2993109",-1.97901558876038,-1.26574158668518,0.0143527853027843,"Control","Bystander_DENV","1","1"
"GSM2993110",-2.50215911865234,1.14554703235626,7.2174502223632e-06,"Control","Bystander_DENV","1","1"
"GSM2993111",-2.57819509506226,-1.58511960506439,0.0673351045010313,"Control","Bystander_DENV","1","1"
"GSM2993112",-2.89196753501892,-0.238697573542595,0.646001575927306,"Control","Bystander_DENV","1","1"
"GSM2993113",-3.9828622341156,1.20756781101227,0.252165883416714,"Control","Bystander_DENV","1","1"
"GSM2993114",-2.10566711425781,0.478087335824966,7.47521630173331e-06,"Control","Bystander_DENV","1","1"
"GSM2993115",-2.27089786529541,-0.395447045564651,0.00358750981917355,"Control","Bystander_DENV","1","1"
"GSM2993116",0.528462409973145,-2.27116084098816,0,"Control","Bystander_DENV","1","1"
"GSM2993117",-3.3406400680542,-1.90176331996918,0.00444702210604953,"Control","Bystander_DENV","1","1"
"GSM2993118",-2.22886180877686,-0.867232978343964,0.0397493976607033,"Control","Bystander_DENV","1","1"
"GSM2993119",0.722129642963409,1.42123281955719,0.124778875973522,"Control","Bystander_DENV","2","2"
"GSM2993120",-2.88486695289612,1.38943648338318,7.73298238110343e-06,"Control","Bystander_DENV","1","1"
"GSM2993121",-2.9897518157959,0.927457332611084,7.99074846047354e-06,"Control","Bystander_DENV","1","1"
"GSM2993122",-2.49826049804688,-0.44047600030899,0.762494700274199,"Control","Bystander_DENV","1","1"
"GSM2993123",-2.87905550003052,-1.21548271179199,0.794466793759457,"Control","Bystander_DENV","1","1"
"GSM2993124",-2.46350955963135,-1.59905564785004,0.0828540975719998,"Control","Bystander_DENV","1","1"
"GSM2993125",-1.74761652946472,0.0913931950926781,0.00472709092277213,"Control","Bystander_DENV","1","1"
"GSM2993126",-2.88080763816833,-1.02133655548096,0.765136590974584,"Control","Bystander_DENV","1","1"
"GSM2993127",-4.55594158172607,0.20921890437603,0.671455004567918,"Control","Bystander_DENV","1","1"
"GSM2993128",-4.83840847015381,-1.621302485466,0.00141700740685335,"Control","Bystander_DENV","1","1"
"GSM2993129",-2.52634286880493,-0.556663990020752,0.773655420964546,"Control","Bystander_DENV","1","1"
"GSM2993130",-2.3829779624939,-0.648265957832336,0.000828764113186109,"Control","Low_DENV","1","1"
"GSM2993131",-2.34716892242432,0.992911994457245,8.24851453984365e-06,"Control","Bystander_DENV","1","1"
"GSM2993132",-2.82856965065002,1.27662074565887,8.50628061921377e-06,"Control","Bystander_DENV","1","1"
"GSM2993133",-1.8851979970932,0.305192530155182,8.76404669858388e-06,"Control","Bystander_DENV","1","1"
"GSM2993134",-2.66330671310425,-2.12783336639404,0.0837460058132551,"Control","Low_DENV","1","1"
"GSM2993135",-2.63932132720947,-1.58019852638245,0.0593103420365757,"Control","Bystander_DENV","1","1"
"GSM2993136",-2.85228991508484,0.00826213508844376,0.0182666384142196,"Control","Bystander_DENV","1","1"
"GSM2993137",-1.33721339702606,-0.197559013962746,0.0838101852269577,"Control","Bystander_DENV","1","1"
"GSM2993138",-4.41251182556152,-0.77202969789505,0.00141674964077398,"Control","Bystander_DENV","1","1"
"GSM2993139",-2.89486861228943,0.359202742576599,9.021812777954e-06,"Control","Low_DENV","1","1"
"GSM2993140",-2.4251663684845,0.445471584796906,9.27957885732411e-06,"Control","Bystander_DENV","1","1"
"GSM2993141",-2.88341355323792,-0.165449574589729,0.636958743934474,"Control","Low_DENV","1","1"
"GSM2993142",-2.62077832221985,-0.427495002746582,0.73366809852901,"Control","Bystander_DENV","1","1"
"GSM2993143",-4.25303363800049,1.10495352745056,5.15532158740228e-07,"Control","Bystander_DENV","1","1"
"GSM2993144",-3.77089238166809,-1.64233350753784,0.662367077996024,"Control","Low_DENV","1","1"
"GSM2993145",-2.01233220100403,-1.38664758205414,0.0092365742201368,"Control","Bystander_DENV","1","1"
"GSM2993146",-3.69646549224854,0.739140272140503,0.0667644990725196,"Control","Bystander_DENV","1","1"
"GSM2993147",-2.98695850372314,1.16247117519379,9.53734493669423e-06,"Control","Bystander_DENV","1","1"
"GSM2993148",-4.76898050308228,-0.680711388587952,0.096247394724554,"Control","Bystander_DENV","1","1"
"GSM2993149",-2.12626957893372,0.912035882472992,9.79511101606434e-06,"Control","Low_DENV","1","1"
"GSM2993150",-2.80869269371033,0.507457673549652,1.00528770954345e-05,"Control","Bystander_DENV","1","1"
"GSM2993151",-2.915691614151,-1.35018765926361,0.00256313337349767,"Control","Bystander_DENV","1","1"
"GSM2993152",-2.98124265670776,-0.123483933508396,0.018266896180299,"Control","Bystander_DENV","1","1"
"GSM2993153",-2.23629426956177,-0.617772042751312,0.0142663761116477,"Control","Bystander_DENV","1","1"
"GSM2993154",-3.2744128704071,0.634141683578491,0.00244083839669418,"Control","Bystander_DENV","1","1"
"GSM2993155",-4.0861349105835,0.307477712631226,0.622500305040632,"Control","Bystander_DENV","1","1"
"GSM2993156",-3.59215831756592,-0.0668707713484764,0.0832227594478765,"Control","Bystander_DENV","1","1"
"GSM2993157",-3.65588855743408,-1.95211756229401,0.733794486297658,"Control","Bystander_DENV","1","1"
"GSM2993158",-3.12996792793274,-1.70331132411957,0.0108983905983189,"Control","Bystander_DENV","1","1"
"GSM2993159",-4.71654319763184,-0.294809758663177,0.582744627339,"Control","Bystander_DENV","1","1"
"GSM2993160",-2.96234464645386,-0.471517950296402,0.665265676999885,"Control","Bystander_DENV","1","1"
"GSM2993161",-3.15431571006775,-1.96284055709839,0.0334516471511228,"Control","Bystander_DENV","1","1"
"GSM2993162",-3.43188405036926,-1.96829319000244,0.785372652887696,"DENV","High_DENV","1","1"
"GSM2993163",-4.70406103134155,-0.654312252998352,0.0929815245849073,"DENV","High_DENV","1","1"
"GSM2993164",-4.91546535491943,-1.58120036125183,0.00141649187469461,"DENV","High_DENV","1","1"
"GSM2993165",-3.58618783950806,-2.13494229316711,0.776353022819407,"DENV","High_DENV","1","1"
"GSM2993166",-4.66625881195068,-2.49299931526184,0.0910810267858037,"DENV","High_DENV","1","1"
"GSM2993167",-4.46719026565552,-1.13202738761902,0.00141623410861524,"DENV","High_DENV","1","1"
"GSM2993168",-4.77590036392212,-0.688303530216217,0.0949647570644924,"DENV","High_DENV","1","1"
"GSM2993169",-3.18762588500977,-0.353287518024445,0.00330361027616977,"DENV","High_DENV","1","1"
"GSM2993170",-2.03676533699036,-0.675030529499054,0.0445228864564289,"DENV","High_DENV","1","1"
"GSM2993171",-3.27928781509399,0.273416340351105,0.117493312970074,"DENV","High_DENV","1","1"
"GSM2993172",-2.65329170227051,-1.31744086742401,0.0317149942700248,"DENV","High_DENV","1","1"
"GSM2993173",-3.6711847782135,0.89165186882019,0.142786363655517,"DENV","High_DENV","1","1"
"GSM2993174",0.301517874002457,1.99305760860443,0.140284759982362,"DENV","Low_DENV","2","2"
"GSM2993175",-3.44524335861206,-2.32622718811035,0.0333396803041237,"DENV","High_DENV","1","1"
"GSM2993176",-2.2512993812561,0.090755008161068,0.737494099757981,"DENV","High_DENV","1","1"
"GSM2993177",-2.99795269966125,-1.814457654953,0.0381328617610053,"DENV","High_DENV","1","1"
"GSM2993178",-2.90993762016296,-2.18074750900269,0.0576569083469356,"DENV","High_DENV","1","1"
"GSM2993179",-2.66498756408691,0.979338347911835,1.03106431748046e-05,"DENV","High_DENV","1","1"
"GSM2993180",-4.96692514419556,-1.50506711006165,0.00141597634253587,"DENV","High_DENV","1","1"
"GSM2993181",-4.24173069000244,-1.77060437202454,0.117370279596484,"DENV","High_DENV","1","1"
"GSM2993182",-2.40191149711609,-0.626365482807159,0.00358725205309418,"DENV","High_DENV","1","1"
"GSM2993183",-4.35592317581177,-0.677637159824371,0.0192035398411247,"DENV","High_DENV","1","1"
"GSM2993184",-3.06942844390869,-1.8189297914505,0.0297529179267235,"DENV","High_DENV","1","1"
"GSM2993185",-2.03755640983582,-1.25328540802002,0.0146297039682801,"DENV","High_DENV","1","1"
"GSM2993186",-3.00841736793518,0.149564310908318,1.05684092541747e-05,"DENV","High_DENV","1","1"
"GSM2993187",-1.53966212272644,-1.46722877025604,0.20987006669436,"DENV","High_DENV","1","1"
"GSM2993188",-3.25894546508789,-1.98551464080811,0.0227733805450536,"DENV","High_DENV","1","1"
"GSM2993189",-2.74302792549133,-0.357359886169434,0.696380776441151,"DENV","High_DENV","1","1"
"GSM2993190",1.18413829803467,-3.17326521873474,0.063121541190525,"DENV","Bystander_DENV","1","1"
"GSM2993191",-3.72362112998962,-0.772759079933167,0.126162452711815,"DENV","High_DENV","1","1"
"GSM2993192",-4.38001489639282,-0.207973897457123,0.0366711554585727,"DENV","High_DENV","1","1"
"GSM2993193",-3.8054256439209,-1.66036105155945,0.657476012888335,"DENV","Low_DENV","1","1"
"GSM2993194",-3.02751612663269,-1.04683840274811,0.736738096854813,"DENV","High_DENV","1","1"
"GSM2993195",-4.71204423904419,-0.918353617191315,0.004390865524319,"DENV","High_DENV","1","1"
"GSM2993196",-4.36216878890991,-2.06629657745361,0.128104572061307,"DENV","High_DENV","1","1"
"GSM2993197",-3.65966653823853,0.822100281715393,0.135292766441212,"DENV","High_DENV","1","1"
"GSM2993198",-3.00873947143555,-1.43484437465668,0.000580206711115805,"DENV","High_DENV","1","1"
"GSM2993199",-2.94029998779297,-1.23894345760345,0.784523735968827,"DENV","High_DENV","1","1"
"GSM2993200",-4.37891149520874,-2.08756947517395,0.125620741191082,"DENV","High_DENV","1","1"
"GSM2993201",-3.75007939338684,-1.69510734081268,0.674804414759722,"DENV","High_DENV","1","1"
"GSM2993202",-3.22887086868286,-0.278929054737091,0.0348268422936772,"DENV","Low_DENV","1","1"
"GSM2993203",-1.62529325485229,-1.45624732971191,0.157484841779796,"DENV","High_DENV","1","1"
"GSM2993204",-3.15725827217102,-2.20839214324951,0.0572661654007984,"DENV","Low_DENV","1","1"
"GSM2993205",-4.71480417251587,-1.62165701389313,0.0014157185764565,"DENV","High_DENV","1","1"
"GSM2993206",-2.73807072639465,-0.854658842086792,0.771614298454455,"DENV","High_DENV","1","1"
"GSM2993207",-4.59057950973511,-1.74810874462128,0.00141546081037713,"DENV","High_DENV","1","1"
"GSM2993208",-4.77975988388062,-1.01572275161743,0.00141520304429776,"DENV","High_DENV","1","1"
"GSM2993209",-5.15672779083252,-2.09210610389709,0.00141494527821839,"DENV","High_DENV","1","1"
"GSM2993210",-3.21207928657532,0.370223075151443,0.00891110070173795,"DENV","High_DENV","1","1"
"GSM2993211",-2.89625263214111,-1.53721809387207,0.0233786712163926,"DENV","High_DENV","1","1"
"GSM2993212",-2.44225239753723,-1.18917763233185,0.0451225508008797,"DENV","High_DENV","1","1"
"GSM2993213",-4.80863809585571,-1.19074070453644,0.00141468751213902,"DENV","High_DENV","1","1"
"GSM2993214",-5.50632429122925,-1.99814748764038,0.00141442974605965,"DENV","High_DENV","1","1"
"GSM2993215",-3.48890852928162,-2.11850786209106,0.00749698622647443,"DENV","High_DENV","1","1"
"GSM2993216",-3.38774299621582,-0.407685846090317,0.073041045113443,"DENV","High_DENV","1","1"
"GSM2993217",-5.02776002883911,-2.11734437942505,0.00141417197998028,"DENV","High_DENV","1","1"
"GSM2993218",-3.78193378448486,0.64393538236618,0.0537995173731277,"DENV","Low_DENV","1","1"
"GSM2993219",-4.14966773986816,-2.64598488807678,0.728871049362397,"DENV","High_DENV","1","1"
"GSM2993220",-1.8001184463501,-1.0975878238678,0.0146299617343595,"DENV","Bystander_DENV","1","1"
"GSM2993221",-2.0315272808075,-2.65604901313782,0.0235991080651492,"DENV","High_DENV","1","1"
"GSM2993222",-2.82962799072266,0.0017134256195277,0.0182671539463783,"DENV","Low_DENV","1","1"
"GSM2993223",-5.4249963760376,-1.65070331096649,0.00141391421390091,"DENV","High_DENV","1","1"
"GSM2993224",-3.2635235786438,-0.146588444709778,0.075314987389945,"DENV","High_DENV","1","1"
"GSM2993225",-4.16447687149048,-2.85899114608765,0.757378999254636,"DENV","High_DENV","1","1"
"GSM2993226",-3.5815851688385,-2.29722571372986,0.0136609207260869,"DENV","High_DENV","1","1"
"GSM2993227",-3.84218597412109,0.582645058631897,0.0537992596070483,"DENV","High_DENV","1","1"
"GSM2993228",-3.97909188270569,-2.60759329795837,0.760585999457415,"DENV","High_DENV","1","1"
"GSM2993229",-4.82364702224731,-0.633981585502625,0.0981679116916266,"DENV","High_DENV","1","1"
"GSM2993230",-4.01966905593872,-1.38398444652557,0.129369338472021,"DENV","High_DENV","1","1"
"GSM2993231",-4.2898473739624,0.248750612139702,0.640114272588499,"DENV","High_DENV","1","1"
"GSM2993232",-5.24878120422363,-1.55689311027527,0.00141365644782154,"DENV","High_DENV","1","1"
"GSM2993233",-3.8871214389801,-2.83634877204895,0.0290508006501395,"DENV","High_DENV","1","1"
"GSM2993234",-2.91165685653687,-2.03689932823181,0.023100439675648,"DENV","High_DENV","1","1"
"GSM2993235",-2.70674228668213,-1.00057303905487,0.800244181159817,"DENV","Bystander_DENV","1","1"
"GSM2993236",-4.64115238189697,-2.04254961013794,0.0109076156246101,"DENV","High_DENV","1","1"
"GSM2993237",-3.46092081069946,-2.96749663352966,0.0777424723348321,"DENV","High_DENV","1","1"
"GSM2993238",-3.26154518127441,0.317870736122131,0.0831019043664847,"DENV","High_DENV","1","1"
"GSM2993239",-3.23391151428223,0.029140867292881,0.0986036763419543,"DENV","Low_DENV","1","1"
"GSM2993240",-5.19628763198853,-2.4000141620636,0.00141339868174217,"DENV","High_DENV","1","1"
"GSM2993241",-5.42155790328979,-1.85066866874695,0.0014131409156628,"DENV","High_DENV","1","1"
"GSM2993242",-3.09538817405701,0.144468948245049,1.08261753335448e-05,"DENV","High_DENV","1","1"
"GSM2993243",-2.72846913337708,0.996082365512848,1.10839414129149e-05,"DENV","Bystander_DENV","1","1"
"GSM2993244",-4.42545509338379,-0.495542824268341,0.0944865829822862,"DENV","Low_DENV","1","1"
"GSM2993245",-4.48342370986938,-1.60043489933014,0.00141288314958343,"DENV","High_DENV","1","1"
"GSM2993246",-2.35619497299194,-2.09749865531921,0.108879468127505,"DENV","High_DENV","1","1"
"GSM2993247",-5.00453424453735,-0.873053550720215,0.0751467460910815,"DENV","High_DENV","1","1"
"GSM2993248",-2.54872822761536,-0.936831891536713,0.00713596876574396,"DENV","High_DENV","1","1"
"GSM2993249",-2.56513428688049,0.415853649377823,1.1341707492285e-05,"DENV","Bystander_DENV","1","1"
"GSM2993250",-4.68648529052734,-2.55159378051758,0.0946750187716585,"DENV","High_DENV","1","1"
"GSM2993251",-3.52124094963074,-2.11295604705811,0.787328825039549,"DENV","High_DENV","1","1"
"GSM2993252",-4.7887716293335,0.508151412010193,0.721377068004514,"DENV","High_DENV","1","1"
"GSM2993253",-4.42360353469849,0.220921248197556,0.654084601786863,"DENV","High_DENV","1","1"
"GSM2993254",-3.43770360946655,-2.57803916931152,0.069534092141093,"DENV","High_DENV","1","1"
"GSM2993255",-4.69874000549316,-2.48138427734375,0.0756628542569323,"DENV","High_DENV","1","1"
"GSM2993256",-2.18459105491638,0.709597587585449,1.15994735716551e-05,"DENV","High_DENV","1","1"
"GSM2993257",-3.48762226104736,-0.0621899738907814,0.0788398265381949,"DENV","High_DENV","1","1"
"GSM2993258",-3.89268922805786,-2.735107421875,0.0183950839082649,"DENV","High_DENV","1","1"
"GSM2993259",-3.28292536735535,-0.0225425474345684,0.107997457708389,"DENV","High_DENV","1","1"
"GSM2993260",-3.55895781517029,-1.93198418617249,0.752067425582336,"DENV","High_DENV","1","1"
"GSM2993261",-4.02620601654053,-0.649088621139526,0.00141262538350406,"DENV","High_DENV","1","1"
"GSM2993262",-5.0870680809021,-2.3505322933197,0.00141236761742469,"DENV","High_DENV","1","1"
"GSM2993263",-3.26517581939697,-3.05565023422241,0.0777422145687527,"DENV","High_DENV","1","1"
"GSM2993264",-4.49433898925781,-0.96010410785675,0.00141210985134532,"DENV","High_DENV","1","1"
"GSM2993265",-5.04621124267578,-1.60796988010406,0.00141185208526595,"DENV","High_DENV","1","1"
"GSM2993266",-5.45129442214966,-1.71298623085022,0.00141159431918658,"DENV","High_DENV","1","1"
"GSM2993267",-4.61906909942627,-1.11107707023621,0.00141133655310721,"DENV","High_DENV","1","1"
"GSM2993268",-2.26491498947144,-2.49076199531555,0.0777419568026734,"DENV","High_DENV","1","1"
"GSM2993269",-4.67762851715088,-0.471978485584259,0.0704919289227479,"DENV","High_DENV","1","1"
"GSM2993270",-4.67890119552612,-1.77348566055298,0.00141107878702784,"DENV","High_DENV","1","1"
"GSM2993271",-4.57339239120483,-1.20673024654388,0.00141082102094847,"DENV","High_DENV","1","1"
"GSM2993272",-4.69441938400269,-1.31219863891602,0.0014105632548691,"DENV","High_DENV","1","1"
"GSM2993275",-4.72968530654907,-0.524758517742157,0.0786608976838556,"DENV","Bystander_DENV","1","1"
"GSM2993276",-3.71053433418274,-2.23876166343689,0.764538880138864,"DENV","High_DENV","1","1"
"GSM2993277",-3.74032354354858,-1.93954718112946,0.713387847742474,"DENV","High_DENV","1","1"
"GSM2993278",-4.78480005264282,-0.877772629261017,0.0319934807352549,"DENV","High_DENV","1","1"
"GSM2993279",-4.73500347137451,-1.15969157218933,0.00141030548878973,"DENV","High_DENV","1","1"
"GSM2993280",-3.54533720016479,-1.93275666236877,0.755171665676152,"DENV","High_DENV","1","1"
"GSM2993281",-4.42722129821777,-0.804472386837006,0.00141004772271036,"DENV","High_DENV","1","1"
"GSM2993282",-3.22585892677307,-3.09383893013,0.077741699036594,"DENV","Bystander_DENV","1","1"
"GSM2993283",-3.21385359764099,-3.21316242218018,0.0777414412705146,"DENV","Low_DENV","1","1"
"GSM2993284",-3.12998270988464,-3.11947631835938,0.0777411835044353,"DENV","High_DENV","1","1"
"GSM2993285",-3.65468955039978,-3.13224506378174,0.0777409257383559,"DENV","High_DENV","1","1"
"GSM2993286",-3.85004925727844,-2.84281539916992,0.0342638954490069,"DENV","High_DENV","1","1"
"GSM2993287",-4.38861227035522,-2.52564692497253,0.0518691249876494,"DENV","High_DENV","1","1"
"GSM2993288",-4.46703243255615,-1.76632833480835,0.0257128539048113,"DENV","High_DENV","1","1"
"GSM2993289",-4.0388879776001,-2.67909979820251,0.758122624308865,"DENV","High_DENV","1","1"
"GSM2993290",-5.01504039764404,-2.5643150806427,0.00140978995663099,"DENV","High_DENV","1","1"
"GSM2993291",-5.14173555374146,-1.5058456659317,0.00140953219055162,"DENV","High_DENV","1","1"
"GSM2993292",-5.0597186088562,-2.31844091415405,0.00140927442447225,"DENV","High_DENV","1","1"
"GSM2993293",-4.22227716445923,-2.75470948219299,0.729145123954189,"DENV","High_DENV","1","1"
"GSM2993294",-4.66295003890991,-2.05565905570984,0.00475081616638418,"DENV","High_DENV","1","1"
"GSM2993295",-3.19873356819153,-2.84155106544495,0.0777406679722765,"DENV","High_DENV","1","1"
"GSM2993296",-4.885817527771,-2.37141919136047,0.00140901665839288,"DENV","High_DENV","1","1"
"GSM2993297",-4.05882740020752,-2.79989051818848,0.771757318648565,"DENV","High_DENV","1","1"
"GSM2993298",-4.30248737335205,-2.45788931846619,0.667287398857189,"DENV","High_DENV","1","1"
"GSM2993299",-5.42255735397339,-1.74402976036072,0.00140875889231351,"DENV","High_DENV","1","1"
"GSM2993300",-5.33988523483276,-1.63152039051056,0.00140850112623414,"DENV","High_DENV","1","1"
"GSM2993301",-4.52637529373169,-1.89021575450897,0.0266298331125091,"DENV","High_DENV","1","1"
"GSM2993302",-4.80362319946289,-2.01825833320618,0.00140824336015477,"DENV","High_DENV","1","1"
"GSM2993303",-5.01845502853394,-2.31849789619446,0.0014079855940754,"DENV","High_DENV","1","1"
"GSM2993304",-4.3386697769165,-3.13822412490845,0.760779959430081,"DENV","High_DENV","1","1"
"GSM2993305",-3.88595294952393,-2.63753581047058,0.00961833155284642,"DENV","High_DENV","1","1"
"GSM2993306",-5.04865264892578,-1.75838387012482,0.00140772782799603,"DENV","High_DENV","1","1"
"GSM2993307",-4.77514123916626,-0.625324487686157,0.104384429015725,"DENV","High_DENV","1","1"
"GSM2993308",-5.12920665740967,-2.32441687583923,0.00140747006191666,"DENV","High_DENV","1","1"
"GSM2993309",-4.07992601394653,-2.3692455291748,0.70291772440319,"DENV","High_DENV","1","1"
"GSM2993310",-4.92507123947144,-1.43338263034821,0.00140721229583729,"DENV","High_DENV","1","1"
"GSM2993311",-5.09886074066162,-1.16843438148499,0.00140695452975792,"DENV","High_DENV","1","1"
"GSM2993312",-4.7009072303772,-1.92279636859894,0.00140669676367855,"DENV","High_DENV","1","1"
"GSM2993313",-4.92205286026001,-2.42595839500427,0.00140643899759918,"DENV","High_DENV","1","1"
"GSM2993314",-5.30607318878174,-1.65275871753693,0.00140618123151981,"DENV","High_DENV","1","1"
"GSM2993315",-3.65718269348145,1.15638756752014,0.239514014261509,"DENV","High_DENV","1","1"
"GSM2993316",-4.31785106658936,-3.00705981254578,0.745793178957859,"DENV","High_DENV","1","1"
"GSM2993317",-4.00204277038574,-2.82495546340942,0.0137509514809804,"DENV","High_DENV","1","1"
"GSM2993318",-5.03057146072388,-1.41189539432526,0.00140592346544044,"DENV","High_DENV","1","1"
"GSM2993319",-3.95326232910156,-2.63372468948364,0.770152220529425,"DENV","High_DENV","1","1"
"GSM2993320",-4.42959451675415,-2.71275782585144,0.677390563204327,"DENV","High_DENV","1","1"
"GSM2993321",-4.62750387191772,-0.409664481878281,0.0587045344741383,"DENV","High_DENV","1","1"
"GSM2993322",-4.51250791549683,-0.532730579376221,0.0982554694766734,"DENV","High_DENV","1","1"
"GSM2993323",-4.40927839279175,-1.42255401611328,0.00140566569936107,"DENV","High_DENV","1","1"
"GSM2993324",-5.21845579147339,-1.93913018703461,0.0014054079332817,"DENV","High_DENV","1","1"
"GSM2993325",-4.12932825088501,-2.65815186500549,0.735149690663911,"DENV","High_DENV","1","1"
"GSM2993326",-3.58944010734558,-2.66628956794739,0.066757854756722,"DENV","High_DENV","1","1"
"GSM2993327",-5.88698625564575,-3.42845749855042,0.00140515016720233,"DENV","High_DENV","1","1"
"GSM2993328",-4.22252798080444,-1.12727189064026,0.00140489240112296,"DENV","High_DENV","1","1"
"GSM2993329",-2.49595856666565,-0.115862995386124,0.714600620663152,"DENV","High_DENV","1","1"
"GSM2993330",-4.15455389022827,-2.70884466171265,0.737171259262423,"DENV","High_DENV","1","1"
"GSM2993331",-4.24416589736938,-1.14150393009186,0.00140463463504359,"DENV","Low_DENV","1","1"
"GSM2993332",-5.46246242523193,-1.98504483699799,0.00140437686896422,"DENV","High_DENV","1","1"
"GSM2993333",-5.44294023513794,-1.83802855014801,0.00140411910288485,"DENV","High_DENV","1","1"
"GSM2993334",-4.98072290420532,-1.94315886497498,0.00140386133680548,"DENV","High_DENV","1","1"
"GSM2993335",-4.38428068161011,-1.4739134311676,0.00044942731390496,"DENV","High_DENV","1","1"
"GSM2993336",-4.3230299949646,-2.90091443061829,0.728829730030778,"DENV","High_DENV","1","1"
"GSM2993337",-2.21540474891663,-2.05362939834595,0.0972425872929594,"DENV","High_DENV","1","1"
"GSM2993338",-5.1073112487793,-1.65776407718658,0.00140360357072611,"DENV","High_DENV","1","1"
"GSM2993339",-4.27693367004395,-2.06032872200012,0.100128652303785,"DENV","High_DENV","1","1"
"GSM2993340",-5.33860015869141,-1.81960546970367,0.00140334580464674,"DENV","High_DENV","1","1"
"GSM2993341",-4.95099401473999,-2.31845116615295,0.00140308803856737,"DENV","High_DENV","1","1"
"GSM2993342",-4.2637791633606,-2.42233419418335,0.670481874414819,"DENV","High_DENV","1","1"
"GSM2993343",-4.95864725112915,-2.73215746879578,0.0211830411247659,"DENV","High_DENV","1","1"
"GSM2993344",-5.54678773880005,-1.89053606987,0.001402830272488,"DENV","High_DENV","1","1"
"GSM2993345",-4.95417928695679,-2.64636397361755,0.00578652197056034,"DENV","High_DENV","1","1"
"GSM2993346",-4.53745651245117,-2.18463826179504,0.0811811508444594,"DENV","High_DENV","1","1"
"GSM2993347",-5.2468638420105,-1.69163811206818,0.00140257250640863,"DENV","High_DENV","1","1"
"GSM2993348",-3.79978847503662,-2.81975626945496,0.0381949584839125,"DENV","High_DENV","1","1"
"GSM2993349",-4.39569282531738,-2.42200136184692,0.0754953907901633,"DENV","High_DENV","1","1"
"GSM2993350",-4.57679224014282,-2.01749110221863,0.0318232706232233,"DENV","High_DENV","1","1"
"GSM2993351",-4.11884927749634,-3.17600297927856,0.105173476255311,"DENV","High_DENV","1","1"
"GSM2993352",-5.23446130752563,-1.69651389122009,0.00140231474032926,"DENV","High_DENV","1","1"
"GSM2993353",-4.10625314712524,-1.45391511917114,0.108490062590715,"DENV","High_DENV","1","1"
"GSM2993354",-4.36340093612671,-0.955574452877045,0.00140205697424989,"DENV","High_DENV","1","1"
"GSM2993355",-4.14271306991577,-2.94595837593079,0.775124275232756,"DENV","High_DENV","1","1"
"GSM2993356",-4.5738410949707,-3.07145929336548,0.69920964470153,"DENV","High_DENV","1","1"
"GSM2993357",-2.90836000442505,0.242909818887711,1.18572396510253e-05,"DENV","High_DENV","1","1"
"GSM2993358",-3.65623760223389,-2.22506189346313,0.774414424408628,"DENV","High_DENV","1","1"
"GSM2993359",-5.16856336593628,-1.47192311286926,0.00140179920817052,"DENV","High_DENV","1","1"
"GSM2993360",-5.11736536026001,-3.41281795501709,0.0936538398366544,"DENV","High_DENV","1","1"
"GSM2993361",-3.97411727905273,-2.63679838180542,0.766033065850128,"DENV","High_DENV","1","1"
"GSM2993362",-4.76878929138184,-2.4199333190918,0.0351146443207325,"DENV","High_DENV","1","1"
"GSM2993363",-3.65213513374329,0.0655386373400688,0.0809512131863693,"DENV","High_DENV","1","1"
"GSM2993364",-5.15986204147339,-1.99642646312714,0.00140154144209115,"DENV","High_DENV","1","1"
"GSM2993365",-3.83967638015747,-2.58859157562256,0.0105085358832142,"DENV","High_DENV","1","1"
"GSM2993366",-5.07224464416504,-1.5507218837738,0.00140128367601178,"DENV","High_DENV","1","1"
"GSM2993367",-3.81293869018555,-2.64783382415771,0.0196408527111058,"DENV","High_DENV","1","1"
"GSM2993368",-4.86402463912964,-2.10128879547119,0.00140102590993241,"DENV","High_DENV","1","1"
"GSM2993369",-3.80328607559204,-2.0310595035553,0.713212552317119,"DENV","High_DENV","1","1"
"GSM2993370",-4.67142534255981,-1.42041885852814,0.00140076814385304,"DENV","High_DENV","1","1"
"GSM2993371",-4.32977771759033,-1.95015788078308,0.11787724864795,"DENV","High_DENV","1","1"
"GSM2993372",-3.79363799095154,-2.74543881416321,0.0316346617396424,"DENV","High_DENV","1","1"
"GSM2993373",-5.20573425292969,-2.20305037498474,0.00140051037777367,"DENV","High_DENV","1","1"
"GSM2993374",-4.80958461761475,-2.27407622337341,0.0014002526116943,"DENV","High_DENV","1","1"
"GSM2993375",-5.4016170501709,-3.67427086830139,0.0315037895550404,"DENV","High_DENV","1","1"
"GSM2993376",-3.92003655433655,-2.18175601959229,0.710056505783688,"DENV","High_DENV","1","1"
"GSM2993377",-3.35134840011597,-2.50017380714417,0.0645257105090942,"DENV","High_DENV","1","1"
"GSM2993378",-4.39353370666504,-1.38903594017029,0.00139999484561493,"DENV","High_DENV","1","1"
"GSM2993379",-4.82195901870728,-1.98502135276794,0.00139973707953556,"DENV","High_DENV","1","1"
"GSM2993380",-4.95354223251343,-2.71786141395569,0.0203744463231883,"DENV","High_DENV","1","1"
"GSM2993381",-4.13912582397461,-0.701651394367218,0.00139947931345619,"DENV","High_DENV","1","1"
"GSM2993382",-5.61799192428589,-1.98443400859833,0.00139922154737682,"DENV","High_DENV","1","1"
"GSM2993383",-5.54925012588501,-2.77905893325806,0.00139896378129745,"DENV","High_DENV","1","1"
"GSM2993384",-4.5922417640686,-2.49539709091187,0.121392899449046,"DENV","High_DENV","1","1"
"GSM2993385",-4.30248546600342,-1.64178538322449,0.0670644337402774,"DENV","High_DENV","1","1"
"GSM2993386",-3.5141806602478,-1.83325147628784,0.747175409842016,"DENV","High_DENV","1","1"
"GSM2993387",-4.78372287750244,-2.34583139419556,0.0142416412500556,"DENV","High_DENV","1","1"
"GSM2993388",-5.34692239761353,-1.69468867778778,0.00139870601521808,"DENV","High_DENV","1","1"
"GSM2993389",-3.85537433624268,-2.4443027973175,0.763394335216388,"DENV","High_DENV","1","1"
"GSM2993390",-3.8036413192749,-2.67487144470215,0.0234506965486623,"DENV","High_DENV","1","1"
"GSM2993391",-4.96348810195923,-0.926223754882812,0.0492426275443278,"DENV","High_DENV","1","1"
"GSM2993392",-4.88890409469604,-2.4625391960144,0.00139844824913871,"DENV","High_DENV","1","1"
"GSM2993393",-4.51181983947754,-2.15815591812134,0.0862042347856671,"DENV","High_DENV","1","1"
"GSM2993394",-4.59350490570068,-0.241089925169945,0.00760962763044848,"DENV","High_DENV","1","1"
"GSM2993395",-5.43292570114136,-1.71948337554932,0.00139819048305934,"DENV","High_DENV","1","1"
"GSM2993396",-4.80491924285889,-1.11477160453796,0.00139793271697997,"DENV","High_DENV","1","1"
"GSM2993397",-4.631516456604,-1.72613418102264,0.0013976749509006,"DENV","High_DENV","1","1"
"GSM2993398",-3.86430168151855,-2.68748211860657,0.0172080508321886,"DENV","High_DENV","1","1"
"GSM2993399",-3.36501431465149,-2.08966755867004,0.0199429336994106,"DENV","High_DENV","1","1"
"GSM2993400",-4.60810470581055,-1.63057231903076,0.00139741718482123,"DENV","High_DENV","1","1"
"GSM2993401",-4.52071857452393,-2.06256151199341,0.0634571026227639,"DENV","High_DENV","1","1"
"GSM2993402",-4.1223521232605,-1.19765913486481,0.0506374467106411,"DENV","High_DENV","1","1"
"GSM2993403",-4.75804805755615,-2.21819114685059,0.00099630290882885,"DENV","High_DENV","1","1"
"GSM2993404",-4.39545154571533,-2.63349461555481,0.673065936885024,"DENV","High_DENV","1","1"
"GSM2993405",-4.43224954605103,-2.19276404380798,0.125210512229579,"DENV","High_DENV","1","1"
"GSM2993406",-4.49580097198486,-2.38843989372253,0.12256607441943,"DENV","High_DENV","1","1"
"GSM2993407",-4.77448606491089,-2.546231508255,0.0581353112281155,"DENV","High_DENV","1","1"
"GSM2993408",-4.69394969940186,-2.0485520362854,0.00139715941874186,"DENV","High_DENV","1","1"
"GSM2993409",-3.45408391952515,-2.21741938591003,0.0215329648399067,"DENV","Low_DENV","1","1"
"GSM2993410",-4.2155818939209,-1.44276118278503,0.0621939750816498,"DENV","High_DENV","1","1"
"GSM2993411",-4.10378122329712,-2.10092186927795,0.657678142467087,"DENV","High_DENV","1","1"
"GSM2993412",-4.10645294189453,-2.20799446105957,0.673055553920703,"DENV","High_DENV","1","1"
"GSM2993413",-4.82311534881592,-1.76639318466187,0.00139690165266249,"DENV","High_DENV","1","1"
"GSM2993414",-3.37665963172913,-2.35973191261292,0.0451003230886871,"DENV","High_DENV","1","1"
"GSM2993415",-3.78159999847412,-2.31630063056946,0.760501274701262,"DENV","High_DENV","1","1"
"GSM2993416",-5.18818664550781,-1.48160970211029,0.00139664388658312,"DENV","High_DENV","1","1"
"GSM2993418",-4.13423919677734,-2.04096412658691,0.0465070681828995,"DENV","High_DENV","1","1"
"GSM2993419",-4.44139385223389,-2.49737691879272,0.0788044624385021,"DENV","High_DENV","1","1"
"GSM2993420",-4.111647605896,-2.18665289878845,0.66873313385136,"DENV","High_DENV","1","1"
"GSM2993421",-3.27962064743042,-3.1364312171936,0.0777404102061972,"DENV","High_DENV","1","1"
"GSM2993422",-4.47239971160889,-2.11615633964539,0.0936722419189774,"DENV","High_DENV","1","1"
"GSM2993423",-4.5790319442749,-1.3147656917572,0.00139638612050375,"DENV","High_DENV","1","1"
"GSM2993424",-4.21898174285889,-2.32043981552124,0.665121986035978,"DENV","High_DENV","1","1"
"GSM2993425",-3.19863033294678,-3.23221874237061,0.0777401524401178,"DENV","High_DENV","1","1"
"GSM2993426",-1.7849428653717,0.369244337081909,1.21150057303954e-05,"Control","Bystander_DENV","1","1"
"GSM2993427",-1.76178252696991,0.755118072032928,1.23727718097655e-05,"Control","Bystander_DENV","1","1"
"GSM2993428",-0.932147979736328,-0.78846138715744,1.11235336340506,"Control","Bystander_DENV","1","1"
"GSM2993430",-3.38977074623108,-1.35357224941254,0.702962409459955,"Control","Bystander_DENV","1","1"
"GSM2993431",-2.99476504325867,-0.681021511554718,0.689385951197518,"Control","Bystander_DENV","1","1"
"GSM2993432",-2.99594640731812,-0.587342083454132,0.675160756999181,"Control","Low_DENV","1","1"
"GSM2993433",-1.14678049087524,-0.365972638130188,0.0146302195004389,"Control","Bystander_DENV","1","1"
"GSM2993434",-3.341557264328,1.19444108009338,1.26305378891356e-05,"Control","Low_DENV","1","1"
"GSM2993435",-2.49818015098572,-1.372354388237,0.0562579583143707,"Control","Bystander_DENV","1","1"
"GSM2993436",-3.95707225799561,0.727977097034454,0.141117874051321,"Control","Bystander_DENV","1","1"
"GSM2993437",-1.60177195072174,0.554711699485779,1.28883039685057e-05,"Control","Bystander_DENV","1","1"
"GSM2993438",1.7427738904953,1.22543728351593,0.124859631792873,"Control","Bystander_DENV","2","2"
"GSM2993441",-2.72527861595154,0.556361079216003,1.31460700478758e-05,"Control","Bystander_DENV","1","1"
"GSM2993442",-0.752671897411346,-1.04320967197418,0.957876903334561,"Control","Low_DENV","1","1"
"GSM2993444",-4.60473346710205,0.497781753540039,0.721377325770593,"Control","Bystander_DENV","1","1"
"GSM2993445",-4.40891695022583,-3.01030039787292,0.7262880677846,"Control","Bystander_DENV","1","1"
"GSM2993446",-3.23371624946594,1.01019275188446,1.34038361272459e-05,"Control","Bystander_DENV","1","1"
"GSM2993447",-0.973260700702667,-0.700848042964935,1.11235362117114,"Control","Low_DENV","1","1"
"GSM2993448",-2.8734564781189,-2.44500756263733,0.107219625010183,"Control","Bystander_DENV","1","1"
"GSM2993449",-1.88506746292114,0.679328978061676,1.36616022066161e-05,"Control","Bystander_DENV","1","1"
"GSM2993450",-2.15385127067566,1.31097304821014,1.39193682859862e-05,"Control","Bystander_DENV","1","1"
"GSM2993451",-1.60622203350067,-0.935422539710999,0.0146304772665182,"Control","Low_DENV","1","1"
"GSM2993452",-4.14860439300537,1.35178792476654,7.73298238110343e-07,"Control","Bystander_DENV","1","1"
"GSM2993453",2.60490298271179,2.94269680976868,0.0468304269534663,"Control","Bystander_DENV","2","2"
"GSM2993454",0.928513765335083,2.2480571269989,0.0214002119978804,"Control","Bystander_DENV","2","2"
"GSM2993455",-2.03668904304504,1.16430294513702,1.41771343653563e-05,"Control","Bystander_DENV","1","1"
"GSM2993456",-2.27916789054871,-1.5235698223114,0,"Control","Bystander_DENV","1","1"
"GSM2993457",-1.83505654335022,0.431467354297638,1.44349004447264e-05,"Control","Bystander_DENV","1","1"
"GSM2993458",-3.17982912063599,-0.316851943731308,0.00746465972580945,"Control","Low_DENV","1","1"
"GSM2993459",-2.2565746307373,1.15524423122406,1.46926665240965e-05,"Control","Bystander_DENV","1","1"
"GSM2993460",-2.89716625213623,1.14367520809174,1.49504326034666e-05,"Control","Low_DENV","1","1"
"GSM2993461",-3.04698204994202,-2.45966625213623,0.102632982922723,"Control","Bystander_DENV","1","1"
"GSM2993462",-2.31842684745789,1.25245749950409,1.52081986828367e-05,"Control","Bystander_DENV","1","1"
"GSM2993464",3.35765910148621,3.56465125083923,0.0605042907683266,"Control","Bystander_DENV","2","2"
"GSM2993465",4.43800592422485,2.33482050895691,0.0176588188939197,"Control","Bystander_DENV","2","2"
"GSM2993466",-2.48960161209106,1.18890368938446,1.54659647622069e-05,"Control","Bystander_DENV","1","1"
"GSM2993467",-4.20973491668701,1.20196151733398,1.03106431748046e-06,"Control","Bystander_DENV","1","1"
"GSM2993468",-1.13774836063385,0.915828704833984,1.5723730841577e-05,"Control","Low_DENV","1","1"
"GSM2993469",-4.13478755950928,0.339168667793274,0.636954131921901,"Control","Bystander_DENV","1","1"
"GSM2993470",-2.31631517410278,-1.79531419277191,0.0589409824916058,"Control","Bystander_DENV","1","1"
"GSM2993472",-1.60549020767212,1.17166209220886,1.59814969209471e-05,"Control","Low_DENV","1","1"
"GSM2993474",-4.42055749893188,1.0178370475769,0.00407393007202084,"Control","Bystander_DENV","1","1"
"GSM2993475",-2.42973971366882,-1.67344510555267,0.0120947182675955,"Control","Low_DENV","1","1"
"GSM2993476",-4.01391124725342,1.33273339271545,0.295923907392032,"Control","Low_DENV","1","1"
"GSM2993477",-2.74318361282349,1.23480105400085,1.62392630003172e-05,"Control","Bystander_DENV","1","1"
"GSM2993478",5.86545276641846,3.55652189254761,0.00807558193511859,"Control","Bystander_DENV","2","2"
"GSM2993480",-4.10395240783691,0.93070250749588,0.27068229170839,"Control","Bystander_DENV","1","1"
"GSM2993481",-2.53672862052917,1.08397889137268,1.64970290796873e-05,"Control","Bystander_DENV","1","1"
"GSM2993482",-4.4756293296814,1.01658868789673,0.0460793386376643,"Control","Bystander_DENV","1","1"
"GSM2993483",-2.03590655326843,1.36227822303772,1.67547951590574e-05,"Control","Low_DENV","1","1"
"GSM2993484",-1.93808901309967,-1.41239774227142,0.0270243934256493,"Control","Low_DENV","1","1"
"GSM2993485",2.46831250190735,2.13926267623901,0.0732618527929145,"Control","Bystander_DENV","2","2"
"GSM2993487",-1.84451615810394,1.09379172325134,1.70125612384275e-05,"Control","Bystander_DENV","1","1"
"GSM2993488",-1.23506200313568,1.09099888801575,1.72703273177977e-05,"Control","Bystander_DENV","1","1"
"GSM2993489",-2.6678307056427,-2.39415550231934,0.0870739272066123,"Control","Bystander_DENV","1","1"
"GSM2993490",-2.40962076187134,-1.32079648971558,0.0621072665018281,"Control","Bystander_DENV","1","1"
"GSM2993491",-2.47144675254822,1.21816504001617,1.75280933971678e-05,"Control","Low_DENV","1","1"
"GSM2993492",-3.84633421897888,1.11857175827026,0.151509683028298,"Control","Bystander_DENV","1","1"
"GSM2993493",-4.31119537353516,0.164490476250648,0.624453533875973,"Control","Low_DENV","1","1"
"GSM2993494",-2.43363165855408,0.773817896842957,1.77858594765379e-05,"Control","Bystander_DENV","1","1"
"GSM2993495",-4.48170375823975,0.827321350574493,0.271325507016033,"Control","Bystander_DENV","1","1"
"GSM2993497",-2.25891470909119,1.05226910114288,1.8043625555908e-05,"Control","Bystander_DENV","1","1"
"GSM2993498",-1.80311691761017,1.18467020988464,1.83013916352781e-05,"Control","Bystander_DENV","1","1"
"GSM2993499",-4.48859834671021,0.815043330192566,0.290724248388713,"Control","Bystander_DENV","1","1"
"GSM2993500",-2.82890772819519,0.743352234363556,1.85591577146482e-05,"Control","Bystander_DENV","1","1"
"GSM2993501",-4.23426532745361,1.14635968208313,1.28883039685057e-06,"Control","Bystander_DENV","1","1"
"GSM2993502",-4.35706377029419,0.125500455498695,0.622643882151579,"Control","Bystander_DENV","1","1"
"GSM2993503",-2.1119122505188,1.27073884010315,1.88169237940183e-05,"Control","Bystander_DENV","1","1"
"GSM2993504",-2.82067275047302,-2.43710088729858,0.100821523267728,"Control","Bystander_DENV","1","1"
"GSM2993505",-2.22342991828918,0.798388779163361,1.90746898733885e-05,"Control","Bystander_DENV","1","1"
"GSM2993506",-4.37964487075806,0.720631241798401,0.301388765365652,"Control","Low_DENV","1","1"
"GSM2993507",-1.97405433654785,0.341841161251068,1.93324559527586e-05,"Control","Low_DENV","1","1"
"GSM2993508",-2.92348194122314,-0.558972299098969,0.686834367168177,"Control","Bystander_DENV","1","1"
"GSM2993509",-2.49456071853638,0.423530012369156,1.95902220321287e-05,"Control","Bystander_DENV","1","1"
"GSM2993510",-2.6233491897583,-0.0175782460719347,0.671989105788044,"Control","Low_DENV","1","1"
"GSM2993512",-2.13733553886414,0.68844598531723,1.98479881114988e-05,"Control","Bystander_DENV","1","1"
"GSM2993517",-2.36368846893311,-2.48373079299927,0.0777398946740384,"Control","Bystander_DENV","1","1"
"GSM2993518",0.786815345287323,2.68695759773254,0.159353929449224,"Control","Bystander_DENV","2","2"
"GSM2993519",-2.38804697990417,-2.1084315776825,0.111271937298489,"Control","Bystander_DENV","1","1"
"GSM2993520",-2.63533020019531,0.357923537492752,2.01057541908689e-05,"Control","Low_DENV","1","1"
"GSM2993521",-3.98268365859985,-2.97451448440552,0.0308666938922506,"DENV","High_DENV","1","1"
"GSM2993522",-5.70663070678711,-2.40007996559143,0.00139612835442438,"DENV","High_DENV","1","1"
"GSM2993523",-5.79626655578613,-3.66029000282288,0.00139587058834501,"DENV","High_DENV","1","1"
"GSM2993524",-5.09921646118164,-2.79237771034241,0.00139561282226563,"DENV","High_DENV","1","1"
"GSM2993525",-5.52161073684692,-3.10578942298889,0.00139535505618626,"DENV","High_DENV","1","1"
"GSM2993526",-2.5291702747345,-0.996538519859314,0.0154285039814437,"DENV","High_DENV","1","1"
"GSM2993527",-1.12832903862,-1.00699055194855,1.11235387893722,"DENV","High_DENV","1","1"
"GSM2993528",-1.24072062969208,-1.10297989845276,0.01009563869084,"DENV","High_DENV","1","1"
"GSM2993529",-5.83617639541626,-2.6566264629364,0.00139509729010689,"DENV","High_DENV","1","1"
"GSM2993530",-5.46597099304199,-2.10030817985535,0.00139483952402752,"DENV","High_DENV","1","1"
"GSM2993531",-4.83378410339355,-3.05902743339539,0.124360662541967,"DENV","High_DENV","1","1"
"GSM2993532",-6.07643461227417,-3.7744619846344,0.00139458175794815,"DENV","High_DENV","1","1"
"GSM2993533",-4.87066316604614,-3.14394855499268,0.122200822015498,"DENV","High_DENV","1","1"
"GSM2993534",-4.40762948989868,-0.202982172369957,0.0297471324215786,"DENV","High_DENV","1","1"
"GSM2993535",-5.28528308868408,-3.02438569068909,0.00139432399186878,"DENV","High_DENV","1","1"
"GSM2993536",-5.41221904754639,-4.09954118728638,0.112475427962731,"DENV","High_DENV","1","1"
"GSM2993538",-5.08481359481812,-3.57457971572876,0.122187427144438,"DENV","High_DENV","1","1"
"GSM2993539",-6.04309129714966,-3.85070061683655,0.00139406622578941,"DENV","High_DENV","1","1"
"GSM2993540",-6.06082773208618,-3.61230063438416,0.00139380845971004,"DENV","High_DENV","1","1"
"GSM2993541",-5.8580846786499,-3.21083116531372,0.00139355069363067,"DENV","High_DENV","1","1"
"GSM2993542",-6.06950855255127,-3.69375467300415,0.0013932929275513,"DENV","High_DENV","1","1"
"GSM2993543",-6.07890701293945,-3.9114978313446,0.00139303516147193,"DENV","High_DENV","1","1"
"GSM2993544",-5.85787010192871,-4.27908229827881,0.00139277739539256,"DENV","High_DENV","1","1"
"GSM2993545",-5.43512058258057,-2.92185807228088,0.00139251962931319,"DENV","High_DENV","1","1"
"GSM2993546",-5.2933554649353,-3.08939290046692,0.00139226186323382,"DENV","High_DENV","1","1"
"GSM2993547",-5.30451822280884,-2.97394418716431,0.00139200409715445,"DENV","High_DENV","1","1"
"GSM2993548",-4.71038961410522,-1.28699433803558,0.00139174633107508,"DENV","High_DENV","1","1"
"GSM2993549",-5.83554363250732,-3.14629411697388,0.00139148856499571,"DENV","High_DENV","1","1"
"GSM2993550",-3.35472869873047,-0.937742054462433,0.648658351842168,"DENV","High_DENV","1","1"
"GSM2993551",-5.49352884292603,-3.3496081829071,0.00139123079891634,"DENV","High_DENV","1","1"
"GSM2993552",-5.73708772659302,-4.2529616355896,0.0123010067380537,"DENV","High_DENV","1","1"
"GSM2993553",-3.84175634384155,-2.95702505111694,0.0964609565643544,"DENV","High_DENV","1","1"
"GSM2993554",-5.31002902984619,-4.08032178878784,0.111578542738659,"DENV","High_DENV","1","1"
"GSM2993555",-5.86144018173218,-3.03243851661682,0.00139097303283697,"DENV","High_DENV","1","1"
"GSM2993556",-5.56878995895386,-4.06485652923584,0.0424241281587601,"DENV","High_DENV","1","1"
"GSM2993557",-6.03216600418091,-3.71841192245483,0.0013907152667576,"DENV","High_DENV","1","1"
"GSM2993558",-4.00232887268066,-1.01015305519104,0.0614227563852137,"DENV","High_DENV","1","1"
"GSM2993559",-4.18082618713379,-3.04495429992676,0.01335570963652,"DENV","High_DENV","1","1"
"GSM2993560",-4.56937503814697,-2.95255088806152,0.682462719713876,"DENV","High_DENV","1","1"
"GSM2993561",-5.90197372436523,-3.98875617980957,0.00139045750067823,"DENV","High_DENV","1","1"
"GSM2993562",-4.66674661636353,-2.84732556343079,0.0994773520624699,"DENV","High_DENV","1","1"
"GSM2993563",-5.463791847229,-3.17245364189148,0.00139019973459886,"DENV","High_DENV","1","1"
"GSM2993564",-5.70089244842529,-2.2935574054718,0.00138994196851949,"DENV","High_DENV","1","1"
"GSM2993565",-5.08370971679688,-3.45548105239868,0.115769042931361,"DENV","High_DENV","1","1"
"GSM2993566",-5.94033670425415,-3.42237091064453,0.00138968420244012,"DENV","High_DENV","1","1"
"GSM2993567",-5.17983436584473,-3.58882331848145,0.103757648495213,"DENV","High_DENV","1","1"
"GSM2993568",-4.80355930328369,-3.14467573165894,0.095011489441898,"DENV","High_DENV","1","1"
"GSM2993569",-5.33812141418457,-3.72902202606201,0.0680692418267652,"DENV","High_DENV","1","1"
"GSM2993570",-5.14491987228394,-3.61216807365417,0.122509449660237,"DENV","High_DENV","1","1"
"GSM2993571",-6.05344295501709,-3.74921274185181,0.00138942643636075,"DENV","High_DENV","1","1"
"GSM2993572",-3.37106609344482,-0.946421265602112,0.646366855208805,"DENV","High_DENV","1","1"
"GSM2993573",-5.48721647262573,-2.46428251266479,0.00138916867028138,"DENV","High_DENV","1","1"
"GSM2993574",-3.2457287311554,-0.517196893692017,0.0061342915727326,"DENV","High_DENV","1","1"
"GSM2993575",-5.21064710617065,-3.00571370124817,0.00138891090420201,"DENV","High_DENV","1","1"
"GSM2993576",-5.73350524902344,-2.56585764884949,0.00138865313812264,"DENV","High_DENV","1","1"
"GSM2993577",-3.1644823551178,-0.589106500148773,0.638434700124153,"DENV","High_DENV","1","1"
"GSM2993578",-5.66810703277588,-3.34482145309448,0.00138839537204327,"DENV","High_DENV","1","1"
"GSM2993579",-4.5682258605957,-3.30347847938538,0.735034567098137,"DENV","High_DENV","1","1"
"GSM2993580",-5.49770975112915,-3.03842115402222,0.0013881376059639,"DENV","High_DENV","1","1"
"GSM2993581",-5.96171808242798,-3.72382307052612,0.00138787983988453,"DENV","High_DENV","1","1"
"GSM2993582",-3.36560654640198,-1.5673201084137,0.740135065255945,"DENV","High_DENV","1","1"
"GSM2993583",-1.62678384780884,-0.664874672889709,0.0146307350325976,"DENV","High_DENV","1","1"
"GSM2993584",-6.0420823097229,-3.72935819625854,0.00138762207380516,"DENV","High_DENV","1","1"
"GSM2993585",-3.51813316345215,-2.8089873790741,0.111960399935328,"DENV","High_DENV","1","1"
"GSM2993586",-3.449049949646,-0.707177460193634,0.0377207455949821,"DENV","High_DENV","1","1"
"GSM2993587",-5.80566740036011,-3.16693067550659,0.00138736430772579,"DENV","High_DENV","1","1"
"GSM2993588",-6.17685699462891,-3.7629017829895,0.00138710654164642,"DENV","High_DENV","1","1"
"GSM2993589",-6.19469690322876,-4.12179708480835,0.00138684877556705,"DENV","High_DENV","1","1"
"GSM2993590",-5.22560167312622,-3.15811133384705,0.0010229493490691,"DENV","High_DENV","1","1"
"GSM2993591",-5.20088291168213,-3.25955414772034,0.0292737995260127,"DENV","High_DENV","1","1"
"GSM2993592",-5.33341503143311,-3.34617972373962,0.00138659100948768,"DENV","High_DENV","1","1"
"GSM2993593",-5.48495292663574,-2.96669125556946,0.00138633324340831,"DENV","High_DENV","1","1"
"GSM2993594",-5.63301944732666,-2.16947817802429,0.00138607547732894,"DENV","High_DENV","1","1"
"GSM2993595",-4.95145606994629,-3.22355914115906,0.12258278954551,"DENV","High_DENV","1","1"
"GSM2993596",-5.49231433868408,-3.02649927139282,0.00138581771124957,"DENV","High_DENV","1","1"
"GSM2993597",-3.96348690986633,-3.05298638343811,0.100231721107813,"DENV","High_DENV","1","1"
"GSM2993598",-5.00031089782715,-3.30341243743896,0.118899270407824,"DENV","High_DENV","1","1"
"GSM2993599",-4.30173826217651,-3.12930750846863,0.76755693501442,"DENV","High_DENV","1","1"
"GSM2993600",-5.90506267547607,-3.46969032287598,0.0013855599451702,"DENV","High_DENV","1","1"
"GSM2993601",-5.3854193687439,-2.78261637687683,0.00138530217909083,"DENV","High_DENV","1","1"
"GSM2993602",-4.84128284454346,-3.1536808013916,0.108409999719202,"DENV","High_DENV","1","1"
"GSM2993603",-5.72572612762451,-3.61394858360291,0.00138504441301146,"DENV","High_DENV","1","1"
"GSM2993604",-3.04827189445496,-0.317841410636902,0.0182674117124577,"DENV","High_DENV","1","1"
"GSM2993605",-4.58874273300171,-3.31238102912903,0.731858724388643,"DENV","High_DENV","1","1"
"GSM2993606",-5.22553062438965,-3.69604349136353,0.106833668881714,"DENV","High_DENV","1","1"
"GSM2993607",-5.65416479110718,-2.12358713150024,0.00138478664693209,"DENV","High_DENV","1","1"
"GSM2993608",-4.69122982025146,-2.96713304519653,0.0853300817392507,"DENV","High_DENV","1","1"
"GSM2993609",-5.5448784828186,-3.15333247184753,0.00138452888085272,"DENV","High_DENV","1","1"
"GSM2993610",-5.85171890258789,-4.32235908508301,0.00138427111477335,"DENV","High_DENV","1","1"
"GSM2993611",-5.30590438842773,-2.7672712802887,0.00138401334869398,"DENV","High_DENV","1","1"
"GSM2993612",-6.0387077331543,-3.6282160282135,0.00138375558261461,"DENV","High_DENV","1","1"
"GSM2993613",-5.29727506637573,-3.29040384292603,0.00138349781653524,"DENV","High_DENV","1","1"
"GSM2993615",-5.03041410446167,-2.94099712371826,0.0341215449356012,"DENV","High_DENV","1","1"
"GSM2993616",-5.58030462265015,-2.04329395294189,0.00138324005045587,"DENV","High_DENV","1","1"
"GSM2993617",-5.83963203430176,-4.10785675048828,0.0013829822843765,"DENV","High_DENV","1","1"
"GSM2993618",-5.55358552932739,-3.26584982872009,0.00138272451829713,"DENV","High_DENV","1","1"
"GSM2993619",-5.34467363357544,-2.89596104621887,0.00138246675221776,"DENV","High_DENV","1","1"
"GSM2993620",-4.97768878936768,-2.41162753105164,0.00138220898613839,"DENV","High_DENV","1","1"
"GSM2993621",-5.22451686859131,-2.85640811920166,0.00138195122005902,"DENV","High_DENV","1","1"
"GSM2993622",-5.77285051345825,-3.00623822212219,0.00138169345397965,"DENV","High_DENV","1","1"
"GSM2993623",-1.17563450336456,-0.995419263839722,0.0297763282550327,"DENV","High_DENV","1","1"
"GSM2993624",-4.11509895324707,-2.85898852348328,0.768217957510378,"DENV","High_DENV","1","1"
"GSM2993625",-4.80407285690308,-2.89800620079041,0.11672276748518,"DENV","High_DENV","1","1"
"GSM2993626",-5.95685148239136,-4.1092414855957,0.00138143568790028,"DENV","High_DENV","1","1"
"GSM2993627",-5.80553674697876,-4.17498970031738,0.00138117792182091,"DENV","High_DENV","1","1"
"GSM2993628",-4.30298280715942,-2.64060258865356,0.694419925895628,"DENV","High_DENV","1","1"
"GSM2993629",-4.83904457092285,-3.25451755523682,0.0872960522204581,"DENV","High_DENV","1","1"
"GSM2993630",-6.00967311859131,-3.96188569068909,0.00138092015574154,"DENV","High_DENV","1","1"
"GSM2993631",-3.59052181243896,-2.91382884979248,0.107999020374725,"DENV","High_DENV","1","1"
"GSM2993632",-2.70293664932251,0.0518610291182995,0.644169637193064,"DENV","High_DENV","1","1"
"GSM2993634",-4.17737674713135,-2.78970217704773,0.744217562823203,"DENV","High_DENV","1","1"
"GSM2993635",-6.17533683776855,-3.97215914726257,0.00138066238966217,"DENV","High_DENV","1","1"
"GSM2993637",-4.88751745223999,-3.11182999610901,0.125955658126432,"DENV","High_DENV","1","1"
"GSM2993638",-5.04750490188599,-3.12102127075195,0.0633197731803814,"DENV","High_DENV","1","1"
"GSM2993639",-5.51193141937256,-2.34119367599487,0.0013804046235828,"DENV","High_DENV","1","1"
"GSM2993640",-5.68709707260132,-2.70102095603943,0.00138014685750343,"DENV","High_DENV","1","1"
"GSM2993641",-4.31336116790771,-3.17927360534668,0.772456121195135,"DENV","High_DENV","1","1"
"GSM2993642",-4.47765588760376,-2.06152963638306,0.0806047093797977,"DENV","High_DENV","1","1"
"GSM2993643",-5.56993293762207,-3.95446920394897,0.0198346158076519,"DENV","High_DENV","1","1"
"GSM2993644",-3.46684908866882,-2.80234885215759,0.115163893207603,"DENV","High_DENV","1","1"
"GSM2993645",-5.23031759262085,-3.39082813262939,0.0437262538383603,"DENV","High_DENV","1","1"
"GSM2993646",-3.30948781967163,-3.23590159416199,0.077739636907959,"DENV","High_DENV","1","1"
"GSM2993648",-6.02578115463257,-3.84510970115662,0.00137988909142406,"DENV","High_DENV","1","1"
"GSM2993650",-5.19926071166992,-2.99134302139282,0.00137963132534469,"DENV","High_DENV","1","1"
"GSM2993651",-4.79717016220093,-3.52812504768372,0.718278677989159,"DENV","High_DENV","1","1"
"GSM2993652",-3.97536540031433,-0.349488198757172,0.0592317769209859,"DENV","High_DENV","1","1"
"GSM2993655",-3.34639883041382,-3.23459458351135,0.0777393791418797,"DENV","High_DENV","1","1"
"GSM2993656",-6.10736703872681,-4.02141284942627,0.00137937355926532,"DENV","High_DENV","1","1"
"GSM2993657",-5.37460136413574,-4.17014265060425,0.119597258536564,"DENV","High_DENV","1","1"
"GSM2993658",-5.01595163345337,-3.6856153011322,0.693742328876782,"DENV","High_DENV","1","1"
"GSM2993659",-5.23226690292358,-4.14755964279175,0.0777391213758003,"DENV","High_DENV","1","1"
"GSM2993661",-5.07312774658203,-4.04413461685181,0.0777388636097209,"DENV","High_DENV","1","1"
"GSM2993662",-5.66402578353882,-3.59423351287842,0.00137911579318595,"DENV","High_DENV","1","1"
"GSM2993663",-6.05587100982666,-3.8960485458374,0.00137885802710658,"DENV","High_DENV","1","1"
"GSM2993665",-5.995521068573,-3.7981424331665,0.00137860026102721,"DENV","High_DENV","1","1"
"GSM2993666",-5.41671276092529,-4.059250831604,0.102588091109045,"DENV","High_DENV","1","1"
"GSM2993668",-5.90153360366821,-3.90445375442505,0.00137834249494784,"DENV","High_DENV","1","1"
"GSM2993669",-5.33625602722168,-4.31610155105591,0.0777386058436416,"DENV","High_DENV","1","1"
"GSM2993670",-5.70689296722412,-4.23288774490356,0.0204464086409459,"DENV","High_DENV","1","1"
"GSM2993671",-5.28581666946411,-4.34258556365967,0.0777383480775622,"DENV","High_DENV","1","1"
"GSM2993672",-5.670250415802,-4.29519939422607,0.047705627673615,"DENV","High_DENV","1","1"
"GSM2993673",-4.95132732391357,-4.22067594528198,0.0777380903114828,"DENV","High_DENV","1","1"
"GSM2993674",2.13630890846252,-2.22345161437988,0.0631217989566044,"DENV","High_DENV","1","1"
"GSM2993675",-5.88994121551514,-4.27838945388794,0.00137808472886847,"DENV","High_DENV","1","1"
"GSM2993676",-5.35125494003296,-4.34373092651367,0.0777378325454035,"DENV","High_DENV","1","1"
"GSM2993677",-5.3093786239624,-4.39555025100708,0.0777375747793241,"DENV","High_DENV","1","1"
"GSM2993678",-5.41287660598755,-4.22185659408569,0.124657545175521,"DENV","High_DENV","1","1"
"GSM2993679",-5.60395622253418,-4.44562292098999,0.104573711036822,"DENV","High_DENV","1","1"
"GSM2993681",-5.49443006515503,-4.39696741104126,0.122423862327333,"DENV","High_DENV","1","1"
"GSM2993682",-6.11313629150391,-4.09038496017456,0.0013778269627891,"DENV","High_DENV","1","1"
"GSM2993683",-6.04141044616699,-3.97733163833618,0.00137756919670973,"DENV","High_DENV","1","1"
"GSM2993684",-6.11419153213501,-3.84958481788635,0.00137731143063036,"DENV","High_DENV","1","1"
"GSM2993685",-4.2048978805542,-0.0663601234555244,0.0214549455242996,"DENV","High_DENV","1","1"
"GSM2993686",-5.09514999389648,-3.86881732940674,0.703673955918899,"DENV","High_DENV","1","1"
"GSM2993687",-5.56260061264038,-3.84306240081787,0.000459255512987478,"DENV","High_DENV","1","1"
"GSM2993688",-5.49542427062988,-3.62871718406677,0.00137705366455099,"DENV","High_DENV","1","1"
"GSM2993689",-5.59501504898071,-3.94363188743591,0.0075542826905603,"DENV","High_DENV","1","1"
"GSM2993693",-6.02283525466919,-4.22736263275146,0.00137679589847162,"DENV","High_DENV","1","1"
"GSM2993694",-5.98833131790161,-4.09628391265869,0.00137653813239225,"DENV","High_DENV","1","1"
"GSM2993695",-2.16388750076294,0.248476088047028,2.0363520270239e-05,"DENV","High_DENV","1","1"
"GSM2993696",-5.99192905426025,-4.13197708129883,0.00137628036631288,"DENV","High_DENV","1","1"
"GSM2993697",1.32851576805115,-3.31854248046875,0.0631220567226838,"DENV","High_DENV","1","1"
"GSM2993699",-5.41194438934326,-3.77951288223267,0.0484388559703358,"DENV","High_DENV","1","1"
"GSM2993700",-5.42805767059326,-3.76859188079834,0.039755221645858,"DENV","High_DENV","1","1"
"GSM2993701",-5.74039793014526,-4.17829036712646,0.00137602260023351,"DENV","High_DENV","1","1"
"GSM2993702",-5.32877635955811,-2.460697889328,0.00137576483415414,"DENV","High_DENV","1","1"
"GSM2993703",-6.18940544128418,-4.02132892608643,0.00137550706807477,"DENV","High_DENV","1","1"
"GSM2993704",-5.79672050476074,-3.67325758934021,0.0013752493019954,"DENV","High_DENV","1","1"
"GSM2993705",-6.0334587097168,-4.30037784576416,0.00137499153591603,"DENV","High_DENV","1","1"
"GSM2993710",-6.07953643798828,-4.20643854141235,0.00137473376983666,"DENV","High_DENV","1","1"
"GSM2993712",-5.28761053085327,-3.46038770675659,0.0345782965146779,"DENV","High_DENV","1","1"
"GSM2993713",-5.05025959014893,-3.40301442146301,0.118733943936306,"DENV","High_DENV","1","1"
"GSM2993714",-5.91245889663696,-4.20178604125977,0.00137447600375729,"DENV","High_DENV","1","1"
"GSM2993715",-5.52341651916504,-3.58271384239197,0.00137421823767792,"DENV","High_DENV","1","1"
"GSM2993716",-5.83735322952271,-4.00821352005005,0.00137396047159855,"DENV","High_DENV","1","1"
"GSM2993717",-6.02336883544922,-4.34848785400391,0.00137370270551918,"DENV","High_DENV","1","1"
"GSM2993719",-6.13240385055542,-4.04669857025146,0.00137344493943981,"DENV","High_DENV","1","1"
"GSM2993722",-4.90443086624146,-3.04886388778687,0.106515895984834,"DENV","High_DENV","1","1"
"GSM2993723",-5.90630769729614,-4.12268304824829,0.00137318717336044,"DENV","High_DENV","1","1"
"GSM2993724",-5.85416030883789,-4.31670427322388,0.00137292940728106,"DENV","High_DENV","1","1"
"GSM2993726",-6.16006517410278,-3.71631002426147,0.00137267164120169,"DENV","High_DENV","1","1"
"GSM2993727",-5.2078742980957,-3.85037446022034,0.116500497520328,"DENV","High_DENV","1","1"
"GSM2993729",-5.25464296340942,-3.42405343055725,0.0405821745797663,"DENV","High_DENV","1","1"
"GSM2993731",-6.10281419754028,-3.65027928352356,0.00137241387512232,"DENV","High_DENV","1","1"
"GSM2993732",-5.59643316268921,-3.63706064224243,0.00137215610904295,"DENV","High_DENV","1","1"
"GSM2993733",-5.12153577804565,-3.50676274299622,0.110804154504462,"DENV","High_DENV","1","1"
"GSM2993736",-5.46583414077759,-3.57266402244568,0.00137189834296358,"DENV","High_DENV","1","1"
"GSM2993739",-5.64812231063843,-3.64842200279236,0.00137164057688421,"DENV","High_DENV","1","1"
"GSM2993740",-6.05506038665771,-4.18436861038208,0.00137138281080484,"DENV","High_DENV","1","1"
"GSM2993745",-4.12112092971802,1.11579191684723,0.317923605582544,"DENV","High_DENV","1","1"
"GSM2993746",-5.77093839645386,-3.80290627479553,0.00137112504472547,"DENV","High_DENV","1","1"
"GSM2993748",1.31407928466797,-3.26015329360962,0.0631223144887632,"DENV","High_DENV","1","1"
"GSM2993749",-5.51695108413696,-3.0433361530304,0.0013708672786461,"DENV","High_DENV","1","1"
"GSM2993752",-3.28666138648987,-3.23806118965149,0.0777373170132447,"DENV","High_DENV","1","1"
"GSM2993754",-5.90945863723755,-4.27878570556641,0.00137060951256673,"DENV","High_DENV","1","1"
"GSM2993755",-5.13683891296387,-4.29448080062866,0.0777370592471653,"DENV","High_DENV","1","1"
"GSM2993756",-5.62060260772705,-4.09597206115723,0.0277783984162627,"DENV","High_DENV","1","1"
"GSM2993758",-5.33257341384888,-3.60316920280457,0.0450789159125989,"DENV","High_DENV","1","1"
"GSM2993759",-0.828056752681732,-0.915963411331177,1.02938184401346,"DENV","High_DENV","1","1"
"GSM2993762",-5.36102724075317,-3.91111135482788,0.0953366535606484,"DENV","High_DENV","1","1"
"GSM2993766",-6.01067686080933,-3.84522867202759,0.00137035174648736,"DENV","High_DENV","1","1"
"GSM2993767",1.36857688426971,-3.29815912246704,0.0631225722548425,"DENV","High_DENV","1","1"
"GSM2993768",-5.93208885192871,-4.14239120483398,0.00137009398040799,"DENV","High_DENV","1","1"
"GSM2993770",-3.29450917243958,-3.25230979919434,0.077736801481086,"DENV","High_DENV","1","1"
"GSM2993771",-6.03697347640991,-4.16546487808228,0.00136983621432862,"DENV","High_DENV","1","1"
"GSM2993772",-3.18657684326172,-3.25400614738464,0.0777365437150066,"DENV","High_DENV","1","1"
"GSM2993773",-3.19715213775635,-3.24429559707642,0.0777362859489272,"DENV","High_DENV","1","1"
"GSM2993775",-5.08974170684814,-3.38690042495728,0.0995915470816293,"DENV","High_DENV","1","1"
"GSM2993776",-6.11902761459351,-4.26959705352783,0.00136957844824925,"DENV","High_DENV","1","1"
"GSM2993777",2.64482712745667,2.6889340877533,0.192180860607115,"Control","Bystander_ZIKV","2","2"
"GSM2993778",2.24642992019653,1.41135346889496,0.0888089073459819,"Control","Bystander_ZIKV","2","2"
"GSM2993779",1.28718447685242,3.36350631713867,0.00588734453326345,"Control","Bystander_ZIKV","2","2"
"GSM2993780",2.38575577735901,3.4233067035675,0.0972962981251682,"Control","Bystander_ZIKV","2","2"
"GSM2993781",1.1802738904953,2.23153352737427,0.15990011702409,"Control","Bystander_ZIKV","2","2"
"GSM2993784",0.788562655448914,2.11213374137878,0.0509376664330252,"Control","Bystander_ZIKV","2","2"
"GSM2993785",2.0176682472229,2.52164053916931,0.0170979545433103,"Control","Bystander_ZIKV","2","2"
"GSM2993786",1.78666639328003,1.38554275035858,0.164476738144191,"Control","Bystander_ZIKV","2","2"
"GSM2993787",0.811129331588745,2.41745615005493,0.0214809678172316,"Control","Bystander_ZIKV","2","2"
"GSM2993788",0.027274064719677,-1.81976771354675,0.503025040883911,"Control","Bystander_ZIKV","1","1"
"GSM2993789",0.992125391960144,1.4423531293869,0.124940387612224,"Control","Bystander_ZIKV","2","2"
"GSM2993790",1.07326984405518,2.92830204963684,0.00596810035261464,"Control","Bystander_ZIKV","2","2"
"GSM2993791",2.23919177055359,2.21343731880188,0.291804294063966,"Control","Bystander_ZIKV","2","2"
"GSM2993792",1.35498285293579,2.25102186203003,0.365214875315008,"Control","Bystander_ZIKV","2","2"
"GSM2993793",1.48833978176117,2.2280433177948,0.00577653336979655,"Control","Bystander_ZIKV","2","2"
"GSM2993795",2.49098944664001,2.24499559402466,0.0584828667949511,"Control","Bystander_ZIKV","2","2"
"GSM2993796",0.708839237689972,2.19800162315369,0.0215617236365828,"Control","Bystander_ZIKV","2","2"
"GSM2993797",2.08978962898254,1.86642122268677,0.0887281515266307,"Control","Bystander_ZIKV","2","2"
"GSM2993798",2.56280374526978,3.20933938026428,0.0973770539445193,"Control","Bystander_ZIKV","2","2"
"GSM2993799",4.80996942520142,1.53630363941193,0.113739972127532,"Control","Bystander_ZIKV","2","2"
"GSM2993800",2.58521556854248,2.26671457290649,0,"Control","Bystander_ZIKV","2","2"
"GSM2993802",1.86054742336273,1.80485451221466,0.0507796016806015,"Control","Bystander_ZIKV","2","2"
"GSM2993803",1.99152541160583,1.35580492019653,0.053781480999147,"Control","Bystander_ZIKV","2","2"
"GSM2993804",1.71763944625854,2.80182695388794,0.00604885617196582,"Control","Bystander_ZIKV","2","2"
"GSM2993805",1.15477299690247,2.4068295955658,0.29460442026046,"Control","Bystander_ZIKV","2","2"
"GSM2993807",1.74096298217773,1.37277984619141,0.125021143431576,"Control","Bystander_ZIKV","2","2"
"GSM2993808",1.54914164543152,2.20889210700989,0.00806405745523597,"Control","Bystander_ZIKV","2","2"
"GSM2993809",0.874209821224213,2.19400763511658,0.021642479455934,"Control","Bystander_ZIKV","2","2"
"GSM2993810",1.66790020465851,1.45001566410065,0.125101899250927,"Control","Bystander_ZIKV","2","2"
"GSM2993811",1.25879228115082,2.03165125846863,0.0590702645785179,"Control","Bystander_ZIKV","2","2"
"GSM2993812",2.03284025192261,1.70979177951813,0.0886473957072795,"Control","Bystander_ZIKV","2","2"
"GSM2993813",1.75790178775787,1.4023232460022,0.194046112609246,"Control","Bystander_ZIKV","2","2"
"GSM2993814",0.0471283756196499,-2.04945588111877,0.483872916136579,"Control","Bystander_ZIKV","1","1"
"GSM2993815",1.90800487995148,1.97481369972229,0.014421110410012,"Control","Bystander_ZIKV","2","2"
"GSM2993816",2.5968930721283,3.09549188613892,0.0974578097638705,"Control","Bystander_ZIKV","2","2"
"GSM2993817",3.22569179534912,3.76171660423279,0.195867766899071,"Control","Bystander_ZIKV","2","2"
"GSM2993818",3.56708264350891,2.55464482307434,0.589242775439581,"Control","Bystander_ZIKV","2","2"
"GSM2993820",2.57857871055603,2.50916624069214,0.191764152440732,"Control","Bystander_ZIKV","2","2"
"GSM2993821",2.33207440376282,2.29178094863892,0.209886183782613,"Control","Bystander_ZIKV","2","2"
"GSM2993823",1.67188203334808,1.78453254699707,0.241407863756856,"Control","Bystander_ZIKV","2","2"
"GSM2993825",1.25400161743164,1.83933246135712,0.125094715228041,"Control","Bystander_ZIKV","2","2"
"GSM2993826",1.75565147399902,1.92655110359192,0.153516166981095,"Control","Bystander_ZIKV","2","2"
"GSM2993827",1.24349987506866,1.47277975082397,0.125182655070278,"Control","Bystander_ZIKV","2","2"
"GSM2993828",1.86685335636139,3.63119220733643,0.0171787103626615,"Control","Bystander_ZIKV","2","2"
"GSM2993829",1.88081347942352,2.17776274681091,0.00147789044617253,"Control","Bystander_ZIKV","2","2"
"GSM2993830",2.22500967979431,3.44866609573364,0.0975385655832217,"Control","Bystander_ZIKV","2","2"
"GSM2993831",2.82260727882385,1.96591699123383,8.07558193511859e-05,"Control","Bystander_ZIKV","2","2"
"GSM2993832",1.18495857715607,2.6518611907959,0.00612961199131701,"Control","Bystander_ZIKV","2","2"
"GSM2993833",2.9374737739563,2.33477830886841,0.311971616832169,"Control","Bystander_ZIKV","2","2"
"GSM2993834",0.0805272087454796,-1.93738353252411,0.449987634060044,"Control","Bystander_ZIKV","1","1"
"GSM2993836",2.14911699295044,2.47850203514099,0.0172594661820127,"Control","Bystander_ZIKV","2","2"
"GSM2993837",1.20098459720612,2.15115928649902,0.107790650996703,"Control","Bystander_ZIKV","2","2"
"GSM2993838",2.13348722457886,3.29873824119568,0.0173402220013639,"Control","Bystander_ZIKV","2","2"
"GSM2993839",-1.94734859466553,0.707196354866028,2.06212863496091e-05,"Control","Bystander_ZIKV","1","1"
"GSM2993840",1.07836222648621,2.90291380882263,0.00621036781066819,"Control","Bystander_ZIKV","2","2"
"GSM2993841",1.58352017402649,3.41566777229309,0.00629112363001938,"Control","Bystander_ZIKV","2","2"
"GSM2993844",2.14925837516785,2.01622676849365,0.132847780056067,"Control","Bystander_ZIKV","2","2"
"GSM2993845",1.39701044559479,2.1868531703949,0.350880627989922,"Control","Bystander_ZIKV","2","2"
"GSM2993846",-1.35581183433533,-0.210614651441574,0.0828009832770049,"Control","Bystander_ZIKV","1","1"
"GSM2993847",4.0537633895874,2.89250421524048,0.100346871278974,"Control","Bystander_ZIKV","2","2"
"GSM2993848",2.27597522735596,1.52893567085266,0.0885666398879283,"Control","Bystander_ZIKV","2","2"
"GSM2993849",2.89313364028931,2.87715172767639,0.0976193214025729,"Control","Bystander_ZIKV","2","2"
"GSM2993850",2.48274326324463,2.50260519981384,0.0821709506188788,"Control","Bystander_ZIKV","2","2"
"GSM2993851",1.36081612110138,2.22817778587341,0.350231885712927,"Control","Bystander_ZIKV","2","2"
"GSM2993852",5.26078176498413,3.59207987785339,0.00799482611576741,"Control","Bystander_ZIKV","2","2"
"GSM2993854",1.07756388187408,3.20676136016846,0.00637187944937057,"Control","Bystander_ZIKV","2","2"
"GSM2993855",2.29268574714661,3.00201320648193,0.290259019312267,"Control","Bystander_ZIKV","2","2"
"GSM2993857",1.92345821857452,1.87370932102203,0.0229098583925673,"Control","Bystander_ZIKV","2","2"
"GSM2993858",2.22482299804688,1.38614511489868,0.0884858840685772,"Control","Bystander_ZIKV","2","2"
"GSM2993859",3.32267022132874,2.7091166973114,0,"Control","Bystander_ZIKV","2","2"
"GSM2993860",1.01720142364502,2.0661506652832,0.0648438058649987,"Control","Bystander_ZIKV","2","2"
"GSM2993862",1.53081846237183,1.90016448497772,0.241488619576207,"Control","Bystander_ZIKV","2","2"
"GSM2993863",2.52580785751343,3.00731039047241,0.0454146577594461,"Control","Bystander_ZIKV","2","2"
"GSM2993864",1.95483958721161,1.42928504943848,0.0203391536196791,"Control","Bystander_ZIKV","2","2"
"GSM2993865",1.78965449333191,2.59295105934143,0.0603857024562178,"Control","Bystander_ZIKV","2","2"
"GSM2993866",1.19299745559692,2.12330317497253,0.0733514310363039,"Control","Bystander_ZIKV","2","2"
"GSM2993867",1.67451369762421,2.94392061233521,0.00645263526872175,"Control","Bystander_ZIKV","2","2"
"GSM2993868",2.53946828842163,1.43920910358429,0.088405128249226,"Control","Bystander_ZIKV","2","2"
"GSM2993869",2.33077788352966,2.58470249176025,0.22911115065641,"Control","Bystander_ZIKV","2","2"
"GSM2993870",1.87624967098236,1.51215243339539,0.0578121761877306,"Control","Bystander_ZIKV","2","2"
"GSM2993871",4.58705854415894,0.892396032810211,0.11365921630818,"Control","Bystander_ZIKV","2","2"
"GSM2993872",2.93428874015808,1.77148711681366,0.000161511638702372,"Control","Bystander_ZIKV","2","2"
"GSM2993873",1.3271369934082,3.36204171180725,0.00653339108807294,"Control","Bystander_ZIKV","2","2"
"GSM2993874",1.15650713443756,2.086510181427,0,"Control","Bystander_ZIKV","2","2"
"GSM2993877",1.13066625595093,1.38254952430725,0.125263410889629,"ZIKV","Bystander_ZIKV","2","2"
"GSM2993878",1.16367828845978,1.79458570480347,0.0598305683579763,"ZIKV","Low_ZIKV","2","2"
"GSM2993879",1.95116710662842,2.4831702709198,0.0430640747764914,"ZIKV","Bystander_ZIKV","2","2"
"GSM2993881",1.06366050243378,1.99172019958496,0.141062967335591,"ZIKV","Low_ZIKV","2","2"
"GSM2993882",1.02869915962219,2.47068977355957,0.218669892325702,"ZIKV","Low_ZIKV","2","2"
"GSM2993883",2.44856309890747,2.34060287475586,0.104122760253432,"ZIKV","Bystander_ZIKV","2","2"
"GSM2993884",1.45509898662567,2.43836236000061,0.00661414690742412,"ZIKV","Bystander_ZIKV","2","2"
"GSM2993885",2.4076464176178,1.9553450345993,0.118668407723885,"ZIKV","Low_ZIKV","2","2"
"GSM2993886",2.35217142105103,1.35818254947662,0.0883243724298748,"ZIKV","Bystander_ZIKV","2","2"
"GSM2993887",2.5555055141449,3.43764448165894,0.0977000772219241,"ZIKV","Bystander_ZIKV","2","2"
"GSM2993888",2.43859958648682,2.60020208358765,0.12944926669488,"ZIKV","Bystander_ZIKV","2","2"
"GSM2993889",0.739724338054657,2.15975594520569,0.0217232352752852,"ZIKV","Low_ZIKV","2","2"
"GSM2993890",1.12757813930511,3.28559899330139,0.00669490272677531,"ZIKV","Low_ZIKV","2","2"
"GSM2993891",1.06360828876495,2.10997033119202,0.0218039910946364,"ZIKV","Bystander_ZIKV","2","2"
"GSM2993892",1.05913138389587,2.69079446792603,0.454710734381091,"ZIKV","Bystander_ZIKV","2","2"
"GSM2993896",1.57298481464386,2.1093156337738,0,"ZIKV","Low_ZIKV","2","2"
"GSM2993897",1.24086141586304,2.39017128944397,0.371661663241782,"ZIKV","Low_ZIKV","2","2"
"GSM2993898",1.06508409976959,3.32255983352661,0.0067756585461265,"ZIKV","Bystander_ZIKV","2","2"
"GSM2993899",1.50835919380188,3.57474637031555,0.00685641436547768,"ZIKV","Low_ZIKV","2","2"
"GSM2993900",2.4427330493927,2.76454854011536,0.292520297186505,"ZIKV","Bystander_ZIKV","2","2"
"GSM2993901",2.18167519569397,1.69432020187378,0.0882436166105236,"ZIKV","Bystander_ZIKV","2","2"
"GSM2993902",1.36580944061279,1.59158802032471,0.12534416670898,"ZIKV","Bystander_ZIKV","2","2"
"GSM2993903",-1.5578647851944,-1.18029093742371,0.0313671633349142,"ZIKV","Bystander_ZIKV","1","1"
"GSM2993904",1.88563311100006,2.09700036048889,0,"ZIKV","Bystander_ZIKV","2","2"
"GSM2993905",0.814535677433014,1.61453080177307,0.125424922528331,"ZIKV","Bystander_ZIKV","2","2"
"GSM2993906",1.37967002391815,3.4559063911438,0.00693717018482887,"ZIKV","Low_ZIKV","2","2"
"GSM2993907",1.42328679561615,2.68439912796021,0.00701792600418005,"ZIKV","Low_ZIKV","2","2"
"GSM2993908",1.70362293720245,2.23103594779968,0.001856982773907,"ZIKV","Bystander_ZIKV","2","2"
"GSM2993909",2.07244420051575,2.2475266456604,0.200193597873497,"ZIKV","Bystander_ZIKV","2","2"
"GSM2993910",1.02495074272156,2.19149303436279,0.0218847469139876,"ZIKV","Bystander_ZIKV","2","2"
"GSM2993911",2.64384126663208,2.96555137634277,0.0977808330412753,"ZIKV","Bystander_ZIKV","2","2"
"GSM2993912",1.60342371463776,2.81643319129944,0.00709868182353124,"ZIKV","Bystander_ZIKV","2","2"
"GSM2993915",-2.60095071792603,-2.1392970085144,0.0962639387562798,"ZIKV","Low_ZIKV","1","1"
"GSM2993916",2.66208839416504,3.44849300384521,0.0978615888606265,"ZIKV","Bystander_ZIKV","2","2"
"GSM2993918",2.04862284660339,1.6580730676651,0.0881628607911724,"ZIKV","Low_ZIKV","2","2"
"GSM2993919",2.13594770431519,2.11809754371643,0.23448241005199,"ZIKV","Low_ZIKV","2","2"
"GSM2993920",2.18017101287842,1.31727075576782,0.0880821049718212,"ZIKV","Bystander_ZIKV","2","2"
"GSM2993921",1.26121592521667,1.41589319705963,0.125505678347683,"ZIKV","Bystander_ZIKV","2","2"
"GSM2993922",1.51832628250122,2.03108191490173,0.00105568090051844,"ZIKV","Low_ZIKV","2","2"
"GSM2993923",4.85193395614624,0.934725701808929,0.113578460488829,"ZIKV","Bystander_ZIKV","2","2"
"GSM2993924",2.06832265853882,2.13687443733215,0.197045131240641,"ZIKV","Bystander_ZIKV","2","2"
"GSM2993925",2.60002541542053,1.6405291557312,0.000242267458053558,"ZIKV","Bystander_ZIKV","2","2"
"GSM2993926",1.93553721904755,2.72239089012146,0.0174209778207151,"ZIKV","Bystander_ZIKV","2","2"
"GSM2993927",1.5774632692337,2.48324108123779,0.00384731456631915,"ZIKV","Bystander_ZIKV","2","2"
"GSM2993930",1.05849659442902,1.9200986623764,0.183619344288672,"ZIKV","Bystander_ZIKV","2","2"
"GSM2993931",1.21705031394958,2.60442018508911,0.00717943764288242,"ZIKV","Bystander_ZIKV","2","2"
"GSM2993932",2.16554069519043,1.87803792953491,0.08800134915247,"ZIKV","Low_ZIKV","2","2"
"GSM2993933",1.61789345741272,2.32028651237488,0.00929456164451925,"ZIKV","Bystander_ZIKV","2","2"
"GSM2993934",1.53337395191193,2.56977558135986,0.00726019346223361,"ZIKV","High_ZIKV","2","2"
"GSM2993935",4.52453470230103,0.853997766971588,0.113497704669478,"ZIKV","Bystander_ZIKV","2","2"
"GSM2993936",2.51243591308594,3.03534626960754,0.0638720426796291,"ZIKV","Bystander_ZIKV","2","2"
"GSM2993938",-1.74623000621796,0.247124880552292,2.08790524289793e-05,"ZIKV","Bystander_ZIKV","1","1"
"GSM2993939",1.88575518131256,2.6324782371521,0.0175017336400662,"ZIKV","Bystander_ZIKV","2","2"
"GSM2993940",2.4554443359375,1.22123086452484,0.0879205933331189,"ZIKV","Bystander_ZIKV","2","2"
"GSM2993941",1.52560675144196,2.43812799453735,0.00479868304629383,"ZIKV","Bystander_ZIKV","2","2"
"GSM2993942",1.31058859825134,2.10921430587769,0.186414051905528,"ZIKV","Bystander_ZIKV","2","2"
"GSM2993944",2.1134135723114,2.50488948822021,0.0175824894594174,"ZIKV","Bystander_ZIKV","2","2"
"GSM2993945",1.82537412643433,1.7523353099823,0.0928269631860024,"ZIKV","Low_ZIKV","2","2"
"GSM2993946",2.18359565734863,2.25972127914429,0.0909835709882629,"ZIKV","Low_ZIKV","2","2"
"GSM2993948",1.50981044769287,1.61785531044006,0.0817868723472452,"ZIKV","Bystander_ZIKV","2","2"
"GSM2993950",2.94835233688354,3.70601344108582,0.0979423446799776,"ZIKV","Bystander_ZIKV","2","2"
"GSM2993951",4.42581844329834,0.933977127075195,0.113416948850127,"ZIKV","Low_ZIKV","2","2"
"GSM2993953",1.30260968208313,2.89566898345947,0.0073409492815848,"ZIKV","Bystander_ZIKV","2","2"
"GSM2993955",2.85907530784607,2.6214964389801,0.0720394890460638,"ZIKV","Bystander_ZIKV","2","2"
"GSM2993956",2.14131188392639,1.28989124298096,0.0878398375137677,"ZIKV","Bystander_ZIKV","2","2"
"GSM2993957",1.53745377063751,2.70499181747437,0.00742170510093598,"ZIKV","Bystander_ZIKV","2","2"
"GSM2993958",1.63302195072174,1.75131988525391,0.241569375395558,"ZIKV","Bystander_ZIKV","2","2"
"GSM2993959",2.3083381652832,2.31862759590149,0.233769515454995,"ZIKV","Bystander_ZIKV","2","2"
"GSM2993961",1.47951865196228,1.62503898143768,0.0786487815044752,"ZIKV","Bystander_ZIKV","2","2"
"GSM2993963",2.06711578369141,1.36982405185699,0.0877590816944165,"ZIKV","Bystander_ZIKV","2","2"
"GSM2993965",1.71266937255859,2.1977813243866,0.177810614274035,"ZIKV","Bystander_ZIKV","2","2"
"GSM2993966",2.45658087730408,1.90057504177094,0.0694759763768049,"ZIKV","Bystander_ZIKV","2","2"
"GSM2993967",2.79503798484802,3.44961428642273,0.0980231004993288,"ZIKV","High_ZIKV","2","2"
"GSM2993968",1.87025094032288,2.27164435386658,0.00236521513754062,"ZIKV","Bystander_ZIKV","2","2"
"GSM2993969",0.690602421760559,2.28801274299622,0.0219655027333387,"ZIKV","Bystander_ZIKV","2","2"
"GSM2993970",1.71636509895325,3.43378901481628,0.0176632452787686,"ZIKV","Bystander_ZIKV","2","2"
"GSM2993971",2.12643194198608,1.29146254062653,0.0876783258750653,"ZIKV","Bystander_ZIKV","2","2"
"GSM2993973",-1.12774336338043,-0.0844207927584648,0.014630992798677,"ZIKV","Bystander_ZIKV","1","1"
"GSM2993975",1.88107776641846,1.8210951089859,0.0274199595105884,"ZIKV","Bystander_ZIKV","2","2"
"GSM2993976",1.94329738616943,1.3679723739624,0.00269488275193019,"ZIKV","Bystander_ZIKV","2","2"
"GSM2993977",1.63731181621552,3.35339975357056,0.00750246092028717,"ZIKV","Low_ZIKV","2","2"
"GSM2993978",1.24073958396912,2.68150997161865,0.00758321673963835,"ZIKV","Bystander_ZIKV","2","2"
"GSM2993979",1.34792029857635,2.69695711135864,0.00766397255898954,"ZIKV","Bystander_ZIKV","2","2"
"GSM2993980",1.45109617710114,2.01217293739319,0.00267582026508695,"ZIKV","Bystander_ZIKV","2","2"
"GSM2993981",1.98668849468231,2.54775023460388,0.0177440010981198,"ZIKV","Bystander_ZIKV","2","2"
"GSM2993982",1.2997784614563,2.91931533813477,0.00774472837834073,"ZIKV","Bystander_ZIKV","2","2"
"GSM2993983",2.92897534370422,3.51258158683777,0.09810385631868,"ZIKV","Bystander_ZIKV","2","2"
"GSM2993984",1.2228217124939,3.42606806755066,0.00782548419769191,"ZIKV","Low_ZIKV","2","2"
"GSM2993985",0.615821957588196,2.29147696495056,0.0220462585526899,"ZIKV","Bystander_ZIKV","2","2"
"GSM2993986",0.713712692260742,2.2000675201416,0.0221270143720411,"ZIKV","Bystander_ZIKV","2","2"
"GSM2993987",1.02061855792999,3.07591462135315,0.0079062400170431,"ZIKV","Bystander_ZIKV","2","2"
"GSM2993988",0.805996835231781,2.18334436416626,0.0222077701913923,"ZIKV","Bystander_ZIKV","2","2"
"GSM2993989",0.652988970279694,2.06523680686951,0.126341529687097,"ZIKV","Low_ZIKV","2","2"
"GSM2993990",1.02329409122467,1.38668215274811,0.125586434167034,"ZIKV","Bystander_ZIKV","2","2"
"GSM2993991",1.20948386192322,3.20979428291321,0.00798699583639428,"ZIKV","Bystander_ZIKV","2","2"
"GSM2993992",-2.57823634147644,-1.59735715389252,0.0685353611506945,"ZIKV","Low_ZIKV","1","1"
"GSM2993993",0.104229710996151,-2.43768048286438,0.427879855233047,"ZIKV","Low_ZIKV","1","1"
"GSM2993995",1.87547481060028,3.24204635620117,0.017824756917471,"ZIKV","Bystander_ZIKV","2","2"
"GSM2993996",0.963571786880493,2.37036037445068,0.0558708527650156,"ZIKV","Bystander_ZIKV","2","2"
"GSM2993997",0.654879808425903,2.18401956558228,0.0222885260107435,"ZIKV","Bystander_ZIKV","2","2"
"GSM2993998",1.28261709213257,1.4852192401886,0.125667189986385,"Control","Bystander_ZIKV","2","2"
"GSM2993999",1.02171659469604,2.61371517181396,0.34333041196313,"Control","Bystander_ZIKV","2","2"
"GSM2994001",1.29666483402252,2.43701434135437,0.474572858295779,"Control","Bystander_ZIKV","2","2"
"GSM2994002",1.03662765026093,3.13680958747864,0.00806775165574547,"Control","Bystander_ZIKV","2","2"
"GSM2994003",1.18027496337891,2.08530235290527,0.0243464019006614,"Control","Bystander_ZIKV","2","2"
"GSM2994004",2.9908652305603,3.00244617462158,0.318730527718898,"Control","Bystander_ZIKV","2","2"
"GSM2994005",1.03748059272766,1.75996088981628,0,"Control","Bystander_ZIKV","2","2"
"GSM2994006",0.951958537101746,1.68165183067322,0.102561523740716,"Control","Bystander_ZIKV","2","2"
"GSM2994007",1.00464916229248,2.31122064590454,0.0451560171178993,"Control","Bystander_ZIKV","2","2"
"GSM2994008",1.37490510940552,2.45996499061584,0.00814850747509666,"Control","Bystander_ZIKV","2","2"
"GSM2994009",1.67977356910706,1.47320055961609,0.24165013121491,"Control","Bystander_ZIKV","2","2"
"GSM2994010",1.66588032245636,3.28788685798645,0.00822926329444784,"Control","Bystander_ZIKV","2","2"
"GSM2994011",1.77278625965118,3.44048285484314,0.0179055127368222,"Control","Bystander_ZIKV","2","2"
"GSM2994012",1.42957711219788,2.25326919555664,0,"Control","Bystander_ZIKV","2","2"
"GSM2994013",0.826191961765289,1.76448965072632,0.0299358339188416,"Control","Bystander_ZIKV","2","2"
"GSM2994014",0.817903101444244,1.29964518547058,0.125747945805736,"Control","Bystander_ZIKV","2","2"
"GSM2994015",0.778113186359406,2.36581516265869,0.0223692818300947,"Control","Bystander_ZIKV","2","2"
"GSM2994016",1.00025808811188,2.48322081565857,0.199767508554641,"Control","Bystander_ZIKV","2","2"
"GSM2994018",0.943532586097717,2.44496321678162,0.103540688340898,"Control","Bystander_ZIKV","2","2"
"GSM2994019",0.954497277736664,1.97960221767426,0.172803334084673,"Control","Bystander_ZIKV","2","2"
"GSM2994020",1.02052569389343,2.51334142684937,0.249325371137525,"Control","Bystander_ZIKV","2","2"
"GSM2994021",0.713524878025055,2.3523473739624,0.0224500376494459,"Control","Bystander_ZIKV","2","2"
"GSM2994022",1.11876392364502,1.37461352348328,0.125828701625087,"Control","Bystander_ZIKV","2","2"
"GSM2994024",1.39968144893646,2.41418695449829,0.00831001911379903,"Control","Bystander_ZIKV","2","2"
"GSM2994025",0.9252028465271,1.69634163379669,0.0904099320956087,"Control","Bystander_ZIKV","2","2"
"GSM2994026",1.40247690677643,1.55555880069733,0.125909457444439,"Control","Bystander_ZIKV","2","2"
"GSM2994027",1.46846079826355,-3.2252562046051,0.0631228300209219,"Control","Bystander_ZIKV","1","1"
"GSM2994028",1.61252927780151,3.6109185218811,0.00839077493315021,"Control","Bystander_ZIKV","2","2"
"GSM2994029",1.10266482830048,3.30954074859619,0.0084715307525014,"Control","Bystander_ZIKV","2","2"
"GSM2994030",1.14184832572937,3.1099956035614,0.00855228657185259,"Control","Bystander_ZIKV","2","2"
"GSM2994031",1.52289915084839,2.78661298751831,0.00863304239120377,"Control","Bystander_ZIKV","2","2"
"GSM2994032",1.62839317321777,2.76407980918884,0.00871379821055496,"Control","Bystander_ZIKV","2","2"
"GSM2994033",1.76673913002014,3.11233806610107,0.0179862685561734,"Control","Bystander_ZIKV","2","2"
"GSM2994036",2.20265674591064,3.19038152694702,0.0180670243755245,"Control","Bystander_ZIKV","2","2"
"GSM2994037",1.63152587413788,3.37611317634583,0.00879455402990614,"Control","Bystander_ZIKV","2","2"
"GSM2994038",1.95154464244843,1.3025484085083,0.00628950189325028,"Control","Bystander_ZIKV","2","2"
"GSM2994039",2.07259607315063,1.38081848621368,0.0875975700557141,"Control","Bystander_ZIKV","2","2"
"GSM2994040",0.962112128734589,2.13967776298523,0.0225307934687971,"Control","Bystander_ZIKV","2","2"
"GSM2994041",-1.89714550971985,0.723066866397858,2.11368185083494e-05,"Control","Bystander_ZIKV","1","1"
"GSM2994042",1.26214516162872,2.85072302818298,0.00887530984925733,"Control","Bystander_ZIKV","2","2"
"GSM2994043",1.36118233203888,2.76447010040283,0.00895606566860851,"Control","Bystander_ZIKV","2","2"
"GSM2994044",1.96387195587158,3.49043250083923,0.0181477801948757,"Control","Bystander_ZIKV","2","2"
"GSM2994045",2.84615778923035,2.22371339797974,0.123827864794515,"Control","Bystander_ZIKV","2","2"
"GSM2994046",1.3920419216156,2.17027449607849,0.330056397274092,"Control","Bystander_ZIKV","2","2"
"GSM2994047",1.15358138084412,2.19474124908447,0.0971726850043606,"Control","Bystander_ZIKV","2","2"
"GSM2994048",0.717933058738708,-2.89314889907837,0.175150399936761,"Control","Bystander_ZIKV","1","1"
"GSM2994049",1.09095215797424,1.51081836223602,0.12599021326379,"Control","Bystander_ZIKV","2","2"
"GSM2994050",2.13461327552795,2.3795919418335,0,"Control","Bystander_ZIKV","2","2"
"GSM2994051",2.42093753814697,2.34310793876648,0.130213758350716,"Control","Bystander_ZIKV","2","2"
"GSM2994053",3.61522531509399,4.02556943893433,0.00791407029641622,"Control","Bystander_ZIKV","2","2"
"GSM2994054",3.26029396057129,3.16052079200745,0.102130365098313,"Control","Bystander_ZIKV","2","2"
"GSM2994055",1.76275622844696,2.06417179107666,0.134588858218637,"Control","Bystander_ZIKV","2","2"
"GSM2994056",1.13115060329437,2.66878151893616,0.0090368214879597,"Control","Bystander_ZIKV","2","2"
"GSM2994057",1.0597550868988,3.11177110671997,0.00911757730731089,"Control","Bystander_ZIKV","2","2"
"GSM2994058",1.10474252700806,2.19114255905151,0.0413040711549719,"Control","Bystander_ZIKV","2","2"
"GSM2994059",1.40856206417084,1.85810923576355,0.00415361295823935,"Control","Bystander_ZIKV","2","2"
"GSM2994060",1.90333008766174,1.99740695953369,0.0111728611715183,"Control","Bystander_ZIKV","2","2"
"GSM2994061",4.75293731689453,0.838966727256775,0.113336193030776,"Control","Bystander_ZIKV","2","2"
"GSM2994062",0.807363212108612,2.08546161651611,0.0779406586016553,"Control","Bystander_ZIKV","2","2"
"GSM2994063",1.04096841812134,3.10784912109375,0.00919833312666207,"Control","Bystander_ZIKV","2","2"
"GSM2994064",3.08266544342041,2.94185209274292,0.23286750330785,"Control","Bystander_ZIKV","2","2"
"GSM2994065",2.41062569618225,2.35983324050903,0.14091009676917,"Control","Bystander_ZIKV","2","2"
"GSM2994067",4.41875886917114,1.28549182415009,0.113255437211425,"Control","Bystander_ZIKV","2","2"
"GSM2994068",1.7272322177887,2.26758599281311,0.156407688151352,"Control","Bystander_ZIKV","2","2"
"GSM2994069",1.73224782943726,3.10000967979431,0.0182285360142269,"Control","Bystander_ZIKV","2","2"
"GSM2994070",4.36168146133423,1.87931334972382,0.113174681392073,"Control","Bystander_ZIKV","2","2"
"GSM2994071",2.5867714881897,1.39894354343414,0.000323023277404744,"Control","Bystander_ZIKV","2","2"
"GSM2994072",2.40199756622314,3.44671869277954,0.0981846121380312,"Control","Bystander_ZIKV","2","2"
"GSM2994074",1.80032169818878,1.51497137546539,0.139045491835133,"Control","Bystander_ZIKV","2","2"
"GSM2994075",2.62601399421692,3.37099695205688,0.0982653679573824,"Control","Bystander_ZIKV","2","2"
"GSM2994076",1.9860543012619,2.02307963371277,0.0875168142363629,"Control","Bystander_ZIKV","2","2"
"GSM2994077",1.19731736183167,3.03241086006165,0.00927908894601326,"Control","Bystander_ZIKV","2","2"
"GSM2994078",1.18328678607941,3.09774494171143,0.00935984476536444,"Control","Bystander_ZIKV","2","2"
"GSM2994079",1.47189855575562,2.94256067276001,0.00944060058471563,"Control","Bystander_ZIKV","2","2"
"GSM2994080",1.57707226276398,2.20716094970703,0.00590882244269753,"Control","Bystander_ZIKV","2","2"
"GSM2994081",2.61098909378052,2.11945080757141,0.00040377909675593,"Control","Bystander_ZIKV","2","2"
"GSM2994083",2.01883792877197,1.31432557106018,0.0797128625259076,"Control","Bystander_ZIKV","2","2"
"GSM2994084",4.99157190322876,2.48835325241089,0.00783331447706503,"Control","Bystander_ZIKV","2","2"
"GSM2994085",1.27077734470367,2.63043713569641,0.00952135640406682,"Control","Bystander_ZIKV","2","2"
"GSM2994086",2.22626113891602,1.36661207675934,0.0874360584170117,"Control","Bystander_ZIKV","2","2"
"GSM2994087",3.90279459953308,2.88118004798889,0.24392252233657,"Control","Bystander_ZIKV","2","2"
"GSM2994088",2.24589967727661,1.43544590473175,0.0873553025976606,"Control","Bystander_ZIKV","2","2"
"GSM2994089",-4.56938886642456,-0.133954852819443,0.596566672709873,"Control","Bystander_ZIKV","1","1"
"GSM2994090",3.50618124008179,2.25938653945923,0.654977449823731,"Control","Bystander_ZIKV","2","2"
"GSM2994091",3.2177152633667,2.65593862533569,0.0854309205311843,"Control","Bystander_ZIKV","2","2"
"GSM2994092",-1.04050242900848,-1.9160088300705,0.96223647816437,"Control","Bystander_ZIKV","1","1"
"GSM2994093",1.12056994438171,2.02817702293396,0.090552550975566,"Control","Bystander_ZIKV","2","2"
"GSM2994094",1.18581306934357,-3.27671813964844,0.0631230877870013,"Control","Bystander_ZIKV","1","1"
"GSM2994095",1.41108798980713,1.6429557800293,0.0697652797868418,"Control","Bystander_ZIKV","2","2"
"GSM2994096",1.73204207420349,2.20674395561218,0.156118282513959,"Control","Bystander_ZIKV","2","2"
"GSM2994097",2.06761026382446,1.398885846138,0.0872745467783094,"Control","Bystander_ZIKV","2","2"
"GSM2994099",1.86829972267151,2.97948455810547,0.0183092918335781,"Control","Bystander_ZIKV","2","2"
"GSM2994100",0.503122925758362,2.02701210975647,0.194289967137741,"Control","Bystander_ZIKV","2","2"
"GSM2994101",1.74693667888641,3.25875377655029,0.0183900476529293,"Control","Bystander_ZIKV","2","2"
"GSM2994102",1.10257172584534,2.95022034645081,0.009602112223418,"Control","Bystander_ZIKV","2","2"
"GSM2994103",1.47946083545685,1.45744240283966,0.126070969083141,"Control","Bystander_ZIKV","2","2"
"GSM2994104",5.98539781570435,2.63715600967407,0.00775255865771385,"ZIKV","Bystander_ZIKV","2","2"
"GSM2994105",5.79550075531006,2.92668676376343,0.00767180283836266,"ZIKV","Low_ZIKV","2","2"
"GSM2994106",4.31726741790771,1.83640563488007,0.113093925572722,"ZIKV","Bystander_ZIKV","2","2"
"GSM2994108",5.32070302963257,0.948909938335419,0.113013169753371,"ZIKV","Low_ZIKV","2","2"
"GSM2994109",5.62799215316772,1.53895580768585,0.00759104701901148,"ZIKV","Bystander_ZIKV","2","2"
"GSM2994110",5.28412103652954,1.70652377605438,0.0287032377937186,"ZIKV","High_ZIKV","2","2"
"GSM2994112",4.8901891708374,1.92018008232117,0.138483092462682,"ZIKV","Low_ZIKV","2","2"
"GSM2994113",3.6612503528595,3.65927958488464,0.0427842861742698,"ZIKV","High_ZIKV","2","2"
"GSM2994115",4.50750923156738,1.65819609165192,0.11293241393402,"ZIKV","Bystander_ZIKV","2","2"
"GSM2994116",5.31819009780884,2.6320960521698,0.00751029119966029,"ZIKV","Bystander_ZIKV","2","2"
"GSM2994117",5.06582307815552,3.33576130867004,0.0074295353803091,"ZIKV","Bystander_ZIKV","2","2"
"GSM2994118",5.96441268920898,2.71690225601196,0.00734877956095792,"ZIKV","Bystander_ZIKV","2","2"
"GSM2994119",5.21723747253418,3.74426937103271,0.00726802374160673,"ZIKV","Bystander_ZIKV","2","2"
"GSM2994120",4.66170978546143,1.28857958316803,0.112851658114669,"ZIKV","Bystander_ZIKV","2","2"
"GSM2994123",4.95913887023926,3.71202182769775,0.00718726792225555,"ZIKV","Bystander_ZIKV","2","2"
"GSM2994124",5.07921075820923,0.821942210197449,0.112770902295317,"ZIKV","Bystander_ZIKV","2","2"
"GSM2994125",4.69960737228394,1.40838348865509,0.112690146475966,"ZIKV","High_ZIKV","2","2"
"GSM2994126",5.62940311431885,3.07854962348938,0.00710651210290436,"ZIKV","Bystander_ZIKV","2","2"
"GSM2994127",4.49131059646606,1.67990875244141,0.112609390656615,"ZIKV","Low_ZIKV","2","2"
"GSM2994128",4.44463300704956,3.78924298286438,0.00702575628355318,"ZIKV","Low_ZIKV","2","2"
"GSM2994130",4.71130084991455,1.25491619110107,0.112528634837264,"ZIKV","Low_ZIKV","2","2"
"GSM2994131",4.18425464630127,2.25191378593445,0.112447879017913,"ZIKV","Bystander_ZIKV","2","2"
"GSM2994133",4.44114351272583,3.01653099060059,0.00694500046420199,"ZIKV","High_ZIKV","2","2"
"GSM2994134",4.99282121658325,0.775020658969879,0.112367123198561,"ZIKV","Low_ZIKV","2","2"
"GSM2994135",4.29293870925903,2.78788757324219,0.137994223401012,"ZIKV","Bystander_ZIKV","2","2"
"GSM2994136",4.27272987365723,4.17036819458008,0.0068642446448508,"ZIKV","Bystander_ZIKV","2","2"
"GSM2994137",0.793036043643951,-2.8858437538147,0.0981207229590265,"ZIKV","High_ZIKV","1","1"
"GSM2994138",5.51350784301758,1.30857074260712,0.13709445676317,"ZIKV","Low_ZIKV","2","2"
"GSM2994139",4.47818994522095,2.37416315078735,0.097021802821188,"ZIKV","High_ZIKV","2","2"
"GSM2994140",4.74421405792236,3.46439671516418,0.00678348882549962,"ZIKV","High_ZIKV","2","2"
"GSM2994141",4.41265344619751,4.15288209915161,0.00670273300614843,"ZIKV","High_ZIKV","2","2"
"GSM2994142",4.03204679489136,2.59885263442993,0.116254068394388,"ZIKV","High_ZIKV","2","2"
"GSM2994143",5.94722032546997,2.81870198249817,0.00662197718679725,"ZIKV","Bystander_ZIKV","2","2"
"GSM2994144",4.93639993667603,2.18077039718628,0.00654122136744606,"ZIKV","Bystander_ZIKV","2","2"
"GSM2994146",5.09063005447388,0.897519707679749,0.11228636737921,"ZIKV","Bystander_ZIKV","2","2"
"GSM2994147",4.96260452270508,2.88728022575378,0.00646046554809487,"ZIKV","Bystander_ZIKV","2","2"
"GSM2994148",3.58920192718506,3.72891306877136,0.551511620683371,"ZIKV","Bystander_ZIKV","2","2"
"GSM2994149",4.55082511901855,1.34287011623383,0.112205611559859,"ZIKV","High_ZIKV","2","2"
"GSM2994150",4.34060144424438,2.76736807823181,0.104200617895025,"ZIKV","Low_ZIKV","2","2"
"GSM2994151",3.81557869911194,3.70924758911133,0.00637970972874369,"ZIKV","Bystander_ZIKV","2","2"
"GSM2994152",3.97226738929749,3.91939830780029,0.0062989539093925,"ZIKV","High_ZIKV","2","2"
"GSM2994153",4.88287830352783,1.03205788135529,0.112124855740508,"ZIKV","Bystander_ZIKV","2","2"
"GSM2994154",4.45688486099243,4.01743984222412,0.00621819809004132,"ZIKV","Bystander_ZIKV","2","2"
"GSM2994155",5.2446403503418,1.02298378944397,0.112044099921157,"ZIKV","High_ZIKV","2","2"
"GSM2994156",5.78606128692627,3.11818623542786,0.00613744227069013,"ZIKV","Bystander_ZIKV","2","2"
"GSM2994157",4.2595419883728,3.85139274597168,0.00605668645133894,"ZIKV","Bystander_ZIKV","2","2"
"GSM2994158",5.40313196182251,1.22846984863281,0.0754647094839012,"ZIKV","Bystander_ZIKV","2","2"
"GSM2994159",4.45264911651611,1.73093748092651,0.111963344101806,"ZIKV","Bystander_ZIKV","2","2"
"GSM2994160",4.4157886505127,2.16139340400696,0.111882588282454,"ZIKV","High_ZIKV","2","2"
"GSM2994161",4.59309101104736,2.98017477989197,0.00597593063198776,"ZIKV","High_ZIKV","2","2"
"GSM2994162",5.21547174453735,2.42278504371643,0.00589517481263657,"ZIKV","Bystander_ZIKV","2","2"
"GSM2994164",4.46837997436523,4.09824275970459,0.00581441899328539,"ZIKV","Bystander_ZIKV","2","2"
"GSM2994165",4.82435274124146,3.18833208084106,0.0057336631739342,"ZIKV","Low_ZIKV","2","2"
"GSM2994166",5.62080860137939,3.58425641059875,0.00565290735458301,"ZIKV","Bystander_ZIKV","2","2"
"GSM2994167",5.27413034439087,1.05878627300262,0.111801832463103,"ZIKV","Bystander_ZIKV","2","2"
"GSM2994168",4.35397529602051,1.79360067844391,0.111721076643752,"ZIKV","High_ZIKV","2","2"
"GSM2994170",1.52381718158722,-3.13624954223633,0.0631233455530806,"ZIKV","Bystander_ZIKV","1","1"
"GSM2994171",5.74598503112793,2.46373295783997,0.00557215153523183,"ZIKV","Bystander_ZIKV","2","2"
"GSM2994172",5.84540891647339,3.05785083770752,0.00549139571588064,"ZIKV","Bystander_ZIKV","2","2"
"GSM2994173",4.68759298324585,1.85183608531952,0.111640320824401,"ZIKV","Bystander_ZIKV","2","2"
"GSM2994174",4.24888134002686,2.24732756614685,0.11155956500505,"ZIKV","High_ZIKV","2","2"
"GSM2994175",4.55243587493896,1.6717803478241,0.111478809185698,"ZIKV","Bystander_ZIKV","2","2"
"GSM2994176",4.33052587509155,2.41602563858032,0.0272383219343872,"ZIKV","Bystander_ZIKV","2","2"
"GSM2994177",4.93104696273804,1.25460338592529,0.111398053366347,"ZIKV","High_ZIKV","2","2"
"GSM2994178",4.14201545715332,3.94913220405579,0.00541063989652946,"ZIKV","High_ZIKV","2","2"
"GSM2994179",4.47152519226074,2.9144127368927,0.00532988407717827,"ZIKV","High_ZIKV","2","2"
"GSM2994180",4.19845294952393,2.42795753479004,0.111317297546996,"ZIKV","Bystander_ZIKV","2","2"
"GSM2994181",4.56574392318726,4.22930240631104,0.00524912825782708,"ZIKV","High_ZIKV","2","2"
"GSM2994182",4.2553973197937,3.46954607963562,0.0051683724384759,"ZIKV","Low_ZIKV","2","2"
"GSM2994183",4.18746709823608,3.89152026176453,0.00508761661912471,"ZIKV","Low_ZIKV","2","2"
"GSM2994184",5.95570755004883,2.73040246963501,0.00500686079977353,"ZIKV","High_ZIKV","2","2"
"GSM2994185",4.57968235015869,4.17581462860107,0.00492610498042234,"ZIKV","Bystander_ZIKV","2","2"
"GSM2994187",5.36490249633789,2.80374073982239,0.00484534916107116,"ZIKV","Bystander_ZIKV","2","2"
"GSM2994188",4.3437614440918,1.92084729671478,0.111236541727645,"ZIKV","Bystander_ZIKV","2","2"
"GSM2994189",5.04302644729614,3.04456996917725,0.00476459334171997,"ZIKV","Low_ZIKV","2","2"
"GSM2994190",5.11400032043457,2.88030457496643,0.00468383752236878,"ZIKV","Bystander_ZIKV","2","2"
"GSM2994191",5.38493061065674,2.01945352554321,0.0046030817030176,"ZIKV","Bystander_ZIKV","2","2"
"GSM2994192",5.13230562210083,3.07025551795959,0.00452232588366641,"ZIKV","Bystander_ZIKV","2","2"
"GSM2994193",5.40949201583862,1.06966614723206,0.0613024963916025,"ZIKV","High_ZIKV","2","2"
"GSM2994194",4.56451272964478,2.92987871170044,0.00444157006431523,"ZIKV","Bystander_ZIKV","2","2"
"GSM2994195",5.37101602554321,3.28434085845947,0.00436081424496404,"ZIKV","Bystander_ZIKV","2","2"
"GSM2994196",4.55604791641235,4.38052129745483,0.00428005842561285,"ZIKV","Bystander_ZIKV","2","2"
"GSM2994198",5.15609169006348,0.982355535030365,0.111155785908294,"ZIKV","Bystander_ZIKV","2","2"
"GSM2994201",5.51960229873657,1.41960346698761,0.0299868338918863,"ZIKV","Bystander_ZIKV","2","2"
"GSM2994202",5.48551607131958,3.13469481468201,0.00419930260626167,"ZIKV","Bystander_ZIKV","2","2"
"GSM2994204",5.41331052780151,1.88189053535461,0.00411854678691048,"ZIKV","High_ZIKV","2","2"
"GSM2994205",4.37768697738647,3.97159361839294,0.0040377909675593,"ZIKV","High_ZIKV","2","2"
"GSM2994206",5.94179964065552,3.35248327255249,0.00395703514820811,"ZIKV","High_ZIKV","2","2"
"GSM2994207",5.07256555557251,1.30831861495972,0.111075030088942,"ZIKV","High_ZIKV","2","2"
"GSM2994208",5.55138492584229,3.63235378265381,0.00387627932885692,"ZIKV","Bystander_ZIKV","2","2"
"GSM2994209",5.76380586624146,3.06591868400574,0.00379552350950574,"ZIKV","Bystander_ZIKV","2","2"
"GSM2994210",5.55434989929199,3.17609190940857,0.00371476769015455,"ZIKV","Low_ZIKV","2","2"
"GSM2994211",5.35593032836914,1.15415358543396,0.0437300856832032,"ZIKV","Bystander_ZIKV","2","2"
"GSM2994213",5.43395566940308,1.16209864616394,0.0492595126220823,"ZIKV","Bystander_ZIKV","2","2"
"GSM2994214",5.28050184249878,3.78391218185425,0.00363401187080337,"ZIKV","High_ZIKV","2","2"
"GSM2994215",5.54475069046021,2.94192457199097,0.00355325605145218,"ZIKV","Low_ZIKV","2","2"
"GSM2994216",4.47554397583008,2.45252823829651,0.165218455725291,"ZIKV","Bystander_ZIKV","2","2"
"GSM2994217",5.42813348770142,1.24314951896667,0.116169536347542,"ZIKV","Bystander_ZIKV","2","2"
"GSM2994218",5.86573123931885,3.52801752090454,0.00347250023210099,"ZIKV","Bystander_ZIKV","2","2"
"GSM2994219",4.33967018127441,2.70937085151672,0.157718461065714,"ZIKV","Bystander_ZIKV","2","2"
"GSM2994220",5.39478874206543,2.9280002117157,0.00339174441274981,"ZIKV","High_ZIKV","2","2"
"GSM2994221",5.04761457443237,2.82029271125793,0.00331098859339862,"ZIKV","Bystander_ZIKV","2","2"
"GSM2994222",4.92131423950195,1.14444720745087,0.110994274269591,"ZIKV","Bystander_ZIKV","2","2"
"GSM2994223",5.72432374954224,3.19948768615723,0.00323023277404744,"ZIKV","Low_ZIKV","2","2"
"GSM2994224",4.20631837844849,4.37458896636963,0.00314947695469625,"ZIKV","Bystander_ZIKV","2","2"
"GSM2994225",4.77275943756104,1.70978093147278,0.11091351845024,"ZIKV","High_ZIKV","2","2"
"GSM2994226",4.86057806015015,3.02720546722412,0.00306872113534506,"ZIKV","Low_ZIKV","2","2"
"GSM2994228",5.67820405960083,3.19565010070801,0.00298796531599388,"ZIKV","High_ZIKV","2","2"
"GSM2994229",5.58806324005127,3.06894183158875,0.00290720949664269,"ZIKV","High_ZIKV","2","2"
"GSM2994230",5.17865228652954,1.55518400669098,0.124820240994532,"ZIKV","Bystander_ZIKV","2","2"
"GSM2994232",4.5621862411499,3.09967684745789,0.00282645367729151,"Control","Bystander_ZIKV","2","2"
"GSM2994233",3.63322496414185,3.72919249534607,0.00980265532313096,"Control","Bystander_ZIKV","2","2"
"GSM2994234",3.34199619293213,3.58307361602783,0.0760771723441613,"Control","Bystander_ZIKV","2","2"
"GSM2994235",4.25830078125,4.35129499435425,0.00274569785794032,"Control","Bystander_ZIKV","2","2"
"GSM2994236",3.62393569946289,3.61723613739014,0.517444310630985,"Control","Bystander_ZIKV","2","2"
"GSM2994237",4.05604314804077,3.87508130073547,0.00266494203858914,"Control","Bystander_ZIKV","2","2"
"GSM2994238",4.32736253738403,4.37450981140137,0.00258418621923795,"Control","Bystander_ZIKV","2","2"
"GSM2994239",3.95823335647583,4.25234937667847,0.00250343039988676,"Control","Bystander_ZIKV","2","2"
"GSM2994240",3.82056546211243,3.86856722831726,0.00242267458053558,"Control","Bystander_ZIKV","2","2"
"GSM2994241",4.08619403839111,2.34638810157776,0.110832762630889,"Control","Bystander_ZIKV","2","2"
"GSM2994242",3.59381556510925,4.00594329833984,0.00234191876118439,"Control","Bystander_ZIKV","2","2"
"GSM2994243",4.45839071273804,1.41012239456177,0.110752006811538,"Control","Bystander_ZIKV","2","2"
"GSM2994244",3.75341081619263,4.10500478744507,0.00226116294183321,"Control","Bystander_ZIKV","2","2"
"GSM2994245",5.37874984741211,2.77438378334045,0.00218040712248202,"Control","Bystander_ZIKV","2","2"
"GSM2994246",5.51662111282349,1.42131745815277,0.0317704511214272,"Control","Bystander_ZIKV","2","2"
"GSM2994247",4.57135725021362,2.49255847930908,0.0996089373446432,"Control","Bystander_ZIKV","2","2"
"GSM2994248",4.82675838470459,0.757400095462799,0.110671250992187,"Control","Bystander_ZIKV","2","2"
"GSM2994249",4.22917079925537,1.82410788536072,0.110590495172835,"Control","Bystander_ZIKV","2","2"
"GSM2994250",4.30268812179565,2.08898019790649,0.110509739353484,"Control","Bystander_ZIKV","2","2"
"GSM2994251",3.78640532493591,4.10290813446045,0.00209965130313083,"Control","Bystander_ZIKV","2","2"
"GSM2994252",3.70842266082764,3.6279079914093,0.0190807361345038,"Control","Bystander_ZIKV","2","2"
"GSM2994253",4.48465394973755,1.82382917404175,0.110428983534133,"Control","Bystander_ZIKV","2","2"
"GSM2994254",4.08293581008911,4.28971719741821,0.00201889548377965,"Control","Bystander_ZIKV","2","2"
"GSM2994255",4.8390097618103,3.47169518470764,0.00193813966442846,"Control","Bystander_ZIKV","2","2"
"GSM2994256",3.9630012512207,4.25383281707764,0.00185738384507728,"Control","Bystander_ZIKV","2","2"
"GSM2994257",5.18126106262207,3.77860951423645,0.00177662802572609,"Control","Bystander_ZIKV","2","2"
"GSM2994258",5.1360502243042,0.936548590660095,0.110348227714782,"Control","Bystander_ZIKV","2","2"
"GSM2994259",4.26347589492798,3.81549000740051,0.0016958722063749,"Control","Bystander_ZIKV","2","2"
"GSM2994260",5.29527139663696,3.7098171710968,0.00161511638702372,"Control","Bystander_ZIKV","2","2"
"GSM2994261",5.93164825439453,2.64407277107239,0.00153436056767253,"Control","Bystander_ZIKV","2","2"
"GSM2994262",3.56257796287537,3.98617649078369,0.00145360474832135,"Control","Bystander_ZIKV","2","2"
"GSM2994263",3.55840563774109,3.81747150421143,0.581886625096035,"Control","Bystander_ZIKV","2","2"
"GSM2994264",4.20103311538696,2.66809964179993,0.0590019468508411,"Control","Bystander_ZIKV","2","2"
"GSM2994265",4.71810007095337,1.56380593776703,0.110267471895431,"Control","Bystander_ZIKV","2","2"
"GSM2994266",4.40844774246216,2.32364940643311,0.0252565863818854,"Control","Bystander_ZIKV","2","2"
"GSM2994267",5.05090522766113,3.28154516220093,0.00137284892897016,"Control","Bystander_ZIKV","2","2"
"GSM2994268",4.24572563171387,3.3219735622406,0.00129209310961897,"Control","Bystander_ZIKV","2","2"
"GSM2994269",3.70558547973633,3.68751692771912,0.00121133729026779,"Control","Bystander_ZIKV","2","2"
"GSM2994270",4.6752758026123,2.88034772872925,0.0011305814709166,"Control","Bystander_ZIKV","2","2"
"GSM2994271",4.8914008140564,2.20166349411011,0.0114781874577159,"Control","Bystander_ZIKV","2","2"
"GSM2994272",3.9128303527832,2.24337363243103,0.241792860302878,"Control","Bystander_ZIKV","2","2"
"GSM2994273",3.89074158668518,3.44060850143433,0.00104982565156542,"Control","Bystander_ZIKV","2","2"
"GSM2994274",4.08753347396851,2.52310681343079,0.110186716076079,"Control","Bystander_ZIKV","2","2"
"GSM2994275",3.64797496795654,3.1108283996582,0.499466398084685,"Control","Bystander_ZIKV","2","2"
"GSM2994276",4.1778998374939,2.63341116905212,0.00232600919383019,"Control","Bystander_ZIKV","2","2"
"GSM2994278",4.90224742889404,2.87306833267212,0.000969069832214231,"Control","Bystander_ZIKV","2","2"
"GSM2994279",4.27057361602783,3.77533936500549,0.000888314012863045,"Control","Bystander_ZIKV","2","2"
"GSM2994280",4.94571590423584,1.4182505607605,0.110105960256728,"Control","Bystander_ZIKV","2","2"
"GSM2994282",4.78112506866455,1.89230561256409,0.00646995061024658,"Control","Bystander_ZIKV","2","2"
"GSM2994283",3.54519176483154,3.65104746818542,0.597623142993284,"Control","Bystander_ZIKV","2","2"
"GSM2994284",5.38770818710327,1.58612525463104,0.0238617724881367,"Control","Bystander_ZIKV","2","2"
"GSM2994285",4.52428102493286,2.81112742424011,0.000807558193511859,"Control","Bystander_ZIKV","2","2"
"GSM2994286",4.38695096969604,2.37042593955994,0.00630843897154421,"Control","Bystander_ZIKV","2","2"
"GSM2994287",4.91928052902222,1.56928610801697,0.110025204437377,"Control","Bystander_ZIKV","2","2"
"GSM2994288",4.41192579269409,2.33291482925415,0.0129388777127004,"Control","Bystander_ZIKV","2","2"
"GSM2994289",4.53573799133301,2.76945781707764,0.000726802374160673,"Control","Bystander_ZIKV","2","2"
"GSM2994290",4.8264684677124,1.43765151500702,0.109944448618026,"Control","Bystander_ZIKV","2","2"
"GSM2994291",4.66733837127686,4.31087636947632,0.000646046554809487,"Control","Bystander_ZIKV","2","2"
"GSM2994292",4.68861532211304,1.48969280719757,0.109863692798675,"Control","Bystander_ZIKV","2","2"
"GSM2994293",4.19442701339722,4.33717107772827,0.000565290735458301,"Control","Low_ZIKV","2","2"
"GSM2994294",4.56981945037842,1.88255226612091,0.109782936979324,"Control","Bystander_ZIKV","2","2"
"GSM2994295",4.39295291900635,2.3800151348114,0.0090404488357394,"Control","Bystander_ZIKV","2","2"
"GSM2994296",4.14171123504639,2.64735007286072,0.0249796980274675,"Control","Bystander_ZIKV","2","2"
"GSM2994297",3.58386087417603,3.52097821235657,0.559724838722726,"Control","Bystander_ZIKV","2","2"
"GSM2994298",5.53062105178833,3.59042644500732,0.000484534916107116,"Control","Bystander_ZIKV","2","2"
"GSM2994299",5.27818202972412,0.948528826236725,0.109702181159972,"Control","Bystander_ZIKV","2","2"
"GSM2994300",3.66387557983398,3.674720287323,0.0257008686743423,"Control","Bystander_ZIKV","2","2"
"GSM2994301",4.70968055725098,1.4015246629715,0.109621425340621,"Control","Bystander_ZIKV","2","2"
"GSM2994302",4.76526069641113,1.99806046485901,0.071819095599658,"Control","Bystander_ZIKV","2","2"
"GSM2994304",5.58548021316528,3.70964527130127,0.00040377909675593,"Control","Bystander_ZIKV","2","2"
"GSM2994305",5.1319580078125,0.881495535373688,0.10954066952127,"Control","Bystander_ZIKV","2","2"
"GSM2994306",4.04741859436035,3.77567958831787,0.000323023277404744,"Control","Bystander_ZIKV","2","2"
"GSM2994307",4.92039108276367,3.54698443412781,0.000242267458053558,"Control","Bystander_ZIKV","2","2"
"GSM2994308",4.16312742233276,4.32605457305908,0.000161511638702372,"Control","Bystander_ZIKV","2","2"
"GSM2994309",4.74243927001953,2.68354034423828,8.07558193511859e-05,"Control","Bystander_ZIKV","2","2"
"GSM2994310",4.28782415390015,2.95189595222473,0,"Control","Bystander_ZIKV","2","2"
"GSM2994311",4.44299697875977,2.7605414390564,8.07558193511859e-05,"Control","Bystander_ZIKV","2","2"
"GSM2994312",5.7426176071167,3.06747055053711,0.000161511638702372,"Control","Bystander_ZIKV","2","2"
"GSM2994313",5.19703722000122,3.75800037384033,0.000242267458053558,"Control","Bystander_ZIKV","2","2"
"GSM2994314",5.38562440872192,1.34367740154266,0.160434732612341,"Control","Bystander_ZIKV","2","2"
"GSM2994315",5.09103536605835,2.34946131706238,0.000323023277404744,"Control","Bystander_ZIKV","2","2"
"GSM2994316",4.40711879730225,4.25767230987549,0.00040377909675593,"Control","Bystander_ZIKV","2","2"
"GSM2994317",5.28478670120239,2.15505433082581,0.000484534916107116,"Control","Bystander_ZIKV","2","2"
"GSM2994318",4.22043180465698,2.79826879501343,0.19810130768229,"Control","Bystander_ZIKV","2","2"
"GSM2994319",5.44315338134766,2.77019643783569,0.000565290735458301,"Control","Bystander_ZIKV","2","2"
"GSM2994320",4.4114818572998,2.86810183525085,0.000646046554809487,"Control","Bystander_ZIKV","2","2"
"GSM2994321",4.53978872299194,3.70395231246948,0.000726802374160673,"Control","Bystander_ZIKV","2","2"
"GSM2994322",2.90341567993164,2.65106606483459,0,"Control","Bystander_ZIKV","2","2"
"GSM2994323",3.79755020141602,3.11714506149292,0.347632782000482,"Control","Bystander_ZIKV","2","2"
"GSM2994324",5.69693422317505,3.11366629600525,0.000807558193511859,"Control","Bystander_ZIKV","2","2"
"GSM2994325",5.67007923126221,3.53895783424377,0.000888314012863045,"Control","Bystander_ZIKV","2","2"
"GSM2994326",3.83698153495789,3.19511079788208,0.306640136424618,"Control","Bystander_ZIKV","2","2"
"GSM2994327",5.16192865371704,3.06924819946289,0.000969069832214231,"Control","Bystander_ZIKV","2","2"
"GSM2994328",4.21168804168701,2.04640102386475,0.109459913701919,"Control","Bystander_ZIKV","2","2"
"GSM2994329",4.30451011657715,3.0586245059967,0.00104982565156542,"Control","Bystander_ZIKV","2","2"
"GSM2994330",4.84639596939087,4.02022171020508,0.0011305814709166,"Control","Low_ZIKV","2","2"
"GSM2994331",4.99092435836792,3.86194944381714,0.00121133729026779,"Control","Low_ZIKV","2","2"
"GSM2994332",4.71478652954102,3.47743153572083,0.00129209310961897,"Control","Low_ZIKV","2","2"
"GSM2994333",7.70259475708008,1.34661221504211,Inf,"ZIKV","High_ZIKV","3","3"
"GSM2994334",4.50671148300171,1.44616937637329,0.109379157882568,"ZIKV","High_ZIKV","2","2"
"GSM2994335",5.08916711807251,2.11903166770935,0.00137284892897016,"ZIKV","Low_ZIKV","2","2"
"GSM2994336",7.81121349334717,1.64745879173279,Inf,"ZIKV","High_ZIKV","3","3"
"GSM2994338",4.92741107940674,0.871614694595337,0.109298402063216,"ZIKV","Bystander_ZIKV","2","2"
"GSM2994339",7.91436052322388,1.3546599149704,Inf,"ZIKV","High_ZIKV","3","3"
"GSM2994340",4.34761190414429,1.697425365448,0.109217646243865,"ZIKV","High_ZIKV","2","2"
"GSM2994341",7.70024967193604,1.67086863517761,Inf,"ZIKV","High_ZIKV","3","3"
"GSM2994342",4.2566990852356,4.42735958099365,0.00145360474832135,"ZIKV","Bystander_ZIKV","2","2"
"GSM2994343",2.57838129997253,3.36722850799561,0.0983461237767336,"ZIKV","High_ZIKV","2","2"
"GSM2994344",5.8128776550293,3.39677619934082,0.00153436056767253,"ZIKV","High_ZIKV","2","2"
"GSM2994345",3.57901811599731,4.075119972229,0.00161511638702372,"ZIKV","Low_ZIKV","2","2"
"GSM2994346",3.58348512649536,3.65720725059509,0.558291996299522,"ZIKV","Low_ZIKV","2","2"
"GSM2994347",8.26605129241943,1.44104385375977,Inf,"ZIKV","High_ZIKV","3","3"
"GSM2994348",3.09265112876892,2.93155121803284,0.22306285455245,"ZIKV","Bystander_ZIKV","2","2"
"GSM2994349",5.1091160774231,0.962367117404938,0.109136890424514,"ZIKV","Bystander_ZIKV","2","2"
"GSM2994350",3.55280232429504,3.35998868942261,0.593538985028116,"ZIKV","High_ZIKV","2","2"
"GSM2994351",4.17692375183105,1.93881404399872,0.109056134605163,"ZIKV","High_ZIKV","2","2"
"GSM2994353",4.31595849990845,2.38722372055054,0.069096660843706,"ZIKV","Bystander_ZIKV","2","2"
"GSM2994354",3.89887499809265,3.13933324813843,0.15374228202337,"ZIKV","High_ZIKV","2","2"
"GSM2994355",4.78818845748901,0.889235615730286,0.108975378785812,"ZIKV","Bystander_ZIKV","2","2"
"GSM2994356",4.14261817932129,2.58011317253113,0.0846951609370228,"ZIKV","Low_ZIKV","2","2"
"GSM2994357",8.22366333007812,2.00685024261475,Inf,"ZIKV","High_ZIKV","3","3"
"GSM2994358",7.59942579269409,1.51287055015564,Inf,"ZIKV","High_ZIKV","3","3"
"GSM2994359",7.14614915847778,1.68285298347473,Inf,"ZIKV","High_ZIKV","3","3"
"GSM2994360",5.44330024719238,2.95884227752686,0.0016958722063749,"ZIKV","Bystander_ZIKV","2","2"
"GSM2994362",4.84968137741089,3.83447957038879,0.00177662802572609,"ZIKV","Bystander_ZIKV","2","2"
"GSM2994363",5.29172325134277,2.6338894367218,0.00185738384507728,"ZIKV","High_ZIKV","2","2"
"GSM2994364",7.93388223648071,1.5341112613678,Inf,"ZIKV","High_ZIKV","3","3"
"GSM2994365",4.3810863494873,1.80946755409241,0.10889462296646,"ZIKV","High_ZIKV","2","2"
"GSM2994366",4.9618182182312,0.865375638008118,0.108813867147109,"ZIKV","Bystander_ZIKV","2","2"
"GSM2994367",3.61301398277283,3.56532073020935,0.52940398031352,"ZIKV","Low_ZIKV","2","2"
"GSM2994368",3.86268424987793,4.23642063140869,0.00193813966442846,"ZIKV","Bystander_ZIKV","2","2"
"GSM2994370",4.93226099014282,0.847206354141235,0.108733111327758,"ZIKV","Bystander_ZIKV","2","2"
"GSM2994371",7.58121490478516,1.40527534484863,Inf,"ZIKV","High_ZIKV","3","3"
"GSM2994372",4.51612186431885,4.35730266571045,0.00201889548377965,"ZIKV","Bystander_ZIKV","2","2"
"GSM2994373",7.3844747543335,1.73838973045349,Inf,"ZIKV","High_ZIKV","3","3"
"GSM2994374",7.70451021194458,1.71183860301971,Inf,"ZIKV","High_ZIKV","3","3"
"GSM2994375",4.28278112411499,1.80426120758057,0.108652355508407,"ZIKV","Low_ZIKV","2","2"
"GSM2994376",3.63834285736084,2.447998046875,0.517809029753472,"ZIKV","High_ZIKV","2","2"
"GSM2994377",7.59189653396606,2.03393030166626,Inf,"ZIKV","High_ZIKV","3","3"
"GSM2994378",4.83803272247314,4.16055536270142,0.00209965130313083,"ZIKV","Bystander_ZIKV","2","2"
"GSM2994379",5.11203002929688,0.901968240737915,0.108571599689056,"ZIKV","High_ZIKV","2","2"
"GSM2994380",4.94626331329346,1.14367365837097,0.108490843869705,"ZIKV","Bystander_ZIKV","2","2"
"GSM2994381",4.93572950363159,1.83864486217499,0.114600338704356,"ZIKV","Bystander_ZIKV","2","2"
"GSM2994382",8.08367919921875,1.85531163215637,Inf,"ZIKV","High_ZIKV","3","3"
"GSM2994383",4.82918787002563,0.91499400138855,0.108410088050353,"ZIKV","Bystander_ZIKV","2","2"
"GSM2994384",3.73030424118042,4.11137628555298,0.00218040712248202,"ZIKV","High_ZIKV","2","2"
"GSM2994385",5.49350070953369,1.56433546543121,0.00226116294183321,"ZIKV","Bystander_ZIKV","2","2"
"GSM2994386",4.22735118865967,2.3114607334137,0.108329332231002,"ZIKV","Bystander_ZIKV","2","2"
"GSM2994387",5.10277128219604,1.08456540107727,0.108248576411651,"ZIKV","High_ZIKV","2","2"
"GSM2994388",3.76119875907898,2.96900320053101,0.386561316938212,"ZIKV","Low_ZIKV","2","2"
"GSM2994390",5.21835660934448,2.02902746200562,0.00234191876118439,"ZIKV","Bystander_ZIKV","2","2"
"GSM2994391",8.23634910583496,1.43660283088684,Inf,"ZIKV","High_ZIKV","3","3"
"GSM2994392",4.73942041397095,3.92576789855957,0.00242267458053558,"ZIKV","High_ZIKV","2","2"
"GSM2994393",5.0922737121582,2.19539618492126,0.00250343039988676,"ZIKV","Bystander_ZIKV","2","2"
"GSM2994394",7.90925979614258,1.24164545536041,Inf,"ZIKV","High_ZIKV","3","3"
"GSM2994395",7.38427639007568,2.10734295845032,Inf,"ZIKV","High_ZIKV","3","3"
"GSM2994396",8.2264347076416,1.45311367511749,Inf,"ZIKV","High_ZIKV","3","3"
"GSM2994397",5.23581457138062,1.06729793548584,0.1081678205923,"ZIKV","Bystander_ZIKV","2","2"
"GSM2994398",4.35912322998047,3.35740160942078,0.00258418621923795,"ZIKV","Bystander_ZIKV","2","2"
"GSM2994399",8.39071464538574,1.3596419095993,Inf,"ZIKV","High_ZIKV","3","3"
"GSM2994400",4.08114290237427,2.74824500083923,0,"ZIKV","High_ZIKV","2","2"
"GSM2994401",5.26003074645996,2.30961132049561,0.00266494203858914,"ZIKV","Low_ZIKV","2","2"
"GSM2994402",8.50255870819092,1.24311411380768,Inf,"ZIKV","High_ZIKV","3","3"
"GSM2994403",5.44109964370728,1.33645796775818,0.191246565282196,"ZIKV","Bystander_ZIKV","2","2"
"GSM2994404",7.11909818649292,1.77689945697784,Inf,"ZIKV","High_ZIKV","3","3"
"GSM2994405",7.7571873664856,1.54102325439453,Inf,"ZIKV","High_ZIKV","3","3"
"GSM2994406",8.31185817718506,1.19557344913483,Inf,"ZIKV","High_ZIKV","3","3"
"GSM2994407",5.40696334838867,2.91971826553345,0.00274569785794032,"ZIKV","Bystander_ZIKV","2","2"
"GSM2994408",5.90309906005859,1.38500475883484,0.00282645367729151,"ZIKV","High_ZIKV","2","2"
"GSM2994409",5.74552726745605,2.87268686294556,0.00290720949664269,"ZIKV","Low_ZIKV","2","2"
"GSM2994410",5.38001251220703,3.394606590271,0.00298796531599388,"ZIKV","High_ZIKV","2","2"
"GSM2994411",7.54716110229492,1.4134156703949,Inf,"ZIKV","High_ZIKV","3","3"
"GSM2994412",4.89745616912842,3.65008425712585,0.00306872113534506,"ZIKV","Bystander_ZIKV","2","2"
"GSM2994413",7.80333232879639,1.31186056137085,Inf,"ZIKV","High_ZIKV","3","3"
"GSM2994414",4.52420568466187,4.2780647277832,0.00314947695469625,"ZIKV","Bystander_ZIKV","2","2"
"GSM2994415",5.30821466445923,3.34556007385254,0.00323023277404744,"ZIKV","Low_ZIKV","2","2"
"GSM2994417",5.41872406005859,1.41085767745972,0.148594913317236,"ZIKV","Bystander_ZIKV","2","2"
"GSM2994418",5.00226020812988,3.90255403518677,0.00331098859339862,"ZIKV","Bystander_ZIKV","2","2"
"GSM2994419",4.96116399765015,2.87799763679504,0.00339174441274981,"ZIKV","High_ZIKV","2","2"
"GSM2994420",4.47825717926025,1.89139294624329,0.108087064772949,"ZIKV","High_ZIKV","2","2"
"GSM2994421",7.58871603012085,1.63204264640808,Inf,"ZIKV","High_ZIKV","3","3"
"GSM2994422",4.46179342269897,4.25677919387817,0.00347250023210099,"ZIKV","Bystander_ZIKV","2","2"
"GSM2994423",5.4701714515686,1.18505847454071,0.1096404734903,"ZIKV","High_ZIKV","2","2"
"GSM2994424",4.14374017715454,2.6902928352356,0.0163286302341517,"ZIKV","Bystander_ZIKV","2","2"
"GSM2994425",7.66226577758789,1.54066729545593,Inf,"ZIKV","High_ZIKV","3","3"
"GSM2994426",8.6026029586792,1.26636064052582,Inf,"ZIKV","High_ZIKV","3","3"
"GSM2994427",7.80098390579224,1.46806538105011,Inf,"ZIKV","High_ZIKV","3","3"
"GSM2994428",5.26133871078491,2.18062400817871,0.00355325605145218,"ZIKV","Bystander_ZIKV","2","2"
"GSM2994429",7.71526670455933,1.6370974779129,Inf,"ZIKV","High_ZIKV","3","3"
"GSM2994430",7.3295521736145,2.00732946395874,Inf,"ZIKV","High_ZIKV","3","3"
"GSM2994431",7.69924068450928,1.63559651374817,Inf,"ZIKV","High_ZIKV","3","3"
"GSM2994432",1.12635123729706,-3.15007925033569,0.06312360331916,"ZIKV","Bystander_ZIKV","1","1"
"GSM2994433",5.79505634307861,3.57768964767456,0.00363401187080337,"ZIKV","Low_ZIKV","2","2"
"GSM2994434",8.14622783660889,2.10098528862,Inf,"ZIKV","High_ZIKV","3","3"
"GSM2994435",6.83014822006226,1.42893886566162,Inf,"ZIKV","High_ZIKV","3","3"
"GSM2994436",4.93118095397949,3.94362616539001,0.00371476769015455,"ZIKV","Low_ZIKV","2","2"
"GSM2994437",8.09207248687744,2.07956266403198,Inf,"ZIKV","High_ZIKV","3","3"
"GSM2994438",5.77230596542358,3.04118537902832,0.00379552350950574,"ZIKV","High_ZIKV","2","2"
"GSM2994440",4.78102874755859,3.13815951347351,0.00387627932885692,"ZIKV","High_ZIKV","2","2"
"GSM2994441",7.3673620223999,1.7813972234726,Inf,"ZIKV","High_ZIKV","3","3"
"GSM2994442",8.11148262023926,1.97664988040924,Inf,"ZIKV","High_ZIKV","3","3"
"GSM2994443",6.25467157363892,1.54209816455841,0.00395703514820811,"ZIKV","High_ZIKV","2","2"
"GSM2994444",7.59643840789795,1.37715244293213,Inf,"ZIKV","High_ZIKV","3","3"
"GSM2994445",4.63135433197021,2.9981427192688,0.0040377909675593,"ZIKV","Bystander_ZIKV","2","2"
"GSM2994446",4.64792346954346,3.51401162147522,0.00411854678691048,"ZIKV","Low_ZIKV","2","2"
"GSM2994447",5.84662914276123,1.45105218887329,0.00419930260626167,"ZIKV","High_ZIKV","2","2"
"GSM2994448",5.86076736450195,1.3706521987915,0.00428005842561285,"ZIKV","High_ZIKV","2","2"
"GSM2994449",5.3792519569397,1.14691126346588,0.0245634350946538,"ZIKV","Low_ZIKV","2","2"
"GSM2994450",5.74297571182251,3.12938189506531,0.00436081424496404,"ZIKV","Bystander_ZIKV","2","2"
"GSM2994451",4.45990324020386,3.10800075531006,0.00444157006431523,"ZIKV","Low_ZIKV","2","2"
"GSM2994452",4.45900440216064,1.49874126911163,0.108006308953597,"ZIKV","Bystander_ZIKV","2","2"
"GSM2994453",7.77884721755981,1.49935853481293,Inf,"ZIKV","High_ZIKV","3","3"
"GSM2994454",3.86935234069824,3.93586683273315,0.00452232588366641,"ZIKV","Bystander_ZIKV","2","2"
"GSM2994455",4.59971380233765,1.35166394710541,0.107925553134246,"ZIKV","Low_ZIKV","2","2"
"GSM2994456",4.16230201721191,3.74860072135925,0.0046030817030176,"ZIKV","High_ZIKV","2","2"
"GSM2994457",4.04515218734741,3.65335941314697,0.00468383752236878,"Control","Bystander_ZIKV","2","2"
"GSM2994458",3.6999032497406,3.58045411109924,0.0715592034725838,"Control","Bystander_ZIKV","2","2"
"GSM2994459",3.75811553001404,3.29315853118896,0.38547957929985,"Control","Bystander_ZIKV","2","2"
"GSM2994460",4.31493330001831,2.81212258338928,0.091755408760569,"Control","Bystander_ZIKV","2","2"
"GSM2994461",3.48657703399658,4.03425073623657,0.00146827462355859,"Control","Bystander_ZIKV","2","2"
"GSM2994462",4.35427522659302,4.13952159881592,0.00476459334171997,"Control","Bystander_ZIKV","2","2"
"GSM2994463",5.06967496871948,3.44723272323608,0.00484534916107116,"Control","Low_ZIKV","2","2"
"GSM2994464",4.17432689666748,3.18511295318604,0.00492610498042234,"Control","Bystander_ZIKV","2","2"
"GSM2994465",3.81941390037537,3.58665204048157,0.00500686079977353,"Control","Bystander_ZIKV","2","2"
"GSM2994466",3.95618987083435,2.80264496803284,0.190621547921673,"Control","Bystander_ZIKV","2","2"
"GSM2994467",4.80997753143311,2.7643883228302,0.00508761661912471,"Control","Bystander_ZIKV","2","2"
"GSM2994468",4.1611590385437,4.37287139892578,0.0051683724384759,"Control","Bystander_ZIKV","2","2"
"GSM2994469",5.59337520599365,3.60061430931091,0.00524912825782708,"Control","Bystander_ZIKV","2","2"
"GSM2994471",5.19088792800903,2.5080828666687,0.00532988407717827,"Control","Bystander_ZIKV","2","2"
"GSM2994472",3.80405402183533,3.6275327205658,0.00541063989652946,"Control","Bystander_ZIKV","2","2"
"GSM2994473",3.61681699752808,3.80122947692871,0.00549139571588064,"Control","Bystander_ZIKV","2","2"
"GSM2994474",3.56256556510925,3.88070726394653,0.576790149154754,"Control","Bystander_ZIKV","2","2"
"GSM2994475",5.13830327987671,2.78176164627075,0.00557215153523183,"Control","Bystander_ZIKV","2","2"
"GSM2994476",3.37416434288025,3.6502423286438,0.0552171404988688,"Control","Bystander_ZIKV","2","2"
"GSM2994477",4.32267475128174,2.58505511283875,0.117390439815695,"Control","Bystander_ZIKV","2","2"
"GSM2994478",5.04176044464111,2.92365097999573,0.00565290735458301,"Control","Bystander_ZIKV","2","2"
"GSM2994479",3.51575994491577,3.92494821548462,0.624017395420083,"Control","Bystander_ZIKV","2","2"
"GSM2994480",5.45510292053223,3.45621919631958,0.0057336631739342,"Control","Bystander_ZIKV","2","2"
"GSM2994481",5.26272630691528,1.54441046714783,0.198821290709833,"Control","Bystander_ZIKV","2","2"
"GSM2994482",4.39760828018188,2.88361001014709,0.00581441899328539,"Control","Bystander_ZIKV","2","2"
"GSM2994483",3.93940472602844,3.45966124534607,0.00589517481263657,"Control","Bystander_ZIKV","2","2"
"GSM2994484",3.61461782455444,3.62866878509521,0.52689386233343,"Control","Bystander_ZIKV","2","2"
"GSM2994485",4.99760770797729,1.19735741615295,0.107844797314895,"Control","Bystander_ZIKV","2","2"
"GSM2994486",3.88422393798828,4.04102897644043,0.00597593063198776,"Control","Bystander_ZIKV","2","2"
"GSM2994487",5.6948938369751,3.33985090255737,0.00605668645133894,"Control","Bystander_ZIKV","2","2"
"GSM2994488",4.39343357086182,4.43951463699341,0.00613744227069013,"Control","Bystander_ZIKV","2","2"
"GSM2994489",5.51018238067627,1.67580628395081,0.00621819809004132,"Control","Bystander_ZIKV","2","2"
"GSM2994490",5.08478260040283,2.93075323104858,0.0062989539093925,"Control","Bystander_ZIKV","2","2"
"GSM2994491",5.62813282012939,3.4326593875885,0.00637970972874369,"Control","Bystander_ZIKV","2","2"
"GSM2994492",5.21428298950195,3.24032139778137,0.00646046554809487,"Control","Bystander_ZIKV","2","2"
"GSM2994493",4.92939805984497,0.980525851249695,0.107764041495544,"Control","Bystander_ZIKV","2","2"
"GSM2994494",5.16766405105591,2.28839468955994,0.00654122136744606,"Control","Bystander_ZIKV","2","2"
"GSM2994495",4.34175968170166,4.00085306167603,0.00662197718679725,"Control","Bystander_ZIKV","2","2"
"GSM2994496",3.90298247337341,4.19206619262695,0.00670273300614843,"Control","Bystander_ZIKV","2","2"
"GSM2994497",4.18939876556396,3.46587920188904,0.00678348882549962,"Control","Bystander_ZIKV","2","2"
"GSM2994498",3.69864726066589,3.67815279960632,0.0068642446448508,"Control","Bystander_ZIKV","2","2"
"GSM2994499",5.43805551528931,2.67012691497803,0.00694500046420199,"Control","Bystander_ZIKV","2","2"
"GSM2994500",4.91220664978027,1.34255862236023,0.107683285676193,"Control","Bystander_ZIKV","2","2"
"GSM2994501",5.07928800582886,3.15429878234863,0.00702575628355318,"Control","Bystander_ZIKV","2","2"
"GSM2994502",4.68814325332642,2.67404007911682,0.00710651210290436,"Control","Bystander_ZIKV","2","2"
"GSM2994503",5.00715351104736,2.25484704971313,0.00718726792225555,"Control","Bystander_ZIKV","2","2"
"GSM2994504",5.61743307113647,3.39248394966125,0.00726802374160673,"Control","Bystander_ZIKV","2","2"
"GSM2994505",5.28469610214233,3.7055823802948,0.00734877956095792,"Control","Bystander_ZIKV","2","2"
"GSM2994506",4.4687557220459,2.4563844203949,0.161218470667917,"Control","Bystander_ZIKV","2","2"
"GSM2994507",4.94013977050781,1.51035368442535,0.107602529856841,"Control","Bystander_ZIKV","2","2"
"GSM2994508",4.51438903808594,2.47811341285706,0.175226562873636,"Control","Bystander_ZIKV","2","2"
"GSM2994509",4.93417644500732,1.31242263317108,0.10752177403749,"Control","Bystander_ZIKV","2","2"
"GSM2994510",4.782310962677,2.80353164672852,0.0074295353803091,"Control","Bystander_ZIKV","2","2"
"GSM2994511",4.37244081497192,4.34774494171143,0.00751029119966029,"Control","Bystander_ZIKV","2","2"
"GSM2994512",4.97308301925659,1.08518946170807,0.107441018218139,"Control","Bystander_ZIKV","2","2"
"GSM2994513",5.0088529586792,3.17511391639709,0.00759104701901148,"Control","Bystander_ZIKV","2","2"
"GSM2994514",5.6604528427124,3.6190869808197,0.00767180283836266,"Control","Bystander_ZIKV","2","2"
"GSM2994515",4.27074337005615,2.70966458320618,0.173150520343135,"Control","Bystander_ZIKV","2","2"
"GSM2994516",5.26204395294189,1.58029305934906,0.167184430284351,"Control","Bystander_ZIKV","2","2"
"GSM2994517",5.42621898651123,3.68296480178833,0.00775255865771385,"Control","Bystander_ZIKV","2","2"
"GSM2994518",4.39225625991821,2.80856084823608,0.00999542661100339,"Control","Bystander_ZIKV","2","2"
"GSM2994519",4.56295251846313,1.21454977989197,0.107360262398788,"Control","Bystander_ZIKV","2","2"
"GSM2994520",5.55028247833252,1.4370037317276,0.00783331447706503,"Control","Bystander_ZIKV","2","2"
"GSM2994521",4.51253128051758,2.61877202987671,0.0501427793847022,"Control","Bystander_ZIKV","2","2"
"GSM2994522",5.69514942169189,3.64585089683533,0.00791407029641622,"Control","Bystander_ZIKV","2","2"
"GSM2994523",4.6036639213562,2.91887402534485,0.00799482611576741,"Control","Low_ZIKV","2","2"
"GSM2994524",4.92170286178589,1.60574293136597,0.107279506579437,"Control","Low_ZIKV","2","2"
"GSM2994525",5.62248420715332,3.51398515701294,0.00807558193511859,"Control","Bystander_ZIKV","2","2"
"GSM2994526",4.83394956588745,1.34886085987091,0.107198750760086,"Control","Bystander_ZIKV","2","2"
"GSM2994527",4.11375856399536,3.11174917221069,0.0415896325529364,"Control","Bystander_ZIKV","2","2"
"GSM2994528",5.14594268798828,3.31846976280212,0.00815633775446978,"Control","Bystander_ZIKV","2","2"
"GSM2994529",5.60827875137329,3.68529915809631,0.00823709357382096,"Control","Bystander_ZIKV","2","2"
"GSM2994530",5.31007862091064,0.920186340808868,0.107117994940734,"Control","Bystander_ZIKV","2","2"
"GSM2994531",4.45975542068481,4.14426517486572,0.00831784939317215,"Control","Low_ZIKV","2","2"
"GSM2994532",4.95959758758545,2.83502006530762,0.00839860521252334,"Control","Bystander_ZIKV","2","2"
"GSM2994533",4.53064680099487,1.80958187580109,0.107037239121383,"Control","Bystander_ZIKV","2","2"
"GSM2994534",4.79226016998291,3.38270545005798,0.00847936103187452,"Control","Bystander_ZIKV","2","2"
"GSM2994535",5.32729959487915,2.1899561882019,0.00856011685122571,"Control","Bystander_ZIKV","2","2"
"GSM2994536",4.80074977874756,2.9511501789093,0.00864087267057689,"Control","Bystander_ZIKV","2","2"
"GSM2994537",5.53932189941406,1.28156757354736,0.133160441167793,"Control","Bystander_ZIKV","2","2"
"GSM2994538",4.64156579971313,1.18639397621155,0.106956483302032,"Control","Bystander_ZIKV","2","2"
"GSM2994539",5.06642484664917,3.80740451812744,0.00872162848992808,"Control","Bystander_ZIKV","2","2"
"GSM2994540",5.10001134872437,2.94254684448242,0.00880238430927927,"Control","Bystander_ZIKV","2","2"
"GSM2994541",5.5301399230957,3.67707800865173,0.00888314012863045,"Control","Bystander_ZIKV","2","2"
"GSM2994542",5.30649566650391,1.73798286914825,0.00896389594798164,"Control","Bystander_ZIKV","2","2"
"GSM2994543",4.81055927276611,3.11976790428162,0.00904465176733282,"Control","Bystander_ZIKV","2","2"
"GSM2994544",5.52483987808228,1.62780320644379,0.00912540758668401,"Control","Bystander_ZIKV","2","2"
"GSM2994545",1.95104658603668,-3.11569666862488,0.0631238610852394,"Control","Bystander_ZIKV","1","1"
"GSM2994546",5.34975481033325,1.55179297924042,0.0966378899569533,"Control","Bystander_ZIKV","2","2"
"GSM2994547",4.50570440292358,4.17267608642578,0.00920616340603519,"Control","Bystander_ZIKV","2","2"
"GSM2994548",5.37122917175293,1.38015139102936,0.177788383373197,"Control","Bystander_ZIKV","2","2"
"GSM2994549",4.91763782501221,1.22947001457214,0.106875727482681,"Control","Low_ZIKV","2","2"
"GSM2994550",5.21488428115845,2.87497997283936,0.00928691922538638,"Control","Bystander_ZIKV","2","2"
"GSM2994551",5.03319454193115,0.940401375293732,0.10679497166333,"Control","Bystander_ZIKV","2","2"
"GSM2994552",5.40307569503784,3.64072608947754,0.00936767504473757,"Control","Bystander_ZIKV","2","2"
"GSM2994553",5.11945962905884,3.10129427909851,0.00944843086408875,"Control","Bystander_ZIKV","2","2"
"GSM2994554",3.7998423576355,3.40973472595215,0.116392250453084,"Control","Low_ZIKV","2","2"
"GSM2994555",5.41292381286621,1.60144364833832,0.00952918668343994,"Control","Low_ZIKV","2","2"
"GSM2994556",5.71552562713623,3.22316884994507,0.00960994250279112,"Control","Bystander_ZIKV","2","2"
"GSM2994557",4.52452898025513,3.9636013507843,0.00969069832214231,"Control","Low_ZIKV","2","2"
"GSM2994558",4.56792306900024,3.8705632686615,0.0097714541414935,"Control","Bystander_ZIKV","2","2"
"GSM2994559",4.49237060546875,3.83076643943787,0.00985220996084468,"Control","Low_ZIKV","2","2"
"GSM2994560",5.003502368927,1.11248397827148,0.106714215843978,"ZIKV","High_ZIKV","2","2"
"GSM2994561",8.88871765136719,1.62657821178436,Inf,"ZIKV","High_ZIKV","3","3"
"GSM2994562",4.76935768127441,1.03457880020142,0.106633460024627,"ZIKV","High_ZIKV","2","2"
"GSM2994563",7.8365912437439,1.37417495250702,Inf,"ZIKV","High_ZIKV","3","3"
"GSM2994564",8.89813232421875,1.46778082847595,Inf,"ZIKV","High_ZIKV","3","3"
"GSM2994565",8.67243480682373,1.38295233249664,Inf,"ZIKV","High_ZIKV","3","3"
"GSM2994566",3.06020188331604,2.40722322463989,0.195434342999987,"ZIKV","Bystander_ZIKV","2","2"
"GSM2994567",4.77039909362793,1.02708518505096,0.106552704205276,"ZIKV","High_ZIKV","2","2"
"GSM2994568",8.59294605255127,1.79802131652832,Inf,"ZIKV","High_ZIKV","3","3"
"GSM2994569",4.28124713897705,4.34048128128052,0.00993296578019587,"ZIKV","High_ZIKV","2","2"
"GSM2994570",8.58978939056396,1.17409145832062,Inf,"ZIKV","High_ZIKV","3","3"
"GSM2994571",4.91265058517456,3.49599885940552,0.0100137215995471,"ZIKV","High_ZIKV","2","2"
"GSM2994572",7.7287712097168,2.03771448135376,Inf,"ZIKV","High_ZIKV","3","3"
"GSM2994573",8.98085689544678,1.51592421531677,Inf,"ZIKV","High_ZIKV","3","3"
"GSM2994574",8.83979225158691,1.53689610958099,Inf,"ZIKV","High_ZIKV","3","3"
"GSM2994575",8.42328262329102,1.36528897285461,Inf,"ZIKV","High_ZIKV","3","3"
"GSM2994576",7.93753051757812,1.91359460353851,Inf,"ZIKV","High_ZIKV","3","3"
"GSM2994577",5.00632429122925,1.66598534584045,0.035997273739834,"ZIKV","High_ZIKV","2","2"
"GSM2994578",8.81327247619629,1.81619191169739,Inf,"ZIKV","High_ZIKV","3","3"
"GSM2994579",8.88181400299072,1.63544654846191,Inf,"ZIKV","High_ZIKV","3","3"
"GSM2994580",3.97747659683228,2.83199715614319,0.168616782052253,"ZIKV","Low_ZIKV","2","2"
"GSM2994581",8.93586730957031,1.52748537063599,Inf,"ZIKV","High_ZIKV","3","3"
"GSM2994582",7.90887594223022,2.10309195518494,Inf,"ZIKV","High_ZIKV","3","3"
"GSM2994583",8.84162139892578,1.68449568748474,Inf,"ZIKV","High_ZIKV","3","3"
"GSM2994584",8.4413366317749,1.68329405784607,Inf,"ZIKV","High_ZIKV","3","3"
"GSM2994585",8.89949798583984,1.5728794336319,Inf,"ZIKV","High_ZIKV","3","3"
"GSM2994586",8.59541606903076,1.63614559173584,Inf,"ZIKV","High_ZIKV","3","3"
"GSM2994587",8.35241889953613,1.93309688568115,Inf,"ZIKV","High_ZIKV","3","3"
"GSM2994588",5.21866989135742,2.24789118766785,0.0100944774188982,"ZIKV","Bystander_ZIKV","2","2"
"GSM2994589",8.29831314086914,2.01587796211243,Inf,"ZIKV","High_ZIKV","3","3"
"GSM2994590",8.72768592834473,1.72339069843292,Inf,"ZIKV","High_ZIKV","3","3"
"GSM2994591",8.62254905700684,1.27851724624634,Inf,"ZIKV","High_ZIKV","3","3"
"GSM2994592",8.33222770690918,1.76608145236969,Inf,"ZIKV","High_ZIKV","3","3"
"GSM2994593",8.2614917755127,2.00667285919189,Inf,"ZIKV","High_ZIKV","3","3"
"GSM2994594",8.65823554992676,1.23403763771057,Inf,"ZIKV","High_ZIKV","3","3"
"GSM2994595",5.16461181640625,2.54798197746277,0.0101752332382494,"ZIKV","Bystander_ZIKV","2","2"
"GSM2994596",8.79088306427002,1.80452358722687,Inf,"ZIKV","High_ZIKV","3","3"
"GSM2994597",8.25774192810059,2.05637788772583,Inf,"ZIKV","High_ZIKV","3","3"
"GSM2994598",4.83054780960083,2.71454763412476,0.0102559890576006,"ZIKV","High_ZIKV","2","2"
"GSM2994599",3.79143261909485,2.71208500862122,0.359058345881699,"ZIKV","High_ZIKV","2","2"
"GSM2994600",8.16236591339111,1.9339953660965,Inf,"ZIKV","High_ZIKV","3","3"
"GSM2994601",8.72879123687744,1.54143822193146,Inf,"ZIKV","High_ZIKV","3","3"
"GSM2994602",8.56946086883545,1.28280627727509,Inf,"ZIKV","High_ZIKV","3","3"
"GSM2994603",7.34902572631836,1.7390068769455,Inf,"ZIKV","High_ZIKV","3","3"
"GSM2994604",8.89145946502686,1.63842070102692,Inf,"ZIKV","High_ZIKV","3","3"
"GSM2994605",8.64336967468262,1.89817023277283,Inf,"ZIKV","High_ZIKV","3","3"
"GSM2994606",8.00815677642822,1.84485518932343,Inf,"ZIKV","High_ZIKV","3","3"
"GSM2994607",5.48382329940796,3.6656436920166,0.0103367448769518,"ZIKV","High_ZIKV","2","2"
"GSM2994608",8.27013874053955,2.09249067306519,Inf,"ZIKV","High_ZIKV","3","3"
"GSM2994609",8.27508544921875,2.09046673774719,Inf,"ZIKV","High_ZIKV","3","3"
"GSM2994610",8.12777423858643,1.98142862319946,Inf,"ZIKV","High_ZIKV","3","3"
"GSM2994611",7.88298845291138,1.74595093727112,Inf,"ZIKV","High_ZIKV","3","3"
"GSM2994612",8.88786792755127,1.44132304191589,Inf,"ZIKV","High_ZIKV","3","3"
"GSM2994613",8.67106246948242,1.87112486362457,Inf,"ZIKV","High_ZIKV","3","3"
"GSM2994614",8.9732608795166,1.65221107006073,Inf,"ZIKV","High_ZIKV","3","3"
"GSM2994615",8.34255409240723,1.93773138523102,Inf,"ZIKV","High_ZIKV","3","3"
"GSM2994616",8.26002597808838,2.03402304649353,Inf,"ZIKV","High_ZIKV","3","3"
"GSM2994617",8.64488506317139,1.57146239280701,Inf,"ZIKV","High_ZIKV","3","3"
"GSM2994618",5.40127754211426,3.64770555496216,0.010417500696303,"ZIKV","High_ZIKV","2","2"
"GSM2994619",8.71083450317383,1.82584226131439,Inf,"ZIKV","High_ZIKV","3","3"
"GSM2994620",5.64465379714966,3.76731586456299,0.0104982565156542,"ZIKV","Low_ZIKV","2","2"
"GSM2994621",5.51490831375122,3.74562335014343,0.0105790123350054,"ZIKV","Low_ZIKV","2","2"
"GSM2994622",8.23812198638916,1.3530113697052,Inf,"ZIKV","High_ZIKV","3","3"
"GSM2994623",7.40502691268921,2.20497512817383,Inf,"ZIKV","High_ZIKV","3","3"
"GSM2994624",8.9041051864624,1.80588436126709,Inf,"ZIKV","High_ZIKV","3","3"
"GSM2994625",8.18410968780518,1.94817996025085,Inf,"ZIKV","High_ZIKV","3","3"
"GSM2994626",7.69707536697388,2.00810503959656,Inf,"ZIKV","High_ZIKV","3","3"
"GSM2994627",8.60360527038574,1.81518828868866,Inf,"ZIKV","High_ZIKV","3","3"
"GSM2994628",8.7215690612793,1.33980178833008,Inf,"ZIKV","High_ZIKV","3","3"
"GSM2994629",8.60653686523438,1.21902918815613,Inf,"ZIKV","High_ZIKV","3","3"
"GSM2994630",7.88688659667969,2.01963806152344,Inf,"ZIKV","High_ZIKV","3","3"
"GSM2994631",5.24733543395996,2.0027871131897,0.0106597681543565,"ZIKV","Bystander_ZIKV","2","2"
"GSM2994632",8.70828533172607,1.24709188938141,Inf,"ZIKV","High_ZIKV","3","3"
"GSM2994633",7.03242969512939,2.06867957115173,Inf,"ZIKV","High_ZIKV","3","3"
"GSM2994634",8.85517597198486,1.7619514465332,Inf,"ZIKV","High_ZIKV","3","3"
"GSM2994635",5.31365060806274,1.47437512874603,0.199879189326163,"ZIKV","Low_ZIKV","2","2"
"GSM2994636",5.07017850875854,1.75593507289886,0.187441011976472,"ZIKV","High_ZIKV","2","2"
"GSM2994637",8.6241340637207,1.21283459663391,Inf,"ZIKV","High_ZIKV","3","3"
"GSM2994638",8.72224903106689,1.2766637802124,Inf,"ZIKV","High_ZIKV","3","3"
"GSM2994639",8.56793975830078,1.89522445201874,Inf,"ZIKV","High_ZIKV","3","3"
"GSM2994640",7.8963098526001,2.0918071269989,Inf,"ZIKV","High_ZIKV","3","3"
"GSM2994641",5.04413080215454,4.04506158828735,0.0107405239737077,"ZIKV","Bystander_ZIKV","2","2"
"GSM2994642",5.61807727813721,3.61345505714417,0.0108212797930589,"ZIKV","High_ZIKV","2","2"
"GSM2994643",7.66270971298218,2.12284564971924,Inf,"ZIKV","High_ZIKV","3","3"
"GSM2994644",7.19375324249268,1.99950909614563,Inf,"ZIKV","High_ZIKV","3","3"
"GSM2994645",8.1792049407959,1.97562634944916,Inf,"ZIKV","High_ZIKV","3","3"
"GSM2994646",5.51998329162598,3.54811573028564,0.0109020356124101,"ZIKV","Bystander_ZIKV","2","2"
"GSM2994647",8.34356117248535,1.49656867980957,Inf,"ZIKV","High_ZIKV","3","3"
"GSM2994648",8.51241588592529,1.66590571403503,Inf,"ZIKV","High_ZIKV","3","3"
"GSM2994649",8.57376194000244,1.58178722858429,Inf,"ZIKV","High_ZIKV","3","3"
"GSM2994650",8.74897956848145,1.57078003883362,Inf,"ZIKV","High_ZIKV","3","3"
"GSM2994651",8.84784603118896,1.31184542179108,Inf,"ZIKV","High_ZIKV","3","3"
"GSM2994652",5.33806037902832,1.55109369754791,0.11020778082835,"ZIKV","Bystander_ZIKV","2","2"
"GSM2994653",8.88742828369141,1.47596490383148,Inf,"ZIKV","High_ZIKV","3","3"
"GSM2994654",8.83215999603271,1.74182915687561,Inf,"ZIKV","High_ZIKV","3","3"
"GSM2994655",3.93442940711975,3.52254939079285,0.0109827914317613,"ZIKV","High_ZIKV","2","2"
"GSM2994656",8.31497573852539,1.94241917133331,Inf,"ZIKV","High_ZIKV","3","3"
"GSM2994657",5.57546710968018,1.59098875522614,0.0110635472511125,"ZIKV","High_ZIKV","2","2"
"GSM2994658",8.170166015625,2.17624950408936,Inf,"ZIKV","High_ZIKV","3","3"
"GSM2994660",7.414466381073,2.24184155464172,Inf,"ZIKV","High_ZIKV","3","3"
"GSM2994661",7.42712593078613,1.77616631984711,Inf,"ZIKV","High_ZIKV","3","3"
"GSM2994662",8.60538673400879,1.89290249347687,Inf,"ZIKV","High_ZIKV","3","3"
"GSM2994663",8.20804500579834,1.95716559886932,Inf,"ZIKV","High_ZIKV","3","3"
"GSM2994664",8.75837898254395,1.77241492271423,Inf,"ZIKV","High_ZIKV","3","3"
"GSM2994665",8.36821556091309,2.03281354904175,Inf,"ZIKV","High_ZIKV","3","3"
"GSM2994666",8.27866649627686,2.00606179237366,Inf,"ZIKV","High_ZIKV","3","3"
"GSM2994667",8.50239372253418,1.83487808704376,Inf,"ZIKV","High_ZIKV","3","3"
"GSM2994668",7.4867091178894,1.83060038089752,Inf,"ZIKV","High_ZIKV","3","3"
"GSM2994669",8.17456150054932,1.65106344223022,Inf,"ZIKV","High_ZIKV","3","3"
"GSM2994670",8.81440353393555,1.84812235832214,Inf,"ZIKV","High_ZIKV","3","3"
"GSM2994671",8.59769248962402,1.17070591449738,Inf,"ZIKV","High_ZIKV","3","3"
"GSM2994672",8.76814556121826,1.77397465705872,Inf,"ZIKV","High_ZIKV","3","3"
"GSM2994673",8.37214946746826,2.03825783729553,Inf,"ZIKV","High_ZIKV","3","3"
"GSM2994674",8.38661861419678,2.10357427597046,Inf,"ZIKV","High_ZIKV","3","3"
"GSM2994675",8.60862159729004,1.9576895236969,Inf,"ZIKV","High_ZIKV","3","3"
"GSM2994676",5.62957668304443,3.10583829879761,0.0111443030704637,"ZIKV","Bystander_ZIKV","2","2"
"GSM2994677",4.3104829788208,3.91255688667297,0.0112250588898148,"ZIKV","Low_ZIKV","2","2"
"GSM2994678",5.60259103775024,1.96838223934174,0.011305814709166,"ZIKV","High_ZIKV","2","2"
"GSM2994679",8.30592727661133,1.8086519241333,Inf,"ZIKV","High_ZIKV","3","3"
"GSM2994680",5.77742290496826,3.31345534324646,0.0113865705285172,"ZIKV","Low_ZIKV","2","2"
