GeneSymbol,in_Zika_Up,in_Zika_Down,in_Dengue_Up,in_Dengue_Down
11-SEP,True,False,False,False
A1BG,False,False,False,True
AAAS,False,True,False,False
AACS,False,False,True,False
AADAT,False,True,False,False
AAGAB,False,False,True,False
AAK1,True,False,False,True
AARS,True,False,False,False
AARS1,False,False,True,False
AARS2,False,False,True,False
AARSD1,True,False,False,False
AASDHPPT,False,False,True,False
AASS,False,True,False,False
AATK,False,False,False,True
ABCA1,True,False,True,False
ABCA3,True,False,False,True
ABCA5,False,True,False,False
ABCA7,True,False,False,False
ABCB1,False,False,False,True
ABCB4,False,False,False,True
ABCB6,True,False,True,False
ABCB8,False,True,True,False
ABCB9,False,False,True,False
ABCC1,False,True,False,False
ABCC4,False,True,False,False
ABCC5,False,True,False,False
ABCD3,False,False,True,False
ABCE1,True,False,True,False
ABCF1,False,True,True,False
ABCF2,True,False,True,False
ABCF3,True,False,True,False
ABCG1,True,False,False,False
ABHD1,False,False,False,True
ABHD10,True,False,True,False
ABHD14A-ACY1,True,False,False,False
ABHD14B,False,False,False,True
ABHD15,False,False,False,True
ABHD16B,False,True,False,False
ABHD17A,False,False,False,True
ABHD18,False,False,True,False
ABHD2,False,True,False,False
ABHD3,False,True,True,False
ABHD4,True,False,False,False
ABHD5,True,False,False,False
ABHD6,True,False,False,False
ABI1,False,False,True,False
ABI2,False,True,False,True
ABL2,True,False,False,False
ABLIM1,False,False,False,True
ABLIM2,True,False,False,True
ABRACL,False,True,True,False
ABTB2,True,False,True,False
ABTB3,False,False,False,True
AC009133.12,True,False,False,False
ACAA2,False,True,False,False
ACACA,True,False,True,False
ACACB,False,True,False,True
ACAD10,False,True,False,False
ACAD9,False,True,True,False
ACADM,False,False,True,False
ACADSB,False,False,False,True
ACADVL,False,False,True,False
ACAP2,True,False,False,False
ACAT1,False,False,True,False
ACAT2,False,False,True,False
ACBD3,True,False,True,False
ACBD4,False,True,False,False
ACBD5,True,False,False,False
ACBD7,False,True,True,False
ACD,True,False,False,False
ACHE,True,False,False,False
ACN9,False,True,False,False
ACO2,False,False,True,False
ACOT13,False,False,True,False
ACOT7,False,False,True,False
ACOX1,True,False,False,False
ACOX2,False,False,True,False
ACOX3,True,False,False,False
ACOXL,False,False,True,False
ACP1,False,True,False,False
ACP2,False,False,True,False
ACP6,False,True,False,False
ACPL2,False,True,False,False
ACSF2,False,True,False,False
ACSF3,False,False,True,False
ACSL1,True,False,False,False
ACSL3,True,False,True,False
ACSL4,True,False,True,False
ACSL5,True,False,False,False
ACSL6,True,False,False,False
ACSM3,False,False,False,True
ACSS2,True,False,False,False
ACTA2,False,True,False,False
ACTB,False,True,False,False
ACTC1,False,True,False,False
ACTG1,False,True,False,False
ACTL6A,False,True,True,False
ACTL6B,True,False,False,False
ACTR10,False,False,True,False
ACTR1A,False,True,False,False
ACTR1B,False,False,False,True
ACTR3,True,False,True,False
ACTR3B,False,False,False,True
ACTR8,True,False,False,False
ACVR1,True,False,False,False
ACVR1B,True,False,False,False
ACVR1C,False,False,False,True
ACVR2A,False,False,False,True
ACVR2B,False,True,False,False
ACVRL1,False,False,True,False
ACYP1,False,True,False,False
ADA,True,False,True,False
ADAL,False,True,False,False
ADAM11,False,True,False,False
ADAM12,False,True,False,False
ADAM15,False,True,False,False
ADAM17,False,False,True,False
ADAM19,False,True,True,False
ADAM1A,False,True,False,False
ADAM22,False,True,False,True
ADAM23,False,False,False,True
ADAM28,False,True,False,False
ADAMTS1,False,False,False,True
ADAMTS10,False,False,False,True
ADAMTS12,False,True,False,False
ADAMTS14,False,False,True,False
ADAMTS15,False,True,False,False
ADAMTS18,False,True,False,False
ADAMTS2,False,False,True,False
ADAMTS3,False,True,False,False
ADAMTS5,False,False,False,True
ADAMTS6,False,True,False,False
ADAMTS7,False,True,False,False
ADAMTS8,False,True,False,False
ADAMTS9,False,True,False,False
ADAMTSL1,False,True,False,False
ADAMTSL5,False,False,False,True
ADAP1,True,False,False,False
ADAP2,False,True,False,False
ADAR,False,False,True,False
ADARB1,False,False,False,True
ADAT2,False,True,False,False
ADC,False,True,False,False
ADCK2,False,True,False,True
ADCK3,True,False,False,False
ADCY3,False,True,True,False
ADCY6,False,True,False,False
ADCY7,False,True,False,False
ADCY9,True,False,False,True
ADD1,False,False,False,True
ADD2,False,False,False,True
ADD3,False,True,False,False
ADGRA3,False,False,False,True
ADGRB2,False,False,False,True
ADGRD1,False,False,False,True
ADGRE3,False,False,False,True
ADGRF3,False,False,True,False
ADGRG1,False,False,False,True
ADGRG6,False,False,False,True
ADGRL1,False,False,False,True
ADH5,False,True,False,False
ADHFE1,False,True,False,True
ADI1,False,True,False,False
ADIPOR1,True,False,False,False
ADISSP,False,False,False,True
ADK,True,False,False,False
ADM2,True,False,True,False
ADNP2,False,False,False,True
ADO,True,False,False,False
ADORA1,False,True,False,False
ADORA2A,True,False,False,False
ADORA3,False,False,True,False
ADPGK,False,True,False,False
ADPRH,False,False,True,False
ADPRM,True,False,False,False
ADPRS,False,False,True,False
ADRA1A,True,False,False,False
ADRB1,False,False,False,True
ADRB2,True,False,False,False
ADRBK1,True,False,False,False
ADSL,False,False,True,False
ADSS1,False,False,False,True
AEBP1,False,True,False,False
AEBP2,True,False,False,False
AEN,True,False,True,False
AFAP1,False,False,False,True
AFF1,True,False,False,False
AFF2,False,False,False,True
AFF3,True,False,False,True
AFF4,True,False,False,False
AFMID,False,False,True,False
AFTPH,True,False,True,False
AGA,False,False,True,False
AGAP1,False,False,False,True
AGAP3,False,False,False,True
AGAP4,False,False,False,True
AGAP5,True,False,False,False
AGAP6,True,False,False,False
AGAP7,True,False,False,False
AGBL2,False,False,False,True
AGBL5,False,True,False,False
AGFG1,True,False,True,False
AGFG2,True,False,False,True
AGGF1,False,False,True,False
AGK,False,True,False,False
AGO1,False,False,False,True
AGO2,True,False,False,False
AGO3,True,False,False,False
AGO4,True,False,False,False
AGPAT1,False,True,False,False
AGPAT3,False,True,False,False
AGPAT4,False,False,False,True
AGPS,False,False,True,False
AGRN,False,True,True,False
AGTRAP,False,True,False,False
AGXT2L2,False,True,False,False
AHCTF1,True,False,False,False
AHCY,False,True,True,False
AHCYL2,True,False,False,True
AHDC1,True,False,False,True
AHI1,False,False,True,False
AHNAK,False,True,False,True
AHNAK2,False,False,False,True
AHR,True,False,False,False
AHSA1,False,False,True,False
AHSA2,False,True,False,False
AIF1,False,True,False,False
AIF1L,False,True,False,False
AIFM1,True,False,True,False
AIFM2,False,False,True,False
AIM2,False,False,True,False
AIMP2,False,False,True,False
AJM1,False,False,False,True
AK2,False,True,False,False
AK5,False,False,False,True
AK6,False,False,True,False
AK7,False,True,False,False
AK8,False,False,False,True
AKAP1,False,True,True,False
AKAP10,True,False,False,False
AKAP2,False,True,False,False
AKAP3,False,True,False,False
AKAP5,False,False,False,True
AKAP6,True,False,False,False
AKAP7,False,True,False,False
AKAP8,True,False,False,False
AKAP8L,True,False,False,False
AKAP9,True,False,True,False
AKD1,False,True,False,False
AKIP1,False,False,True,False
AKIRIN1,True,False,False,False
AKIRIN2,True,False,False,False
AKNA,True,False,False,True
AKR1A1,False,False,True,False
AKR1B1,False,True,False,False
AKR1C3,False,False,False,True
AKR7A2,False,False,False,True
AKR7L,False,True,False,False
AKT1,False,False,False,True
AKT1S1,False,True,False,False
AKT2,False,True,False,False
ALAS1,True,False,True,False
ALCAM,False,False,True,False
ALDH16A1,False,True,False,False
ALDH18A1,False,True,True,False
ALDH1A1,False,True,False,False
ALDH1B1,False,False,True,False
ALDH1L2,True,False,True,False
ALDH2,True,False,False,False
ALDH4A1,False,True,True,False
ALDH5A1,False,True,False,False
ALDH7A1,False,True,True,False
ALDH8A1,True,False,False,False
ALDOC,True,False,False,True
ALG1,False,False,True,False
ALG10,False,False,True,False
ALG10B,False,True,False,False
ALG11,False,False,True,False
ALG13,False,True,False,False
ALG14,False,True,True,False
ALG2,True,False,True,False
ALG3,True,False,True,False
ALG5,True,False,True,False
ALG6,False,True,True,False
ALG8,False,True,True,False
ALG9,False,False,True,False
ALKAL2,False,False,False,True
ALKBH1,True,False,False,False
ALKBH2,False,True,False,False
ALKBH5,True,False,False,False
ALKBH8,True,False,False,False
ALMS1,False,True,False,False
ALOX15,False,False,False,True
ALPK3,True,False,False,False
ALPL,False,True,False,False
ALS2,True,False,False,False
ALS2CL,False,False,False,True
ALS2CR8,False,True,False,False
ALYREF,False,False,True,False
AMDHD2,False,True,False,False
AMFR,False,False,False,True
AMIGO1,False,False,False,True
AMIGO2,False,True,False,False
AMMECR1,True,False,False,False
AMMECR1L,True,False,False,False
AMOT,False,False,False,True
AMOTL1,False,False,False,True
AMPD2,False,False,False,True
AMPD3,False,False,False,True
AMT,False,True,False,False
AMY2B,False,True,False,False
AMZ2P1,True,False,False,False
ANAPC1,False,True,False,False
ANAPC10,False,False,True,False
ANAPC11,False,True,True,False
ANAPC13,False,True,False,False
ANAPC16,False,False,False,True
ANAPC1P4,False,False,False,True
ANAPC5,False,False,True,False
ANAPC7,False,True,True,False
ANG,False,False,True,False
ANGEL2,False,True,True,False
ANGPT1,False,False,False,True
ANGPTL2,False,True,False,False
ANK3,True,False,False,False
ANKAR,False,False,False,True
ANKDD1A,False,False,True,False
ANKH,False,False,False,True
ANKIB1,False,False,True,False
ANKLE1,False,False,True,False
ANKMY1,False,False,False,True
ANKRA2,True,False,False,True
ANKRD1,False,True,False,False
ANKRD10,True,False,False,False
ANKRD11,True,False,False,False
ANKRD12,True,False,False,False
ANKRD13B,False,True,False,False
ANKRD13C,True,False,False,False
ANKRD17,True,False,False,False
ANKRD19P,True,False,False,False
ANKRD20A9P,False,True,False,False
ANKRD22,False,False,True,False
ANKRD26,False,False,True,False
ANKRD28,False,False,True,False
ANKRD33B,True,False,False,False
ANKRD34B,False,True,False,False
ANKRD36,False,True,False,False
ANKRD36B,False,True,False,False
ANKRD39,False,False,True,False
ANKRD42,False,False,False,True
ANKRD44,False,False,False,True
ANKRD45,False,True,True,False
ANKRD46,True,False,True,False
ANKRD50,True,False,False,False
ANKRD6,False,False,False,True
ANKRD65,False,False,True,False
ANKRD9,False,True,False,False
ANKS6,False,True,False,True
ANKZF1,True,False,False,False
ANLN,False,True,True,False
ANO1,False,True,False,False
ANO5,False,False,True,False
ANP32A,False,True,False,False
ANP32E,False,True,True,False
ANTXR1,False,True,False,False
ANTXR2,False,True,False,False
ANXA1,False,True,False,False
ANXA11,False,True,False,False
ANXA2,False,True,True,False
ANXA2R,False,False,False,True
ANXA5,False,False,True,False
AP1AR,True,False,False,False
AP1G1,False,False,True,False
AP1S1,False,True,True,False
AP1S3,False,False,True,False
AP2A2,True,False,False,False
AP3B1,True,False,True,False
AP3D1,True,False,True,False
AP3M1,False,True,False,False
AP3M2,False,True,False,False
AP4E1,True,False,False,False
AP5M1,False,False,True,False
AP5S1,False,True,False,False
APAF1,True,False,False,False
APBA1,True,False,False,True
APBA2,False,True,False,True
APBB1,True,False,False,True
APC,True,False,False,False
APC2,True,False,False,False
APCDD1,False,True,False,True
APEX1,False,True,False,False
APEX2,False,False,True,False
APIP,False,False,True,False
"APITD1,APITD1-CORT",False,True,False,False
APLF,True,False,False,False
APLP1,True,False,False,False
APLP2,False,True,False,False
APMAP,False,True,False,False
APOA1BP,False,True,False,False
APOBEC3B,False,False,True,False
APOBEC3C,False,True,False,False
APOBEC3D,False,False,True,False
APOBEC3F,False,False,True,False
APOBEC3G,False,False,True,False
APOBEC3H,False,False,True,False
APOBR,False,True,False,False
APOE,False,False,True,False
APOL1,False,False,True,False
APOL2,False,False,True,False
APOL3,True,False,True,False
APOL6,True,False,True,False
APOLD1,False,True,False,False
APOO,False,True,True,False
APOOL,True,False,False,False
APPBP2,True,False,True,False
APPL1,True,False,False,False
APPL2,False,False,False,True
APRT,False,True,False,False
APTX,False,False,True,False
AQP3,False,False,True,False
AQP7P1,False,True,False,False
AQP7P3,False,True,False,False
AQPEP,True,False,False,False
AQR,True,False,False,False
ARAP2,True,False,False,False
ARAP3,True,False,False,True
ARB2A,False,False,False,True
ARCN1,True,False,True,False
ARF1,True,False,False,False
ARF4,True,False,True,False
ARF6,True,False,False,False
ARFGAP1,True,False,True,False
ARFGAP3,True,False,True,False
ARFGEF2,True,False,False,False
ARFIP1,True,False,False,False
ARFIP2,True,False,False,False
ARGLU1,False,True,False,False
ARHGAP1,True,False,False,False
ARHGAP10,False,False,False,True
ARHGAP11A,False,True,True,False
ARHGAP11B,False,True,True,False
ARHGAP12,False,False,False,True
ARHGAP18,False,False,True,False
ARHGAP22,False,True,False,False
ARHGAP23,True,False,True,False
ARHGAP24,False,False,False,True
ARHGAP26,True,False,False,False
ARHGAP30,False,True,False,False
ARHGAP32,False,False,False,True
ARHGAP33,False,True,False,False
ARHGAP35,False,False,False,True
ARHGAP39,True,False,False,True
ARHGAP42,True,False,True,False
ARHGAP44,False,False,True,False
ARHGAP5,True,False,False,False
ARHGAP9,True,False,False,False
ARHGDIB,False,True,False,False
ARHGEF1,True,False,False,True
ARHGEF10,False,True,False,False
ARHGEF11,True,False,False,False
ARHGEF16,False,True,False,False
ARHGEF18,False,False,False,True
ARHGEF19,False,True,False,False
ARHGEF2,True,False,False,False
ARHGEF25,False,True,False,True
ARHGEF28,False,False,False,True
ARHGEF33,True,False,False,False
ARHGEF35,False,False,True,False
ARHGEF37,False,False,True,False
ARHGEF39,False,True,True,False
ARHGEF40,False,False,False,True
ARHGEF5,False,False,True,False
ARHGEF6,False,True,False,True
ARHGEF9,False,False,False,True
ARID1A,False,False,False,True
ARID1B,False,False,False,True
ARID3A,False,False,True,False
ARID3B,True,False,False,False
ARID4A,True,False,False,False
ARID4B,True,False,False,False
ARID5A,True,False,False,False
ARID5B,True,False,False,False
ARIH1,True,False,False,False
ARIH2,True,False,False,False
ARK2C,False,False,False,True
ARL1,True,False,True,False
ARL10,False,True,False,False
ARL13B,True,False,False,False
ARL2BP,True,False,False,True
ARL3,False,True,False,False
ARL4C,False,False,False,True
ARL4D,False,False,False,True
ARL5A,True,False,True,False
ARL5B,True,False,False,False
ARL6,True,False,False,False
ARL6IP4,False,True,False,False
ARL6IP5,True,False,False,False
ARL6IP6,False,True,False,False
ARL8A,True,False,False,False
ARL8B,True,False,True,False
ARL9,False,True,False,False
ARMC1,False,False,True,False
ARMC2,False,True,False,True
ARMC3,False,True,False,True
ARMC4,False,True,False,False
ARMC5,False,True,False,False
ARMC6,False,True,False,False
ARMCX1,True,False,False,False
ARMCX3,False,False,True,False
ARNT,True,False,False,False
ARNT2,False,True,False,False
ARNTL2,True,False,False,False
ARPC1A,False,False,True,False
ARPC5,False,False,True,False
ARPC5L,False,False,True,False
ARPIN,False,True,False,False
ARPP19,False,False,True,False
ARRB1,False,False,False,True
ARRDC1,False,True,False,False
ARRDC2,False,False,False,True
ARRDC3,True,False,False,False
ARSA,False,True,False,False
ARSB,False,True,True,False
ARSD,False,True,False,False
ARSG,False,True,False,True
ART5,False,True,False,False
ARV1,False,True,True,False
ARVCF,False,True,False,True
ASAP1,True,False,False,False
ASB1,False,False,False,True
ASB12,True,False,False,False
ASB13,False,True,False,True
ASB16-AS1,False,True,False,False
ASB3,True,False,True,False
ASB7,True,False,False,False
ASB8,False,False,True,False
ASCC1,False,False,True,False
ASCC2,True,False,False,False
ASCC3,True,False,True,False
ASCL1,True,False,False,False
ASF1B,False,True,True,False
ASGR1,True,False,False,False
ASH1L,True,False,False,True
ASH2L,False,False,True,False
ASIC1,False,True,False,True
ASNA1,False,True,False,False
ASNS,True,False,True,False
ASNSD1,True,False,False,False
ASPHD2,False,False,True,False
ASPM,False,True,True,False
ASPNAT,False,False,False,True
ASPRV1,False,True,False,False
ASPSCR1,False,True,False,False
ASRGL1,False,True,False,False
ASS1,True,False,True,False
ASTL,False,False,False,True
ASTN1,False,True,False,False
ASUN,True,False,False,False
ASXL2,True,False,False,False
ASXL3,True,False,False,False
ATAD1,True,False,False,False
ATAD2,False,True,True,False
ATAD3A,False,False,True,False
ATAD5,False,True,True,False
ATCAY,True,False,False,False
ATE1,True,False,False,False
ATF2,True,False,True,False
ATF3,True,False,False,False
ATF4,True,False,False,False
ATF5,True,False,True,False
ATF6,False,True,False,False
ATF6B,False,True,False,False
ATF7IP,False,False,False,True
ATG101,False,False,True,False
ATG14,False,False,False,True
ATG16L1,True,False,False,True
ATG16L2,False,True,False,False
ATG2A,True,False,False,False
ATG2B,True,False,False,False
ATG3,True,False,True,False
ATG4A,True,False,True,False
ATG4C,False,False,True,False
ATG4D,True,False,False,False
ATG9B,False,False,False,True
ATHL1,False,True,False,False
ATIC,False,False,True,False
ATM,False,False,False,True
ATMIN,True,False,False,False
ATN1,False,False,False,True
ATOX1,False,False,True,False
ATP11B,True,False,False,False
ATP11C,False,True,False,False
ATP13A1,True,False,True,False
ATP13A3,False,False,True,False
ATP1A1,False,True,False,False
ATP1A2,False,True,False,False
ATP1A3,True,False,False,True
ATP1B2,True,False,True,False
ATP1B3,False,True,True,False
ATP2A2,False,False,True,False
ATP2A3,False,True,False,False
ATP2B4,False,False,False,True
ATP2C1,False,False,True,False
ATP5F1A,False,False,True,False
ATP5F1B,False,False,True,False
ATP5F1C,False,False,True,False
ATP5G1,False,True,False,False
ATP5G2,False,True,False,False
ATP5MC1,False,False,True,False
ATP5MC3,False,False,True,False
ATP5MF,False,False,True,False
ATP5MK,False,False,True,False
ATP5PD,False,False,True,False
ATP5PF,False,False,True,False
ATP5S,False,True,False,False
ATP6AP1,True,False,False,False
ATP6V0A1,False,True,False,False
ATP6V0B,True,False,False,False
ATP6V0C,True,False,False,False
ATP6V0E2,False,True,False,True
ATP6V1A,True,False,False,False
ATP6V1B2,True,True,False,False
ATP6V1C1,False,False,True,False
ATP6V1E1,True,False,True,False
ATP6V1E2,False,True,False,False
ATP6V1G1,True,False,False,False
ATP6V1H,True,False,True,False
ATP8A1,True,False,False,True
ATP8B2,True,False,False,False
ATPAF1,False,False,True,False
ATPBD4,False,True,False,False
ATRAID,False,True,False,False
ATRNL1,False,True,False,False
ATXN1,True,False,False,False
ATXN1L,True,False,False,False
ATXN2,True,False,False,False
ATXN2L,True,False,False,False
ATXN3,True,False,False,False
ATXN7,True,False,False,False
ATXN7L1,True,False,False,True
ATXN7L3B,False,True,False,False
AUH,True,False,False,False
AUNIP,False,False,True,False
AUP1,True,False,False,False
AURKA,False,True,True,False
AURKAIP1,False,False,True,False
AURKB,False,True,True,False
AURKC,True,False,False,False
AUTS2,False,False,False,True
AVEN,False,False,True,False
AVIL,False,False,False,True
AVL9,True,False,False,False
AVPR1B,False,True,False,False
AXIN1,True,False,False,True
AXIN2,False,False,False,True
AXL,True,False,True,False
AZI2,True,False,True,False
AZIN2,False,False,False,True
B3GALTL,False,True,False,False
B3GAT1,False,True,False,False
B3GAT3,False,True,False,False
B3GNT5,False,True,False,False
B3GNT7,False,False,False,True
B3GNT9,False,False,True,False
B3GNTL1,False,True,False,False
B4GALNT4,True,False,False,False
B4GALT1,False,True,False,False
B4GALT2,False,True,True,False
B4GALT3,False,False,True,False
B4GALT4,False,False,True,False
B4GALT6,False,True,False,True
B9D1,False,True,True,False
BAALC,False,True,False,True
BABAM1,False,True,False,False
BABAM2,False,False,False,True
BACH2,True,False,False,True
BAD,True,False,False,False
BAG2,True,False,True,False
BAG3,True,False,False,False
BAG4,True,False,False,False
BAG5,False,False,False,True
BAHCC1,True,False,False,False
BAHD1,True,False,False,True
BAI1,True,False,False,False
BAI2,False,True,False,False
BAI3,True,False,False,False
BAIAP2,True,False,False,True
BAIAP2-AS1,False,True,False,False
BAIAP2L1,False,True,False,False
BAIAP2L2,False,False,False,True
BAIAP3,True,False,False,True
BAK1,False,False,True,False
BAMBI,True,False,False,False
BANF1,False,True,False,False
BANK1,False,False,False,True
BANP,False,False,False,True
BARD1,False,True,True,False
BATF,True,False,True,False
BATF2,False,False,True,False
BATF3,True,False,False,False
BAX,False,False,True,False
BAZ1B,False,False,True,False
BAZ2A,True,False,False,False
BBC3,True,False,False,True
BBIP1,False,True,False,False
BBS1,False,False,False,True
BBS10,False,True,False,False
BBS12,True,False,True,False
BBS7,True,False,False,False
BBS9,False,False,False,True
BBX,True,False,False,False
BCAM,False,True,False,False
BCAN,False,False,True,False
BCAP29,False,True,False,True
BCAR1,True,False,True,False
BCAR3,False,False,True,False
BCAS2,True,False,False,False
BCAS3,True,False,False,True
BCAS4,True,False,False,True
BCAT1,True,False,False,False
BCCIP,False,True,True,False
BCHE,False,True,False,False
BCKDHA,True,False,False,False
BCKDHB,False,True,False,False
BCL10,True,False,False,False
BCL11A,True,False,False,True
BCL11B,True,False,False,True
BCL2L12,False,True,True,False
BCL2L13,True,False,False,False
BCL2L14,False,False,True,False
BCL2L2-PABPN1,False,True,False,False
BCL3,True,False,False,False
BCL6,True,False,False,False
BCL7A,False,True,False,False
BCL7C,False,False,False,True
BCL9L,True,False,False,True
BCLAF1,True,False,False,False
BCORL1,False,False,False,True
BCR,True,False,False,True
BCRP2,False,True,False,False
BCS1L,False,False,True,False
BDH2,False,True,False,False
BDNF,True,False,False,False
BDNF-AS,False,True,False,False
BDP1,True,False,False,False
BEGAIN,True,False,False,False
BEND2,False,False,False,True
BEND3,False,True,True,False
BEND3P3,True,False,False,False
BEND4,True,False,False,False
BEND7,True,False,False,False
BET1,True,False,True,False
BFAR,False,False,True,False
BFSP1,False,False,False,True
BFSP2,False,False,True,False
BHLHA15,False,False,True,False
BHLHE23,False,True,False,False
BHLHE40,True,False,False,True
BHLHE41,True,False,True,False
BICD1,True,False,False,False
BICD2,False,False,False,True
BICDL1,False,False,False,True
BICRA,False,False,False,True
BICRAL,False,False,False,True
BIK,False,False,True,False
BIN1,True,False,False,True
BIRC2,True,False,False,False
BIRC5,False,True,True,False
BIRC6,True,False,False,False
BIVM,False,True,False,False
BKGD,False,False,True,False
BLCAP,False,False,False,True
BLK,False,False,False,True
BLM,False,True,True,False
BLMH,False,False,True,False
BLNK,False,False,True,False
BLOC1S1,False,True,False,False
BLOC1S2,True,False,False,False
BLOC1S3,True,False,False,False
BLOC1S4,False,False,False,True
BLVRA,False,True,True,False
BLVRB,True,False,False,False
BLZF1,False,False,True,False
BMAL2,False,False,True,False
BMERB1,False,False,False,True
BMI1,False,False,False,True
BMP1,False,True,False,True
BMP2,True,False,False,True
BMP3,True,False,False,False
BMP4,True,False,False,False
BMP6,False,False,True,False
BMP7,False,True,False,False
BMP8B,False,False,True,False
BMPER,True,False,False,False
BMS1,False,False,True,False
BMS1P4,True,False,False,False
BMT2,True,False,False,False
BNC2,False,False,False,True
BNIP2,True,False,False,False
BNIP3,True,False,False,False
BOD1L1,True,False,False,False
BOK,False,True,False,False
BOLA1,False,True,False,False
BOLA2,False,False,True,False
BOLA2-SMG1P6,False,False,True,False
BOLA2B,False,False,True,False
BOLA3,False,False,True,False
BOP1,False,True,True,False
BORA,False,False,True,False
BPHL,False,True,False,True
BPNT1,False,False,True,False
BPNT2,False,False,True,False
BRAF,True,False,False,True
BRAP,True,False,False,False
BRAT1,False,True,False,False
BRCA1,False,True,True,False
BRCA2,False,True,True,False
BRCC3,True,False,True,False
BRD1,True,False,False,True
BRD10,False,False,False,True
BRD2,True,False,False,False
BRD3,False,False,False,True
BRD3OS,False,False,False,True
BRD4,True,False,False,False
BRD7,False,True,False,False
BRF2,True,False,False,False
BRI3BP,False,True,True,False
BRIP1,False,True,True,False
BRIX1,True,False,False,False
BRK1,False,True,False,False
BRMS1L,True,False,True,False
BROX,True,False,False,False
BRPF1,True,False,False,False
BRPF3,True,False,False,False
BRSK1,True,False,False,True
BRWD1-IT2,False,True,False,False
BRWD3,True,False,False,False
BSCL2,False,False,True,False
BSN,True,False,False,False
BSPRY,False,False,True,False
BST2,False,False,True,False
BTAF1,False,True,True,False
BTBD1,True,False,False,False
BTBD10,True,False,True,False
BTBD17,False,True,False,False
BTBD19,False,True,False,False
BTBD2,False,False,False,True
BTBD7,False,False,False,True
BTBD9,False,False,False,True
BTD,False,True,False,False
BTF3,False,False,False,True
BTG1,True,False,False,True
BTG2,False,True,False,True
BTK,False,False,True,False
BTN1A1,False,False,True,False
BTN2A2,False,True,True,False
BTNL9,False,False,False,True
BUB1,False,True,True,False
BUB1B,False,True,True,False
BUB1B-PAK6,False,False,False,True
BUB3,False,True,False,False
BUD23,False,False,True,False
BUD31,True,False,False,False
BYSL,False,True,True,False
BZRAP1,False,True,False,False
BZW1,False,True,False,False
C10ORF114,False,True,False,False
C10ORF118,True,False,False,False
C10ORF12,True,False,False,False
C10ORF143,False,False,False,True
C10ORF32,False,True,False,False
C10ORF95,False,False,False,True
C11ORF24,False,False,True,False
C11ORF58,False,False,True,False
C11ORF71,False,True,True,False
C11ORF75,False,True,False,False
C11ORF82,False,True,False,False
C11ORF84,True,False,False,False
C11ORF95,False,True,False,False
C11ORF98,False,False,True,False
C12ORF23,True,False,False,False
C12ORF42,False,False,False,True
C12ORF45,True,False,False,False
C12ORF49,True,False,False,False
C12ORF5,True,False,False,False
C12ORF57,True,False,False,True
C12ORF65,True,False,False,False
C12ORF75,False,True,True,False
C12ORF76,False,True,False,False
C14ORF119,False,False,True,False
C14ORF132,False,True,False,True
C14ORF159,False,True,False,False
C14ORF169,True,False,False,False
C14ORF2,False,True,False,False
C14ORF28,True,False,False,False
C14ORF80,False,True,False,False
C15ORF38,False,True,False,False
C15ORF59,False,True,False,False
C15ORF62,False,False,False,True
C16ORF55,False,True,False,False
C16ORF59,False,True,False,False
C16ORF72,True,False,False,False
C16ORF80,True,False,False,False
C16ORF87,True,False,False,False
C16ORF88,False,True,False,False
C16ORF95,False,False,True,False
C16ORF96,False,False,False,True
C17ORF100,False,True,False,False
C17ORF113,False,False,False,True
C17ORF51,False,True,False,False
C17ORF53,False,True,False,False
C17ORF59,True,False,False,False
C17ORF62,False,True,False,False
C17ORF70,False,True,False,False
C17ORF72,False,True,False,False
C17ORF75,False,False,True,False
C17ORF89,False,True,False,False
C17ORF96,False,True,False,False
C18ORF25,True,False,False,False
C18ORF54,False,True,False,False
C19ORF10,True,False,False,False
C19ORF18,False,True,False,False
C19ORF26,True,False,False,False
C19ORF33,False,False,False,True
C19ORF48,False,True,False,False
C19ORF48P,False,False,True,False
C19ORF55,False,True,False,False
C19ORF57,False,True,False,False
C19ORF60,False,True,False,False
C1D,True,False,True,False
C1GALT1,False,False,True,False
C1GALT1C1,False,True,True,False
C1ORF106,False,True,False,False
C1ORF109,True,False,False,False
C1ORF112,False,True,False,False
C1ORF114,True,False,False,False
C1ORF115,False,True,False,True
C1ORF159,False,True,False,False
C1ORF167,False,False,True,False
C1ORF189,False,True,False,False
C1ORF21,False,False,False,True
C1ORF216,False,True,False,False
C1ORF220,False,True,False,False
C1ORF226,False,False,True,False
C1ORF228,False,True,False,False
C1ORF233,False,True,False,False
C1ORF35,True,False,False,False
C1ORF43,True,False,False,False
C1ORF50,True,False,True,False
C1ORF51,True,False,False,False
C1ORF52,True,False,False,False
C1ORF53,False,True,False,False
C1ORF63,False,True,False,False
C1ORF85,False,True,False,False
C1QA,False,False,True,False
C1QB,False,False,True,False
C1QBP,False,False,True,False
C1QC,False,False,True,False
C1QTNF3,False,False,False,True
C1QTNF6,False,True,False,False
C1R,False,False,True,False
C1RL,False,True,False,False
C2,False,False,True,False
C20ORF111,True,False,False,False
C20ORF194,True,False,False,False
C20ORF195,False,True,False,False
C20ORF203,False,True,False,False
C20ORF96,False,True,False,False
C21ORF2,False,True,False,False
C21ORF33,False,True,False,False
C21ORF58,False,True,True,False
C21ORF59,False,True,False,False
C21ORF91,True,False,True,False
C22ORF23,False,False,False,True
C22ORF39,False,True,False,False
C22ORF42,True,False,False,False
C22ORF46,False,True,False,False
C22ORF46P,False,False,True,False
C2CD2,False,True,False,False
C2CD2L,True,False,False,False
C2CD3,False,True,False,False
C2CD4C,False,True,False,False
C2CD4D,False,False,False,True
C2CD5,False,True,False,False
C2ORF16,False,True,False,False
C2ORF43,False,True,False,False
C2ORF44,False,True,False,False
C2ORF48,False,True,False,False
C2ORF62,False,True,False,False
C2ORF66,True,False,False,False
C2ORF68,False,True,False,True
C2ORF81,False,True,False,True
C3AR1,False,True,True,False
C3ORF33,True,False,False,False
C3ORF52,False,False,True,False
C3ORF58,False,True,False,False
C3ORF70,False,False,True,False
C4B,False,False,True,False
C4ORF21,False,True,False,False
C4ORF27,False,True,False,False
C4ORF29,True,False,False,False
C4ORF3,False,True,False,False
C4ORF33,False,False,True,False
C4ORF46,False,True,False,False
C4ORF50,False,False,False,True
C5,False,True,False,False
C5ORF15,False,False,True,False
C5ORF22,True,False,True,False
C5ORF24,False,True,False,False
C5ORF30,True,False,False,False
C5ORF4,True,False,False,False
C5ORF49,False,True,False,False
C5ORF51,True,False,False,False
C5ORF54,False,True,False,False
C5ORF55,False,True,False,False
C6ORF1,True,False,False,False
C6ORF106,True,False,False,False
C6ORF118,False,True,False,False
C6ORF120,False,True,True,False
C6ORF163,False,True,False,False
C6ORF170,False,True,False,False
C6ORF211,True,False,False,False
C6ORF226,False,True,False,False
C6ORF48,True,False,False,False
C6ORF52,False,False,True,False
C6ORF62,True,False,True,False
C7ORF10,True,False,False,False
C7ORF25,False,True,False,False
C7ORF41,False,True,False,False
C7ORF49,False,True,False,False
C7ORF57,False,True,False,False
C7ORF60,True,False,False,False
C7ORF63,False,True,False,False
C7ORF73,False,True,False,False
C8ORF42,False,True,False,False
C8ORF44,False,True,False,False
C8ORF46,False,True,False,False
C8ORF48,False,True,False,False
C8ORF76,False,False,True,False
C9ORF114,False,True,False,False
C9ORF116,False,True,False,False
C9ORF123,False,True,False,False
C9ORF156,False,True,False,False
C9ORF172,True,False,False,False
C9ORF37,False,True,False,False
C9ORF40,False,True,True,False
C9ORF69,False,True,False,False
C9ORF78,True,False,False,True
C9ORF85,False,False,True,False
C9ORF91,True,False,False,False
CA11,False,False,False,True
CA12,False,False,True,False
CA13,False,True,False,False
CA14,False,True,False,False
CA2,True,False,False,False
CA5B,True,False,False,True
CAAP1,False,False,True,False
CAB39,True,False,False,False
CABIN1,False,False,False,True
CABLES1,False,False,True,False
CABLES2,False,True,False,False
CABP5,False,False,False,True
CACFD1,False,True,False,False
CACHD1,False,True,False,False
CACNA1B,True,False,False,False
CACNA1C,True,False,False,False
CACNA1E,True,False,False,False
CACNA1G,False,True,False,False
CACNA2D1,True,False,False,False
CACNA2D2,True,False,False,True
CACNA2D3,False,False,False,True
CACNA2D4,False,False,False,True
CACNB1,True,False,False,False
CACNB4,True,False,False,False
CACNG3,True,False,False,False
CACNG6,False,False,False,True
CACNG7,True,False,False,False
CACUL1,True,False,False,False
CACYBP,False,False,True,False
CAD,False,True,False,False
CADM1,False,False,True,False
CADM4,False,True,False,False
CAHM,False,True,False,False
CALB1,True,False,False,False
CALB2,True,False,False,False
CALCOCO1,False,True,False,True
CALCRL,True,False,False,False
CALHM2,False,True,False,False
CALM3,False,True,False,False
CALML4,False,True,True,False
CALR,False,False,True,False
CALU,False,False,True,False
CALY,True,False,False,False
CAMK1D,True,False,False,True
CAMK1G,True,False,False,False
CAMK2B,True,False,False,False
CAMK2D,True,False,False,False
CAMK2G,False,False,False,True
CAMK2N1,False,True,False,True
CAMK2N2,True,False,False,False
CAMK4,True,False,False,True
CAMKK1,False,False,False,True
CAMKK2,False,True,False,False
CAMKMT,True,False,False,False
CAMKV,False,True,False,False
CAMLG,True,False,False,True
CAMSAP1,False,False,False,True
CAMSAP3,True,False,False,False
CAMTA1,False,True,False,False
CAMTA2,True,False,False,False
CAND1,False,False,True,False
CAND2,False,False,False,True
CANT1,False,True,False,False
CANX,True,False,True,False
CAPN10,False,True,False,False
CAPN15,False,False,False,True
CAPN5,True,False,False,True
CAPN7,True,False,False,False
CAPRIN1,False,False,True,False
CAPRIN2,False,False,False,True
CAPZA1,False,False,True,False
CAPZA2,True,False,False,False
CARD16,False,False,True,False
CARD17P,False,False,True,False
CARD6,False,False,True,False
CARF,False,False,False,True
CARHSP1,False,True,False,False
CARNMT1,False,False,True,False
CARNS1,False,False,False,True
CARS,True,False,False,False
CARS1,False,False,True,False
CASC2,False,True,False,False
CASC5,False,True,False,False
CASK,True,False,False,True
CASP10,False,False,True,False
CASP2,False,True,False,False
CASP3,True,False,True,False
CASP6,False,True,True,False
CASP7,False,True,True,False
CASP8AP2,False,True,False,False
CASS4,False,False,False,True
CAST,True,False,False,False
CASTOR1,False,False,False,True
CASTOR3P,False,False,False,True
CASZ1,True,False,False,False
CATSPER1,False,False,False,True
CATSPER2,False,True,False,False
CAV1,False,False,True,False
CBFA2T2,False,False,False,True
CBFA2T3,False,False,False,True
CBL,True,False,False,True
CBLB,True,False,False,False
CBLL1,True,False,False,True
CBLN3,False,False,False,True
CBR1,False,False,True,False
CBR3,False,False,False,True
CBR4,False,True,True,False
CBS,True,False,False,False
CBX2,False,True,False,False
CBX3,False,True,True,False
CBX3P2,False,True,False,False
CBX4,True,False,False,False
CBX5,False,True,True,False
CBX6,True,False,False,False
CBX7,False,False,False,True
CBY1,True,False,False,False
CC2D1A,True,False,False,False
CC2D2A,False,True,False,True
CC2D2B,False,False,True,False
CCAR1,True,False,True,False
CCBL1,False,True,False,False
CCDC103,False,True,False,False
CCDC108,False,True,False,False
CCDC109B,False,True,False,False
CCDC110,False,False,True,False
CCDC112,True,False,False,False
CCDC115,True,False,False,False
CCDC117,True,False,True,False
CCDC120,False,False,False,True
CCDC125,True,False,False,False
CCDC130,True,False,False,False
CCDC134,True,False,False,False
CCDC136,False,True,False,True
CCDC14,False,True,False,False
CCDC141,False,False,False,True
CCDC147,False,True,False,False
CCDC149,False,False,False,True
CCDC15,False,True,True,False
CCDC150,False,True,True,False
CCDC151,True,False,False,False
CCDC160,True,False,False,False
CCDC163,False,False,True,False
CCDC163P,True,False,False,False
CCDC164,False,True,False,False
CCDC167,False,False,True,False
CCDC173,False,True,False,False
CCDC174,True,False,False,False
CCDC177,False,True,False,False
CCDC18,False,True,True,False
CCDC19,False,True,False,False
CCDC191,False,False,False,True
CCDC28A,False,False,True,False
CCDC30,True,False,False,False
CCDC32,False,False,True,False
CCDC34,False,False,True,False
CCDC37,False,True,False,False
CCDC39,False,True,False,False
CCDC40,False,True,False,False
CCDC43,True,False,True,False
CCDC47,False,False,True,False
CCDC51,True,False,True,False
CCDC59,True,False,False,False
CCDC6,True,False,False,True
CCDC64,True,False,False,False
CCDC7,False,False,False,True
CCDC71L,True,False,False,False
CCDC77,False,False,True,False
CCDC80,False,True,False,False
CCDC81,True,False,False,False
CCDC82,True,False,True,False
CCDC85A,True,False,False,False
CCDC85C,True,False,False,True
CCDC88A,False,True,True,False
CCDC88B,True,False,False,False
CCDC88C,False,False,False,True
CCDC9,True,False,False,False
CCDC90B,False,False,True,False
CCDC91,True,False,False,False
CCDC92,True,False,False,True
CCDC93,True,False,False,False
CCDC94,False,True,False,False
CCHCR1,False,True,True,False
CCL2,False,True,True,False
CCL25,False,False,True,False
CCL28,False,False,False,True
CCL4,True,False,False,False
CCL5,True,False,False,True
CCL8,True,False,True,False
CCN3,False,False,False,True
CCNA1,False,False,True,False
CCNA2,False,True,True,False
CCNB1,False,True,True,False
CCNB1IP1,False,False,False,True
CCNB2,False,True,True,False
CCNC,False,False,True,False
CCND1,True,True,False,False
CCND2,True,False,True,False
CCNE1,False,True,True,False
CCNE2,False,True,True,False
CCNF,False,True,True,False
CCNG2,True,False,False,True
CCNI,False,False,False,True
CCNJL,False,True,False,False
CCNL1,True,False,False,False
CCNO,False,True,False,False
CCNT1,True,False,False,False
CCNT2,True,False,False,False
CCNY,True,False,False,True
CCPG1,True,False,False,False
CCR1,False,True,True,False
CCR10,False,False,True,False
CCR2,False,False,True,False
CCR3,False,False,False,True
CCR5,False,False,True,False
CCR6,True,False,False,False
CCRL2,False,False,True,False
CCRN4L,True,False,False,False
CCSER1,True,False,False,False
CCSER2,True,False,False,True
CCT2,False,False,True,False
CCT3,False,False,True,False
CCT4,False,False,True,False
CCT5,False,True,True,False
CCT6A,False,False,True,False
CCT6P1,True,False,False,False
CCT6P3,True,False,False,False
CCT7,False,False,True,False
CCT8,False,False,True,False
CD14,False,True,False,False
CD151,False,True,False,False
CD160,False,False,False,True
CD164,True,False,True,False
CD180,False,False,True,False
CD1A,False,False,False,True
CD1C,False,False,False,True
CD1E,False,False,False,True
CD207,False,False,False,True
CD22,False,False,False,True
CD24,False,True,False,True
CD244,False,False,False,True
CD247,False,False,False,True
CD248,False,True,False,False
CD27,False,False,True,False
CD274,False,False,True,False
CD276,False,True,True,False
CD2AP,True,False,True,False
CD2BP2,False,False,True,False
CD302,False,False,False,True
CD320,False,True,True,False
CD34,False,False,False,True
CD36,False,True,False,False
CD37,False,False,False,True
CD38,False,False,True,False
CD3E,False,False,False,True
CD4,False,True,False,True
CD40,True,False,False,False
CD44,False,False,False,True
CD47,False,True,False,False
CD48,False,False,False,True
CD5,False,False,False,True
CD52,False,False,False,True
CD58,False,True,False,False
CD59,False,True,True,False
CD6,False,False,False,True
CD7,False,False,False,True
CD70,False,False,True,False
CD74,False,False,False,True
CD81,False,True,False,False
CD82,False,True,False,False
CD83,False,True,False,True
CD84,False,True,False,False
CD8B,False,False,False,True
CD9,False,True,False,False
CD96,False,False,False,True
CD99L2,False,True,False,False
CDADC1,True,False,False,False
CDAN1,False,False,False,True
CDC14A,True,False,False,True
CDC16,True,False,True,False
CDC20,False,True,True,False
CDC20B,False,True,False,False
CDC23,False,False,True,False
CDC25A,False,True,True,False
CDC25B,False,True,False,False
CDC25C,False,False,True,False
CDC26,False,False,True,False
CDC27,False,False,True,False
CDC34,True,False,False,False
CDC37L1,True,False,False,False
CDC40,True,False,False,False
CDC42BPB,True,False,False,False
CDC42BPG,False,False,False,True
CDC42EP1,True,False,False,False
CDC42EP2,False,True,False,False
CDC42EP3,True,False,False,False
CDC42EP4,True,False,False,False
CDC42SE1,False,True,False,False
CDC45,False,True,True,False
CDC50B,False,False,False,True
CDC5L,False,True,True,False
CDC6,False,True,True,False
CDC7,False,True,True,False
CDC73,False,False,True,False
CDCA2,False,True,True,False
CDCA3,False,True,True,False
CDCA4,False,True,False,False
CDCA5,False,True,True,False
CDCA7,False,True,True,False
CDCA7L,False,True,False,False
CDCA8,False,True,True,False
CDH1,False,False,True,False
CDH11,False,True,False,False
CDH18,True,False,False,False
CDH2,False,True,False,False
CDH20,False,True,False,False
CDH23,False,True,False,False
CDH24,False,True,False,True
CDH4,False,True,False,False
CDHR1,False,False,False,True
CDHR3,False,False,False,True
CDIP1,False,False,False,True
CDIPT,True,False,False,True
CDK1,False,True,True,False
CDK10,False,True,False,False
CDK11A,True,False,False,False
CDK13,True,False,False,True
CDK14,True,False,True,False
CDK17,True,False,True,False
CDK18,False,True,False,False
CDK2,False,True,True,False
CDK20,True,False,False,True
CDK2AP1,False,True,False,False
CDK2AP2,True,False,False,False
CDK4,False,True,True,False
CDK5,False,False,True,False
CDK5R1,True,False,False,True
CDK5R2,True,False,False,False
CDK5RAP1,True,False,True,False
CDK5RAP2,False,True,True,False
CDK5RAP3,False,True,False,False
CDK7,True,False,False,False
CDKAL1,False,False,True,False
CDKL2,False,True,False,False
CDKL5,True,False,False,False
CDKN1A,True,False,False,False
CDKN1B,True,False,False,True
CDKN1C,False,True,False,False
CDKN2A,False,False,True,False
CDKN2AIP,True,False,False,False
CDKN2C,False,True,True,False
CDKN2D,True,False,False,False
CDKN3,False,True,True,False
CDNF,False,True,False,False
CDPF1,False,True,False,False
CDR1,False,True,False,False
CDR2,True,False,False,False
CDT1,False,True,True,False
CDV3,False,False,True,False
CDYL,False,False,True,False
CEACAM19,False,False,False,True
CEBPA,True,False,False,False
CEBPA-AS1,False,True,False,False
CEBPB,True,False,False,False
CEBPD,True,False,False,False
CEBPG,True,False,False,False
CEBPZ,True,False,True,False
CEBPZOS,False,False,False,True
CECR2,True,False,False,False
CECR5,False,True,False,False
CELF1,True,False,False,False
CELF4,True,False,False,False
CELF5,False,True,False,False
CELF6,True,False,False,False
CELSR2,False,True,False,True
CELSR3,True,False,False,False
CEMIP,False,False,False,True
CEMP1,False,True,False,False
CEND1,False,True,False,False
CENPA,False,True,True,False
CENPE,False,True,True,False
CENPF,False,True,True,False
CENPH,False,True,True,False
CENPI,False,True,True,False
CENPJ,False,True,False,False
CENPK,False,True,False,False
CENPL,False,False,True,False
CENPM,False,True,True,False
CENPN,False,True,True,False
CENPO,False,True,True,False
CENPP,False,False,True,False
CENPQ,False,False,True,False
CENPS,False,False,True,False
CENPS-CORT,False,False,True,False
CENPU,False,False,True,False
CENPV,False,True,False,False
CENPW,False,True,True,False
CEP104,True,False,False,False
CEP120,True,False,False,True
CEP126,False,False,False,True
CEP128,False,True,True,False
CEP135,False,True,False,False
CEP15,False,False,True,False
CEP152,False,True,True,False
CEP162,False,False,True,False
CEP170B,False,False,False,True
CEP192,False,True,False,False
CEP20,False,False,True,False
CEP290,True,False,False,False
CEP295,False,False,True,False
CEP350,True,False,False,False
CEP41,False,True,True,False
CEP55,False,True,True,False
CEP57,True,False,False,False
CEP57L1,False,False,True,False
CEP68,False,False,False,True
CEP70,False,True,False,False
CEP76,False,False,True,False
CEP85,False,True,False,False
CEP85L,True,False,False,True
CEP89,True,False,False,False
CEP97,False,False,True,False
CEPT1,False,False,True,False
CERS4,True,False,False,True
CES1,False,False,True,False
CES4A,False,True,False,False
CETN3,False,False,True,False
CFAP161,False,False,False,True
CFAP410,False,False,False,True
CFAP54,False,False,True,False
CFAP97D2,False,False,False,True
CFB,True,False,True,False
CGAS,False,False,True,False
CGN,True,False,True,False
CGRRF1,True,False,False,False
CH25H,False,False,True,False
CHAC1,True,False,True,False
CHAC2,False,False,True,False
CHAF1A,False,True,True,False
CHAF1B,False,True,True,False
CHCHD1,False,False,True,False
CHCHD2,False,False,True,False
CHCHD3,True,False,False,False
CHCHD4,False,False,True,False
CHCHD6,False,False,False,True
CHD1,True,False,False,False
CHD1L,False,True,False,False
CHD2,True,False,False,False
CHD3,False,False,False,True
CHD8,True,False,False,False
CHD9,True,False,False,False
CHDH,False,False,True,False
CHEK1,False,True,True,False
CHEK2,False,True,True,False
CHGB,True,False,False,False
CHI3L1,False,False,False,True
CHIC1,True,False,False,False
CHIC2,True,False,False,False
CHID1,False,True,True,False
CHML,False,True,False,False
CHMP2B,True,False,False,False
CHMP3,False,False,False,True
CHMP5,False,False,True,False
CHMP6,False,True,False,False
CHN2,False,False,False,True
CHODL,False,True,True,False
CHORDC1,True,False,True,False
CHP1,True,False,False,False
CHPF,True,False,True,False
CHPF2,False,True,False,False
CHRAC1,False,True,False,True
CHRDL1,False,True,False,False
CHRNA1,False,True,False,False
CHRNA3,False,True,False,False
CHRNA5,False,True,True,False
CHRNB1,False,True,False,False
CHRNB4,False,True,False,False
CHRNE,False,False,False,True
CHST10,False,True,False,False
CHST12,False,False,True,False
CHST14,False,True,False,True
CHST6,False,False,True,False
CHST7,False,False,False,True
CHTF18,False,True,False,False
CHTF8,False,True,False,False
CHTOP,False,True,True,False
CHUK,True,False,True,False
CHURC1,False,True,False,False
CIAO2A,False,False,True,False
CIAO2B,False,False,True,False
CIAO3,False,False,True,False
CIAPIN1,False,False,True,False
CIB1,False,False,False,True
CIB2,False,True,False,False
CIC,True,False,False,False
CIDECP,True,False,False,False
CIITA,False,False,False,True
CILP2,False,True,False,False
CINP,False,False,True,False
CIP2A,False,False,True,False
CIR1,True,False,False,False
CIRBP,False,False,False,True
CIRH1A,True,False,False,False
CIROZ,False,False,True,False
CISD1,False,False,True,False
CISD2,False,False,True,False
CISH,False,True,False,False
CIT,False,True,True,False
CITED2,True,False,False,False
CIZ1,True,False,False,False
CKAP2,False,True,True,False
CKAP2L,False,True,True,False
CKAP4,False,False,True,False
CKAP5,False,True,True,False
CKB,False,True,False,True
CKLF,False,True,False,False
CKLF-CMTM1,False,False,False,True
CKS1B,False,True,True,False
CKS2,True,True,True,False
CLASP1,True,False,False,False
CLASP2,True,False,True,False
CLASRP,True,False,False,False
CLCC1,False,False,True,False
CLCF1,False,False,False,True
CLCN2,True,False,False,True
CLCN3,True,False,True,False
CLCN4,True,False,False,False
CLCN6,True,False,False,False
CLDN1,True,False,False,False
CLDN12,False,False,True,False
CLDND1,False,True,True,False
CLDND2,False,False,False,True
CLEC10A,False,False,False,True
CLEC11A,False,True,False,False
CLEC16A,True,False,False,False
CLEC2D,False,True,True,False
CLEC4A,True,True,False,False
CLEC4D,False,False,True,False
CLEC5A,False,False,True,False
CLEC6A,False,False,True,False
CLEC7A,False,True,False,False
CLEC9A,False,False,False,True
CLECL1,False,False,True,False
CLGN,False,False,True,False
CLIC1,False,True,False,False
CLIC3,False,False,False,True
CLIC4,True,False,True,False
CLINT1,True,False,True,False
CLIP3,True,False,False,True
CLK1,True,False,False,False
CLK2,True,False,False,False
CLK3,True,False,False,False
CLK3-AS1,False,False,False,True
CLK4,True,False,False,False
CLMP,True,False,False,False
CLN3,False,True,False,False
CLN5,False,True,True,False
CLN6,False,True,True,False
CLNS1A,False,True,False,False
CLOCK,True,False,False,False
CLP1,True,False,False,False
CLPB,False,False,True,False
CLPTM1L,False,False,True,False
CLPX,True,False,True,False
CLSPN,False,True,True,False
CLSTN1,False,True,False,True
CLSTN2,True,False,False,False
CLSTN3,True,False,False,True
CLTA,False,False,True,False
CLTB,True,False,False,False
CLTC,True,False,True,False
CLUAP1,True,False,False,False
CLUH,False,False,True,False
CLVS2,True,False,False,False
CLYBL,False,True,False,False
CMAS,False,False,True,False
CMC2,False,False,True,False
CMC4,False,False,False,True
CMIP,True,False,False,False
CMPK1,True,False,False,True
CMPK2,True,False,True,False
CMSS1,False,False,True,False
CMTM3,False,True,False,True
CMTM4,False,True,False,True
CMTM6,False,True,False,False
CMTR1,False,False,True,False
CNDP2,False,False,True,False
CNEP1R1,True,False,False,False
CNFN,False,False,False,True
CNGA4,False,False,True,False
CNGB1,True,False,False,False
CNIH2,False,True,False,False
CNIH4,False,False,True,False
CNKSR1,False,True,True,False
CNKSR3,True,False,False,False
CNN1,False,True,False,False
CNN3,False,True,False,True
CNNM2,True,False,False,True
CNNM3,False,True,False,True
CNNM4,True,False,False,False
CNOT11,False,False,True,False
CNOT3,True,False,False,False
CNOT4,True,False,False,False
CNOT6L,True,False,False,False
CNOT7,False,True,False,False
CNOT9,False,False,True,False
CNP,False,False,True,False
CNPY2,False,False,True,False
CNPY3,False,True,False,False
CNR1,True,False,False,False
CNR2,False,False,False,True
CNRIP1,True,False,False,True
CNST,True,False,False,False
CNTLN,False,True,False,False
CNTN1,True,False,False,False
CNTN2,False,True,False,False
CNTN3,False,True,False,False
CNTNAP1,True,False,False,False
CNTNAP2,False,False,False,True
CNTNAP3C,False,False,False,True
CNTNAP5,True,False,False,False
CNTRL,False,True,False,False
COA1,False,True,False,False
COA3,False,True,True,False
COA4,False,True,True,False
COA5,False,True,False,False
COA6,False,False,True,False
COA7,False,False,True,False
COASY,True,False,False,False
COBL,False,True,True,False
COBLL1,False,True,True,False
COG1,True,False,False,False
COG3,True,False,False,False
COG4,False,False,True,False
COG5,True,False,False,False
COG6,True,False,True,False
COG7,False,False,True,False
COG8,True,False,False,False
COIL,False,True,False,False
COL12A1,False,True,False,False
COL13A1,False,False,False,True
COL18A1,False,True,False,False
COL19A1,False,False,False,True
COL1A1,False,True,False,False
COL24A1,False,True,True,False
COL25A1,False,True,False,False
COL26A1,False,True,False,False
COL2A1,False,True,False,False
COL4A1,False,True,False,False
COL4A2,False,True,False,False
COL4A3BP,True,False,False,False
COL4A4,False,False,True,False
COL4A5,False,True,False,False
COL4A6,False,True,False,False
COL5A1,False,True,False,False
COL5A2,False,True,True,False
COL6A1,False,False,False,True
COL6A2,False,False,False,True
COL7A1,True,False,False,False
COL9A2,False,True,False,False
COL9A3,False,False,True,False
COLEC12,False,True,False,False
COLGALT1,False,True,False,False
COLGALT2,False,False,False,True
COLQ,True,False,False,True
COMMD1,False,False,True,False
COMMD10,True,False,False,False
COMMD3,False,False,True,False
COMMD4,False,True,True,False
COMMD6,False,False,False,True
COMMD7,False,False,False,True
COMMD8,True,False,True,False
COMMD9,False,True,False,False
COMTD1,False,False,True,False
COPA,True,False,True,False
COPB1,True,False,True,False
COPB2,True,False,True,False
COPE,True,False,True,False
COPG1,True,False,True,False
COPS2,True,False,False,False
COPS3,False,False,True,False
COPS4,True,False,True,False
COPS5,False,False,True,False
COPS7B,False,True,False,False
COPS8,False,False,True,False
COPZ2,False,False,False,True
COQ10A,False,True,False,False
COQ10B,True,False,False,False
COQ2,False,True,False,False
COQ3,False,False,True,False
COQ4,False,True,False,False
COQ5,False,False,True,False
COQ7,False,True,False,False
COQ9,False,False,True,False
CORO1A,False,True,False,False
CORO1C,False,True,False,False
CORO2B,False,True,False,True
COTL1,False,True,False,True
COX15,False,False,True,False
COX16,False,False,True,False
COX17,False,False,True,False
COX18,True,False,True,False
COX19,False,False,False,True
COX5A,False,False,True,False
COX5B,False,False,True,False
COX6A1,False,False,True,False
COX6B1,False,True,False,False
COX6C,False,False,True,False
COX7A2,False,False,True,False
COX7B,False,True,True,False
COX8A,False,True,True,False
COXFA4,False,False,True,False
CPA3,False,False,False,True
CPAMD8,False,True,False,True
CPAP,False,False,True,False
CPE,True,False,False,False
CPEB2,True,False,False,False
CPEB3,True,False,False,False
CPEB4,True,False,True,False
CPLANE1,False,False,False,True
CPLX2,False,True,False,False
CPNE1,True,False,False,False
CPNE4,True,False,False,False
CPNE5,False,False,True,False
CPOX,False,True,True,False
CPPED1,False,True,False,False
CPS1,False,True,False,False
CPSF2,False,False,True,False
CPSF3,False,True,True,False
CPSF3L,True,False,False,False
CPSF6,False,True,False,False
CPT1A,True,False,False,True
CPT1C,True,False,False,False
CPT2,False,False,True,False
CPVL,False,True,False,True
CPXM1,False,True,False,False
CPZ,True,False,False,False
CRABP1,False,True,False,False
CRADD,False,True,True,False
CRAMP1,False,False,False,True
CRAMP1L,True,False,False,False
CRB1,False,True,False,False
CRB2,False,True,False,False
CRBN,True,False,False,False
CRCP,True,False,False,True
CREB1,False,False,False,True
CREB3,False,False,True,False
CREB3L1,True,False,False,False
CREB3L2,True,False,True,False
CREB5,True,False,False,False
CREBBP,True,False,False,True
CREBL2,True,False,False,False
CREBRF,True,False,False,False
CREBZF,False,True,False,False
CREG1,False,True,False,False
CREG2,True,False,False,False
CRELD1,True,False,False,False
CRELD2,True,False,True,False
CREM,False,False,True,False
CRIM1,True,False,False,True
CRIP2,False,False,False,True
CRIPAK,True,False,False,False
CRIPT,False,False,True,False
CRISPLD1,False,True,False,False
CRK,True,False,False,False
CRKL,True,False,False,False
CRLS1,False,False,True,False
CRNDE,False,True,False,False
CRNKL1,False,False,True,False
CROCC,False,False,False,True
CROCC2,False,False,False,True
CROCCP3,False,True,False,False
CROT,False,True,False,False
CRTAC1,False,True,False,False
CRTAP,False,True,False,True
CRTC2,True,False,False,False
CRTC3,True,False,False,True
CRY1,True,False,False,False
CRY2,True,False,False,True
CRYBB1,False,False,True,False
CRYBB2P1,False,True,False,False
CRYL1,False,False,False,True
CRYZ,False,True,False,False
CRYZL1,False,False,True,False
CSAD,False,True,False,False
CSDA,True,False,False,False
CSDE1,False,True,False,False
CSE1L,False,True,True,False
CSF1R,False,True,False,False
CSGALNACT1,False,True,False,True
CSNK1A1,True,False,True,False
CSNK1G1,True,False,False,False
CSNK1G2,False,False,False,True
CSNK1G3,True,False,False,False
CSNK2A2,True,False,False,False
CSPG5,False,True,False,False
CSRNP1,True,False,False,False
CSRNP2,True,False,False,False
CSRNP3,True,False,False,False
CSRP1,False,True,False,False
CSRP2,False,True,False,False
CST3,False,True,False,False
CSTB,True,False,False,False
CSTF1,False,False,True,False
CSTF2,False,True,True,False
CSTF2T,False,True,False,False
CSTF3,False,True,True,False
CSTPP1,False,False,False,True
CTAGE5,True,False,False,False
CTBP1,False,False,False,True
CTC1,False,False,False,True
CTCF,False,True,False,False
CTD-2370N5.3,False,True,False,False
CTD-2545G14.7,False,True,False,False
CTDSP1,False,True,False,True
CTDSP2,False,False,False,True
CTDSPL,False,True,False,False
CTDSPL2,True,False,False,False
CTF1,False,True,False,False
CTGF,False,True,False,False
CTH,True,False,False,False
CTLA4,False,False,True,False
CTNNA2,True,False,False,False
CTNNAL1,False,False,True,False
CTNNB1,False,True,False,False
CTNNBIP1,False,True,False,True
CTPS1,False,True,True,False
CTPS2,False,True,False,False
CTSB,False,True,False,False
CTSC,False,True,False,False
CTSF,False,True,False,True
CTSH,False,True,False,False
CTSK,False,True,False,False
CTSL,False,False,True,False
CTSL2,False,True,False,False
CTSV,False,False,True,False
CTSW,False,False,False,True
CTTN,False,True,False,False
CTTNBP2,True,False,False,False
CTTNBP2NL,True,False,False,False
CTU2,False,False,True,False
CTXN1,False,True,False,False
CUEDC1,False,True,False,False
CUEDC2,False,False,True,False
CUL1,True,False,True,False
CUL2,False,False,True,False
CUL3,True,False,True,False
CUL5,False,False,True,False
CUL7,False,False,True,False
CUTA,False,True,False,False
CWC15,True,False,False,False
CWC25,True,False,False,False
CWC27,False,False,True,False
CWF19L1,False,False,True,False
CX3CL1,False,True,False,False
CXCL10,True,False,True,False
CXCL11,True,False,True,False
CXCL12,True,False,False,False
CXCL14,False,True,False,False
CXCL16,False,False,False,True
CXCL8,False,True,False,True
CXCL9,True,False,False,False
CXCR3,False,False,True,False
CXCR4,False,False,False,True
CXCR5,False,False,False,True
CXORF23,False,True,False,False
CXORF30,False,True,False,False
CXORF38,True,False,False,False
CXORF40B,True,False,False,False
CXXC1,True,False,True,False
CXXC4,True,False,False,False
CXXC5,True,False,False,False
CYB561,False,False,False,True
CYB561A3,False,True,False,True
CYB561D1,False,True,False,True
CYB561D2,False,True,False,False
CYB5A,False,True,False,False
CYB5D1,False,False,True,False
CYB5D2,False,True,False,False
CYB5R1,True,False,False,False
CYB5R2,False,False,True,False
CYB5R4,True,False,False,False
CYB5RL,False,True,False,False
CYBA,False,True,False,False
CYBRD1,False,True,False,True
CYC1,False,False,True,False
CYCS,False,False,True,False
CYFIP1,False,True,False,False
CYFIP2,False,False,False,True
CYLD,True,False,False,False
CYP26B1,False,True,False,False
CYP26C1,False,True,False,False
CYP27A1,False,True,False,False
CYP27B1,False,False,True,False
CYP27C1,False,True,False,False
CYP2D6,False,True,False,False
CYP2J2,False,False,True,False
CYP2S1,False,False,False,True
CYP2U1,False,False,False,True
CYP4F12,False,False,False,True
CYP4F22,False,False,False,True
CYP4F24P,False,True,False,False
CYP4V2,False,True,False,False
CYP51A1,True,False,True,False
CYR61,False,True,False,False
CYSLTR2,False,False,False,True
CYTH1,True,False,False,False
CYTH2,False,True,False,False
CYTH3,True,False,False,True
CYTH4,False,True,False,False
CYTIP,False,True,False,False
CYTL1,False,False,False,True
CYYR1,False,True,False,False
D2HGDH,False,True,False,False
DAAM1,True,False,False,False
DAB2,False,True,False,False
DAB2IP,False,False,True,False
DACH1,False,False,False,True
DACT1,True,False,False,True
DACT3,True,False,False,False
DAG1,False,True,False,True
DALRD3,False,False,False,True
DANCR,False,True,False,False
DAPK3,True,False,False,False
DARC,False,True,False,False
DARS1,False,False,True,False
DARS2,False,True,True,False
DAW1,False,True,False,False
DAXX,False,True,False,False
DAZAP2,False,True,False,False
DBF4,False,False,True,False
DBF4B,False,True,True,False
DBI,False,True,False,False
DBNDD1,False,False,False,True
DBNL,False,True,False,False
DBP,True,False,False,True
DBR1,False,False,True,False
DBT,True,False,True,False
DBX1,False,True,False,False
DCAF10,True,False,False,False
DCAF13,False,False,True,False
DCAF16,False,True,False,False
DCAF5,True,False,False,True
DCAF6,False,False,True,False
DCAF8,False,True,False,False
DCAKD,False,True,False,False
DCBLD1,False,False,True,False
DCBLD2,False,True,False,False
DCDC5,False,True,False,False
DCHS1,False,False,False,True
DCK,True,False,False,False
DCLK2,False,False,False,True
DCLRE1A,False,True,True,False
DCLRE1C,False,True,False,False
DCP1A,True,False,False,False
DCP1B,True,False,False,False
DCP2,True,False,False,False
DCPH1,False,False,True,False
DCPS,False,False,True,False
DCSTAMP,False,True,False,False
DCTN1,True,False,False,False
DCTN5,False,False,True,False
DCTN6,False,False,True,False
DCTPP1,False,True,True,False
DCUN1D1,True,False,True,False
DCUN1D4,False,True,False,False
DCUN1D5,False,False,True,False
DDAH1,True,False,False,False
DDB2,False,True,True,False
DDHD2,True,False,False,True
DDI2,False,False,True,False
DDIAS,False,False,True,False
DDIT3,True,False,False,False
DDIT4,True,False,False,False
DDOST,False,False,True,False
DDR1,False,True,False,True
DDR2,True,False,True,False
DDRGK1,True,False,True,False
DDT,False,True,False,False
DDX1,False,False,True,False
DDX11,False,True,True,False
DDX12P,False,True,False,False
DDX17,False,True,False,False
DDX18,False,False,True,False
DDX19B,True,False,False,False
DDX23,False,False,True,False
DDX24,False,False,True,False
DDX28,False,False,False,True
DDX31,True,False,True,False
DDX39A,False,False,True,False
DDX39B,True,False,False,False
DDX3Y,True,False,False,False
DDX41,False,False,True,False
DDX42,True,False,False,False
DDX46,False,True,False,False
DDX49,True,False,True,False
DDX5,False,True,False,False
DDX52,False,False,True,False
DDX54,False,True,False,False
DDX55,True,False,True,False
DDX56,True,False,True,False
DDX58,True,False,False,False
DDX60,False,False,True,False
DDX60L,False,False,True,False
DEAF1,False,False,False,True
DECR1,False,False,True,False
DEDD2,True,False,False,True
DEFB1,False,False,True,False
DEGS1,False,True,False,False
DEK,False,True,False,False
DELE1,False,False,False,True
DENND11,False,False,False,True
DENND1B,False,False,True,False
DENND1C,False,False,False,True
DENND2A,True,False,False,False
DENND2B,False,False,False,True
DENND2C,False,False,True,False
DENND4A,True,False,False,False
DENND4B,True,False,False,False
DENND5A,True,False,False,False
DENND5B,False,False,True,False
DENND6A,False,False,False,True
DEPDC1,False,True,True,False
DEPDC1B,False,True,True,False
DEPDC7,True,False,False,False
DEPP1,False,False,True,False
DEPTOR,True,False,False,False
DERA,False,True,True,False
DERL1,False,False,True,False
DERL2,True,False,True,False
DERL3,False,False,True,False
DES,False,False,False,True
DESI1,False,True,True,False
DESI2,True,False,False,False
DEXI,False,False,False,True
DFFA,False,False,True,False
DFNA5,False,True,False,False
DFNB31,True,False,False,False
DGCR14,True,False,False,False
DGCR5,False,True,False,False
DGCR6L,False,False,False,True
DGCR8,False,True,False,False
DGCR9,False,True,False,False
DGKA,False,False,False,True
DGKD,True,False,False,True
DGKE,True,False,False,False
DGKQ,False,False,False,True
DGKZ,True,False,False,True
DHCR24,False,False,True,False
DHCR7,True,False,False,False
DHDDS,True,False,True,False
DHFR,False,True,True,False
DHFR2,False,False,True,False
DHFRL1,False,True,False,False
DHRS1,False,True,False,False
DHRS11,False,True,False,False
DHRS2,True,False,False,False
DHRS3,True,False,False,True
DHRS4L1,False,False,False,True
DHRS9,False,False,True,False
DHTKD1,False,True,False,False
DHX15,False,False,True,False
DHX16,False,False,True,False
DHX29,True,False,True,False
DHX30,False,False,True,False
DHX33,False,True,True,False
DHX36,True,False,True,False
DHX37,False,True,True,False
DHX38,False,False,True,False
DHX58,True,False,True,False
DIABLO,False,False,True,False
DIAPH1,False,True,False,False
DIAPH3,False,True,True,False
DICER1-AS1,False,True,False,False
DIDO1,False,True,False,True
DIP2C,True,False,False,False
DIPK1A,False,False,True,False
DIRAS1,False,False,False,True
DIRAS2,True,False,False,False
DIRC2,True,False,False,False
DIS3,True,False,False,False
DIS3L2,False,False,False,True
DISP1,True,False,False,True
DISP2,False,False,True,False
DIXDC1,False,False,False,True
DKC1,False,True,True,False
DKFZP434I0714,False,True,False,False
DKFZP686I15217,False,True,False,False
DKK2,False,True,False,False
DLAT,True,False,True,False
DLD,False,False,True,False
DLEC1,False,False,False,True
DLEU2L,False,True,False,False
DLG2,True,False,False,False
DLG3,False,True,False,False
DLG5,False,False,False,True
DLGAP3,False,False,False,True
DLGAP5,False,True,True,False
DLK1,False,True,False,False
DLL1,True,False,False,False
DLL3,False,True,False,False
DLL4,False,True,False,False
DLX1,False,True,False,False
DLX4,False,False,False,True
DLX5,False,True,False,False
DLX6-AS1,False,True,False,False
DMAP1,True,False,False,False
DMC1,False,True,True,False
DMGDH,True,False,False,False
DMKN,False,False,False,True
DMPK,True,False,False,True
DMRT3,True,False,False,False
DMRTA2,False,True,False,False
DMRTC1B,False,False,False,True
DMWD,True,False,False,False
DMXL1,False,True,False,False
DMXL2,False,True,False,False
DNA2,False,True,True,False
DNAAF1,False,False,True,False
DNAAF3,False,True,False,False
DNAAF9,False,False,False,True
DNAH1,False,True,False,True
DNAH2,True,False,False,False
DNAH5,False,True,False,False
DNAH7,False,True,False,False
DNAI1,False,True,False,False
DNAJA1,True,True,False,False
DNAJA2,True,False,True,False
DNAJA3,True,False,True,False
DNAJB1,False,False,False,True
DNAJB11,True,False,True,False
DNAJB12,False,True,False,False
DNAJB14,True,False,False,False
DNAJB4,True,False,True,False
DNAJB5,True,False,False,False
DNAJB6,True,False,False,False
DNAJB9,True,False,False,False
DNAJC1,True,False,True,False
DNAJC11,False,False,True,False
DNAJC13,True,False,True,False
DNAJC15,False,False,True,False
DNAJC17,False,False,True,False
DNAJC19,False,True,False,False
DNAJC2,True,False,True,False
DNAJC21,True,False,False,False
DNAJC25,True,False,False,False
DNAJC27,True,False,False,False
DNAJC27-AS1,False,True,False,False
DNAJC28,False,False,True,False
DNAJC3,True,False,True,False
DNAJC30,False,True,False,False
DNAJC4,True,False,False,False
DNAJC6,True,False,False,False
DNAJC7,False,False,True,False
DNAJC9,False,True,True,False
DNAL4,False,False,False,True
DNALI1,False,True,False,False
DNASE2,False,True,True,False
DNER,True,False,False,False
DNM1L,False,False,True,False
DNM1P41,False,True,False,False
DNM2,True,False,True,False
DNM3,True,False,False,True
DNMBP,True,False,False,True
DNMT1,False,True,True,False
DNMT3A,True,False,False,False
DNMT3B,False,False,True,False
DNPEP,False,False,True,False
DNPH1,False,True,False,False
DNTTIP1,True,False,False,False
DOCK1,False,True,True,False
DOCK10,False,True,False,False
DOCK3,True,False,False,True
DOCK4,True,False,False,False
DOCK6,True,False,False,False
DOCK9,False,False,False,True
DOHH,True,False,True,False
DOK4,False,False,False,True
DOK6,True,False,False,False
DOLK,False,False,True,False
DOLPP1,False,False,True,False
DONSON,False,False,True,False
DOP1B,False,False,False,True
DOPEY1,True,False,False,False
DORIP1,False,False,False,True
DOT1L,False,True,False,False
DPAGT1,False,False,True,False
DPEP1,False,False,True,False
DPEP2,False,False,False,True
DPF2,True,False,False,False
DPH1,True,False,False,False
DPH2,False,True,True,False
DPH3,False,True,True,False
DPH5,False,True,False,True
DPM1,False,False,True,False
DPM2,False,True,False,False
DPM3,False,True,False,False
DPP3,False,True,True,False
DPP8,True,False,False,False
DPY19L1,False,True,False,False
DPY19L2,False,True,False,False
DPY19L2P2,False,True,False,False
DPY19L3,False,True,True,False
DPY30,False,False,True,False
DPYSL4,False,True,False,True
DPYSL5,False,True,False,False
DQX1,False,False,True,False
DR1,True,False,False,False
DRAM1,False,False,True,False
DRAM2,False,False,False,True
DRAXIN,False,True,False,False
DRC7,False,False,False,True
DRC8,False,False,True,False
DRD4,False,True,False,False
DRG1,True,False,True,False
DRG2,False,True,False,False
DROSHA,True,False,False,False
DSC1,False,False,False,True
DSC2,False,True,False,False
DSCAML1,True,False,False,True
DSCC1,False,True,True,False
DSCR3,True,False,False,False
DSE,True,False,False,False
DSEL,True,False,False,False
DSG2,False,True,False,False
DSN1,False,True,True,False
DSTN,True,False,False,False
DSTYK,True,False,False,True
DTD1,False,False,False,True
DTD2,False,True,True,False
DTL,False,True,True,False
DTNB,True,False,False,False
DTWD1,False,True,True,False
DTWD2,False,True,False,False
DTX3,False,False,False,True
DTX3L,False,False,True,False
DTX4,False,False,False,True
DTYMK,False,True,True,False
DUS3L,False,True,False,False
DUSP1,False,True,False,False
DUSP10,True,False,False,True
DUSP11,True,False,False,False
DUSP14,True,False,False,True
DUSP15,True,False,False,False
DUSP16,False,False,False,True
DUSP2,True,False,False,True
DUSP22,False,True,False,True
DUSP23,False,True,False,True
DUSP28,False,False,False,True
DUSP4,True,False,False,True
DUSP5,True,True,True,False
DUSP6,True,True,False,False
DUSP7,True,False,False,False
DUSP8,False,False,False,True
DUT,False,True,True,False
DVL1,False,False,False,True
DVL3,True,False,False,False
DYDC2,False,True,False,False
DYM,True,False,False,True
DYNC1I1,True,False,False,False
DYNC1LI1,True,False,False,False
DYNC1LI2,False,False,True,False
DYNC2H1,False,False,False,True
DYNC2I2,False,False,True,False
DYNLL1,True,False,True,False
DYNLL2,True,False,False,True
DYNLT1,False,True,True,False
DYRK1A,True,False,False,True
DYRK1B,True,False,False,True
DYRK2,True,False,False,True
DYRK3,False,False,True,False
DYRK4,True,False,False,False
E2F1,False,True,True,False
E2F2,False,True,True,False
E2F3,False,True,False,False
E2F5,False,False,True,False
E2F6,False,False,True,False
E2F7,False,True,True,False
E2F8,False,True,True,False
E4F1,True,False,False,False
EAF1,True,False,False,False
EAF2,False,False,True,False
EAPP,True,False,False,False
EARS2,False,True,True,False
EBAG9,False,False,True,False
EBF1,False,False,False,True
EBF2,False,True,False,False
EBF4,False,True,False,True
EBNA1BP2,False,False,True,False
EBP,False,False,True,False
EBPL,False,True,True,False
ECD,True,False,False,False
ECE1,False,True,False,False
ECEL1,False,True,False,False
ECH1,True,False,True,False
ECHDC1,False,True,True,False
ECHDC3,False,False,True,False
ECI1,False,False,True,False
ECI2,False,False,True,False
ECPAS,False,False,True,False
ECRG4,False,False,False,True
ECT2,False,True,True,False
EDA2R,False,False,True,False
EDAR,False,False,False,True
EDC3,False,False,True,False
EDC4,False,False,True,False
EDEM1,True,False,True,False
EDEM2,False,False,True,False
EDEM3,True,False,True,False
EDN1,True,False,False,False
EDNRB,False,False,True,False
EEA1,True,False,False,False
EED,False,True,True,False
EEF1A1,False,False,False,True
EEF1A2,True,False,False,False
EEF1AKMT1,False,False,True,False
EEF1AKMT4,False,False,True,False
EEF1D,False,True,False,True
EEF1E1,False,False,True,False
EEF1G,False,False,False,True
EEF2,False,False,False,True
EEF2K,True,False,False,False
EEFSEC,True,False,False,False
EEIG1,False,False,False,True
EEPD1,False,False,False,True
EFCAB1,False,True,False,False
EFCAB11,False,False,True,False
EFCAB12,False,True,False,False
EFCAB2,False,True,False,False
EFCAB3,False,True,False,False
EFCAB4B,True,False,False,False
EFEMP1,False,True,False,False
EFHA2,True,False,False,False
EFHC1,False,True,False,False
EFHC2,False,False,False,True
EFHD1,False,True,False,True
EFNA1,False,False,False,True
EFNA3,True,False,False,False
EFNA4,False,True,False,False
EFNA5,False,False,False,True
EFNB1,False,False,False,True
EFNB3,False,True,False,False
EFR3A,True,False,False,False
EFS,False,True,False,False
EFTUD2,False,True,True,False
EGF,False,True,False,False
EGFEM1P,False,True,False,False
EGFL7,False,True,False,False
EGR1,False,True,False,False
EGR2,False,True,False,False
EGR3,False,True,False,False
EGR4,False,True,False,False
EHBP1L1,True,False,False,False
EHD4,False,False,True,False
EHHADH,False,True,True,False
EID1,False,True,False,False
EID2,True,False,False,False
EID3,False,False,False,True
EIF1,True,False,False,True
EIF1AD,False,False,False,True
EIF1AY,False,False,True,False
EIF1B,True,False,False,False
EIF2AK2,False,False,True,False
EIF2AK3,True,False,True,False
EIF2B1,False,True,False,False
EIF2B2,True,False,True,False
EIF2B3,False,False,True,False
EIF2B4,False,False,True,False
EIF2B5,False,False,True,False
EIF2D,False,True,False,False
EIF2S1,False,False,True,False
EIF2S2,True,False,True,False
EIF2S3,False,True,False,True
EIF3B,False,False,True,False
EIF3D,False,False,False,True
EIF3E,False,False,False,True
EIF3F,False,False,False,True
EIF3H,False,False,False,True
EIF3J,False,False,True,False
EIF3L,False,False,False,True
EIF4A1,False,True,False,False
EIF4A3,False,False,True,False
EIF4B,False,False,False,True
EIF4E,False,False,True,False
EIF4EBP1,True,False,False,False
EIF4EBP2,False,True,False,True
EIF4EBP3,False,False,False,True
EIF4ENIF1,True,False,False,False
EIF4G1,False,False,True,False
EIF5,True,False,False,False
EIF5A,False,True,False,False
EIF5A2,True,False,False,False
EIF5B,False,False,True,False
EIPR1,False,False,True,False
ELAC2,False,True,True,False
ELAPOR1,False,False,False,True
ELAPOR2,False,False,False,True
ELAVL1,False,False,True,False
ELAVL2,False,True,False,False
ELF1,True,False,False,False
ELFN1,True,False,False,False
ELK1,True,False,False,False
ELK3,False,True,False,False
ELK4,True,False,False,False
ELL,True,False,False,False
ELL2,True,False,True,False
ELMO1,False,True,False,False
ELMOD2,False,True,True,False
ELMSAN1,True,False,False,False
ELOC,False,False,True,False
ELOVL2,False,True,False,False
ELOVL3,False,False,True,False
ELOVL4,True,False,False,False
ELOVL5,True,False,False,True
ELOVL6,True,False,False,False
ELP2,True,False,False,False
ELP3,False,False,True,False
ELP4,True,False,False,False
ELP5,False,True,False,False
ELP6,False,True,True,False
EMB,False,True,False,False
EMC1,False,False,True,False
EMC2,False,False,True,False
EMC3,True,False,False,False
EMC4,False,True,True,False
EMC7,True,False,True,False
EMC8,True,False,False,False
EMC9,False,False,True,False
EME1,False,False,True,False
EME2,False,True,False,False
EMG1,False,True,True,False
EMID1,False,True,False,False
EMILIN2,False,True,False,False
EMILIN3,False,True,False,False
EML2,True,False,False,False
EML3,False,True,False,True
EMP1,False,True,True,False
EMP2,False,True,False,False
EMX2OS,False,True,False,False
ENC1,False,False,False,True
ENGASE,False,True,False,False
ENHO,False,True,False,True
ENKUR,False,True,False,True
ENO1,False,True,True,False
ENO2,False,False,False,True
ENO4,False,True,False,False
ENOPH1,True,False,True,False
ENOSF1,False,True,False,False
ENPP1,False,True,False,False
ENPP2,False,False,True,False
ENPP3,False,False,False,True
ENPP6,False,False,True,False
ENPP7,False,False,True,False
ENSA,False,True,False,False
ENTHD2,True,False,False,False
ENTPD1,False,True,True,False
ENTPD4,False,True,True,False
ENTPD7,False,False,True,False
ENTR1,False,False,False,True
ENY2,False,True,False,False
EOGT,False,False,True,False
EOMES,False,True,False,False
EP300,True,False,False,False
EP400,True,False,False,True
EPB41,False,True,False,False
EPB41L2,False,True,False,False
EPB41L4A,False,True,False,False
EPB41L4A-AS1,True,False,False,False
EPB49,True,False,False,False
EPC1,True,False,False,True
EPC2,False,False,False,True
EPDR1,False,False,True,False
EPG5,True,False,False,False
EPHA1,False,False,False,True
EPHA2,True,False,False,False
EPHA4,True,False,False,True
EPHA5,True,False,False,False
EPHA7,False,True,False,False
EPHB1,False,True,False,False
EPHB2,False,True,True,False
EPHB3,False,False,False,True
EPHB4,False,True,False,False
EPHB6,False,False,False,True
EPHX1,True,False,False,False
EPHX2,False,True,False,True
EPHX4,False,False,False,True
EPOP,False,False,True,False
EPPK1,False,True,False,True
EPRS,True,False,False,False
EPRS1,False,False,True,False
EPS15,True,False,False,False
EPS15L1,True,False,False,False
EPS8L2,False,False,False,True
EPSTI1,True,False,True,False
EPT1,True,False,False,False
ERAL1,False,False,True,False
ERBB2,False,True,False,True
ERC1,False,False,True,False
ERC2,True,False,False,False
ERCC1,False,True,False,True
ERCC2,True,False,False,False
ERCC3,True,False,False,False
ERCC4,True,False,False,False
ERCC5,True,False,False,False
ERCC6,True,False,False,True
ERCC6L,False,False,True,False
ERF,True,False,False,False
ERGIC1,False,True,False,False
ERGIC2,False,False,True,False
ERH,False,False,True,False
ERI1,False,True,True,False
ERI2,False,False,True,False
ERICH3,False,False,True,False
ERLEC1,False,False,True,False
ERLIN1,False,True,True,False
ERLIN2,False,True,True,False
ERMAP,False,True,False,False
ERN1,True,False,False,False
ERO1A,False,False,True,False
ERO1B,False,False,True,False
ERO1LB,True,False,False,False
ERP27,False,False,False,True
ERP29,False,False,True,False
ERP44,False,False,True,False
ERRFI1,True,False,False,True
ERV3-1,False,False,False,True
ERVK13-1,False,True,False,False
ESCO1,True,False,False,False
ESCO2,False,True,True,False
ESF1,False,False,True,False
ESPL1,False,True,True,False
ESR1,False,False,True,False
ESYT1,False,True,False,False
ESYT2,False,False,False,True
ETF1,True,False,True,False
ETFA,False,False,True,False
ETFB,False,False,True,False
ETFDH,False,False,True,False
ETFRF1,False,False,True,False
ETNK1,False,False,True,False
ETNK2,False,False,False,True
ETS1,False,False,False,True
ETS2,True,False,False,False
ETV3,True,False,False,True
ETV5,True,False,True,False
ETV7,True,False,True,False
EVA1C,False,False,False,True
EVC,False,True,False,False
EVI2A,False,True,False,False
EVI2B,False,True,False,False
EVI5,True,False,False,False
EVI5L,True,False,False,False
EVL,False,False,False,True
EWSR1,False,True,True,False
EXD2,False,True,False,False
EXD3,False,True,False,True
EXO1,False,True,True,False
EXOC4,True,False,False,False
EXOC5,False,False,True,False
EXOC6,False,False,True,False
EXOC6B,False,False,False,True
EXOC7,False,True,False,False
EXOC8,True,False,False,False
EXOSC1,False,False,True,False
EXOSC10,False,False,True,False
EXOSC2,False,False,True,False
EXOSC3,False,True,True,False
EXOSC4,False,False,True,False
EXOSC6,False,False,False,True
EXOSC7,False,False,True,False
EXOSC8,False,False,True,False
EXOSC9,False,False,True,False
EXT1,True,False,False,False
EXT2,False,True,False,False
EXTL2,False,True,False,False
EXTL3,False,True,False,False
EYA2,False,True,True,False
EYA3,False,False,True,False
EZH1,False,True,False,False
EZH2,True,False,True,False
EZR,False,True,False,False
F12,False,False,True,False
F2R,False,True,False,True
F8A1,False,False,False,True
FAAP24,False,False,True,False
FABP5,False,True,True,False
FABP7,False,True,False,False
FADD,True,False,True,False
FADS2,True,False,False,False
FADS3,False,False,False,True
FAF1,True,False,False,False
FAF2,False,False,True,False
FAHD1,False,True,False,False
FAHD2A,False,True,False,False
FAHD2B,False,True,False,False
FAIM2,True,False,False,False
FAM101B,False,True,False,False
FAM102A,True,False,False,False
FAM104B,False,True,False,False
FAM105A,False,True,False,False
FAM107A,False,True,False,False
FAM107B,True,False,False,True
FAM108A1,True,False,False,False
FAM109A,False,True,False,False
FAM110A,False,True,False,True
FAM110B,True,False,False,False
FAM110C,False,False,False,True
FAM111A,False,True,False,False
FAM111B,False,True,True,False
FAM114A1,True,False,False,False
FAM114A2,False,False,True,False
FAM117A,True,False,False,True
FAM117B,False,False,False,True
FAM120AOS,False,False,True,False
FAM120B,True,False,False,False
FAM122A,True,False,False,False
FAM122B,False,True,False,False
FAM124B,False,False,False,True
FAM126B,True,False,False,False
FAM127A,False,True,False,False
FAM127B,False,True,False,False
FAM127C,False,True,False,False
FAM129A,True,False,False,False
FAM129B,False,True,False,False
FAM131A,True,False,False,False
FAM131B,False,False,False,True
FAM132A,True,False,False,False
FAM134B,True,False,False,False
FAM135A,True,False,False,False
FAM136A,False,True,False,False
FAM13A,False,True,False,False
FAM149A,False,False,True,False
FAM154B,False,True,False,False
FAM160A2,True,False,False,False
FAM160B1,True,False,False,False
FAM161A,False,True,False,False
FAM161B,True,False,False,False
FAM167A,True,False,False,True
FAM169A,True,False,False,True
FAM171A1,False,True,True,False
FAM171B,True,False,False,False
FAM173B,False,True,False,False
FAM175A,False,True,False,False
FAM175B,True,False,False,False
FAM179B,True,False,False,False
FAM181A,False,True,False,False
FAM182A,False,True,False,False
FAM184A,True,False,False,False
FAM188A,True,False,False,False
FAM189A1,False,True,False,False
FAM192A,False,True,False,False
FAM193B,True,False,False,False
FAM195A,True,False,False,False
FAM195B,False,True,False,False
FAM200A,True,False,False,False
FAM200B,False,True,False,False
FAM204A,True,False,False,False
FAM208B,True,False,False,False
FAM20A,False,False,True,False
FAM20B,False,True,False,False
FAM210B,False,True,False,False
FAM211B,True,False,False,False
FAM213B,False,True,False,False
FAM214A,True,False,False,False
FAM214B,True,False,False,False
FAM219A,False,False,False,True
FAM219B,False,True,False,True
FAM220A,True,False,False,False
FAM222A,True,False,False,False
FAM222B,True,False,False,False
FAM226A,False,True,False,False
FAM228B,False,False,False,True
FAM229A,False,False,False,True
FAM22F,True,False,False,False
FAM26F,True,False,False,False
FAM3C,True,False,True,False
FAM43A,True,False,False,True
FAM46B,True,False,False,False
FAM47E,False,True,False,False
FAM53B,False,False,False,True
FAM53C,True,False,False,False
FAM57A,False,True,False,False
FAM5B,False,True,False,False
FAM63A,False,True,False,False
FAM63B,True,False,False,False
FAM64A,False,True,False,False
FAM65A,True,False,False,False
FAM66C,False,True,False,False
FAM72A,False,False,True,False
FAM72B,False,True,True,False
FAM72C,False,False,True,False
FAM72D,False,True,True,False
FAM73A,True,False,False,False
FAM76A,True,False,False,False
FAM76B,True,False,False,False
FAM81A,False,True,False,False
FAM81B,False,False,False,True
FAM83D,False,True,False,False
FAM83H,False,True,False,False
FAM84B,True,False,False,False
FAM86B1,False,True,False,True
FAM86B3P,False,True,False,False
FAM86C2P,False,True,False,False
FAM86EP,False,True,False,False
FAM86HP,False,True,False,False
FAM86JP,False,True,False,False
FAM89A,False,False,True,False
FAM89B,False,True,False,False
FAM90A1,False,False,True,False
FAM91A1,True,False,True,False
FAM92B,False,True,False,False
FAM98A,False,False,True,False
FAM98B,False,False,True,False
FAM98C,False,False,False,True
FANCA,False,True,True,False
FANCB,False,True,True,False
FANCC,False,True,True,False
FANCD2,False,True,True,False
FANCF,True,False,False,False
FANCG,False,True,True,False
FANCI,False,True,True,False
FANCL,False,True,True,False
FANCM,False,False,True,False
FANK1,False,True,False,False
FAR1,False,False,True,False
FARS2,True,False,False,False
FARSA,True,False,True,False
FARSB,False,False,True,False
FAS,True,False,False,False
FASN,True,False,False,False
FASTK,False,True,False,False
FASTKD1,False,True,True,False
FASTKD2,False,False,True,False
FASTKD3,False,False,True,False
FAT3,True,False,False,False
FAT4,False,True,False,True
FAUP4,False,False,True,False
FBH1,False,False,True,False
FBL,False,True,False,False
FBLL1,True,False,False,False
FBLN2,False,True,False,True
FBLN5,False,True,False,True
FBLN7,False,True,False,True
FBN1,False,True,False,False
FBN2,False,True,False,False
FBN3,False,True,False,False
FBP1,False,False,False,True
FBRS,True,False,False,False
FBRSL1,False,False,False,True
FBXL12,True,False,False,True
FBXL14,False,False,False,True
FBXL16,False,False,False,True
FBXL17,True,False,False,True
FBXL19-AS1,False,True,False,False
FBXL2,False,True,False,False
FBXL20,True,False,False,False
FBXL3,True,False,False,False
FBXO11,True,False,False,False
FBXO16,True,False,True,False
FBXO22,False,False,True,False
FBXO25,True,False,False,False
FBXO28,True,False,False,False
FBXO3,True,False,False,False
FBXO31,True,False,False,True
FBXO32,False,False,False,True
FBXO38,True,False,True,False
FBXO39,False,False,True,False
FBXO4,False,False,True,False
FBXO41,False,False,False,True
FBXO42,True,False,False,False
FBXO43,False,False,True,False
FBXO44,False,True,False,False
FBXO45,True,False,False,False
FBXO48,False,False,True,False
FBXO5,False,True,True,False
FBXO6,True,False,True,False
FBXO8,False,False,True,False
FBXW11,True,False,False,False
FBXW4,False,False,False,True
FBXW5,True,False,False,False
FBXW7,True,False,False,False
FCER1A,False,False,False,True
FCER2,False,False,False,True
FCF1,False,False,True,False
FCGBP,False,False,False,True
FCGR1A,False,False,True,False
FCGR1BP,False,False,True,False
FCGRT,False,False,False,True
FCHO1,True,False,False,False
FCHO2,True,False,False,False
FCHSD1,False,True,False,False
FCHSD2,True,False,False,False
FCMR,False,False,False,True
FCRL1,False,False,False,True
FCRL3,False,False,False,True
FCRL5,False,False,True,False
FCRL6,False,False,False,True
FCRLA,False,False,False,True
FDFT1,True,False,False,False
FDPS,False,False,True,False
FDX1,False,False,True,False
FDX2,False,False,True,False
FDXACB1,False,False,True,False
FDXR,True,False,True,False
FECH,True,False,False,False
FEM1A,True,False,False,False
FEM1B,True,False,False,False
FEM1C,True,False,False,False
FEN1,False,True,True,False
FER,True,False,False,False
FERMT2,True,False,False,False
FERRY3,False,False,True,False
FEZ1,True,False,False,True
FEZF1,False,True,False,False
FEZF1-AS1,False,True,False,False
FEZF2,False,True,False,False
FGD5-AS1,False,True,False,False
FGF14-AS2,False,True,False,False
FGF8,False,True,False,False
FGF9,False,True,False,True
FGFBP2,False,False,False,True
FGFBP3,False,True,False,True
FGFR1,False,True,False,False
FGFR1OP2,True,False,True,False
FGFR2,True,False,False,True
FGFR3,False,True,False,False
FGFRL1,False,True,False,False
FGGY,False,True,False,False
FH,False,False,True,False
FHAD1,False,True,False,False
FHIP1A,False,False,False,True
FHL1,False,False,False,True
FHL3,True,False,False,False
FICD,True,False,True,False
FIG4,False,True,False,False
FIGN,True,False,False,False
FIGNL1,False,True,True,False
FIGNL2,False,True,False,False
FILIP1L,True,False,False,False
FIP1L1,True,False,False,False
FIRRM,False,False,True,False
FIZ1,False,True,False,False
FKBP10,False,True,False,True
FKBP11,False,True,True,False
FKBP14,False,False,True,False
FKBP15,True,True,False,False
FKBP1A,False,True,False,False
FKBP2,False,False,True,False
FKBP3,False,False,True,False
FKBP4,True,False,False,False
FKBP5,False,True,True,False
FKBP7,False,False,True,False
FKBP9,False,True,False,False
FKBPL,False,False,True,False
FKTN,False,True,False,False
FLCN,True,False,False,False
FLJ10038,False,True,False,False
FLJ14186,True,False,False,False
FLJ16779,False,True,False,False
FLJ31306,False,True,False,False
FLJ33630,False,True,False,False
FLJ35282,False,True,False,False
FLJ42875,False,True,False,False
FLJ45340,True,False,False,False
FLJ46906,False,True,False,False
FLNA,False,True,False,True
FLNB,False,True,False,False
FLOT1,True,False,False,False
FLRT1,True,False,False,False
FLRT2,True,False,False,False
FLRT3,True,False,False,False
FLT1,False,False,True,False
FLT3LG,False,False,False,True
FLT4,False,True,False,False
FLVCR1-AS1,False,True,False,False
FLYWCH1,True,False,False,False
FMNL2,False,False,True,False
FMNL3,False,False,False,True
FMO5,False,False,False,True
FMR1,True,False,False,False
FN1,False,True,True,False
FN3K,True,False,False,False
FN3KRP,False,True,True,False
FNBP1,True,False,False,True
FNBP4,True,False,False,True
FNDC10,False,False,False,True
FNDC11,False,False,False,True
FNDC3A,False,False,True,False
FNDC3B,True,False,True,False
FNDC5,False,True,False,False
FNIP1,True,False,False,False
FNTA,True,False,False,False
FOCAD,False,False,True,False
FOLR2,False,False,False,True
FOS,False,True,False,False
FOSB,False,True,False,False
FOSL1,True,False,False,False
FOSL2,False,False,False,True
FOXB1,True,False,False,False
FOXC1,False,False,True,False
FOXD1,False,False,False,True
FOXD2,False,False,False,True
FOXI3,True,False,False,False
FOXJ1,False,True,False,False
FOXJ2,True,False,False,True
FOXJ3,True,False,False,False
FOXK1,True,False,False,False
FOXK2,True,False,False,False
FOXM1,False,True,True,False
FOXN2,True,False,False,False
FOXN3,True,False,False,True
FOXN4,False,True,False,False
FOXO1,True,False,False,True
FOXO3,True,False,False,True
FOXO4,False,True,False,False
FOXO6,False,False,False,True
FOXP1,False,False,False,True
FOXP2,False,True,False,False
FOXP4,False,False,False,True
FOXRED1,False,False,True,False
FOXRED2,False,True,True,False
FPGS,False,True,False,False
FPGT,False,True,True,False
FPR3,False,True,True,False
FRAS1,False,True,False,False
FRG1B,False,True,False,False
FRMD3,True,False,True,False
FRMD4A,False,True,False,False
FRMD6,True,False,False,False
FRMPD3,False,False,False,True
FRRS1,False,False,True,False
FRS2,True,False,False,True
FRS3,True,False,False,False
FRY,True,False,False,True
FSAF1,False,False,True,False
FST,True,False,False,False
FSTL1,False,True,False,False
FSTL3,False,True,False,False
FSTL5,True,False,False,False
FTL,True,False,False,False
FTO,True,False,False,False
FTSJ1,False,False,True,False
FTSJ3,False,False,True,False
FTSJD1,True,False,False,False
FUBP1,False,True,False,False
FUBP3,True,False,False,False
FUCA2,False,True,True,False
FUK,False,True,False,False
FUNDC1,False,False,True,False
FUNDC2,False,False,True,False
FUS,False,True,True,False
FUT2,False,True,False,False
FUT3,True,False,False,False
FUT8,False,True,True,False
FXR1,True,False,False,False
FXR2,True,False,False,False
FXYD1,False,True,False,True
FXYD2,False,False,False,True
FXYD5,False,False,False,True
FXYD6,False,True,False,False
FXYD7,False,False,False,True
FYN,False,False,False,True
FYTTD1,True,False,False,False
FZD2,False,True,False,False
FZD3,False,True,False,False
FZD4,False,True,False,True
FZD5,True,False,True,False
FZD7,False,True,False,False
FZR1,True,False,False,False
G0S2,False,False,False,True
G2E3,False,True,True,False
G3BP1,False,False,True,False
GAA,False,True,False,False
GAB1,False,False,True,False
GAB2,True,False,False,False
GAB3,False,False,False,True
GABARAPL1,False,False,False,True
GABARAPL2,False,True,False,False
GABBR1,False,True,False,False
GABPB1-AS1,False,True,False,False
GABRR2,True,False,True,False
GAD1,True,False,False,False
GADD45A,True,False,False,False
GADD45B,True,False,False,False
GADD45G,True,False,False,False
GADD45GIP1,False,False,True,False
GAK,True,False,False,False
GAL3ST2,True,False,False,False
GAL3ST4,False,False,False,True
GALC,False,True,False,False
GALE,False,False,True,False
GALK2,True,False,True,False
GALM,False,False,True,False
GALNT1,False,True,False,False
GALNT10,False,False,False,True
GALNT11,False,True,False,True
GALNT12,False,True,False,True
GALNT14,False,False,True,False
GALNT16,False,True,False,False
GALNT18,False,True,True,False
GALNT2,False,True,True,False
GALNT3,False,False,True,False
GALNT7,False,True,False,False
GALNT8,True,False,False,False
GALR2,False,False,True,False
GAMT,False,False,False,True
GAN,True,False,False,False
GANAB,False,True,True,False
GANC,True,False,False,False
GAP43,True,False,False,False
GAPDH,False,False,True,False
GAPLINC,False,True,False,False
GAPVD1,True,False,False,False
GAR1,False,True,True,False
GAREM,True,False,False,False
GAREM1,False,False,True,False
GAREM2,False,False,False,True
GARNL3,False,False,True,False
GARRE1,False,False,False,True
GARS,True,False,False,False
GARS1,False,False,True,False
GART,False,True,True,False
GAS1,True,False,False,True
GAS2L3,False,True,False,False
GAS6,False,True,True,False
GAS7,True,False,False,False
GATA2,False,False,False,True
GATA3,False,False,False,True
GATA6,False,False,False,True
GATAD1,True,False,False,True
GATAD2A,True,False,False,False
GATAD2B,True,False,False,False
GATB,False,False,True,False
GATD1,False,False,False,True
GATM,False,True,False,False
GATS,False,True,False,False
GBA,False,True,False,False
GBA1,False,False,True,False
GBF1,True,False,True,False
GBGT1,False,True,False,False
GBP1,True,False,True,False
GBP2,True,False,False,False
GBP3,False,False,True,False
GBP4,True,False,False,False
GBP5,True,False,True,False
GBP6,False,False,True,False
GCAT,False,False,True,False
GCC1,True,False,False,False
GCC2,True,False,False,False
GCDH,False,True,True,False
GCH1,True,False,True,False
GCHFR,False,False,False,True
GCLC,True,False,False,False
GCN1,False,False,True,False
GCNT1,False,True,True,False
GCNT2,False,True,False,False
GCSAM,False,False,False,True
GCSH,False,True,True,False
GDAP1,False,False,True,False
GDAP1L1,True,False,False,False
GDAP2,True,False,False,False
GDF1,True,False,False,False
GDF10,False,True,False,False
GDF11,False,True,False,True
GDF15,True,False,False,False
GDF7,False,False,False,True
GDF9,False,False,False,True
GDI2,False,True,False,False
GDPD2,False,True,False,False
GDPD3,False,False,False,True
GDPGP1,False,False,True,False
GEM,True,False,False,False
GEMIN2,True,False,True,False
GEMIN6,False,False,True,False
GEMIN7,False,False,True,False
GEN1,False,True,True,False
GFM1,False,False,True,False
GFM2,False,True,True,False
GFOD1,True,False,False,True
GFPT1,True,False,True,False
GFRA1,False,True,False,False
GGA3,True,False,False,False
GGCT,False,True,True,False
GGCX,False,False,True,False
GGH,False,True,True,False
GGNBP2,True,False,False,False
GGT7,False,True,False,True
GHDC,False,True,False,False
GHITM,True,False,True,False
GHRL,False,True,False,False
GID4,True,False,False,False
GIGYF1,False,True,False,True
GIGYF2,True,False,False,False
GIMAP1-GIMAP5,False,False,True,False
GINS1,False,True,True,False
GINS2,False,True,True,False
GINS3,False,True,True,False
GINS4,False,True,True,False
GIPC1,False,False,False,True
GIT1,False,False,False,True
GIT2,True,False,False,False
GJA1,False,True,False,False
GJC1,False,True,False,False
GJD2,False,True,False,False
GJD3,False,False,True,False
GKAP1,True,False,False,False
GLA,False,False,True,False
GLB1L,False,True,False,False
GLB1L2,False,True,False,False
GLB1L3,False,True,False,False
GLCCI1,True,False,True,False
GLDC,False,True,True,False
GLDN,False,False,True,False
GLE1,False,False,True,False
GLI2,False,True,False,False
GLI3,False,True,False,True
GLI4,False,True,False,False
GLIPR1,False,True,False,True
GLIPR2,False,True,False,False
GLIS2,True,False,False,False
GLMN,False,False,True,False
GLRX,False,True,True,False
GLRX2,False,False,True,False
GLRX3,False,False,True,False
GLS,True,False,True,False
GLS2,False,False,False,True
GLT25D1,False,True,False,False
GLTP,False,False,False,True
GLTPD2,False,True,False,True
GLTSCR1,True,False,False,False
GLUL,False,True,False,False
GLYATL2,False,True,False,False
GLYCTK,False,True,False,False
GM2A,False,True,True,False
GMCL1,True,False,False,False
GMDS,False,False,True,False
GMEB2,False,True,False,True
GMFB,False,False,True,False
GMIP,False,True,False,False
GMNN,False,True,True,False
GMPPA,True,False,True,False
GMPPB,False,False,True,False
GMPR,False,False,True,False
GMPR2,False,True,False,False
GNA12,False,False,False,True
GNA13,True,False,False,False
GNAI1,False,False,False,True
GNAO1,True,False,False,True
GNAQ,True,False,False,False
GNAZ,False,False,False,True
GNB3,False,False,True,False
GNB4,False,True,True,False
GNE,False,False,True,False
GNG10,False,True,False,False
GNG11,False,True,False,False
GNG2,False,False,False,True
GNG4,False,True,False,False
GNG5,False,False,True,False
GNG7,False,True,False,False
GNL2,False,False,True,False
GNL3,True,False,True,False
GNPAT,False,False,True,False
GNPDA1,False,False,True,False
GNPNAT1,False,True,True,False
GNPTAB,False,True,False,False
GNRHR2,False,True,False,False
GOLGA1,True,False,False,False
GOLGA2,True,False,True,False
GOLGA2P5,False,True,False,False
GOLGA3,True,False,True,False
GOLGA4,True,False,False,False
GOLGA5,True,False,True,False
GOLGA7B,False,False,False,True
GOLGA8N,False,False,False,True
GOLGA8O,False,False,False,True
GOLGA8Q,False,False,False,True
GOLGA8R,False,False,False,True
GOLGB1,True,False,True,False
GOLIM4,False,True,True,False
GOLM1,False,True,False,False
GOLPH3,True,False,True,False
GOLPH3L,True,False,True,False
GOLT1B,True,False,True,False
GON4L,True,False,False,True
GON7,False,False,True,False
GOPC,True,False,False,False
GORAB,True,False,False,False
GORASP1,True,False,False,False
GORASP2,True,False,True,False
GOSR2,False,False,True,False
GOT1,True,False,True,False
GOT2,False,True,False,False
GPA33,True,False,False,True
GPAA1,False,True,False,False
GPAM,False,True,False,False
GPANK1,False,False,True,False
GPATCH1,True,False,False,False
GPATCH11,True,False,False,False
GPATCH2,True,False,False,False
GPATCH2L,True,False,False,True
GPATCH3,False,False,True,False
GPATCH4,False,True,True,False
GPATCH8,True,False,False,True
GPBP1,True,False,False,False
GPBP1L1,True,False,False,False
GPC1,False,True,False,False
GPC2,False,True,False,False
GPC3,False,True,False,False
GPC4,False,True,False,True
GPCPD1,True,False,False,False
GPD2,False,True,True,False
GPHN,True,False,False,False
GPHRA,False,False,True,False
GPKOW,False,False,True,False
GPM6A,True,False,False,False
GPM6B,False,True,False,False
GPN3,False,False,True,False
GPR1,False,True,False,False
GPR125,False,True,False,False
GPR137C,True,False,True,False
GPR150,False,False,False,True
GPR153,False,False,False,True
GPR157,False,False,False,True
GPR160,False,False,True,False
GPR161,False,True,False,False
GPR162,False,False,False,True
GPR173,False,True,False,False
GPR176,True,False,False,False
GPR180,False,False,True,False
GPR183,False,True,False,True
GPR19,True,False,False,False
GPR37,True,False,False,False
GPR63,False,False,True,False
GPR68,False,False,False,True
GPR84,False,False,True,False
GPRC5B,False,True,False,False
GPRC5C,True,False,False,False
GPRC5D,False,False,True,False
GPRIN2,False,True,False,False
GPRIN3,True,False,False,False
GPS2,True,False,False,False
GPT2,True,False,True,False
GPX3,False,False,False,True
GPX7,False,True,True,False
GRAMD1A,True,False,False,True
GRAMD1B,True,False,False,False
GRAMD1C,False,True,False,True
GRB10,True,False,False,False
GRB14,False,True,False,False
GRHL1,True,False,False,False
GRIK3,False,True,False,False
GRIK5,True,False,False,False
GRIN2A,False,True,False,False
GRIN2B,True,False,False,False
GRIN2D,True,False,False,False
GRIN3A,False,False,True,False
GRIP1,True,False,False,True
GRIPAP1,False,True,True,False
GRM2,False,True,False,False
GRM8,False,True,False,False
GRN,False,True,False,False
GRPEL1,True,False,False,False
GRPEL2,True,False,False,False
GRTP1,False,True,False,False
GRWD1,False,False,True,False
GSAP,False,True,False,False
GSE1,False,False,False,True
GSK3B,True,False,False,False
GSKIP,True,False,True,False
GSN,False,True,False,False
GSPT1,False,False,True,False
GSPT2,True,False,False,False
GSR,False,False,True,False
GSS,False,True,True,False
GSTA4,False,True,False,True
GSTCD,False,False,True,False
GSTK1,False,True,False,True
GSTM2,False,True,False,False
GSTO1,False,True,False,False
GSTP1,False,True,False,False
GSTT1,False,True,False,False
GSTZ1,False,True,True,False
GTDC2,False,True,False,False
GTF2A1,True,False,True,False
GTF2A2,False,False,True,False
GTF2B,True,False,True,False
GTF2E1,False,False,True,False
GTF2E2,True,False,True,False
GTF2F1,True,False,False,False
GTF2F2,False,False,True,False
GTF2H2,False,False,True,False
GTF2H2B,False,True,False,False
GTF2H2C,False,False,True,False
GTF2H3,False,False,True,False
GTF2H4,False,False,True,False
GTF2H5,False,True,False,False
GTF2I,False,True,False,False
GTF2IRD1,True,False,False,False
GTF2IRD2B,False,False,False,True
GTF3C2,False,True,False,False
GTF3C3,False,False,True,False
GTF3C4,True,False,False,False
GTF3C6,False,False,True,False
GTPBP1,True,False,True,False
GTPBP10,True,False,False,False
GTPBP4,False,False,True,False
GTPBP8,False,False,True,False
GTSE1,False,True,True,False
GUCA1A,False,True,False,False
GUCA1B,True,False,False,False
GUCD1,False,True,False,False
GUCY1A2,True,False,False,False
GUF1,False,False,True,False
GUK1,True,False,False,False
GUSB,False,True,True,False
GXYLT1,False,True,False,False
GYG1,True,False,True,False
GYG2,False,True,False,False
GYPC,True,False,False,False
GZF1,True,False,False,False
GZMM,False,False,False,True
H1-0,False,False,True,False
H1-2,False,False,True,False
H19,False,True,False,False
H1FX,False,True,False,False
H2AC13,False,False,True,False
H2AC14,False,False,True,False
H2AC16,False,False,True,False
H2AC17,False,False,True,False
H2AC7,False,False,True,False
H2AFV,False,True,False,False
H2AFX,False,True,False,False
H2AFY,False,True,False,False
H2AFY2,False,True,False,False
H2AFZ,False,True,False,False
H2AJ,False,False,True,False
H2AX,False,False,True,False
H2AZ1,False,False,True,False
H2AZ2,False,False,True,False
H2BC13,False,False,True,False
H2BC15,False,False,True,False
H2BC17,False,False,True,False
H2BC5,False,False,True,False
H3C4,False,False,True,False
H3F3B,True,False,False,False
H4C14,False,False,True,False
H4C15,False,False,True,False
H4C8,False,False,True,False
H6PD,False,True,False,True
HABP4,True,False,False,True
HACD3,False,False,True,False
HACL2,False,False,True,False
HADH,False,False,True,False
HAGHL,False,False,False,True
HAPLN1,False,True,False,False
HAPLN2,False,True,False,False
HAPLN3,True,False,False,False
HARS1,False,False,True,False
HARS2,True,False,False,False
HAS1,True,False,False,False
HASPIN,False,False,True,False
HAT1,False,True,True,False
HAUS1,False,True,True,False
HAUS4,False,True,False,False
HAUS5,False,True,False,False
HAUS6,False,True,True,False
HAUS7,False,True,False,False
HAUS8,False,True,True,False
HAVCR2,False,True,True,False
HAX1,True,False,True,False
HBEGF,True,False,False,True
HBP1,True,False,False,False
HBS1L,True,False,True,False
HCCS,False,False,True,False
HCFC1,False,True,False,False
HCFC2,True,False,True,False
HCG18,False,True,False,False
HCK,True,False,False,False
HCN1,False,True,False,False
HCN2,True,False,False,False
HCN3,False,True,False,True
HCN4,True,False,False,False
HCST,False,False,False,True
HDAC10,True,False,False,False
HDAC2,False,False,True,False
HDAC3,False,False,False,True
HDAC5,True,False,False,False
HDAC8,False,True,True,False
HDAC9,True,False,False,False
HDDC2,False,True,False,False
HDGF,False,True,False,False
HDGFL3,False,False,False,True
HDGFRP2,True,False,False,False
HDLBP,True,False,True,False
HDLBP-AS1,False,False,True,False
HEATR2,False,True,False,False
HEATR3,False,False,True,False
HEATR5B,False,False,False,True
HEATR9,False,False,False,True
HECA,True,False,False,True
HECTD3,False,False,True,False
HECTD4,True,False,False,True
HEG1,True,False,False,False
HELB,True,False,True,False
HELLS,False,True,True,False
HELQ,True,False,False,False
HELZ,True,False,False,False
HELZ2,True,False,True,False
HEMK1,False,True,False,False
HEPACAM2,False,False,True,False
HEPH,False,True,False,False
HERC1,True,False,False,False
HERC2,True,False,False,False
HERC2P3,True,False,False,False
HERC2P7,False,True,False,False
HERC4,True,False,False,False
HERC5,True,False,True,False
HERC6,False,False,True,False
HERPUD1,True,False,False,False
HERPUD2,True,False,False,True
HES1,True,False,False,False
HES4,False,True,True,False
HES5,False,True,False,False
HES6,False,True,False,True
HESX1,False,False,True,False
HEXA,False,True,False,False
HEXDC,False,True,False,False
HEXIM1,True,False,False,False
HEY1,True,False,False,True
HEY2,False,False,False,True
HFM1,False,True,False,False
HGSNAT,False,True,False,True
HHAT,False,True,False,False
HHIP,True,False,False,False
HIAT1,True,False,False,False
HIATL1,False,True,False,False
HIBADH,True,False,False,False
HIBCH,False,True,True,False
HIC1,False,False,False,True
HIC2,True,False,False,False
HID1,True,False,True,False
HIF1AN,False,True,False,False
HIF3A,False,True,False,False
HIGD1A,False,False,True,False
HIGD2A,False,True,False,False
HIKESHI,False,False,True,False
HILPDA,False,True,False,False
HINFP,True,False,True,False
HINT2,False,False,True,False
HINT3,True,False,False,False
HIP1,False,True,False,False
HIPK1,True,False,False,False
HIPK2,False,True,False,False
HIRA,True,False,False,False
HIRIP3,False,True,True,False
HIST1H1C,True,True,False,False
HIST1H1D,False,True,False,False
HIST1H1E,True,True,False,False
HIST1H2AC,True,False,False,False
HIST1H2BD,True,False,False,False
HIST1H2BH,False,True,False,False
HIST1H2BN,True,False,False,False
HIST1H4D,False,True,False,False
HIST1H4E,False,True,False,False
HIST2H2BC,True,False,False,False
HIST2H2BE,False,True,False,False
HIST2H2BF,True,False,False,False
HIVEP1,True,False,False,False
HIVEP2,True,False,False,True
HJURP,False,True,True,False
HK1,True,False,False,False
HK2,False,True,False,False
HKR1,False,True,False,False
HLA-A,False,True,False,False
HLA-C,False,True,False,False
HLA-DMA,False,False,False,True
HLA-DMB,False,False,False,True
HLA-DOA,False,False,False,True
HLA-DOB,False,False,False,True
HLA-DPA1,False,False,False,True
HLA-DPB1,False,False,False,True
HLA-DQA1,False,False,False,True
HLA-DQB1,False,False,False,True
HLA-DRA,False,False,False,True
HLA-DRB1,False,False,False,True
HLA-E,False,True,False,True
HLCS,False,True,False,False
HLTF,False,False,True,False
HM13,True,False,True,False
HMBOX1,True,False,False,True
HMBS,False,True,True,False
HMCES,False,False,True,False
HMG20B,False,True,False,False
HMGA1,False,True,False,False
HMGA2,False,True,False,False
HMGB1,False,True,True,False
HMGB2,False,True,True,False
HMGB3,False,True,True,False
HMGCL,False,False,True,False
HMGCR,True,False,False,False
HMGCS1,True,False,True,False
HMGN2,False,True,True,False
HMGN3,False,True,False,False
HMGN4,False,True,False,False
HMGN5,False,False,True,False
HMGXB3,False,False,True,False
HMGXB4,False,True,True,False
HMHA1,True,False,False,False
HMMR,False,True,True,False
HMOX1,False,True,False,False
HN1,False,True,False,False
HN1L,False,True,False,False
HNRNPA0,False,True,False,True
HNRNPA1,False,True,False,False
HNRNPA2B1,False,True,True,False
HNRNPA3,False,True,True,False
HNRNPAB,False,True,True,False
HNRNPD,False,True,True,False
HNRNPF,False,True,True,False
HNRNPH1,False,False,True,False
HNRNPH2,False,True,False,False
HNRNPLL,False,False,True,False
HNRNPM,False,True,False,False
HNRNPR,False,True,True,False
HNRNPU,False,True,False,False
HNRNPU-AS1,False,True,False,False
HNRNPUL2-BSCL2,True,False,False,False
HNRPDL,False,True,False,False
HNRPLL,True,False,False,False
HOMER1,True,False,False,False
HOMER3,False,True,False,True
HOMEZ,False,False,True,False
HOOK1,True,False,False,False
HOOK3,True,False,False,False
HOPX,False,False,False,True
HOXA4,False,False,False,True
HOXA5,False,False,False,True
HOXB2,False,False,False,True
HOXC4,False,False,False,True
HP,False,False,True,False
HP1BP3,False,True,False,True
HPCAL4,True,False,False,True
HPDL,False,True,True,False
HPF1,False,False,True,False
HPRT1,False,False,True,False
HPS1,False,True,False,False
HPS5,False,False,True,False
HPX,True,False,False,False
HRAS,False,False,True,False
HRH4,False,False,False,True
HRK,False,False,False,True
HROB,False,False,True,False
HS2ST1,False,True,True,False
HS3ST2,False,True,False,False
HS3ST3A1,True,False,False,False
HS3ST3B1,True,False,False,True
HS6ST1,False,False,False,True
HSBP1,False,True,False,False
HSCB,False,False,True,False
HSD11B1L,False,False,False,True
HSD17B10,False,False,True,False
HSD17B11,False,False,False,True
HSD17B12,True,False,True,False
HSD17B14,True,False,False,False
HSD17B6,False,False,True,False
HSD17B7,True,False,True,False
HSD17B7P2,True,False,False,False
HSD17B8,False,True,False,False
HSD3B7,False,False,True,False
HSDL2,False,True,False,False
HSF1,True,False,False,False
HSF2,True,False,False,False
HSP90AA1,False,True,True,False
HSP90B1,True,False,True,False
HSPA13,True,False,True,False
HSPA14,True,False,True,False
HSPA2,False,True,False,False
HSPA4,True,False,True,False
HSPA4L,True,False,False,False
HSPA5,True,False,True,False
HSPA6,True,False,False,False
HSPA8,False,True,False,False
HSPA9,True,False,True,False
HSPB1,True,False,False,False
HSPB11,False,True,False,False
HSPB8,True,False,False,False
HSPD1,False,False,True,False
HSPE1,False,False,True,False
HSPG2,False,True,False,False
HSPH1,False,False,True,False
HTATSF1P2,False,True,False,False
HTR3A,False,False,False,True
HTR7P1,False,True,False,False
HTRA1,False,True,False,True
HTRA4,False,True,False,False
HUNK,False,True,False,False
HUS1,True,False,False,False
HUWE1,True,False,False,False
HVCN1,False,False,False,True
HYAL1,False,True,False,False
HYAL2,False,True,False,False
HYCC1,False,False,True,False
HYI,False,False,True,False
HYOU1,True,False,True,False
HYPK,False,False,True,False
IARS,True,False,False,False
IARS1,False,False,True,False
IBTK,True,False,True,False
ICAM1,True,False,False,False
ICAM2,False,True,True,False
ICMT,False,True,True,False
ICOSLG,False,False,False,True
ID2,True,False,False,False
ID4,False,True,False,False
IDE,True,False,True,False
IDH1,False,False,True,False
IDH2,False,True,True,False
IDH3A,True,False,True,False
IDH3B,False,True,False,False
IDI1,True,False,False,False
IDO1,True,False,True,False
IDS,True,False,False,True
IDUA,False,True,False,False
IER2,False,True,False,False
IER3,True,False,False,False
IER3IP1,False,True,True,False
IER5,True,False,False,False
IER5L,True,False,False,False
IFFO2,True,False,False,True
IFI16,False,False,True,False
IFI27,True,False,True,False
IFI27L1,False,True,True,False
IFI27L2,False,False,True,False
IFI35,True,False,True,False
IFI44,False,True,True,False
IFI44L,False,False,True,False
IFI6,True,False,True,False
IFIH1,True,False,True,False
IFIT1,True,False,True,False
IFIT2,True,False,True,False
IFIT3,True,False,True,False
IFIT5,False,False,True,False
IFITM1,True,False,True,False
IFITM2,False,True,False,False
IFITM3,False,False,True,False
IFNAR1,False,True,True,False
IFNAR2,False,False,True,False
IFNB1,True,False,False,False
IFNGR1,False,True,False,False
IFNL1,False,False,False,True
IFNLR1,False,False,True,False
IFRD1,True,False,False,False
IFT140,False,False,False,True
IFT172,True,False,False,False
IFT25,False,False,True,False
IFT70A,False,False,True,False
IFT70B,False,False,True,False
IFT74,False,False,True,False
IFT81,False,True,False,False
IFT88,False,True,False,True
IGDCC3,False,True,False,False
IGDCC4,False,True,False,False
IGF1,False,False,True,False
IGF1R,False,False,False,True
IGF2,False,True,False,False
IGF2BP1,False,True,False,False
IGF2BP3,False,True,True,False
IGF2R,True,False,False,False
IGFBP2,False,True,True,False
IGFBP3,False,False,False,True
IGFBP4,False,True,False,False
IGFBP5,False,True,False,False
IGFBP6,False,False,False,True
IGFBPL1,False,True,False,False
IGHMBP2,True,False,False,False
IGIP,True,False,False,False
IGLL1,False,False,True,False
IGLL5,False,False,True,False
IGLON5,False,True,False,False
IGSF1,True,False,False,False
IGSF11,False,True,False,False
IGSF3,False,True,False,False
IGSF8,False,True,True,False
IGSF9,False,True,True,False
IK,True,False,False,False
IKBIP,False,False,True,False
IKBKB,False,True,False,False
IKBKE,False,False,True,False
IKZF1,False,False,False,True
IKZF5,True,False,False,False
IL10,False,False,True,False
IL10RA,False,False,False,True
IL10RB,False,True,False,False
IL11RA,False,True,False,False
IL12A,False,False,True,False
IL13RA1,False,True,False,False
IL15RA,True,False,True,False
IL16,False,False,False,True
IL17RD,False,True,False,False
IL18BP,False,False,False,True
IL1RL1,False,False,True,False
IL20RB,True,False,False,False
IL21R-AS1,False,True,False,False
IL23A,False,False,False,True
IL24,False,False,False,True
IL27,True,False,True,False
IL2RB,False,False,False,True
IL32,True,False,False,False
IL4I1,False,False,True,False
IL5RA,False,False,False,True
IL6ST,True,False,True,False
IL9R,False,False,False,True
ILDR1,False,False,True,False
ILDR2,False,False,True,False
ILF2,False,False,True,False
ILF3,False,True,False,False
ILF3-AS1,False,True,False,False
ILK,True,False,False,False
ILKAP,True,False,False,False
IMMP1L,False,False,True,False
IMMT,False,True,False,False
IMP4,True,False,True,False
IMPA1,True,False,True,False
IMPA2,False,True,False,False
INAVA,False,False,True,False
INCA1,False,True,False,False
INCENP,False,True,True,False
INF2,False,True,False,False
ING1,True,False,False,False
ING2,True,False,False,False
ING3,False,True,False,False
ING4,False,True,False,True
ING5,False,True,False,True
INHBB,False,True,False,False
INHBE,True,False,False,False
INO80,False,False,False,True
INO80C,False,True,True,False
INO80D,True,False,False,False
INO80E,False,False,False,True
INPP1,True,False,True,False
INPP4A,True,False,False,False
INPP4B,True,False,False,True
INPP5A,True,False,False,False
INPP5B,True,False,False,False
INPP5E,True,False,False,True
INPP5F,False,True,False,False
INPP5J,True,False,False,False
INPP5K,False,False,False,True
INSIG1,True,False,False,False
INSIG2,False,False,True,False
INTS12,True,False,True,False
INTS13,False,False,True,False
INTS14,False,False,True,False
INTS15,False,False,False,True
INTS4,False,False,True,False
INTS7,False,True,True,False
INTS9,False,True,False,False
IP6K2,False,True,False,False
IPMK,True,False,False,False
IPO11,False,False,True,False
IPO13,True,False,False,False
IPO4,False,False,True,False
IPO8,False,True,False,False
IPO9,False,True,True,False
IPP,False,True,False,False
IPPK,False,False,True,False
IQCB1,False,True,True,False
IQCC,False,True,False,False
IQCD,False,True,False,False
IQGAP1,False,True,False,False
IQGAP2,False,True,False,False
IQGAP3,False,True,True,False
IRAK1,False,True,False,False
IRAK1BP1,False,True,False,False
IRAK2,True,False,False,False
IRF1,True,False,False,False
IRF2,True,False,False,False
IRF2BP1,True,False,False,False
IRF2BP2,True,False,False,True
IRF2BPL,True,False,False,False
IRF4,False,False,True,False
IRF7,True,False,True,False
IRF8,True,False,False,False
IRGM,False,False,False,True
IRS1,True,False,False,False
IRS2,True,False,False,False
IRS4,False,True,False,False
IRX2,True,False,False,False
IRX5,True,False,False,False
ISCA1,False,False,False,True
ISCA2,False,False,True,False
ISCU,True,False,False,False
ISG15,True,True,True,False
ISG20,True,False,True,False
ISG20L2,True,False,False,False
ISLR2,True,False,False,False
ISM1,False,False,False,True
ISOC1,False,False,True,False
ISOC2,False,False,True,False
IST1,True,False,False,False
ISY1,True,False,False,False
ITCH,True,False,False,False
ITFG1,False,False,True,False
ITFG2,False,True,False,True
ITFG3,False,True,False,False
ITGA3,True,False,True,False
ITGA6,False,True,False,False
ITGA7,False,True,True,False
ITGA8,True,False,True,False
ITGA9,False,True,False,False
ITGAL,True,False,False,True
ITGB1,False,True,False,False
ITGB1BP1,False,True,False,False
ITGB3BP,False,True,True,False
ITGB5,False,True,False,False
ITGB7,False,False,True,False
ITGB8,False,True,False,True
ITIH5,False,True,False,False
ITK,False,False,False,True
ITLN1,False,False,False,True
ITM2A,False,True,False,False
ITM2C,False,False,True,False
ITPKB,False,False,False,True
ITPKC,True,False,False,False
ITPR1,True,False,False,False
ITPR3,False,True,False,False
ITPRIPL2,True,False,True,False
ITSN1,False,True,False,False
ITSN2,True,False,False,False
IVD,True,False,False,False
IVNS1ABP,False,True,False,False
IWS1,False,False,True,False
IZUMO4,False,True,False,True
JADE1,False,False,False,True
JADE2,False,False,False,True
JAG1,True,False,False,False
JAK1,True,False,False,True
JAK2,True,False,True,False
JAK3,True,False,False,False
JAKMIP1,False,False,False,True
JAKMIP2,True,False,False,False
JAM2,False,True,False,False
JAM3,False,True,False,False
JAML,False,True,False,False
JARID2,True,False,False,False
JAZF1,True,False,False,True
JCHAIN,False,False,True,False
JDP2,True,False,False,False
JHDM1D,True,False,False,False
JKAMP,False,True,False,False
JMJD1C,True,False,False,False
JMJD4,False,False,True,False
JMJD6,True,False,False,False
JMY,True,False,False,False
JOSD1,False,False,False,True
JPH4,False,False,True,False
JPT1,False,False,True,False
JRK,False,True,False,False
JSRP1,False,False,True,False
JUN,False,True,False,False
JUNB,False,True,False,False
JUND,False,False,False,True
JUP,False,False,True,False
KAL1,False,True,False,False
KANK1,False,True,True,False
KANK2,False,True,False,False
KANK3,False,False,False,True
KANSL1,False,False,False,True
KANSL2,True,False,False,False
KARS,True,False,False,False
KARS1,False,False,True,False
KAT2A,False,True,False,False
KAT2B,True,False,False,False
KAT6A,True,False,False,True
KAT6B,False,False,False,True
KAT7,False,False,False,True
KATNAL2,False,True,False,False
KAZALD1,False,False,True,False
KAZN,True,False,False,True
KBTBD4,False,True,False,False
KBTBD6,True,False,False,False
KBTBD7,True,False,False,False
KC6,False,True,False,False
KCMF1,True,False,False,False
KCNA2,False,False,True,False
KCNA3,True,False,False,False
KCNA6,False,False,False,True
KCNAB1,True,False,False,False
KCNAB3,False,True,False,False
KCNB1,True,False,False,False
KCNC3,False,False,False,True
KCNC4,False,False,False,True
KCND1,True,False,False,False
KCNE2,True,False,False,False
KCNE3,False,True,False,False
KCNG1,True,False,False,True
KCNH2,False,False,False,True
KCNH3,False,False,False,True
KCNH7,True,False,False,False
KCNH8,False,False,False,True
KCNIP2,False,False,False,True
"KCNJ12,KCNJ18",False,True,False,False
KCNJ2,True,False,False,False
KCNJ2-AS1,False,True,False,False
KCNJ4,True,False,False,False
KCNJ5,True,False,False,False
KCNJ9,True,False,False,False
KCNK1,False,True,False,False
KCNK10,False,True,False,False
KCNK13,False,False,True,False
KCNK2,False,True,False,False
KCNK3,True,False,False,False
KCNN2,True,False,False,False
KCNN3,False,False,True,False
KCNQ1,False,False,False,True
KCNQ1OT1,False,True,False,False
KCNQ2,False,True,False,False
KCNT2,True,False,False,False
KCP,False,False,True,False
KCTD1,True,False,True,False
KCTD12,False,True,False,False
KCTD15,False,False,False,True
KCTD16,True,False,False,False
KCTD17,False,True,False,False
KCTD19,False,False,True,False
KCTD3,True,False,True,False
KCTD5,True,False,False,False
KCTD6,True,False,False,False
KCTD7,False,True,False,True
KCTD8,True,False,False,False
KCTD9,True,False,False,False
KDELC2,False,True,False,False
KDELR1,True,False,True,False
KDELR2,True,False,True,False
KDF1,False,False,False,True
KDM1A,False,False,True,False
KDM2B,False,False,False,True
KDM3A,True,False,False,True
KDM4A,True,False,True,False
KDM4B,True,False,False,False
KDM4C,False,False,False,True
KDM5A,True,False,False,False
KDM5B,True,False,False,False
KDM5D,True,False,False,False
KDM6A,True,False,False,False
KDM6B,True,False,False,False
KDM8,False,True,False,False
KEAP1,False,False,True,False
KEL,False,True,False,False
KGD4,False,False,True,False
KHDC1,False,False,True,False
KHSRP,False,True,False,False
KIAA0040,False,False,True,False
KIAA0100,False,True,False,False
KIAA0101,False,True,False,False
KIAA0141,False,True,False,False
KIAA0146,False,True,False,False
KIAA0195,False,True,False,False
KIAA0232,True,False,False,True
KIAA0319,True,False,False,True
KIAA0355,True,False,False,False
KIAA0513,True,False,False,False
KIAA0753,False,False,False,True
KIAA0825,True,False,False,False
KIAA0895L,False,True,False,False
KIAA0922,False,True,False,False
KIAA1009,False,True,False,False
KIAA1033,True,False,False,False
KIAA1107,True,False,False,False
KIAA1143,False,True,False,False
KIAA1147,False,True,False,False
KIAA1191,False,False,False,True
KIAA1244,True,False,False,False
KIAA1328,False,False,False,True
KIAA1407,False,True,False,False
KIAA1429,True,False,False,False
KIAA1430,True,False,False,False
KIAA1432,True,False,False,False
KIAA1456,False,True,False,False
KIAA1468,True,False,False,False
KIAA1522,True,False,False,False
KIAA1524,False,True,False,False
KIAA1549L,False,True,False,False
KIAA1586,False,False,True,False
KIAA1598,False,True,False,False
KIAA1609,False,True,False,False
KIAA1671,True,False,False,False
KIAA1683,True,False,False,False
KIAA1715,True,False,False,False
KIAA1755,False,True,False,False
KIAA1841,False,True,False,False
KIAA1958,False,False,True,False
KIAA1967,False,True,False,False
KIAA2013,False,True,False,False
KIAA2018,True,False,False,False
KIAA2022,True,False,False,False
KIAA2026,True,False,False,False
KIDINS220,True,False,False,False
KIF11,False,True,True,False
KIF13B,False,False,True,False
KIF14,False,True,True,False
KIF15,False,True,True,False
KIF18A,False,False,True,False
KIF18B,False,True,True,False
KIF19,False,True,False,False
KIF1A,True,False,False,False
KIF1B,False,False,True,False
KIF20A,False,True,True,False
KIF20B,False,False,True,False
KIF21A,True,False,False,False
KIF22,False,True,True,False
KIF23,False,True,True,False
KIF24,False,True,True,False
KIF26A,True,False,False,False
KIF26B,True,False,True,False
KIF2A,True,False,False,False
KIF2C,False,True,True,False
KIF3A,True,False,False,False
KIF4A,False,True,True,False
KIF5A,True,False,False,True
KIF5B,True,False,False,False
KIFAP3,True,False,True,False
KIFBP,False,False,True,False
KIFC1,False,True,True,False
KIFC3,True,False,False,False
KIN,False,False,True,False
KIR3DL2,False,False,False,True
KIT,False,True,False,True
KITLG,False,True,False,False
KIZ,False,False,False,True
KLC1,False,False,True,False
KLC2,True,False,False,False
KLF10,True,False,False,True
KLF11,False,False,False,True
KLF12,True,False,False,True
KLF13,False,False,False,True
KLF15,True,False,False,False
KLF16,False,False,False,True
KLF2,False,False,False,True
KLF3,True,False,False,True
KLF4,True,True,False,False
KLF5,True,False,False,False
KLF6,False,True,False,False
KLF7,True,False,False,False
KLF8,False,False,False,True
KLF9,False,False,False,True
KLHDC1,True,False,False,False
KLHDC10,True,False,False,False
KLHDC2,True,False,False,False
KLHDC3,False,True,False,False
KLHDC7A,False,False,False,True
KLHDC8A,False,True,False,False
KLHDC8B,True,False,False,False
KLHDC9,False,True,False,False
KLHL11,True,False,False,False
KLHL12,False,True,True,False
KLHL14,False,True,True,False
KLHL15,True,False,False,False
KLHL2,True,False,False,False
KLHL21,True,False,False,False
KLHL22,False,False,False,True
"KLHL23,PHOSPHO2-KLHL23",False,True,False,False
KLHL24,True,False,False,False
KLHL26,True,False,False,False
KLHL28,True,False,False,True
KLHL29,True,False,False,False
KLHL3,False,False,False,True
KLHL35,False,True,False,False
KLHL36,True,False,False,True
KLRB1,False,False,False,True
KLRC2,False,False,False,True
KLRC3,False,False,False,True
KLRG1,False,True,False,False
KLRK1,False,False,False,True
KMT2A,False,False,False,True
KMT2E,False,False,False,True
KNDC1,False,False,False,True
KNL1,False,False,True,False
KNOP1,False,False,True,False
KNSTRN,False,True,True,False
KNTC1,False,True,True,False
KPNA1,True,False,False,False
KPNA2,False,True,True,False
KPNA4,True,False,False,False
KPNA5,True,False,False,False
KPNA6,True,False,False,False
KPNB1,False,True,True,False
KPTN,False,True,True,False
KRABD3,False,False,False,True
KRI1,True,False,False,False
KRIT1,False,True,False,False
KRT19,False,True,False,False
KRT72,False,False,False,True
KRT73,False,False,False,True
KRT81,False,False,False,True
KRT86,False,False,False,True
KRTAP5-2,False,False,False,True
KSR2,True,False,False,False
KTN1,True,False,False,False
KXD1,False,True,False,False
L1CAM,True,False,False,True
L1TD1,False,False,True,False
L3MBTL2,False,False,True,False
LACC1,False,True,False,False
LACTB,True,False,False,False
LACTB2,False,False,True,False
LAG3,True,False,True,False
LAGE3,False,False,True,False
LAMA1,False,True,False,False
LAMA2,False,True,False,False
LAMA4,False,True,False,False
LAMB1,False,True,False,False
LAMB2,False,True,False,False
LAMC1,False,True,True,False
LAMP2,False,True,False,False
LAMP3,False,False,True,False
LAMTOR2,False,False,True,False
LAMTOR3,False,False,True,False
LAMTOR4,False,True,False,False
LAMTOR5,False,False,True,False
LANCL1,False,True,False,False
LANCL2,False,True,True,False
LAP3,True,False,True,False
LAP3P2,True,False,False,False
LAPTM4B,False,True,False,False
LAPTM5,False,False,False,True
LARGE2,False,False,False,True
LARP1,True,False,True,False
LARP1B,True,False,True,False
LARP4,True,False,True,False
LARP4B,True,False,False,False
LARP6,True,False,False,False
LARP7,False,True,True,False
LARS2,False,True,True,False
LAS1L,False,True,True,False
LASP1,False,True,False,False
LAT,False,False,False,True
LATS1,True,False,False,False
LATS2,True,False,False,False
LAX1,False,False,True,False
LBH,False,False,False,True
LBR,False,True,True,False
LCA5,True,False,False,False
LCK,False,False,False,True
LCLAT1,True,False,False,False
LCMT1,True,False,False,False
LCMT2,False,True,False,False
LCN10,False,False,False,True
LCOR,True,False,False,False
LCORL,False,False,True,False
LDAH,False,False,True,False
LDB1,False,False,False,True
LDB2,False,False,False,True
LDHA,False,True,True,False
LDHB,False,True,False,False
LDLR,True,False,True,False
LDLRAD3,False,True,False,False
LDLRAD4,True,False,False,True
LDLRAP1,False,True,False,False
LDOC1,False,False,False,True
LEFTY2,False,False,True,False
LEMD3,True,False,False,False
LENG8,False,True,False,False
LEO1,False,False,True,False
LEPR,True,False,False,False
LEPRE1,True,False,False,False
LEPREL1,True,False,False,False
LEPREL4,False,True,False,False
LEPROT,False,True,False,False
LETM1,False,False,True,False
LETMD1,False,True,False,True
LFNG,False,True,False,False
LGALS1,False,False,True,False
LGALS3BP,False,True,True,False
LGALS9,True,False,False,False
LGALS9B,False,False,False,True
LGALS9C,False,False,False,True
LGI1,False,True,False,False
LGMN,False,False,True,False
LGR4,True,False,False,True
LGR6,False,False,False,True
LHFP,True,False,False,False
LHFPL2,False,True,True,False
LHFPL4,True,False,False,False
LHPP,False,True,False,False
LIF,True,False,False,False
LIG1,False,True,True,False
LIG3,False,False,True,False
LIG4,True,False,True,False
LILRB4,False,False,True,False
LIMA1,False,True,False,False
LIMCH1,True,False,False,False
LIMD1,False,True,True,False
LIMD2,False,True,False,True
LIMK2,True,False,False,False
LIMS1,True,False,False,False
LIMS2,False,True,False,True
LIN37,True,False,False,False
LIN52,False,False,True,False
LIN54,True,False,False,False
LIN7A,True,False,False,False
LIN7B,True,False,False,False
LIN7C,True,False,True,False
LIN9,False,False,True,False
LINC00173,False,True,False,False
LINC00263,False,True,False,False
LINC00339,False,True,False,False
LINC00340,True,False,False,False
LINC00441,False,True,False,False
LINC00472,False,True,False,False
LINC00526,False,True,False,False
LINC00535,False,True,False,False
LINC00565,False,True,False,False
LINC00599,False,True,False,False
LINC00641,False,True,False,False
LINC00643,False,True,False,False
LINC00648,False,True,False,False
LINC00667,False,True,False,False
LINC01857,False,True,False,False
LINC02901,False,False,True,False
LINC03034,False,False,True,False
LINC03105,False,False,True,False
LINGO1,False,True,False,False
LINGO2,False,False,False,True
LINGO3,False,True,False,False
LINS,True,False,False,False
LIPA,False,True,False,False
LIPE,False,False,False,True
LIPG,True,False,False,False
LIPT2,False,False,False,True
LITAF,False,False,False,True
LIX1,False,True,False,False
LIX1L,True,False,False,False
LLGL1,False,True,False,True
LLGL2,False,False,False,True
LLPH,False,True,False,False
LMAN1,True,False,True,False
LMAN2,False,False,True,False
LMBRD2,True,False,True,False
LMNA,True,False,False,False
LMNB1,False,True,True,False
LMNB2,False,True,True,False
LMO3,False,True,False,False
LMO4,True,False,True,False
LMTK2,True,False,False,False
LMTK3,True,False,False,True
LNP1,False,False,True,False
LNPEP,True,False,False,False
LOC100128252,False,True,False,False
LOC100128288,False,True,False,False
LOC100128338,False,True,False,False
LOC100128822,False,True,False,False
LOC100129726,False,True,False,False
LOC100129794,False,True,False,False
LOC100129961,False,True,False,False
LOC100130155,False,True,False,False
LOC100131089,False,True,False,False
LOC100131434,False,True,False,False
LOC100131564,False,True,False,False
LOC100132077,False,True,False,False
LOC100132352,False,True,False,False
LOC100133315,False,True,False,False
LOC100134868,False,True,False,False
LOC100216545,False,True,False,False
LOC100216546,False,True,False,False
LOC100268168,False,True,False,False
LOC100270746,False,True,False,False
LOC100272228,False,True,False,False
LOC100287015,False,True,False,False
LOC100287042,False,True,False,False
LOC100288069,True,False,False,False
LOC100288637,False,True,False,False
LOC100289230,False,True,False,False
LOC100294145,False,True,False,False
LOC100294362,False,True,False,False
LOC100505648,False,True,False,False
LOC100505687,True,False,False,False
LOC100505738,False,True,False,False
LOC100505876,False,True,False,False
LOC100506054,False,True,False,False
LOC100506123,False,True,False,False
LOC100506190,False,True,False,False
LOC100506233,False,True,False,False
LOC100506274,False,True,False,False
LOC100506469,False,True,False,False
LOC100506548,False,True,False,False
LOC100506714,False,True,False,False
LOC100506730,False,True,False,False
LOC100506990,False,True,False,False
LOC100507032,False,True,False,False
LOC100507053,False,True,False,False
LOC100507217,True,False,False,False
LOC100507250,False,True,False,False
LOC100507634,False,True,False,False
LOC100527964,False,True,False,False
LOC100862671,False,True,False,False
LOC100996318,False,False,True,False
LOC100996720,False,False,False,True
LOC101927506,False,False,False,True
LOC101928212,False,False,True,False
LOC102723407,False,False,True,False
LOC102723475,False,False,True,False
LOC102723534,False,False,True,False
LOC102724250,False,False,False,True
LOC102724642,False,False,True,False
LOC102724843,False,False,True,False
LOC102724971,False,False,True,False
LOC107984974,False,False,False,True
LOC112267968,False,False,True,False
LOC112268102,False,False,False,True
LOC112268354,False,False,True,False
LOC115110,True,False,False,False
LOC143666,False,True,False,False
LOC144486,False,True,False,False
LOC145845,False,True,False,False
LOC146880,False,True,False,False
LOC149134,False,True,False,False
LOC150776,True,False,False,False
LOC152217,False,True,False,False
LOC155060,False,True,False,False
LOC158696,False,True,False,False
LOC202181,False,True,False,False
LOC202781,False,True,False,False
LOC220729,False,True,False,False
LOC253039,False,True,False,False
LOC282997,False,True,False,False
LOC283177,False,True,False,False
LOC283731,False,True,False,False
LOC283761,False,True,False,False
LOC284023,False,True,False,False
LOC284385,False,True,False,False
LOC284581,False,True,False,False
LOC285074,True,False,False,False
LOC285593,True,False,False,False
LOC338758,False,True,False,False
LOC338799,False,True,False,False
LOC344595,False,True,False,False
LOC389765,True,False,False,False
LOC389895,False,True,False,False
LOC389906,False,True,False,False
LOC399744,True,False,False,False
LOC400027,False,True,False,False
LOC400043,False,True,False,False
LOC400657,False,True,False,False
LOC400927,False,True,False,False
LOC400940,False,True,False,False
LOC401052,False,True,False,False
LOC401127,True,False,False,False
LOC401320,False,True,False,False
LOC401321,False,True,False,False
LOC401397,False,True,False,False
LOC440288,False,True,False,False
LOC440354,True,False,False,False
LOC440905,False,True,False,False
LOC441666,False,True,False,False
LOC493754,True,False,False,False
LOC550643,True,False,False,False
LOC595101,True,False,False,False
LOC613037,True,False,False,False
LOC619207,False,True,False,False
LOC642846,False,True,False,False
LOC642852,False,True,False,False
LOC643401,False,True,False,False
LOC643406,False,True,False,False
LOC644634,False,False,False,True
LOC644656,False,True,False,False
LOC645166,False,True,False,False
LOC645212,False,True,False,False
LOC646168,False,True,False,False
LOC646719,False,True,False,False
LOC646903,False,True,False,False
LOC650368,False,True,False,False
LOC652276,True,False,False,False
LOC728613,False,True,False,False
LOC728730,True,False,False,False
LOC729013,False,True,False,False
LOC729683,False,True,False,False
LOC729737,True,False,False,False
LOC730101,False,True,False,False
LOC731275,True,False,False,False
LOC81691,False,True,False,False
LOC90784,False,True,False,False
LOC92249,False,True,False,False
LOC93432,True,False,False,False
LOC93622,False,True,False,False
LOC96610,False,True,False,False
LOH12CR1,True,False,False,False
LONP1,True,False,True,False
LONP2,True,False,True,False
LONRF1,True,False,False,False
LONRF2,True,False,False,False
LONRF3,True,False,False,False
LOXL1,False,True,False,False
LOXL2,False,True,False,False
LPAR2,False,True,False,False
LPAR4,False,True,False,False
LPCAT1,False,True,False,False
LPCAT2,False,True,False,False
LPCAT3,True,False,False,False
LPCAT4,True,False,False,False
LPHN2,False,True,False,False
LPIN1,True,False,False,False
LPIN3,False,False,True,False
LPL,False,True,False,False
LPP,True,False,False,False
LPPR1,True,False,False,False
LPPR4,True,False,False,False
LPPR5,True,False,False,False
LPXN,False,True,False,False
LRAT,False,True,False,False
LRCH1,True,False,False,False
LRCH2,True,False,False,False
LRCH4,True,False,False,False
LRFN2,True,False,False,False
LRFN3,False,True,False,True
LRFN4,False,True,False,False
LRIF1,True,False,False,False
LRIG1,False,True,False,True
LRIG2,True,False,False,False
LRIG3,True,False,False,False
LRMDA,False,False,False,True
LRP1,True,True,False,False
LRP1B,True,False,False,False
LRP4,False,True,False,False
LRP5,False,True,False,False
LRP8,False,False,True,False
LRPAP1,False,False,True,False
LRR1,False,True,True,False
LRRC1,True,False,False,True
LRRC10B,False,True,False,False
LRRC14,False,False,False,True
LRRC16B,True,False,False,False
LRRC20,False,True,True,False
LRRC23,False,True,False,False
LRRC25,False,True,False,False
LRRC29,False,True,False,False
LRRC3,False,True,False,False
LRRC32,False,False,False,True
LRRC33,False,True,False,False
LRRC37A3,False,True,False,False
LRRC37A4P,False,True,False,False
LRRC37B,True,False,False,True
LRRC37BP1,False,True,False,False
LRRC3C,False,False,False,True
LRRC4,False,True,False,False
LRRC40,False,False,True,False
LRRC41,False,False,True,False
LRRC42,False,False,True,False
LRRC43,False,True,False,True
LRRC47,True,False,False,False
LRRC48,False,True,False,False
LRRC56,False,False,False,True
LRRC58,True,False,True,False
LRRC59,False,False,True,False
LRRC75A,False,False,False,True
LRRC8A,False,True,False,False
LRRC8B,False,True,False,False
LRRC9,False,True,False,False
LRRCC1,False,True,True,False
LRRFIP2,True,False,False,False
LRRN1,False,True,False,False
LRRN2,False,True,False,False
LRRN3,True,False,False,False
LRRTM4,True,False,False,False
LRSAM1,True,False,False,False
LSAMP,False,True,False,False
LSM1,True,False,True,False
LSM10,True,False,False,False
LSM14A,True,False,False,True
LSM14B,True,False,False,False
LSM2,False,True,False,False
LSM3,False,True,True,False
LSM4,False,True,False,False
LSM5,False,True,True,False
LSM6,False,False,True,False
LSM7,False,True,True,False
LSS,False,True,False,False
LTAP1,False,False,True,False
LTB,False,False,False,True
LTBP1,False,True,False,False
LTBP2,False,False,False,True
LTBP3,False,False,False,True
LTBP4,False,True,False,True
LTC4S,False,False,False,True
LTN1,True,False,True,False
LTV1,False,False,True,False
LUC7L,True,False,False,False
LUC7L2,True,False,False,False
LUC7L3,False,True,False,False
LUM,False,True,False,False
LUST,True,False,False,False
LXN,False,False,True,False
LY6E,False,True,True,False
LY6G5B,False,True,False,False
LY9,False,False,False,True
LY96,False,True,False,False
LYAR,False,False,True,False
LYG1,True,False,False,False
LYNX1,False,False,False,True
LYPD2,False,False,False,True
LYPD3,False,False,False,True
LYPD5,False,False,True,False
LYPD6,False,True,False,False
LYPLA1,False,False,True,False
LYPLA2,False,True,False,False
LYPLAL1,False,True,False,False
LYRM1,False,True,False,False
LYRM2,False,True,False,False
LYRM5,False,True,False,False
LYRM7,False,True,False,False
LYRM9,False,False,False,True
LYSMD1,False,False,True,False
LYSMD3,True,False,True,False
LYSMD4,False,True,False,False
LYST,True,False,False,False
LYVE1,False,False,False,True
LZTS1,False,True,False,False
LZTS2,True,False,False,False
LZTS3,False,False,False,True
MAATS1,False,True,False,False
MAB21L2,True,False,False,False
MACC1,False,False,True,False
MACF1,False,False,False,True
MACIR,False,False,True,False
MACO1,False,False,True,False
MACROD2,True,False,False,False
MAD1L1,True,False,False,False
MAD2L1,False,True,True,False
MAD2L1BP,True,False,True,False
MADCAM1,False,False,False,True
MADD,True,False,False,True
MAFB,True,False,False,False
MAFF,True,False,False,False
MAFG,True,False,False,False
MAFG-AS1,False,True,False,False
MAGED1,False,False,True,False
MAGED2,True,False,True,False
MAGEE1,False,False,False,True
MAGEF1,False,True,False,False
MAGEH1,False,True,True,False
MAGEL2,True,False,False,False
MAGI2,True,False,False,False
MAGI3,True,False,False,False
MAGOHB,False,False,True,False
MAGT1,True,False,True,False
MAIP1,False,False,True,False
MAK,False,True,False,False
MAK16,True,False,False,False
MAL,False,False,False,True
MAL2,False,True,False,False
MALAT1,False,True,False,False
MALL,False,False,True,False
MALSU1,False,False,True,False
MALT1,True,False,False,False
MAMDC2,False,True,False,False
MAMDC4,False,True,False,False
MAML2,False,False,False,True
MAML3,False,True,False,False
MAMLD1,False,True,False,True
MAN1A1,False,False,True,False
MAN1A2,False,False,True,False
MAN1C1,False,False,False,True
MAN2A1,False,False,True,False
MAN2C1,False,True,False,False
MANBA,True,False,False,False
MANBAL,False,True,False,False
MANEA,False,True,True,False
MANF,True,False,True,False
MAP1B,True,False,False,False
MAP1LC3B,True,False,False,False
MAP2K1,True,False,False,False
MAP2K2,True,False,False,False
MAP2K3,False,True,False,False
MAP2K4,True,False,False,False
MAP2K5,True,False,False,True
MAP2K6,False,False,True,False
MAP3K1,True,False,False,False
MAP3K12,False,False,False,True
MAP3K13,False,True,True,False
MAP3K14,False,False,False,True
MAP3K2,True,False,False,False
MAP3K7CL,False,False,False,True
MAP3K8,True,False,False,False
MAP3K9,False,False,False,True
MAP4K2,True,False,False,False
MAP4K3,True,False,False,False
MAP4K4,True,True,False,False
MAP6D1,True,False,False,False
MAP7,False,False,False,True
MAP7D1,True,False,False,False
MAP7D3,True,False,False,False
MAP9,True,False,False,False
MAPDA,False,False,True,False
MAPK1,True,False,False,True
MAPK10,True,False,False,False
MAPK11,False,True,False,False
MAPK12,False,False,True,False
MAPK13,True,False,False,False
MAPK14,False,False,True,False
MAPK15,False,True,False,False
MAPK7,False,False,False,True
MAPK8,True,False,False,False
MAPK8IP1,True,False,False,False
MAPK8IP2,True,False,False,False
MAPK9,True,False,False,False
MAPKAP1,False,False,False,True
MAPKAPK5,False,False,False,True
MAPKBP1,False,False,False,True
MAPRE1,False,True,False,False
MAPRE2,True,False,False,True
MAPRE3,False,False,False,True
MAPT,True,False,False,True
MARC1,False,True,False,False
MARCH3,True,False,False,False
MARCH7,True,False,False,False
MARCHF3,False,False,False,True
MARCHF8,False,False,False,True
MARCHF9,False,False,False,True
MARCKS,False,True,False,False
MARCKSL1,False,True,False,True
MARF1,False,False,False,True
MARK2,True,False,False,False
MARK3,True,False,True,False
MARK4,True,False,False,False
MARS,True,False,False,False
MARS1,False,False,True,False
MARS2,True,False,False,False
MARVELD1,False,True,False,False
MASP2,False,True,False,False
MAST1,True,False,False,False
MAST2,True,False,False,False
MAST3,True,False,False,True
MAST4,True,False,False,False
MASTL,False,True,True,False
MAT2A,False,True,True,False
MATCAP1,False,False,True,False
MATK,False,False,False,True
MATN2,False,True,False,False
MATN3,False,True,False,False
MAU2,True,False,False,False
MAVS,False,True,False,False
MAZ,False,True,False,False
MBD1,True,False,False,False
MBD2,False,True,False,False
MBD3,False,True,False,False
MBIP,True,False,True,False
MBLAC2,True,False,False,False
MBNL1,True,False,False,True
MBNL2,True,False,False,False
MBNL3,False,True,False,True
MBOAT1,False,True,False,False
MBP,False,False,False,True
MBTPS1,False,False,True,False
MBTPS2,False,False,True,False
MCAM,False,True,False,False
MCC,True,False,True,False
MCCC1,False,True,True,False
MCCC2,False,True,True,False
MCEE,True,False,True,False
MCF2L,False,False,False,True
MCFD2,False,True,False,False
MCM10,False,True,True,False
MCM2,False,True,True,False
MCM3,False,True,True,False
MCM4,False,True,True,False
MCM5,False,True,True,False
MCM6,False,True,True,False
MCM7,False,True,True,False
MCM8,False,True,True,False
MCM9,False,True,False,False
MCMBP,False,False,True,False
MCOLN2,True,False,False,False
MCPH1,True,False,False,False
MCRIP1,False,False,False,True
MCRS1,False,True,False,False
MCTP1,True,False,False,False
MCTS1,False,True,True,False
MCU,True,False,False,False
MCUR1,False,False,True,False
MDC1,False,True,False,False
MDH1,False,False,True,False
MDH1B,False,True,False,False
MDK,False,True,False,False
MDM2,True,False,True,False
MDP1,False,False,True,False
MDS2,False,False,False,True
ME2,False,False,True,False
ME3,False,True,False,False
MEAF6,True,False,False,True
MECP2,True,False,False,True
MED1,True,False,False,False
MED10,True,False,False,False
MED11,False,True,False,False
MED12,True,False,False,False
MED12L,True,False,False,False
MED13,True,False,False,False
MED13L,True,False,False,False
MED15,True,False,False,True
MED18,False,False,True,False
MED20,False,True,True,False
MED21,True,False,False,False
MED23,True,False,False,False
MED24,False,True,True,False
MED26,True,False,False,False
MED27,False,False,True,False
MED30,True,False,False,False
MED6,False,False,True,False
MED7,False,False,True,False
MED8,True,False,True,False
MEF2A,True,False,False,False
MEF2B,False,False,True,False
MEF2C,True,False,False,False
MEF2D,True,False,False,False
MEGF6,False,True,False,True
MEIS1,True,False,False,False
MELK,False,True,True,False
MELTF,False,False,True,False
MEMO1,True,False,False,False
MEP1B,False,False,True,False
MEPCE,False,False,False,True
MESD,False,False,True,False
MESP1,False,False,True,False
MESP2,False,False,True,False
MET,False,False,True,False
METAP2,True,False,True,False
METRN,False,True,False,True
METRNL,False,False,False,True
METTL1,False,True,True,False
METTL13,False,True,True,False
METTL14,False,False,True,False
METTL15,True,False,False,False
METTL16,True,False,False,False
METTL17,False,True,False,False
METTL21B,False,True,False,False
METTL22,True,False,False,False
METTL23,False,True,False,False
METTL2A,False,False,True,False
METTL2B,False,False,True,False
METTL3,False,True,False,False
METTL4,False,True,False,False
METTL5,False,False,True,False
METTL6,False,False,True,False
METTL7A,False,True,False,False
METTL9,False,True,False,False
MEX3B,True,False,False,False
MEX3C,True,False,False,False
MEX3D,False,False,False,True
MFAP1,False,False,True,False
MFAP2,False,True,False,False
MFAP3,False,False,True,False
MFAP3L,False,False,False,True
MFF,False,False,True,False
MFGE8,False,True,False,False
MFHAS1,False,False,False,True
MFI2,False,True,False,False
MFI2-AS1,False,True,False,False
MFN1,False,False,True,False
MFNG,False,True,False,True
MFSD10,False,True,False,False
MFSD11,False,False,True,False
MFSD12,False,True,False,False
MFSD2A,True,True,False,False
MFSD6L,False,False,False,True
MFSD9,True,False,False,False
MGAM,True,False,False,False
MGARP,True,False,False,False
MGAT2,True,False,True,False
MGAT3,False,False,True,False
MGAT5,False,True,False,True
MGC21881,False,True,False,False
MGC27345,False,True,False,False
MGC2752,False,True,False,False
MGC45800,False,True,False,False
MGC57346,False,True,False,False
MGC72080,False,True,False,False
MGEA5,True,False,False,False
MGME1,False,False,True,False
MGST1,False,True,False,False
MGST2,False,True,False,False
MIA3,True,False,True,False
MIAT,False,True,False,False
MIB2,True,False,False,False
MICAL2,False,False,False,True
MICAL3,False,False,False,True
MICALL1,True,False,False,False
MICALL2,False,True,False,False
MICB,False,False,True,False
MICOS10,False,False,True,False
MICU1,True,False,False,False
MICU2,False,False,True,False
MID1IP1,True,False,False,False
MID2,False,False,False,True
MIDEAS,False,False,False,True
MIDN,True,False,False,True
MIEF1,False,False,True,False
MIEN1,False,True,False,False
MIER1,True,False,False,False
MIER3,True,False,False,False
MIF,False,False,True,False
MIMS2,False,False,False,True
MIMT1,False,True,False,False
MINAR1,False,False,True,False
MINOS1,False,True,False,False
MINPP1,False,True,True,False
MIOS,False,False,True,False
MIPEP,False,True,True,False
MIR100HG,False,True,False,False
MIR155HG,True,False,False,False
MIR17HG,False,True,False,False
MIR181A2HG,False,True,False,False
MIR210HG,False,True,False,False
MIR22HG,True,False,False,False
MIR600HG,False,True,False,False
MIS18A,False,True,True,False
MIS18BP1,False,True,False,False
MITD1,False,True,True,False
MIX23,False,False,True,False
MIXL1,False,False,True,False
MKI67,False,True,True,False
MKL1,True,False,False,False
MKLN1,True,False,False,False
MKNK2,True,False,False,False
MKRN2,True,False,False,False
MKRN3,False,True,False,False
MKRN7P,False,True,False,False
MLC1,False,False,False,True
MLEC,False,False,True,False
MLF1IP,False,True,False,False
MLH1,False,True,True,False
MLH3,False,False,False,True
MLKL,False,False,True,False
MLL,True,False,False,False
MLL3,True,False,False,False
MLL4,True,False,False,False
MLL5,True,False,False,False
MLLT10,False,False,False,True
MLLT10P1,False,True,False,False
MLLT11,False,True,False,True
MLLT3,False,False,False,True
MLLT4-AS1,False,True,False,False
MLLT6,False,True,False,True
MLST8,False,True,False,False
MLX,True,False,False,False
MMACHC,False,False,True,False
MMADHC,True,False,True,False
MMGT1,False,False,False,True
MMP11,False,True,False,True
MMP14,False,True,False,False
MMP15,False,True,False,False
MMP17,False,False,False,True
MMP19,False,True,False,False
MMP2,False,True,False,False
MMP23B,False,True,False,True
MMP28,False,False,False,True
MMRN1,False,True,False,False
MMS19,True,False,False,False
MMS22L,False,True,True,False
MMUT,False,False,True,False
MN1,True,False,False,True
MNAT1,False,False,True,False
MND1,False,True,True,False
MNF1,False,True,False,False
MNS1,False,True,False,False
MNT,True,False,False,True
MOAP1,False,True,False,True
MOB1B,True,False,False,False
MOB2,False,False,False,True
MOB3B,False,True,False,False
MOB3C,False,False,True,False
MOB4,True,False,False,False
MOCS3,True,False,False,False
MOGS,False,True,True,False
MON1A,True,False,False,False
MORC2,True,False,False,False
MORC3,True,False,False,False
MORF4L2,False,False,True,False
MORN1,False,True,False,False
MORN2,False,True,False,False
MORN3,False,False,False,True
MORN4,False,True,False,False
MOSPD1,True,False,False,False
MOSPD2,True,False,False,False
MOV10,False,True,True,False
MOXD1,False,True,True,False
MPDU1,False,True,True,False
MPDZ,False,True,False,False
MPEG1,False,True,False,False
MPHOSPH10,True,False,False,False
MPHOSPH6,False,True,True,False
MPHOSPH9,False,False,True,False
MPI,False,True,False,False
MPLKIP,False,True,True,False
MPND,False,True,False,False
MPP5,True,False,False,False
MPP6,False,True,False,False
MPRIP,False,False,False,True
MPST,False,True,False,False
MPV17,False,True,True,False
MPV17L2,False,False,True,False
MPZL1,False,True,False,False
MRAS,False,False,False,True
MRC2,True,False,False,False
MRE11A,False,True,False,False
MREG,True,False,True,False
MRGBP,True,False,False,False
MRI1,False,True,False,False
MRM1,False,True,True,False
MRM2,False,False,True,False
MROH1,True,False,False,False
MRP63,False,True,False,False
MRPL1,True,False,True,False
MRPL11,False,True,False,False
MRPL12,False,False,True,False
MRPL13,False,False,True,False
MRPL14,False,False,True,False
MRPL15,False,False,True,False
MRPL16,False,False,True,False
MRPL17,False,False,True,False
MRPL18,False,False,True,False
MRPL19,False,True,True,False
MRPL2,False,False,True,False
MRPL20,False,False,True,False
MRPL21,True,False,True,False
MRPL22,False,False,True,False
MRPL23,False,True,True,False
MRPL23-AS1,False,True,False,False
MRPL24,False,True,True,False
MRPL27,False,True,True,False
MRPL28,False,False,True,False
MRPL3,False,False,True,False
MRPL32,False,False,True,False
MRPL33,False,True,True,False
MRPL34,True,False,False,False
MRPL35,False,False,True,False
MRPL36,False,False,True,False
MRPL37,False,False,True,False
MRPL38,True,False,True,False
MRPL39,False,False,True,False
MRPL4,False,False,True,False
MRPL40,False,False,True,False
MRPL41,False,False,True,False
MRPL42,True,False,True,False
MRPL44,False,False,True,False
MRPL46,True,False,True,False
MRPL47,True,False,True,False
MRPL49,False,False,True,False
MRPL50,False,False,True,False
MRPL51,False,True,True,False
MRPL52,False,False,True,False
MRPL53,False,False,True,False
MRPL54,False,True,False,False
MRPL57,False,False,True,False
MRPL58,False,False,True,False
MRPL9,False,False,True,False
MRPS10,False,False,True,False
MRPS11,False,False,True,False
MRPS12,False,False,True,False
MRPS14,False,True,True,False
MRPS15,False,False,True,False
MRPS16,False,False,True,False
MRPS17,False,False,True,False
MRPS18A,False,False,True,False
MRPS18B,True,False,True,False
MRPS18C,False,False,True,False
MRPS21,False,True,False,False
MRPS22,False,False,True,False
MRPS23,False,False,True,False
MRPS24,False,False,True,False
MRPS26,False,False,True,False
MRPS27,False,True,False,False
MRPS28,False,True,True,False
MRPS30,True,False,False,False
MRPS31,False,False,True,False
MRPS31P5,True,False,False,False
MRPS33,False,True,True,False
MRPS34,False,False,True,False
MRPS35,True,False,True,False
MRPS5,True,False,True,False
MRPS6,True,False,False,False
MRPS7,False,False,True,False
MRPS9,False,False,True,False
MRRF,False,False,True,False
MRTO4,False,True,True,False
MS4A1,False,False,False,True
MS4A2,False,False,False,True
MS4A3,False,False,False,True
MS4A4A,False,True,True,False
MS4A7,False,True,False,False
MSANTD3-TMEFF1,True,False,False,False
MSANTD4,True,False,False,False
MSC,False,False,False,True
MSH2,False,True,False,False
MSH3,False,False,True,False
MSH5,False,True,False,False
MSH5-SAPCD1,False,True,False,False
MSH6,False,True,True,False
MSL1,True,False,False,False
MSL2,True,False,False,True
MSL3,False,True,False,False
MSMO1,True,False,True,False
MSMP,False,False,False,True
MSN,False,True,False,False
MSR1,False,False,True,False
MSRA,False,False,False,True
MSRB1,False,True,False,False
MSRB3,False,True,False,False
MSS51,True,False,False,False
MSTN,True,False,False,False
MSTO1,True,False,True,False
MSX1,True,False,False,False
MSX2,False,False,False,True
MT1E,False,False,True,False
MT1G,False,False,True,False
MT1X,False,False,True,False
MT2A,False,True,True,False
MTA1,False,False,False,True
MTA2,False,False,True,False
MTAP,False,True,True,False
MTBP,False,True,False,False
MTCH2,False,True,True,False
MTCL2,False,False,False,True
MTDH,True,False,True,False
MTERFD1,False,True,False,False
MTERFD3,False,True,False,False
MTF2,True,False,True,False
MTFR1,False,False,True,False
MTFR1L,False,False,False,True
MTFR2,False,False,True,False
MTG1,False,True,True,False
MTHFD1,False,True,True,False
MTHFD1L,True,False,True,False
MTHFD2,True,False,True,False
MTHFR,True,False,False,False
MTHFSD,True,False,False,False
MTIF2,False,False,True,False
MTIF3,False,False,True,False
MTMR12,True,False,False,False
MTMR14,True,False,False,False
MTMR2,False,False,True,False
MTMR3,True,False,False,False
MTMR9LP,False,True,False,False
MTNAP1,False,False,True,False
MTO1,True,False,True,False
MTPAP,True,False,False,False
MTRES1,False,False,True,False
MTREX,False,False,True,False
MTRF1,False,True,False,False
MTRF1L,True,False,True,False
MTRNR2L1,False,True,False,False
MTRNR2L6,False,True,False,False
MTRR,True,False,True,False
MTSS1,True,False,False,True
MTSS1L,True,False,False,False
MTTP,False,True,False,False
MTX2,False,False,True,False
MUC1,False,False,True,False
MURC,False,True,False,False
MUS81,False,True,False,False
MUT,True,False,False,False
MVD,True,False,False,False
MVK,True,False,False,False
MVP,True,False,False,False
MX1,True,False,True,False
MX2,False,False,True,False
MXD1,True,False,False,False
MXD3,False,True,True,False
MXD4,False,False,False,True
MXI1,True,False,False,True
MXRA8,False,True,False,True
MYB,False,True,False,False
MYBBP1A,False,False,True,False
MYBL1,False,True,False,True
MYBL2,False,True,True,False
MYBPH,False,False,False,True
MYC,True,False,False,False
MYCBP,False,True,True,False
MYCBP2,True,False,False,False
MYCBPAP,False,False,True,False
MYCL1,False,True,False,False
MYD88,False,True,False,False
MYDGF,False,False,True,False
MYEF2,False,True,False,False
MYH10,False,True,False,False
MYH11,False,False,True,False
MYH14,True,False,False,False
MYH3,False,True,False,False
MYL12A,False,True,False,False
MYL6,False,True,False,False
MYL6B,False,False,True,False
MYL9,False,True,False,True
MYLIP,True,False,False,False
MYLK,False,True,False,False
MYLK-AS1,False,True,False,False
MYLK4,False,False,False,True
MYNN,True,False,False,False
MYO10,False,True,True,False
MYO19,False,False,True,False
MYO1B,False,True,False,True
MYO1D,False,False,True,False
MYO3B,False,False,False,True
MYO5C,False,True,False,False
MYO7A,False,False,True,False
MYO9A,True,False,False,True
MYO9B,True,False,False,True
MYOF,True,False,False,False
MYSM1,True,False,False,False
MYZAP,False,False,False,True
MZB1,False,False,True,False
MZF1,False,True,False,False
MZT1,False,False,True,False
N4BP1,True,False,False,False
N4BP2L1,True,False,False,True
N4BP3,True,False,False,True
N6AMT1,False,True,False,False
NAA15,False,False,True,False
NAA16,True,False,False,False
NAA20,False,False,True,False
NAA25,True,False,True,False
NAA30,True,False,False,False
NAA40,False,True,False,False
NAA50,False,False,True,False
NAA60,True,False,False,False
NAAA,False,True,False,True
NAALAD2,False,True,False,False
NAALADL1,False,False,False,True
NAB1,False,True,False,False
NAB2,True,False,False,False
NABP2,False,True,False,False
NACAD,True,False,False,False
NACC2,True,False,False,False
NADK2,False,False,True,False
NADKD1,True,False,False,False
NAE1,False,True,False,False
NAGA,False,True,False,False
NAGLU,False,True,False,False
NAGPA,False,True,False,False
NALCN,True,False,False,False
NAMPT,True,False,False,False
NANS,True,False,True,False
NAP1L1,False,True,False,True
NAP1L2,True,False,False,False
NAP1L3,True,False,False,True
NAP1L4,False,True,True,False
NAP1L5,True,False,False,True
NAPA,False,False,True,False
NAPB,True,False,False,False
NAPEPLD,False,True,False,False
NAPG,False,False,True,False
NARS,True,False,False,False
NARS1,False,False,True,False
NARS2,False,False,True,False
NASP,False,True,True,False
NAT1,False,False,True,False
NAT14,False,True,False,False
NAT8,False,False,True,False
NAT9,False,True,False,False
NATD1,False,False,False,True
NAV3,True,False,False,False
NBEAL1,True,False,False,False
NBEAL2,True,False,False,False
NBN,False,True,True,False
NBPF1,False,False,False,True
NBPF11,False,False,False,True
NBPF14,True,False,False,False
NBPF15,False,False,False,True
NBPF3,False,True,False,True
NBPF9,False,False,False,True
NBR1,True,False,False,False
NCAM1,False,False,False,True
NCAN,False,True,False,False
NCAPD2,False,True,True,False
NCAPD3,False,True,True,False
NCAPG,False,False,True,False
NCAPG2,False,True,True,False
NCAPH,False,True,True,False
NCAPH2,False,False,True,False
NCBP1,False,False,True,False
NCBP2,False,True,True,False
NCBP2AS2,False,False,False,True
NCDN,False,True,True,False
NCEH1,True,False,False,False
NCF1B,True,False,False,False
NCF2,False,True,False,False
NCK1,True,False,False,False
NCK2,False,False,False,True
NCKAP5L,True,False,False,False
NCLN,False,True,True,False
NCOA1,False,False,False,True
NCOA2,True,False,False,False
NCOA3,True,False,True,False
NCOA5,False,True,False,False
NCOA7,True,False,True,False
NCOR1,True,False,False,False
NCOR2,True,False,False,False
NCR1,False,False,False,True
NCR3,False,False,False,True
NCRNA00185,False,True,False,False
NDC1,False,False,True,False
NDC80,False,True,True,False
NDE1,False,True,False,True
NDEL1,True,False,False,False
NDFIP2,False,False,True,False
NDNL2,True,False,False,False
NDP,False,True,False,False
NDRG1,True,False,False,False
NDRG2,False,True,False,True
NDRG3,False,True,False,True
NDRG4,True,False,False,False
NDST1,False,True,False,False
NDUFA1,False,False,True,False
NDUFA11,False,True,False,False
NDUFA12,False,False,True,False
NDUFA13,False,False,True,False
NDUFA2,False,False,True,False
NDUFA5,True,False,False,False
NDUFA6,False,False,True,False
NDUFA7,False,True,True,False
NDUFA8,False,False,True,False
NDUFA9,False,False,True,False
NDUFAB1,False,False,True,False
NDUFAF1,True,False,True,False
NDUFAF2,True,False,False,False
NDUFAF4,False,False,True,False
NDUFAF5,True,False,True,False
NDUFAF6,False,False,True,False
NDUFB1,False,True,False,False
NDUFB2,False,True,True,False
NDUFB3,False,True,True,False
NDUFB4,False,False,True,False
NDUFB5,False,False,True,False
NDUFB6,False,True,True,False
NDUFB8,False,True,True,False
NDUFB9,False,False,True,False
NDUFC1,False,False,True,False
NDUFC2-KCTD14,False,False,True,False
NDUFS1,True,False,True,False
NDUFS2,False,False,True,False
NDUFS3,False,False,True,False
NDUFS4,False,False,True,False
NDUFS5,False,True,True,False
NDUFS6,False,False,True,False
NDUFS7,False,False,True,False
NDUFV2,False,False,True,False
NDUFV3,True,False,False,False
NEAT1,False,True,False,False
NECAB2,False,True,False,False
NECAP1,True,False,False,False
NECTIN1,False,False,False,True
NECTIN2,True,False,True,False
NEDD4,True,False,False,False
NEDD8,False,True,False,False
NEDD9,False,True,False,False
NEFH,False,True,True,False
NEFL,True,False,False,True
NEFM,True,False,False,False
NEGR1,False,False,False,True
NEIL1,False,True,False,True
NEIL3,False,True,True,False
NEK1,False,False,True,False
NEK2,False,True,True,False
NEK4,True,False,False,False
NEK6,False,True,False,True
NEK7,True,False,False,False
NEK9,False,True,False,False
NELFA,True,False,False,False
NELFCD,False,True,False,False
NELL2,False,True,False,True
NEMF,True,False,True,False
NEMP1,False,False,True,False
NENF,False,True,False,False
NEO1,False,False,False,True
NES,False,True,True,False
NET1,False,False,True,False
NETO2,False,True,True,False
NEU1,True,False,True,False
NEURL,True,False,False,False
NEURL1,False,False,False,True
NEURL1B,False,True,False,False
NEURL3,True,False,False,False
NEUROD4,False,True,False,False
NEUROG1,False,True,False,False
NEUROG2,False,True,False,False
NEXN,False,False,True,False
NFAT5,True,False,False,False
NFATC1,False,False,False,True
NFATC2,False,False,False,True
NFATC2IP,False,True,False,False
NFATC3,False,False,False,True
NFATC4,False,True,False,False
NFE2L1,True,False,False,False
NFE2L2,True,False,False,False
NFE2L3,False,True,False,False
NFIA,True,False,False,False
NFIC,False,False,False,True
NFIL3,True,False,False,False
NFKB1,True,False,False,False
NFKB2,True,False,False,False
NFKBIA,True,True,False,False
NFKBIE,True,False,False,False
NFKBIZ,True,False,False,False
NFRKB,True,False,False,False
NFS1,False,False,True,False
NFU1,True,False,True,False
NFX1,True,False,False,False
NFXL1,True,False,False,False
NFYA,False,False,False,True
NGDN,True,False,False,False
NGFR,True,False,False,False
NGFRAP1,False,True,False,False
NGLY1,False,False,True,False
NHLH1,False,True,False,False
NHLH2,True,False,False,False
NHLRC2,True,False,False,False
NHLRC3,False,True,True,False
NHP2,False,True,False,False
NHS,True,False,False,True
NHSL1,True,False,False,False
NIBAN3,False,False,False,True
NICN1,False,True,False,False
NID1,False,True,False,False
NIF3L1,False,False,True,False
NIN,False,True,False,False
NINL,False,False,False,True
NIPA2,False,False,True,False
NIPAL1,False,False,True,False
NIPAL2,False,False,False,True
NIPAL3,True,False,False,False
NIPAL4,False,False,False,True
NIPBL,True,False,False,False
NIPSNAP3A,False,True,False,False
NIPSNAP3B,False,False,False,True
NISCH,True,False,False,False
NIT2,False,True,False,False
NKAIN4,False,True,False,False
NKAP,True,False,True,False
NKAPP1,False,True,False,False
NKD1,False,False,False,True
NKG7,False,False,False,True
NKRF,True,False,False,False
NLGN2,False,True,False,True
NLGN3,False,True,False,False
NLK,False,False,True,False
NLN,False,True,False,False
NLRC3,False,False,False,True
NLRP1,False,False,False,True
NLRP7,False,False,True,False
NMD3,True,False,False,False
NME1,False,True,True,False
NME1-NME2,False,False,True,False
NME2,False,False,True,False
NME4,False,True,False,True
NME5,False,True,False,False
NME7,False,False,True,False
NMI,False,False,True,False
NMNAT1,False,False,True,False
NMNAT2,True,False,False,False
NMNAT3,False,False,False,True
NMT2,False,True,False,True
NMU,False,True,False,False
NMUR1,False,False,False,True
NNAT,False,True,False,False
NNT,False,False,True,False
NOAZFP,False,False,True,False
NOB1,True,False,False,False
NOC2L,False,False,True,False
NOC3L,False,False,True,False
NOC4L,False,False,True,False
NOCT,True,False,False,False
NOD1,False,True,False,False
NOG,True,False,False,True
NOL10,True,False,True,False
NOL11,False,False,True,False
NOL12,False,True,False,False
NOL3,False,False,True,False
NOL4L,False,False,False,True
NOL6,False,False,True,False
NOL7,True,False,True,False
NOL8,False,False,True,False
NOLC1,False,False,True,False
NOMO1,False,False,True,False
NOMO2,False,False,True,False
NOMO3,False,False,True,False
NONO,False,True,False,False
NOP10,False,False,True,False
NOP16,False,False,True,False
NOP2,False,False,True,False
NOP53,False,False,False,True
NOP56,False,True,True,False
NOP58,True,False,True,False
NOP9,False,False,True,False
NORAD,False,True,False,False
NOS1AP,False,False,True,False
NOS3,False,False,False,True
NOSIP,True,False,False,False
NOSTRIN,False,True,False,False
NOTCH2,False,True,False,False
NOTCH2NLB,False,False,False,True
NOX4,False,True,False,False
NOXA1,False,True,False,True
NOXRED1,False,True,False,False
NPAS2,False,False,False,True
NPAS4,False,True,False,False
NPC1,True,False,False,False
NPDC1,False,True,False,False
NPIP,True,False,False,False
NPIPB2,False,False,True,False
NPIPB9,False,False,True,False
NPL,False,True,False,False
NPM3,False,True,True,False
NPR2,False,True,False,False
NPTX1,False,True,False,False
NPTX2,False,True,False,False
NPTXR,False,False,False,True
NQO1,False,False,True,False
NR1D1,True,False,False,True
NR1D2,True,False,False,True
NR1H2,False,True,False,False
NR1H3,False,True,False,False
NR2C1,False,True,False,False
NR2E1,False,True,False,False
NR2E3,False,True,False,False
NR2F1,False,True,False,False
NR2F2,False,True,False,False
NR2F6,True,False,False,False
NR3C1,True,False,False,True
NR3C2,True,False,False,True
NR4A1,True,False,False,True
NR4A2,False,False,False,True
NR4A3,True,False,False,True
NRARP,False,False,False,True
NRAS,False,False,True,False
NRBF2,True,False,False,False
NRBP1,True,False,False,False
NRBP2,False,True,False,False
NRCAM,False,False,False,True
NRDC,False,False,True,False
NRDE2,False,True,False,False
NREP,False,True,False,False
NRF1,True,False,False,False
NRGN,False,True,False,False
NRIP1,True,False,False,False
NRIP2,False,False,False,True
NRM,False,True,False,False
NRN1,False,False,True,False
NRP1,True,False,False,False
NRP2,True,False,False,True
NRTN,False,True,False,False
NRXN1,True,False,False,False
NRXN2,False,False,False,True
NS3BP,False,True,False,False
NSD2,False,False,True,False
NSDHL,True,False,True,False
NSF,True,False,True,False
NSG1,False,False,False,True
NSL1,False,False,True,False
NSMAF,False,True,False,False
NSMCE2,True,False,True,False
NSMCE3,False,False,False,True
NSMCE4A,False,True,False,False
NSMF,False,False,False,True
NSRP1,False,False,True,False
NSUN2,True,False,True,False
NSUN4,True,False,False,False
NSUN5P1,False,True,False,False
NSUN5P2,False,True,False,False
NSUN7,False,True,False,True
NT5C2,True,False,False,False
NT5C3A,False,False,True,False
NT5DC2,False,True,True,False
NT5DC3,False,True,False,False
NT5E,False,False,False,True
NT5M,False,True,False,False
NTAN1,False,True,False,False
NTAQ1,False,False,True,False
NTHL1,False,True,True,False
NTM,False,True,False,False
NTMT1,False,False,True,False
NTN1,False,True,False,False
NTN4,False,True,False,False
NTRK1,False,True,False,True
NTRK2,False,True,False,False
NTSR1,False,True,False,False
NUAK1,True,False,False,True
NUAK2,False,False,False,True
NUB1,True,False,False,False
NUBP1,False,True,False,False
NUCB2,True,False,True,False
NUCKS1,False,True,False,False
NUCLEOLIN,False,False,True,False
NUDC,False,False,True,False
NUDCD1,False,False,True,False
NUDCD2,False,True,False,False
NUDT1,False,True,True,False
NUDT11,False,False,False,True
NUDT13,False,True,False,False
NUDT14,False,True,False,False
NUDT15,False,True,False,False
NUDT16L1,True,False,False,True
NUDT18,False,True,True,False
NUDT4,True,False,False,False
NUDT4P1,True,False,False,False
NUDT5,False,False,True,False
NUDT6,False,False,True,False
NUDT7,False,True,False,False
NUDT9,False,False,True,False
NUF2,False,True,True,False
NUFIP1,True,False,False,False
NUFIP2,True,False,False,False
NUGGC,False,False,True,False
NUMA1,False,False,False,True
NUMB,True,False,False,False
NUP107,False,True,True,False
NUP133,False,False,True,False
NUP155,False,False,True,False
NUP188,False,False,True,False
NUP205,False,False,True,False
NUP210,False,True,False,False
NUP35,False,False,True,False
NUP37,False,False,True,False
NUP42,False,False,True,False
NUP43,False,True,False,False
NUP54,False,False,True,False
NUP58,False,False,True,False
NUP62CL,False,True,False,False
NUP85,False,True,True,False
NUS1,True,False,True,False
NUSAP1,False,True,True,False
NVL,True,False,True,False
NXF1,True,False,False,False
NXPE3,True,False,True,False
NXPH2,False,True,False,False
NXPH4,False,False,False,True
NXT2,False,True,False,False
NYAP1,True,False,False,True
OAF,False,True,False,False
OARD1,False,True,False,False
OAS1,False,False,True,False
OAS2,True,False,True,False
OAS3,False,False,True,False
OASL,True,False,True,False
OAZ1,True,False,False,False
OAZ2,False,False,False,True
OBFC1,True,False,False,False
OBSCN,False,False,False,True
OBSL1,False,True,False,False
OCA2,False,True,False,False
OCLN,False,True,False,False
OCM,False,False,False,True
ODAD1,False,False,False,True
ODC1,True,False,False,False
ODR4,False,False,True,False
OFD1,False,True,False,False
OGFOD1,True,False,True,False
OGFOD3,False,True,False,False
OGFRL1,True,False,False,True
OGG1,False,True,False,False
OGT,False,True,False,False
OIP5,False,True,True,False
OIP5-AS1,True,False,False,False
OLFM1,False,False,False,True
OLFM3,False,True,False,False
OLFML2A,False,True,False,False
OLFML2B,False,True,False,False
OLFML3,False,True,True,False
OLIG1,False,True,False,False
OLIG3,False,True,False,False
OLR1,False,False,True,False
OMA1,False,False,True,False
ONECUT1,True,False,False,False
OPA3,False,False,True,False
OPCML,False,True,False,False
OPN3,False,False,False,True
OPRK1,False,True,False,False
OPRL1,True,False,False,False
OPTN,True,False,False,False
OR51E2,False,True,False,False
OR7E24,False,False,True,False
ORAI1,False,False,False,True
ORAOV1,False,True,False,False
ORC1,False,True,True,False
ORC2,False,True,True,False
ORC3,False,False,True,False
ORC5,False,False,True,False
ORC6,False,True,True,False
ORMDL1,False,True,False,False
ORMDL2,False,False,True,False
OSBP,True,False,False,False
OSBP2,True,False,False,False
OSBPL2,True,False,False,False
OSBPL3,False,True,False,False
OSBPL6,True,False,False,False
OSBPL7,False,True,False,True
OSBPL9,False,False,True,False
OSGEPL1,False,True,False,False
OSGIN2,True,False,False,False
OSM,False,False,False,True
OSTC,True,False,True,False
OSTM1,True,False,False,False
OTOF,False,False,True,False
OTUD1,True,False,False,True
OTUD3,True,False,False,False
OTUD4,True,False,False,False
OTUD7A,False,False,False,True
OTUD7B,True,False,False,False
OTX1,False,True,False,False
OTX2-AS1,False,True,False,False
OVGP1,True,False,False,True
OXA1L,True,False,False,False
OXCT1,False,False,True,False
OXCT2,False,False,True,False
OXLD1,False,True,False,False
OXR1,False,False,True,False
OXSM,False,False,True,False
OXSR1,True,False,False,False
OXTR,False,True,False,False
P2RX6,False,True,False,False
P2RY1,False,True,False,False
P2RY6,False,False,True,False
P2RY8,False,False,False,True
P3H4,False,False,False,True
P4HA1,True,False,False,False
P4HA2,True,False,False,False
P4HB,True,False,True,False
PA2G4,False,True,False,False
PAAF1,False,False,True,False
PABPC1,False,False,False,True
PABPC1L,False,True,False,False
PABPN1,False,True,False,False
PACS1,True,False,False,True
PACS2,False,False,False,True
PACSIN1,False,False,True,False
PACSIN2,True,False,False,False
PACSIN3,False,True,False,False
PADI2,False,False,False,True
PAF1,False,False,True,False
PAFAH2,False,True,False,True
PAGR1,False,True,True,False
PAICS,False,True,True,False
PAIP2B,True,False,False,True
PAK1,False,True,False,False
PAK1IP1,False,False,True,False
PAK3,True,False,False,False
PALD1,False,True,True,False
PALLD,False,False,False,True
PALM,False,False,False,True
PAM,False,True,False,False
PAM16,False,False,True,False
PAN2,False,True,False,False
PAN3,True,False,False,False
PANK3,True,False,False,False
PAPD5,True,False,False,False
PAPOLG,True,False,False,False
PAPPA,False,True,False,False
PAPSS2,False,True,False,True
PAQR4,False,True,True,False
PAQR6,False,True,False,False
PAQR7,False,False,False,True
PAQR8,False,True,False,False
"PAR-SN,SNORD107",True,False,False,False
PAR1,False,True,False,False
PAR5,True,False,False,False
PARD3B,True,False,False,False
PARD6B,True,False,False,False
PARG,False,False,True,False
PARK7,False,False,True,False
PARM1,False,False,True,False
PARN,True,False,False,False
PARP1,False,True,True,False
PARP11,False,False,True,False
PARP12,False,False,True,False
PARP14,True,False,True,False
PARP16,False,True,False,True
PARP2,False,False,True,False
PARP4,False,True,False,False
PARP6,True,False,False,False
PARP8,True,False,False,False
PARP9,False,False,True,False
PARPBP,False,True,True,False
PASK,False,True,False,False
PATJ,False,False,False,True
PATL1,True,False,False,False
PATZ1,False,True,False,True
PAWR,True,False,False,False
PAX2,True,False,False,False
PAX5,False,False,False,True
PAX6,False,True,False,False
PAXX,False,False,False,True
PBDC1,False,False,True,False
PBK,False,True,True,False
PBRM1,False,True,False,False
PBX1,False,False,False,True
PBX2,False,True,False,False
PBX3,False,False,False,True
PBX4,False,True,False,False
PBXIP1,False,True,False,True
PC,False,True,False,False
PCBD1,False,True,False,False
PCBD2,False,True,False,False
PCBP1,False,True,False,False
PCBP2,False,False,False,True
PCBP4,False,False,False,True
PCCB,False,False,True,False
PCDH1,True,False,False,True
PCDH10,True,False,False,False
PCDH15,True,False,False,False
PCDH17,True,False,False,False
PCDH19,True,False,False,False
PCDH20,True,False,False,False
PCDH8,True,False,False,False
PCDH9,True,False,False,True
PCDHB10,False,True,False,False
PCDHB15,False,True,False,False
PCDHB2,False,True,False,False
PCDHB3,False,True,False,False
PCDHB4,False,True,False,False
PCDHB5,False,True,False,False
PCDHB8,True,False,False,False
PCDHGB6,False,False,False,True
PCED1A,False,True,False,True
PCF11,True,False,False,False
PCGF6,False,False,True,False
PCID2,True,False,False,False
PCK2,True,False,True,False
PCLAF,False,False,True,False
PCLO,True,False,False,False
PCMT1,False,False,True,False
PCMTD1,True,False,False,False
PCMTD2,False,False,False,True
PCNA,False,True,True,False
PCNA-AS1,False,True,False,False
PCNX,True,False,False,False
PCNX2,False,False,False,True
PCNXL2,True,False,False,False
PCOLCE,False,False,False,True
PCSK1N,True,False,False,False
PCSK5,True,False,False,True
PCSK6,False,True,False,True
PCSK7,False,False,False,True
PCSK9,True,False,False,False
PCYOX1L,False,True,False,True
PCYT1A,True,False,True,False
PCYT2,True,False,False,False
PDCD1,False,False,True,False
PDCD10,False,False,True,False
PDCD1LG2,False,False,True,False
PDCD2,False,True,False,False
PDCD2L,True,False,True,False
PDCD5,False,True,True,False
PDCD6,False,True,False,False
PDCD7,True,False,False,False
PDCL3,False,True,True,False
PDCL3P4,False,True,False,False
PDDC1,False,True,False,False
PDE12,True,False,False,False
PDE2A,True,False,False,False
PDE3A,True,False,False,False
PDE3B,False,True,False,True
PDE4A,True,False,False,False
PDE4D,True,False,False,False
PDE4DIP,True,False,False,False
PDE5A,False,True,False,False
PDE6G,False,False,False,True
PDE7B,False,False,False,True
PDE8A,False,False,False,True
PDE8B,False,False,False,True
PDE9A,True,False,False,False
PDF,False,False,True,False
PDGFA,True,False,False,False
PDGFC,True,False,False,False
PDGFD,False,True,False,True
PDHA1,False,False,True,False
PDHB,False,False,True,False
PDHX,True,False,True,False
PDIA3,False,False,True,False
PDIA4,True,False,True,False
PDIA5,True,False,True,False
PDIA6,False,False,True,False
PDIK1L,True,False,True,False
PDK1,False,False,True,False
PDK3,False,False,False,True
PDLIM1,False,True,False,False
PDLIM2,False,True,False,False
PDLIM4,False,True,False,False
PDP2,True,False,False,False
PDPK1,True,False,False,False
PDPN,False,True,False,False
PDRG1,True,False,False,False
PDSS1,False,False,True,False
PDSS2,True,False,True,False
PDXDC1,True,False,False,False
PDXDC2P,False,True,False,False
PDXK,True,False,True,False
PDXP,False,True,False,False
PDZD11,False,True,True,False
PDZD2,False,False,False,True
PDZD4,False,False,False,True
PDZD8,True,False,False,True
PDZRN3,True,False,False,False
PEA15,False,True,False,True
PEAK1,True,False,False,False
PEBP1,False,True,True,False
PEF1,False,False,True,False
PEG10,True,False,False,True
PEG3,True,False,False,False
PELI1,True,False,False,False
PELI2,True,False,False,False
PELO,True,False,True,False
PEMT,False,True,False,False
PENK,False,True,False,False
PER1,True,False,False,False
PER2,True,False,False,False
PERP,False,False,True,False
PES1,False,False,True,False
PET100,False,True,False,False
PET117,False,False,True,False
PEX10,False,True,False,False
PEX11A,False,True,False,False
PEX13,True,False,False,False
PEX14,False,False,True,False
PEX19,False,True,False,False
PEX2,False,False,True,False
PEX3,False,True,True,False
PEX39,False,False,False,True
PEX5,True,False,False,False
PEX5L,True,False,False,False
PFAS,False,True,True,False
PFDN2,False,False,True,False
PFDN4,True,False,True,False
PFDN5,False,False,False,True
PFDN6,False,True,True,False
PFKFB1,False,False,True,False
PFKFB2,True,False,False,False
PFKFB3,False,True,False,False
PFKFB4,True,False,False,False
PFKM,False,False,True,False
PFKP,False,False,True,False
PFN2,False,True,False,True
PGAM1,False,False,True,False
PGAM5,False,False,True,False
PGAP1,False,False,True,False
PGAP3,False,True,False,True
PGBD1,True,False,True,False
PGBD2,False,True,False,False
PGD,False,True,False,False
PGF,True,False,False,False
PGGT1B,True,False,False,False
PGLS,False,False,False,True
PGM2,False,False,True,False
PGM2L1,True,False,False,False
PGM3,True,False,True,False
PGM5,False,True,False,True
PGM5P2,False,True,False,False
PGPEP1,True,False,False,False
PGRMC2,False,True,True,False
PGS1,False,True,False,False
PHACTR3,True,False,False,False
PHAX,False,False,True,False
PHB,False,True,False,False
PHB1,False,False,True,False
PHC1,False,False,False,True
PHC2,False,True,False,False
PHC3,True,False,False,False
PHETA2,False,False,True,False
PHF12,True,False,False,False
PHF13,False,False,False,True
PHF17,True,False,False,False
PHF19,False,True,False,False
PHF2,False,False,False,True
PHF20,False,False,False,True
PHF21A,True,False,False,False
PHF21B,True,False,False,False
PHF23,True,False,False,False
PHF3,True,False,False,False
PHF5A,False,True,False,False
PHF6,False,True,True,False
PHF7,False,True,False,True
PHGDH,True,False,True,False
PHKA1,False,False,True,False
PHKA2,False,True,False,False
PHLDA1,True,False,False,False
PHLDA3,True,False,True,False
PHLDB1,True,False,False,False
PHLDB2,False,True,False,True
PHLDB3,True,False,False,False
PHLPP1,False,False,False,True
PHLPP2,True,False,False,True
PHPT1,False,True,True,False
PHRF1,True,False,False,False
PHTF1,False,True,True,False
PHYH,True,False,False,False
PHYHD1,False,False,True,False
PHYHIPL,True,False,False,False
PI15,False,True,False,False
PI16,False,False,False,True
PI4K2A,True,False,False,True
PI4K2B,False,False,True,False
PI4KA,False,False,False,True
PI4KB,False,False,False,True
PIANP,False,True,False,True
PIAS4,True,False,True,False
PICALM,True,False,False,False
PICK1,False,True,False,False
PID1,True,False,False,True
PIEZO2,False,True,True,False
PIF1,False,True,True,False
PIFO,False,True,False,False
PIGA,True,False,False,False
PIGBOS1,False,False,True,False
PIGC,False,True,False,False
PIGF,False,True,True,False
PIGH,False,False,True,False
PIGK,False,False,True,False
PIGL,True,False,False,True
PIGM,False,True,False,False
PIGN,False,True,True,False
PIGO,False,True,False,False
PIGQ,False,True,False,False
PIGU,False,True,True,False
PIGV,False,True,False,False
PIGW,False,True,False,False
PIGX,False,True,False,False
PIGZ,False,True,False,True
PIH1D1,True,False,False,False
PIK3C2A,True,False,False,False
PIK3C2B,True,False,False,True
PIK3CA,True,False,False,False
PIK3CB,True,False,False,False
PIK3CG,False,False,True,False
PIK3IP1,False,False,False,True
PIK3R1,False,False,False,True
PIK3R3,False,True,False,False
PIKFYVE,True,False,False,False
PILRB,False,False,False,True
PIM2,True,False,True,False
PIM3,True,False,False,False
PIMREG,False,False,True,False
PIN1,False,True,False,False
PIN4,False,True,False,False
PINK1,False,False,False,True
PINLYP,False,False,True,False
PINX1,False,False,True,False
PIP4K2A,False,False,False,True
PIP4K2B,False,False,False,True
PIP5K1A,True,False,False,False
PIP5K1B,False,False,True,False
PIP5K1C,False,False,False,True
PIPOX,False,True,False,False
PIR,False,False,True,False
PITHD1,False,False,False,True
PITPNB,False,False,True,False
PITPNC1,True,False,False,True
PITPNM1,True,False,False,True
PITPNM2,False,False,False,True
PITPNM3,False,False,True,False
PITRM1,True,False,False,False
PITX1,False,False,True,False
PJA1,True,False,False,False
PJA2,True,False,False,False
PKD1,False,False,False,True
PKD1P1,True,False,False,False
PKD2,False,True,False,False
PKHD1L1,False,False,True,False
PKI55,False,True,False,False
PKIA,False,False,False,True
PKIB,True,False,False,False
PKIG,False,False,False,True
PKM,False,True,False,False
PKMYT1,False,True,True,False
PKN1,True,False,False,True
PKN3,False,True,False,False
PKNOX2,True,False,False,False
PLA2G12A,False,True,False,False
PLA2G15,False,True,False,False
PLA2G16,True,False,False,False
PLA2G4A,False,False,True,False
PLA2G6,False,False,False,True
PLAA,True,False,True,False
PLAAT2,False,False,True,False
PLAC8,False,False,True,False
PLAC9,False,True,False,False
PLAG1,True,False,False,False
PLAGL1,False,True,False,False
PLAGL2,True,False,False,False
PLAT,False,True,True,False
PLAU,False,True,False,False
PLAUR,False,True,False,True
PLCB1,True,False,False,True
PLCB2,False,True,False,False
PLCB3,False,True,False,False
PLCB4,True,False,True,False
PLCD1,True,False,False,False
PLCE1,False,True,False,False
PLCG2,False,False,True,False
PLCH1,False,False,False,True
PLCH2,False,False,False,True
PLCL1,True,False,False,True
PLCL2,True,False,False,False
PLD2,False,True,False,False
PLD4,False,False,False,True
PLD5,False,True,False,False
PLD6,True,False,False,False
PLEC,True,False,False,False
PLEKHA1,True,False,False,True
PLEKHA3,True,False,False,False
PLEKHA5,True,False,False,True
PLEKHB1,False,True,False,True
PLEKHB2,True,False,False,False
PLEKHF2,True,False,False,False
PLEKHG1,True,False,False,True
PLEKHG2,False,True,False,False
PLEKHG3,False,True,False,True
PLEKHG4,False,False,False,True
PLEKHG4B,False,True,False,False
PLEKHH1,False,True,True,False
PLEKHH2,False,True,False,True
PLEKHH3,True,False,True,False
PLEKHJ1,False,True,False,False
PLEKHM2,True,False,False,False
PLEKHM3,True,False,False,True
PLEKHN1,False,False,True,False
PLEKHO1,False,True,False,False
PLIN2,False,True,False,False
PLIN3,False,True,False,False
PLIN5,False,True,False,True
PLK1,False,True,True,False
PLK1S1,True,False,False,False
PLK2,True,False,False,True
PLK3,True,False,False,False
PLK4,False,True,True,False
PLLP,False,False,False,True
PLOD1,False,True,False,False
PLOD2,False,True,False,False
PLP1,False,True,False,False
PLPP3,False,False,True,False
PLPP7,False,False,False,True
PLRG1,False,False,True,False
PLS1,False,True,True,False
PLS3,False,False,True,False
PLSCR1,False,False,True,False
PLSCR4,False,False,True,False
PLTP,True,False,False,False
PLXDC1,False,False,False,True
PLXNA2,False,True,False,False
PLXNA4,True,False,False,True
PLXNB1,False,True,False,False
PLXND1,False,True,False,True
PM20D2,False,True,True,False
PMAIP1,True,False,False,False
PMEL,False,True,True,False
PMEPA1,True,False,False,False
PMF1,False,True,False,False
PML,True,False,True,False
PMM1,True,False,False,False
PMM2,True,False,True,False
PMP22,False,True,False,True
PMPCA,False,True,True,False
PMS2,True,False,False,False
PMS2CL,True,False,False,False
PMVK,False,False,True,False
PNCK,False,True,False,False
PNISR,False,True,False,False
PNMA1,False,False,False,True
PNMA2,False,True,False,False
PNMA3,False,True,False,False
PNMAL1,True,False,False,False
PNN,False,True,False,False
PNO1,False,False,True,False
PNPLA1,False,False,True,False
PNPLA2,True,False,False,False
PNPLA3,True,False,False,False
PNPLA7,False,False,False,True
PNPLA8,True,False,False,False
PNPO,False,False,True,False
PNPT1,False,False,True,False
PNRC1,False,False,False,True
PNRC2,False,True,False,False
POC1A,False,True,True,False
PODN,False,False,False,True
PODXL,False,True,True,False
PODXL2,False,True,False,True
POFUT1,False,True,False,False
POFUT2,True,False,False,False
POFUT4,False,False,False,True
POGLUT1,False,False,True,False
POGLUT2,False,False,True,False
POGLUT3,False,False,True,False
POLA1,False,True,True,False
POLA2,False,True,True,False
POLB,False,False,True,False
POLD1,False,True,True,False
POLD2,False,True,False,False
POLD3,False,True,True,False
POLD4,False,False,False,True
POLDIP2,False,False,True,False
POLE,False,True,True,False
POLE2,False,True,True,False
POLE4,False,True,False,False
POLG2,False,False,True,False
POLH,True,False,False,False
POLI,False,True,False,False
POLK,False,False,True,False
POLM,True,False,False,False
POLN,False,False,True,False
POLQ,False,True,True,False
POLR1A,False,True,True,False
POLR1D,False,False,False,True
POLR1E,False,False,False,True
POLR1G,False,False,True,False
POLR1H,False,False,True,False
POLR2A,True,False,False,False
POLR2D,False,False,True,False
POLR2H,True,False,True,False
POLR2K,False,False,True,False
POLR2L,False,True,False,False
POLR3B,False,False,True,False
POLR3C,True,False,True,False
POLR3D,True,False,True,False
POLR3E,False,True,True,False
POLR3G,False,False,True,False
POLR3K,False,True,True,False
POM121,False,False,False,True
POMC,False,True,False,False
POMGNT1,False,True,False,False
POMP,False,False,True,False
PON2,False,True,False,False
POP1,False,True,True,False
POP4,False,False,True,False
POP5,False,True,True,False
POP7,False,False,True,False
POPDC1,False,False,True,False
POPDC2,True,False,False,False
POR,True,False,False,False
PORCN,True,False,False,False
POT1,False,False,True,False
POTEM,False,True,False,False
POU2AF1,False,False,True,False
POU2F1,False,False,True,False
POU3F2,False,True,False,False
POU3F3,True,False,False,False
POU6F1,False,False,False,True
PP7080,False,True,False,False
PPA1,True,False,True,False
PPA2,False,False,True,False
PPAN,False,False,True,False
PPAP2B,False,True,False,False
PPAPDC1B,False,True,False,False
PPAPDC2,False,True,False,False
PPARD,False,False,False,True
PPARG,False,False,True,False
PPARGC1A,True,False,False,False
PPARGC1B,True,False,False,False
PPAT,False,False,True,False
PPCDC,False,True,False,False
PPFIA1,True,False,False,False
PPFIA2,True,False,False,False
PPFIA3,True,False,False,False
PPFIA4,False,True,False,True
PPFIBP1,True,False,False,False
PPFIBP2,False,False,True,False
PPIA,False,True,True,False
PPIB,True,False,True,False
PPID,True,False,True,False
PPIEL,False,True,False,False
PPIF,False,True,False,False
PPIG,True,False,False,False
PPIL1,False,True,True,False
PPIL4,True,False,False,False
PPIP5K2,False,True,True,False
PPL,True,False,False,False
PPM1A,True,False,False,False
PPM1B,True,False,False,False
PPM1D,True,False,False,False
PPM1F,False,False,False,True
PPM1G,False,False,True,False
PPM1H,True,False,False,True
PPM1K,True,False,True,False
PPM1L,True,False,False,True
PPME1,True,False,False,False
PPOX,False,True,False,False
PPP1CB,True,False,True,False
PPP1CC,False,False,True,False
PPP1R10,True,False,False,False
PPP1R11,False,True,False,False
PPP1R12A,True,False,False,False
PPP1R12C,True,False,False,False
PPP1R13B,True,False,False,True
PPP1R14B,False,True,False,False
PPP1R15A,True,False,False,False
PPP1R15B,True,False,False,False
PPP1R16A,True,False,False,False
PPP1R17,True,False,False,True
PPP1R2,True,False,False,False
PPP1R37,True,False,False,False
PPP1R3B,True,False,False,False
PPP1R3C,True,False,False,False
PPP1R3E,False,True,False,False
PPP1R3F,False,False,False,True
PPP1R7,False,False,True,False
PPP1R9B,True,False,False,False
PPP2CA,True,False,False,False
PPP2CB,False,False,True,False
PPP2R1B,False,False,True,False
PPP2R2A,True,False,True,False
PPP2R2B,True,False,False,False
PPP2R2D,True,False,False,True
PPP2R3C,False,False,True,False
PPP2R4,False,True,False,False
PPP2R5A,True,False,False,False
PPP2R5B,True,False,False,False
PPP2R5D,False,True,False,False
PPP2R5E,True,False,False,False
PPP3CA,True,False,False,False
PPP3CC,True,False,False,False
PPP3R1,True,False,False,False
PPP4R1L,True,False,False,False
PPP4R2,True,False,True,False
PPP5C,False,True,False,False
PPP6R1,True,False,False,False
PPT1,False,True,False,False
PPTC7,True,False,False,True
PPWD1,False,True,False,False
PQLC3,False,True,False,False
PRAG1,False,False,False,True
PRC1,False,True,True,False
PRCP,False,True,False,False
PRDM1,False,False,True,False
PRDM10,False,True,False,False
PRDM11,False,False,False,True
PRDM15,False,True,True,False
PRDM16,True,False,False,False
PRDM2,False,False,False,True
PRDM4,True,False,False,True
PRDM8,False,False,False,True
PRDX1,False,True,True,False
PRDX2,False,True,False,False
PRDX3,False,True,True,False
PRDX4,False,True,True,False
PRDX5,True,False,True,False
PREB,True,False,True,False
PREPL,False,True,False,False
PREX2,False,True,False,False
PRH1,False,False,False,True
PRICKLE4,False,True,False,False
PRIM1,False,True,True,False
PRIM2,False,True,True,False
PRKAA2,True,False,False,False
PRKAB1,True,False,False,False
PRKAB2,True,False,False,True
PRKACB,True,False,False,False
PRKAG1,False,False,True,False
PRKAG3,False,False,False,True
PRKAR1A,True,False,False,False
PRKAR2A,True,False,False,True
PRKCA,True,False,False,True
PRKCB,False,False,False,True
PRKCE,True,False,False,True
PRKCH,False,False,False,True
PRKCI,True,False,True,False
PRKCSH,False,True,False,False
PRKCZ,False,False,False,True
PRKD3,False,True,False,False
PRKDC,False,True,False,False
PRKG2,False,False,False,True
PRKRIP1,True,False,False,False
PRKX,False,False,False,True
PRLR,True,False,False,False
PRMT1,False,False,True,False
PRMT10,True,False,False,False
PRMT2,False,False,False,True
PRMT2IP,False,False,False,True
PRMT3,False,False,True,False
PRMT5,False,False,True,False
PRMT8,False,True,False,False
PRNP,True,False,False,False
PROB1,False,True,True,False
PROCA1,False,True,False,False
PROCR,False,False,False,True
PROM1,False,True,False,True
PROM2,False,True,False,False
PRORP,False,False,True,False
PROS1,False,True,False,False
PROSC,True,False,False,False
PROSER1,False,False,True,False
PROSER2,True,False,False,False
PROSER3,False,False,False,True
PRPF18,True,False,False,False
PRPF38A,False,True,True,False
PRPF38B,True,False,False,False
PRPF39,True,False,False,False
PRPF4,True,False,True,False
PRPF40A,True,False,True,False
PRPF6,True,False,False,False
PRPS1,False,True,False,False
PRPS2,False,True,True,False
PRR11,False,True,True,False
PRR12,True,False,False,True
PRR14L,True,False,False,False
PRR15,False,False,True,False
PRR19,False,False,True,False
PRR22,False,True,False,False
PRR36,False,False,False,True
PRR5L,False,False,False,True
PRRC1,True,False,False,False
PRRC2B,False,False,False,True
PRRT1,False,False,False,True
PRRT2,False,True,False,True
PRSS1,False,False,False,True
PRSS16,False,False,True,False
PRSS21,False,False,True,False
PRSS23,False,True,False,True
PRSS33,False,False,False,True
PRSS35,False,True,False,False
PRSS57,False,False,False,True
PRTFDC1,False,True,False,False
PRTG,True,False,True,False
PRX,False,False,False,True
PRXL2A,False,False,False,True
PRXL2B,False,False,False,True
PSAT1,True,False,True,False
PSD,True,False,False,True
PSD2,True,False,False,False
PSD3,False,False,False,True
PSEN2,False,True,True,False
PSMA1,False,False,True,False
PSMA2,False,False,True,False
PSMA3,False,False,True,False
PSMA4,False,True,True,False
PSMA5,False,False,True,False
PSMA6,False,False,True,False
PSMA7,False,False,True,False
PSMA8,False,False,True,False
PSMB1,False,False,True,False
PSMB2,False,True,True,False
PSMB3,False,False,True,False
PSMB5,False,True,True,False
PSMB6,False,False,True,False
PSMB7,False,False,True,False
PSMB8,False,False,True,False
PSMB9,True,False,True,False
PSMC1,False,False,True,False
PSMC2,False,False,True,False
PSMC3,False,False,True,False
PSMC3IP,False,True,True,False
PSMC4,True,False,True,False
PSMC5,False,False,True,False
PSMC6,True,False,True,False
PSMD1,False,False,True,False
PSMD10,False,False,True,False
PSMD11,False,False,True,False
PSMD12,True,False,True,False
PSMD13,False,False,True,False
PSMD14,False,False,True,False
PSMD2,False,False,True,False
PSMD3,False,False,True,False
PSMD4,False,False,True,False
PSMD5,True,False,True,False
PSMD6,False,False,True,False
PSMD7,False,False,True,False
PSMD8,True,False,True,False
PSME2,True,False,True,False
PSME2P2,True,False,False,False
PSME3,False,True,False,False
PSME4,True,False,True,False
PSMG1,False,False,True,False
PSMG3-AS1,False,True,False,False
PSMG4,False,True,False,False
PSPC1,False,True,True,False
PSPH,True,False,True,False
PSRC1,False,True,False,False
PSTK,False,True,False,True
PSTPIP2,True,False,False,False
PTAFR,False,True,False,False
PTAR1,True,False,False,False
PTBP1,False,True,False,False
PTBP3,True,False,False,False
PTCD1,False,False,True,False
PTCD3,False,False,True,False
PTCH1,False,False,False,True
PTCH2,True,False,False,False
PTCHD4,False,True,False,False
PTDSS2,False,True,False,False
PTEN,True,False,False,False
PTGDR,False,False,False,True
PTGDR2,False,False,False,True
PTGER4,True,False,False,True
PTGES,False,False,False,True
PTGES3,False,False,True,False
PTGFRN,False,True,False,False
PTGIS,False,True,False,False
PTGR1,False,True,False,False
PTGR2,False,True,False,False
PTGR3,False,False,False,True
PTK2B,True,False,True,False
PTK7,False,True,False,True
PTMS,False,True,False,False
PTN,False,True,False,False
PTP4A1,True,False,False,False
PTP4A2,False,False,False,True
PTP4A3,False,True,False,False
PTPA,False,False,True,False
PTPDC1,True,False,False,False
PTPLA,False,True,False,False
PTPLAD1,False,True,False,False
PTPMT1,True,False,False,False
PTPN1,True,False,True,False
PTPN12,True,False,False,False
PTPN13,True,False,False,False
PTPN14,True,False,False,False
PTPN18,False,True,False,True
PTPN22,False,True,False,False
PTPN23,True,False,False,False
PTPN4,True,False,False,False
PTPRA,False,False,False,True
PTPRE,True,False,False,False
PTPRF,False,False,True,False
PTPRJ,True,False,False,False
PTPRK,False,False,False,True
PTPRM,False,False,False,True
PTPRN,True,False,False,False
PTPRN2,True,False,False,False
PTPRO,True,False,True,False
PTPRU,False,False,True,False
PTPRZ1,False,True,False,False
PTRH1,False,True,False,False
PTRH2,False,False,True,False
PTTG1,False,True,True,False
PTX3,False,True,False,False
PUF60,False,True,False,False
PUM3,False,False,True,False
PURA,True,False,False,False
PURB,True,False,False,False
PUS7,False,True,True,False
PUS7L,False,False,True,False
PVRL1,False,True,False,False
PVRL3,False,True,False,False
PVRL3-AS1,False,True,False,False
PVT1,True,False,False,False
PWP1,False,False,True,False
PWWP2A,True,False,False,False
PWWP2B,False,False,False,True
PXDC1,True,False,False,False
PXK,True,False,False,False
PXMP2,False,True,True,False
PYCR1,True,False,True,False
PYCR3,False,False,True,False
PYCRL,False,True,False,False
PYGL,False,True,False,True
PYGO1,True,False,False,False
PYHIN1,False,False,False,True
PYM1,False,False,True,False
PYROXD2,False,False,False,True
PYURF,False,True,False,False
QDPR,False,False,True,False
QPCTL,False,True,True,False
QPRT,False,False,True,False
QRSL1,False,True,True,False
QSOX1,False,True,False,False
QSOX2,False,True,False,False
QTRT1,False,True,False,False
R3HDM1,True,False,False,False
R3HDM2,True,False,False,True
R3HDM4,True,False,False,False
RAB11A,False,True,False,False
RAB11B,False,True,False,False
RAB11FIP1,True,False,False,False
RAB11FIP2,True,False,False,False
RAB11FIP3,False,False,False,True
RAB11FIP4,False,False,False,True
RAB11FIP5,True,False,False,True
RAB12,True,False,False,False
RAB14,True,False,False,False
RAB15,False,True,False,False
RAB1A,False,False,True,False
RAB1B,False,True,False,False
RAB21,True,False,False,False
RAB22A,True,False,False,False
RAB23,False,False,True,False
RAB26,False,True,False,False
RAB2A,True,False,False,False
RAB2B,True,False,False,False
RAB30,True,False,True,False
RAB31,True,False,False,False
RAB33A,True,False,False,False
RAB33B,True,False,False,False
RAB36,False,True,False,False
RAB37,False,False,False,True
RAB38,False,False,True,False
RAB39A,False,False,True,False
RAB39B,True,False,False,False
RAB3A,True,False,False,True
RAB3B,True,False,False,False
RAB3C,True,False,False,False
RAB3GAP1,True,False,False,False
RAB3GAP2,True,False,False,False
RAB3IL1,True,False,True,False
RAB40C,True,False,False,False
RAB42,False,True,False,False
RAB4A,False,False,False,True
RAB5A,True,False,False,False
RAB5B,False,False,False,True
RAB6A,True,False,False,False
RAB6B,True,False,False,True
RAB7A,True,False,False,False
RAB7L1,False,True,False,False
RAB8A,False,True,True,False
RAB8B,True,False,False,False
RAB9A,True,False,False,False
RAB9B,False,True,False,False
RABAC1,False,False,True,False
RABEP1,True,False,False,False
RABEPK,False,False,True,False
RABGAP1,True,False,False,False
RABGAP1L,True,False,False,False
RABGEF1,True,False,False,False
RABGGTA,False,False,True,False
RABL2A,False,True,False,True
RABL2B,False,True,False,True
RABL3,False,True,False,False
RABL6,False,True,False,False
RACGAP1,False,True,True,False
RACK1,False,False,False,True
RAD17,True,False,True,False
RAD18,False,True,False,False
RAD23B,False,False,True,False
RAD50,False,False,True,False
RAD51,False,True,True,False
RAD51AP1,False,True,True,False
RAD51C,False,False,True,False
RAD51D,False,False,True,False
RAD52,True,False,False,False
RAD54B,False,False,True,False
RAD54L,False,True,True,False
RAD9A,True,False,False,False
RAE1,False,False,True,False
RAI1,False,False,False,True
RAI14,False,True,False,False
RALGAPA2,False,True,False,False
RALGAPB,True,False,False,False
RALGDS,False,False,False,True
RALGPS1,False,False,False,True
RALGPS2,True,False,False,False
RALY,False,True,False,False
RAMP1,False,False,False,True
RAN,False,True,True,False
RANBP1,False,True,True,False
RANBP10,True,False,False,False
RANBP2,True,False,False,False
RANBP6,True,False,False,False
RANBP9,True,False,False,False
RANGAP1,False,True,True,False
RANGRF,False,True,False,False
RAP1A,True,False,False,False
RAP1B,True,False,False,False
RAP1GDS1,True,False,True,False
RAP2A,True,False,False,False
RAP2B,True,False,False,True
RAPGEF1,False,False,False,True
RAPGEF2,True,False,True,False
RAPGEF4,True,False,False,False
RAPGEF5,False,False,True,False
RAPGEF6,True,False,False,False
RAPH1,True,False,False,False
RARA,True,False,False,False
RARRES3,True,False,False,False
RARS1,False,False,True,False
RARS2,True,False,True,False
RASA2,True,False,False,False
RASA3,True,False,False,True
RASA4,False,False,False,True
RASAL2,True,False,False,False
RASAL3,False,False,False,True
RASD1,False,True,False,False
RASD2,False,True,False,False
RASGEF1A,False,False,False,True
RASGEF1B,True,False,False,False
RASGRF2,False,False,False,True
RASGRP1,True,False,False,False
RASGRP3,False,False,True,False
RASL10B,False,True,False,False
RASL11A,False,False,False,True
RASL11B,False,True,False,False
RASSF1,False,False,False,True
RASSF2,False,True,False,False
RASSF5,False,False,False,True
RASSF7,False,True,False,True
RASSF8,True,False,False,False
RB1,False,False,True,False
RB1CC1,True,False,False,False
RBAK,True,False,False,False
RBBP4,False,True,False,False
RBBP5,True,False,False,False
RBBP6,True,False,False,False
RBBP7,False,True,False,False
RBBP8,False,True,True,False
RBBP9,False,True,False,False
RBCK1,True,False,False,False
RBFA,False,True,False,False
RBFOX3,False,False,False,True
RBIS,False,False,True,False
RBKS,False,False,True,False
RBL1,False,True,True,False
RBL2,False,True,False,True
RBM10,True,False,False,False
RBM12,False,True,False,False
RBM12B,False,True,False,False
RBM14,False,True,False,False
RBM15,True,False,False,False
RBM15B,False,False,False,True
RBM18,True,False,False,False
RBM19,False,True,False,False
RBM20,True,False,False,False
RBM24,True,False,False,False
RBM25,True,False,True,False
RBM26,True,False,True,False
RBM27,True,False,False,False
RBM3,False,True,False,False
RBM33,True,False,False,True
RBM34,False,False,True,False
RBM39,True,False,False,False
RBM4,False,True,False,False
RBM41,False,True,False,False
RBM42,True,False,True,False
RBM43,False,False,True,False
RBM45,False,True,True,False
RBM4B,False,True,False,False
RBM5,True,False,False,False
RBM6,True,False,False,False
RBM7,True,False,False,False
RBMS1,True,False,False,False
RBMX,False,True,False,False
RBMX2,True,False,False,False
RBMXL1,False,True,False,False
RBP1,False,True,False,False
RBPMS2,False,True,False,True
RBX1,False,True,True,False
RC3H1,True,False,False,False
RC3H2,True,False,False,False
RCAN3,False,False,False,True
RCBTB2,False,True,True,False
RCC1,False,True,True,False
RCC1L,False,False,True,False
RCC2,False,True,True,False
RCCD1,False,True,True,False
RCHY1,True,False,False,False
RCN1,False,False,True,False
RCN2,False,True,False,False
RCN3,False,False,False,True
RCOR1,True,False,False,False
RCOR3,True,False,False,False
RD3,False,True,False,False
RDH11,True,False,False,False
RDH13,True,False,False,False
RDH14,True,False,True,False
RDM1,False,True,False,False
RDX,False,False,True,False
REC8,False,False,True,False
RECK,False,False,False,True
RECQL,False,False,True,False
RECQL4,False,True,True,False
RECQL5,False,True,False,False
REEP1,True,False,False,False
REEP3,False,False,True,False
REEP4,False,False,True,False
REEP6,False,False,False,True
REL,True,False,False,True
RELA,True,False,False,False
RELB,True,False,False,False
RELT,False,True,False,False
RENBP,True,False,False,False
REPS1,True,False,False,True
REPS2,True,False,False,False
RER1,False,False,True,False
REST,True,False,False,False
RETREG1,False,False,False,True
RETREG2,False,False,False,True
RETSAT,True,False,True,False
REV1,True,False,False,False
REV3L,True,False,False,False
REXO2,False,True,True,False
REXO5,False,False,True,False
RFC1,False,False,True,False
RFC2,False,True,True,False
RFC3,False,True,True,False
RFC4,False,False,True,False
RFC5,False,True,True,False
RFK,True,False,False,False
RFLNB,False,False,False,True
RFNG,False,True,False,False
RFPL3S,True,False,False,False
RFT1,False,True,True,False
RFTN1,True,False,False,True
RFTN2,True,False,False,False
RFWD2,True,False,False,False
RFWD3,False,True,True,False
RFX2,True,False,False,True
RFX3,True,False,False,False
RFX4,True,False,False,False
RFX5,False,True,False,False
RFX7,True,False,False,False
RFXAP,False,True,False,False
RGL1,True,True,True,False
RGMA,False,True,False,False
RGMB,False,False,False,True
RGS13,False,False,True,False
RGS16,False,True,True,False
RGS2,False,True,False,False
RGS20,False,True,False,False
RGS3,True,False,False,False
RGS5,False,True,False,False
RGS7,True,False,False,False
RGS7BP,True,False,False,False
RGS9,False,False,False,True
RHBDD1,True,False,True,False
RHBDD2,True,False,False,False
RHBDD3,True,False,True,False
RHBDF2,True,False,False,False
RHBDL3,False,True,False,False
RHEB,True,False,False,False
RHEBL1,False,False,True,False
RHOA,False,False,False,True
RHOBTB3,False,True,False,True
RHOC,False,True,False,True
RHOF,False,False,False,True
RHOT1,True,False,False,False
RHOU,False,True,False,False
RHPN1,False,True,False,False
RHPN1-AS1,False,True,False,False
RIBC1,False,True,False,False
RIBC2,False,True,False,False
RIC1,False,False,True,False
RICTOR,True,False,False,False
RIDA,False,False,True,False
RIGI,False,False,True,False
RILPL1,True,False,False,False
RIMKLA,True,False,False,False
RIMKLB,True,False,False,False
RIMS1,True,False,False,False
RIMS2,True,False,False,False
RIMS3,False,False,False,True
RING1,False,True,False,False
RINT1,True,False,True,False
RIOK1,True,False,True,False
RIOK2,True,False,True,False
RIOK3,True,False,False,False
RIPK1,True,False,False,False
RIPK2,True,False,False,False
RIT1,True,False,False,False
RIT2,True,False,False,False
RLF,True,False,False,False
RLIM,True,False,False,False
RLN1,False,False,False,True
RMC1,False,False,True,False
RMDN1,False,True,True,False
RMDN2,False,True,False,False
RMI1,False,False,True,False
RMI2,False,True,True,False
RMND1,True,False,True,False
RMND5A,True,False,False,True
RMRP,True,False,False,False
RN7SL124P,True,False,False,False
RN7SL368P,False,True,False,False
RN7SL471P,True,False,False,False
RNASE1,False,True,True,False
RNASE2,False,False,True,False
RNASE4,False,True,False,False
RNASE6,False,True,False,False
RNASEH2A,False,True,True,False
RNASEH2B,False,True,False,False
RNASEH2C,False,True,False,False
RNASET2,False,True,False,False
RND1,True,False,False,False
RND3,True,False,False,False
RNF10,True,False,False,False
RNF11,True,False,False,True
RNF111,True,False,False,False
RNF113A,True,False,False,False
RNF115,True,False,False,False
RNF121,False,False,True,False
RNF122,False,True,False,False
RNF125,False,False,False,True
RNF126,True,False,False,False
RNF130,False,True,False,False
RNF138,True,False,False,False
RNF139,True,False,False,True
RNF14,True,False,False,False
RNF141,False,False,False,True
RNF144A,False,True,False,True
RNF145,False,False,True,False
RNF150,True,False,False,False
RNF152,True,False,False,False
RNF166,True,False,False,False
RNF167,False,True,False,False
RNF168,True,False,False,False
RNF169,True,False,False,False
RNF170,False,True,False,False
RNF175,False,True,False,False
RNF180,True,False,False,False
RNF181,True,False,True,False
RNF182,False,False,False,True
RNF185,True,False,True,False
RNF187,True,False,False,False
RNF19A,True,False,False,False
RNF19B,True,False,False,False
RNF2,True,False,False,False
RNF208,True,False,False,False
RNF214,True,False,False,True
RNF215,False,True,False,False
RNF216,False,False,False,True
RNF217,True,False,False,False
RNF25,True,False,False,False
RNF26,False,True,False,False
RNF31,True,False,False,False
RNF32,False,False,True,False
RNF34,False,False,True,False
RNF38,True,False,False,True
RNF41,True,False,False,False
RNF43,False,False,False,True
RNF44,False,True,False,False
RNF5,False,False,True,False
RNF6,True,False,False,False
RNF8,False,False,True,False
RNFT2,False,False,True,False
RNGTT,False,False,True,False
RNMT,True,False,False,False
RNPC3,False,True,False,False
RO60,False,False,True,False
ROBO3,False,True,False,True
ROCK2,True,False,False,False
ROGDI,False,True,False,False
ROMO1,False,False,True,False
ROR2,False,False,True,False
RORA,True,False,False,False
RP1-177G6.2,False,True,False,False
RP11-107E5.3,False,True,False,False
RP11-157E21.1,False,True,False,False
RP11-193F5.1,False,True,False,False
RP11-274E7.2,True,False,False,False
RP11-298P3.4,True,False,False,False
RP11-44K6.2,True,False,False,False
RP11-459I19.1,False,True,False,False
RP11-488C13.7,False,True,False,False
RP11-661A12.5,True,False,False,False
RP11-676M6.1,True,False,False,False
RP11-79H23.3,True,False,False,False
RP2,True,False,False,False
RP3-393E18.2,True,False,False,False
RP3-508I15.19,True,False,False,False
RP3-508I15.21,True,False,False,False
RP4-753P9.3,False,True,False,False
RP5-850E9.3,False,True,False,False
RP9,True,False,False,False
RP9P,True,False,False,False
RPA1,False,True,False,False
RPA2,False,True,False,False
RPA3,False,True,True,False
RPAP1,False,False,True,False
RPAP2,True,False,False,False
RPAP3,True,False,True,False
RPE,False,False,True,False
RPF2,True,False,True,False
RPGR,False,True,False,False
RPGRIP1,False,False,False,True
RPH3A,False,False,False,True
RPL10,False,False,False,True
RPL11,False,False,False,True
RPL12,False,False,False,True
RPL13,False,False,False,True
RPL13A,False,False,False,True
RPL14,False,False,False,True
RPL15,False,False,False,True
RPL17,False,False,False,True
RPL18,False,False,False,True
RPL18A,False,False,False,True
RPL19,False,False,False,True
RPL21,False,False,False,True
RPL22,False,False,False,True
RPL22L1,False,False,True,False
RPL23,False,False,False,True
RPL23A,False,False,False,True
RPL23AP53,False,True,False,False
RPL26,False,False,False,True
RPL26L1,False,False,True,False
RPL27,False,False,False,True
RPL27A,False,False,False,True
RPL3,False,False,False,True
RPL30,False,False,False,True
RPL31,False,False,False,True
RPL32,False,False,False,True
RPL32P3,False,True,False,False
RPL34,False,False,False,True
RPL35A,False,False,False,True
RPL36A-HNRNPH2,False,True,False,False
RPL36AL,True,False,False,False
RPL37,False,False,False,True
RPL38,False,False,False,True
RPL39L,False,False,True,False
RPL4,False,False,False,True
RPL41,False,False,False,True
RPL5,False,False,False,True
RPL6,False,False,False,True
RPL7A,False,True,False,False
RPL7L1,False,False,True,False
RPL8,False,False,False,True
RPL9,False,False,False,True
RPLP2,False,False,False,True
RPN1,True,False,True,False
RPN2,False,False,True,False
RPP14,False,False,True,False
RPP25,False,False,True,False
RPP25L,False,False,True,False
RPP30,False,False,True,False
RPP38,True,False,True,False
RPP40,False,False,True,False
RPRD1A,True,False,True,False
RPRD1B,False,False,True,False
RPRD2,True,False,False,True
RPS11,False,False,False,True
RPS14,False,False,False,True
RPS16,False,False,False,True
RPS19BP1,True,False,True,False
RPS2,False,False,False,True
RPS20,False,False,False,True
RPS23,False,False,False,True
RPS25,False,False,False,True
RPS27,False,False,False,True
RPS27A,False,False,False,True
RPS27L,False,True,True,False
RPS28,False,False,False,True
RPS3,False,False,False,True
RPS4X,False,False,False,True
RPS6,False,False,False,True
RPS6KA2,True,False,False,True
RPS6KA3,False,False,False,True
RPS6KA4,True,False,False,False
RPS6KA5,False,False,False,True
RPS6KB1,True,False,False,False
RPS6KB2,True,False,False,False
RPS6KL1,False,False,True,False
RPS7,False,False,False,True
RPSA,False,True,False,False
RPUSD4,False,True,False,False
RRAGB,True,False,False,False
RRAGC,True,False,False,False
RRAGD,False,True,True,False
RRAS2,True,False,False,False
RRBP1,True,False,True,False
RREB1,True,False,False,False
RRM1,False,True,True,False
RRM2,False,True,True,False
RRM2B,True,False,False,False
RRN3,True,False,False,False
RRNAD1,False,True,False,False
RRP1,False,False,True,False
RRP36,True,False,True,False
RRP7A,False,False,True,False
RRP7B,False,True,False,False
RRP8,True,False,False,False
RRP9,False,False,True,False
RSAD1,False,True,False,True
RSAD2,True,False,True,False
RSBN1,True,False,False,True
RSBN1L,True,False,True,False
RSC1A1,True,False,True,False
RSF1,True,False,False,False
RSL1D1,True,False,False,False
RSL24D1,True,False,False,False
RSPH1,False,True,True,False
RSPH4A,False,True,False,False
RSPO1,False,True,False,False
RSPO2,False,True,False,False
RSPRY1,True,False,True,False
RSRC1,False,False,True,False
RSRC2,True,False,False,False
RSU1,True,False,False,True
RTCA,False,False,True,False
RTCB,False,False,True,False
RTEL1,False,False,True,False
RTKN,False,False,False,True
RTKN2,False,True,False,False
RTL6,False,False,False,True
RTN1,False,False,False,True
RTN4,False,True,False,False
RTN4IP1,False,False,True,False
RTN4R,False,True,False,True
RTN4RL1,False,False,False,True
RTN4RL2,False,False,False,True
RTP4,False,False,True,False
RTRAF,False,False,True,False
RUBCN,False,False,True,False
RUBCNL,False,False,False,True
RUFY1,True,False,False,False
RUFY2,False,False,False,True
RUFY4,False,False,True,False
RUNDC1,True,False,False,False
RUNDC3B,True,False,False,False
RUNX3,False,False,False,True
RUSC2,True,False,False,False
RUSF1,False,False,True,False
RUVBL1,False,True,True,False
RUVBL2,False,False,True,False
RWDD1,True,False,False,False
RWDD2A,False,False,True,False
RWDD2B,False,False,True,False
RXRG,True,False,False,False
RXYLT1,False,False,True,False
RYBP,True,False,False,False
RYK,False,False,False,True
RYR1,False,False,False,True
RYR2,True,False,False,False
S100A4,False,True,False,False
S100B,False,False,False,True
S100PBP,False,False,True,False
S1PR1,True,False,False,True
S1PR5,False,False,False,True
SAAL1,False,False,True,False
SAC3D1,False,False,True,False
SACK1D,False,False,True,False
SACM1L,True,False,False,False
SAFB,True,False,True,False
SAFB2,True,False,False,False
SALL1,True,False,False,False
SALL2,False,True,False,True
SAMD10,False,True,False,True
SAMD11,True,False,False,False
SAMD13,False,True,False,False
SAMD14,False,False,False,True
SAMD15,False,True,False,False
SAMD4A,True,False,True,False
SAMD5,False,True,False,False
SAMD8,True,False,False,False
SAMD9,False,False,True,False
SAMD9L,False,False,True,False
SAMM50,True,False,False,False
SAMSN1,False,False,True,False
SAMTOR,False,False,False,True
SAP130,True,False,False,False
SAP30,False,False,True,False
SAP30BP,False,False,True,False
SAPCD1,False,True,False,False
SAPCD2,False,True,True,False
SAR1A,False,False,True,False
SAR1B,True,False,True,False
SARAF,False,False,False,True
SARDH,False,False,False,True
SARM1,False,False,False,True
SARNP,True,False,True,False
SARS,True,False,False,False
SARS1,False,False,True,False
SARS2,False,True,False,False
SART1,True,False,False,False
SART3,False,False,True,False
SASH1,True,False,False,False
SASH3,False,True,False,False
SASS6,False,False,True,False
SAT1,True,True,False,False
SATB1,False,False,False,True
SAV1,True,False,False,True
SAYSD1,False,True,False,False
SBDS,True,False,False,False
SBDSP1,True,False,False,False
SBK1,False,False,False,True
SBNO1,True,False,False,False
SBNO2,True,False,False,False
SBSPON,False,True,False,False
SC5DL,True,False,False,False
SCAF4,True,False,False,False
SCAF8,True,False,False,True
SCAI,True,False,False,True
SCAMP1,True,False,False,False
SCAMP3,True,False,False,False
SCAMP5,False,False,True,False
SCAND3,True,False,False,False
SCAPER,True,False,False,False
SCARA3,False,True,False,False
SCARB2,False,False,True,False
SCARF2,False,False,False,True
SCD,True,False,True,False
SCD5,False,True,False,False
SCFD1,True,False,True,False
SCFD2,False,False,True,False
SCG2,True,False,False,False
SCGB3A1,False,False,False,True
SCHIP1,True,False,False,False
SCIN,False,False,True,False
SCML2,False,False,True,False
SCML4,False,False,False,True
SCN1B,False,True,False,False
SCN2A,True,False,False,False
SCN3A,False,False,False,True
SCN3B,True,False,False,False
SCN4B,False,True,False,False
SCN5A,False,False,False,True
SCN8A,True,False,False,True
SCNM1,False,False,True,False
SCNN1B,False,False,True,False
SCNN1D,False,True,False,False
SCO1,True,False,True,False
SCOC,True,False,True,False
SCP2,False,True,False,False
SCPEP1,False,True,False,False
SCRN2,False,True,False,False
SCRN3,False,True,True,False
SCRT1,False,True,False,False
SCUBE2,False,True,False,False
SCUBE3,False,True,False,False
SCYL1,True,False,False,False
SCYL2,True,False,False,False
SCYL3,False,False,True,False
SDAD1,True,False,False,False
SDC1,False,True,True,False
SDC2,False,True,False,False
SDC3,False,True,True,False
SDC4,True,True,False,False
SDE2,True,False,False,False
SDF2,False,False,True,False
SDF2L1,True,False,True,False
SDF4,False,False,True,False
SDHA,True,False,True,False
SDHAF1,True,False,False,False
SDHAF2,False,True,False,False
SDHB,True,False,True,False
SDHC,False,True,False,False
SDHD,False,False,True,False
SDK2,False,True,False,True
SDR42E1,False,False,True,False
SDS,False,False,True,False
SDSL,False,False,True,False
SEC11A,False,True,False,False
SEC11C,True,False,True,False
SEC13,False,False,True,False
SEC14L2,False,False,False,True
SEC16A,True,False,False,False
SEC22B,False,True,True,False
SEC22B2P,False,False,False,True
SEC23A,True,False,True,False
SEC23B,True,False,True,False
SEC23IP,True,False,True,False
SEC24A,True,False,True,False
SEC24B,True,False,False,True
SEC24C,True,False,True,False
SEC24D,True,False,True,False
SEC31A,True,False,True,False
SEC31B,False,True,False,False
SEC61A1,True,False,True,False
SEC61B,True,False,True,False
SEC61G,True,False,True,False
SEC62,True,False,True,False
SEC63,True,False,True,False
SECISBP2,False,True,False,False
SECISBP2L,True,False,False,False
SEH1L,False,True,True,False
SEL1L,True,False,True,False
SEL1L3,False,True,True,False
SELENBP1,False,True,False,False
SELENOH,False,False,True,False
SELENOI,False,False,True,False
SELENOP,False,True,False,False
SELENOS,False,False,True,False
SELENOT,False,False,True,False
SELK,True,False,False,False
SELM,True,False,False,False
SELO,True,False,False,False
SELPLG,True,False,False,False
SELT,True,False,False,False
SEM1,False,False,True,False
SEMA3A,False,False,False,True
SEMA3C,False,False,False,True
SEMA3G,False,False,True,False
SEMA4A,True,False,True,False
SEMA4C,False,False,False,True
SEMA4D,True,False,False,False
SEMA4F,False,True,False,True
SEMA4G,False,False,False,True
SEMA5A,False,True,False,True
SEMA6A,False,True,False,False
SEMA6C,False,True,False,True
SENP2,False,False,True,False
SENP7,True,False,False,False
SEP15,True,False,False,False
SEPHS1,False,True,True,False
SEPHS2,True,False,True,False
SEPN1,False,True,False,False
SEPT10,False,True,False,False
SEPT2,False,True,False,False
SEPT6,False,True,False,False
SEPT7,True,False,False,False
SEPT7P2,True,False,False,False
SEPT9,False,True,False,False
SEPTIN10,False,False,True,False
SEPTIN3,False,False,True,False
SEPTIN4,False,False,True,False
SEPTIN6,False,False,False,True
SEPTIN9,False,False,False,True
SERBP1,False,False,True,False
SERF1B,False,False,False,True
SERGEF,False,False,False,True
SERINC1,True,False,False,False
SERINC3,True,False,False,False
SERINC5,True,False,False,True
SERP1,True,False,True,False
SERPINB10,False,False,True,False
SERPINB2,False,False,True,False
SERPINB6,False,False,False,True
SERPINE1,False,False,True,False
SERPING1,False,True,True,False
SERPINH1,False,True,False,False
SERPINI1,False,False,True,False
SERTAD1,True,False,False,False
SERTAD2,True,False,False,True
SERTAD3,True,False,False,True
SESN2,True,False,False,False
SESN3,True,False,False,True
SETD1A,False,False,False,True
SETD1B,True,False,False,True
SETD2,True,False,False,True
SETD5,True,False,False,False
SETD5-AS1,False,True,False,False
SETD7,True,False,False,False
SETD8,True,False,False,False
SETDB2-PHF11,False,False,True,False
SETMAR,False,True,False,False
SEZ6L,False,False,False,True
SEZ6L2,True,False,False,False
SF1,False,False,False,True
SF3A1,False,False,False,True
SF3B3,False,False,True,False
SF3B5,False,True,False,False
SF3B6,False,False,True,False
SFI1,False,False,False,True
SFMBT1,False,True,False,False
SFPQ,False,True,False,False
SFR1,False,True,True,False
SFRP2,False,True,False,False
SFRP5,False,False,False,True
SFSWAP,True,False,False,True
SFT2D1,False,False,True,False
SFT2D2,False,False,True,False
SFT2D3,False,True,False,True
SFTPD,False,False,False,True
SFXN1,False,False,True,False
SFXN2,False,True,True,False
SFXN3,False,True,False,False
SFXN4,False,True,True,False
SFXN5,False,True,False,False
SGCD,False,False,False,True
SGCE,False,False,False,True
SGIP1,True,False,False,False
SGK1,False,True,False,False
SGK2,True,False,False,False
SGMS1,True,False,False,False
SGO1,False,False,True,False
SGO2,False,False,True,False
SGOL2,False,True,False,False
SGPL1,False,True,False,False
SGPP1,True,False,False,False
SGPP2,True,True,False,False
SGSM1,False,False,False,True
SGSM3,False,True,False,False
SGTB,True,False,False,False
SH2B1,False,True,False,True
SH2B3,True,False,False,False
SH2D1B,False,False,False,True
SH2D3C,True,False,False,False
SH2D4A,False,False,True,False
SH2D5,False,True,False,False
SH2D7,False,True,False,False
SH3BGR,True,False,False,False
SH3BGRL,False,True,False,False
SH3BGRL2,True,False,False,True
SH3BGRL3,False,True,False,False
SH3BP2,False,True,False,False
SH3BP4,False,False,False,True
SH3BP5,False,False,False,True
SH3BP5L,True,False,False,False
SH3D19,False,True,False,False
SH3GL2,True,False,False,False
SH3GLB2,False,True,False,False
SH3KBP1,True,False,False,False
SH3PXD2A,True,False,False,False
SH3PXD2B,False,True,False,False
SH3RF1,True,False,False,False
SH3RF3,True,False,False,False
SH3YL1,True,False,False,True
SHANK1,True,False,False,True
SHANK2,True,False,False,False
SHB,True,False,False,True
SHC2,True,False,False,False
SHCBP1,False,False,True,False
SHD,False,True,False,False
SHF,False,True,False,True
SHFM1,False,True,False,False
SHISA2,True,False,False,False
SHISA4,False,True,False,False
SHISA7,True,False,False,False
SHISA8,False,False,False,True
SHISAL2A,False,False,False,True
SHLD2,False,False,True,False
SHMT1,False,True,True,False
SHMT2,True,False,True,False
SHOC2,True,False,False,False
SHPK,False,True,False,False
SHQ1,False,True,True,False
SIAH1,False,False,False,True
SIAH2,True,False,False,False
SIGIRR,False,False,False,True
SIGLEC1,False,False,True,False
SIGLEC10,False,True,False,True
SIGLEC10-AS1,False,False,False,True
SIGLEC11,False,False,True,False
SIGLEC16,False,False,True,False
SIGLEC8,False,False,False,True
SIGMAR1,False,True,False,False
SIK1,True,False,False,False
SIK2,True,False,False,True
SIK3,True,False,False,False
SIKE1,True,False,True,False
SIL1,False,False,True,False
SIM1,False,True,False,False
SIMC1,True,False,False,True
SIN3B,True,False,False,True
SIPA1,False,True,False,True
SIPA1L3,True,False,False,False
SIRAL1,False,False,True,False
SIRPA,False,True,False,False
SIRPB2,False,True,False,False
SIRPG,False,False,False,True
SIRT1,True,False,False,False
SIRT2,True,False,False,True
SIVA1,False,True,False,False
SIX3,False,True,False,False
SIX4,True,False,False,False
SIX5,False,True,True,False
SKA1,False,True,True,False
SKA2,False,True,True,False
SKA3,False,True,True,False
SKAP1,False,False,False,True
SKI,False,False,False,True
SKIC3,False,False,True,False
SKIC8,False,False,True,False
SKIDA1,True,False,False,False
SKIL,True,False,False,False
SKP2,False,True,False,False
SLA,False,True,False,False
SLAIN2,True,False,False,False
SLAMF7,True,False,True,False
SLAMF8,False,True,False,False
SLBP,True,False,True,False
SLC10A5,True,False,False,False
SLC10A7,True,False,True,False
SLC11A1,False,True,False,True
SLC11A2,False,True,False,False
SLC12A2,True,False,False,False
SLC12A4,True,False,False,False
SLC12A7,False,True,False,False
SLC12A8,False,False,True,False
SLC14A1,False,False,False,True
SLC15A2,True,False,False,False
SLC16A1,False,True,True,False
SLC16A10,False,False,False,True
SLC16A11,False,False,False,True
SLC16A13,False,True,True,False
SLC16A14,False,False,True,False
SLC16A2,True,False,False,False
SLC16A6,True,False,False,False
SLC16A7,True,False,False,False
SLC17A5,True,False,False,False
SLC17A6,True,False,False,False
SLC17A9,False,False,True,False
SLC18A1,False,True,False,False
SLC18A2,False,False,False,True
SLC18B1,False,True,False,False
SLC19A1,False,True,False,False
SLC19A2,True,False,False,False
SLC1A1,True,False,False,False
SLC1A2,True,False,False,False
SLC1A3,False,False,True,False
SLC1A4,True,False,True,False
SLC1A5,True,False,True,False
SLC1A6,False,True,False,False
SLC1A7,False,False,False,True
SLC22A15,True,False,False,False
SLC22A16,False,False,True,False
SLC22A17,False,False,False,True
SLC22A23,False,True,False,True
SLC22A31,False,False,True,False
SLC23A2,False,False,False,True
SLC24A1,False,True,False,True
SLC25A10,False,True,True,False
SLC25A11,True,False,False,False
SLC25A12,True,False,True,False
SLC25A14,False,False,True,False
SLC25A15,False,True,False,False
SLC25A17,False,False,True,False
SLC25A19,False,False,True,False
SLC25A25,True,False,False,False
SLC25A27,False,True,False,False
SLC25A29,False,True,False,True
SLC25A30,True,False,False,False
SLC25A33,True,False,False,False
SLC25A36,True,False,False,False
SLC25A38,True,False,False,False
SLC25A4,False,False,True,False
SLC25A42,True,False,False,False
SLC25A44,True,False,False,False
SLC25A46,True,False,True,False
SLC25A53,False,True,False,True
SLC26A11,True,False,False,True
SLC27A1,False,False,False,True
SLC27A2,False,False,True,False
SLC29A2,False,True,False,True
SLC29A3,False,True,False,False
SLC29A4,False,True,False,False
SLC2A1,False,True,False,True
SLC2A12,False,True,False,False
SLC2A13,True,False,False,False
SLC2A3,True,False,False,False
SLC2A3P1,False,True,False,False
SLC2A4,False,True,False,False
SLC2A4RG,False,False,False,True
SLC2A5,False,False,True,False
SLC2A6,True,False,False,False
SLC30A1,True,False,False,False
SLC30A4,False,False,False,True
SLC30A5,False,False,True,False
SLC30A6,False,False,True,False
SLC30A7,True,False,True,False
SLC33A1,True,False,True,False
SLC35A2,True,False,True,False
SLC35A3,False,True,False,False
SLC35A4,False,True,False,False
SLC35A5,False,True,True,False
SLC35B1,True,False,True,False
SLC35B2,False,True,False,False
SLC35B3,False,False,True,False
SLC35C1,False,False,True,False
SLC35C2,False,True,False,False
SLC35D2,False,True,False,False
SLC35D4,False,False,True,False
SLC35E2,False,True,False,False
SLC35E3,False,True,False,False
SLC35F2,False,False,True,False
SLC35F3,True,False,False,False
SLC35F4,True,False,False,False
SLC35F5,True,False,True,False
SLC35F6,False,False,True,False
SLC35G1,False,True,False,False
SLC35G2,True,False,False,False
SLC36A1,False,True,False,False
SLC36A4,False,True,False,False
SLC37A1,False,False,True,False
SLC37A4,False,True,False,False
SLC38A1,True,False,False,False
SLC38A10,False,True,True,False
SLC38A2,True,False,True,False
SLC38A4,False,True,False,False
SLC38A5,False,False,True,False
SLC38A6,False,True,False,False
SLC38A9,False,False,True,False
SLC39A1,False,True,False,False
SLC39A10,False,True,False,True
SLC39A11,False,True,True,False
SLC39A13,False,True,False,True
SLC39A14,True,False,True,False
SLC39A6,False,True,False,False
SLC39A7,False,False,True,False
SLC39A8,False,True,True,False
SLC39A9,False,False,True,False
SLC3A2,True,False,False,False
SLC41A2,True,False,True,False
SLC41A3,False,False,False,True
SLC43A1,False,False,False,True
SLC43A3,False,True,True,False
SLC44A1,False,False,True,False
SLC44A2,True,False,False,True
SLC44A3,False,True,False,False
SLC44A5,False,True,False,False
SLC45A1,False,False,False,True
SLC45A3,False,True,False,True
SLC45A4,False,True,False,False
SLC46A2,False,False,False,True
SLC46A3,False,False,False,True
SLC4A1,False,False,False,True
SLC4A10,True,False,False,False
SLC4A11,False,False,True,False
SLC4A1AP,False,False,True,False
SLC4A3,False,False,False,True
SLC4A4,False,True,False,True
SLC66A3,False,False,False,True
SLC67A2,False,False,True,False
SLC6A1,True,False,False,False
SLC6A16,False,True,False,True
SLC6A6,False,True,False,False
SLC6A9,True,False,True,False
SLC71A3P,False,False,False,True
SLC7A1,True,False,True,False
SLC7A11,True,True,True,False
SLC7A14,True,False,False,False
SLC7A3,True,False,False,False
SLC7A5,True,False,True,False
SLC7A5P2,True,False,False,False
SLC7A6,False,False,False,True
SLC7A8,False,False,False,True
SLC9A1,True,False,False,False
SLC9A3,False,True,False,False
SLC9A6,True,False,False,False
SLC9A7,True,False,False,True
SLC9B2,False,True,False,False
SLCO2B1,False,True,True,False
SLCO3A1,False,True,False,False
SLCO4A1,False,False,True,False
SLCO5A1,False,False,True,False
SLFN12,False,False,True,False
SLFN5,True,False,False,False
SLIRP,False,False,True,False
SLIT1,False,False,True,False
SLIT3,False,True,False,False
SLK,True,False,False,False
SLMAP,True,False,False,False
SLTM,False,False,True,False
SLU7,True,False,False,False
SLX4,False,False,True,False
SLX4IP,False,False,True,False
SLX9,False,False,True,False
SMAD2,True,False,False,True
SMAD3,False,False,False,True
SMAD4,True,False,False,False
SMAD6,True,False,True,False
SMAD7,True,False,False,True
SMAD9,True,False,False,False
SMAGP,False,False,False,True
SMAP1,True,False,False,False
SMAP2,True,False,False,False
SMARCA2,True,False,False,True
SMARCA5,False,False,True,False
SMARCAL1,False,False,True,False
SMARCC1,False,True,False,False
SMARCC2,False,True,False,True
SMC1A,False,True,False,False
SMC2,False,True,True,False
SMC3,True,False,True,False
SMC4,False,True,True,False
SMC6,False,True,True,False
SMCHD1,False,False,True,False
SMCR7L,True,False,False,False
SMCR8,True,False,False,False
SMEK1,True,False,False,False
SMEK2,True,False,False,False
SMG1,True,False,False,False
SMG5,False,False,True,False
SMG7,True,False,False,False
SMG9,False,True,False,False
SMIM10L2A,False,False,False,True
SMIM11,False,True,False,False
SMIM12,False,True,False,False
SMIM14,True,False,False,False
SMIM15,True,False,True,False
SMIM20,False,False,True,False
SMIM30,False,False,True,False
SMIM33,False,False,True,False
SMIM35,False,False,False,True
SMIM4,False,True,False,False
SMIM48,False,False,False,True
SMIM7,False,True,False,False
SMIM8,False,True,False,False
SMKR1,False,False,False,True
SMNDC1,True,False,False,False
SMO,False,True,False,False
SMOC1,False,True,False,False
SMOC2,False,True,False,False
SMOX,True,False,False,False
SMPD3,True,False,False,False
SMPDL3B,False,False,True,False
SMS,False,True,False,False
SMTN,False,False,True,False
SMTNL1,False,True,False,False
SMU1,False,False,True,False
SMUG1,False,True,True,False
SMURF1,True,False,False,False
SMURF2,True,False,False,True
SMYD2,False,True,False,False
SMYD3,True,False,False,False
SMYD4,False,True,False,False
SMYD5,False,True,False,False
SNAP29,True,False,False,False
SNAP91,True,False,False,False
SNAPC1,True,False,False,False
SNAPC4,True,False,False,False
SNAPC5,False,False,True,False
SNCA,True,False,False,False
SNCAIP,False,True,False,False
SND1,True,False,True,False
SNED1,False,False,False,True
SNF8,False,False,True,False
SNHG1,False,True,False,False
SNHG10,False,True,False,False
SNHG15,True,False,False,False
SNHG16,False,True,False,False
SNHG3,True,True,False,False
SNIP1,True,False,False,False
SNN,False,True,False,False
SNORA18,True,False,False,False
SNORA40,True,False,False,False
SNORA8,True,False,False,False
SNORD116-4,True,False,False,False
SNPH,True,False,False,True
SNRK,False,False,False,True
SNRNP25,False,True,True,False
SNRNP27,True,False,True,False
SNRNP35,False,True,True,False
SNRNP40,False,False,True,False
SNRNP48,True,False,False,False
SNRPA,False,True,False,False
SNRPA1,False,False,True,False
SNRPB,False,True,True,False
SNRPB2,False,False,True,False
SNRPC,False,True,True,False
SNRPD1,False,True,True,False
SNRPD2,False,True,False,False
SNRPD3,False,True,False,False
SNRPE,False,True,True,False
SNRPF,False,True,False,False
SNRPG,False,True,True,False
SNRPN,True,False,False,False
SNTA1,False,False,False,True
SNTB1,True,False,False,False
SNTB2,True,False,False,True
SNW1,False,False,True,False
SNX10,True,False,False,False
SNX13,True,False,False,False
SNX15,False,False,False,True
SNX16,True,False,False,False
SNX18,True,False,False,False
SNX2,True,False,False,False
SNX22,False,False,False,True
SNX24,False,False,False,True
SNX25,True,False,False,False
SNX27,True,False,False,False
SNX29,False,False,False,True
SNX30,True,False,False,True
SNX33,False,True,False,False
SNX4,False,False,True,False
SNX5,False,False,True,False
SNX9,True,False,False,True
SOBP,True,False,False,False
SOCS1,True,False,False,False
SOCS2,True,False,False,False
SOCS3,False,True,False,False
SOCS5,True,False,False,True
SOCS6,True,False,False,False
SOCS7,True,False,False,True
SORBS1,True,False,False,False
SORBS3,False,True,False,True
SORCS1,False,True,False,False
SORCS2,False,True,False,False
SORD,False,True,False,False
SORL1,False,True,False,True
SORT1,False,True,False,False
SOSTDC1,True,False,False,False
SOWAHC,True,False,False,False
SOX1,False,True,False,False
SOX11,True,False,False,False
SOX13,False,False,False,True
SOX2,False,True,False,False
SOX21,False,True,False,False
SOX3,False,True,False,False
SOX4,True,False,False,True
SOX5,True,False,False,False
SOX9,True,False,False,False
SP100,False,False,True,False
SP140,False,False,True,False
SP2,False,True,False,False
SP3,True,False,False,False
SP4,True,False,False,False
SP8,True,False,False,False
SPA17,False,True,True,False
SPAG17,False,True,False,False
SPAG4,False,False,True,False
SPAG5,False,True,True,False
SPAG6,False,True,True,False
SPAG7,False,True,False,False
SPAG8,False,True,False,True
SPARC,False,True,False,False
SPARCL1,False,True,False,False
SPAST,True,False,False,False
SPATA17,True,False,False,False
SPATA2,True,False,False,False
SPATA20,False,True,False,False
SPATA24,False,False,True,False
SPATA5,False,True,False,False
SPATA6,False,True,False,True
SPATA7,False,False,False,True
SPATC1,False,False,True,False
SPATS2,False,False,True,False
SPATS2L,True,False,True,False
SPC24,False,True,True,False
SPC25,False,True,True,False
SPCS1,False,False,True,False
SPCS2,True,False,True,False
SPCS3,False,False,True,False
SPDL1,False,True,True,False
SPDYE3,False,False,False,True
SPDYE7P,False,True,False,False
SPECC1,False,True,False,False
SPECC1L,False,False,False,True
SPEF1,False,True,False,False
SPEF2,False,True,False,True
SPEN,True,False,False,False
SPESP1,False,False,True,False
SPG20,True,False,False,False
SPHK1,True,True,False,False
SPIB,False,False,False,True
SPIC,False,False,True,False
SPIN1,False,True,False,False
SPIN2B,False,True,False,False
SPINK2,False,False,False,True
SPINT2,False,False,False,True
SPIRE1,True,False,False,False
SPIRE2,False,False,False,True
SPNS3,False,False,False,True
SPOCK1,False,True,False,False
SPOCK2,True,False,False,True
SPON1,False,True,False,False
SPON2,False,True,False,False
SPOP,False,False,True,False
SPOPL,True,False,False,False
SPPL2A,False,True,True,False
SPPL3,True,False,False,True
SPRED1,False,False,False,True
SPRED2,True,False,False,False
SPRY1,False,False,False,True
SPRY2,True,False,False,False
SPRY4,True,False,False,False
SPRYD3,True,False,False,False
SPRYD4,False,True,False,False
SPRYD7,True,False,False,False
SPSB1,True,False,True,False
SPTAN1,True,False,False,False
SPTB,False,True,False,True
SPTBN1,True,False,False,False
SPTBN2,False,True,False,False
SPTLC1,True,False,True,False
SPTLC2,False,True,False,False
SPTSSA,False,False,True,False
SPTY2D1,True,False,False,False
SPX,False,False,False,True
SQLE,True,False,True,False
SQOR,False,False,True,False
SQSTM1,True,False,False,False
SRA1,True,False,True,False
SRBD1,False,False,True,False
SRC,True,False,False,False
SRD5A3,False,True,False,False
SREBF1,True,False,False,False
SREK1,True,False,True,False
SRFBP1,True,False,False,False
SRGAP1,True,False,False,False
SRGAP2,False,True,False,False
SRGAP2C,True,False,False,False
SRI,False,False,True,False
SRM,False,False,True,False
SRP19,False,False,True,False
SRP54,False,False,True,False
SRP68,True,False,True,False
SRP72,True,False,True,False
SRP9,False,True,True,False
SRPK1,False,True,True,False
SRPK2,True,False,False,True
SRPR,True,False,False,False
SRPRA,False,False,True,False
SRPRB,True,False,True,False
SRPX,False,True,False,False
SRR,False,False,True,False
SRRD,False,False,True,False
SRRM1,True,False,False,False
SRRM2,False,False,False,True
SRRM3,True,False,False,False
SRRT,True,False,False,False
SRSF1,False,True,True,False
SRSF10,True,False,True,False
SRSF11,True,False,False,False
SRSF2,False,True,False,False
SRSF3,False,False,True,False
SRSF4,False,False,True,False
SRSF5,False,True,False,True
SRSF8,True,False,False,True
SRSF9,False,False,True,False
SRXN1,False,True,False,False
SS18,False,False,True,False
SSB,False,False,True,False
SSBP1,False,True,True,False
SSBP2,True,False,False,True
SSBP3,False,False,False,True
SSBP4,False,False,False,True
SSC4D,False,False,True,False
SSC5D,True,False,False,False
SSFA2,True,False,False,False
SSH1,True,False,False,True
SSPN,False,False,True,False
SSPO,False,True,False,False
SSPOP,False,False,False,True
SSR1,True,False,True,False
SSR3,True,False,True,False
SSR4,True,False,True,False
SSRP1,False,True,False,False
SSSCA1,True,False,False,False
SSTR2,False,True,False,False
SSTR3,False,False,True,False
SSX2IP,True,False,False,False
ST13,False,False,False,True
ST18,False,True,False,False
ST3GAL1,False,True,False,True
ST3GAL3,False,False,False,True
ST3GAL4,False,True,False,False
ST3GAL6,False,True,False,False
ST6GAL1,False,True,False,False
ST6GALNAC3,False,True,False,False
ST6GALNAC4,True,False,True,False
ST6GALNAC5,False,True,False,False
ST6GALNAC6,False,False,False,True
ST7,True,False,True,False
ST8SIA1,False,True,False,True
ST8SIA2,False,True,False,False
ST8SIA3,True,False,False,False
ST8SIA4,False,True,True,False
ST8SIA6,True,False,False,True
STAB1,False,False,True,False
STAC3,False,False,True,False
STAG1,False,True,False,False
STAG3L2,False,True,False,False
STAG3L4,False,True,False,False
STAM,True,False,False,True
STAM2,False,False,True,False
STAMBP,False,False,True,False
STAP1,False,False,True,False
STAP2,False,False,True,False
STARD13,False,True,False,False
STARD4,True,False,True,False
STARD5,False,False,True,False
STARD7,False,False,True,False
STARD9,False,False,False,True
STAT1,True,False,True,False
STAT2,False,False,True,False
STAT3,True,False,False,False
STBD1,False,False,True,False
STC2,True,False,False,False
STIL,False,True,True,False
STIM1,False,True,False,True
STIM2,False,False,False,True
STIMATE,False,False,True,False
STIMATE-MUSTN1,False,False,True,False
STIP1,False,False,True,False
STK10,True,False,False,True
STK11IP,False,True,False,False
STK17A,True,False,False,False
STK24,False,False,False,True
STK32B,False,False,False,True
STK32C,False,False,False,True
STK40,True,False,False,False
STMN1,False,False,True,False
STMN3,False,True,False,True
STMN4,True,False,False,False
STN1,False,False,False,True
STOM,True,False,False,False
STOML2,False,False,True,False
STON1,True,False,False,False
STON2,True,False,False,False
STOX1,False,True,False,False
STOX2,True,False,False,False
STRA13,False,True,False,False
STRA6,False,True,False,False
STRADA,False,True,False,False
STRADB,False,True,False,False
STRAP,True,False,False,False
STRIP1,True,False,False,False
STRIP2,False,True,True,False
STRN3,True,False,True,False
STRN4,True,False,False,False
STT3A,True,False,True,False
STT3B,False,False,True,False
STX10,False,True,False,False
STX11,True,False,False,False
STX12,True,False,False,False
STX17,False,True,False,False
STX18,False,False,True,False
STX1A,True,False,False,False
STX4,True,False,False,False
STX5,True,False,False,False
STX8,True,False,False,False
STXBP1,True,False,False,True
STXBP3,True,False,False,False
STXBP4,True,False,False,False
STXBP6,False,True,False,False
STYX,True,False,False,False
STYXL1,False,False,True,False
SUB1,False,False,True,False
SUCLA2,True,False,True,False
SUCLG1,True,False,True,False
SUCNR1,False,False,True,False
SUCO,True,False,False,False
SUDS3,False,False,True,False
SUGP1,True,False,False,False
SUGP2,False,True,False,False
SUGT1,True,False,True,False
SULF1,False,True,False,False
SULF2,False,False,False,True
SULT4A1,True,False,False,False
SUMF1,False,True,False,True
SUMF2,False,True,False,False
SUMO3,False,True,False,False
SUN2,False,False,False,True
SUPT16H,False,True,False,False
SUPT20H,True,False,False,False
SUPT3H,False,False,False,True
SUPT5H,True,False,True,False
SUPT6H,True,False,False,False
SUPV3L1,True,False,True,False
SURF4,True,False,True,False
SURF6,True,False,False,False
SUSD2,False,True,False,False
SUSD4,False,False,False,True
SUSD6,False,False,False,True
SUV39H1,False,True,True,False
SUV39H2,False,True,True,False
SUZ12,True,False,False,False
SUZ12P1,False,True,False,False
SV2A,True,False,False,False
SVIL,False,True,False,False
SVOP,True,False,False,False
SWT1,True,False,True,False
SYBU,False,False,False,True
SYCE2,True,False,True,False
SYCP2L,True,False,False,False
SYDE2,True,False,False,True
SYF2,True,False,False,False
SYK,False,True,False,False
SYMPK,False,False,True,False
SYN1,True,False,False,False
SYN2,False,False,True,False
SYN3,False,False,False,True
SYNC,False,True,True,False
SYNCRIP,False,False,True,False
SYNDIG1,False,True,False,False
SYNE1,True,False,False,True
SYNE2,False,True,False,True
SYNGAP1,False,False,False,True
SYNGR1,False,False,False,True
SYNGR2,False,True,False,False
SYNGR3,True,False,False,True
SYNJ1,True,False,False,False
SYNM,True,False,False,False
SYNPO,False,False,False,True
SYNPO2,False,False,True,False
SYNRG,True,False,False,False
SYP,True,False,False,False
SYPL1,False,False,False,True
SYS1,False,False,False,True
SYT1,False,False,True,False
SYT13,True,False,False,False
SYT14,True,False,False,False
SYT15,False,False,True,False
SYT17,False,False,False,True
SYT2,False,True,False,False
SYT4,True,False,False,False
SYT5,True,False,False,False
SYT6,True,False,False,False
SYTL1,False,False,False,True
SYVN1,True,False,True,False
SZRD1,False,True,False,False
TAB2,True,False,False,True
TAB3,True,False,False,False
TACC1,True,False,False,False
TACC3,False,True,False,False
TACO1,True,False,True,False
TADA2B,True,False,False,False
TAF11,False,True,True,False
TAF12,True,False,False,False
TAF13,True,False,False,False
TAF1A,True,False,True,False
TAF1B,False,False,True,False
TAF1D,True,False,False,False
TAF2,True,False,True,False
TAF3,True,False,False,True
TAF4,True,False,False,True
TAF4B,True,False,True,False
TAF5,False,False,True,False
TAF8,False,True,True,False
TAF9,False,False,True,False
TAFA1,False,False,False,True
TAFA5,False,False,True,False
TAFAZZIN,False,False,False,True
TAGLN,False,True,False,False
TAGLN2,False,True,False,False
TAMALIN,False,False,False,True
TAMM41,False,False,False,True
TANC1,False,False,True,False
TANC2,True,False,False,True
TANGO6,False,True,False,False
TANK,True,False,True,False
TAOK1,True,False,False,False
TAOK2,True,False,False,False
TAOK3,True,False,False,False
TAP1,True,False,True,False
TAP2,True,False,True,False
TAPBP,False,True,False,False
TAPT1,True,False,False,False
TAPT1-AS1,False,True,False,False
TARDBP,False,True,True,False
TARS,True,False,False,False
TARS1,False,False,True,False
TARS2,False,False,True,False
TARSL2,True,False,False,False
TAS2R4,False,True,False,False
TAS2R5,False,True,False,False
TASL,False,False,True,False
TATDN3,True,False,True,False
TAX1BP1,True,False,False,False
TAX1BP3,False,True,False,False
TBC1D1,False,True,True,False
TBC1D10A,True,False,False,True
TBC1D10B,True,False,False,False
TBC1D10C,False,False,False,True
TBC1D12,True,False,False,False
TBC1D15,True,False,True,False
TBC1D16,False,True,False,False
TBC1D17,True,False,False,True
TBC1D19,True,False,False,False
TBC1D20,True,False,False,True
TBC1D22A,False,False,False,True
TBC1D22B,True,False,False,False
TBC1D23,True,False,True,False
TBC1D25,False,False,False,True
TBC1D2B,False,True,False,False
TBC1D3F,True,False,False,False
TBC1D4,False,False,False,True
TBC1D7,False,False,True,False
TBC1D8B,False,False,True,False
TBCA,False,False,True,False
TBCC,True,False,False,True
TBCCD1,True,False,True,False
TBCD,False,True,False,True
TBCE,True,False,True,False
TBCEL,True,False,True,False
TBCK,True,False,False,False
TBK1,True,False,True,False
TBL1X,True,False,False,False
TBL2,True,False,True,False
TBL3,False,False,True,False
TBR1,True,False,False,False
TBRG4,False,False,True,False
TBX19,True,False,False,False
TBX21,False,False,False,True
TBXAS1,False,True,False,False
TC2N,False,False,False,True
TCEA1,True,False,False,False
TCEA2,True,False,False,True
TCEAL8,False,False,True,False
TCEAL9,False,False,True,False
TCEANC2,False,True,False,False
TCEB3,True,False,False,False
TCERG1,False,False,True,False
TCF19,False,True,True,False
TCF20,False,False,False,True
TCF25,True,False,False,False
TCF3,False,True,False,False
TCF4,False,False,True,False
TCF7,False,True,False,True
TCF7L1,False,False,True,False
TCFL5,False,True,False,True
TCHP,False,True,False,False
TCL1A,False,False,False,True
TCL1B,False,False,False,True
TCN2,False,True,True,False
TCOF1,False,True,False,False
TCP1,False,False,True,False
TCP11L1,True,False,False,False
TCP11L2,False,False,False,True
TCTA,False,True,False,False
TCTEX1D2,False,True,False,False
TCTN1,False,True,False,False
TCTN2,False,True,False,True
TCTN3,False,True,True,False
TDG,False,False,True,False
TDP1,False,True,False,False
TDP2,True,True,True,False
TDRD7,False,False,True,False
TEAD1,True,False,False,False
TEAD2,False,True,False,True
TEAD3,False,True,False,False
TECPR1,False,True,False,False
TECTA,True,False,True,False
TEDC1,False,False,True,False
TEDC2,False,False,True,False
TEF,True,False,False,False
TEFM,False,True,True,False
TEK,False,True,False,False
TEKT1,False,True,False,False
TEKT2,False,True,False,False
TEKT3,True,False,False,False
TELO2,False,True,False,False
TENM1,True,False,False,False
TENM3,False,True,False,False
TENT4A,False,False,True,False
TENT5C,False,False,True,False
TERF1,False,False,True,False
TERF2,True,False,False,False
TERF2IP,True,False,False,False
TERT,False,False,True,False
TES,True,False,False,False
TESK1,True,False,False,False
TESPA1,False,False,False,True
TET1,True,False,False,False
TET2,True,False,False,False
TET3,True,False,False,False
TEX10,True,False,False,False
TEX14,False,False,True,False
TEX2,False,False,True,False
TEX21P,False,True,False,False
TEX261,False,True,False,False
TEX30,False,False,True,False
TEX9,False,True,True,False
TFAM,True,False,False,False
TFAP2E,True,False,False,True
TFB2M,False,False,True,False
TFCP2L1,False,False,False,True
TFDP1,False,True,True,False
TFDP2,False,True,False,True
TFE3,True,False,False,False
TFEC,False,False,True,False
TFG,False,False,True,False
TFIP11,False,False,True,False
TFPT,False,False,True,False
TFRC,False,False,True,False
TGDS,True,False,True,False
TGFB1I1,False,True,False,False
TGFB2,False,True,False,False
TGFB3,False,False,False,True
TGFBI,False,True,False,False
TGFBR2,False,False,False,True
TGFBR3L,False,False,False,True
TGFBRAP1,True,False,False,True
TGIF1,True,False,False,True
TGM1,False,False,True,False
TGM2,False,False,True,False
TGM3,False,False,False,True
TGOLN2,False,True,False,True
THADA,False,True,False,False
THAP10,True,False,False,False
THAP11,False,False,False,True
THAP3,True,False,False,False
THAP5,True,False,True,False
THAP6,False,False,True,False
THAP8,True,False,False,False
THAP9-AS1,True,False,False,False
THBS1,False,True,False,False
THBS2,False,True,False,False
THBS3,False,True,False,False
THEM4,False,False,False,True
THEM5,False,False,False,True
THEM6,False,True,False,False
THEMIS2,False,True,False,False
THG1L,False,True,False,False
THOC1,True,False,True,False
THOC3,False,False,True,False
THOC5,True,False,False,False
THOC6,False,True,False,False
THOC7,False,False,True,False
THOP1,False,False,True,False
THRA,False,False,False,True
THRAP3,False,False,True,False
THSD4,False,True,False,False
THUMPD2,True,False,True,False
THUMPD3,False,False,True,False
THYN1,False,True,False,False
TIA1,False,True,False,False
TIAL1,False,False,True,False
TIAM1,False,False,False,True
TIAM1-AS1,False,False,True,False
TICRR,False,True,True,False
TIE1,False,True,False,False
TIFA,False,True,True,False
TIGD1,False,False,False,True
TIGD2,True,False,False,False
TIGD3,False,False,False,True
TIGD5,False,False,False,True
TIGD6,False,False,True,False
TIGIT,False,False,False,True
TIMCC,False,False,True,False
TIMD4,False,False,True,False
TIMELESS,False,True,True,False
TIMM10,False,True,True,False
TIMM13,False,True,False,False
TIMM17A,True,False,True,False
TIMM21,False,False,True,False
TIMM23,False,False,True,False
TIMM29,False,False,True,False
TIMM44,True,False,True,False
TIMM8A,False,False,True,False
TIMM8B,False,False,True,False
TIMMDC1,False,False,True,False
TIMP2,False,True,False,False
TIMP3,True,False,False,False
TINCR,True,False,False,False
TINF2,False,True,False,False
TIPARP,True,False,False,False
TIPIN,False,False,True,False
TIPRL,True,False,True,False
TJP1,True,False,False,False
TJP2,True,True,False,False
TJP3,False,False,False,True
TK1,False,True,True,False
TK2,False,True,False,False
TKT,True,False,False,False
TKTL1,False,True,False,True
TLCD2,False,True,False,False
TLE1,False,False,False,True
TLE2,False,False,False,True
TLE5,False,False,False,True
TLK1,True,False,False,False
TLK2,True,False,False,False
TLL2,False,False,True,False
TLR10,False,False,False,True
TLR4,False,True,False,False
TLR7,False,False,True,False
TM2D1,False,False,True,False
TM2D2,False,False,True,False
TM6SF1,False,True,False,False
TM7SF3,False,True,True,False
TM9SF1,False,False,True,False
TM9SF2,False,False,True,False
TM9SF3,False,False,True,False
TMA16,False,False,True,False
TMBIM4,False,True,False,False
TMC6,False,False,False,True
TMC8,False,False,False,True
TMCC1,False,False,False,True
TMCO1,True,False,True,False
TMCO3,False,True,False,False
TMCO6,False,True,False,False
TMED1,False,True,True,False
TMED10,True,False,True,False
TMED2,True,False,True,False
TMED3,False,False,True,False
TMED4,False,True,False,False
TMED5,False,False,True,False
TMED7,True,False,False,False
TMED8,False,False,True,False
TMED9,True,False,True,False
TMEFF2,True,False,False,False
TMEM106A,False,False,True,False
TMEM106C,False,True,True,False
TMEM107,False,True,False,False
TMEM108,False,False,True,False
TMEM109,False,True,False,False
TMEM11,True,False,False,False
TMEM120B,False,True,False,False
TMEM123,False,True,False,False
TMEM126A,False,False,True,False
TMEM126B,False,True,True,False
TMEM128,True,False,False,False
TMEM129,False,True,False,False
TMEM130,True,False,False,False
TMEM131L,False,False,False,True
TMEM132A,False,True,False,False
TMEM134,False,False,False,True
TMEM135,True,False,True,False
TMEM136,False,True,False,False
TMEM138,False,True,False,False
TMEM140,False,True,True,False
TMEM141,False,True,False,False
TMEM14B,False,True,False,False
TMEM14C,False,True,False,False
TMEM150A,False,True,False,True
TMEM150B,False,False,True,False
TMEM151A,True,False,False,False
TMEM156,False,False,True,False
TMEM158,False,True,False,False
TMEM161B,True,False,False,False
TMEM164,False,True,False,False
TMEM165,False,True,True,False
TMEM167A,False,True,True,False
TMEM168,False,True,False,False
TMEM17,False,True,False,False
TMEM170B,True,False,False,False
TMEM178B,True,False,False,False
TMEM18,False,True,False,False
TMEM182,True,False,False,False
TMEM183B,True,False,False,False
TMEM183BP,False,False,True,False
TMEM184B,False,False,True,False
TMEM184C,False,False,True,False
TMEM185A,False,False,False,True
TMEM185B,False,True,False,False
TMEM186,False,True,False,False
TMEM187,False,False,True,False
TMEM19,False,True,True,False
TMEM192,True,False,False,False
TMEM194A,False,True,False,False
TMEM198,True,False,True,False
TMEM198B,False,True,False,False
TMEM2,False,True,False,False
TMEM200A,False,False,True,False
TMEM203,False,False,False,True
TMEM204,False,False,False,True
TMEM206,False,True,False,False
TMEM208,False,False,True,False
TMEM209,True,False,False,False
TMEM214,True,False,True,False
TMEM217,False,False,True,False
TMEM218,False,True,False,False
TMEM220,False,False,False,True
TMEM221,False,True,False,False
TMEM230,False,True,False,False
TMEM231,False,False,False,True
TMEM234,False,True,False,False
TMEM237,False,True,False,False
TMEM241,True,False,False,False
TMEM248,False,True,False,False
TMEM25,False,False,False,True
TMEM251,False,True,False,False
TMEM254,False,True,False,False
TMEM255A,False,False,True,False
TMEM256,False,True,False,False
TMEM258,False,False,True,False
TMEM263,False,False,True,False
TMEM27,False,True,False,False
TMEM33,True,False,True,False
TMEM37,True,False,False,False
TMEM38B,True,False,False,False
TMEM39A,True,False,True,False
TMEM41B,True,False,True,False
TMEM44,False,True,False,False
TMEM44-AS1,False,True,False,False
TMEM45A,False,False,True,False
TMEM47,True,False,False,False
TMEM48,False,True,False,False
TMEM50B,True,False,False,False
TMEM51,False,True,True,False
TMEM51-AS1,True,False,False,False
TMEM55A,True,False,False,False
TMEM57,True,False,False,False
TMEM59,False,False,True,False
TMEM60,False,True,True,False
TMEM62,False,False,True,False
TMEM63B,False,True,False,False
TMEM63C,True,False,False,False
TMEM64,True,False,False,False
TMEM65,True,False,False,True
TMEM66,True,False,False,False
TMEM67,False,True,False,True
TMEM68,False,False,True,False
TMEM69,False,True,False,False
TMEM70,False,False,True,False
TMEM80,False,True,False,False
TMEM8B,False,True,False,True
TMEM91,False,True,False,True
TMEM97,False,True,True,False
TMEM98,False,True,False,False
TMF1,True,False,False,False
TMIE,False,False,False,True
TMIGD2,False,False,False,True
TMOD2,False,False,False,True
TMOD3,True,False,True,False
TMPO,False,True,True,False
TMPRSS3,False,False,True,False
TMPRSS5,False,True,False,False
TMSB15A,False,True,False,False
TMSB15B,False,True,False,False
TMSB4X,False,True,False,False
TMSB4Y,False,True,False,False
TMT1A,False,False,True,False
TMT1B,False,False,True,False
TMTC1,True,False,False,False
TMTC2,True,False,False,True
TMTC3,True,False,False,False
TMTC4,False,True,False,False
TMUB2,False,True,False,False
TMX1,False,False,True,False
TMX2,False,False,True,False
TMX4,True,False,False,True
TNF,True,False,False,False
TNFAIP2,False,True,False,False
TNFAIP3,True,False,False,False
TNFAIP6,True,False,True,False
TNFAIP8,False,True,False,False
TNFAIP8L1,False,True,False,True
TNFRSF10B,True,False,False,False
TNFRSF10D,True,False,False,False
TNFRSF13B,False,False,True,False
TNFRSF13C,False,True,False,True
TNFRSF14,True,True,False,False
TNFRSF17,False,False,True,False
TNFRSF19,False,True,False,False
TNFRSF21,False,True,False,False
TNFRSF4,True,False,False,False
TNFRSF9,True,False,False,False
TNFSF10,False,False,True,False
TNFSF12,False,False,False,True
TNFSF12-TNFSF13,False,True,False,False
TNFSF13,False,True,False,False
TNFSF13B,True,False,False,False
TNFSF15,True,False,True,False
TNFSF4,False,False,False,True
TNFSF9,True,False,False,True
TNIK,True,False,False,False
TNIP1,True,False,False,False
TNK1,False,False,False,True
TNKS,True,False,False,False
TNKS1BP1,True,False,False,False
TNKS2,True,False,False,False
TNNT1,False,False,True,False
TNPO1,True,False,True,False
TNPO3,False,False,True,False
TNR,False,False,False,True
TNRC6A,True,False,False,False
TNRC6B,True,False,False,True
TNRC6C,True,False,False,True
TNS1,True,False,False,False
TOB1,True,False,False,True
TOGARAM2,False,False,False,True
TOLLIP,True,False,False,False
TOM1L2,True,False,False,True
TOMM20,False,False,False,True
TOMM34,False,True,True,False
TOMM40L,False,False,True,False
TOMM5,False,True,True,False
TOMM6,False,True,False,False
TOMM7,False,False,False,True
TOMM70,False,False,True,False
TOMM70A,True,False,False,False
TONSL,False,True,True,False
TOP1,True,False,True,False
TOP1MT,False,False,False,True
TOP2A,False,True,True,False
TOP3A,False,False,True,False
TOP6BL,False,False,True,False
TOPBP1,False,True,True,False
TOPORS,True,False,False,True
TOR1A,False,False,True,False
TOR1AIP2,True,False,False,False
TOR1B,False,True,True,False
TOR3A,False,True,True,False
TOX,False,False,False,True
TP53,True,False,False,False
TP53BP1,True,False,False,False
TP53I13,False,True,False,True
TP53I3,False,False,True,False
TP53INP1,True,False,True,False
TP53INP2,False,True,False,False
TP53RK,True,False,False,False
TP53TG1,False,True,False,False
TP53TG3D,False,False,False,True
TP73,False,False,True,False
TPBG,False,True,False,False
TPBGL,False,False,False,True
TPCN1,False,False,False,True
TPD52,False,False,True,False
TPD52L1,True,False,False,False
TPGS2,False,True,False,False
TPH1,False,True,False,False
TPI1P2,False,True,False,False
TPM1,False,True,False,False
TPM2,False,True,False,False
TPM3,False,True,False,False
"TPM3P9,ZNF761",False,True,False,False
TPM4,False,True,False,False
TPP1,False,True,False,False
TPP2,False,False,True,False
TPPP,True,False,False,True
TPPP3,False,True,False,True
TPRA1,True,False,False,False
TPRG1L,True,False,False,True
TPRKB,False,False,True,False
TPRN,False,False,False,True
TPSAB1,False,False,False,True
TPSB2,False,False,False,True
TPST1,False,False,False,True
TPT1,False,False,False,True
TPTE2,True,False,False,False
TPX2,False,True,True,False
TRA2A,True,False,False,False
TRA2B,True,False,False,False
TRABD,False,True,False,False
TRABD2A,False,False,False,True
TRABD2B,False,True,False,False
TRAF1,True,False,False,True
TRAF2,False,True,True,False
TRAF3IP2-AS1,False,True,False,False
TRAF5,False,True,False,True
TRAF6,True,False,False,False
TRAFD1,False,False,True,False
TRAIP,False,True,True,False
TRAK1,False,False,False,True
TRAM1,True,False,True,False
TRAM2,False,False,True,False
TRAP1,False,False,True,False
TRAPPC10,True,False,False,True
TRAPPC13,False,False,True,False
TRAPPC2L,False,False,True,False
TRAPPC2P1,True,False,False,False
TRAPPC4,False,False,True,False
TRAPPC6A,False,True,False,True
TRAPPC6B,False,False,True,False
TRAPPC8,True,False,False,False
TRAPPC9,True,False,False,True
TRDMT1,False,True,False,False
TRERF1,False,False,False,True
TREX1,False,True,False,False
TRH,False,True,False,False
TRIB3,True,False,False,False
TRIL,False,True,False,False
TRIM11,True,False,False,False
TRIM17,False,False,False,True
TRIM2,False,False,False,True
TRIM21,False,False,True,False
TRIM22,False,True,True,False
TRIM23,True,False,False,False
TRIM25,False,False,True,False
TRIM26,False,False,True,False
TRIM3,True,False,False,False
TRIM31,False,False,True,False
TRIM35,True,False,False,False
TRIM38,False,False,True,False
TRIM4,True,False,False,False
TRIM41,False,True,False,False
TRIM45,False,True,False,False
TRIM46,False,False,False,True
TRIM49D1,False,False,False,True
TRIM5,False,True,True,False
TRIM52,False,True,False,False
TRIM56,False,True,True,False
TRIM59,False,True,False,False
TRIM6,False,False,True,False
TRIM62,False,False,False,True
TRIM68,False,True,False,False
TRIM69,False,False,True,False
TRIM71,True,False,False,False
TRIM74,False,True,False,True
TRIM8,True,False,False,False
TRIM9,False,True,False,False
TRIO,True,False,False,True
TRIOBP,False,True,False,False
TRIP10,True,False,False,False
TRIP11,True,False,False,False
TRIP12,False,False,True,False
TRIP13,False,True,True,False
TRIP4,False,False,True,False
TRIP6,True,False,True,False
TRIR,False,False,False,True
TRMT10A,False,False,True,False
TRMT10C,True,False,False,False
TRMT11,False,False,True,False
TRMT1L,False,False,True,False
TRMT2A,False,True,True,False
TRMT2B,False,True,False,True
TRMT44,True,False,False,False
TRMT5,False,False,True,False
TRMT6,False,False,True,False
TRMT61B,False,True,False,False
TRNT1,False,False,True,False
TROAP,False,True,True,False
TROVE2,True,False,False,False
TRPC3,False,True,False,False
TRPC4AP,True,False,False,False
TRPM3,False,True,False,False
TRPM4,True,False,False,False
TRPS1,True,False,False,False
TRPV1,False,True,False,False
TRPV3,False,True,False,False
TRUB1,True,False,False,False
TRUB2,False,False,True,False
TSACC,False,False,True,False
TSC1,True,False,False,False
TSC22D1,True,False,False,True
TSC22D2,True,False,False,True
TSC22D3,True,False,False,False
TSC22D4,True,False,False,False
TSEN15,False,True,False,False
TSEN2,False,True,False,False
TSEN54,False,False,False,True
TSFM,False,False,True,False
TSG101,False,False,True,False
TSHR,False,False,True,False
TSHZ1,False,False,False,True
TSHZ2,True,False,False,False
TSHZ3,True,False,False,False
TSKU,False,True,False,False
TSNARE1,False,False,False,True
TSNAX,True,False,False,False
TSPAN11,False,True,False,False
TSPAN14,False,True,False,False
TSPAN15,False,True,False,False
TSPAN18,False,True,False,True
TSPAN19,False,True,False,False
TSPAN2,False,False,False,True
TSPAN32,False,False,False,True
TSPAN33,False,True,False,True
TSPAN4,False,True,False,False
TSPAN6,False,True,False,False
TSPAN7,True,False,False,False
TSPAN9,False,True,False,False
TSPEAR,False,False,False,True
TSPOAP1,False,False,False,True
TSPYL1,True,False,False,True
TSPYL2,True,False,False,False
TSPYL4,False,False,False,True
TSPYL5,False,False,False,True
TSR1,False,False,True,False
TSSK3,False,False,False,True
TSTA3,True,False,False,False
TTBK1,True,False,False,False
TTBK2,True,False,False,True
TTC1,True,False,True,False
TTC12,False,True,False,True
TTC14,False,True,False,False
TTC16,False,False,False,True
TTC17,True,False,False,False
TTC21A,True,False,False,False
TTC22,False,False,False,True
TTC23,False,False,True,False
TTC23L,False,True,False,False
TTC24,False,False,False,True
TTC28,True,False,False,True
TTC3,False,False,False,True
TTC30A,False,True,False,False
TTC31,False,True,False,False
TTC32,False,True,False,False
TTC33,True,False,False,False
TTC37,True,False,False,False
TTC38,False,False,False,True
TTC39B,True,False,False,False
TTC39C,False,False,False,True
TTC4,True,False,True,False
TTC40,False,True,False,False
TTC5,False,False,True,False
TTC8,True,False,False,False
TTC9,False,False,False,True
TTC9B,True,False,False,False
TTC9C,False,False,True,False
TTF2,False,True,True,False
TTI1,False,True,True,False
TTI2,False,False,True,False
TTK,False,True,True,False
TTL,False,False,False,True
TTLL1,False,False,False,True
TTLL11,True,False,False,True
TTLL12,False,True,False,False
TTLL6,False,True,False,False
TTLL9,False,True,False,False
TTN,False,False,False,True
TTPAL,False,False,True,False
TTYH1,False,True,False,False
TTYH2,False,False,False,True
TTYH3,False,True,False,False
TUBA1A,False,True,False,True
TUBA1B,False,True,True,False
TUBB,False,True,True,False
TUBB1,False,True,False,False
TUBB3,False,False,True,False
TUBB4A,False,False,False,True
TUBB4B,False,True,True,False
TUBB6,False,True,False,False
TUBD1,False,True,False,False
TUBE1,True,False,False,False
TUBG1,False,False,True,False
TUBG2,True,False,False,False
TUBGCP3,True,False,False,False
TUBGCP5,False,False,True,False
TUFM,False,False,True,False
TUFT1,True,False,False,False
TUG1,False,True,False,False
TULP3,True,False,False,False
TULP4,True,False,False,False
TUSC2,False,True,False,False
TUSC3,False,True,False,False
TUT1,True,False,False,False
TVP23B,True,False,True,False
TVP23C-CDRT4,True,False,True,False
TWF1,True,False,False,False
TWISTNB,True,False,False,False
TWNK,False,False,True,False
TXLNA,False,False,True,False
TXLNB,False,False,True,False
TXLNG,True,False,False,False
TXLNG2P,False,True,False,False
TXN,False,False,True,False
TXN2,False,True,False,False
TXNDC11,True,False,True,False
TXNDC12,False,True,False,False
TXNDC15,False,True,True,False
TXNDC17,False,False,True,False
TXNDC5,False,False,True,False
TXNDC9,False,False,True,False
TXNIP,True,False,False,False
TXNL1,True,False,True,False
TXNL4A,False,False,True,False
TXNL4B,False,False,True,False
TXNRD1,False,True,True,False
TXNRD3,False,False,False,True
TYK2,True,False,False,False
TYMS,False,True,True,False
TYMSOS,False,False,True,False
TYRO3,False,True,False,False
TYSND1,False,True,False,True
TYW1,True,False,False,False
TYW5,True,False,False,False
U2AF1,True,False,True,False
U2AF2,False,True,False,False
U2SURP,False,False,True,False
UACA,False,True,False,False
UAP1,True,False,True,False
UBA3,False,False,True,False
UBA5,False,False,True,False
UBA52,False,False,False,True
UBA6,True,False,True,False
UBALD1,True,False,False,False
UBAP1,True,False,False,False
UBASH3A,False,False,False,True
UBASH3B,True,False,True,False
UBC,True,False,False,False
UBE2A,False,False,True,False
UBE2B,True,False,False,False
UBE2C,False,True,True,False
UBE2E1,False,False,True,False
UBE2E2,True,False,False,False
UBE2G1,False,False,True,False
UBE2G2,False,True,False,False
UBE2H,True,False,False,False
UBE2J1,True,False,True,False
UBE2J2,True,False,False,False
UBE2K,False,False,True,False
UBE2L3,False,False,True,False
UBE2L6,True,True,True,False
UBE2M,True,False,False,False
UBE2N,False,True,True,False
UBE2O,True,False,False,False
UBE2Q1,True,False,False,False
UBE2Q2P13,False,False,False,True
UBE2S,False,False,True,False
UBE2T,False,True,True,False
UBE2V1,False,True,False,False
UBE2V2,False,False,True,False
UBE2W,True,False,False,False
UBFD1,False,False,True,False
UBL3,True,False,False,True
UBL5,False,False,True,False
UBN1,True,False,False,False
UBN2,True,False,False,True
UBOX5,True,False,False,False
UBR1,True,False,True,False
UBR2,True,False,False,False
UBR3,True,False,False,False
UBR4,True,False,False,False
UBR5,True,False,False,False
UBR7,False,True,True,False
UBTD1,True,False,False,False
UBTF,False,True,False,False
UBXN1,False,False,False,True
UBXN10,False,True,False,False
UBXN11,False,True,False,False
UBXN2A,False,False,True,False
UBXN2B,True,False,False,False
UBXN4,False,False,True,False
UBXN7,True,False,False,False
UBXN8,False,True,True,False
UCHL1,True,False,True,False
UCHL3,False,False,True,False
UCHL5,False,False,True,False
UCK1,True,False,False,False
UCK2,False,True,True,False
UCP2,False,True,False,False
UFC1,False,True,False,False
UFD1,False,False,True,False
UFL1,True,False,True,False
UFSP1,False,False,True,False
UFSP2,True,False,True,False
UGCG,True,False,False,False
UGDH,True,False,True,False
UGGT1,True,False,True,False
UGGT2,False,True,True,False
UGT3A2,False,False,True,False
UGT8,False,True,False,False
UHMK1,True,False,False,False
UHRF1,False,True,True,False
UHRF1BP1,True,False,False,False
UHRF1BP1L,True,False,False,False
UHRF2,True,False,False,False
UIMC1,True,False,False,False
ULBP1,True,False,False,False
ULBP3,False,True,False,False
ULK1,True,False,False,False
ULK3,False,False,False,True
UMAD1,False,False,True,False
UMODL1,False,True,False,False
UMPS,False,False,True,False
UNC119B,False,False,False,True
UNC13A,True,False,False,False
UNC13B,True,False,True,False
UNC45A,False,False,True,False
UNC45B,False,False,False,True
UNC50,False,True,True,False
UNC5B,True,False,False,False
UNC5C,True,False,False,False
UNC79,True,False,False,False
UNC80,True,False,False,False
UNCX,False,True,False,False
UNG,False,True,True,False
UNK,False,True,False,False
UPK3B,False,True,False,False
UQCC1,False,False,True,False
UQCC2,False,False,True,False
UQCC6,False,False,True,False
UQCR10,False,True,True,False
UQCRC1,False,False,True,False
UQCRH,False,True,True,False
UQCRHL,False,True,False,False
UQCRQ,False,False,True,False
URB1,False,False,True,False
URM1,False,True,False,False
UROD,False,True,False,False
USB1,False,True,False,False
USF2,False,False,False,True
USF3,False,False,False,True
USO1,True,False,True,False
USP1,False,True,True,False
USP10,True,False,True,False
USP11,True,False,False,False
USP12,True,False,False,True
USP14,False,False,True,False
USP15,True,False,False,False
USP16,False,True,True,False
USP18,False,False,True,False
USP20,True,False,False,True
USP24,True,False,False,False
USP25,True,False,False,False
USP27X,True,False,False,True
USP30,False,False,False,True
USP32,True,False,False,False
USP32P1,False,True,False,False
USP33,True,False,False,False
USP34,False,False,False,True
USP36,True,False,False,True
USP38,True,False,False,False
USP4,True,False,False,False
USP40,False,False,True,False
USP42,True,False,False,False
USP43,False,True,False,False
USP44,False,False,False,True
USP47,True,False,False,False
USP48,False,False,True,False
USP5,False,True,True,False
USP53,True,False,False,True
USP7,True,False,False,False
USP8,True,False,True,False
USP9X,True,False,False,False
USPL1,True,False,False,False
UST,False,True,False,True
UTF1,False,False,False,True
UTP11,False,False,True,False
UTP14A,True,False,True,False
UTP14C,False,False,True,False
UTP15,True,False,True,False
UTP18,False,False,True,False
UTP20,False,True,False,False
UTP3,False,False,True,False
UTP4,False,False,True,False
UTP6,True,False,True,False
UTRN,False,True,False,False
UTS2R,False,False,True,False
UTY,True,False,False,False
UVRAG,True,False,False,False
UVSSA,True,False,False,False
UXS1,True,True,False,False
VAC14,False,False,True,False
VAMP1,False,True,False,False
VAMP2,False,False,False,True
VAMP4,True,False,False,False
VAMP5,False,False,True,False
VANGL1,False,True,False,False
VAPA,True,False,False,False
VARS1,False,False,True,False
VARS2,False,False,True,False
VASH1,False,True,False,False
VASH2,False,False,True,False
VAT1L,False,True,False,False
VAV1,False,False,True,False
VAV2,False,False,False,True
VBP1,False,False,True,False
VCAM1,False,True,False,False
VCAN,False,True,False,False
VCL,False,True,False,False
VCP,False,False,True,False
VCPIP1,True,False,False,False
VDAC1,False,False,True,False
VDAC3,False,True,True,False
VDR,False,False,True,False
VEGFA,True,False,False,True
VEGFB,False,False,False,True
VEGFC,False,False,True,False
VENTX,False,False,False,True
VEPH1,False,False,False,True
VGLL4,False,False,False,True
VHL,False,False,False,True
VIM,False,True,False,False
VIMP,True,False,False,False
VIPAS39,True,False,False,False
VIPR1,False,False,False,True
VIPR2,False,True,False,True
VKORC1,False,False,True,False
VKORC1L1,False,False,True,False
VMA21,False,True,True,False
VMA22,False,False,False,True
VMO1,False,False,False,True
VMP1,False,True,False,False
VOPP1,False,False,True,False
VPRBP,False,True,False,False
VPREB3,False,False,False,True
VPS13A,False,True,False,False
VPS13D,False,False,False,True
VPS25,False,False,True,False
VPS26A,False,False,True,False
VPS26B,False,False,False,True
VPS29,False,True,True,False
VPS33A,False,False,True,False
VPS33B,True,False,True,False
VPS37A,True,False,False,False
VPS37D,True,False,False,False
VPS4B,True,False,False,False
VPS51,False,False,False,True
VPS52,False,True,False,False
VPS53,True,False,False,False
VPS54,True,False,True,False
VPS8,True,False,False,False
VRK1,False,True,True,False
VRK2,False,False,True,False
VSIG1,False,False,False,True
VSIG10,False,True,False,False
VSIG10L,False,True,False,False
VSIG2,False,False,False,True
VSIG4,False,False,False,True
VSTM2B,False,True,False,False
VSTM2L,False,False,True,False
VSTM4,False,True,False,False
VSX1,False,True,False,False
VTA1,False,False,True,False
VTCN1,False,True,False,False
VTI1A,True,False,False,False
VTI1B,False,False,True,False
VWA1,False,True,False,False
VWA5A,True,False,False,False
WAC,True,False,False,False
WAC-AS1,False,True,False,False
WARS,True,False,False,False
WARS1,False,False,True,False
WARS2,False,False,True,False
WASF1,True,False,False,False
WASF2,True,False,False,True
WASF3,False,True,False,True
WASH5P,False,True,False,False
WASHC3,False,False,True,False
WASHC5,False,False,True,False
WASL,True,False,False,False
WBP1,False,True,False,False
WBP2,True,False,False,False
WBP4,False,False,True,False
WBP5,True,False,False,False
WBSCR17,False,True,False,False
WDFY1,False,False,True,False
WDFY3,True,False,False,False
WDFY3-AS2,False,True,False,False
WDFY4,False,False,False,True
WDHD1,False,True,True,False
WDR12,False,False,True,False
WDR13,False,True,False,False
WDR16,False,True,False,False
WDR17,True,False,False,False
WDR18,False,True,True,False
WDR25,True,False,True,False
WDR26,True,False,False,False
WDR27,False,True,False,False
WDR33,False,False,True,False
WDR35,False,True,False,False
WDR36,False,False,True,False
WDR37,True,False,False,True
WDR4,False,True,True,False
WDR41,False,False,True,False
WDR43,True,False,True,False
WDR44,True,False,False,False
WDR45B,True,False,False,True
WDR46,False,False,True,False
WDR49,False,True,False,False
WDR5,False,False,True,False
WDR52,False,True,False,False
WDR54,False,True,False,False
WDR55,False,False,True,False
WDR59,False,False,False,True
WDR6,False,True,False,False
WDR60,True,False,False,False
WDR62,False,True,True,False
WDR63,False,True,False,False
WDR65,False,True,False,False
WDR67,False,True,False,False
WDR7,True,False,False,False
WDR74,True,False,False,False
WDR75,True,False,True,False
WDR76,False,True,True,False
WDR77,False,True,False,False
WDR86,False,True,False,False
WDR90,False,True,False,False
WDR91,True,False,False,False
WDR92,False,True,False,False
WDR96,False,True,False,False
WDTC1,False,False,False,True
WEE1,False,True,True,False
WFS1,False,False,True,False
WHAMM,True,False,False,True
WHRN,False,False,False,True
WHSC1,False,True,False,False
WIBG,True,False,False,False
WIPF1,False,True,False,False
WIPI1,True,False,True,False
WLS,False,True,False,False
WNK1,True,False,False,False
WNK3,True,False,False,False
WNT1,False,False,False,True
WNT10B,False,False,False,True
WNT3,False,False,False,True
WNT4,False,False,True,False
WNT5B,False,True,True,False
WNT7A,False,True,False,True
WNT7B,False,True,False,False
WNT8B,False,True,False,False
WNT9A,True,False,False,False
WRAP73,False,True,False,False
WRB,True,False,False,False
WSB1,False,True,True,False
WSCD1,False,True,False,False
WSCD2,False,False,False,True
WTAP,True,False,False,False
WWC1,True,False,False,True
WWC2,True,False,False,False
WWP1,False,False,False,True
WWP2,False,True,False,False
XAB2,True,False,True,False
XAF1,False,False,True,False
XBP1,True,False,True,False
XCL1,False,False,False,True
XCR1,False,False,True,False
XIAP,True,False,False,False
XKR4,True,False,False,False
XKR7,True,False,False,False
XKR8,False,False,False,True
XPC,True,False,False,False
XPNPEP1,False,False,True,False
XPNPEP2,False,False,False,True
XPO1,False,False,True,False
XPO5,False,False,True,False
XPO6,True,False,False,False
XPOT,True,False,True,False
XRCC2,False,True,True,False
XRCC3,False,False,True,False
XRCC4,False,True,True,False
XRCC5,False,True,False,False
XRCC6,False,False,True,False
XRN1,True,False,True,False
XRRA1,True,False,False,False
XXBAC-BPG246D15.9,True,False,False,False
XXYLT1,False,True,False,True
XYLT1,False,False,False,True
XYLT2,False,True,False,False
YAF2,True,False,True,False
YARS,True,False,False,False
YARS1,False,False,True,False
YARS2,False,False,True,False
YBEY,False,True,False,False
YBX2,False,True,False,False
YEATS2,False,False,True,False
YEATS4,False,True,False,False
YIF1A,True,False,True,False
YIF1B,False,False,True,False
YIPF1,False,True,True,False
YIPF2,False,False,True,False
YIPF4,False,False,True,False
YIPF5,True,False,True,False
YIPF6,False,False,True,False
YKT6,True,False,False,False
YLPM1,False,True,False,False
YME1L1,True,False,True,False
YOD1,True,False,False,False
YPEL1,False,True,False,True
YPEL2,True,False,False,True
YPEL3,True,False,False,False
YPEL5,True,False,False,True
YTHDC1,True,False,False,False
YTHDF1,True,False,False,False
YTHDF3,True,False,False,False
YWHAE,False,False,True,False
YWHAG,False,False,True,False
YWHAH,False,False,True,False
YY1,True,False,False,False
YY1AP1,True,False,False,False
ZAP70,False,False,False,True
ZBED10P,False,False,False,True
ZBED3,False,False,False,True
ZBED8,False,False,True,False
ZBP1,False,False,True,False
ZBTB1,False,False,False,True
ZBTB10,True,False,False,True
ZBTB11,True,False,False,False
ZBTB12,False,True,False,False
ZBTB14,False,True,False,True
ZBTB17,False,False,True,False
ZBTB18,False,False,False,True
ZBTB2,True,False,False,False
ZBTB20,True,False,False,True
ZBTB21,True,False,False,False
ZBTB22,False,True,False,True
ZBTB24,False,False,False,True
ZBTB25,False,False,False,True
ZBTB32,False,False,True,False
ZBTB34,True,False,False,False
ZBTB38,True,False,False,False
ZBTB39,True,False,False,True
ZBTB4,False,False,False,True
ZBTB41,True,False,False,False
ZBTB43,True,False,False,False
ZBTB44,True,False,False,True
ZBTB46,False,False,False,True
ZBTB47,False,True,False,False
ZBTB48,True,False,False,False
ZBTB49,True,False,False,False
ZBTB5,False,False,False,True
ZBTB6,True,False,False,False
ZBTB7B,True,False,False,False
ZBTB7C,True,False,False,True
ZBTB8A,True,False,True,False
ZBTB8OS,False,True,True,False
ZC2HC1C,False,False,True,False
ZC3H10,False,True,False,False
ZC3H12A,True,False,False,False
ZC3H12B,False,False,False,True
ZC3H12C,True,False,False,False
ZC3H13,True,False,False,False
ZC3H14,True,False,False,False
ZC3H15,True,False,True,False
ZC3H3,True,False,False,False
ZC3H6,False,False,False,True
ZC3H7A,True,False,False,False
ZC3H8,True,False,False,False
ZC3HAV1,True,False,False,False
ZC3HAV1L,False,False,True,False
ZC3HC1,False,False,True,False
ZCCHC10,True,False,False,False
ZCCHC12,True,False,False,False
ZCCHC14,True,False,False,True
ZCCHC18,False,False,False,True
ZCCHC2,True,False,False,False
ZCCHC24,False,False,False,True
ZCCHC3,True,False,False,False
ZCCHC7,True,False,False,True
ZCCHC8,True,False,False,False
ZCCHC9,False,False,True,False
ZCRB1,False,False,True,False
ZDBF2,True,False,False,False
ZDHHC1,False,False,False,True
ZDHHC11B,False,False,False,True
ZDHHC12,False,False,True,False
ZDHHC13,False,True,True,False
ZDHHC14,False,True,False,True
ZDHHC16,False,True,True,False
ZDHHC2,True,False,False,False
ZDHHC21,False,True,True,False
ZDHHC4,False,False,True,False
ZDHHC5,False,False,True,False
ZDHHC6,False,True,True,False
ZDHHC7,False,False,False,True
ZDHHC8P1,False,True,False,False
ZDHHC9,False,False,True,False
ZEB1,True,False,False,False
ZEB1-AS1,False,True,False,False
ZER1,True,False,False,True
ZFAND1,True,False,False,False
ZFAND2A,True,False,False,False
ZFAND3,True,False,False,True
ZFAND5,True,False,False,False
ZFAND6,False,False,True,False
ZFAT,False,True,True,False
ZFC3H1,False,True,False,True
ZFHX2,False,False,True,False
ZFHX3,False,False,False,True
ZFHX4,True,False,False,False
ZFP14,False,True,False,False
ZFP28,True,False,False,False
ZFP3,False,False,False,True
ZFP30,True,False,False,False
ZFP36L1,False,True,False,True
ZFP36L2,False,False,False,True
ZFP62,False,True,False,False
ZFP64,False,True,False,False
ZFP90,False,False,False,True
ZFPL1,True,False,False,False
ZFPM1,False,False,False,True
ZFR,True,False,False,False
ZFR2,False,False,False,True
ZFX,False,False,False,True
ZFYVE26,False,False,True,False
ZFYVE27,False,True,False,False
ZFYVE28,False,False,False,True
ZFYVE9,False,False,False,True
ZGPAT,False,False,True,False
ZGRF1,False,False,True,False
ZHX1,True,False,False,False
ZHX2,True,False,False,False
ZIC1,False,True,False,False
ZIC3,False,True,False,False
ZIC4,False,True,False,False
ZKSCAN2,True,False,False,False
ZKSCAN3,True,False,False,False
ZKSCAN5,True,False,True,False
ZMAT1,False,True,False,True
ZMAT3,True,False,False,True
ZMAT4,True,False,False,True
ZMIZ1-AS1,False,True,False,False
ZMPSTE24,False,False,True,False
ZMYM5,True,False,False,False
ZMYM6,True,False,False,False
ZMYND10,False,True,False,False
ZMYND11,False,False,False,True
ZMYND15,False,False,False,True
ZMYND8,False,True,False,False
ZNF10,True,False,False,False
ZNF107,False,True,False,False
ZNF114,False,True,False,False
ZNF117,False,True,False,False
ZNF12,True,False,False,False
ZNF121,True,False,False,False
ZNF124,False,True,False,False
ZNF131,True,False,False,False
ZNF133,False,False,True,False
ZNF134,True,False,False,False
ZNF135,False,True,False,False
ZNF136,True,False,False,False
ZNF14,True,False,False,False
ZNF148,True,False,False,False
ZNF160,True,False,False,False
ZNF169,False,True,False,True
ZNF17,False,True,False,False
ZNF180,False,True,False,False
ZNF185,False,True,False,False
ZNF195,False,True,False,False
ZNF197,True,False,False,False
ZNF2,True,False,False,False
ZNF200,False,False,True,False
ZNF205,True,False,False,False
ZNF211,True,False,False,False
ZNF212,True,False,False,False
ZNF213,True,False,False,False
ZNF214,True,False,False,False
ZNF215,False,False,True,False
ZNF219,False,True,False,False
ZNF221,True,False,False,False
ZNF222,True,False,False,False
ZNF223,True,False,False,False
ZNF225,True,False,False,False
ZNF23,True,False,False,False
ZNF236,False,False,False,True
ZNF239,False,True,False,False
ZNF248,False,True,False,False
ZNF25,True,False,False,False
ZNF250,False,False,False,True
ZNF253,True,False,False,False
ZNF254,True,False,False,False
ZNF256,True,False,False,True
ZNF257,False,True,False,False
ZNF259,True,False,False,False
ZNF263,True,False,False,False
ZNF264,True,False,False,False
ZNF266,True,False,False,True
ZNF271,False,True,False,False
ZNF273,False,True,False,False
ZNF274,True,False,False,False
ZNF275,True,False,True,False
ZNF280B,True,False,False,False
ZNF280D,False,True,False,False
ZNF281,True,False,False,False
ZNF282,True,False,False,False
ZNF284,True,False,False,False
ZNF287,True,False,False,False
ZNF292,True,False,False,False
ZNF30,True,False,False,False
ZNF300,False,True,False,False
ZNF302,False,True,False,False
ZNF304,True,False,False,False
ZNF311,False,True,False,False
ZNF316,False,False,False,True
ZNF317,True,False,False,True
ZNF318,False,False,False,True
ZNF319,True,False,False,False
ZNF32,False,True,False,True
ZNF321P,False,True,False,False
ZNF324,True,False,False,False
ZNF324B,True,False,False,False
ZNF326,True,False,False,False
ZNF329,True,False,False,True
ZNF330,True,False,False,False
ZNF331,False,False,False,True
ZNF333,True,False,False,False
ZNF334,False,False,True,False
ZNF335,False,True,False,False
ZNF337,False,True,False,False
ZNF33A,False,True,False,False
ZNF33B,False,True,False,False
ZNF345,False,True,False,False
ZNF35,True,False,True,False
ZNF362,False,False,False,True
ZNF365,False,False,False,True
ZNF366,False,False,True,False
ZNF367,False,True,True,False
ZNF37A,False,True,True,False
ZNF37BP,False,True,False,False
ZNF383,True,False,False,False
ZNF384,True,False,False,False
ZNF395,False,False,False,True
ZNF396,False,False,True,False
ZNF398,True,False,False,False
ZNF407,False,True,False,False
ZNF408,True,False,False,False
ZNF410,True,False,True,False
ZNF414,False,True,False,False
ZNF415,True,False,False,False
ZNF416,True,False,False,False
ZNF418,False,True,False,False
ZNF420,True,False,False,False
ZNF425,True,False,False,False
ZNF426,True,False,False,False
ZNF428,False,True,False,False
ZNF429,True,False,False,False
ZNF433,True,False,False,False
ZNF436,True,False,False,False
ZNF439,False,False,False,True
ZNF44,True,False,False,False
ZNF440,True,False,False,False
ZNF442,True,False,False,False
ZNF443,True,False,False,False
ZNF445,True,False,False,False
ZNF446,False,False,False,True
ZNF451,True,False,False,False
ZNF460,True,False,False,False
ZNF461,True,False,False,False
ZNF462,False,True,False,False
ZNF467,True,False,False,False
ZNF469,False,False,False,True
ZNF474,False,True,False,False
ZNF484,True,False,False,False
ZNF485,False,True,False,False
ZNF487,False,False,False,True
ZNF488,False,True,False,False
ZNF490,True,False,False,False
ZNF491,False,True,False,False
ZNF493,False,True,False,False
ZNF497,False,True,False,False
ZNF500,False,False,False,True
ZNF503-AS2,False,True,False,False
ZNF506,True,False,False,False
ZNF510,True,False,False,False
ZNF511,False,True,False,False
ZNF512,False,True,False,True
ZNF514,False,True,False,True
ZNF516,True,False,False,False
ZNF517,False,False,False,True
ZNF518B,True,False,False,False
ZNF519,False,True,False,False
ZNF521,False,True,False,True
ZNF524,False,True,False,False
ZNF526,True,False,False,False
ZNF528,False,True,False,False
ZNF532,False,True,False,False
ZNF543,True,False,False,False
ZNF546,False,False,True,False
ZNF547,True,False,False,False
ZNF550,True,False,False,False
ZNF551,False,True,False,False
ZNF552,False,True,False,False
ZNF555,True,False,False,False
ZNF557,True,False,False,False
ZNF558,False,False,False,True
ZNF559,False,True,False,False
ZNF561,True,False,False,False
ZNF563,True,False,False,False
ZNF564,True,False,False,False
ZNF567,True,False,False,False
ZNF568,True,False,False,False
ZNF571,True,False,False,False
ZNF574,True,False,False,False
ZNF575,False,False,False,True
ZNF576,False,False,True,False
ZNF579,True,False,False,True
ZNF580,False,True,False,False
ZNF581,True,False,False,True
ZNF582,False,True,False,False
ZNF584,True,False,False,False
ZNF587B,False,True,False,False
ZNF589,False,True,False,False
ZNF593,True,False,True,False
ZNF594,False,True,False,False
ZNF595,True,False,False,False
ZNF597,True,False,False,False
ZNF598,True,False,False,False
ZNF599,False,False,False,True
ZNF605,False,True,False,False
ZNF606,True,False,False,False
ZNF608,False,False,False,True
ZNF609,False,False,False,True
ZNF610,True,False,False,False
ZNF613,False,False,True,False
ZNF614,True,False,False,False
ZNF618,False,False,False,True
ZNF620,False,False,True,False
ZNF622,True,False,False,False
ZNF623,True,False,False,False
ZNF625,True,False,False,False
ZNF626,True,False,False,False
ZNF627,True,False,False,False
ZNF628,False,False,False,True
ZNF629,False,False,False,True
ZNF638,False,True,False,False
ZNF639,True,False,False,False
ZNF641,True,False,False,False
ZNF644,True,False,False,False
ZNF649,True,False,False,False
ZNF652,True,False,False,True
ZNF654,True,False,False,False
ZNF660,False,True,False,False
ZNF664,False,True,False,False
ZNF667,True,False,False,False
ZNF668,False,True,False,False
ZNF671,True,False,False,False
ZNF672,True,False,False,False
ZNF674,True,False,False,False
ZNF674-AS1,False,True,False,False
ZNF675,True,False,False,False
ZNF683,False,False,False,True
ZNF684,False,False,True,False
ZNF687,True,False,False,False
ZNF691,False,True,False,False
ZNF699,True,False,False,False
ZNF70,True,False,False,False
ZNF703,True,False,False,True
ZNF706,False,True,True,False
ZNF708,False,True,False,False
ZNF709,True,False,False,False
ZNF71,False,False,False,True
ZNF710,False,True,False,False
ZNF714,False,False,True,False
ZNF718,False,True,False,False
ZNF732,False,True,False,True
ZNF737,True,False,False,False
ZNF738,False,True,False,False
ZNF74,False,False,False,True
ZNF746,True,False,False,False
ZNF747,False,True,False,False
ZNF76,False,True,False,True
ZNF763,True,False,False,False
ZNF77,False,False,False,True
ZNF770,True,False,False,False
ZNF775,True,False,False,False
ZNF777,True,False,False,False
ZNF778,True,False,False,True
ZNF780A,True,False,False,False
ZNF781,False,True,False,False
ZNF782,False,True,False,False
ZNF783,False,True,False,False
ZNF784,False,True,False,False
ZNF787,True,False,False,False
ZNF788,True,False,False,False
ZNF788P,False,False,True,False
ZNF789,False,True,False,False
ZNF79,True,False,False,False
ZNF791,True,False,False,False
ZNF792,False,False,False,True
ZNF799,True,False,False,False
ZNF8,True,False,False,True
ZNF804A,True,False,False,False
ZNF805,True,False,False,False
ZNF814,False,True,False,False
ZNF818P,False,True,False,False
ZNF823,True,False,False,False
ZNF830,True,False,False,False
ZNF831,False,False,False,True
ZNF835,True,False,False,False
ZNF836,False,False,False,True
ZNF837,False,True,False,True
ZNF839,False,True,False,False
ZNF84,False,True,False,False
ZNF841,True,False,True,False
ZNF844,True,False,False,False
ZNF846,False,False,False,True
ZNF853,True,False,False,True
ZNF862,False,False,False,True
ZNF865,True,False,False,False
ZNF878,True,False,False,False
ZNF90,False,True,False,False
ZNFX1,True,False,False,False
ZNG1A,False,False,True,False
ZNG1B,False,False,True,False
ZNG1C,False,False,True,False
ZNG1E,False,False,True,False
ZNG1F,False,False,True,False
ZNHIT6,True,False,False,False
ZNRF2,False,False,True,False
ZPR1,False,False,True,False
ZRANB1,True,False,False,True
ZRANB2,False,True,True,False
ZRSR2,True,False,False,True
ZSCAN12P1,False,True,False,False
ZSCAN18,True,False,False,True
ZSCAN20,False,False,True,False
ZSCAN23,False,True,False,False
ZSCAN32,True,False,False,False
ZSCAN5A,False,True,False,False
ZSWIM3,True,False,False,False
ZSWIM5,False,False,False,True
ZSWIM6,True,False,False,False
ZSWIM8,True,False,False,False
ZSWIM9,False,False,False,True
ZUP1,False,False,True,False
ZW10,False,False,True,False
ZWILCH,False,False,True,False
ZWINT,False,True,True,False
ZXDA,True,False,False,True
ZXDB,True,False,False,True
ZXDC,False,False,False,True
ZYG11B,True,False,False,False
ZZEF1,True,False,False,False
ZZZ3,True,False,False,False
