"Gene","Group_1","Group_2","Mock_expression","ZIKV_expression","log2FoldChange","pvalue","Original_significant_call","padj","Regulation","minusLog10P","minusLog10FDR","Mean_expression","log2Mean_expression","Direction"
"SIGLEC10","Mock","ZIKV",0.810017,0.0664947,-3.60664,5e-05,"yes",0.000320686218678815,"Down_in_ZIKV",4.30102999566398,3.49391970324695,0.43825585,0.524320338290168,"Down in ZIKV"
"CCNO","Mock","ZIKV",4.30137,0.53558,-3.00562,5e-05,"yes",0.000320686218678815,"Down_in_ZIKV",4.30102999566398,3.49391970324695,2.418475,1.77335287464193,"Down in ZIKV"
"RRM2","Mock","ZIKV",34.1419,5.48555,-2.63783,5e-05,"yes",0.000320686218678815,"Down_in_ZIKV",4.30102999566398,3.49391970324695,19.813725,4.37946327995614,"Down in ZIKV"
"SFXN2","Mock","ZIKV",5.93441,0.967533,-2.61672,5e-05,"yes",0.000320686218678815,"Down_in_ZIKV",4.30102999566398,3.49391970324695,3.4509715,2.1541202631042,"Down in ZIKV"
"COLEC12","Mock","ZIKV",0.875222,0.143901,-2.60458,5e-05,"yes",0.000320686218678815,"Down_in_ZIKV",4.30102999566398,3.49391970324695,0.5095615,0.594129533888725,"Down in ZIKV"
"CHRNA1","Mock","ZIKV",5.02148,0.846344,-2.5688,5e-05,"yes",0.000320686218678815,"Down_in_ZIKV",4.30102999566398,3.49391970324695,2.933912,1.9759646854803,"Down in ZIKV"
"DHFR","Mock","ZIKV",53.4126,9.23853,-2.53145,5e-05,"yes",0.000320686218678815,"Down_in_ZIKV",4.30102999566398,3.49391970324695,31.325565,5.01460368118196,"Down in ZIKV"
"MFI2","Mock","ZIKV",1.9761,0.347521,-2.50748,5e-05,"yes",0.000320686218678815,"Down_in_ZIKV",4.30102999566398,3.49391970324695,1.1618105,1.11224006484299,"Down in ZIKV"
"MAPK15","Mock","ZIKV",20.7939,3.77391,-2.46203,5e-05,"yes",0.000320686218678815,"Down_in_ZIKV",4.30102999566398,3.49391970324695,12.283905,3.73160740542727,"Down in ZIKV"
"C21orf58","Mock","ZIKV",11.4277,2.1697,-2.39697,5e-05,"yes",0.000320686218678815,"Down_in_ZIKV",4.30102999566398,3.49391970324695,6.7987,2.96323365476175,"Down in ZIKV"
"SPEF1","Mock","ZIKV",1.78022,0.338308,-2.39565,5e-05,"yes",0.000320686218678815,"Down_in_ZIKV",4.30102999566398,3.49391970324695,1.059264,1.04212879698118,"Down in ZIKV"
"ATG16L2","Mock","ZIKV",5.80167,1.1441,-2.34225,5e-05,"yes",0.000320686218678815,"Down_in_ZIKV",4.30102999566398,3.49391970324695,3.472885,2.1612056664439,"Down in ZIKV"
"LOC100134868","Mock","ZIKV",6.6332,1.34332,-2.3039,5e-05,"yes",0.000320686218678815,"Down_in_ZIKV",4.30102999566398,3.49391970324695,3.98826,2.31853666383135,"Down in ZIKV"
"SUSD2","Mock","ZIKV",7.24014,1.48148,-2.28898,5e-05,"yes",0.000320686218678815,"Down_in_ZIKV",4.30102999566398,3.49391970324695,4.36081,2.42245100342451,"Down in ZIKV"
"C6orf118","Mock","ZIKV",5.98062,1.23151,-2.27987,5e-05,"yes",0.000320686218678815,"Down_in_ZIKV",4.30102999566398,3.49391970324695,3.606065,2.20353477033961,"Down in ZIKV"
"DLX6-AS1","Mock","ZIKV",3.14473,0.653523,-2.26662,5e-05,"yes",0.000320686218678815,"Down_in_ZIKV",4.30102999566398,3.49391970324695,1.8991265,1.53561828508645,"Down in ZIKV"
"ADAM28","Mock","ZIKV",0.630283,0.131671,-2.25906,5e-05,"yes",0.000320686218678815,"Down_in_ZIKV",4.30102999566398,3.49391970324695,0.380977,0.465689291889766,"Down in ZIKV"
"C17orf72","Mock","ZIKV",1.09581,0.232334,-2.23773,5e-05,"yes",0.000320686218678815,"Down_in_ZIKV",4.30102999566398,3.49391970324695,0.664072,0.734717856433172,"Down in ZIKV"
"NXPH2","Mock","ZIKV",1.17552,0.250823,-2.22856,5e-05,"yes",0.000320686218678815,"Down_in_ZIKV",4.30102999566398,3.49391970324695,0.7131715,0.776669582136906,"Down in ZIKV"
"AQP7P1","Mock","ZIKV",1.70333,0.364215,-2.2255,5e-05,"yes",0.000320686218678815,"Down_in_ZIKV",4.30102999566398,3.49391970324695,1.0337725,1.02415830678722,"Down in ZIKV"
"EFCAB1","Mock","ZIKV",1.66037,0.361564,-2.19918,5e-05,"yes",0.000320686218678815,"Down_in_ZIKV",4.30102999566398,3.49391970324695,1.010967,1.00788940718927,"Down in ZIKV"
"WNT8B","Mock","ZIKV",45.952,10.0449,-2.19366,5e-05,"yes",0.000320686218678815,"Down_in_ZIKV",4.30102999566398,3.49391970324695,27.99845,4.85790388350428,"Down in ZIKV"
"PI15","Mock","ZIKV",18.3203,4.05363,-2.17615,5e-05,"yes",0.000320686218678815,"Down_in_ZIKV",4.30102999566398,3.49391970324695,11.186965,3.60726698174647,"Down in ZIKV"
"OTX2-AS1","Mock","ZIKV",0.858558,0.190734,-2.17035,5e-05,"yes",0.000320686218678815,"Down_in_ZIKV",4.30102999566398,3.49391970324695,0.524646,0.608474309344397,"Down in ZIKV"
"LOC100507032","Mock","ZIKV",1.15984,0.258594,-2.16517,5e-05,"yes",0.000320686218678815,"Down_in_ZIKV",4.30102999566398,3.49391970324695,0.709217,0.773335571355701,"Down in ZIKV"
"GINS3","Mock","ZIKV",6.46625,1.44722,-2.15965,5e-05,"yes",0.000320686218678815,"Down_in_ZIKV",4.30102999566398,3.49391970324695,3.956735,2.30939013062478,"Down in ZIKV"
"MFGE8","Mock","ZIKV",40.2086,9.30133,-2.112,5e-05,"yes",0.000320686218678815,"Down_in_ZIKV",4.30102999566398,3.49391970324695,24.754965,4.68677867438321,"Down in ZIKV"
"SPARCL1","Mock","ZIKV",4.20209,0.974964,-2.10768,5e-05,"yes",0.000320686218678815,"Down_in_ZIKV",4.30102999566398,3.49391970324695,2.588527,1.8433917755571,"Down in ZIKV"
"TPBG","Mock","ZIKV",191.205,44.9644,-2.08826,5e-05,"yes",0.000320686218678815,"Down_in_ZIKV",4.30102999566398,3.49391970324695,118.0847,6.89584425745157,"Down in ZIKV"
"SLC35G1","Mock","ZIKV",1.02038,0.240317,-2.08609,5e-05,"yes",0.000320686218678815,"Down_in_ZIKV",4.30102999566398,3.49391970324695,0.6303485,0.70518038499708,"Down in ZIKV"
"MFI2-AS1","Mock","ZIKV",6.59999,1.5699,-2.07179,5e-05,"yes",0.000320686218678815,"Down_in_ZIKV",4.30102999566398,3.49391970324695,4.084945,2.34623216962725,"Down in ZIKV"
"VSX1","Mock","ZIKV",1.75166,0.419639,-2.0615,5e-05,"yes",0.000320686218678815,"Down_in_ZIKV",4.30102999566398,3.49391970324695,1.0856495,1.06049672875954,"Down in ZIKV"
"TTF2","Mock","ZIKV",3.9222,0.944564,-2.05394,5e-05,"yes",0.000320686218678815,"Down_in_ZIKV",4.30102999566398,3.49391970324695,2.433382,1.7796303812818,"Down in ZIKV"
"SLC6A16","Mock","ZIKV",2.81808,0.679649,-2.05185,5e-05,"yes",0.000320686218678815,"Down_in_ZIKV",4.30102999566398,3.49391970324695,1.7488645,1.45883579372028,"Down in ZIKV"
"KCNJ2-AS1","Mock","ZIKV",1.29628,0.312764,-2.05123,5e-05,"yes",0.000320686218678815,"Down_in_ZIKV",4.30102999566398,3.49391970324695,0.804522,0.851616732094898,"Down in ZIKV"
"ATHL1","Mock","ZIKV",8.46073,2.05377,-2.04251,5e-05,"yes",0.000320686218678815,"Down_in_ZIKV",4.30102999566398,3.49391970324695,5.25725,2.64552874612691,"Down in ZIKV"
"EMILIN2","Mock","ZIKV",1.07357,0.267416,-2.00526,5e-05,"yes",0.000320686218678815,"Down_in_ZIKV",4.30102999566398,3.49391970324695,0.670493,0.740273937245499,"Down in ZIKV"
"SPC24","Mock","ZIKV",9.18216,2.29269,-2.00179,5e-05,"yes",0.000320686218678815,"Down_in_ZIKV",4.30102999566398,3.49391970324695,5.737425,2.7521973080907,"Down in ZIKV"
"ART5","Mock","ZIKV",2.36852,0.595252,-1.99241,5e-05,"yes",0.000320686218678815,"Down_in_ZIKV",4.30102999566398,3.49391970324695,1.481886,1.31143684995182,"Down in ZIKV"
"NRGN","Mock","ZIKV",3.02313,0.765049,-1.98242,5e-05,"yes",0.000320686218678815,"Down_in_ZIKV",4.30102999566398,3.49391970324695,1.8940895,1.53310953804434,"Down in ZIKV"
"EGR3","Mock","ZIKV",13.5077,3.4285,-1.97813,5e-05,"yes",0.000320686218678815,"Down_in_ZIKV",4.30102999566398,3.49391970324695,8.4681,3.24307494358227,"Down in ZIKV"
"PPFIA4","Mock","ZIKV",4.97917,1.26831,-1.973,5e-05,"yes",0.000320686218678815,"Down_in_ZIKV",4.30102999566398,3.49391970324695,3.12374,2.04395337428329,"Down in ZIKV"
"SPON2","Mock","ZIKV",3.39686,0.872257,-1.96138,5e-05,"yes",0.000320686218678815,"Down_in_ZIKV",4.30102999566398,3.49391970324695,2.1345585,1.64826225492034,"Down in ZIKV"
"AQP7P3","Mock","ZIKV",11.183,2.8748,-1.95978,5e-05,"yes",0.000320686218678815,"Down_in_ZIKV",4.30102999566398,3.49391970324695,7.0289,3.00520234474743,"Down in ZIKV"
"LOC643401","Mock","ZIKV",26.1175,6.74903,-1.95226,5e-05,"yes",0.000320686218678815,"Down_in_ZIKV",4.30102999566398,3.49391970324695,16.433265,4.12377088570414,"Down in ZIKV"
"RDM1","Mock","ZIKV",2.02621,0.529359,-1.93647,5e-05,"yes",0.000320686218678815,"Down_in_ZIKV",4.30102999566398,3.49391970324695,1.2777845,1.18763126087924,"Down in ZIKV"
"UHRF1","Mock","ZIKV",28.7659,7.52346,-1.93489,5e-05,"yes",0.000320686218678815,"Down_in_ZIKV",4.30102999566398,3.49391970324695,18.14468,4.25887164088001,"Down in ZIKV"
"DUSP23","Mock","ZIKV",5.3384,1.40784,-1.92293,5e-05,"yes",0.000320686218678815,"Down_in_ZIKV",4.30102999566398,3.49391970324695,3.37312,2.12866293703783,"Down in ZIKV"
"RNASE4","Mock","ZIKV",2.06416,0.545542,-1.91979,5e-05,"yes",0.000320686218678815,"Down_in_ZIKV",4.30102999566398,3.49391970324695,1.304851,1.20467348882851,"Down in ZIKV"
"MCM6","Mock","ZIKV",30.1178,7.96902,-1.91814,5e-05,"yes",0.000320686218678815,"Down_in_ZIKV",4.30102999566398,3.49391970324695,19.04341,4.32505607106414,"Down in ZIKV"
"TCF19","Mock","ZIKV",6.89786,1.83752,-1.90839,5e-05,"yes",0.000320686218678815,"Down_in_ZIKV",4.30102999566398,3.49391970324695,4.36769,2.4243013540312,"Down in ZIKV"
"GDF10","Mock","ZIKV",39.9571,10.7196,-1.8982,5e-05,"yes",0.000320686218678815,"Down_in_ZIKV",4.30102999566398,3.49391970324695,25.33835,4.71909306381592,"Down in ZIKV"
"CEP152","Mock","ZIKV",5.53591,1.50158,-1.88234,5e-05,"yes",0.000320686218678815,"Down_in_ZIKV",4.30102999566398,3.49391970324695,3.518745,2.17592214571981,"Down in ZIKV"
"MYLK","Mock","ZIKV",4.42557,1.20605,-1.87557,5e-05,"yes",0.000320686218678815,"Down_in_ZIKV",4.30102999566398,3.49391970324695,2.81581,1.93198933725483,"Down in ZIKV"
"LOC100505648","Mock","ZIKV",3.88473,1.0599,-1.87389,5e-05,"yes",0.000320686218678815,"Down_in_ZIKV",4.30102999566398,3.49391970324695,2.472315,1.79589783151626,"Down in ZIKV"
"GDPD2","Mock","ZIKV",9.03461,2.47079,-1.87049,5e-05,"yes",0.000320686218678815,"Down_in_ZIKV",4.30102999566398,3.49391970324695,5.7527,2.75546446479499,"Down in ZIKV"
"TEK","Mock","ZIKV",0.824733,0.225733,-1.86931,5e-05,"yes",0.000320686218678815,"Down_in_ZIKV",4.30102999566398,3.49391970324695,0.525233,0.609029650719881,"Down in ZIKV"
"SCARA3","Mock","ZIKV",4.23261,1.16408,-1.86235,5e-05,"yes",0.000320686218678815,"Down_in_ZIKV",4.30102999566398,3.49391970324695,2.698345,1.88687981278241,"Down in ZIKV"
"PLAT","Mock","ZIKV",0.827737,0.22867,-1.8559,5e-05,"yes",0.000320686218678815,"Down_in_ZIKV",4.30102999566398,3.49391970324695,0.5282035,0.61183666961215,"Down in ZIKV"
"VTCN1","Mock","ZIKV",1.11604,0.311018,-1.84332,5e-05,"yes",0.000320686218678815,"Down_in_ZIKV",4.30102999566398,3.49391970324695,0.713529,0.776970608432603,"Down in ZIKV"
"SLC2A4","Mock","ZIKV",1.12867,0.315695,-1.83802,5e-05,"yes",0.000320686218678815,"Down_in_ZIKV",4.30102999566398,3.49391970324695,0.7221825,0.784238033497781,"Down in ZIKV"
"CENPM","Mock","ZIKV",16.2502,4.55329,-1.83548,5e-05,"yes",0.000320686218678815,"Down_in_ZIKV",4.30102999566398,3.49391970324695,10.401745,3.5111827359606,"Down in ZIKV"
"CCNB1","Mock","ZIKV",52.4407,14.7138,-1.83352,5e-05,"yes",0.000320686218678815,"Down_in_ZIKV",4.30102999566398,3.49391970324695,33.57725,5.11175122791827,"Down in ZIKV"
"LOC100506233","Mock","ZIKV",11.0387,3.10358,-1.83056,5e-05,"yes",0.000320686218678815,"Down_in_ZIKV",4.30102999566398,3.49391970324695,7.07114,3.01277245989601,"Down in ZIKV"
"CILP2","Mock","ZIKV",4.1398,1.17345,-1.8188,5e-05,"yes",0.000320686218678815,"Down_in_ZIKV",4.30102999566398,3.49391970324695,2.656625,1.87051268071793,"Down in ZIKV"
"CD248","Mock","ZIKV",2.44054,0.692247,-1.81784,5e-05,"yes",0.000320686218678815,"Down_in_ZIKV",4.30102999566398,3.49391970324695,1.5663935,1.35974239294286,"Down in ZIKV"
"E2F2","Mock","ZIKV",4.93902,1.40491,-1.81375,5e-05,"yes",0.000320686218678815,"Down_in_ZIKV",4.30102999566398,3.49391970324695,3.171965,2.06072705466059,"Down in ZIKV"
"PGAP3","Mock","ZIKV",8.57487,2.4523,-1.80598,5e-05,"yes",0.000320686218678815,"Down_in_ZIKV",4.30102999566398,3.49391970324695,5.513585,2.70345180424186,"Down in ZIKV"
"WSB1","Mock","ZIKV",1510.07,432.483,-1.8039,5e-05,"yes",0.000320686218678815,"Down_in_ZIKV",4.30102999566398,3.49391970324695,971.2765,9.92522284151965,"Down in ZIKV"
"GALNT12","Mock","ZIKV",8.16934,2.34569,-1.80021,5e-05,"yes",0.000320686218678815,"Down_in_ZIKV",4.30102999566398,3.49391970324695,5.257515,2.64558984422758,"Down in ZIKV"
"BCL2L2-PABPN1","Mock","ZIKV",75.9843,21.9076,-1.79427,5e-05,"yes",0.000320686218678815,"Down_in_ZIKV",4.30102999566398,3.49391970324695,48.94595,5.64229579288897,"Down in ZIKV"
"NTSR1","Mock","ZIKV",4.6173,1.33247,-1.79294,5e-05,"yes",0.000320686218678815,"Down_in_ZIKV",4.30102999566398,3.49391970324695,2.974885,1.99091312144612,"Down in ZIKV"
"SLC44A3","Mock","ZIKV",7.93021,2.30247,-1.78418,5e-05,"yes",0.000320686218678815,"Down_in_ZIKV",4.30102999566398,3.49391970324695,5.11634,2.6126686066137,"Down in ZIKV"
"MCM4","Mock","ZIKV",39.5149,11.4818,-1.78305,5e-05,"yes",0.000320686218678815,"Down_in_ZIKV",4.30102999566398,3.49391970324695,25.49835,4.72783062358475,"Down in ZIKV"
"NCAPH","Mock","ZIKV",8.48194,2.46459,-1.78305,5e-05,"yes",0.000320686218678815,"Down_in_ZIKV",4.30102999566398,3.49391970324695,5.473265,2.69449356556984,"Down in ZIKV"
"DGCR5","Mock","ZIKV",1.62268,0.479192,-1.7597,5e-05,"yes",0.000320686218678815,"Down_in_ZIKV",4.30102999566398,3.49391970324695,1.050936,1.03628247284008,"Down in ZIKV"
"HPDL","Mock","ZIKV",1.57883,0.466784,-1.75803,5e-05,"yes",0.000320686218678815,"Down_in_ZIKV",4.30102999566398,3.49391970324695,1.022807,1.01635867608714,"Down in ZIKV"
"MCM3","Mock","ZIKV",43.5562,12.9109,-1.75429,5e-05,"yes",0.000320686218678815,"Down_in_ZIKV",4.30102999566398,3.49391970324695,28.23355,4.86955312951924,"Down in ZIKV"
"ASF1B","Mock","ZIKV",14.8831,4.43026,-1.74821,5e-05,"yes",0.000320686218678815,"Down_in_ZIKV",4.30102999566398,3.49391970324695,9.65668,3.41368614334456,"Down in ZIKV"
"DDX11","Mock","ZIKV",13.1953,3.93447,-1.74578,5e-05,"yes",0.000320686218678815,"Down_in_ZIKV",4.30102999566398,3.49391970324695,8.564885,3.25774762294388,"Down in ZIKV"
"BTBD17","Mock","ZIKV",82.6365,24.873,-1.7322,5e-05,"yes",0.000320686218678815,"Down_in_ZIKV",4.30102999566398,3.49391970324695,53.75475,5.77491221949512,"Down in ZIKV"
"E2F1","Mock","ZIKV",26.7148,8.04177,-1.73205,5e-05,"yes",0.000320686218678815,"Down_in_ZIKV",4.30102999566398,3.49391970324695,17.378285,4.19993024032636,"Down in ZIKV"
"SLC43A3","Mock","ZIKV",0.957012,0.28838,-1.73057,5e-05,"yes",0.000320686218678815,"Down_in_ZIKV",4.30102999566398,3.49391970324695,0.622696,0.698392747037982,"Down in ZIKV"
"SNRPA","Mock","ZIKV",60.1597,18.1485,-1.72894,5e-05,"yes",0.000320686218678815,"Down_in_ZIKV",4.30102999566398,3.49391970324695,39.1541,5.32747539888585,"Down in ZIKV"
"TRIM45","Mock","ZIKV",21.168,6.39741,-1.72633,5e-05,"yes",0.000320686218678815,"Down_in_ZIKV",4.30102999566398,3.49391970324695,13.782705,3.88583837878394,"Down in ZIKV"
"LOC646168","Mock","ZIKV",2.15248,0.652233,-1.72254,5e-05,"yes",0.000320686218678815,"Down_in_ZIKV",4.30102999566398,3.49391970324695,1.4023565,1.26445025704631,"Down in ZIKV"
"PMEL","Mock","ZIKV",1.63696,0.497176,-1.71919,5e-05,"yes",0.000320686218678815,"Down_in_ZIKV",4.30102999566398,3.49391970324695,1.067068,1.04758584964828,"Down in ZIKV"
"RAD51AP1","Mock","ZIKV",15.5002,4.70888,-1.71883,5e-05,"yes",0.000320686218678815,"Down_in_ZIKV",4.30102999566398,3.49391970324695,10.10454,3.47307772609156,"Down in ZIKV"
"STOX1","Mock","ZIKV",1.58189,0.481453,-1.71618,5e-05,"yes",0.000320686218678815,"Down_in_ZIKV",4.30102999566398,3.49391970324695,1.0316715,1.02266715229057,"Down in ZIKV"
"PLAUR","Mock","ZIKV",3.55308,1.08439,-1.71219,5e-05,"yes",0.000320686218678815,"Down_in_ZIKV",4.30102999566398,3.49391970324695,2.318735,1.7306334352465,"Down in ZIKV"
"GLB1L","Mock","ZIKV",5.04734,1.54473,-1.70817,5e-05,"yes",0.000320686218678815,"Down_in_ZIKV",4.30102999566398,3.49391970324695,3.296035,2.10300574707583,"Down in ZIKV"
"GINS4","Mock","ZIKV",8.19618,2.51325,-1.7054,5e-05,"yes",0.000320686218678815,"Down_in_ZIKV",4.30102999566398,3.49391970324695,5.354715,2.66782742384445,"Down in ZIKV"
"BRCA1","Mock","ZIKV",8.95543,2.7468,-1.70501,5e-05,"yes",0.000320686218678815,"Down_in_ZIKV",4.30102999566398,3.49391970324695,5.851115,2.77633880180535,"Down in ZIKV"
"CTSL2","Mock","ZIKV",1.23166,0.378524,-1.70214,5e-05,"yes",0.000320686218678815,"Down_in_ZIKV",4.30102999566398,3.49391970324695,0.805092,0.852072368725375,"Down in ZIKV"
"MBOAT1","Mock","ZIKV",1.06678,0.328264,-1.70033,5e-05,"yes",0.000320686218678815,"Down_in_ZIKV",4.30102999566398,3.49391970324695,0.697522,0.763430272016533,"Down in ZIKV"
"CDCA3","Mock","ZIKV",20.8038,6.41614,-1.69707,5e-05,"yes",0.000320686218678815,"Down_in_ZIKV",4.30102999566398,3.49391970324695,13.60997,3.86888131061292,"Down in ZIKV"
"ACBD7","Mock","ZIKV",15.5718,4.8042,-1.69656,5e-05,"yes",0.000320686218678815,"Down_in_ZIKV",4.30102999566398,3.49391970324695,10.188,3.4838802538141,"Down in ZIKV"
"FAM122B","Mock","ZIKV",14.604,4.55292,-1.6815,5e-05,"yes",0.000320686218678815,"Down_in_ZIKV",4.30102999566398,3.49391970324695,9.57846,3.4030577117462,"Down in ZIKV"
"GINS2","Mock","ZIKV",35.1129,11.0212,-1.67172,5e-05,"yes",0.000320686218678815,"Down_in_ZIKV",4.30102999566398,3.49391970324695,23.06705,4.58898741031029,"Down in ZIKV"
"CDC7","Mock","ZIKV",13.8347,4.34448,-1.67103,5e-05,"yes",0.000320686218678815,"Down_in_ZIKV",4.30102999566398,3.49391970324695,9.08959,3.33479564524989,"Down in ZIKV"
"TTC32","Mock","ZIKV",9.66665,3.04575,-1.66622,5e-05,"yes",0.000320686218678815,"Down_in_ZIKV",4.30102999566398,3.49391970324695,6.3562,2.87896070420414,"Down in ZIKV"
"IZUMO4","Mock","ZIKV",5.80232,1.83175,-1.6634,5e-05,"yes",0.000320686218678815,"Down_in_ZIKV",4.30102999566398,3.49391970324695,3.817035,2.26814540641254,"Down in ZIKV"
"FANCD2","Mock","ZIKV",14.5566,4.59921,-1.66222,5e-05,"yes",0.000320686218678815,"Down_in_ZIKV",4.30102999566398,3.49391970324695,9.577905,3.40298201861575,"Down in ZIKV"
"SPAG6","Mock","ZIKV",2.82268,0.895093,-1.65696,5e-05,"yes",0.000320686218678815,"Down_in_ZIKV",4.30102999566398,3.49391970324695,1.8588865,1.51545334499961,"Down in ZIKV"
"FLJ31306","Mock","ZIKV",40.0562,12.7064,-1.65647,5e-05,"yes",0.000320686218678815,"Down_in_ZIKV",4.30102999566398,3.49391970324695,26.3813,4.77511903889114,"Down in ZIKV"
"BUB1B","Mock","ZIKV",24.1215,7.66016,-1.65487,5e-05,"yes",0.000320686218678815,"Down_in_ZIKV",4.30102999566398,3.49391970324695,15.89083,4.07816831748865,"Down in ZIKV"
"SLC25A10","Mock","ZIKV",7.09287,2.2576,-1.65158,5e-05,"yes",0.000320686218678815,"Down_in_ZIKV",4.30102999566398,3.49391970324695,4.675235,2.50468013272341,"Down in ZIKV"
"RAD51","Mock","ZIKV",6.07518,1.94154,-1.64573,5e-05,"yes",0.000320686218678815,"Down_in_ZIKV",4.30102999566398,3.49391970324695,4.00836,2.32433826665315,"Down in ZIKV"
"PAQR6","Mock","ZIKV",5.98713,1.93018,-1.63313,5e-05,"yes",0.000320686218678815,"Down_in_ZIKV",4.30102999566398,3.49391970324695,3.958655,2.30994885287638,"Down in ZIKV"
"LOC283177","Mock","ZIKV",1.76717,0.570312,-1.63161,5e-05,"yes",0.000320686218678815,"Down_in_ZIKV",4.30102999566398,3.49391970324695,1.168741,1.11685777070194,"Down in ZIKV"
"FAM111B","Mock","ZIKV",3.64105,1.17648,-1.62988,5e-05,"yes",0.000320686218678815,"Down_in_ZIKV",4.30102999566398,3.49391970324695,2.408765,1.7692491436196,"Down in ZIKV"
"KIAA1755","Mock","ZIKV",0.903176,0.291993,-1.62907,5e-05,"yes",0.000320686218678815,"Down_in_ZIKV",4.30102999566398,3.49391970324695,0.5975845,0.675892240722758,"Down in ZIKV"
"OIP5","Mock","ZIKV",13.4961,4.37033,-1.62673,5e-05,"yes",0.000320686218678815,"Down_in_ZIKV",4.30102999566398,3.49391970324695,8.933215,3.3122607382835,"Down in ZIKV"
"ABHD16B","Mock","ZIKV",3.68379,1.19296,-1.62665,5e-05,"yes",0.000320686218678815,"Down_in_ZIKV",4.30102999566398,3.49391970324695,2.438375,1.78172689825899,"Down in ZIKV"
"TRIP13","Mock","ZIKV",6.89292,2.23251,-1.62645,5e-05,"yes",0.000320686218678815,"Down_in_ZIKV",4.30102999566398,3.49391970324695,4.562715,2.47578919248361,"Down in ZIKV"
"CCDC19","Mock","ZIKV",1.94566,0.631891,-1.62251,5e-05,"yes",0.000320686218678815,"Down_in_ZIKV",4.30102999566398,3.49391970324695,1.2887755,1.19457595965171,"Down in ZIKV"
"SAMD15","Mock","ZIKV",3.47714,1.13651,-1.61329,5e-05,"yes",0.000320686218678815,"Down_in_ZIKV",4.30102999566398,3.49391970324695,2.306825,1.72544669889687,"Down in ZIKV"
"FLJ46906","Mock","ZIKV",5.62627,1.84234,-1.61064,5e-05,"yes",0.000320686218678815,"Down_in_ZIKV",4.30102999566398,3.49391970324695,3.734305,2.24315265237868,"Down in ZIKV"
"LOC100506054","Mock","ZIKV",3.89588,1.27578,-1.61057,5e-05,"yes",0.000320686218678815,"Down_in_ZIKV",4.30102999566398,3.49391970324695,2.58583,1.84230709334556,"Down in ZIKV"
"FBLN7","Mock","ZIKV",5.52888,1.81074,-1.61041,5e-05,"yes",0.000320686218678815,"Down_in_ZIKV",4.30102999566398,3.49391970324695,3.66981,2.22336385236875,"Down in ZIKV"
"MAK","Mock","ZIKV",1.73151,0.567619,-1.60904,5e-05,"yes",0.000320686218678815,"Down_in_ZIKV",4.30102999566398,3.49391970324695,1.1495645,1.1040444005906,"Down in ZIKV"
"CDK2","Mock","ZIKV",29.9841,9.85202,-1.60571,5e-05,"yes",0.000320686218678815,"Down_in_ZIKV",4.30102999566398,3.49391970324695,19.91806,4.38667715306108,"Down in ZIKV"
"ANKRD34B","Mock","ZIKV",3.6468,1.20396,-1.59885,5e-05,"yes",0.000320686218678815,"Down_in_ZIKV",4.30102999566398,3.49391970324695,2.42538,1.77626404462947,"Down in ZIKV"
"ERMAP","Mock","ZIKV",3.64191,1.20272,-1.5984,5e-05,"yes",0.000320686218678815,"Down_in_ZIKV",4.30102999566398,3.49391970324695,2.422315,1.77497255585971,"Down in ZIKV"
"PROM1","Mock","ZIKV",10.5053,3.47768,-1.59493,5e-05,"yes",0.000320686218678815,"Down_in_ZIKV",4.30102999566398,3.49391970324695,6.99149,2.99846451632,"Down in ZIKV"
"KCNK2","Mock","ZIKV",1.44528,0.479172,-1.59273,5e-05,"yes",0.000320686218678815,"Down_in_ZIKV",4.30102999566398,3.49391970324695,0.962226,0.972491213984326,"Down in ZIKV"
"C1orf216","Mock","ZIKV",6.08957,2.02218,-1.59043,5e-05,"yes",0.000320686218678815,"Down_in_ZIKV",4.30102999566398,3.49391970324695,4.055875,2.33796079517851,"Down in ZIKV"
"KIFC1","Mock","ZIKV",31.2261,10.3721,-1.59004,5e-05,"yes",0.000320686218678815,"Down_in_ZIKV",4.30102999566398,3.49391970324695,20.7991,4.44619666785562,"Down in ZIKV"
"UNC50","Mock","ZIKV",32.2922,10.7783,-1.58306,5e-05,"yes",0.000320686218678815,"Down_in_ZIKV",4.30102999566398,3.49391970324695,21.53525,4.49411154990001,"Down in ZIKV"
"XRCC2","Mock","ZIKV",7.97586,2.66488,-1.58157,5e-05,"yes",0.000320686218678815,"Down_in_ZIKV",4.30102999566398,3.49391970324695,5.32037,2.66000901750686,"Down in ZIKV"
"SARS2","Mock","ZIKV",12.4423,4.15975,-1.58069,5e-05,"yes",0.000320686218678815,"Down_in_ZIKV",4.30102999566398,3.49391970324695,8.301025,3.21738971417034,"Down in ZIKV"
"DDX12P","Mock","ZIKV",5.87183,1.97258,-1.57373,5e-05,"yes",0.000320686218678815,"Down_in_ZIKV",4.30102999566398,3.49391970324695,3.922205,2.29930474441219,"Down in ZIKV"
"SAPCD2","Mock","ZIKV",12.393,4.16738,-1.57231,5e-05,"yes",0.000320686218678815,"Down_in_ZIKV",4.30102999566398,3.49391970324695,8.28019,3.21415434298773,"Down in ZIKV"
"CENPK","Mock","ZIKV",18.2829,6.15754,-1.57007,5e-05,"yes",0.000320686218678815,"Down_in_ZIKV",4.30102999566398,3.49391970324695,12.22022,3.72467428007397,"Down in ZIKV"
"IMPA2","Mock","ZIKV",10.8634,3.67679,-1.56296,5e-05,"yes",0.000320686218678815,"Down_in_ZIKV",4.30102999566398,3.49391970324695,7.270095,3.04790390197717,"Down in ZIKV"
"RD3","Mock","ZIKV",0.994074,0.336542,-1.56257,5e-05,"yes",0.000320686218678815,"Down_in_ZIKV",4.30102999566398,3.49391970324695,0.665308,0.735789029535946,"Down in ZIKV"
"SFRP2","Mock","ZIKV",480.639,162.786,-1.56197,5e-05,"yes",0.000320686218678815,"Down_in_ZIKV",4.30102999566398,3.49391970324695,321.7125,8.33410565027311,"Down in ZIKV"
"COL12A1","Mock","ZIKV",0.675838,0.23036,-1.55279,5e-05,"yes",0.000320686218678815,"Down_in_ZIKV",4.30102999566398,3.49391970324695,0.453099,0.539132997494859,"Down in ZIKV"
"EMILIN3","Mock","ZIKV",11.5136,3.92774,-1.55157,5e-05,"yes",0.000320686218678815,"Down_in_ZIKV",4.30102999566398,3.49391970324695,7.72067,3.12443898001881,"Down in ZIKV"
"NME5","Mock","ZIKV",7.24066,2.47361,-1.5495,5e-05,"yes",0.000320686218678815,"Down_in_ZIKV",4.30102999566398,3.49391970324695,4.857135,2.55019514723657,"Down in ZIKV"
"PIF1","Mock","ZIKV",11.9596,4.08687,-1.5491,5e-05,"yes",0.000320686218678815,"Down_in_ZIKV",4.30102999566398,3.49391970324695,8.023235,3.17364475961505,"Down in ZIKV"
"LOC729013","Mock","ZIKV",5.28636,1.80724,-1.54848,5e-05,"yes",0.000320686218678815,"Down_in_ZIKV",4.30102999566398,3.49391970324695,3.5468,2.18485154568042,"Down in ZIKV"
"KDELC2","Mock","ZIKV",6.88804,2.3584,-1.54628,5e-05,"yes",0.000320686218678815,"Down_in_ZIKV",4.30102999566398,3.49391970324695,4.62322,2.49139649125008,"Down in ZIKV"
"AURKB","Mock","ZIKV",49.17,16.8746,-1.54293,5e-05,"yes",0.000320686218678815,"Down_in_ZIKV",4.30102999566398,3.49391970324695,33.0223,5.08840876929348,"Down in ZIKV"
"SDC1","Mock","ZIKV",21.1631,7.2661,-1.5423,5e-05,"yes",0.000320686218678815,"Down_in_ZIKV",4.30102999566398,3.49391970324695,14.2146,3.9273845000115,"Down in ZIKV"
"CLSPN","Mock","ZIKV",4.80638,1.65344,-1.53948,5e-05,"yes",0.000320686218678815,"Down_in_ZIKV",4.30102999566398,3.49391970324695,3.22991,2.0806269673795,"Down in ZIKV"
"KIF19","Mock","ZIKV",4.31374,1.48441,-1.53905,5e-05,"yes",0.000320686218678815,"Down_in_ZIKV",4.30102999566398,3.49391970324695,2.899075,1.96313190571975,"Down in ZIKV"
"PABPN1","Mock","ZIKV",41.6024,14.3579,-1.53482,5e-05,"yes",0.000320686218678815,"Down_in_ZIKV",4.30102999566398,3.49391970324695,27.98015,4.85699315712852,"Down in ZIKV"
"ACYP1","Mock","ZIKV",32.2776,11.162,-1.53194,5e-05,"yes",0.000320686218678815,"Down_in_ZIKV",4.30102999566398,3.49391970324695,21.7198,4.50587822989377,"Down in ZIKV"
"ENPP1","Mock","ZIKV",0.981995,0.340077,-1.52985,5e-05,"yes",0.000320686218678815,"Down_in_ZIKV",4.30102999566398,3.49391970324695,0.661036,0.732083341487313,"Down in ZIKV"
"DLGAP5","Mock","ZIKV",25.8165,9.00609,-1.51932,5e-05,"yes",0.000320686218678815,"Down_in_ZIKV",4.30102999566398,3.49391970324695,17.411295,4.20251920035689,"Down in ZIKV"
"LINC00472","Mock","ZIKV",4.84566,1.69054,-1.51921,5e-05,"yes",0.000320686218678815,"Down_in_ZIKV",4.30102999566398,3.49391970324695,3.2681,2.09359397836805,"Down in ZIKV"
"MCM5","Mock","ZIKV",31.9678,11.1746,-1.51639,5e-05,"yes",0.000320686218678815,"Down_in_ZIKV",4.30102999566398,3.49391970324695,21.5712,4.49641121647549,"Down in ZIKV"
"MCM2","Mock","ZIKV",46.0244,16.102,-1.51516,5e-05,"yes",0.000320686218678815,"Down_in_ZIKV",4.30102999566398,3.49391970324695,31.0632,5.00284651269882,"Down in ZIKV"
"DSCC1","Mock","ZIKV",7.45626,2.6094,-1.51473,5e-05,"yes",0.000320686218678815,"Down_in_ZIKV",4.30102999566398,3.49391970324695,5.03283,2.59283492902239,"Down in ZIKV"
"NID1","Mock","ZIKV",2.07787,0.72785,-1.51339,5e-05,"yes",0.000320686218678815,"Down_in_ZIKV",4.30102999566398,3.49391970324695,1.40286,1.26475259387369,"Down in ZIKV"
"TMEM80","Mock","ZIKV",7.99078,2.80534,-1.51016,5e-05,"yes",0.000320686218678815,"Down_in_ZIKV",4.30102999566398,3.49391970324695,5.39806,2.67763452188412,"Down in ZIKV"
"PYCRL","Mock","ZIKV",4.17166,1.46566,-1.50907,5e-05,"yes",0.000320686218678815,"Down_in_ZIKV",4.30102999566398,3.49391970324695,2.81866,1.9330664732073,"Down in ZIKV"
"MED11","Mock","ZIKV",6.69997,2.36687,-1.50118,5e-05,"yes",0.000320686218678815,"Down_in_ZIKV",4.30102999566398,3.49391970324695,4.53342,2.4681714319898,"Down in ZIKV"
"DTL","Mock","ZIKV",11.6342,4.11367,-1.49987,5e-05,"yes",0.000320686218678815,"Down_in_ZIKV",4.30102999566398,3.49391970324695,7.873935,3.14957398571154,"Down in ZIKV"
"FLT4","Mock","ZIKV",0.917688,0.324838,-1.49829,5e-05,"yes",0.000320686218678815,"Down_in_ZIKV",4.30102999566398,3.49391970324695,0.621263,0.697118142686898,"Down in ZIKV"
"ASB16-AS1","Mock","ZIKV",8.89913,3.15494,-1.49605,5e-05,"yes",0.000320686218678815,"Down_in_ZIKV",4.30102999566398,3.49391970324695,6.027035,2.81291608430256,"Down in ZIKV"
"MMP2","Mock","ZIKV",7.22021,2.56126,-1.49519,5e-05,"yes",0.000320686218678815,"Down_in_ZIKV",4.30102999566398,3.49391970324695,4.890735,2.5584476535293,"Down in ZIKV"
"C1QTNF6","Mock","ZIKV",7.27339,2.58231,-1.49397,5e-05,"yes",0.000320686218678815,"Down_in_ZIKV",4.30102999566398,3.49391970324695,4.92785,2.56750894174056,"Down in ZIKV"
"HYAL1","Mock","ZIKV",1.35553,0.481698,-1.49266,5e-05,"yes",0.000320686218678815,"Down_in_ZIKV",4.30102999566398,3.49391970324695,0.918614,0.940064489386062,"Down in ZIKV"
"GABPB1-AS1","Mock","ZIKV",12.9252,4.60228,-1.48977,5e-05,"yes",0.000320686218678815,"Down_in_ZIKV",4.30102999566398,3.49391970324695,8.76374,3.28743387790226,"Down in ZIKV"
"WDR76","Mock","ZIKV",3.83815,1.37838,-1.47744,5e-05,"yes",0.000320686218678815,"Down_in_ZIKV",4.30102999566398,3.49391970324695,2.608265,1.85130529761393,"Down in ZIKV"
"CYP26B1","Mock","ZIKV",9.74987,3.50148,-1.47742,5e-05,"yes",0.000320686218678815,"Down_in_ZIKV",4.30102999566398,3.49391970324695,6.625675,2.93086504589753,"Down in ZIKV"
"FANCB","Mock","ZIKV",1.77015,0.636514,-1.47561,5e-05,"yes",0.000320686218678815,"Down_in_ZIKV",4.30102999566398,3.49391970324695,1.203332,1.1396868979737,"Down in ZIKV"
"BIRC5","Mock","ZIKV",38.673,13.93,-1.47313,5e-05,"yes",0.000320686218678815,"Down_in_ZIKV",4.30102999566398,3.49391970324695,26.3015,4.77090831281314,"Down in ZIKV"
"HES6","Mock","ZIKV",458.282,165.232,-1.47174,5e-05,"yes",0.000320686218678815,"Down_in_ZIKV",4.30102999566398,3.49391970324695,311.757,8.28889836434095,"Down in ZIKV"
"ATP1A2","Mock","ZIKV",0.705665,0.254622,-1.47062,5e-05,"yes",0.000320686218678815,"Down_in_ZIKV",4.30102999566398,3.49391970324695,0.4801435,0.565737052004506,"Down in ZIKV"
"SGOL2","Mock","ZIKV",10.4207,3.77349,-1.46548,5e-05,"yes",0.000320686218678815,"Down_in_ZIKV",4.30102999566398,3.49391970324695,7.097095,3.01740440419319,"Down in ZIKV"
"LOC642846","Mock","ZIKV",3.36894,1.22217,-1.46285,5e-05,"yes",0.000320686218678815,"Down_in_ZIKV",4.30102999566398,3.49391970324695,2.295555,1.72052144803207,"Down in ZIKV"
"SMIM7","Mock","ZIKV",30.4819,11.0582,-1.46284,5e-05,"yes",0.000320686218678815,"Down_in_ZIKV",4.30102999566398,3.49391970324695,20.77005,4.44427281590311,"Down in ZIKV"
"OLFML2A","Mock","ZIKV",1.05767,0.384278,-1.46067,5e-05,"yes",0.000320686218678815,"Down_in_ZIKV",4.30102999566398,3.49391970324695,0.720974,0.783225301704434,"Down in ZIKV"
"OLIG3","Mock","ZIKV",6.48879,2.36295,-1.45736,5e-05,"yes",0.000320686218678815,"Down_in_ZIKV",4.30102999566398,3.49391970324695,4.42587,2.43985448208309,"Down in ZIKV"
"PSMG3-AS1","Mock","ZIKV",3.31998,1.20939,-1.4569,5e-05,"yes",0.000320686218678815,"Down_in_ZIKV",4.30102999566398,3.49391970324695,2.264685,1.70694379702089,"Down in ZIKV"
"HYAL2","Mock","ZIKV",42.9039,15.6534,-1.45464,5e-05,"yes",0.000320686218678815,"Down_in_ZIKV",4.30102999566398,3.49391970324695,29.27865,4.92022897782913,"Down in ZIKV"
"MKRN3","Mock","ZIKV",21.1597,7.74115,-1.4507,5e-05,"yes",0.000320686218678815,"Down_in_ZIKV",4.30102999566398,3.49391970324695,14.450425,3.9495746182571,"Down in ZIKV"
"C10orf114","Mock","ZIKV",6.45843,2.36357,-1.45021,5e-05,"yes",0.000320686218678815,"Down_in_ZIKV",4.30102999566398,3.49391970324695,4.411,2.43589524132036,"Down in ZIKV"
"SLC38A4","Mock","ZIKV",2.24434,0.824021,-1.44554,5e-05,"yes",0.000320686218678815,"Down_in_ZIKV",4.30102999566398,3.49391970324695,1.5341805,1.3415192857971,"Down in ZIKV"
"ACTC1","Mock","ZIKV",4.33595,1.59555,-1.44229,5e-05,"yes",0.000320686218678815,"Down_in_ZIKV",4.30102999566398,3.49391970324695,2.96575,1.98759373325804,"Down in ZIKV"
"OLFML2B","Mock","ZIKV",2.9443,1.08346,-1.44228,5e-05,"yes",0.000320686218678815,"Down_in_ZIKV",4.30102999566398,3.49391970324695,2.01388,1.59162197604278,"Down in ZIKV"
"ATF6B","Mock","ZIKV",51.4517,18.9395,-1.44182,5e-05,"yes",0.000320686218678815,"Down_in_ZIKV",4.30102999566398,3.49391970324695,35.1956,5.17774242633969,"Down in ZIKV"
"ARHGEF6","Mock","ZIKV",3.43016,1.26416,-1.44009,5e-05,"yes",0.000320686218678815,"Down_in_ZIKV",4.30102999566398,3.49391970324695,2.34716,1.74293751597496,"Down in ZIKV"
"EMB","Mock","ZIKV",5.61677,2.07003,-1.44009,5e-05,"yes",0.000320686218678815,"Down_in_ZIKV",4.30102999566398,3.49391970324695,3.8434,2.27602015515639,"Down in ZIKV"
"MFAP2","Mock","ZIKV",71.5649,26.4559,-1.43566,5e-05,"yes",0.000320686218678815,"Down_in_ZIKV",4.30102999566398,3.49391970324695,49.0104,5.64415623913918,"Down in ZIKV"
"ORC6","Mock","ZIKV",25.5913,9.46072,-1.43563,5e-05,"yes",0.000320686218678815,"Down_in_ZIKV",4.30102999566398,3.49391970324695,17.52601,4.21148029233188,"Down in ZIKV"
"SLC19A1","Mock","ZIKV",6.71354,2.48242,-1.43533,5e-05,"yes",0.000320686218678815,"Down_in_ZIKV",4.30102999566398,3.49391970324695,4.59798,2.4849063325785,"Down in ZIKV"
"CPAMD8","Mock","ZIKV",2.07057,0.766279,-1.43408,5e-05,"yes",0.000320686218678815,"Down_in_ZIKV",4.30102999566398,3.49391970324695,1.4184245,1.27406749946424,"Down in ZIKV"
"MIS18BP1","Mock","ZIKV",11.9929,4.45353,-1.42916,5e-05,"yes",0.000320686218678815,"Down_in_ZIKV",4.30102999566398,3.49391970324695,8.223215,3.20526972853601,"Down in ZIKV"
"TMEM194A","Mock","ZIKV",18.3202,6.80743,-1.42825,5e-05,"yes",0.000320686218678815,"Down_in_ZIKV",4.30102999566398,3.49391970324695,12.563815,3.76169110724725,"Down in ZIKV"
"KCNAB3","Mock","ZIKV",2.01764,0.752086,-1.4237,5e-05,"yes",0.000320686218678815,"Down_in_ZIKV",4.30102999566398,3.49391970324695,1.384863,1.25390639205991,"Down in ZIKV"
"CDCA7","Mock","ZIKV",16.0813,5.99482,-1.42359,5e-05,"yes",0.000320686218678815,"Down_in_ZIKV",4.30102999566398,3.49391970324695,11.03806,3.58953100742596,"Down in ZIKV"
"MAPK11","Mock","ZIKV",36.4828,13.6309,-1.42034,5e-05,"yes",0.000320686218678815,"Down_in_ZIKV",4.30102999566398,3.49391970324695,25.05685,4.70359078262847,"Down in ZIKV"
"DPY19L2","Mock","ZIKV",3.36007,1.25621,-1.41942,5e-05,"yes",0.000320686218678815,"Down_in_ZIKV",4.30102999566398,3.49391970324695,2.30814,1.72602029044384,"Down in ZIKV"
"LOC100272228","Mock","ZIKV",7.04284,2.64307,-1.41395,5e-05,"yes",0.000320686218678815,"Down_in_ZIKV",4.30102999566398,3.49391970324695,4.842955,2.54669817829085,"Down in ZIKV"
"ITGB5","Mock","ZIKV",13.3888,5.048,-1.40724,5e-05,"yes",0.000320686218678815,"Down_in_ZIKV",4.30102999566398,3.49391970324695,9.2184,3.35309741124371,"Down in ZIKV"
"CENPI","Mock","ZIKV",6.12824,2.31591,-1.40389,5e-05,"yes",0.000320686218678815,"Down_in_ZIKV",4.30102999566398,3.49391970324695,4.222075,2.38462317794012,"Down in ZIKV"
"RABL2A","Mock","ZIKV",9.71278,3.67137,-1.40357,5e-05,"yes",0.000320686218678815,"Down_in_ZIKV",4.30102999566398,3.49391970324695,6.692075,2.94337282944855,"Down in ZIKV"
"C19orf57","Mock","ZIKV",2.42022,0.915129,-1.40309,5e-05,"yes",0.000320686218678815,"Down_in_ZIKV",4.30102999566398,3.49391970324695,1.6676745,1.41558264482687,"Down in ZIKV"
"TNFAIP8","Mock","ZIKV",2.23079,0.845925,-1.39895,5e-05,"yes",0.000320686218678815,"Down_in_ZIKV",4.30102999566398,3.49391970324695,1.5383575,1.34389527136798,"Down in ZIKV"
"KIAA0101","Mock","ZIKV",13.6888,5.19246,-1.39851,5e-05,"yes",0.000320686218678815,"Down_in_ZIKV",4.30102999566398,3.49391970324695,9.44063,3.38413686335198,"Down in ZIKV"
"MCM10","Mock","ZIKV",9.08775,3.44719,-1.3985,5e-05,"yes",0.000320686218678815,"Down_in_ZIKV",4.30102999566398,3.49391970324695,6.26747,2.86145321095173,"Down in ZIKV"
"RBM14","Mock","ZIKV",16.144,6.12616,-1.39794,5e-05,"yes",0.000320686218678815,"Down_in_ZIKV",4.30102999566398,3.49391970324695,11.13508,3.6011117143136,"Down in ZIKV"
"SEPT10","Mock","ZIKV",22.5815,8.57177,-1.39748,5e-05,"yes",0.000320686218678815,"Down_in_ZIKV",4.30102999566398,3.49391970324695,15.576635,4.05107926930125,"Down in ZIKV"
"METTL3","Mock","ZIKV",34.5605,13.135,-1.39571,5e-05,"yes",0.000320686218678815,"Down_in_ZIKV",4.30102999566398,3.49391970324695,23.84775,4.63504331444935,"Down in ZIKV"
"IRS4","Mock","ZIKV",7.59487,2.89875,-1.38959,5e-05,"yes",0.000320686218678815,"Down_in_ZIKV",4.30102999566398,3.49391970324695,5.24681,2.64311965024497,"Down in ZIKV"
"PLEKHH2","Mock","ZIKV",0.912058,0.348232,-1.38908,5e-05,"yes",0.000320686218678815,"Down_in_ZIKV",4.30102999566398,3.49391970324695,0.630145,0.705000296650821,"Down in ZIKV"
"FOSB","Mock","ZIKV",134.086,51.3114,-1.38581,5e-05,"yes",0.000320686218678815,"Down_in_ZIKV",4.30102999566398,3.49391970324695,92.6987,6.54995712658651,"Down in ZIKV"
"PIGW","Mock","ZIKV",2.82191,1.0853,-1.37857,5e-05,"yes",0.000320686218678815,"Down_in_ZIKV",4.30102999566398,3.49391970324695,1.953605,1.5624769003597,"Down in ZIKV"
"CEMP1","Mock","ZIKV",8.49384,3.26927,-1.37745,5e-05,"yes",0.000320686218678815,"Down_in_ZIKV",4.30102999566398,3.49391970324695,5.881555,2.78273460232622,"Down in ZIKV"
"BHLHE23","Mock","ZIKV",3.20201,1.23277,-1.37707,5e-05,"yes",0.000320686218678815,"Down_in_ZIKV",4.30102999566398,3.49391970324695,2.21739,1.68589082469545,"Down in ZIKV"
"ARGLU1","Mock","ZIKV",173.807,67.0666,-1.37382,5e-05,"yes",0.000320686218678815,"Down_in_ZIKV",4.30102999566398,3.49391970324695,120.4368,6.92406186946027,"Down in ZIKV"
"APOLD1","Mock","ZIKV",2.30218,0.88837,-1.37377,5e-05,"yes",0.000320686218678815,"Down_in_ZIKV",4.30102999566398,3.49391970324695,1.595275,1.3758874172405,"Down in ZIKV"
"CDH24","Mock","ZIKV",25.8319,9.98442,-1.3714,5e-05,"yes",0.000320686218678815,"Down_in_ZIKV",4.30102999566398,3.49391970324695,17.90816,4.2409370727688,"Down in ZIKV"
"LENG8","Mock","ZIKV",71.2716,27.557,-1.37091,5e-05,"yes",0.000320686218678815,"Down_in_ZIKV",4.30102999566398,3.49391970324695,49.4143,5.65576110664599,"Down in ZIKV"
"IQGAP3","Mock","ZIKV",10.2495,3.96793,-1.3691,5e-05,"yes",0.000320686218678815,"Down_in_ZIKV",4.30102999566398,3.49391970324695,7.108715,3.01947330654958,"Down in ZIKV"
"POLD1","Mock","ZIKV",18.2362,7.07088,-1.36684,5e-05,"yes",0.000320686218678815,"Down_in_ZIKV",4.30102999566398,3.49391970324695,12.65354,3.77120314700792,"Down in ZIKV"
"OGFOD3","Mock","ZIKV",5.96806,2.32256,-1.36155,5e-05,"yes",0.000320686218678815,"Down_in_ZIKV",4.30102999566398,3.49391970324695,4.14531,2.36325800073239,"Down in ZIKV"
"PROCA1","Mock","ZIKV",7.37259,2.87315,-1.35954,5e-05,"yes",0.000320686218678815,"Down_in_ZIKV",4.30102999566398,3.49391970324695,5.12287,2.61420805229866,"Down in ZIKV"
"POLA2","Mock","ZIKV",11.157,4.35755,-1.35636,5e-05,"yes",0.000320686218678815,"Down_in_ZIKV",4.30102999566398,3.49391970324695,7.757275,3.13048201644964,"Down in ZIKV"
"B3GNTL1","Mock","ZIKV",3.94546,1.54418,-1.35335,5e-05,"yes",0.000320686218678815,"Down_in_ZIKV",4.30102999566398,3.49391970324695,2.74482,1.90489637519983,"Down in ZIKV"
"CDKN2C","Mock","ZIKV",6.63467,2.60034,-1.35133,5e-05,"yes",0.000320686218678815,"Down_in_ZIKV",4.30102999566398,3.49391970324695,4.617505,2.48992950351235,"Down in ZIKV"
"SUZ12P1","Mock","ZIKV",27.4597,10.767,-1.3507,5e-05,"yes",0.000320686218678815,"Down_in_ZIKV",4.30102999566398,3.49391970324695,19.11335,4.33008148612185,"Down in ZIKV"
"DNAI1","Mock","ZIKV",4.27431,1.67599,-1.35068,5e-05,"yes",0.000320686218678815,"Down_in_ZIKV",4.30102999566398,3.49391970324695,2.97515,1.99100930069212,"Down in ZIKV"
"TRABD2B","Mock","ZIKV",1.5532,0.609365,-1.34986,5e-05,"yes",0.000320686218678815,"Down_in_ZIKV",4.30102999566398,3.49391970324695,1.0812825,1.05747280057921,"Down in ZIKV"
"TTC31","Mock","ZIKV",10.2527,4.03819,-1.34422,5e-05,"yes",0.000320686218678815,"Down_in_ZIKV",4.30102999566398,3.49391970324695,7.145445,3.0259935178737,"Down in ZIKV"
"NUP62CL","Mock","ZIKV",4.38912,1.73332,-1.34039,5e-05,"yes",0.000320686218678815,"Down_in_ZIKV",4.30102999566398,3.49391970324695,3.06122,2.02191318148832,"Down in ZIKV"
"PLEKHB1","Mock","ZIKV",3.52025,1.39041,-1.34017,5e-05,"yes",0.000320686218678815,"Down_in_ZIKV",4.30102999566398,3.49391970324695,2.45533,1.78882350124404,"Down in ZIKV"
"SLC18A1","Mock","ZIKV",14.4419,5.70924,-1.33889,5e-05,"yes",0.000320686218678815,"Down_in_ZIKV",4.30102999566398,3.49391970324695,10.07557,3.46930904333017,"Down in ZIKV"
"CAHM","Mock","ZIKV",4.99498,1.97965,-1.33524,5e-05,"yes",0.000320686218678815,"Down_in_ZIKV",4.30102999566398,3.49391970324695,3.487315,2.16585246170243,"Down in ZIKV"
"SMIM11","Mock","ZIKV",10.6679,4.22808,-1.3352,5e-05,"yes",0.000320686218678815,"Down_in_ZIKV",4.30102999566398,3.49391970324695,7.44799,3.07860812695975,"Down in ZIKV"
"IGFBP4","Mock","ZIKV",13.8159,5.49098,-1.33119,5e-05,"yes",0.000320686218678815,"Down_in_ZIKV",4.30102999566398,3.49391970324695,9.65344,3.41324744736645,"Down in ZIKV"
"VWA1","Mock","ZIKV",4.46397,1.77588,-1.32979,5e-05,"yes",0.000320686218678815,"Down_in_ZIKV",4.30102999566398,3.49391970324695,3.119925,2.04261807451701,"Down in ZIKV"
"GPC3","Mock","ZIKV",181.68,72.3287,-1.32876,5e-05,"yes",0.000320686218678815,"Down_in_ZIKV",4.30102999566398,3.49391970324695,127.00435,7.00004902825619,"Down in ZIKV"
"TOP2A","Mock","ZIKV",90.5651,36.0761,-1.32791,5e-05,"yes",0.000320686218678815,"Down_in_ZIKV",4.30102999566398,3.49391970324695,63.3206,6.00720895931756,"Down in ZIKV"
"USP43","Mock","ZIKV",4.42546,1.76302,-1.32777,5e-05,"yes",0.000320686218678815,"Down_in_ZIKV",4.30102999566398,3.49391970324695,3.09424,2.033595674091,"Down in ZIKV"
"DNA2","Mock","ZIKV",7.83487,3.12304,-1.32696,5e-05,"yes",0.000320686218678815,"Down_in_ZIKV",4.30102999566398,3.49391970324695,5.478955,2.69576113750897,"Down in ZIKV"
"SNHG3","Mock","ZIKV",6.28345,2.50514,-1.32666,5e-05,"yes",0.000320686218678815,"Down_in_ZIKV",4.30102999566398,3.49391970324695,4.394295,2.43143442098017,"Down in ZIKV"
"RMI2","Mock","ZIKV",15.5622,6.20946,-1.3255,5e-05,"yes",0.000320686218678815,"Down_in_ZIKV",4.30102999566398,3.49391970324695,10.88583,3.5711707465963,"Down in ZIKV"
"SIRPA","Mock","ZIKV",2.97538,1.18804,-1.32449,5e-05,"yes",0.000320686218678815,"Down_in_ZIKV",4.30102999566398,3.49391970324695,2.08171,1.62373110544555,"Down in ZIKV"
"ZNF732","Mock","ZIKV",1.35273,0.541134,-1.32182,5e-05,"yes",0.000320686218678815,"Down_in_ZIKV",4.30102999566398,3.49391970324695,0.946932,0.961202496294482,"Down in ZIKV"
"ATP5S","Mock","ZIKV",7.56457,3.02638,-1.32167,5e-05,"yes",0.000320686218678815,"Down_in_ZIKV",4.30102999566398,3.49391970324695,5.295475,2.65431523486109,"Down in ZIKV"
"HCG18","Mock","ZIKV",9.04824,3.62454,-1.31984,5e-05,"yes",0.000320686218678815,"Down_in_ZIKV",4.30102999566398,3.49391970324695,6.33639,2.87507033414978,"Down in ZIKV"
"ADAM11","Mock","ZIKV",2.53183,1.01529,-1.31829,5e-05,"yes",0.000320686218678815,"Down_in_ZIKV",4.30102999566398,3.49391970324695,1.77356,1.47173893540239,"Down in ZIKV"
"LOC646903","Mock","ZIKV",4.41806,1.77333,-1.31695,5e-05,"yes",0.000320686218678815,"Down_in_ZIKV",4.30102999566398,3.49391970324695,3.095695,2.03410828409501,"Down in ZIKV"
"C1orf106","Mock","ZIKV",6.26078,2.51774,-1.31421,5e-05,"yes",0.000320686218678815,"Down_in_ZIKV",4.30102999566398,3.49391970324695,4.38926,2.4300871899309,"Down in ZIKV"
"AHSA2","Mock","ZIKV",26.1476,10.5201,-1.31353,5e-05,"yes",0.000320686218678815,"Down_in_ZIKV",4.30102999566398,3.49391970324695,18.33385,4.27305704867252,"Down in ZIKV"
"CTSC","Mock","ZIKV",9.00863,3.625,-1.31333,5e-05,"yes",0.000320686218678815,"Down_in_ZIKV",4.30102999566398,3.49391970324695,6.316815,2.87121578188973,"Down in ZIKV"
"EHHADH","Mock","ZIKV",1.03987,0.419351,-1.31017,5e-05,"yes",0.000320686218678815,"Down_in_ZIKV",4.30102999566398,3.49391970324695,0.7296105,0.790447186425227,"Down in ZIKV"
"GRIN2A","Mock","ZIKV",6.04508,2.44353,-1.30679,5e-05,"yes",0.000320686218678815,"Down_in_ZIKV",4.30102999566398,3.49391970324695,4.244305,2.39075159272819,"Down in ZIKV"
"ILF3-AS1","Mock","ZIKV",10.6739,4.31579,-1.30639,5e-05,"yes",0.000320686218678815,"Down_in_ZIKV",4.30102999566398,3.49391970324695,7.494845,3.08658762371657,"Down in ZIKV"
"OGG1","Mock","ZIKV",12.9112,5.22125,-1.30616,5e-05,"yes",0.000320686218678815,"Down_in_ZIKV",4.30102999566398,3.49391970324695,9.066225,3.33145084527733,"Down in ZIKV"
"TCTA","Mock","ZIKV",7.06069,2.8562,-1.30571,5e-05,"yes",0.000320686218678815,"Down_in_ZIKV",4.30102999566398,3.49391970324695,4.958445,2.57493587372492,"Down in ZIKV"
"RCCD1","Mock","ZIKV",3.54534,1.43578,-1.30409,5e-05,"yes",0.000320686218678815,"Down_in_ZIKV",4.30102999566398,3.49391970324695,2.49056,1.80345851047845,"Down in ZIKV"
"CD9","Mock","ZIKV",3.45071,1.39768,-1.30386,5e-05,"yes",0.000320686218678815,"Down_in_ZIKV",4.30102999566398,3.49391970324695,2.424195,1.77576486223042,"Down in ZIKV"
"NRBP2","Mock","ZIKV",33.0747,13.3988,-1.30362,5e-05,"yes",0.000320686218678815,"Down_in_ZIKV",4.30102999566398,3.49391970324695,23.23675,4.59912435008289,"Down in ZIKV"
"KLHDC8A","Mock","ZIKV",56.8669,23.1005,-1.29966,5e-05,"yes",0.000320686218678815,"Down_in_ZIKV",4.30102999566398,3.49391970324695,39.9837,5.35697833132751,"Down in ZIKV"
"MMRN1","Mock","ZIKV",28.1489,11.4363,-1.29946,5e-05,"yes",0.000320686218678815,"Down_in_ZIKV",4.30102999566398,3.49391970324695,19.7926,4.37799826542492,"Down in ZIKV"
"MFNG","Mock","ZIKV",13.4981,5.49318,-1.29704,5e-05,"yes",0.000320686218678815,"Down_in_ZIKV",4.30102999566398,3.49391970324695,9.49564,3.39171823642686,"Down in ZIKV"
"FLJ35282","Mock","ZIKV",4.99299,2.03335,-1.29604,5e-05,"yes",0.000320686218678815,"Down_in_ZIKV",4.30102999566398,3.49391970324695,3.51317,2.17414112234339,"Down in ZIKV"
"PSMG4","Mock","ZIKV",8.17794,3.33132,-1.29564,5e-05,"yes",0.000320686218678815,"Down_in_ZIKV",4.30102999566398,3.49391970324695,5.75463,2.75587674486039,"Down in ZIKV"
"PIEZO2","Mock","ZIKV",1.72322,0.701977,-1.29561,5e-05,"yes",0.000320686218678815,"Down_in_ZIKV",4.30102999566398,3.49391970324695,1.2125985,1.14574168222315,"Down in ZIKV"
"CDC45","Mock","ZIKV",13.9584,5.6873,-1.29532,5e-05,"yes",0.000320686218678815,"Down_in_ZIKV",4.30102999566398,3.49391970324695,9.82285,3.43600855148748,"Down in ZIKV"
"DKFZP434I0714","Mock","ZIKV",2.91511,1.18814,-1.29484,5e-05,"yes",0.000320686218678815,"Down_in_ZIKV",4.30102999566398,3.49391970324695,2.051625,1.60957768698237,"Down in ZIKV"
"SMC2","Mock","ZIKV",12.644,5.15738,-1.29374,5e-05,"yes",0.000320686218678815,"Down_in_ZIKV",4.30102999566398,3.49391970324695,8.90069,3.30752907316089,"Down in ZIKV"
"SPRYD4","Mock","ZIKV",2.59759,1.06039,-1.29257,5e-05,"yes",0.000320686218678815,"Down_in_ZIKV",4.30102999566398,3.49391970324695,1.82899,1.50028707706082,"Down in ZIKV"
"TIMELESS","Mock","ZIKV",34.4657,14.0795,-1.29157,5e-05,"yes",0.000320686218678815,"Down_in_ZIKV",4.30102999566398,3.49391970324695,24.2726,4.65950218869721,"Down in ZIKV"
"HILPDA","Mock","ZIKV",15.2973,6.24997,-1.29136,5e-05,"yes",0.000320686218678815,"Down_in_ZIKV",4.30102999566398,3.49391970324695,10.773635,3.55748790267595,"Down in ZIKV"
"RFC3","Mock","ZIKV",13.1073,5.35879,-1.29039,5e-05,"yes",0.000320686218678815,"Down_in_ZIKV",4.30102999566398,3.49391970324695,9.233045,3.35516359996389,"Down in ZIKV"
"C8orf46","Mock","ZIKV",11.5686,4.72983,-1.29036,5e-05,"yes",0.000320686218678815,"Down_in_ZIKV",4.30102999566398,3.49391970324695,8.149215,3.19364796588953,"Down in ZIKV"
"QTRT1","Mock","ZIKV",21.1598,8.65483,-1.28975,5e-05,"yes",0.000320686218678815,"Down_in_ZIKV",4.30102999566398,3.49391970324695,14.907315,3.99161843821927,"Down in ZIKV"
"ARMC4","Mock","ZIKV",1.44209,0.589865,-1.2897,5e-05,"yes",0.000320686218678815,"Down_in_ZIKV",4.30102999566398,3.49391970324695,1.0159775,1.01147953724082,"Down in ZIKV"
"FANCL","Mock","ZIKV",29.4916,12.0635,-1.28966,5e-05,"yes",0.000320686218678815,"Down_in_ZIKV",4.30102999566398,3.49391970324695,20.77755,4.44476975318157,"Down in ZIKV"
"GMNN","Mock","ZIKV",27.7379,11.3584,-1.2881,5e-05,"yes",0.000320686218678815,"Down_in_ZIKV",4.30102999566398,3.49391970324695,19.54815,4.36093660529215,"Down in ZIKV"
"ESPL1","Mock","ZIKV",9.45665,3.87495,-1.28715,5e-05,"yes",0.000320686218678815,"Down_in_ZIKV",4.30102999566398,3.49391970324695,6.6658,2.93843635885169,"Down in ZIKV"
"CENPN","Mock","ZIKV",13.9246,5.71082,-1.28587,5e-05,"yes",0.000320686218678815,"Down_in_ZIKV",4.30102999566398,3.49391970324695,9.81771,3.43532322239714,"Down in ZIKV"
"GINS1","Mock","ZIKV",14.3153,5.87109,-1.28586,5e-05,"yes",0.000320686218678815,"Down_in_ZIKV",4.30102999566398,3.49391970324695,10.093195,3.47160303719524,"Down in ZIKV"
"CCBL1","Mock","ZIKV",7.81406,3.2051,-1.2857,5e-05,"yes",0.000320686218678815,"Down_in_ZIKV",4.30102999566398,3.49391970324695,5.50958,2.70256446328888,"Down in ZIKV"
"SH2D5","Mock","ZIKV",1.97145,0.808943,-1.28515,5e-05,"yes",0.000320686218678815,"Down_in_ZIKV",4.30102999566398,3.49391970324695,1.3901965,1.25712922821534,"Down in ZIKV"
"DLL3","Mock","ZIKV",96.1273,39.4722,-1.28411,5e-05,"yes",0.000320686218678815,"Down_in_ZIKV",4.30102999566398,3.49391970324695,67.79975,6.10433141745404,"Down in ZIKV"
"SLC9A3","Mock","ZIKV",2.60801,1.07113,-1.28381,5e-05,"yes",0.000320686218678815,"Down_in_ZIKV",4.30102999566398,3.49391970324695,1.83957,1.50567247697076,"Down in ZIKV"
"DPM3","Mock","ZIKV",45.0623,18.5117,-1.28349,5e-05,"yes",0.000320686218678815,"Down_in_ZIKV",4.30102999566398,3.49391970324695,31.787,5.03505199652301,"Down in ZIKV"
"BOK","Mock","ZIKV",3.69955,1.5206,-1.28271,5e-05,"yes",0.000320686218678815,"Down_in_ZIKV",4.30102999566398,3.49391970324695,2.610075,1.85202880968976,"Down in ZIKV"
"IL13RA1","Mock","ZIKV",4.01183,1.65241,-1.27969,5e-05,"yes",0.000320686218678815,"Down_in_ZIKV",4.30102999566398,3.49391970324695,2.83212,1.9381427387083,"Down in ZIKV"
"LOC100131434","Mock","ZIKV",3.62773,1.4967,-1.27728,5e-05,"yes",0.000320686218678815,"Down_in_ZIKV",4.30102999566398,3.49391970324695,2.562215,1.8327745939446,"Down in ZIKV"
"PNMA3","Mock","ZIKV",4.08809,1.68874,-1.27548,5e-05,"yes",0.000320686218678815,"Down_in_ZIKV",4.30102999566398,3.49391970324695,2.888415,1.95918220209468,"Down in ZIKV"
"IFI27L1","Mock","ZIKV",16.3793,6.77078,-1.27448,5e-05,"yes",0.000320686218678815,"Down_in_ZIKV",4.30102999566398,3.49391970324695,11.57504,3.65249108400046,"Down in ZIKV"
"ALDH1A1","Mock","ZIKV",1.62884,0.673515,-1.27406,5e-05,"yes",0.000320686218678815,"Down_in_ZIKV",4.30102999566398,3.49391970324695,1.1511775,1.10512657069523,"Down in ZIKV"
"CHRNB4","Mock","ZIKV",22.5705,9.35682,-1.27035,5e-05,"yes",0.000320686218678815,"Down_in_ZIKV",4.30102999566398,3.49391970324695,15.96366,4.08437556751171,"Down in ZIKV"
"CPXM1","Mock","ZIKV",40.1174,16.6352,-1.26999,5e-05,"yes",0.000320686218678815,"Down_in_ZIKV",4.30102999566398,3.49391970324695,28.3763,4.87658079208173,"Down in ZIKV"
"KIF20A","Mock","ZIKV",20.4341,8.48208,-1.26849,5e-05,"yes",0.000320686218678815,"Down_in_ZIKV",4.30102999566398,3.49391970324695,14.45809,3.95029016591217,"Down in ZIKV"
"AIF1L","Mock","ZIKV",36.5615,15.2063,-1.26566,5e-05,"yes",0.000320686218678815,"Down_in_ZIKV",4.30102999566398,3.49391970324695,25.8839,4.74867053741348,"Down in ZIKV"
"MGC45800","Mock","ZIKV",2.36966,0.985954,-1.26509,5e-05,"yes",0.000320686218678815,"Down_in_ZIKV",4.30102999566398,3.49391970324695,1.677807,1.42105198374782,"Down in ZIKV"
"PSRC1","Mock","ZIKV",27.9852,11.6529,-1.26398,5e-05,"yes",0.000320686218678815,"Down_in_ZIKV",4.30102999566398,3.49391970324695,19.81905,4.37983233299834,"Down in ZIKV"
"TMEM48","Mock","ZIKV",16.1024,6.70737,-1.26346,5e-05,"yes",0.000320686218678815,"Down_in_ZIKV",4.30102999566398,3.49391970324695,11.404885,3.63283645561559,"Down in ZIKV"
"FAM107A","Mock","ZIKV",3.78685,1.57753,-1.26333,5e-05,"yes",0.000320686218678815,"Down_in_ZIKV",4.30102999566398,3.49391970324695,2.68219,1.88056407127924,"Down in ZIKV"
"HSD17B8","Mock","ZIKV",7.71744,3.21656,-1.2626,5e-05,"yes",0.000320686218678815,"Down_in_ZIKV",4.30102999566398,3.49391970324695,5.467,2.69309661038579,"Down in ZIKV"
"EFCAB12","Mock","ZIKV",2.34074,0.97637,-1.26147,5e-05,"yes",0.000320686218678815,"Down_in_ZIKV",4.30102999566398,3.49391970324695,1.658555,1.41064231310365,"Down in ZIKV"
"DARS2","Mock","ZIKV",9.84236,4.1147,-1.25822,5e-05,"yes",0.000320686218678815,"Down_in_ZIKV",4.30102999566398,3.49391970324695,6.97853,2.99612296235396,"Down in ZIKV"
"SLC4A4","Mock","ZIKV",1.8992,0.794633,-1.25703,5e-05,"yes",0.000320686218678815,"Down_in_ZIKV",4.30102999566398,3.49391970324695,1.3469165,1.23076651370647,"Down in ZIKV"
"GTSE1","Mock","ZIKV",17.3506,7.25993,-1.25696,5e-05,"yes",0.000320686218678815,"Down_in_ZIKV",4.30102999566398,3.49391970324695,12.305265,3.73392533958636,"Down in ZIKV"
"PAQR4","Mock","ZIKV",16.3454,6.84022,-1.25677,5e-05,"yes",0.000320686218678815,"Down_in_ZIKV",4.30102999566398,3.49391970324695,11.59281,3.65452834146478,"Down in ZIKV"
"TIE1","Mock","ZIKV",1.07418,0.449923,-1.25549,5e-05,"yes",0.000320686218678815,"Down_in_ZIKV",4.30102999566398,3.49391970324695,0.7620515,0.817256090948916,"Down in ZIKV"
"C10orf32","Mock","ZIKV",12.4642,5.22113,-1.25536,5e-05,"yes",0.000320686218678815,"Down_in_ZIKV",4.30102999566398,3.49391970324695,8.842665,3.29904899256963,"Down in ZIKV"
"TRIM74","Mock","ZIKV",2.80922,1.17688,-1.2552,5e-05,"yes",0.000320686218678815,"Down_in_ZIKV",4.30102999566398,3.49391970324695,1.99305,1.58161637978808,"Down in ZIKV"
"SDC4","Mock","ZIKV",2.21793,0.930706,-1.25282,5e-05,"yes",0.000320686218678815,"Down_in_ZIKV",4.30102999566398,3.49391970324695,1.574318,1.36419027760134,"Down in ZIKV"
"TTLL6","Mock","ZIKV",1.39502,0.586055,-1.25117,5e-05,"yes",0.000320686218678815,"Down_in_ZIKV",4.30102999566398,3.49391970324695,0.9905375,0.993158050808525,"Down in ZIKV"
"POLD3","Mock","ZIKV",13.5353,5.70749,-1.2458,5e-05,"yes",0.000320686218678815,"Down_in_ZIKV",4.30102999566398,3.49391970324695,9.621395,3.40890135513609,"Down in ZIKV"
"ZNF589","Mock","ZIKV",11.1425,4.6987,-1.24574,5e-05,"yes",0.000320686218678815,"Down_in_ZIKV",4.30102999566398,3.49391970324695,7.9206,3.1571407491493,"Down in ZIKV"
"ARMC3","Mock","ZIKV",1.9409,0.818868,-1.24502,5e-05,"yes",0.000320686218678815,"Down_in_ZIKV",4.30102999566398,3.49391970324695,1.379884,1.25089125559069,"Down in ZIKV"
"EMID1","Mock","ZIKV",4.63012,1.95386,-1.24472,5e-05,"yes",0.000320686218678815,"Down_in_ZIKV",4.30102999566398,3.49391970324695,3.29199,2.10164671473208,"Down in ZIKV"
"C5orf55","Mock","ZIKV",3.053,1.28859,-1.24444,5e-05,"yes",0.000320686218678815,"Down_in_ZIKV",4.30102999566398,3.49391970324695,2.170795,1.66484460653549,"Down in ZIKV"
"TMEM109","Mock","ZIKV",13.9466,5.88754,-1.24418,5e-05,"yes",0.000320686218678815,"Down_in_ZIKV",4.30102999566398,3.49391970324695,9.91707,3.44851380245758,"Down in ZIKV"
"TK1","Mock","ZIKV",15.6617,6.61271,-1.24393,5e-05,"yes",0.000320686218678815,"Down_in_ZIKV",4.30102999566398,3.49391970324695,11.137205,3.60136432563303,"Down in ZIKV"
"DGCR9","Mock","ZIKV",2.62935,1.11031,-1.24375,5e-05,"yes",0.000320686218678815,"Down_in_ZIKV",4.30102999566398,3.49391970324695,1.86983,1.52096527856613,"Down in ZIKV"
"GRAMD1C","Mock","ZIKV",2.11928,0.895657,-1.24256,5e-05,"yes",0.000320686218678815,"Down_in_ZIKV",4.30102999566398,3.49391970324695,1.5074685,1.32623157713686,"Down in ZIKV"
"TYMS","Mock","ZIKV",59.481,25.1547,-1.2416,5e-05,"yes",0.000320686218678815,"Down_in_ZIKV",4.30102999566398,3.49391970324695,42.31785,5.43688973415603,"Down in ZIKV"
"KDM8","Mock","ZIKV",2.4543,1.03809,-1.24138,5e-05,"yes",0.000320686218678815,"Down_in_ZIKV",4.30102999566398,3.49391970324695,1.746195,1.45743407105845,"Down in ZIKV"
"EGR1","Mock","ZIKV",616.45,261.459,-1.2374,5e-05,"yes",0.000320686218678815,"Down_in_ZIKV",4.30102999566398,3.49391970324695,438.9545,8.7812105180278,"Down in ZIKV"
"LOC730101","Mock","ZIKV",12.9644,5.50236,-1.23643,5e-05,"yes",0.000320686218678815,"Down_in_ZIKV",4.30102999566398,3.49391970324695,9.23338,3.35521082881199,"Down in ZIKV"
"DEPDC1B","Mock","ZIKV",19.265,8.18518,-1.2349,5e-05,"yes",0.000320686218678815,"Down_in_ZIKV",4.30102999566398,3.49391970324695,13.72509,3.88020454674662,"Down in ZIKV"
"PPIF","Mock","ZIKV",14.5118,6.17052,-1.23376,5e-05,"yes",0.000320686218678815,"Down_in_ZIKV",4.30102999566398,3.49391970324695,10.34116,3.50349630489047,"Down in ZIKV"
"LOXL2","Mock","ZIKV",17.5678,7.4706,-1.23364,5e-05,"yes",0.000320686218678815,"Down_in_ZIKV",4.30102999566398,3.49391970324695,12.5192,3.75693787741125,"Down in ZIKV"
"ENOSF1","Mock","ZIKV",16.1599,6.87772,-1.23242,5e-05,"yes",0.000320686218678815,"Down_in_ZIKV",4.30102999566398,3.49391970324695,11.51881,3.64602552547312,"Down in ZIKV"
"CENPF","Mock","ZIKV",48.4378,20.62,-1.23209,5e-05,"yes",0.000320686218678815,"Down_in_ZIKV",4.30102999566398,3.49391970324695,34.5289,5.15092111738393,"Down in ZIKV"
"ZNF488","Mock","ZIKV",1.5685,0.667788,-1.23193,5e-05,"yes",0.000320686218678815,"Down_in_ZIKV",4.30102999566398,3.49391970324695,1.118144,1.08280067291096,"Down in ZIKV"
"RCC1","Mock","ZIKV",16.4009,6.98403,-1.23164,5e-05,"yes",0.000320686218678815,"Down_in_ZIKV",4.30102999566398,3.49391970324695,11.692465,3.66590037666882,"Down in ZIKV"
"C1orf228","Mock","ZIKV",3.79599,1.61703,-1.23113,5e-05,"yes",0.000320686218678815,"Down_in_ZIKV",4.30102999566398,3.49391970324695,2.70651,1.8900614037205,"Down in ZIKV"
"ENTPD1","Mock","ZIKV",4.13881,1.76306,-1.23113,5e-05,"yes",0.000320686218678815,"Down_in_ZIKV",4.30102999566398,3.49391970324695,2.950935,1.98219411157779,"Down in ZIKV"
"AKT2","Mock","ZIKV",25.5282,10.8981,-1.22801,5e-05,"yes",0.000320686218678815,"Down_in_ZIKV",4.30102999566398,3.49391970324695,18.21315,4.26402216343913,"Down in ZIKV"
"DPY19L2P2","Mock","ZIKV",3.57975,1.52863,-1.22762,5e-05,"yes",0.000320686218678815,"Down_in_ZIKV",4.30102999566398,3.49391970324695,2.55419,1.82952080706465,"Down in ZIKV"
"FAHD2A","Mock","ZIKV",12.6297,5.39647,-1.22673,5e-05,"yes",0.000320686218678815,"Down_in_ZIKV",4.30102999566398,3.49391970324695,9.013085,3.3238146273535,"Down in ZIKV"
"PKMYT1","Mock","ZIKV",13.6394,5.83124,-1.2259,5e-05,"yes",0.000320686218678815,"Down_in_ZIKV",4.30102999566398,3.49391970324695,9.73532,3.4242932907913,"Down in ZIKV"
"LOC440288","Mock","ZIKV",3.79171,1.62393,-1.22336,5e-05,"yes",0.000320686218678815,"Down_in_ZIKV",4.30102999566398,3.49391970324695,2.70782,1.89057120852369,"Down in ZIKV"
"MAMDC4","Mock","ZIKV",6.94363,2.97406,-1.22326,5e-05,"yes",0.000320686218678815,"Down_in_ZIKV",4.30102999566398,3.49391970324695,4.958845,2.5750327209136,"Down in ZIKV"
"ZNF587B","Mock","ZIKV",2.7654,1.18691,-1.22028,5e-05,"yes",0.000320686218678815,"Down_in_ZIKV",4.30102999566398,3.49391970324695,1.976155,1.57344966485594,"Down in ZIKV"
"TUBB1","Mock","ZIKV",1.22902,0.529232,-1.21554,5e-05,"yes",0.000320686218678815,"Down_in_ZIKV",4.30102999566398,3.49391970324695,0.879126,0.910061806236751,"Down in ZIKV"
"CTSF","Mock","ZIKV",15.5639,6.7037,-1.21517,5e-05,"yes",0.000320686218678815,"Down_in_ZIKV",4.30102999566398,3.49391970324695,11.1338,3.60095953179393,"Down in ZIKV"
"MMP23B","Mock","ZIKV",3.6239,1.56116,-1.21493,5e-05,"yes",0.000320686218678815,"Down_in_ZIKV",4.30102999566398,3.49391970324695,2.59253,1.84500020419006,"Down in ZIKV"
"MYL9","Mock","ZIKV",12.7265,5.48355,-1.21465,5e-05,"yes",0.000320686218678815,"Down_in_ZIKV",4.30102999566398,3.49391970324695,9.105025,3.33700098586096,"Down in ZIKV"
"SCRN2","Mock","ZIKV",12.225,5.26852,-1.21436,5e-05,"yes",0.000320686218678815,"Down_in_ZIKV",4.30102999566398,3.49391970324695,8.74676,3.2849227205276,"Down in ZIKV"
"ORC1","Mock","ZIKV",7.13011,3.07634,-1.21271,5e-05,"yes",0.000320686218678815,"Down_in_ZIKV",4.30102999566398,3.49391970324695,5.103225,2.60957177743419,"Down in ZIKV"
"CDK1","Mock","ZIKV",55.6045,23.9927,-1.2126,5e-05,"yes",0.000320686218678815,"Down_in_ZIKV",4.30102999566398,3.49391970324695,39.7986,5.35044774199318,"Down in ZIKV"
"GSTZ1","Mock","ZIKV",9.29256,4.01154,-1.21192,5e-05,"yes",0.000320686218678815,"Down_in_ZIKV",4.30102999566398,3.49391970324695,6.65205,2.93584630056803,"Down in ZIKV"
"CD58","Mock","ZIKV",3.76849,1.6273,-1.21151,5e-05,"yes",0.000320686218678815,"Down_in_ZIKV",4.30102999566398,3.49391970324695,2.697895,1.88670426067236,"Down in ZIKV"
"TMEM218","Mock","ZIKV",7.37404,3.18424,-1.21151,5e-05,"yes",0.000320686218678815,"Down_in_ZIKV",4.30102999566398,3.49391970324695,5.27914,2.65056697906969,"Down in ZIKV"
"FANK1","Mock","ZIKV",5.43904,2.35307,-1.20881,5e-05,"yes",0.000320686218678815,"Down_in_ZIKV",4.30102999566398,3.49391970324695,3.896055,2.2916197646853,"Down in ZIKV"
"CHAF1B","Mock","ZIKV",10.2515,4.44311,-1.20619,5e-05,"yes",0.000320686218678815,"Down_in_ZIKV",4.30102999566398,3.49391970324695,7.347305,3.0613104861238,"Down in ZIKV"
"CHRNA5","Mock","ZIKV",7.71101,3.34208,-1.20618,5e-05,"yes",0.000320686218678815,"Down_in_ZIKV",4.30102999566398,3.49391970324695,5.526545,2.70631946489953,"Down in ZIKV"
"LOC155060","Mock","ZIKV",1.97545,0.856628,-1.20544,5e-05,"yes",0.000320686218678815,"Down_in_ZIKV",4.30102999566398,3.49391970324695,1.416039,1.27264374301253,"Down in ZIKV"
"PLD2","Mock","ZIKV",4.93516,2.14108,-1.20476,5e-05,"yes",0.000320686218678815,"Down_in_ZIKV",4.30102999566398,3.49391970324695,3.53812,2.18209475822047,"Down in ZIKV"
"SSPO","Mock","ZIKV",2.40571,1.04687,-1.20037,5e-05,"yes",0.000320686218678815,"Down_in_ZIKV",4.30102999566398,3.49391970324695,1.72629,1.44693903217581,"Down in ZIKV"
"AURKA","Mock","ZIKV",13.3004,5.79773,-1.19791,5e-05,"yes",0.000320686218678815,"Down_in_ZIKV",4.30102999566398,3.49391970324695,9.549065,3.39904322845099,"Down in ZIKV"
"FAM66C","Mock","ZIKV",1.73186,0.755727,-1.19639,5e-05,"yes",0.000320686218678815,"Down_in_ZIKV",4.30102999566398,3.49391970324695,1.2437935,1.16593990846257,"Down in ZIKV"
"TRIL","Mock","ZIKV",6.14785,2.68658,-1.19431,5e-05,"yes",0.000320686218678815,"Down_in_ZIKV",4.30102999566398,3.49391970324695,4.417215,2.43755135004442,"Down in ZIKV"
"EPHX2","Mock","ZIKV",5.89743,2.57895,-1.19331,5e-05,"yes",0.000320686218678815,"Down_in_ZIKV",4.30102999566398,3.49391970324695,4.23819,2.38906839017465,"Down in ZIKV"
"CSRP2","Mock","ZIKV",107.622,47.0757,-1.19292,5e-05,"yes",0.000320686218678815,"Down_in_ZIKV",4.30102999566398,3.49391970324695,77.34885,6.29184019394421,"Down in ZIKV"
"DNPH1","Mock","ZIKV",27.7906,12.1561,-1.19292,5e-05,"yes",0.000320686218678815,"Down_in_ZIKV",4.30102999566398,3.49391970324695,19.97335,4.39048541137123,"Down in ZIKV"
"TRDMT1","Mock","ZIKV",4.24427,1.85747,-1.19218,5e-05,"yes",0.000320686218678815,"Down_in_ZIKV",4.30102999566398,3.49391970324695,3.05087,2.0182317869832,"Down in ZIKV"
"TAGLN","Mock","ZIKV",59.0826,25.8724,-1.19132,5e-05,"yes",0.000320686218678815,"Down_in_ZIKV",4.30102999566398,3.49391970324695,42.4775,5.44219708122094,"Down in ZIKV"
"ZWINT","Mock","ZIKV",35.043,15.3455,-1.19131,5e-05,"yes",0.000320686218678815,"Down_in_ZIKV",4.30102999566398,3.49391970324695,25.19425,4.71117824989793,"Down in ZIKV"
"CHRAC1","Mock","ZIKV",8.76683,3.84772,-1.18805,5e-05,"yes",0.000320686218678815,"Down_in_ZIKV",4.30102999566398,3.49391970324695,6.307275,2.86933350235748,"Down in ZIKV"
"TCHP","Mock","ZIKV",9.76041,4.28541,-1.18751,5e-05,"yes",0.000320686218678815,"Down_in_ZIKV",4.30102999566398,3.49391970324695,7.02291,3.0041256133762,"Down in ZIKV"
"RBBP7","Mock","ZIKV",61.6993,27.0898,-1.1875,5e-05,"yes",0.000320686218678815,"Down_in_ZIKV",4.30102999566398,3.49391970324695,44.39455,5.50444719504793,"Down in ZIKV"
"CDH20","Mock","ZIKV",37.1137,16.3031,-1.1868,5e-05,"yes",0.000320686218678815,"Down_in_ZIKV",4.30102999566398,3.49391970324695,26.7084,4.79225150080918,"Down in ZIKV"
"ANXA11","Mock","ZIKV",2.2468,0.990636,-1.18145,5e-05,"yes",0.000320686218678815,"Down_in_ZIKV",4.30102999566398,3.49391970324695,1.618718,1.38886070959065,"Down in ZIKV"
"TMPRSS5","Mock","ZIKV",2.08404,0.919604,-1.1803,5e-05,"yes",0.000320686218678815,"Down_in_ZIKV",4.30102999566398,3.49391970324695,1.501822,1.32297914807589,"Down in ZIKV"
"GPD2","Mock","ZIKV",1.43223,0.632141,-1.17995,5e-05,"yes",0.000320686218678815,"Down_in_ZIKV",4.30102999566398,3.49391970324695,1.0321855,1.02303209882041,"Down in ZIKV"
"SNHG10","Mock","ZIKV",6.26131,2.7636,-1.17991,5e-05,"yes",0.000320686218678815,"Down_in_ZIKV",4.30102999566398,3.49391970324695,4.512455,2.46269497351971,"Down in ZIKV"
"PRR11","Mock","ZIKV",13.1837,5.81984,-1.1797,5e-05,"yes",0.000320686218678815,"Down_in_ZIKV",4.30102999566398,3.49391970324695,9.50177,3.39256059944705,"Down in ZIKV"
"WNT7B","Mock","ZIKV",103.534,45.7136,-1.17941,5e-05,"yes",0.000320686218678815,"Down_in_ZIKV",4.30102999566398,3.49391970324695,74.6238,6.24076843962927,"Down in ZIKV"
"NUDT13","Mock","ZIKV",1.89449,0.836549,-1.17929,5e-05,"yes",0.000320686218678815,"Down_in_ZIKV",4.30102999566398,3.49391970324695,1.3655195,1.24215705365759,"Down in ZIKV"
"SFXN5","Mock","ZIKV",5.56782,2.45917,-1.17894,5e-05,"yes",0.000320686218678815,"Down_in_ZIKV",4.30102999566398,3.49391970324695,4.013495,2.32581668350976,"Down in ZIKV"
"GJA1","Mock","ZIKV",42.4466,18.7478,-1.17893,5e-05,"yes",0.000320686218678815,"Down_in_ZIKV",4.30102999566398,3.49391970324695,30.5972,4.98172481388809,"Down in ZIKV"
"C1GALT1C1","Mock","ZIKV",9.72633,4.29678,-1.17864,5e-05,"yes",0.000320686218678815,"Down_in_ZIKV",4.30102999566398,3.49391970324695,7.011555,3.00208228920819,"Down in ZIKV"
"KEL","Mock","ZIKV",2.55719,1.13019,-1.178,5e-05,"yes",0.000320686218678815,"Down_in_ZIKV",4.30102999566398,3.49391970324695,1.84369,1.50776420059759,"Down in ZIKV"
"KIF18B","Mock","ZIKV",12.1193,5.36124,-1.17666,5e-05,"yes",0.000320686218678815,"Down_in_ZIKV",4.30102999566398,3.49391970324695,8.74027,3.28396176432632,"Down in ZIKV"
"ERVK13-1","Mock","ZIKV",4.3039,1.90489,-1.17594,5e-05,"yes",0.000320686218678815,"Down_in_ZIKV",4.30102999566398,3.49391970324695,3.104395,2.03716958014547,"Down in ZIKV"
"C2CD4C","Mock","ZIKV",12.8128,5.67142,-1.17581,5e-05,"yes",0.000320686218678815,"Down_in_ZIKV",4.30102999566398,3.49391970324695,9.24211,3.35644105367793,"Down in ZIKV"
"DHRS11","Mock","ZIKV",8.06451,3.57479,-1.17373,5e-05,"yes",0.000320686218678815,"Down_in_ZIKV",4.30102999566398,3.49391970324695,5.81965,2.76969769874776,"Down in ZIKV"
"ASPM","Mock","ZIKV",15.8065,7.01433,-1.17214,5e-05,"yes",0.000320686218678815,"Down_in_ZIKV",4.30102999566398,3.49391970324695,11.410415,3.63347945438717,"Down in ZIKV"
"HELLS","Mock","ZIKV",11.9011,5.29201,-1.16921,5e-05,"yes",0.000320686218678815,"Down_in_ZIKV",4.30102999566398,3.49391970324695,8.596555,3.26251659579244,"Down in ZIKV"
"MYBL2","Mock","ZIKV",29.9232,13.3083,-1.16894,5e-05,"yes",0.000320686218678815,"Down_in_ZIKV",4.30102999566398,3.49391970324695,21.61575,4.49925593535543,"Down in ZIKV"
"CCDC18","Mock","ZIKV",5.09029,2.26418,-1.16876,5e-05,"yes",0.000320686218678815,"Down_in_ZIKV",4.30102999566398,3.49391970324695,3.677235,2.2256559164236,"Down in ZIKV"
"CA14","Mock","ZIKV",5.69219,2.53268,-1.16832,5e-05,"yes",0.000320686218678815,"Down_in_ZIKV",4.30102999566398,3.49391970324695,4.112435,2.35401059560475,"Down in ZIKV"
"FGFBP3","Mock","ZIKV",204.952,91.3048,-1.16652,5e-05,"yes",0.000320686218678815,"Down_in_ZIKV",4.30102999566398,3.49391970324695,148.1284,7.22041122028347,"Down in ZIKV"
"PDDC1","Mock","ZIKV",23.6873,10.5554,-1.16613,5e-05,"yes",0.000320686218678815,"Down_in_ZIKV",4.30102999566398,3.49391970324695,17.12135,4.17961853182538,"Down in ZIKV"
"DBF4B","Mock","ZIKV",9.09986,4.0573,-1.16533,5e-05,"yes",0.000320686218678815,"Down_in_ZIKV",4.30102999566398,3.49391970324695,6.57858,2.9219275556692,"Down in ZIKV"
"PFN2","Mock","ZIKV",223.66,99.7904,-1.16433,5e-05,"yes",0.000320686218678815,"Down_in_ZIKV",4.30102999566398,3.49391970324695,161.7252,7.34629387716995,"Down in ZIKV"
"E2F8","Mock","ZIKV",2.30044,1.02727,-1.16309,5e-05,"yes",0.000320686218678815,"Down_in_ZIKV",4.30102999566398,3.49391970324695,1.663855,1.41351555520414,"Down in ZIKV"
"EMP2","Mock","ZIKV",7.83037,3.49683,-1.16303,5e-05,"yes",0.000320686218678815,"Down_in_ZIKV",4.30102999566398,3.49391970324695,5.6636,2.73630180176344,"Down in ZIKV"
"H2AFX","Mock","ZIKV",121.683,54.3662,-1.16234,5e-05,"yes",0.000320686218678815,"Down_in_ZIKV",4.30102999566398,3.49391970324695,88.0246,6.47613214325933,"Down in ZIKV"
"TK2","Mock","ZIKV",4.27868,1.9124,-1.16178,5e-05,"yes",0.000320686218678815,"Down_in_ZIKV",4.30102999566398,3.49391970324695,3.09554,2.03405368482362,"Down in ZIKV"
"B3GAT3","Mock","ZIKV",24.6687,11.0361,-1.16045,5e-05,"yes",0.000320686218678815,"Down_in_ZIKV",4.30102999566398,3.49391970324695,17.8524,4.23667629199905,"Down in ZIKV"
"FOXM1","Mock","ZIKV",24.8844,11.1391,-1.15962,5e-05,"yes",0.000320686218678815,"Down_in_ZIKV",4.30102999566398,3.49391970324695,18.01175,4.24881943066762,"Down in ZIKV"
"TSEN2","Mock","ZIKV",8.28943,3.72226,-1.1551,5e-05,"yes",0.000320686218678815,"Down_in_ZIKV",4.30102999566398,3.49391970324695,6.005845,2.80855906975502,"Down in ZIKV"
"TKTL1","Mock","ZIKV",7.83277,3.52295,-1.15274,5e-05,"yes",0.000320686218678815,"Down_in_ZIKV",4.30102999566398,3.49391970324695,5.67786,2.73938584790493,"Down in ZIKV"
"CYP27C1","Mock","ZIKV",2.22814,1.00289,-1.15167,5e-05,"yes",0.000320686218678815,"Down_in_ZIKV",4.30102999566398,3.49391970324695,1.615515,1.38709504390754,"Down in ZIKV"
"LUC7L3","Mock","ZIKV",148.784,67.1344,-1.1481,5e-05,"yes",0.000320686218678815,"Down_in_ZIKV",4.30102999566398,3.49391970324695,107.9592,6.76764420572386,"Down in ZIKV"
"HMGN2","Mock","ZIKV",371.216,167.523,-1.1479,5e-05,"yes",0.000320686218678815,"Down_in_ZIKV",4.30102999566398,3.49391970324695,269.3695,8.07878860219154,"Down in ZIKV"
"LYPD6","Mock","ZIKV",3.27689,1.47913,-1.14758,5e-05,"yes",0.000320686218678815,"Down_in_ZIKV",4.30102999566398,3.49391970324695,2.37801,1.75617359898863,"Down in ZIKV"
"FHAD1","Mock","ZIKV",1.99733,0.901914,-1.14701,5e-05,"yes",0.000320686218678815,"Down_in_ZIKV",4.30102999566398,3.49391970324695,1.449622,1.29255914482018,"Down in ZIKV"
"MEGF6","Mock","ZIKV",12.5302,5.65887,-1.14683,5e-05,"yes",0.000320686218678815,"Down_in_ZIKV",4.30102999566398,3.49391970324695,9.094535,3.33550255001984,"Down in ZIKV"
"GCDH","Mock","ZIKV",6.93761,3.13351,-1.14666,5e-05,"yes",0.000320686218678815,"Down_in_ZIKV",4.30102999566398,3.49391970324695,5.03556,2.59348763539479,"Down in ZIKV"
"BTBD19","Mock","ZIKV",3.1296,1.41396,-1.14624,5e-05,"yes",0.000320686218678815,"Down_in_ZIKV",4.30102999566398,3.49391970324695,2.27178,1.71007574229562,"Down in ZIKV"
"TMEM168","Mock","ZIKV",11.3048,5.10939,-1.14571,5e-05,"yes",0.000320686218678815,"Down_in_ZIKV",4.30102999566398,3.49391970324695,8.207095,3.20274603251684,"Down in ZIKV"
"TRAF5","Mock","ZIKV",2.6353,1.19145,-1.14525,5e-05,"yes",0.000320686218678815,"Down_in_ZIKV",4.30102999566398,3.49391970324695,1.913375,1.54269141236748,"Down in ZIKV"
"POLE2","Mock","ZIKV",6.93771,3.13671,-1.14521,5e-05,"yes",0.000320686218678815,"Down_in_ZIKV",4.30102999566398,3.49391970324695,5.03721,2.59388198513098,"Down in ZIKV"
"DANCR","Mock","ZIKV",48.098,21.7476,-1.14512,5e-05,"yes",0.000320686218678815,"Down_in_ZIKV",4.30102999566398,3.49391970324695,34.9228,5.16682790010783,"Down in ZIKV"
"ANLN","Mock","ZIKV",13.6141,6.16524,-1.14288,5e-05,"yes",0.000320686218678815,"Down_in_ZIKV",4.30102999566398,3.49391970324695,9.88967,3.44488833024823,"Down in ZIKV"
"NUDT1","Mock","ZIKV",26.4488,11.9818,-1.14236,5e-05,"yes",0.000320686218678815,"Down_in_ZIKV",4.30102999566398,3.49391970324695,19.2153,4.33737570860336,"Down in ZIKV"
"CHAF1A","Mock","ZIKV",17.1645,7.77785,-1.14199,5e-05,"yes",0.000320686218678815,"Down_in_ZIKV",4.30102999566398,3.49391970324695,12.471175,3.75180378776196,"Down in ZIKV"
"PXMP2","Mock","ZIKV",18.4842,8.40631,-1.13675,5e-05,"yes",0.000320686218678815,"Down_in_ZIKV",4.30102999566398,3.49391970324695,13.445255,3.85252376670185,"Down in ZIKV"
"H19","Mock","ZIKV",9.14327,4.15957,-1.13628,5e-05,"yes",0.000320686218678815,"Down_in_ZIKV",4.30102999566398,3.49391970324695,6.65142,2.93572751732785,"Down in ZIKV"
"WDHD1","Mock","ZIKV",8.18176,3.72347,-1.13576,5e-05,"yes",0.000320686218678815,"Down_in_ZIKV",4.30102999566398,3.49391970324695,5.952615,2.797555702723,"Down in ZIKV"
"LPL","Mock","ZIKV",5.37121,2.44634,-1.13462,5e-05,"yes",0.000320686218678815,"Down_in_ZIKV",4.30102999566398,3.49391970324695,3.908775,2.29536304044129,"Down in ZIKV"
"ZNF605","Mock","ZIKV",8.38898,3.82453,-1.13321,5e-05,"yes",0.000320686218678815,"Down_in_ZIKV",4.30102999566398,3.49391970324695,6.106755,2.82919096433693,"Down in ZIKV"
"MKI67","Mock","ZIKV",38.6335,17.6364,-1.1313,5e-05,"yes",0.000320686218678815,"Down_in_ZIKV",4.30102999566398,3.49391970324695,28.13495,4.86467892969088,"Down in ZIKV"
"LEPROT","Mock","ZIKV",16.1611,7.37767,-1.13129,5e-05,"yes",0.000320686218678815,"Down_in_ZIKV",4.30102999566398,3.49391970324695,11.769385,3.67461713842323,"Down in ZIKV"
"ZNF474","Mock","ZIKV",2.90032,1.32539,-1.1298,5e-05,"yes",0.000320686218678815,"Down_in_ZIKV",4.30102999566398,3.49391970324695,2.112855,1.6382383761476,"Down in ZIKV"
"FZD2","Mock","ZIKV",30.0716,13.7614,-1.12777,5e-05,"yes",0.000320686218678815,"Down_in_ZIKV",4.30102999566398,3.49391970324695,21.9165,4.51831481532514,"Down in ZIKV"
"FAM210B","Mock","ZIKV",20.9906,9.61049,-1.12706,5e-05,"yes",0.000320686218678815,"Down_in_ZIKV",4.30102999566398,3.49391970324695,15.300545,4.02684829588684,"Down in ZIKV"
"LOC284581","Mock","ZIKV",6.36444,2.91606,-1.12601,5e-05,"yes",0.000320686218678815,"Down_in_ZIKV",4.30102999566398,3.49391970324695,4.64025,2.49575911045506,"Down in ZIKV"
"TMEM107","Mock","ZIKV",12.5021,5.72881,-1.12586,5e-05,"yes",0.000320686218678815,"Down_in_ZIKV",4.30102999566398,3.49391970324695,9.115455,3.33848930964071,"Down in ZIKV"
"EXOSC3","Mock","ZIKV",10.455,4.79434,-1.12479,5e-05,"yes",0.000320686218678815,"Down_in_ZIKV",4.30102999566398,3.49391970324695,7.62467,3.10846925695538,"Down in ZIKV"
"PCNA","Mock","ZIKV",117.325,53.8122,-1.1245,5e-05,"yes",0.000320686218678815,"Down_in_ZIKV",4.30102999566398,3.49391970324695,85.5686,6.43577192308452,"Down in ZIKV"
"ZRANB2","Mock","ZIKV",64.2961,29.4905,-1.12448,5e-05,"yes",0.000320686218678815,"Down_in_ZIKV",4.30102999566398,3.49391970324695,46.8933,5.58175194014202,"Down in ZIKV"
"NES","Mock","ZIKV",172.014,79.0011,-1.12258,5e-05,"yes",0.000320686218678815,"Down_in_ZIKV",4.30102999566398,3.49391970324695,125.50755,6.98307967763916,"Down in ZIKV"
"TMEM91","Mock","ZIKV",13.2869,6.10526,-1.12188,5e-05,"yes",0.000320686218678815,"Down_in_ZIKV",4.30102999566398,3.49391970324695,9.69608,3.41901025592974,"Down in ZIKV"
"ADCY3","Mock","ZIKV",12.8572,5.90912,-1.12157,5e-05,"yes",0.000320686218678815,"Down_in_ZIKV",4.30102999566398,3.49391970324695,9.38316,3.37617367370174,"Down in ZIKV"
"BRIP1","Mock","ZIKV",4.5931,2.11157,-1.12115,5e-05,"yes",0.000320686218678815,"Down_in_ZIKV",4.30102999566398,3.49391970324695,3.352335,2.12178960535624,"Down in ZIKV"
"HMBS","Mock","ZIKV",13.1817,6.06162,-1.12076,5e-05,"yes",0.000320686218678815,"Down_in_ZIKV",4.30102999566398,3.49391970324695,9.62166,3.40893734941148,"Down in ZIKV"
"CDC42EP2","Mock","ZIKV",4.21953,1.94044,-1.1207,5e-05,"yes",0.000320686218678815,"Down_in_ZIKV",4.30102999566398,3.49391970324695,3.079985,2.02856384816114,"Down in ZIKV"
"LOC100507053","Mock","ZIKV",2.65462,1.22114,-1.12028,5e-05,"yes",0.000320686218678815,"Down_in_ZIKV",4.30102999566398,3.49391970324695,1.93788,1.55477546909346,"Down in ZIKV"
"ZDHHC8P1","Mock","ZIKV",2.83317,1.30366,-1.11985,5e-05,"yes",0.000320686218678815,"Down_in_ZIKV",4.30102999566398,3.49391970324695,2.068415,1.61749361907035,"Down in ZIKV"
"PLK4","Mock","ZIKV",11.6827,5.37718,-1.11944,5e-05,"yes",0.000320686218678815,"Down_in_ZIKV",4.30102999566398,3.49391970324695,8.52994,3.25246713103187,"Down in ZIKV"
"HIBCH","Mock","ZIKV",12.0907,5.5722,-1.11758,5e-05,"yes",0.000320686218678815,"Down_in_ZIKV",4.30102999566398,3.49391970324695,8.83145,3.29740420939783,"Down in ZIKV"
"MXD3","Mock","ZIKV",24.7019,11.3958,-1.11613,5e-05,"yes",0.000320686218678815,"Down_in_ZIKV",4.30102999566398,3.49391970324695,18.04885,4.25163199815048,"Down in ZIKV"
"LOC400927","Mock","ZIKV",14.713,6.79743,-1.11403,5e-05,"yes",0.000320686218678815,"Down_in_ZIKV",4.30102999566398,3.49391970324695,10.755215,3.55522902065815,"Down in ZIKV"
"TMEM17","Mock","ZIKV",3.29201,1.52164,-1.11335,5e-05,"yes",0.000320686218678815,"Down_in_ZIKV",4.30102999566398,3.49391970324695,2.406825,1.76842784173527,"Down in ZIKV"
"NOL12","Mock","ZIKV",4.7445,2.19448,-1.11238,5e-05,"yes",0.000320686218678815,"Down_in_ZIKV",4.30102999566398,3.49391970324695,3.46949,2.16011021922789,"Down in ZIKV"
"CDPF1","Mock","ZIKV",5.52977,2.55926,-1.11149,5e-05,"yes",0.000320686218678815,"Down_in_ZIKV",4.30102999566398,3.49391970324695,4.044515,2.33471556948424,"Down in ZIKV"
"TMEM254","Mock","ZIKV",33.1019,15.3221,-1.11131,5e-05,"yes",0.000320686218678815,"Down_in_ZIKV",4.30102999566398,3.49391970324695,24.212,4.65603866273212,"Down in ZIKV"
"NDRG2","Mock","ZIKV",24.3792,11.286,-1.11112,5e-05,"yes",0.000320686218678815,"Down_in_ZIKV",4.30102999566398,3.49391970324695,17.8326,4.23516028486421,"Down in ZIKV"
"ZNF781","Mock","ZIKV",2.38577,1.10465,-1.11087,5e-05,"yes",0.000320686218678815,"Down_in_ZIKV",4.30102999566398,3.49391970324695,1.74521,1.4569165151213,"Down in ZIKV"
"FOS","Mock","ZIKV",770.023,356.613,-1.11054,5e-05,"yes",0.000320686218678815,"Down_in_ZIKV",4.30102999566398,3.49391970324695,563.318,9.14036455760362,"Down in ZIKV"
"CDC20","Mock","ZIKV",75.6677,35.0897,-1.10863,5e-05,"yes",0.000320686218678815,"Down_in_ZIKV",4.30102999566398,3.49391970324695,55.3787,5.81707830700684,"Down in ZIKV"
"HMGN3","Mock","ZIKV",130.101,60.3344,-1.10858,5e-05,"yes",0.000320686218678815,"Down_in_ZIKV",4.30102999566398,3.49391970324695,95.2177,6.588230408356,"Down in ZIKV"
"TUBB4B","Mock","ZIKV",193.337,89.6756,-1.10833,5e-05,"yes",0.000320686218678815,"Down_in_ZIKV",4.30102999566398,3.49391970324695,141.5063,7.15488188994929,"Down in ZIKV"
"CCNB2","Mock","ZIKV",59.0539,27.4097,-1.10735,5e-05,"yes",0.000320686218678815,"Down_in_ZIKV",4.30102999566398,3.49391970324695,43.2318,5.46701204836593,"Down in ZIKV"
"NCAPD2","Mock","ZIKV",42.2072,19.6012,-1.10654,5e-05,"yes",0.000320686218678815,"Down_in_ZIKV",4.30102999566398,3.49391970324695,30.9042,4.9956744536837,"Down in ZIKV"
"PTN","Mock","ZIKV",340.021,158.106,-1.10474,5e-05,"yes",0.000320686218678815,"Down_in_ZIKV",4.30102999566398,3.49391970324695,249.0635,7.96615068267189,"Down in ZIKV"
"RNASEH2A","Mock","ZIKV",37.1538,17.2795,-1.10445,5e-05,"yes",0.000320686218678815,"Down_in_ZIKV",4.30102999566398,3.49391970324695,27.21665,4.81847481013386,"Down in ZIKV"
"POP5","Mock","ZIKV",21.0213,9.78556,-1.10313,5e-05,"yes",0.000320686218678815,"Down_in_ZIKV",4.30102999566398,3.49391970324695,15.40343,4.03592561257145,"Down in ZIKV"
"TROAP","Mock","ZIKV",24.4202,11.3767,-1.10199,5e-05,"yes",0.000320686218678815,"Down_in_ZIKV",4.30102999566398,3.49391970324695,17.89845,4.24019600822189,"Down in ZIKV"
"DLL4","Mock","ZIKV",2.84379,1.32621,-1.10051,5e-05,"yes",0.000320686218678815,"Down_in_ZIKV",4.30102999566398,3.49391970324695,2.085,1.62527048937469,"Down in ZIKV"
"SRD5A3","Mock","ZIKV",1.81059,0.844729,-1.0999,5e-05,"yes",0.000320686218678815,"Down_in_ZIKV",4.30102999566398,3.49391970324695,1.3276595,1.21888003007186,"Down in ZIKV"
"ADAMTS8","Mock","ZIKV",1.03491,0.482846,-1.09988,5e-05,"yes",0.000320686218678815,"Down_in_ZIKV",4.30102999566398,3.49391970324695,0.758878,0.814655417489212,"Down in ZIKV"
"TEX9","Mock","ZIKV",14.4897,6.76079,-1.09977,5e-05,"yes",0.000320686218678815,"Down_in_ZIKV",4.30102999566398,3.49391970324695,10.625245,3.53918921597345,"Down in ZIKV"
"TPM1","Mock","ZIKV",77.4198,36.1421,-1.09902,5e-05,"yes",0.000320686218678815,"Down_in_ZIKV",4.30102999566398,3.49391970324695,56.78095,5.85252201891834,"Down in ZIKV"
"LOC729683","Mock","ZIKV",5.17886,2.41782,-1.09893,5e-05,"yes",0.000320686218678815,"Down_in_ZIKV",4.30102999566398,3.49391970324695,3.79834,2.26253538750526,"Down in ZIKV"
"EFEMP1","Mock","ZIKV",3.84499,1.79602,-1.09818,5e-05,"yes",0.000320686218678815,"Down_in_ZIKV",4.30102999566398,3.49391970324695,2.820505,1.93376334842919,"Down in ZIKV"
"COBL","Mock","ZIKV",3.25255,1.51962,-1.09787,5e-05,"yes",0.000320686218678815,"Down_in_ZIKV",4.30102999566398,3.49391970324695,2.386085,1.75961818928178,"Down in ZIKV"
"C5","Mock","ZIKV",2.86913,1.34123,-1.09706,5e-05,"yes",0.000320686218678815,"Down_in_ZIKV",4.30102999566398,3.49391970324695,2.10518,1.63467690051679,"Down in ZIKV"
"CTGF","Mock","ZIKV",318.659,149.033,-1.09638,5e-05,"yes",0.000320686218678815,"Down_in_ZIKV",4.30102999566398,3.49391970324695,233.846,7.87557121096545,"Down in ZIKV"
"PRSS23","Mock","ZIKV",75.5884,35.3892,-1.09485,5e-05,"yes",0.000320686218678815,"Down_in_ZIKV",4.30102999566398,3.49391970324695,55.4888,5.81989294850034,"Down in ZIKV"
"CASC5","Mock","ZIKV",6.74773,3.16122,-1.09392,5e-05,"yes",0.000320686218678815,"Down_in_ZIKV",4.30102999566398,3.49391970324695,4.954475,2.57397431274334,"Down in ZIKV"
"TTC14","Mock","ZIKV",24.7165,11.5823,-1.09355,5e-05,"yes",0.000320686218678815,"Down_in_ZIKV",4.30102999566398,3.49391970324695,18.1494,4.25922728439606,"Down in ZIKV"
"LY6E","Mock","ZIKV",13.4329,6.29657,-1.09313,5e-05,"yes",0.000320686218678815,"Down_in_ZIKV",4.30102999566398,3.49391970324695,9.864735,3.44158108129351,"Down in ZIKV"
"KAT2A","Mock","ZIKV",21.9143,10.2807,-1.09193,5e-05,"yes",0.000320686218678815,"Down_in_ZIKV",4.30102999566398,3.49391970324695,16.0975,4.09571348425126,"Down in ZIKV"
"LOC100506123","Mock","ZIKV",7.55615,3.5486,-1.0904,5e-05,"yes",0.000320686218678815,"Down_in_ZIKV",4.30102999566398,3.49391970324695,5.552375,2.71201792644759,"Down in ZIKV"
"IFT81","Mock","ZIKV",40.4733,19.0284,-1.08882,5e-05,"yes",0.000320686218678815,"Down_in_ZIKV",4.30102999566398,3.49391970324695,29.75085,4.94255438416319,"Down in ZIKV"
"JRK","Mock","ZIKV",9.07228,4.26673,-1.08833,5e-05,"yes",0.000320686218678815,"Down_in_ZIKV",4.30102999566398,3.49391970324695,6.669505,2.93913346728618,"Down in ZIKV"
"PBK","Mock","ZIKV",26.6053,12.5322,-1.08607,5e-05,"yes",0.000320686218678815,"Down_in_ZIKV",4.30102999566398,3.49391970324695,19.56875,4.36238221623699,"Down in ZIKV"
"FOXN4","Mock","ZIKV",5.31267,2.50288,-1.08584,5e-05,"yes",0.000320686218678815,"Down_in_ZIKV",4.30102999566398,3.49391970324695,3.907775,2.29506910926468,"Down in ZIKV"
"DCAF16","Mock","ZIKV",18.0094,8.49112,-1.08472,5e-05,"yes",0.000320686218678815,"Down_in_ZIKV",4.30102999566398,3.49391970324695,13.25026,3.83291633678149,"Down in ZIKV"
"EXTL2","Mock","ZIKV",48.3411,22.7952,-1.08452,5e-05,"yes",0.000320686218678815,"Down_in_ZIKV",4.30102999566398,3.49391970324695,35.56815,5.19251573678849,"Down in ZIKV"
"MLF1IP","Mock","ZIKV",24.1568,11.3958,-1.08392,5e-05,"yes",0.000320686218678815,"Down_in_ZIKV",4.30102999566398,3.49391970324695,17.7763,4.23084089283332,"Down in ZIKV"
"EGR2","Mock","ZIKV",18.535,8.75263,-1.08246,5e-05,"yes",0.000320686218678815,"Down_in_ZIKV",4.30102999566398,3.49391970324695,13.643815,3.87221954772956,"Down in ZIKV"
"PACSIN3","Mock","ZIKV",4.66114,2.20213,-1.08178,5e-05,"yes",0.000320686218678815,"Down_in_ZIKV",4.30102999566398,3.49391970324695,3.431635,2.14783906248487,"Down in ZIKV"
"PAICS","Mock","ZIKV",104.068,49.2487,-1.07937,5e-05,"yes",0.000320686218678815,"Down_in_ZIKV",4.30102999566398,3.49391970324695,76.65835,6.2790691496472,"Down in ZIKV"
"C4orf3","Mock","ZIKV",24.1919,11.4503,-1.07914,5e-05,"yes",0.000320686218678815,"Down_in_ZIKV",4.30102999566398,3.49391970324695,17.8211,4.2342790437917,"Down in ZIKV"
"CENPH","Mock","ZIKV",40.8143,19.3194,-1.07902,5e-05,"yes",0.000320686218678815,"Down_in_ZIKV",4.30102999566398,3.49391970324695,30.06685,4.95730406277893,"Down in ZIKV"
"ASIC1","Mock","ZIKV",11.6373,5.50977,-1.0787,5e-05,"yes",0.000320686218678815,"Down_in_ZIKV",4.30102999566398,3.49391970324695,8.573535,3.25905173404119,"Down in ZIKV"
"SSTR2","Mock","ZIKV",8.69994,4.12193,-1.07768,5e-05,"yes",0.000320686218678815,"Down_in_ZIKV",4.30102999566398,3.49391970324695,6.410935,2.88965557151444,"Down in ZIKV"
"UBE2C","Mock","ZIKV",95.1669,45.0956,-1.07747,5e-05,"yes",0.000320686218678815,"Down_in_ZIKV",4.30102999566398,3.49391970324695,70.13125,6.15241161134501,"Down in ZIKV"
"MOGS","Mock","ZIKV",22.1114,10.4829,-1.07675,5e-05,"yes",0.000320686218678815,"Down_in_ZIKV",4.30102999566398,3.49391970324695,16.29715,4.11246244375615,"Down in ZIKV"
"CLN6","Mock","ZIKV",13.6259,6.46456,-1.07573,5e-05,"yes",0.000320686218678815,"Down_in_ZIKV",4.30102999566398,3.49391970324695,10.04523,3.46535155580822,"Down in ZIKV"
"RGS5","Mock","ZIKV",6.47985,3.07568,-1.07505,5e-05,"yes",0.000320686218678815,"Down_in_ZIKV",4.30102999566398,3.49391970324695,4.777765,2.53051152611968,"Down in ZIKV"
"GEN1","Mock","ZIKV",7.68777,3.65264,-1.07363,5e-05,"yes",0.000320686218678815,"Down_in_ZIKV",4.30102999566398,3.49391970324695,5.670205,2.73773110143063,"Down in ZIKV"
"NME4","Mock","ZIKV",140.655,66.8436,-1.0733,5e-05,"yes",0.000320686218678815,"Down_in_ZIKV",4.30102999566398,3.49391970324695,103.7493,6.71079679274562,"Down in ZIKV"
"DEPDC1","Mock","ZIKV",6.39212,3.03985,-1.0723,5e-05,"yes",0.000320686218678815,"Down_in_ZIKV",4.30102999566398,3.49391970324695,4.715985,2.51500213049006,"Down in ZIKV"
"CREG1","Mock","ZIKV",9.11771,4.33658,-1.07212,5e-05,"yes",0.000320686218678815,"Down_in_ZIKV",4.30102999566398,3.49391970324695,6.727145,2.94993547040293,"Down in ZIKV"
"MTAP","Mock","ZIKV",6.62622,3.15177,-1.07202,5e-05,"yes",0.000320686218678815,"Down_in_ZIKV",4.30102999566398,3.49391970324695,4.888995,2.55802144861808,"Down in ZIKV"
"CD82","Mock","ZIKV",17.4792,8.31978,-1.07102,5e-05,"yes",0.000320686218678815,"Down_in_ZIKV",4.30102999566398,3.49391970324695,12.89949,3.79696004344987,"Down in ZIKV"
"TSPAN19","Mock","ZIKV",5.98767,2.85022,-1.07092,5e-05,"yes",0.000320686218678815,"Down_in_ZIKV",4.30102999566398,3.49391970324695,4.418945,2.43801200445372,"Down in ZIKV"
"AMT","Mock","ZIKV",5.81453,2.76786,-1.07089,5e-05,"yes",0.000320686218678815,"Down_in_ZIKV",4.30102999566398,3.49391970324695,4.291195,2.40359358734438,"Down in ZIKV"
"SKA3","Mock","ZIKV",7.0218,3.34461,-1.07,5e-05,"yes",0.000320686218678815,"Down_in_ZIKV",4.30102999566398,3.49391970324695,5.183205,2.62835483797429,"Down in ZIKV"
"IGFBP5","Mock","ZIKV",3.74332,1.78578,-1.06777,5e-05,"yes",0.000320686218678815,"Down_in_ZIKV",4.30102999566398,3.49391970324695,2.76455,1.91247742092136,"Down in ZIKV"
"FAM64A","Mock","ZIKV",37.1955,17.7492,-1.06738,5e-05,"yes",0.000320686218678815,"Down_in_ZIKV",4.30102999566398,3.49391970324695,27.47235,4.83148966746981,"Down in ZIKV"
"UBXN8","Mock","ZIKV",4.02126,1.9194,-1.06699,5e-05,"yes",0.000320686218678815,"Down_in_ZIKV",4.30102999566398,3.49391970324695,2.97033,1.98925892413838,"Down in ZIKV"
"PBXIP1","Mock","ZIKV",23.5463,11.2422,-1.06658,5e-05,"yes",0.000320686218678815,"Down_in_ZIKV",4.30102999566398,3.49391970324695,17.39425,4.2011829485106,"Down in ZIKV"
"KIF4A","Mock","ZIKV",17.6742,8.4415,-1.06608,5e-05,"yes",0.000320686218678815,"Down_in_ZIKV",4.30102999566398,3.49391970324695,13.05785,3.813304061167,"Down in ZIKV"
"CCDC80","Mock","ZIKV",1.72518,0.825017,-1.06425,5e-05,"yes",0.000320686218678815,"Down_in_ZIKV",4.30102999566398,3.49391970324695,1.2750985,1.18592900789826,"Down in ZIKV"
"SMOC1","Mock","ZIKV",7.46321,3.56917,-1.06421,5e-05,"yes",0.000320686218678815,"Down_in_ZIKV",4.30102999566398,3.49391970324695,5.51619,2.70402867078507,"Down in ZIKV"
"LOC100131564","Mock","ZIKV",7.8222,3.74179,-1.06384,5e-05,"yes",0.000320686218678815,"Down_in_ZIKV",4.30102999566398,3.49391970324695,5.781995,2.76170972074231,"Down in ZIKV"
"MIR210HG","Mock","ZIKV",2.14886,1.02847,-1.06308,5e-05,"yes",0.000320686218678815,"Down_in_ZIKV",4.30102999566398,3.49391970324695,1.588665,1.37220827767157,"Down in ZIKV"
"PPCDC","Mock","ZIKV",1.76713,0.846039,-1.06261,5e-05,"yes",0.000320686218678815,"Down_in_ZIKV",4.30102999566398,3.49391970324695,1.3065845,1.20575814542673,"Down in ZIKV"
"C17orf53","Mock","ZIKV",3.7802,1.81008,-1.06241,5e-05,"yes",0.000320686218678815,"Down_in_ZIKV",4.30102999566398,3.49391970324695,2.79514,1.92415310661051,"Down in ZIKV"
"ADCY6","Mock","ZIKV",23.702,11.358,-1.06129,5e-05,"yes",0.000320686218678815,"Down_in_ZIKV",4.30102999566398,3.49391970324695,17.53,4.21179097625254,"Down in ZIKV"
"TUBA1B","Mock","ZIKV",671.683,321.95,-1.06094,5e-05,"yes",0.000320686218678815,"Down_in_ZIKV",4.30102999566398,3.49391970324695,496.8165,8.95947023864264,"Down in ZIKV"
"ARSA","Mock","ZIKV",5.06977,2.43073,-1.06053,5e-05,"yes",0.000320686218678815,"Down_in_ZIKV",4.30102999566398,3.49391970324695,3.75025,2.2480034427634,"Down in ZIKV"
"KLHDC9","Mock","ZIKV",7.87249,3.77685,-1.05964,5e-05,"yes",0.000320686218678815,"Down_in_ZIKV",4.30102999566398,3.49391970324695,5.82467,2.77075928766271,"Down in ZIKV"
"TMED1","Mock","ZIKV",16.8843,8.10321,-1.05912,5e-05,"yes",0.000320686218678815,"Down_in_ZIKV",4.30102999566398,3.49391970324695,12.493755,3.75421996771403,"Down in ZIKV"
"LOC338799","Mock","ZIKV",15.2015,7.30265,-1.05772,5e-05,"yes",0.000320686218678815,"Down_in_ZIKV",4.30102999566398,3.49391970324695,11.252075,3.61495419829476,"Down in ZIKV"
"MURC","Mock","ZIKV",9.21208,4.42553,-1.05768,5e-05,"yes",0.000320686218678815,"Down_in_ZIKV",4.30102999566398,3.49391970324695,6.818805,2.96694812769709,"Down in ZIKV"
"CKLF","Mock","ZIKV",11.4436,5.49796,-1.05757,5e-05,"yes",0.000320686218678815,"Down_in_ZIKV",4.30102999566398,3.49391970324695,8.47078,3.2434832489029,"Down in ZIKV"
"MZF1","Mock","ZIKV",20.3329,9.76993,-1.0574,5e-05,"yes",0.000320686218678815,"Down_in_ZIKV",4.30102999566398,3.49391970324695,15.051415,4.00462857749978,"Down in ZIKV"
"CKS1B","Mock","ZIKV",100.207,48.1523,-1.0573,5e-05,"yes",0.000320686218678815,"Down_in_ZIKV",4.30102999566398,3.49391970324695,74.17965,6.2322702937953,"Down in ZIKV"
"CSGALNACT1","Mock","ZIKV",5.65008,2.71591,-1.05684,5e-05,"yes",0.000320686218678815,"Down_in_ZIKV",4.30102999566398,3.49391970324695,4.182995,2.3737860019652,"Down in ZIKV"
"LRRC8A","Mock","ZIKV",23.0242,11.0755,-1.05578,5e-05,"yes",0.000320686218678815,"Down_in_ZIKV",4.30102999566398,3.49391970324695,17.04985,4.17391494279453,"Down in ZIKV"
"PDLIM1","Mock","ZIKV",4.93366,2.37387,-1.05542,5e-05,"yes",0.000320686218678815,"Down_in_ZIKV",4.30102999566398,3.49391970324695,3.653765,2.21839836117418,"Down in ZIKV"
"HEPH","Mock","ZIKV",11.0181,5.302,-1.05526,5e-05,"yes",0.000320686218678815,"Down_in_ZIKV",4.30102999566398,3.49391970324695,8.16005,3.19535547327366,"Down in ZIKV"
"NSMCE4A","Mock","ZIKV",30.0772,14.4764,-1.05497,5e-05,"yes",0.000320686218678815,"Down_in_ZIKV",4.30102999566398,3.49391970324695,22.2768,4.54082083090617,"Down in ZIKV"
"LOC100505876","Mock","ZIKV",13.597,6.55195,-1.05329,5e-05,"yes",0.000320686218678815,"Down_in_ZIKV",4.30102999566398,3.49391970324695,10.074475,3.46916640243973,"Down in ZIKV"
"FANCI","Mock","ZIKV",23.4415,11.305,-1.05211,5e-05,"yes",0.000320686218678815,"Down_in_ZIKV",4.30102999566398,3.49391970324695,17.37325,4.19953493876541,"Down in ZIKV"
"SRSF5","Mock","ZIKV",240.564,116.025,-1.05198,5e-05,"yes",0.000320686218678815,"Down_in_ZIKV",4.30102999566398,3.49391970324695,178.2945,7.48618742285314,"Down in ZIKV"
"CHRDL1","Mock","ZIKV",3.21054,1.54941,-1.05109,5e-05,"yes",0.000320686218678815,"Down_in_ZIKV",4.30102999566398,3.49391970324695,2.379975,1.75701257564669,"Down in ZIKV"
"E2F3","Mock","ZIKV",9.06759,4.37673,-1.05086,5e-05,"yes",0.000320686218678815,"Down_in_ZIKV",4.30102999566398,3.49391970324695,6.72216,2.94900444664123,"Down in ZIKV"
"PGBD2","Mock","ZIKV",3.4837,1.68215,-1.05032,5e-05,"yes",0.000320686218678815,"Down_in_ZIKV",4.30102999566398,3.49391970324695,2.582925,1.84113784448068,"Down in ZIKV"
"CCDC14","Mock","ZIKV",58.793,28.3966,-1.04992,5e-05,"yes",0.000320686218678815,"Down_in_ZIKV",4.30102999566398,3.49391970324695,43.5948,5.47880358862972,"Down in ZIKV"
"TICRR","Mock","ZIKV",5.33835,2.57887,-1.04966,5e-05,"yes",0.000320686218678815,"Down_in_ZIKV",4.30102999566398,3.49391970324695,3.95861,2.30993576029957,"Down in ZIKV"
"AMDHD2","Mock","ZIKV",5.51021,2.66336,-1.04886,5e-05,"yes",0.000320686218678815,"Down_in_ZIKV",4.30102999566398,3.49391970324695,4.086785,2.34675411798887,"Down in ZIKV"
"ARV1","Mock","ZIKV",11.0852,5.35823,-1.04881,5e-05,"yes",0.000320686218678815,"Down_in_ZIKV",4.30102999566398,3.49391970324695,8.221715,3.20503507949521,"Down in ZIKV"
"KIF23","Mock","ZIKV",16.9531,8.19495,-1.04874,5e-05,"yes",0.000320686218678815,"Down_in_ZIKV",4.30102999566398,3.49391970324695,12.574025,3.76277667021486,"Down in ZIKV"
"RRM1","Mock","ZIKV",46.8632,22.6551,-1.04862,5e-05,"yes",0.000320686218678815,"Down_in_ZIKV",4.30102999566398,3.49391970324695,34.75915,5.16024053875313,"Down in ZIKV"
"C18orf54","Mock","ZIKV",6.9304,3.35625,-1.04609,5e-05,"yes",0.000320686218678815,"Down_in_ZIKV",4.30102999566398,3.49391970324695,5.143325,2.61901970814077,"Down in ZIKV"
"RBL1","Mock","ZIKV",4.03641,1.95725,-1.04424,5e-05,"yes",0.000320686218678815,"Down_in_ZIKV",4.30102999566398,3.49391970324695,2.99683,1.99885621089377,"Down in ZIKV"
"CASP6","Mock","ZIKV",6.91115,3.3544,-1.04287,5e-05,"yes",0.000320686218678815,"Down_in_ZIKV",4.30102999566398,3.49391970324695,5.132775,2.61654002217725,"Down in ZIKV"
"RBM12","Mock","ZIKV",31.5387,15.308,-1.04283,5e-05,"yes",0.000320686218678815,"Down_in_ZIKV",4.30102999566398,3.49391970324695,23.42335,4.61018919434919,"Down in ZIKV"
"KIF15","Mock","ZIKV",15.4846,7.51703,-1.0426,5e-05,"yes",0.000320686218678815,"Down_in_ZIKV",4.30102999566398,3.49391970324695,11.500815,3.64395025042505,"Down in ZIKV"
"GFRA1","Mock","ZIKV",29.3986,14.272,-1.04256,5e-05,"yes",0.000320686218678815,"Down_in_ZIKV",4.30102999566398,3.49391970324695,21.8353,4.51319383821297,"Down in ZIKV"
"ADAMTS15","Mock","ZIKV",3.31198,1.61125,-1.03952,5e-05,"yes",0.000320686218678815,"Down_in_ZIKV",4.30102999566398,3.49391970324695,2.461615,1.79144527742627,"Down in ZIKV"
"CENPA","Mock","ZIKV",11.6756,5.69242,-1.03638,5e-05,"yes",0.000320686218678815,"Down_in_ZIKV",4.30102999566398,3.49391970324695,8.68401,3.27560456910791,"Down in ZIKV"
"PARPBP","Mock","ZIKV",4.0855,1.99502,-1.03411,5e-05,"yes",0.000320686218678815,"Down_in_ZIKV",4.30102999566398,3.49391970324695,3.04026,2.01444813670011,"Down in ZIKV"
"LOC202781","Mock","ZIKV",5.45045,2.66201,-1.03386,5e-05,"yes",0.000320686218678815,"Down_in_ZIKV",4.30102999566398,3.49391970324695,4.05623,2.3380620909502,"Down in ZIKV"
"C16orf59","Mock","ZIKV",9.54524,4.66585,-1.03264,5e-05,"yes",0.000320686218678815,"Down_in_ZIKV",4.30102999566398,3.49391970324695,7.105545,3.01890919282032,"Down in ZIKV"
"LIX1","Mock","ZIKV",35.4382,17.338,-1.03137,5e-05,"yes",0.000320686218678815,"Down_in_ZIKV",4.30102999566398,3.49391970324695,26.3881,4.77547728003779,"Down in ZIKV"
"SECISBP2","Mock","ZIKV",38.3301,18.7551,-1.0312,5e-05,"yes",0.000320686218678815,"Down_in_ZIKV",4.30102999566398,3.49391970324695,28.5426,4.88472489600839,"Down in ZIKV"
"CENPO","Mock","ZIKV",10.5712,5.17952,-1.02925,5e-05,"yes",0.000320686218678815,"Down_in_ZIKV",4.30102999566398,3.49391970324695,7.87536,3.14980563890539,"Down in ZIKV"
"MAFG-AS1","Mock","ZIKV",4.96304,2.43309,-1.02843,5e-05,"yes",0.000320686218678815,"Down_in_ZIKV",4.30102999566398,3.49391970324695,3.698065,2.23206667387138,"Down in ZIKV"
"PTGR2","Mock","ZIKV",6.36701,3.1238,-1.02731,5e-05,"yes",0.000320686218678815,"Down_in_ZIKV",4.30102999566398,3.49391970324695,4.745405,2.52240859363682,"Down in ZIKV"
"MIAT","Mock","ZIKV",286.183,140.497,-1.0264,5e-05,"yes",0.000320686218678815,"Down_in_ZIKV",4.30102999566398,3.49391970324695,213.34,7.74375729978267,"Down in ZIKV"
"ANKRD45","Mock","ZIKV",5.81098,2.85639,-1.02459,5e-05,"yes",0.000320686218678815,"Down_in_ZIKV",4.30102999566398,3.49391970324695,4.333685,2.415132623847,"Down in ZIKV"
"MAT2A","Mock","ZIKV",105.801,52.0109,-1.02447,5e-05,"yes",0.000320686218678815,"Down_in_ZIKV",4.30102999566398,3.49391970324695,78.90595,6.32023102877767,"Down in ZIKV"
"PNISR","Mock","ZIKV",133.419,65.6012,-1.02418,5e-05,"yes",0.000320686218678815,"Down_in_ZIKV",4.30102999566398,3.49391970324695,99.5101,6.6511966711568,"Down in ZIKV"
"CTTN","Mock","ZIKV",50.1566,24.6765,-1.0233,5e-05,"yes",0.000320686218678815,"Down_in_ZIKV",4.30102999566398,3.49391970324695,37.41655,5.26365605841507,"Down in ZIKV"
"CHRNA3","Mock","ZIKV",29.7045,14.6275,-1.022,5e-05,"yes",0.000320686218678815,"Down_in_ZIKV",4.30102999566398,3.49391970324695,22.166,4.53393705500093,"Down in ZIKV"
"TRIOBP","Mock","ZIKV",14.8388,7.31515,-1.02042,5e-05,"yes",0.000320686218678815,"Down_in_ZIKV",4.30102999566398,3.49391970324695,11.076975,3.59418723340696,"Down in ZIKV"
"SUMF1","Mock","ZIKV",3.82927,1.88794,-1.02026,5e-05,"yes",0.000320686218678815,"Down_in_ZIKV",4.30102999566398,3.49391970324695,2.858605,1.94807936476326,"Down in ZIKV"
"ZNF169","Mock","ZIKV",1.14324,0.56377,-1.01995,5e-05,"yes",0.000320686218678815,"Down_in_ZIKV",4.30102999566398,3.49391970324695,0.853505,0.890256006964716,"Down in ZIKV"
"CYB5RL","Mock","ZIKV",2.48569,1.22623,-1.01941,5e-05,"yes",0.000320686218678815,"Down_in_ZIKV",4.30102999566398,3.49391970324695,1.85596,1.51397577341262,"Down in ZIKV"
"MNF1","Mock","ZIKV",22.2672,10.9968,-1.01783,5e-05,"yes",0.000320686218678815,"Down_in_ZIKV",4.30102999566398,3.49391970324695,16.632,4.14012422390907,"Down in ZIKV"
"PTX3","Mock","ZIKV",50.7893,25.1138,-1.01604,5e-05,"yes",0.000320686218678815,"Down_in_ZIKV",4.30102999566398,3.49391970324695,37.95155,5.2836088335163,"Down in ZIKV"
"CKAP2","Mock","ZIKV",37.2783,18.4404,-1.01547,5e-05,"yes",0.000320686218678815,"Down_in_ZIKV",4.30102999566398,3.49391970324695,27.85935,4.850966901219,"Down in ZIKV"
"EFHC1","Mock","ZIKV",14.6595,7.25282,-1.01522,5e-05,"yes",0.000320686218678815,"Down_in_ZIKV",4.30102999566398,3.49391970324695,10.95616,3.57968220361203,"Down in ZIKV"
"RABL3","Mock","ZIKV",7.36202,3.64545,-1.01401,5e-05,"yes",0.000320686218678815,"Down_in_ZIKV",4.30102999566398,3.49391970324695,5.503735,2.70126847482152,"Down in ZIKV"
"COL4A1","Mock","ZIKV",9.14445,4.53012,-1.01335,5e-05,"yes",0.000320686218678815,"Down_in_ZIKV",4.30102999566398,3.49391970324695,6.837285,2.97035396104854,"Down in ZIKV"
"CBR4","Mock","ZIKV",14.9738,7.42117,-1.01272,5e-05,"yes",0.000320686218678815,"Down_in_ZIKV",4.30102999566398,3.49391970324695,11.197485,3.60851180398127,"Down in ZIKV"
"VSTM4","Mock","ZIKV",2.06223,1.02208,-1.0127,5e-05,"yes",0.000320686218678815,"Down_in_ZIKV",4.30102999566398,3.49391970324695,1.542155,1.3460519968708,"Down in ZIKV"
"KANK2","Mock","ZIKV",3.06656,1.52178,-1.01087,5e-05,"yes",0.000320686218678815,"Down_in_ZIKV",4.30102999566398,3.49391970324695,2.29417,1.71991500917125,"Down in ZIKV"
"EBF2","Mock","ZIKV",12.0894,6.00405,-1.00973,5e-05,"yes",0.000320686218678815,"Down_in_ZIKV",4.30102999566398,3.49391970324695,9.046725,3.32865338770776,"Down in ZIKV"
"KIF11","Mock","ZIKV",21.9079,10.8845,-1.00917,5e-05,"yes",0.000320686218678815,"Down_in_ZIKV",4.30102999566398,3.49391970324695,16.3962,4.12070029522125,"Down in ZIKV"
"C19orf48","Mock","ZIKV",32.9071,16.3761,-1.00681,5e-05,"yes",0.000320686218678815,"Down_in_ZIKV",4.30102999566398,3.49391970324695,24.6416,4.68041438180682,"Down in ZIKV"
"SMC4","Mock","ZIKV",58.6823,29.2151,-1.00621,5e-05,"yes",0.000320686218678815,"Down_in_ZIKV",4.30102999566398,3.49391970324695,43.9487,5.49020748580674,"Down in ZIKV"
"TEFM","Mock","ZIKV",6.13857,3.05646,-1.00604,5e-05,"yes",0.000320686218678815,"Down_in_ZIKV",4.30102999566398,3.49391970324695,4.597515,2.48478648916034,"Down in ZIKV"
"ABCC4","Mock","ZIKV",5.01193,2.49576,-1.00589,5e-05,"yes",0.000320686218678815,"Down_in_ZIKV",4.30102999566398,3.49391970324695,3.753845,2.24909486470718,"Down in ZIKV"
"TPX2","Mock","ZIKV",52.1717,25.984,-1.00564,5e-05,"yes",0.000320686218678815,"Down_in_ZIKV",4.30102999566398,3.49391970324695,39.07785,5.32473321126641,"Down in ZIKV"
"PTGIS","Mock","ZIKV",4.37476,2.1796,-1.00514,5e-05,"yes",0.000320686218678815,"Down_in_ZIKV",4.30102999566398,3.49391970324695,3.27718,2.09665992258554,"Down in ZIKV"
"ELP6","Mock","ZIKV",19.4536,9.70207,-1.00367,5e-05,"yes",0.000320686218678815,"Down_in_ZIKV",4.30102999566398,3.49391970324695,14.577835,3.96142283715728,"Down in ZIKV"
"NUSAP1","Mock","ZIKV",70.3669,35.1085,-1.00308,5e-05,"yes",0.000320686218678815,"Down_in_ZIKV",4.30102999566398,3.49391970324695,52.7377,5.74786266950224,"Down in ZIKV"
"NT5DC3","Mock","ZIKV",3.93027,1.96124,-1.00286,5e-05,"yes",0.000320686218678815,"Down_in_ZIKV",4.30102999566398,3.49391970324695,2.945755,1.98030137895597,"Down in ZIKV"
"ZNF782","Mock","ZIKV",1.7455,0.87119,-1.00258,5e-05,"yes",0.000320686218678815,"Down_in_ZIKV",4.30102999566398,3.49391970324695,1.308345,1.20685886202173,"Down in ZIKV"
"COA4","Mock","ZIKV",23.0254,11.4994,-1.00167,5e-05,"yes",0.000320686218678815,"Down_in_ZIKV",4.30102999566398,3.49391970324695,17.2624,4.190804468127,"Down in ZIKV"
"NEURL1B","Mock","ZIKV",6.48021,3.23946,-1.00029,5e-05,"yes",0.000320686218678815,"Down_in_ZIKV",4.30102999566398,3.49391970324695,4.859835,2.55086004211627,"Down in ZIKV"
"HSPA9","Mock","ZIKV",53.0341,106.077,1.00012,5e-05,"yes",0.000320686218678815,"Up_in_ZIKV",4.30102999566398,3.49391970324695,79.55555,6.33191208396377,"Up in ZIKV"
"TRPS1","Mock","ZIKV",5.51623,11.0367,1.00055,5e-05,"yes",0.000320686218678815,"Up_in_ZIKV",4.30102999566398,3.49391970324695,8.276465,3.21357513955915,"Up in ZIKV"
"PTP4A1","Mock","ZIKV",59.2282,118.744,1.00349,5e-05,"yes",0.000320686218678815,"Up_in_ZIKV",4.30102999566398,3.49391970324695,88.9861,6.49163026288744,"Up in ZIKV"
"MGAT2","Mock","ZIKV",12.6351,25.3354,1.00371,5e-05,"yes",0.000320686218678815,"Up_in_ZIKV",4.30102999566398,3.49391970324695,18.98525,4.32086371475627,"Up in ZIKV"
"ALPK3","Mock","ZIKV",0.434369,0.871744,1.00498,5e-05,"yes",0.000320686218678815,"Up_in_ZIKV",4.30102999566398,3.49391970324695,0.6530565,0.725136035505475,"Up in ZIKV"
"DERL2","Mock","ZIKV",18.8324,37.8039,1.00532,5e-05,"yes",0.000320686218678815,"Up_in_ZIKV",4.30102999566398,3.49391970324695,28.31815,4.87372216595692,"Up in ZIKV"
"SPATA17","Mock","ZIKV",3.21298,6.45572,1.00667,5e-05,"yes",0.000320686218678815,"Up_in_ZIKV",4.30102999566398,3.49391970324695,4.83435,2.54457193545075,"Up in ZIKV"
"SLC41A2","Mock","ZIKV",1.9781,3.97586,1.00715,5e-05,"yes",0.000320686218678815,"Up_in_ZIKV",4.30102999566398,3.49391970324695,2.97698,1.99167330693232,"Up in ZIKV"
"NFKB2","Mock","ZIKV",3.72372,7.50651,1.0114,5e-05,"yes",0.000320686218678815,"Up_in_ZIKV",4.30102999566398,3.49391970324695,5.615115,2.72576623715211,"Up in ZIKV"
"ERO1LB","Mock","ZIKV",3.71399,7.48697,1.01141,5e-05,"yes",0.000320686218678815,"Up_in_ZIKV",4.30102999566398,3.49391970324695,5.60048,2.72257094393159,"Up in ZIKV"
"GOLGA4","Mock","ZIKV",14.9164,30.1178,1.01371,5e-05,"yes",0.000320686218678815,"Up_in_ZIKV",4.30102999566398,3.49391970324695,22.5171,4.55563826077718,"Up in ZIKV"
"NFAT5","Mock","ZIKV",9.25838,18.7014,1.01431,5e-05,"yes",0.000320686218678815,"Up_in_ZIKV",4.30102999566398,3.49391970324695,13.97989,3.90495512475631,"Up in ZIKV"
"PARD6B","Mock","ZIKV",2.29327,4.63296,1.01453,5e-05,"yes",0.000320686218678815,"Up_in_ZIKV",4.30102999566398,3.49391970324695,3.463115,2.15805098064135,"Up in ZIKV"
"DDX58","Mock","ZIKV",1.22326,2.47192,1.0149,5e-05,"yes",0.000320686218678815,"Up_in_ZIKV",4.30102999566398,3.49391970324695,1.84759,1.50974144000249,"Up in ZIKV"
"SKIL","Mock","ZIKV",15.3213,30.9824,1.01591,5e-05,"yes",0.000320686218678815,"Up_in_ZIKV",4.30102999566398,3.49391970324695,23.15185,4.59406179672699,"Up in ZIKV"
"ATF3","Mock","ZIKV",26.2022,53.0097,1.01657,5e-05,"yes",0.000320686218678815,"Up_in_ZIKV",4.30102999566398,3.49391970324695,39.60595,5.3436192362523,"Up in ZIKV"
"TVP23B","Mock","ZIKV",9.33444,18.9006,1.0178,5e-05,"yes",0.000320686218678815,"Up_in_ZIKV",4.30102999566398,3.49391970324695,14.11752,3.91814958251792,"Up in ZIKV"
"CHORDC1","Mock","ZIKV",12.3123,24.9446,1.01863,5e-05,"yes",0.000320686218678815,"Up_in_ZIKV",4.30102999566398,3.49391970324695,18.62845,4.29487434687621,"Up in ZIKV"
"PHLDB3","Mock","ZIKV",1.52295,3.08675,1.01922,5e-05,"yes",0.000320686218678815,"Up_in_ZIKV",4.30102999566398,3.49391970324695,2.30485,1.72458479240857,"Up in ZIKV"
"CCRN4L","Mock","ZIKV",2.7629,5.60146,1.01962,5e-05,"yes",0.000320686218678815,"Up_in_ZIKV",4.30102999566398,3.49391970324695,4.18218,2.37355912755917,"Up in ZIKV"
"CCDC174","Mock","ZIKV",8.53858,17.3126,1.01975,5e-05,"yes",0.000320686218678815,"Up_in_ZIKV",4.30102999566398,3.49391970324695,12.92559,3.79966654791351,"Up in ZIKV"
"PLEKHF2","Mock","ZIKV",4.76099,9.65568,1.02012,5e-05,"yes",0.000320686218678815,"Up_in_ZIKV",4.30102999566398,3.49391970324695,7.208335,3.03708961166819,"Up in ZIKV"
"TIPARP","Mock","ZIKV",5.77319,11.7174,1.02121,5e-05,"yes",0.000320686218678815,"Up_in_ZIKV",4.30102999566398,3.49391970324695,8.745295,3.28470585799167,"Up in ZIKV"
"SLC1A5","Mock","ZIKV",26.4427,53.6869,1.0217,5e-05,"yes",0.000320686218678815,"Up_in_ZIKV",4.30102999566398,3.49391970324695,40.0648,5.35983036654864,"Up in ZIKV"
"APLF","Mock","ZIKV",0.766657,1.55952,1.02445,5e-05,"yes",0.000320686218678815,"Up_in_ZIKV",4.30102999566398,3.49391970324695,1.1630885,1.11309269253021,"Up in ZIKV"
"ZNF555","Mock","ZIKV",2.60665,5.31035,1.02661,5e-05,"yes",0.000320686218678815,"Up_in_ZIKV",4.30102999566398,3.49391970324695,3.9585,2.30990375572274,"Up in ZIKV"
"ZNF709","Mock","ZIKV",4.04732,8.24854,1.02717,5e-05,"yes",0.000320686218678815,"Up_in_ZIKV",4.30102999566398,3.49391970324695,6.14793,2.83752550607116,"Up in ZIKV"
"CDC37L1","Mock","ZIKV",7.30725,14.8962,1.02754,5e-05,"yes",0.000320686218678815,"Up_in_ZIKV",4.30102999566398,3.49391970324695,11.101725,3.59714080119459,"Up in ZIKV"
"PPFIBP1","Mock","ZIKV",6.41622,13.0887,1.02853,5e-05,"yes",0.000320686218678815,"Up_in_ZIKV",4.30102999566398,3.49391970324695,9.75246,3.42659485924047,"Up in ZIKV"
"NR4A1","Mock","ZIKV",10.4525,21.3672,1.03156,5e-05,"yes",0.000320686218678815,"Up_in_ZIKV",4.30102999566398,3.49391970324695,15.90985,4.07979195716536,"Up in ZIKV"
"MAP3K8","Mock","ZIKV",1.10862,2.26775,1.03249,5e-05,"yes",0.000320686218678815,"Up_in_ZIKV",4.30102999566398,3.49391970324695,1.688185,1.42663242732739,"Up in ZIKV"
"PPP2R2B","Mock","ZIKV",11.7367,24.0174,1.03305,5e-05,"yes",0.000320686218678815,"Up_in_ZIKV",4.30102999566398,3.49391970324695,17.87705,4.23856142087412,"Up in ZIKV"
"OVGP1","Mock","ZIKV",2.16442,4.43608,1.0353,5e-05,"yes",0.000320686218678815,"Up_in_ZIKV",4.30102999566398,3.49391970324695,3.30025,2.10442053499518,"Up in ZIKV"
"LIN37","Mock","ZIKV",8.57721,17.5885,1.03605,5e-05,"yes",0.000320686218678815,"Up_in_ZIKV",4.30102999566398,3.49391970324695,13.082855,3.81586793431742,"Up in ZIKV"
"UHMK1","Mock","ZIKV",9.88459,20.2822,1.03696,5e-05,"yes",0.000320686218678815,"Up_in_ZIKV",4.30102999566398,3.49391970324695,15.083395,4.00750006811316,"Up in ZIKV"
"OSBP","Mock","ZIKV",12.2329,25.1057,1.03725,5e-05,"yes",0.000320686218678815,"Up_in_ZIKV",4.30102999566398,3.49391970324695,18.6693,4.2978737101297,"Up in ZIKV"
"SLC25A33","Mock","ZIKV",12.9284,26.5363,1.03742,5e-05,"yes",0.000320686218678815,"Up_in_ZIKV",4.30102999566398,3.49391970324695,19.73235,4.37381174926005,"Up in ZIKV"
"RBMS1","Mock","ZIKV",4.01815,8.25272,1.03834,5e-05,"yes",0.000320686218678815,"Up_in_ZIKV",4.30102999566398,3.49391970324695,6.135435,2.83500138390047,"Up in ZIKV"
"DUSP14","Mock","ZIKV",11.0304,22.6657,1.03903,5e-05,"yes",0.000320686218678815,"Up_in_ZIKV",4.30102999566398,3.49391970324695,16.84805,4.15769455519181,"Up in ZIKV"
"RNF19B","Mock","ZIKV",9.34543,19.2329,1.04125,5e-05,"yes",0.000320686218678815,"Up_in_ZIKV",4.30102999566398,3.49391970324695,14.289165,3.93443771262245,"Up in ZIKV"
"UBR3","Mock","ZIKV",11.8815,24.5046,1.04433,5e-05,"yes",0.000320686218678815,"Up_in_ZIKV",4.30102999566398,3.49391970324695,18.19305,4.26251208574494,"Up in ZIKV"
"FAM43A","Mock","ZIKV",1.61284,3.32677,1.04452,5e-05,"yes",0.000320686218678815,"Up_in_ZIKV",4.30102999566398,3.49391970324695,2.469805,1.79485458688482,"Up in ZIKV"
"ZMAT4","Mock","ZIKV",4.85266,10.0148,1.04528,5e-05,"yes",0.000320686218678815,"Up_in_ZIKV",4.30102999566398,3.49391970324695,7.43373,3.07617083547806,"Up in ZIKV"
"AHCYL2","Mock","ZIKV",9.90446,20.445,1.0456,5e-05,"yes",0.000320686218678815,"Up_in_ZIKV",4.30102999566398,3.49391970324695,15.17473,4.0156697248231,"Up in ZIKV"
"GOLGB1","Mock","ZIKV",24.4305,50.4353,1.04575,5e-05,"yes",0.000320686218678815,"Up_in_ZIKV",4.30102999566398,3.49391970324695,37.4329,5.26426993565881,"Up in ZIKV"
"UBE2E2","Mock","ZIKV",9.4045,19.4195,1.04609,5e-05,"yes",0.000320686218678815,"Up_in_ZIKV",4.30102999566398,3.49391970324695,14.412,3.94598218599746,"Up in ZIKV"
"PPM1H","Mock","ZIKV",0.923705,1.90778,1.04639,5e-05,"yes",0.000320686218678815,"Up_in_ZIKV",4.30102999566398,3.49391970324695,1.4157425,1.27246668240655,"Up in ZIKV"
"GPT2","Mock","ZIKV",18.1502,37.4937,1.04667,5e-05,"yes",0.000320686218678815,"Up_in_ZIKV",4.30102999566398,3.49391970324695,27.82195,4.84909604178655,"Up in ZIKV"
"DUSP15","Mock","ZIKV",3.44793,7.13587,1.04936,5e-05,"yes",0.000320686218678815,"Up_in_ZIKV",4.30102999566398,3.49391970324695,5.2919,2.65349574153387,"Up in ZIKV"
"SLC35G2","Mock","ZIKV",3.17844,6.58109,1.05001,5e-05,"yes",0.000320686218678815,"Up_in_ZIKV",4.30102999566398,3.49391970324695,4.879765,2.55575849517904,"Up in ZIKV"
"NFKBIE","Mock","ZIKV",3.62731,7.51749,1.05135,5e-05,"yes",0.000320686218678815,"Up_in_ZIKV",4.30102999566398,3.49391970324695,5.5724,2.71642028620024,"Up in ZIKV"
"SOCS1","Mock","ZIKV",2.20154,4.56366,1.05168,5e-05,"yes",0.000320686218678815,"Up_in_ZIKV",4.30102999566398,3.49391970324695,3.3826,2.13178701006254,"Up in ZIKV"
"CCDC64","Mock","ZIKV",5.88834,12.2216,1.0535,5e-05,"yes",0.000320686218678815,"Up_in_ZIKV",4.30102999566398,3.49391970324695,9.05497,3.32983687211334,"Up in ZIKV"
"GOLGA3","Mock","ZIKV",9.92542,20.6233,1.05508,5e-05,"yes",0.000320686218678815,"Up_in_ZIKV",4.30102999566398,3.49391970324695,15.27436,4.02452890445455,"Up in ZIKV"
"SLC4A10","Mock","ZIKV",2.47331,5.14347,1.0563,5e-05,"yes",0.000320686218678815,"Up_in_ZIKV",4.30102999566398,3.49391970324695,3.80839,2.26555391523535,"Up in ZIKV"
"RNF113A","Mock","ZIKV",7.11744,14.8298,1.05907,5e-05,"yes",0.000320686218678815,"Up_in_ZIKV",4.30102999566398,3.49391970324695,10.97362,3.5817874849714,"Up in ZIKV"
"INO80D","Mock","ZIKV",4.02162,8.39115,1.06109,5e-05,"yes",0.000320686218678815,"Up_in_ZIKV",4.30102999566398,3.49391970324695,6.206385,2.84927572958227,"Up in ZIKV"
"C12orf23","Mock","ZIKV",9.76273,20.3756,1.06149,5e-05,"yes",0.000320686218678815,"Up_in_ZIKV",4.30102999566398,3.49391970324695,15.069165,4.00622305926707,"Up in ZIKV"
"YOD1","Mock","ZIKV",8.60214,17.9558,1.06169,5e-05,"yes",0.000320686218678815,"Up_in_ZIKV",4.30102999566398,3.49391970324695,13.27897,3.83582001056491,"Up in ZIKV"
"ABCA1","Mock","ZIKV",9.71186,20.2818,1.06237,5e-05,"yes",0.000320686218678815,"Up_in_ZIKV",4.30102999566398,3.49391970324695,14.99683,3.99971413772586,"Up in ZIKV"
"SMAD7","Mock","ZIKV",3.58815,7.50161,1.06396,5e-05,"yes",0.000320686218678815,"Up_in_ZIKV",4.30102999566398,3.49391970324695,5.54488,2.71036674068205,"Up in ZIKV"
"ZXDB","Mock","ZIKV",3.80391,7.95368,1.06414,5e-05,"yes",0.000320686218678815,"Up_in_ZIKV",4.30102999566398,3.49391970324695,5.878795,2.78215586147061,"Up in ZIKV"
"ACVR1","Mock","ZIKV",6.5989,13.8147,1.06591,5e-05,"yes",0.000320686218678815,"Up_in_ZIKV",4.30102999566398,3.49391970324695,10.2068,3.48630248336204,"Up in ZIKV"
"FGFR1OP2","Mock","ZIKV",17.4383,36.5445,1.0674,5e-05,"yes",0.000320686218678815,"Up_in_ZIKV",4.30102999566398,3.49391970324695,26.9914,4.80691174051725,"Up in ZIKV"
"NUCB2","Mock","ZIKV",21.1223,44.4473,1.07333,5e-05,"yes",0.000320686218678815,"Up_in_ZIKV",4.30102999566398,3.49391970324695,32.7848,5.07830240953466,"Up in ZIKV"
"SPTY2D1","Mock","ZIKV",5.04335,10.6203,1.07437,5e-05,"yes",0.000320686218678815,"Up_in_ZIKV",4.30102999566398,3.49391970324695,7.831825,3.1427115858238,"Up in ZIKV"
"CLK1","Mock","ZIKV",42.4612,89.4279,1.07458,5e-05,"yes",0.000320686218678815,"Up_in_ZIKV",4.30102999566398,3.49391970324695,65.94455,6.06489470446208,"Up in ZIKV"
"ABCG1","Mock","ZIKV",5.92011,12.4776,1.07564,5e-05,"yes",0.000320686218678815,"Up_in_ZIKV",4.30102999566398,3.49391970324695,9.198855,3.35033528840326,"Up in ZIKV"
"CDKN2AIP","Mock","ZIKV",21.2133,44.8701,1.08079,5e-05,"yes",0.000320686218678815,"Up_in_ZIKV",4.30102999566398,3.49391970324695,33.0417,5.08923118009952,"Up in ZIKV"
"RBM15","Mock","ZIKV",6.81615,14.469,1.08594,5e-05,"yes",0.000320686218678815,"Up_in_ZIKV",4.30102999566398,3.49391970324695,10.642575,3.54133827073506,"Up in ZIKV"
"NEK7","Mock","ZIKV",14.7523,31.3336,1.08677,5e-05,"yes",0.000320686218678815,"Up_in_ZIKV",4.30102999566398,3.49391970324695,23.04295,4.5875420162802,"Up in ZIKV"
"RC3H1","Mock","ZIKV",6.76597,14.3811,1.08781,5e-05,"yes",0.000320686218678815,"Up_in_ZIKV",4.30102999566398,3.49391970324695,10.573535,3.53275768085687,"Up in ZIKV"
"UTY","Mock","ZIKV",6.25818,13.3165,1.0894,5e-05,"yes",0.000320686218678815,"Up_in_ZIKV",4.30102999566398,3.49391970324695,9.78734,3.4312672561068,"Up in ZIKV"
"HSD17B14","Mock","ZIKV",2.96921,6.32698,1.09144,5e-05,"yes",0.000320686218678815,"Up_in_ZIKV",4.30102999566398,3.49391970324695,4.648095,2.49776435469908,"Up in ZIKV"
"AMMECR1","Mock","ZIKV",2.49397,5.31562,1.09179,5e-05,"yes",0.000320686218678815,"Up_in_ZIKV",4.30102999566398,3.49391970324695,3.904795,2.29419283906145,"Up in ZIKV"
"LPPR4","Mock","ZIKV",0.824723,1.75934,1.09305,5e-05,"yes",0.000320686218678815,"Up_in_ZIKV",4.30102999566398,3.49391970324695,1.2920315,1.19662687157366,"Up in ZIKV"
"KLHL28","Mock","ZIKV",7.04063,15.0282,1.09389,5e-05,"yes",0.000320686218678815,"Up_in_ZIKV",4.30102999566398,3.49391970324695,11.034415,3.58909410814874,"Up in ZIKV"
"NAMPT","Mock","ZIKV",8.23045,17.5692,1.09401,5e-05,"yes",0.000320686218678815,"Up_in_ZIKV",4.30102999566398,3.49391970324695,12.899825,3.79699481429503,"Up in ZIKV"
"ZNF79","Mock","ZIKV",3.56041,7.6081,1.09549,5e-05,"yes",0.000320686218678815,"Up_in_ZIKV",4.30102999566398,3.49391970324695,5.584255,2.71902021062458,"Up in ZIKV"
"ITPKC","Mock","ZIKV",5.80281,12.4023,1.09578,5e-05,"yes",0.000320686218678815,"Up_in_ZIKV",4.30102999566398,3.49391970324695,9.102555,3.33664830070334,"Up in ZIKV"
"PER1","Mock","ZIKV",7.76766,16.6034,1.09593,5e-05,"yes",0.000320686218678815,"Up_in_ZIKV",4.30102999566398,3.49391970324695,12.18553,3.72088365721643,"Up in ZIKV"
"TBL2","Mock","ZIKV",12.1384,26.0196,1.10002,5e-05,"yes",0.000320686218678815,"Up_in_ZIKV",4.30102999566398,3.49391970324695,19.079,4.32761551502437,"Up in ZIKV"
"SBDSP1","Mock","ZIKV",11.4473,24.5388,1.10006,5e-05,"yes",0.000320686218678815,"Up_in_ZIKV",4.30102999566398,3.49391970324695,17.99305,4.24739969424265,"Up in ZIKV"
"NFXL1","Mock","ZIKV",5.9496,12.7599,1.10075,5e-05,"yes",0.000320686218678815,"Up_in_ZIKV",4.30102999566398,3.49391970324695,9.35475,3.37222081714553,"Up in ZIKV"
"CHIC2","Mock","ZIKV",12.9654,27.8313,1.10205,5e-05,"yes",0.000320686218678815,"Up_in_ZIKV",4.30102999566398,3.49391970324695,20.39835,4.41942765139267,"Up in ZIKV"
"RBM39","Mock","ZIKV",131.914,283.206,1.10225,5e-05,"yes",0.000320686218678815,"Up_in_ZIKV",4.30102999566398,3.49391970324695,207.56,7.70431867776083,"Up in ZIKV"
"MED26","Mock","ZIKV",2.96886,6.38033,1.10372,5e-05,"yes",0.000320686218678815,"Up_in_ZIKV",4.30102999566398,3.49391970324695,4.674595,2.50451742987638,"Up in ZIKV"
"ZNF433","Mock","ZIKV",4.50103,9.67355,1.10379,5e-05,"yes",0.000320686218678815,"Up_in_ZIKV",4.30102999566398,3.49391970324695,7.08729,3.01565634560381,"Up in ZIKV"
"SRPRB","Mock","ZIKV",9.41092,20.2386,1.1047,5e-05,"yes",0.000320686218678815,"Up_in_ZIKV",4.30102999566398,3.49391970324695,14.82476,3.98411171463985,"Up in ZIKV"
"PELO","Mock","ZIKV",2.95623,6.39456,1.11309,5e-05,"yes",0.000320686218678815,"Up_in_ZIKV",4.30102999566398,3.49391970324695,4.675395,2.50472080556827,"Up in ZIKV"
"HIST1H2BD","Mock","ZIKV",13.3347,28.8528,1.11352,5e-05,"yes",0.000320686218678815,"Up_in_ZIKV",4.30102999566398,3.49391970324695,21.09375,4.4655664048094,"Up in ZIKV"
"PGPEP1","Mock","ZIKV",2.9184,6.33052,1.11715,5e-05,"yes",0.000320686218678815,"Up_in_ZIKV",4.30102999566398,3.49391970324695,4.62446,2.49171459095739,"Up in ZIKV"
"ZNF264","Mock","ZIKV",4.31196,9.35562,1.11749,5e-05,"yes",0.000320686218678815,"Up_in_ZIKV",4.30102999566398,3.49391970324695,6.83379,2.96971045455629,"Up in ZIKV"
"FNIP1","Mock","ZIKV",5.74417,12.4845,1.11997,5e-05,"yes",0.000320686218678815,"Up_in_ZIKV",4.30102999566398,3.49391970324695,9.114335,3.33832956320267,"Up in ZIKV"
"AGO3","Mock","ZIKV",4.11738,8.95219,1.12051,5e-05,"yes",0.000320686218678815,"Up_in_ZIKV",4.30102999566398,3.49391970324695,6.534785,2.91356634608201,"Up in ZIKV"
"GEM","Mock","ZIKV",2.3506,5.11113,1.12061,5e-05,"yes",0.000320686218678815,"Up_in_ZIKV",4.30102999566398,3.49391970324695,3.730865,2.24210399268019,"Up in ZIKV"
"SIX4","Mock","ZIKV",1.21982,2.65874,1.12407,5e-05,"yes",0.000320686218678815,"Up_in_ZIKV",4.30102999566398,3.49391970324695,1.93928,1.55546279872051,"Up in ZIKV"
"SYDE2","Mock","ZIKV",2.0981,4.57552,1.12485,5e-05,"yes",0.000320686218678815,"Up_in_ZIKV",4.30102999566398,3.49391970324695,3.33681,2.11663423866741,"Up in ZIKV"
"ATF5","Mock","ZIKV",7.73419,16.8758,1.12564,5e-05,"yes",0.000320686218678815,"Up_in_ZIKV",4.30102999566398,3.49391970324695,12.304995,3.73389606308466,"Up in ZIKV"
"SAMD4A","Mock","ZIKV",1.75904,3.83875,1.12585,5e-05,"yes",0.000320686218678815,"Up_in_ZIKV",4.30102999566398,3.49391970324695,2.798895,1.92557983701669,"Up in ZIKV"
"RAB5A","Mock","ZIKV",24.2898,53.0654,1.12742,5e-05,"yes",0.000320686218678815,"Up_in_ZIKV",4.30102999566398,3.49391970324695,38.6776,5.31025285819244,"Up in ZIKV"
"KLHL15","Mock","ZIKV",6.1189,13.3689,1.12754,5e-05,"yes",0.000320686218678815,"Up_in_ZIKV",4.30102999566398,3.49391970324695,9.7439,3.42544587678923,"Up in ZIKV"
"PLEKHH3","Mock","ZIKV",8.98074,19.6262,1.12787,5e-05,"yes",0.000320686218678815,"Up_in_ZIKV",4.30102999566398,3.49391970324695,14.30347,3.93578691017043,"Up in ZIKV"
"UGDH","Mock","ZIKV",15.7235,34.3712,1.12828,5e-05,"yes",0.000320686218678815,"Up_in_ZIKV",4.30102999566398,3.49391970324695,25.04735,4.70306469824217,"Up in ZIKV"
"ZBTB43","Mock","ZIKV",5.2305,11.4608,1.13168,5e-05,"yes",0.000320686218678815,"Up_in_ZIKV",4.30102999566398,3.49391970324695,8.34565,3.22429500845037,"Up in ZIKV"
"SEC24A","Mock","ZIKV",9.99208,21.9103,1.13275,5e-05,"yes",0.000320686218678815,"Up_in_ZIKV",4.30102999566398,3.49391970324695,15.95119,4.08331465124815,"Up in ZIKV"
"SND1","Mock","ZIKV",40.5489,89.0296,1.13462,5e-05,"yes",0.000320686218678815,"Up_in_ZIKV",4.30102999566398,3.49391970324695,64.78925,6.03977996093439,"Up in ZIKV"
"ING2","Mock","ZIKV",9.89581,21.7579,1.13665,5e-05,"yes",0.000320686218678815,"Up_in_ZIKV",4.30102999566398,3.49391970324695,15.826855,4.07269365183486,"Up in ZIKV"
"OSGIN2","Mock","ZIKV",2.67033,5.87484,1.13753,5e-05,"yes",0.000320686218678815,"Up_in_ZIKV",4.30102999566398,3.49391970324695,4.272585,2.39851044807302,"Up in ZIKV"
"NCK1","Mock","ZIKV",7.17688,15.7965,1.13818,5e-05,"yes",0.000320686218678815,"Up_in_ZIKV",4.30102999566398,3.49391970324695,11.48669,3.64231918965102,"Up in ZIKV"
"SSR3","Mock","ZIKV",29.1137,64.1684,1.14017,5e-05,"yes",0.000320686218678815,"Up_in_ZIKV",4.30102999566398,3.49391970324695,46.64105,5.57413330517376,"Up in ZIKV"
"DDX3Y","Mock","ZIKV",26.117,57.5836,1.14067,5e-05,"yes",0.000320686218678815,"Up_in_ZIKV",4.30102999566398,3.49391970324695,41.8503,5.42123339973849,"Up in ZIKV"
"ZNF844","Mock","ZIKV",6.28229,13.8859,1.14426,5e-05,"yes",0.000320686218678815,"Up_in_ZIKV",4.30102999566398,3.49391970324695,10.084095,3.47041907598006,"Up in ZIKV"
"NUDT4","Mock","ZIKV",6.15925,13.6173,1.14461,5e-05,"yes",0.000320686218678815,"Up_in_ZIKV",4.30102999566398,3.49391970324695,9.888275,3.44470350476678,"Up in ZIKV"
"PCLO","Mock","ZIKV",5.43823,12.0294,1.14535,5e-05,"yes",0.000320686218678815,"Up_in_ZIKV",4.30102999566398,3.49391970324695,8.733815,3.28300535514663,"Up in ZIKV"
"DNAJC25","Mock","ZIKV",8.92359,19.7399,1.14542,5e-05,"yes",0.000320686218678815,"Up_in_ZIKV",4.30102999566398,3.49391970324695,14.331745,3.9384500032066,"Up in ZIKV"
"TIMP3","Mock","ZIKV",6.4893,14.3859,1.14852,5e-05,"yes",0.000320686218678815,"Up_in_ZIKV",4.30102999566398,3.49391970324695,10.4376,3.51571245195603,"Up in ZIKV"
"VCPIP1","Mock","ZIKV",3.26236,7.23706,1.14949,5e-05,"yes",0.000320686218678815,"Up_in_ZIKV",4.30102999566398,3.49391970324695,5.24971,2.64378924717175,"Up in ZIKV"
"PER2","Mock","ZIKV",2.7183,6.04093,1.15207,5e-05,"yes",0.000320686218678815,"Up_in_ZIKV",4.30102999566398,3.49391970324695,4.379615,2.42750292789981,"Up in ZIKV"
"SEC23B","Mock","ZIKV",21.9513,48.7839,1.1521,5e-05,"yes",0.000320686218678815,"Up_in_ZIKV",4.30102999566398,3.49391970324695,35.3676,5.18458181632718,"Up in ZIKV"
"PDCD2L","Mock","ZIKV",6.68565,14.8613,1.15242,5e-05,"yes",0.000320686218678815,"Up_in_ZIKV",4.30102999566398,3.49391970324695,10.773475,3.55746829677046,"Up in ZIKV"
"SH3BGR","Mock","ZIKV",2.92904,6.52422,1.15538,5e-05,"yes",0.000320686218678815,"Up_in_ZIKV",4.30102999566398,3.49391970324695,4.72663,2.51768639333394,"Up in ZIKV"
"FLRT2","Mock","ZIKV",0.882904,1.96665,1.15541,5e-05,"yes",0.000320686218678815,"Up_in_ZIKV",4.30102999566398,3.49391970324695,1.424777,1.2778520727482,"Up in ZIKV"
"VIMP","Mock","ZIKV",27.1855,60.7469,1.15998,5e-05,"yes",0.000320686218678815,"Up_in_ZIKV",4.30102999566398,3.49391970324695,43.9662,5.4907690648895,"Up in ZIKV"
"PLCD1","Mock","ZIKV",8.78935,19.6405,1.16,5e-05,"yes",0.000320686218678815,"Up_in_ZIKV",4.30102999566398,3.49391970324695,14.214925,3.92741531717926,"Up in ZIKV"
"SMIM14","Mock","ZIKV",24.26,54.2158,1.16013,5e-05,"yes",0.000320686218678815,"Up_in_ZIKV",4.30102999566398,3.49391970324695,39.2379,5.33048310831503,"Up in ZIKV"
"SLC15A2","Mock","ZIKV",0.999818,2.23858,1.16285,5e-05,"yes",0.000320686218678815,"Up_in_ZIKV",4.30102999566398,3.49391970324695,1.619199,1.38912567610945,"Up in ZIKV"
"FOXO1","Mock","ZIKV",3.33685,7.47459,1.16351,5e-05,"yes",0.000320686218678815,"Up_in_ZIKV",4.30102999566398,3.49391970324695,5.40572,2.67936073794401,"Up in ZIKV"
"INPP5B","Mock","ZIKV",4.8087,10.7726,1.16365,5e-05,"yes",0.000320686218678815,"Up_in_ZIKV",4.30102999566398,3.49391970324695,7.79065,3.13596984535799,"Up in ZIKV"
"POLR2A","Mock","ZIKV",63.7791,143.12,1.16607,5e-05,"yes",0.000320686218678815,"Up_in_ZIKV",4.30102999566398,3.49391970324695,103.44955,6.70666246663004,"Up in ZIKV"
"RAD52","Mock","ZIKV",6.73915,15.1263,1.16642,5e-05,"yes",0.000320686218678815,"Up_in_ZIKV",4.30102999566398,3.49391970324695,10.932725,3.576851634573,"Up in ZIKV"
"SARS","Mock","ZIKV",101.771,228.475,1.16671,5e-05,"yes",0.000320686218678815,"Up_in_ZIKV",4.30102999566398,3.49391970324695,165.123,7.37610802038257,"Up in ZIKV"
"PPP1R3B","Mock","ZIKV",1.20243,2.70387,1.16907,5e-05,"yes",0.000320686218678815,"Up_in_ZIKV",4.30102999566398,3.49391970324695,1.95315,1.56225463746073,"Up in ZIKV"
"GOLGA5","Mock","ZIKV",11.6664,26.2434,1.1696,5e-05,"yes",0.000320686218678815,"Up_in_ZIKV",4.30102999566398,3.49391970324695,18.9549,4.31867114397631,"Up in ZIKV"
"GPR176","Mock","ZIKV",2.57232,5.78696,1.16974,5e-05,"yes",0.000320686218678815,"Up_in_ZIKV",4.30102999566398,3.49391970324695,4.17964,2.37285182990736,"Up in ZIKV"
"COG3","Mock","ZIKV",9.96719,22.4564,1.17187,5e-05,"yes",0.000320686218678815,"Up_in_ZIKV",4.30102999566398,3.49391970324695,16.211795,4.10532565726016,"Up in ZIKV"
"BMPER","Mock","ZIKV",0.434639,0.981549,1.17524,5e-05,"yes",0.000320686218678815,"Up_in_ZIKV",4.30102999566398,3.49391970324695,0.708094,0.772387371681022,"Up in ZIKV"
"SNX18","Mock","ZIKV",4.92542,11.1357,1.17687,5e-05,"yes",0.000320686218678815,"Up_in_ZIKV",4.30102999566398,3.49391970324695,8.03056,3.1748154543919,"Up in ZIKV"
"PNPLA3","Mock","ZIKV",1.7103,3.86778,1.17725,5e-05,"yes",0.000320686218678815,"Up_in_ZIKV",4.30102999566398,3.49391970324695,2.78904,1.92183237011768,"Up in ZIKV"
"HM13","Mock","ZIKV",56.0359,126.763,1.17771,5e-05,"yes",0.000320686218678815,"Up_in_ZIKV",4.30102999566398,3.49391970324695,91.39945,6.52981235903266,"Up in ZIKV"
"MAFB","Mock","ZIKV",2.04086,4.61933,1.17851,5e-05,"yes",0.000320686218678815,"Up_in_ZIKV",4.30102999566398,3.49391970324695,3.330095,2.11439867726734,"Up in ZIKV"
"TSC22D3","Mock","ZIKV",15.5354,35.1898,1.17959,5e-05,"yes",0.000320686218678815,"Up_in_ZIKV",4.30102999566398,3.49391970324695,25.3626,4.72042075742337,"Up in ZIKV"
"BMP2","Mock","ZIKV",0.8847,2.00408,1.17968,5e-05,"yes",0.000320686218678815,"Up_in_ZIKV",4.30102999566398,3.49391970324695,1.44439,1.28947448408395,"Up in ZIKV"
"RREB1","Mock","ZIKV",1.53149,3.47548,1.18228,5e-05,"yes",0.000320686218678815,"Up_in_ZIKV",4.30102999566398,3.49391970324695,2.503485,1.80879071941634,"Up in ZIKV"
"SNAPC1","Mock","ZIKV",4.17884,9.49185,1.18359,5e-05,"yes",0.000320686218678815,"Up_in_ZIKV",4.30102999566398,3.49391970324695,6.835345,2.96999679975607,"Up in ZIKV"
"CLK4","Mock","ZIKV",7.24802,16.5017,1.18696,5e-05,"yes",0.000320686218678815,"Up_in_ZIKV",4.30102999566398,3.49391970324695,11.87486,3.6864848395402,"Up in ZIKV"
"TRPM4","Mock","ZIKV",4.23134,9.63401,1.18702,5e-05,"yes",0.000320686218678815,"Up_in_ZIKV",4.30102999566398,3.49391970324695,6.932675,2.98780744329038,"Up in ZIKV"
"FLCN","Mock","ZIKV",8.12896,18.5181,1.18779,5e-05,"yes",0.000320686218678815,"Up_in_ZIKV",4.30102999566398,3.49391970324695,13.32353,3.84031518008026,"Up in ZIKV"
"ZMAT3","Mock","ZIKV",10.6658,24.3038,1.18819,5e-05,"yes",0.000320686218678815,"Up_in_ZIKV",4.30102999566398,3.49391970324695,17.4848,4.20826752896869,"Up in ZIKV"
"ACBD3","Mock","ZIKV",10.6824,24.3559,1.18904,5e-05,"yes",0.000320686218678815,"Up_in_ZIKV",4.30102999566398,3.49391970324695,17.51915,4.21094597756074,"Up in ZIKV"
"DPP8","Mock","ZIKV",6.2765,14.3175,1.18975,5e-05,"yes",0.000320686218678815,"Up_in_ZIKV",4.30102999566398,3.49391970324695,10.297,3.49786780029341,"Up in ZIKV"
"FRMD3","Mock","ZIKV",0.813374,1.87706,1.20648,5e-05,"yes",0.000320686218678815,"Up_in_ZIKV",4.30102999566398,3.49391970324695,1.345217,1.22972141968721,"Up in ZIKV"
"SYNM","Mock","ZIKV",1.64449,3.79556,1.20668,5e-05,"yes",0.000320686218678815,"Up_in_ZIKV",4.30102999566398,3.49391970324695,2.720025,1.89531231683192,"Up in ZIKV"
"CA2","Mock","ZIKV",22.0825,51.0327,1.20852,5e-05,"yes",0.000320686218678815,"Up_in_ZIKV",4.30102999566398,3.49391970324695,36.5576,5.23103296994708,"Up in ZIKV"
"SLC7A1","Mock","ZIKV",10.2839,23.7792,1.20931,5e-05,"yes",0.000320686218678815,"Up_in_ZIKV",4.30102999566398,3.49391970324695,17.03155,4.17245151169085,"Up in ZIKV"
"RRBP1","Mock","ZIKV",3.63115,8.39977,1.20992,5e-05,"yes",0.000320686218678815,"Up_in_ZIKV",4.30102999566398,3.49391970324695,6.01546,2.81053770369707,"Up in ZIKV"
"NUDT4P1","Mock","ZIKV",18.2308,42.1832,1.21029,5e-05,"yes",0.000320686218678815,"Up_in_ZIKV",4.30102999566398,3.49391970324695,30.207,4.96379776924957,"Up in ZIKV"
"PID1","Mock","ZIKV",1.55211,3.59292,1.21093,5e-05,"yes",0.000320686218678815,"Up_in_ZIKV",4.30102999566398,3.49391970324695,2.572515,1.8369400688103,"Up in ZIKV"
"UHRF1BP1","Mock","ZIKV",7.11802,16.5056,1.21341,5e-05,"yes",0.000320686218678815,"Up_in_ZIKV",4.30102999566398,3.49391970324695,11.81181,3.6794024030072,"Up in ZIKV"
"LGALS9","Mock","ZIKV",1.31835,3.07851,1.2235,5e-05,"yes",0.000320686218678815,"Up_in_ZIKV",4.30102999566398,3.49391970324695,2.19843,1.67736390916374,"Up in ZIKV"
"CGN","Mock","ZIKV",0.926617,2.16425,1.22382,5e-05,"yes",0.000320686218678815,"Up_in_ZIKV",4.30102999566398,3.49391970324695,1.5454335,1.3479113753745,"Up in ZIKV"
"CRY2","Mock","ZIKV",7.77418,18.1787,1.22548,5e-05,"yes",0.000320686218678815,"Up_in_ZIKV",4.30102999566398,3.49391970324695,12.97644,3.80492502724622,"Up in ZIKV"
"ERF","Mock","ZIKV",11.8104,27.636,1.22649,5e-05,"yes",0.000320686218678815,"Up_in_ZIKV",4.30102999566398,3.49391970324695,19.7232,4.37317489075312,"Up in ZIKV"
"NFE2L2","Mock","ZIKV",16.5224,38.7629,1.23025,5e-05,"yes",0.000320686218678815,"Up_in_ZIKV",4.30102999566398,3.49391970324695,27.64265,4.84009307090418,"Up in ZIKV"
"RENBP","Mock","ZIKV",3.46552,8.1445,1.23275,5e-05,"yes",0.000320686218678815,"Up_in_ZIKV",4.30102999566398,3.49391970324695,5.80501,2.76659728177921,"Up in ZIKV"
"C14orf28","Mock","ZIKV",1.3406,3.15401,1.23431,5e-05,"yes",0.000320686218678815,"Up_in_ZIKV",4.30102999566398,3.49391970324695,2.247305,1.69924289473256,"Up in ZIKV"
"ATXN1","Mock","ZIKV",2.07549,4.89649,1.23829,5e-05,"yes",0.000320686218678815,"Up_in_ZIKV",4.30102999566398,3.49391970324695,3.48599,2.16542640442631,"Up in ZIKV"
"CCT6P3","Mock","ZIKV",6.13236,14.4923,1.24077,5e-05,"yes",0.000320686218678815,"Up_in_ZIKV",4.30102999566398,3.49391970324695,10.31233,3.49982420664123,"Up in ZIKV"
"MARS","Mock","ZIKV",56.2449,132.929,1.24086,5e-05,"yes",0.000320686218678815,"Up_in_ZIKV",4.30102999566398,3.49391970324695,94.58695,6.57874176272295,"Up in ZIKV"
"SUGT1","Mock","ZIKV",18.1406,42.8842,1.24123,5e-05,"yes",0.000320686218678815,"Up_in_ZIKV",4.30102999566398,3.49391970324695,30.5124,4.97784772979639,"Up in ZIKV"
"CNKSR3","Mock","ZIKV",1.43323,3.39608,1.2446,5e-05,"yes",0.000320686218678815,"Up_in_ZIKV",4.30102999566398,3.49391970324695,2.414655,1.77173982304469,"Up in ZIKV"
"AARS","Mock","ZIKV",35.5835,84.5314,1.24828,5e-05,"yes",0.000320686218678815,"Up_in_ZIKV",4.30102999566398,3.49391970324695,60.05745,5.93209543305349,"Up in ZIKV"
"MBNL2","Mock","ZIKV",8.45811,20.1163,1.24996,5e-05,"yes",0.000320686218678815,"Up_in_ZIKV",4.30102999566398,3.49391970324695,14.287205,3.93425275395771,"Up in ZIKV"
"CXCL12","Mock","ZIKV",1.46522,3.49724,1.2551,5e-05,"yes",0.000320686218678815,"Up_in_ZIKV",4.30102999566398,3.49391970324695,2.48123,1.7995971340552,"Up in ZIKV"
"IGSF1","Mock","ZIKV",1.2215,2.91921,1.25692,5e-05,"yes",0.000320686218678815,"Up_in_ZIKV",4.30102999566398,3.49391970324695,2.070355,1.61840547225022,"Up in ZIKV"
"IARS","Mock","ZIKV",37.3386,89.3103,1.25816,5e-05,"yes",0.000320686218678815,"Up_in_ZIKV",4.30102999566398,3.49391970324695,63.32445,6.0072953112745,"Up in ZIKV"
"C16orf72","Mock","ZIKV",10.167,24.3492,1.25997,5e-05,"yes",0.000320686218678815,"Up_in_ZIKV",4.30102999566398,3.49391970324695,17.2581,4.19046473626657,"Up in ZIKV"
"TMEM39A","Mock","ZIKV",5.28515,12.6699,1.26139,5e-05,"yes",0.000320686218678815,"Up_in_ZIKV",4.30102999566398,3.49391970324695,8.977525,3.31868198860308,"Up in ZIKV"
"INPP4B","Mock","ZIKV",0.497905,1.19619,1.26451,5e-05,"yes",0.000320686218678815,"Up_in_ZIKV",4.30102999566398,3.49391970324695,0.8470475,0.885220968179191,"Up in ZIKV"
"TMEM214","Mock","ZIKV",10.763,25.8685,1.26512,5e-05,"yes",0.000320686218678815,"Up_in_ZIKV",4.30102999566398,3.49391970324695,18.31575,4.27170579110975,"Up in ZIKV"
"MYC","Mock","ZIKV",7.02923,16.9027,1.26582,5e-05,"yes",0.000320686218678815,"Up_in_ZIKV",4.30102999566398,3.49391970324695,11.965965,3.6966576785491,"Up in ZIKV"
"NR3C1","Mock","ZIKV",0.600496,1.44573,1.26757,5e-05,"yes",0.000320686218678815,"Up_in_ZIKV",4.30102999566398,3.49391970324695,1.023113,1.01657690318177,"Up in ZIKV"
"TRIM23","Mock","ZIKV",5.90615,14.2504,1.27071,5e-05,"yes",0.000320686218678815,"Up_in_ZIKV",4.30102999566398,3.49391970324695,10.078275,3.469661351483,"Up in ZIKV"
"IRS2","Mock","ZIKV",7.08948,17.1169,1.27167,5e-05,"yes",0.000320686218678815,"Up_in_ZIKV",4.30102999566398,3.49391970324695,12.10319,3.71184617664456,"Up in ZIKV"
"ARHGAP23","Mock","ZIKV",5.60394,13.5413,1.27285,5e-05,"yes",0.000320686218678815,"Up_in_ZIKV",4.30102999566398,3.49391970324695,9.57262,3.40226103003983,"Up in ZIKV"
"SQSTM1","Mock","ZIKV",26.9311,65.1961,1.27552,5e-05,"yes",0.000320686218678815,"Up_in_ZIKV",4.30102999566398,3.49391970324695,46.0636,5.55653977464004,"Up in ZIKV"
"COQ10B","Mock","ZIKV",4.27436,10.38,1.28003,5e-05,"yes",0.000320686218678815,"Up_in_ZIKV",4.30102999566398,3.49391970324695,7.32718,3.05782800953806,"Up in ZIKV"
"KLHL11","Mock","ZIKV",5.04925,12.293,1.2837,5e-05,"yes",0.000320686218678815,"Up_in_ZIKV",4.30102999566398,3.49391970324695,8.671125,3.27368372191693,"Up in ZIKV"
"CSRNP1","Mock","ZIKV",3.70313,9.02246,1.28478,5e-05,"yes",0.000320686218678815,"Up_in_ZIKV",4.30102999566398,3.49391970324695,6.362795,2.88025353356258,"Up in ZIKV"
"PPIL4","Mock","ZIKV",16.8909,41.2233,1.28721,5e-05,"yes",0.000320686218678815,"Up_in_ZIKV",4.30102999566398,3.49391970324695,29.0571,4.90963391527119,"Up in ZIKV"
"DBP","Mock","ZIKV",3.4139,8.36749,1.29337,5e-05,"yes",0.000320686218678815,"Up_in_ZIKV",4.30102999566398,3.49391970324695,5.890695,2.7846495014327,"Up in ZIKV"
"PHGDH","Mock","ZIKV",85.4025,209.528,1.29479,5e-05,"yes",0.000320686218678815,"Up_in_ZIKV",4.30102999566398,3.49391970324695,147.46525,7.21398148093954,"Up in ZIKV"
"SLC7A3","Mock","ZIKV",12.3721,30.4208,1.29796,5e-05,"yes",0.000320686218678815,"Up_in_ZIKV",4.30102999566398,3.49391970324695,21.39645,4.48519816764897,"Up in ZIKV"
"PSAT1","Mock","ZIKV",65.3692,161.09,1.30118,5e-05,"yes",0.000320686218678815,"Up_in_ZIKV",4.30102999566398,3.49391970324695,113.2296,6.83579273049192,"Up in ZIKV"
"SNTB1","Mock","ZIKV",1.00266,2.47332,1.30262,5e-05,"yes",0.000320686218678815,"Up_in_ZIKV",4.30102999566398,3.49391970324695,1.73799,1.45311717742972,"Up in ZIKV"
"PYCR1","Mock","ZIKV",21.4789,53.0414,1.3042,5e-05,"yes",0.000320686218678815,"Up_in_ZIKV",4.30102999566398,3.49391970324695,37.26015,5.25777062470918,"Up in ZIKV"
"EIF2AK3","Mock","ZIKV",8.60031,21.2694,1.30632,5e-05,"yes",0.000320686218678815,"Up_in_ZIKV",4.30102999566398,3.49391970324695,14.934855,3.99411398618809,"Up in ZIKV"
"FAM222A","Mock","ZIKV",3.70714,9.1744,1.30731,5e-05,"yes",0.000320686218678815,"Up_in_ZIKV",4.30102999566398,3.49391970324695,6.44077,2.89545192478769,"Up in ZIKV"
"EPHX1","Mock","ZIKV",4.02306,9.98119,1.31092,5e-05,"yes",0.000320686218678815,"Up_in_ZIKV",4.30102999566398,3.49391970324695,7.002125,3.00038316498339,"Up in ZIKV"
"CDK2AP2","Mock","ZIKV",17.3068,43,1.313,5e-05,"yes",0.000320686218678815,"Up_in_ZIKV",4.30102999566398,3.49391970324695,30.1534,4.96131771866508,"Up in ZIKV"
"WIPI1","Mock","ZIKV",6.81412,16.9546,1.31508,5e-05,"yes",0.000320686218678815,"Up_in_ZIKV",4.30102999566398,3.49391970324695,11.88436,3.68754897141297,"Up in ZIKV"
"GARS","Mock","ZIKV",47.3868,118.061,1.31697,5e-05,"yes",0.000320686218678815,"Up_in_ZIKV",4.30102999566398,3.49391970324695,82.7239,6.38756761120639,"Up in ZIKV"
"TGDS","Mock","ZIKV",4.7919,11.9398,1.31711,5e-05,"yes",0.000320686218678815,"Up_in_ZIKV",4.30102999566398,3.49391970324695,8.36585,3.22740993255021,"Up in ZIKV"
"GFOD1","Mock","ZIKV",0.850565,2.12028,1.31776,5e-05,"yes",0.000320686218678815,"Up_in_ZIKV",4.30102999566398,3.49391970324695,1.4854225,1.31349111812307,"Up in ZIKV"
"TAF1D","Mock","ZIKV",17.5644,44.1376,1.32935,5e-05,"yes",0.000320686218678815,"Up_in_ZIKV",4.30102999566398,3.49391970324695,30.851,4.99326676320546,"Up in ZIKV"
"SLC1A4","Mock","ZIKV",11.4491,28.7977,1.33072,5e-05,"yes",0.000320686218678815,"Up_in_ZIKV",4.30102999566398,3.49391970324695,20.1234,4.40077016293377,"Up in ZIKV"
"USP53","Mock","ZIKV",0.854481,2.15259,1.33295,5e-05,"yes",0.000320686218678815,"Up_in_ZIKV",4.30102999566398,3.49391970324695,1.5035355,1.32396691290552,"Up in ZIKV"
"EXOC8","Mock","ZIKV",4.01619,10.1676,1.34008,5e-05,"yes",0.000320686218678815,"Up_in_ZIKV",4.30102999566398,3.49391970324695,7.091895,3.01647759968338,"Up in ZIKV"
"ELMSAN1","Mock","ZIKV",3.19231,8.08415,1.3405,5e-05,"yes",0.000320686218678815,"Up_in_ZIKV",4.30102999566398,3.49391970324695,5.63823,2.73079861647721,"Up in ZIKV"
"ZBTB7B","Mock","ZIKV",1.95197,4.95308,1.3434,5e-05,"yes",0.000320686218678815,"Up_in_ZIKV",4.30102999566398,3.49391970324695,3.452525,2.15462371178164,"Up in ZIKV"
"TVP23C-CDRT4","Mock","ZIKV",5.484,13.9378,1.34571,5e-05,"yes",0.000320686218678815,"Up_in_ZIKV",4.30102999566398,3.49391970324695,9.7109,3.4210078047593,"Up in ZIKV"
"PPP1R15B","Mock","ZIKV",19.7077,50.1372,1.34712,5e-05,"yes",0.000320686218678815,"Up_in_ZIKV",4.30102999566398,3.49391970324695,34.92245,5.16681384369452,"Up in ZIKV"
"DMGDH","Mock","ZIKV",0.47094,1.19951,1.34882,5e-05,"yes",0.000320686218678815,"Up_in_ZIKV",4.30102999566398,3.49391970324695,0.835225,0.875956949436276,"Up in ZIKV"
"MXD1","Mock","ZIKV",4.39084,11.1934,1.35008,5e-05,"yes",0.000320686218678815,"Up_in_ZIKV",4.30102999566398,3.49391970324695,7.79212,3.13621107716788,"Up in ZIKV"
"DNAH2","Mock","ZIKV",0.258951,0.660144,1.3501,5e-05,"yes",0.000320686218678815,"Up_in_ZIKV",4.30102999566398,3.49391970324695,0.4595475,0.545521163152158,"Up in ZIKV"
"TMEM135","Mock","ZIKV",3.73259,9.55585,1.35621,5e-05,"yes",0.000320686218678815,"Up_in_ZIKV",4.30102999566398,3.49391970324695,6.64422,2.93436929955316,"Up in ZIKV"
"TNFRSF10D","Mock","ZIKV",1.09394,2.80091,1.35636,5e-05,"yes",0.000320686218678815,"Up_in_ZIKV",4.30102999566398,3.49391970324695,1.947425,1.55945510294051,"Up in ZIKV"
"RRAGC","Mock","ZIKV",7.80229,19.9986,1.35793,5e-05,"yes",0.000320686218678815,"Up_in_ZIKV",4.30102999566398,3.49391970324695,13.900445,3.89728351213228,"Up in ZIKV"
"TUBE1","Mock","ZIKV",11.443,29.3425,1.35852,5e-05,"yes",0.000320686218678815,"Up_in_ZIKV",4.30102999566398,3.49391970324695,20.39275,4.41905004519535,"Up in ZIKV"
"HYOU1","Mock","ZIKV",54.0856,138.907,1.3608,5e-05,"yes",0.000320686218678815,"Up_in_ZIKV",4.30102999566398,3.49391970324695,96.4963,6.60727556428358,"Up in ZIKV"
"LIN7C","Mock","ZIKV",6.90768,17.7516,1.36167,5e-05,"yes",0.000320686218678815,"Up_in_ZIKV",4.30102999566398,3.49391970324695,12.32964,3.73656591228138,"Up in ZIKV"
"LOC100505687","Mock","ZIKV",12.6589,32.6621,1.36746,5e-05,"yes",0.000320686218678815,"Up_in_ZIKV",4.30102999566398,3.49391970324695,22.6605,4.5644086563038,"Up in ZIKV"
"SLC16A6","Mock","ZIKV",1.56184,4.0378,1.37032,5e-05,"yes",0.000320686218678815,"Up_in_ZIKV",4.30102999566398,3.49391970324695,2.79982,1.92593107875149,"Up in ZIKV"
"TUFT1","Mock","ZIKV",3.72935,9.71795,1.38173,5e-05,"yes",0.000320686218678815,"Up_in_ZIKV",4.30102999566398,3.49391970324695,6.72365,2.94928278952096,"Up in ZIKV"
"LRIF1","Mock","ZIKV",12.2843,32.0558,1.38377,5e-05,"yes",0.000320686218678815,"Up_in_ZIKV",4.30102999566398,3.49391970324695,22.17005,4.53418925236909,"Up in ZIKV"
"TROVE2","Mock","ZIKV",11.4017,29.8708,1.38948,5e-05,"yes",0.000320686218678815,"Up_in_ZIKV",4.30102999566398,3.49391970324695,20.63625,4.43537856747091,"Up in ZIKV"
"TIMM44","Mock","ZIKV",17.8334,47.0092,1.39836,5e-05,"yes",0.000320686218678815,"Up_in_ZIKV",4.30102999566398,3.49391970324695,32.4213,5.06269594639169,"Up in ZIKV"
"MAGEL2","Mock","ZIKV",7.06064,18.6304,1.39979,5e-05,"yes",0.000320686218678815,"Up_in_ZIKV",4.30102999566398,3.49391970324695,12.84552,3.79134733330389,"Up in ZIKV"
"LDLRAD4","Mock","ZIKV",1.82366,4.81238,1.39992,5e-05,"yes",0.000320686218678815,"Up_in_ZIKV",4.30102999566398,3.49391970324695,3.31802,2.11036992558228,"Up in ZIKV"
"BBC3","Mock","ZIKV",20.2517,53.4932,1.40131,5e-05,"yes",0.000320686218678815,"Up_in_ZIKV",4.30102999566398,3.49391970324695,36.87245,5.24307684825967,"Up in ZIKV"
"SERTAD1","Mock","ZIKV",4.31657,11.4113,1.40251,5e-05,"yes",0.000320686218678815,"Up_in_ZIKV",4.30102999566398,3.49391970324695,7.863935,3.1479473020187,"Up in ZIKV"
"CREBRF","Mock","ZIKV",4.47981,11.9268,1.41269,5e-05,"yes",0.000320686218678815,"Up_in_ZIKV",4.30102999566398,3.49391970324695,8.203305,3.20215204061203,"Up in ZIKV"
"PDIA5","Mock","ZIKV",2.66399,7.09584,1.41338,5e-05,"yes",0.000320686218678815,"Up_in_ZIKV",4.30102999566398,3.49391970324695,4.879915,2.55579529962544,"Up in ZIKV"
"PAR5","Mock","ZIKV",10.9268,29.15,1.41562,5e-05,"yes",0.000320686218678815,"Up_in_ZIKV",4.30102999566398,3.49391970324695,20.0384,4.39495308469636,"Up in ZIKV"
"MGAM","Mock","ZIKV",0.824358,2.19951,1.41584,5e-05,"yes",0.000320686218678815,"Up_in_ZIKV",4.30102999566398,3.49391970324695,1.511934,1.32879855852747,"Up in ZIKV"
"PHC3","Mock","ZIKV",7.22792,19.3627,1.42163,5e-05,"yes",0.000320686218678815,"Up_in_ZIKV",4.30102999566398,3.49391970324695,13.29531,3.83747000066354,"Up in ZIKV"
"RND1","Mock","ZIKV",2.67005,7.17988,1.42709,5e-05,"yes",0.000320686218678815,"Up_in_ZIKV",4.30102999566398,3.49391970324695,4.924965,2.56680663173654,"Up in ZIKV"
"ALG2","Mock","ZIKV",6.01019,16.2029,1.43077,5e-05,"yes",0.000320686218678815,"Up_in_ZIKV",4.30102999566398,3.49391970324695,11.106545,3.59771529827257,"Up in ZIKV"
"SLC30A1","Mock","ZIKV",6.29427,16.9753,1.43133,5e-05,"yes",0.000320686218678815,"Up_in_ZIKV",4.30102999566398,3.49391970324695,11.634785,3.65932920973809,"Up in ZIKV"
"ZNF654","Mock","ZIKV",5.05129,13.6754,1.43686,5e-05,"yes",0.000320686218678815,"Up_in_ZIKV",4.30102999566398,3.49391970324695,9.363345,3.37341783497828,"Up in ZIKV"
"FICD","Mock","ZIKV",1.15137,3.12482,1.44042,5e-05,"yes",0.000320686218678815,"Up_in_ZIKV",4.30102999566398,3.49391970324695,2.138095,1.649889027881,"Up in ZIKV"
"ALDH8A1","Mock","ZIKV",2.32437,6.33406,1.44629,5e-05,"yes",0.000320686218678815,"Up_in_ZIKV",4.30102999566398,3.49391970324695,4.329215,2.41392303785997,"Up in ZIKV"
"DHRS2","Mock","ZIKV",0.544617,1.48463,1.44679,5e-05,"yes",0.000320686218678815,"Up_in_ZIKV",4.30102999566398,3.49391970324695,1.0146235,1.01051024796667,"Up in ZIKV"
"DIRAS2","Mock","ZIKV",2.01137,5.4841,1.44708,5e-05,"yes",0.000320686218678815,"Up_in_ZIKV",4.30102999566398,3.49391970324695,3.747735,2.24723941163204,"Up in ZIKV"
"SYVN1","Mock","ZIKV",15.8513,43.3868,1.45266,5e-05,"yes",0.000320686218678815,"Up_in_ZIKV",4.30102999566398,3.49391970324695,29.61905,4.93635761673387,"Up in ZIKV"
"IRF1","Mock","ZIKV",0.332277,0.909608,1.45286,5e-05,"yes",0.000320686218678815,"Up_in_ZIKV",4.30102999566398,3.49391970324695,0.6209425,0.696832914768982,"Up in ZIKV"
"KLF10","Mock","ZIKV",7.46553,20.4485,1.45368,5e-05,"yes",0.000320686218678815,"Up_in_ZIKV",4.30102999566398,3.49391970324695,13.957015,3.90275037743971,"Up in ZIKV"
"CBX4","Mock","ZIKV",18.0758,49.7912,1.46183,5e-05,"yes",0.000320686218678815,"Up_in_ZIKV",4.30102999566398,3.49391970324695,33.9335,5.12653928899954,"Up in ZIKV"
"HSD17B7P2","Mock","ZIKV",2.1886,6.09839,1.47842,5e-05,"yes",0.000320686218678815,"Up_in_ZIKV",4.30102999566398,3.49391970324695,4.143495,2.36274900254915,"Up in ZIKV"
"SHISA2","Mock","ZIKV",1.82773,5.1063,1.48222,5e-05,"yes",0.000320686218678815,"Up_in_ZIKV",4.30102999566398,3.49391970324695,3.467015,2.15931109914291,"Up in ZIKV"
"ZNF805","Mock","ZIKV",2.49307,7.00519,1.4905,5e-05,"yes",0.000320686218678815,"Up_in_ZIKV",4.30102999566398,3.49391970324695,4.74913,2.52334365350926,"Up in ZIKV"
"ADRA1A","Mock","ZIKV",1.27228,3.58528,1.49466,5e-05,"yes",0.000320686218678815,"Up_in_ZIKV",4.30102999566398,3.49391970324695,2.42878,1.77769533994249,"Up in ZIKV"
"ZNF460","Mock","ZIKV",2.01534,5.79419,1.52358,5e-05,"yes",0.000320686218678815,"Up_in_ZIKV",4.30102999566398,3.49391970324695,3.904765,2.29418401484279,"Up in ZIKV"
"ASS1","Mock","ZIKV",4.85603,14.0152,1.52914,5e-05,"yes",0.000320686218678815,"Up_in_ZIKV",4.30102999566398,3.49391970324695,9.435615,3.38344371994719,"Up in ZIKV"
"NANS","Mock","ZIKV",6.78377,19.5968,1.53046,5e-05,"yes",0.000320686218678815,"Up_in_ZIKV",4.30102999566398,3.49391970324695,13.190285,3.82683165989947,"Up in ZIKV"
"TNFSF13B","Mock","ZIKV",0.435897,1.26375,1.53565,5e-05,"yes",0.000320686218678815,"Up_in_ZIKV",4.30102999566398,3.49391970324695,0.8498235,0.887387623270074,"Up in ZIKV"
"IGIP","Mock","ZIKV",0.733315,2.14345,1.54743,5e-05,"yes",0.000320686218678815,"Up_in_ZIKV",4.30102999566398,3.49391970324695,1.4383825,1.28592445391918,"Up in ZIKV"
"AKNA","Mock","ZIKV",3.45115,10.2082,1.56458,5e-05,"yes",0.000320686218678815,"Up_in_ZIKV",4.30102999566398,3.49391970324695,6.829675,2.96895242429545,"Up in ZIKV"
"SPRY4","Mock","ZIKV",0.641598,1.90879,1.57291,5e-05,"yes",0.000320686218678815,"Up_in_ZIKV",4.30102999566398,3.49391970324695,1.275194,1.18598956548942,"Up in ZIKV"
"SIAH2","Mock","ZIKV",2.81495,8.38759,1.57514,5e-05,"yes",0.000320686218678815,"Up_in_ZIKV",4.30102999566398,3.49391970324695,5.60127,2.72274360726541,"Up in ZIKV"
"XPOT","Mock","ZIKV",26.332,78.5307,1.57644,5e-05,"yes",0.000320686218678815,"Up_in_ZIKV",4.30102999566398,3.49391970324695,52.43135,5.73961456373625,"Up in ZIKV"
"TARS","Mock","ZIKV",32.4977,97.4383,1.58415,5e-05,"yes",0.000320686218678815,"Up_in_ZIKV",4.30102999566398,3.49391970324695,64.968,6.04369446122598,"Up in ZIKV"
"GAN","Mock","ZIKV",1.60634,4.83456,1.5896,5e-05,"yes",0.000320686218678815,"Up_in_ZIKV",4.30102999566398,3.49391970324695,3.22045,2.07739683261882,"Up in ZIKV"
"SP8","Mock","ZIKV",3.44884,10.4228,1.59555,5e-05,"yes",0.000320686218678815,"Up_in_ZIKV",4.30102999566398,3.49391970324695,6.93582,2.98837930293592,"Up in ZIKV"
"YARS","Mock","ZIKV",28.605,86.6736,1.59933,5e-05,"yes",0.000320686218678815,"Up_in_ZIKV",4.30102999566398,3.49391970324695,57.6393,5.87379597645328,"Up in ZIKV"
"NR4A3","Mock","ZIKV",1.02948,3.14689,1.612,5e-05,"yes",0.000320686218678815,"Up_in_ZIKV",4.30102999566398,3.49391970324695,2.088185,1.62675918090522,"Up in ZIKV"
"LYSMD3","Mock","ZIKV",5.39681,16.5191,1.61396,5e-05,"yes",0.000320686218678815,"Up_in_ZIKV",4.30102999566398,3.49391970324695,10.957955,3.57989878177963,"Up in ZIKV"
"SAFB2","Mock","ZIKV",19.4787,60.0134,1.62339,5e-05,"yes",0.000320686218678815,"Up_in_ZIKV",4.30102999566398,3.49391970324695,39.74605,5.34858830339374,"Up in ZIKV"
"HERC5","Mock","ZIKV",0.242127,0.7462,1.6238,5e-05,"yes",0.000320686218678815,"Up_in_ZIKV",4.30102999566398,3.49391970324695,0.4941635,0.579338024789134,"Up in ZIKV"
"CCDC81","Mock","ZIKV",0.66317,2.07548,1.646,5e-05,"yes",0.000320686218678815,"Up_in_ZIKV",4.30102999566398,3.49391970324695,1.369325,1.2444761064418,"Up in ZIKV"
"NEDD4","Mock","ZIKV",0.874542,2.73915,1.64713,5e-05,"yes",0.000320686218678815,"Up_in_ZIKV",4.30102999566398,3.49391970324695,1.806846,1.48894991132778,"Up in ZIKV"
"PPP1R3C","Mock","ZIKV",0.61577,1.94307,1.65787,5e-05,"yes",0.000320686218678815,"Up_in_ZIKV",4.30102999566398,3.49391970324695,1.27942,1.18866677633205,"Up in ZIKV"
"BAMBI","Mock","ZIKV",9.7132,30.6563,1.65816,5e-05,"yes",0.000320686218678815,"Up_in_ZIKV",4.30102999566398,3.49391970324695,20.18475,4.40495419852953,"Up in ZIKV"
"HIST2H2BC","Mock","ZIKV",6.52391,20.6567,1.6628,5e-05,"yes",0.000320686218678815,"Up_in_ZIKV",4.30102999566398,3.49391970324695,13.590305,3.86693813697718,"Up in ZIKV"
"SHMT2","Mock","ZIKV",46.5224,147.914,1.66876,5e-05,"yes",0.000320686218678815,"Up_in_ZIKV",4.30102999566398,3.49391970324695,97.2182,6.61791847805112,"Up in ZIKV"
"PLD6","Mock","ZIKV",0.66078,2.10736,1.6732,5e-05,"yes",0.000320686218678815,"Up_in_ZIKV",4.30102999566398,3.49391970324695,1.38407,1.25342659619028,"Up in ZIKV"
"NFIA","Mock","ZIKV",0.729433,2.33027,1.67565,5e-05,"yes",0.000320686218678815,"Up_in_ZIKV",4.30102999566398,3.49391970324695,1.5298515,1.339052702508,"Up in ZIKV"
"PPARGC1A","Mock","ZIKV",0.374716,1.21242,1.69402,5e-05,"yes",0.000320686218678815,"Up_in_ZIKV",4.30102999566398,3.49391970324695,0.793568,0.842832443596553,"Up in ZIKV"
"OTUD1","Mock","ZIKV",3.63667,11.8619,1.70564,5e-05,"yes",0.000320686218678815,"Up_in_ZIKV",4.30102999566398,3.49391970324695,7.749285,3.12916512333334,"Up in ZIKV"
"WHAMM","Mock","ZIKV",2.16857,7.08019,1.70704,5e-05,"yes",0.000320686218678815,"Up_in_ZIKV",4.30102999566398,3.49391970324695,4.62438,2.49169407051203,"Up in ZIKV"
"ALDH1L2","Mock","ZIKV",1.99549,6.53164,1.71071,5e-05,"yes",0.000320686218678815,"Up_in_ZIKV",4.30102999566398,3.49391970324695,4.263565,2.39604026447694,"Up in ZIKV"
"CCDC163P","Mock","ZIKV",0.770011,2.53554,1.71934,5e-05,"yes",0.000320686218678815,"Up_in_ZIKV",4.30102999566398,3.49391970324695,1.6527755,1.40750258783905,"Up in ZIKV"
"SLC3A2","Mock","ZIKV",75.4712,250.856,1.73286,5e-05,"yes",0.000320686218678815,"Up_in_ZIKV",4.30102999566398,3.49391970324695,163.1636,7.35899046353457,"Up in ZIKV"
"ZNF442","Mock","ZIKV",1.50166,5.07682,1.75737,5e-05,"yes",0.000320686218678815,"Up_in_ZIKV",4.30102999566398,3.49391970324695,3.28924,2.10072204274491,"Up in ZIKV"
"ETV5","Mock","ZIKV",3.09959,10.5088,1.76145,5e-05,"yes",0.000320686218678815,"Up_in_ZIKV",4.30102999566398,3.49391970324695,6.804195,2.96424982638598,"Up in ZIKV"
"DNAJC3","Mock","ZIKV",5.25071,17.8248,1.7633,5e-05,"yes",0.000320686218678815,"Up_in_ZIKV",4.30102999566398,3.49391970324695,11.537755,3.6482071383764,"Up in ZIKV"
"NR1D1","Mock","ZIKV",1.49106,5.06445,1.76407,5e-05,"yes",0.000320686218678815,"Up_in_ZIKV",4.30102999566398,3.49391970324695,3.277755,2.09685385734945,"Up in ZIKV"
"PMAIP1","Mock","ZIKV",9.79348,33.4624,1.77265,5e-05,"yes",0.000320686218678815,"Up_in_ZIKV",4.30102999566398,3.49391970324695,21.62794,4.50003334555225,"Up in ZIKV"
"TNFAIP3","Mock","ZIKV",0.840944,2.90083,1.78638,5e-05,"yes",0.000320686218678815,"Up_in_ZIKV",4.30102999566398,3.49391970324695,1.870887,1.5214965462372,"Up in ZIKV"
"HEY1","Mock","ZIKV",1.79974,6.28273,1.8036,5e-05,"yes",0.000320686218678815,"Up_in_ZIKV",4.30102999566398,3.49391970324695,4.041235,2.33377720795417,"Up in ZIKV"
"ANKRD33B","Mock","ZIKV",1.29605,4.55246,1.81252,5e-05,"yes",0.000320686218678815,"Up_in_ZIKV",4.30102999566398,3.49391970324695,2.924255,1.97241879162912,"Up in ZIKV"
"PCDH20","Mock","ZIKV",0.456539,1.61836,1.82572,5e-05,"yes",0.000320686218678815,"Up_in_ZIKV",4.30102999566398,3.49391970324695,1.0374495,1.0267643013057,"Up in ZIKV"
"DNAJB9","Mock","ZIKV",17.2669,62.7534,1.86169,5e-05,"yes",0.000320686218678815,"Up_in_ZIKV",4.30102999566398,3.49391970324695,40.01015,5.35790911540839,"Up in ZIKV"
"ZNF563","Mock","ZIKV",0.4469,1.63522,1.87146,5e-05,"yes",0.000320686218678815,"Up_in_ZIKV",4.30102999566398,3.49391970324695,1.04106,1.02931859316443,"Up in ZIKV"
"CREB3L2","Mock","ZIKV",5.29175,19.413,1.87521,5e-05,"yes",0.000320686218678815,"Up_in_ZIKV",4.30102999566398,3.49391970324695,12.352375,3.73902447320284,"Up in ZIKV"
"TSPYL2","Mock","ZIKV",10.9947,40.6869,1.88775,5e-05,"yes",0.000320686218678815,"Up_in_ZIKV",4.30102999566398,3.49391970324695,25.8408,4.74635576712712,"Up in ZIKV"
"GDF15","Mock","ZIKV",4.39593,16.3578,1.89574,5e-05,"yes",0.000320686218678815,"Up_in_ZIKV",4.30102999566398,3.49391970324695,10.376865,3.50803115938139,"Up in ZIKV"
"EIF4EBP1","Mock","ZIKV",21.0335,78.3633,1.89749,5e-05,"yes",0.000320686218678815,"Up_in_ZIKV",4.30102999566398,3.49391970324695,49.6984,5.66386831255998,"Up in ZIKV"
"PGF","Mock","ZIKV",1.20852,4.672,1.9508,5e-05,"yes",0.000320686218678815,"Up_in_ZIKV",4.30102999566398,3.49391970324695,2.94026,1.97829082976662,"Up in ZIKV"
"GADD45B","Mock","ZIKV",4.89207,18.9623,1.95462,5e-05,"yes",0.000320686218678815,"Up_in_ZIKV",4.30102999566398,3.49391970324695,11.927185,3.69233624562051,"Up in ZIKV"
"DDIT4","Mock","ZIKV",30.0558,116.763,1.95787,5e-05,"yes",0.000320686218678815,"Up_in_ZIKV",4.30102999566398,3.49391970324695,73.4094,6.21741298069324,"Up in ZIKV"
"PXDC1","Mock","ZIKV",1.18476,4.67636,1.98079,5e-05,"yes",0.000320686218678815,"Up_in_ZIKV",4.30102999566398,3.49391970324695,2.93056,1.97473487270459,"Up in ZIKV"
"NOG","Mock","ZIKV",0.902698,3.64666,2.01426,5e-05,"yes",0.000320686218678815,"Up_in_ZIKV",4.30102999566398,3.49391970324695,2.274679,1.71135349357977,"Up in ZIKV"
"SESN2","Mock","ZIKV",12.0888,50.3169,2.05737,5e-05,"yes",0.000320686218678815,"Up_in_ZIKV",4.30102999566398,3.49391970324695,31.20285,5.009116469529,"Up in ZIKV"
"JDP2","Mock","ZIKV",1.28353,5.42453,2.07939,5e-05,"yes",0.000320686218678815,"Up_in_ZIKV",4.30102999566398,3.49391970324695,3.35403,2.12235134797217,"Up in ZIKV"
"ASNS","Mock","ZIKV",52.0919,225.033,2.111,5e-05,"yes",0.000320686218678815,"Up_in_ZIKV",4.30102999566398,3.49391970324695,138.56245,7.12476701895895,"Up in ZIKV"
"VEGFA","Mock","ZIKV",12.4628,54.1793,2.12011,5e-05,"yes",0.000320686218678815,"Up_in_ZIKV",4.30102999566398,3.49391970324695,33.32105,5.10102178544687,"Up in ZIKV"
"CTH","Mock","ZIKV",4.43016,19.2695,2.12089,5e-05,"yes",0.000320686218678815,"Up_in_ZIKV",4.30102999566398,3.49391970324695,11.84983,3.68367736794237,"Up in ZIKV"
"CARS","Mock","ZIKV",23.075,100.59,2.12408,5e-05,"yes",0.000320686218678815,"Up_in_ZIKV",4.30102999566398,3.49391970324695,61.8325,5.97343907853414,"Up in ZIKV"
"KCNE2","Mock","ZIKV",0.608671,2.69304,2.1455,5e-05,"yes",0.000320686218678815,"Up_in_ZIKV",4.30102999566398,3.49391970324695,1.6508555,1.40645803002591,"Up in ZIKV"
"PCK2","Mock","ZIKV",2.84455,12.9623,2.18805,5e-05,"yes",0.000320686218678815,"Up_in_ZIKV",4.30102999566398,3.49391970324695,7.903425,3.15436042371818,"Up in ZIKV"
"NR3C2","Mock","ZIKV",0.145518,0.663687,2.18931,5e-05,"yes",0.000320686218678815,"Up_in_ZIKV",4.30102999566398,3.49391970324695,0.4046025,0.490161908085508,"Up in ZIKV"
"MTHFD2","Mock","ZIKV",20.1732,94.9895,2.23532,5e-05,"yes",0.000320686218678815,"Up_in_ZIKV",4.30102999566398,3.49391970324695,57.58135,5.87236953521737,"Up in ZIKV"
"TRIB3","Mock","ZIKV",5.94568,28.0405,2.2376,5e-05,"yes",0.000320686218678815,"Up_in_ZIKV",4.30102999566398,3.49391970324695,16.99309,4.16937106051337,"Up in ZIKV"
"KLF5","Mock","ZIKV",0.385202,1.87422,2.2826,5e-05,"yes",0.000320686218678815,"Up_in_ZIKV",4.30102999566398,3.49391970324695,1.129711,1.09065767122357,"Up in ZIKV"
"FAM129A","Mock","ZIKV",0.351848,1.71845,2.28808,5e-05,"yes",0.000320686218678815,"Up_in_ZIKV",4.30102999566398,3.49391970324695,1.035149,1.02513442284134,"Up in ZIKV"
"CDC42EP1","Mock","ZIKV",0.865481,4.41466,2.35073,5e-05,"yes",0.000320686218678815,"Up_in_ZIKV",4.30102999566398,3.49391970324695,2.6400705,1.86396639246118,"Up in ZIKV"
"KLF15","Mock","ZIKV",2.85013,14.696,2.36633,5e-05,"yes",0.000320686218678815,"Up_in_ZIKV",4.30102999566398,3.49391970324695,8.773065,3.28881108694723,"Up in ZIKV"
"HERPUD1","Mock","ZIKV",22.7461,118.833,2.38525,5e-05,"yes",0.000320686218678815,"Up_in_ZIKV",4.30102999566398,3.49391970324695,70.78955,6.16570194923652,"Up in ZIKV"
"ARHGAP9","Mock","ZIKV",0.347537,1.87155,2.42899,5e-05,"yes",0.000320686218678815,"Up_in_ZIKV",4.30102999566398,3.49391970324695,1.1095435,1.07693083706531,"Up in ZIKV"
"SLC7A5","Mock","ZIKV",23.9931,130.452,2.44283,5e-05,"yes",0.000320686218678815,"Up_in_ZIKV",4.30102999566398,3.49391970324695,77.22255,6.28951266256637,"Up in ZIKV"
"SELPLG","Mock","ZIKV",0.198417,1.10411,2.47628,5e-05,"yes",0.000320686218678815,"Up_in_ZIKV",4.30102999566398,3.49391970324695,0.6512635,0.723570356356849,"Up in ZIKV"
"XBP1","Mock","ZIKV",26.8835,150.39,2.48392,5e-05,"yes",0.000320686218678815,"Up_in_ZIKV",4.30102999566398,3.49391970324695,88.63675,6.48601843624032,"Up in ZIKV"
"INHBE","Mock","ZIKV",0.578206,3.2351,2.48416,5e-05,"yes",0.000320686218678815,"Up_in_ZIKV",4.30102999566398,3.49391970324695,1.906653,1.53935885095126,"Up in ZIKV"
"BHLHE40","Mock","ZIKV",1.19032,6.74644,2.50278,5e-05,"yes",0.000320686218678815,"Up_in_ZIKV",4.30102999566398,3.49391970324695,3.96838,2.31277552040821,"Up in ZIKV"
"RELB","Mock","ZIKV",0.607664,3.4895,2.52167,5e-05,"yes",0.000320686218678815,"Up_in_ZIKV",4.30102999566398,3.49391970324695,2.048582,1.60813835176848,"Up in ZIKV"
"FOSL1","Mock","ZIKV",0.519074,3.03201,2.54626,5e-05,"yes",0.000320686218678815,"Up_in_ZIKV",4.30102999566398,3.49391970324695,1.775542,1.47276952438512,"Up in ZIKV"
"SLC7A11","Mock","ZIKV",2.87422,16.9325,2.55855,5e-05,"yes",0.000320686218678815,"Up_in_ZIKV",4.30102999566398,3.49391970324695,9.90336,3.4467008820327,"Up in ZIKV"
"ULBP1","Mock","ZIKV",1.35929,8.58462,2.6589,5e-05,"yes",0.000320686218678815,"Up_in_ZIKV",4.30102999566398,3.49391970324695,4.971955,2.57820329448762,"Up in ZIKV"
"DDR2","Mock","ZIKV",0.316819,2.03434,2.68283,5e-05,"yes",0.000320686218678815,"Up_in_ZIKV",4.30102999566398,3.49391970324695,1.1755795,1.12139973678658,"Up in ZIKV"
"AQPEP","Mock","ZIKV",0.214698,1.42058,2.72609,5e-05,"yes",0.000320686218678815,"Up_in_ZIKV",4.30102999566398,3.49391970324695,0.817639,0.862065695337587,"Up in ZIKV"
"ADM2","Mock","ZIKV",0.512443,3.41852,2.73791,5e-05,"yes",0.000320686218678815,"Up_in_ZIKV",4.30102999566398,3.49391970324695,1.9654815,1.5682663716394,"Up in ZIKV"
"IL20RB","Mock","ZIKV",0.592619,3.9674,2.74302,5e-05,"yes",0.000320686218678815,"Up_in_ZIKV",4.30102999566398,3.49391970324695,2.2800095,1.71369999337477,"Up in ZIKV"
"STC2","Mock","ZIKV",0.845712,6.11647,2.85446,5e-05,"yes",0.000320686218678815,"Up_in_ZIKV",4.30102999566398,3.49391970324695,3.481091,2.16385002439617,"Up in ZIKV"
"DDIT3","Mock","ZIKV",14.8864,114.376,2.94172,5e-05,"yes",0.000320686218678815,"Up_in_ZIKV",4.30102999566398,3.49391970324695,64.6312,6.0363099064468,"Up in ZIKV"
"CREB3L1","Mock","ZIKV",0.328817,2.57961,2.9718,5e-05,"yes",0.000320686218678815,"Up_in_ZIKV",4.30102999566398,3.49391970324695,1.4542135,1.2952607591855,"Up in ZIKV"
"CHAC1","Mock","ZIKV",4.96756,39.4118,2.98802,5e-05,"yes",0.000320686218678815,"Up_in_ZIKV",4.30102999566398,3.49391970324695,22.18968,4.53541100691102,"Up in ZIKV"
"SEC24D","Mock","ZIKV",1.93693,16.2261,3.06648,5e-05,"yes",0.000320686218678815,"Up_in_ZIKV",4.30102999566398,3.49391970324695,9.081515,3.33364055106169,"Up in ZIKV"
"CEBPB","Mock","ZIKV",2.75768,23.4179,3.08608,5e-05,"yes",0.000320686218678815,"Up_in_ZIKV",4.30102999566398,3.49391970324695,13.08779,3.81637340375908,"Up in ZIKV"
"BHLHE41","Mock","ZIKV",0.0717453,0.763637,3.41193,5e-05,"yes",0.000320686218678815,"Up_in_ZIKV",4.30102999566398,3.49391970324695,0.41769115,0.503543269604792,"Up in ZIKV"
"TNFRSF14","Mock","ZIKV",0.143098,1.56024,3.4467,5e-05,"yes",0.000320686218678815,"Up_in_ZIKV",4.30102999566398,3.49391970324695,0.851669,0.888826228869615,"Up in ZIKV"
"OR51E2","Mock","ZIKV",0.914167,0.109813,-3.05742,1e-04,"yes",0.000607470334412082,"Down_in_ZIKV",4,3.21647492582136,0.51199,0.596448597893564,"Down in ZIKV"
"C2orf48","Mock","ZIKV",4.19704,1.21462,-1.78887,1e-04,"yes",0.000607470334412082,"Down_in_ZIKV",4,3.21647492582136,2.70583,1.88979670117567,"Down in ZIKV"
"EFCAB3","Mock","ZIKV",1.72544,0.533049,-1.69462,1e-04,"yes",0.000607470334412082,"Down_in_ZIKV",4,3.21647492582136,1.1292445,1.09034162319759,"Down in ZIKV"
"WDR16","Mock","ZIKV",1.14236,0.378438,-1.59389,1e-04,"yes",0.000607470334412082,"Down_in_ZIKV",4,3.21647492582136,0.760399,0.815902457318029,"Down in ZIKV"
"MNS1","Mock","ZIKV",5.41986,1.93083,-1.48904,1e-04,"yes",0.000607470334412082,"Down_in_ZIKV",4,3.21647492582136,3.675345,2.22507282733708,"Down in ZIKV"
"CTSH","Mock","ZIKV",1.89769,0.740146,-1.35836,1e-04,"yes",0.000607470334412082,"Down_in_ZIKV",4,3.21647492582136,1.318918,1.21345180528578,"Down in ZIKV"
"INHBB","Mock","ZIKV",0.865854,0.344949,-1.32774,1e-04,"yes",0.000607470334412082,"Down_in_ZIKV",4,3.21647492582136,0.6054015,0.682934150693764,"Down in ZIKV"
"CES4A","Mock","ZIKV",1.49431,0.597028,-1.32361,1e-04,"yes",0.000607470334412082,"Down_in_ZIKV",4,3.21647492582136,1.045669,1.03257272832369,"Down in ZIKV"
"FAM92B","Mock","ZIKV",1.59491,0.641258,-1.3145,1e-04,"yes",0.000607470334412082,"Down_in_ZIKV",4,3.21647492582136,1.118084,1.08275980556272,"Down in ZIKV"
"CHURC1","Mock","ZIKV",12.9149,5.2208,-1.30669,1e-04,"yes",0.000607470334412082,"Down_in_ZIKV",4,3.21647492582136,9.06785,3.33168372207416,"Down in ZIKV"
"PCED1A","Mock","ZIKV",37.034,15.2528,-1.27978,1e-04,"yes",0.000607470334412082,"Down_in_ZIKV",4,3.21647492582136,26.1434,4.76252953988563,"Down in ZIKV"
"EME2","Mock","ZIKV",3.2724,1.35534,-1.27169,1e-04,"yes",0.000607470334412082,"Down_in_ZIKV",4,3.21647492582136,2.31387,1.72851700810131,"Down in ZIKV"
"RAD54L","Mock","ZIKV",8.81591,3.7405,-1.23688,1e-04,"yes",0.000607470334412082,"Down_in_ZIKV",4,3.21647492582136,6.278205,2.86358268711228,"Down in ZIKV"
"SCN4B","Mock","ZIKV",0.80288,0.358081,-1.1649,1e-04,"yes",0.000607470334412082,"Down_in_ZIKV",4,3.21647492582136,0.5804805,0.660363235351968,"Down in ZIKV"
"TMSB15B","Mock","ZIKV",30.6601,13.7455,-1.1574,1e-04,"yes",0.000607470334412082,"Down_in_ZIKV",4,3.21647492582136,22.2028,4.53622700810092,"Down in ZIKV"
"PTPLA","Mock","ZIKV",2.98355,1.3968,-1.09491,1e-04,"yes",0.000607470334412082,"Down_in_ZIKV",4,3.21647492582136,2.190175,1.6736355665316,"Down in ZIKV"
"CLEC11A","Mock","ZIKV",3.57016,1.71619,-1.05678,1e-04,"yes",0.000607470334412082,"Down_in_ZIKV",4,3.21647492582136,2.643175,1.86519629663664,"Down in ZIKV"
"IFITM2","Mock","ZIKV",8.6854,4.28476,-1.01938,1e-04,"yes",0.000607470334412082,"Down_in_ZIKV",4,3.21647492582136,6.48508,2.90401773578757,"Down in ZIKV"
"FAS","Mock","ZIKV",1.68872,3.93345,1.21986,1e-04,"yes",0.000607470334412082,"Up_in_ZIKV",4,3.21647492582136,2.811085,1.9302017854555,"Up in ZIKV"
"EFCAB4B","Mock","ZIKV",0.239147,0.843297,1.81814,1e-04,"yes",0.000607470334412082,"Up_in_ZIKV",4,3.21647492582136,0.541222,0.624074684845092,"Up in ZIKV"
"SCN1B","Mock","ZIKV",1.4483,0.449203,-1.68892,0.00015,"yes",0.000881259780907668,"Down_in_ZIKV",3.82390874094432,3.05489604983526,0.9487515,0.962550133399893,"Down in ZIKV"
"LOC282997","Mock","ZIKV",1.62039,0.708309,-1.19389,0.00015,"yes",0.000881259780907668,"Down_in_ZIKV",3.82390874094432,3.05489604983526,1.1643495,1.1139334849335,"Down in ZIKV"
"SLC39A8","Mock","ZIKV",1.21779,0.540772,-1.17118,0.00015,"yes",0.000881259780907668,"Down_in_ZIKV",3.82390874094432,3.05489604983526,0.879281,0.910180802253662,"Down in ZIKV"
"SHMT1","Mock","ZIKV",9.5259,4.39305,-1.11663,0.00015,"yes",0.000881259780907668,"Down_in_ZIKV",3.82390874094432,3.05489604983526,6.959475,2.99267327500572,"Down in ZIKV"
"WDR49","Mock","ZIKV",1.49017,0.687813,-1.11539,0.00015,"yes",0.000881259780907668,"Down_in_ZIKV",3.82390874094432,3.05489604983526,1.0889915,1.06280662216433,"Down in ZIKV"
"HTR7P1","Mock","ZIKV",0.742192,0.358416,-1.05016,0.00015,"yes",0.000881259780907668,"Down_in_ZIKV",3.82390874094432,3.05489604983526,0.550304,0.632551142137569,"Down in ZIKV"
"C2orf16","Mock","ZIKV",0.690785,0.34132,-1.01711,0.00015,"yes",0.000881259780907668,"Down_in_ZIKV",3.82390874094432,3.05489604983526,0.5160525,0.600319714048708,"Down in ZIKV"
"LOC143666","Mock","ZIKV",2.14344,1.06139,-1.01397,0.00015,"yes",0.000881259780907668,"Down_in_ZIKV",3.82390874094432,3.05489604983526,1.602415,1.37985104303243,"Down in ZIKV"
"NAGPA","Mock","ZIKV",2.62362,1.30827,-1.00389,0.00015,"yes",0.000881259780907668,"Down_in_ZIKV",3.82390874094432,3.05489604983526,1.965945,1.56849184493922,"Down in ZIKV"
"RNF217","Mock","ZIKV",0.877218,1.87759,1.09788,0.00015,"yes",0.000881259780907668,"Up_in_ZIKV",3.82390874094432,3.05489604983526,1.377404,1.24938708597745,"Up in ZIKV"
"CLDN1","Mock","ZIKV",0.296977,0.734374,1.30616,0.00015,"yes",0.000881259780907668,"Up_in_ZIKV",3.82390874094432,3.05489604983526,0.5156755,0.599960911390146,"Up in ZIKV"
"CDC20B","Mock","ZIKV",3.83895,0.353524,-3.44083,2e-04,"yes",0.00114835585011471,"Down_in_ZIKV",3.69897000433602,2.93992351281445,2.096237,1.63051590612003,"Down in ZIKV"
"UBXN10","Mock","ZIKV",1.01625,0.421767,-1.26874,2e-04,"yes",0.00114835585011471,"Down_in_ZIKV",3.69897000433602,2.93992351281445,0.7190085,0.781576678543449,"Down in ZIKV"
"LINC00648","Mock","ZIKV",1.07456,0.483233,-1.15296,2e-04,"yes",0.00114835585011471,"Down_in_ZIKV",3.69897000433602,2.93992351281445,0.7788965,0.830982573966234,"Down in ZIKV"
"HIST1H2AC","Mock","ZIKV",5.28447,10.9969,1.05727,2e-04,"yes",0.00114835585011471,"Up_in_ZIKV",3.69897000433602,2.93992351281445,8.140685,3.1923022844379,"Up in ZIKV"
"PAX2","Mock","ZIKV",0.314681,0.696903,1.14707,2e-04,"yes",0.00114835585011471,"Up_in_ZIKV",3.69897000433602,2.93992351281445,0.505792,0.59052249956289,"Up in ZIKV"
"RAB26","Mock","ZIKV",1.24381,0.34907,-1.83317,0.00025,"yes",0.00140360169491525,"Down_in_ZIKV",3.60205999132796,2.85275611602524,0.79644,0.845140751010552,"Down in ZIKV"
"ZNF718","Mock","ZIKV",2.84706,1.12033,-1.34556,0.00025,"yes",0.00140360169491525,"Down_in_ZIKV",3.60205999132796,2.85275611602524,1.983695,1.57710006760497,"Down in ZIKV"
"DKK2","Mock","ZIKV",0.959867,0.431414,-1.15376,0.00025,"yes",0.00140360169491525,"Down_in_ZIKV",3.60205999132796,2.85275611602524,0.6956405,0.761830330370571,"Down in ZIKV"
"TRIM56","Mock","ZIKV",1.04386,0.471296,-1.14722,0.00025,"yes",0.00140360169491525,"Down_in_ZIKV",3.60205999132796,2.85275611602524,0.757578,0.813588716447824,"Down in ZIKV"
"LOC100129961","Mock","ZIKV",2.40193,1.14703,-1.0663,0.00025,"yes",0.00140360169491525,"Down_in_ZIKV",3.60205999132796,2.85275611602524,1.77448,1.47221740327565,"Down in ZIKV"
"PLAC9","Mock","ZIKV",7.45957,3.68385,-1.01788,0.00025,"yes",0.00140360169491525,"Down_in_ZIKV",3.60205999132796,2.85275611602524,5.57171,2.71626881765971,"Down in ZIKV"
"VIPR2","Mock","ZIKV",0.909797,0.450453,-1.01417,0.00025,"yes",0.00140360169491525,"Down_in_ZIKV",3.60205999132796,2.85275611602524,0.680125,0.748568572391823,"Down in ZIKV"
"ARHGEF33","Mock","ZIKV",0.378203,0.837969,1.14774,0.00025,"yes",0.00140360169491525,"Up_in_ZIKV",3.60205999132796,2.85275611602524,0.608086,0.685344563516714,"Up in ZIKV"
"CCR6","Mock","ZIKV",0.317903,0.79914,1.32986,0.00025,"yes",0.00140360169491525,"Up_in_ZIKV",3.60205999132796,2.85275611602524,0.5585215,0.640178057259996,"Up in ZIKV"
"FUT3","Mock","ZIKV",0.541909,1.39938,1.36866,0.00025,"yes",0.00140360169491525,"Up_in_ZIKV",3.60205999132796,2.85275611602524,0.9706445,0.978667540792712,"Up in ZIKV"
"CEBPD","Mock","ZIKV",0.304035,1.54982,2.34979,0.00025,"yes",0.00140360169491525,"Up_in_ZIKV",3.60205999132796,2.85275611602524,0.9269275,0.946302291738396,"Up in ZIKV"
"GABRR2","Mock","ZIKV",0.153689,0.898167,2.54697,0.00025,"yes",0.00140360169491525,"Up_in_ZIKV",3.60205999132796,2.85275611602524,0.525928,0.609686891075771,"Up in ZIKV"
"LRRC33","Mock","ZIKV",0.669083,0.166873,-2.00343,3e-04,"yes",0.00165341326156105,"Down_in_ZIKV",3.52287874528034,2.78161858334083,0.417978,0.503835149264935,"Down in ZIKV"
"RIBC2","Mock","ZIKV",1.71876,0.620099,-1.4708,3e-04,"yes",0.00165341326156105,"Down_in_ZIKV",3.52287874528034,2.78161858334083,1.1694295,1.11731570362274,"Down in ZIKV"
"MGC72080","Mock","ZIKV",5.98499,2.91222,-1.03923,3e-04,"yes",0.00165341326156105,"Down_in_ZIKV",3.52287874528034,2.78161858334083,4.448605,2.44588690563329,"Down in ZIKV"
"ITGA9","Mock","ZIKV",0.915276,0.451869,-1.0183,3e-04,"yes",0.00165341326156105,"Down_in_ZIKV",3.52287874528034,2.78161858334083,0.6835725,0.751525849551853,"Down in ZIKV"
"MSTN","Mock","ZIKV",0.494845,1.09285,1.14304,3e-04,"yes",0.00165341326156105,"Up_in_ZIKV",3.52287874528034,2.78161858334083,0.7938475,0.843057247924205,"Up in ZIKV"
"CLEC4A","Mock","ZIKV",0.871973,2.32313,1.41372,3e-04,"yes",0.00165341326156105,"Up_in_ZIKV",3.52287874528034,2.78161858334083,1.5975515,1.3771523528092,"Up in ZIKV"
"HIST1H2BN","Mock","ZIKV",1.28205,5.81919,2.18237,3e-04,"yes",0.00165341326156105,"Up_in_ZIKV",3.52287874528034,2.78161858334083,3.55062,2.18606311893527,"Up in ZIKV"
"SGPP2","Mock","ZIKV",1.46204,0.226524,-2.69025,0.00035,"yes",0.00190382757787974,"Down_in_ZIKV",3.45593195564972,2.720372386501,0.844282,0.883059267966819,"Down in ZIKV"
"LOC100506469","Mock","ZIKV",7.22757,2.27879,-1.66524,0.00035,"yes",0.00190382757787974,"Down_in_ZIKV",3.45593195564972,2.720372386501,4.75318,2.52435960859255,"Down in ZIKV"
"DBX1","Mock","ZIKV",2.32104,0.815923,-1.50827,0.00035,"yes",0.00190382757787974,"Down_in_ZIKV",3.45593195564972,2.720372386501,1.5684815,1.36091568242368,"Down in ZIKV"
"C7orf57","Mock","ZIKV",0.94348,0.342847,-1.46043,0.00035,"yes",0.00190382757787974,"Down_in_ZIKV",3.45593195564972,2.720372386501,0.6431635,0.716476040180476,"Down in ZIKV"
"TNFRSF13C","Mock","ZIKV",2.11856,0.590572,-1.8429,4e-04,"yes",0.00214728312678742,"Down_in_ZIKV",3.39794000867204,2.66811068854246,1.354566,1.23546116287451,"Down in ZIKV"
"UQCRHL","Mock","ZIKV",5.62237,1.8745,-1.58467,4e-04,"yes",0.00214728312678742,"Down_in_ZIKV",3.39794000867204,2.66811068854246,3.748435,2.2474521050717,"Down in ZIKV"
"FGF8","Mock","ZIKV",2.8065,1.03958,-1.43277,4e-04,"yes",0.00214728312678742,"Down_in_ZIKV",3.39794000867204,2.66811068854246,1.92304,1.54746957167109,"Down in ZIKV"
"BCHE","Mock","ZIKV",0.868902,0.336776,-1.3674,4e-04,"yes",0.00214728312678742,"Down_in_ZIKV",3.39794000867204,2.66811068854246,0.602839,0.680629518713438,"Down in ZIKV"
"TAPT1-AS1","Mock","ZIKV",0.908081,0.364586,-1.31656,4e-04,"yes",0.00214728312678742,"Down_in_ZIKV",3.39794000867204,2.66811068854246,0.6363335,0.71046681292668,"Down in ZIKV"
"IFIT3","Mock","ZIKV",0.149628,0.698178,2.22222,4e-04,"yes",0.00214728312678742,"Up_in_ZIKV",3.39794000867204,2.66811068854246,0.423903,0.509850869488689,"Up in ZIKV"
"PRR22","Mock","ZIKV",1.15967,0.198456,-2.54683,0.00045,"yes",0.00238612288135593,"Down_in_ZIKV",3.34678748622466,2.62230719464697,0.679063,0.747656362545592,"Down in ZIKV"
"RASD2","Mock","ZIKV",0.646209,0.216057,-1.58059,0.00045,"yes",0.00238612288135593,"Down_in_ZIKV",3.34678748622466,2.62230719464697,0.431133,0.517157752794286,"Down in ZIKV"
"RHPN1-AS1","Mock","ZIKV",1.08773,0.413471,-1.39547,0.00045,"yes",0.00238612288135593,"Down_in_ZIKV",3.34678748622466,2.62230719464697,0.7506005,0.807849887638825,"Down in ZIKV"
"SYNDIG1","Mock","ZIKV",1.06302,0.458469,-1.21328,0.00045,"yes",0.00238612288135593,"Down_in_ZIKV",3.34678748622466,2.62230719464697,0.7607445,0.816185576218594,"Down in ZIKV"
"DEPTOR","Mock","ZIKV",0.200496,0.637943,1.66986,0.00045,"yes",0.00238612288135593,"Up_in_ZIKV",3.34678748622466,2.62230719464697,0.4192195,0.505097737440472,"Up in ZIKV"
"HIST1H2BH","Mock","ZIKV",7.27066,2.31014,-1.65411,5e-04,"yes",0.00262345679012346,"Down_in_ZIKV",3.30102999566398,2.58112608449232,4.7904,2.53366301282309,"Down in ZIKV"
"NOXRED1","Mock","ZIKV",1.03235,0.340545,-1.60001,5e-04,"yes",0.00262345679012346,"Down_in_ZIKV",3.30102999566398,2.58112608449232,0.6864475,0.753987407197682,"Down in ZIKV"
"KRT19","Mock","ZIKV",1.38417,0.494017,-1.48639,5e-04,"yes",0.00262345679012346,"Down_in_ZIKV",3.30102999566398,2.58112608449232,0.9390935,0.955382369578863,"Down in ZIKV"
"CYB561D2","Mock","ZIKV",7.76366,3.20632,-1.27582,5e-04,"yes",0.00262345679012346,"Down_in_ZIKV",3.30102999566398,2.58112608449232,5.48499,2.69710434981059,"Down in ZIKV"
"PDGFA","Mock","ZIKV",0.434788,0.985,1.17981,5e-04,"yes",0.00262345679012346,"Up_in_ZIKV",3.30102999566398,2.58112608449232,0.709894,0.773906892120336,"Up in ZIKV"
"ACP6","Mock","ZIKV",1.87962,0.90139,-1.06022,0.00055,"yes",0.00285850253807107,"Down_in_ZIKV",3.25963731050576,2.54386141783845,1.390505,1.25731542324163,"Down in ZIKV"
"MKRN7P","Mock","ZIKV",1.0805,0.358519,-1.59158,6e-04,"yes",0.00309055568259776,"Down_in_ZIKV",3.22184874961636,2.50996342731011,0.7195095,0.781997086533519,"Down in ZIKV"
"C1orf220","Mock","ZIKV",0.760696,0.295835,-1.36253,6e-04,"yes",0.00309055568259776,"Down_in_ZIKV",3.22184874961636,2.50996342731011,0.5282655,0.611895199302814,"Down in ZIKV"
"FLJ33630","Mock","ZIKV",0.845462,0.375628,-1.17044,6e-04,"yes",0.00309055568259776,"Down_in_ZIKV",3.22184874961636,2.50996342731011,0.610545,0.687548971412969,"Down in ZIKV"
"CDNF","Mock","ZIKV",1.91975,0.869772,-1.14221,6e-04,"yes",0.00309055568259776,"Down_in_ZIKV",3.22184874961636,2.50996342731011,1.394761,1.25988168046244,"Down in ZIKV"
"MATN3","Mock","ZIKV",1.20076,0.596009,-1.01054,6e-04,"yes",0.00309055568259776,"Down_in_ZIKV",3.22184874961636,2.50996342731011,0.8983845,0.924772226322742,"Down in ZIKV"
"FAM86JP","Mock","ZIKV",1.31734,0.449975,-1.54972,0.00065,"yes",0.00332302541988198,"Down_in_ZIKV",3.18708664335714,2.47846633652079,0.8836575,0.913536667726033,"Down in ZIKV"
"NCRNA00185","Mock","ZIKV",1.87691,0.801159,-1.2282,0.00065,"yes",0.00332302541988198,"Down_in_ZIKV",3.18708664335714,2.47846633652079,1.3390345,1.22591314113106,"Down in ZIKV"
"SNORA8","Mock","ZIKV",70.8198,225.541,1.67116,0.00065,"yes",0.00332302541988198,"Up_in_ZIKV",3.18708664335714,2.47846633652079,148.1804,7.2209141899772,"Up in ZIKV"
"SNORD116-4","Mock","ZIKV",85.6198,875.508,3.3541,0.00065,"yes",0.00332302541988198,"Up_in_ZIKV",3.18708664335714,2.47846633652079,480.5639,8.91158343560357,"Up in ZIKV"
"PENK","Mock","ZIKV",1.66356,0.614809,-1.43606,7e-04,"yes",0.00354325842696629,"Down_in_ZIKV",3.15490195998574,2.45059717131557,1.1391845,1.09706091717155,"Down in ZIKV"
"SPAG17","Mock","ZIKV",0.967071,0.370371,-1.38465,7e-04,"yes",0.00354325842696629,"Down_in_ZIKV",3.15490195998574,2.45059717131557,0.668721,0.73874276502807,"Down in ZIKV"
"CXorf30","Mock","ZIKV",0.679305,0.273478,-1.31263,7e-04,"yes",0.00354325842696629,"Down_in_ZIKV",3.15490195998574,2.45059717131557,0.4763915,0.562075336720036,"Down in ZIKV"
"NS3BP","Mock","ZIKV",2.2755,1.06933,-1.08948,7e-04,"yes",0.00354325842696629,"Down_in_ZIKV",3.15490195998574,2.45059717131557,1.672415,1.41814406168621,"Down in ZIKV"
"EFNA4","Mock","ZIKV",10.857,5.41588,-1.00335,7e-04,"yes",0.00354325842696629,"Down_in_ZIKV",3.15490195998574,2.45059717131557,8.13644,3.19163213083785,"Down in ZIKV"
"ADRB2","Mock","ZIKV",0.212104,0.767204,1.85484,7e-04,"yes",0.00354325842696629,"Up_in_ZIKV",3.15490195998574,2.45059717131557,0.489654,0.574977276693657,"Up in ZIKV"
"RAB3IL1","Mock","ZIKV",0.152348,0.65999,2.11507,7e-04,"yes",0.00354325842696629,"Up_in_ZIKV",3.15490195998574,2.45059717131557,0.406169,0.49176999470197,"Up in ZIKV"
"LOC100129726","Mock","ZIKV",0.954375,0.280156,-1.76832,8e-04,"yes",0.004002665482008,"Down_in_ZIKV",3.09691001300806,2.39765070402146,0.6172655,0.693556539721241,"Down in ZIKV"
"DMC1","Mock","ZIKV",0.838619,0.272353,-1.62254,8e-04,"yes",0.004002665482008,"Down_in_ZIKV",3.09691001300806,2.39765070402146,0.555486,0.637365410094753,"Down in ZIKV"
"ANKRD1","Mock","ZIKV",1.12531,0.456784,-1.30074,8e-04,"yes",0.004002665482008,"Down_in_ZIKV",3.09691001300806,2.39765070402146,0.791047,0.840803196495976,"Down in ZIKV"
"C1RL","Mock","ZIKV",0.803256,0.181151,-2.14867,0.00085,"yes",0.00423402255639098,"Down_in_ZIKV",3.07058107428571,2.37324683264395,0.4922035,0.577444297269274,"Down in ZIKV"
"ARHGEF39","Mock","ZIKV",6.63872,3.10966,-1.09415,0.00085,"yes",0.00423402255639098,"Down_in_ZIKV",3.07058107428571,2.37324683264395,4.87419,2.55438993022263,"Down in ZIKV"
"RSPH1","Mock","ZIKV",2.23545,1.07268,-1.05934,0.00085,"yes",0.00423402255639098,"Down_in_ZIKV",3.07058107428571,2.37324683264395,1.654065,1.4082037038013,"Down in ZIKV"
"DLEU2L","Mock","ZIKV",4.79197,1.96675,-1.28481,9e-04,"yes",0.00445353690685413,"Down_in_ZIKV",3.04575749056068,2.35129494429659,3.37936,2.13072004966885,"Down in ZIKV"
"ZNF114","Mock","ZIKV",1.1151,0.522745,-1.093,9e-04,"yes",0.00445353690685413,"Down_in_ZIKV",3.04575749056068,2.35129494429659,0.8189225,0.863084074464061,"Down in ZIKV"
"P2RX6","Mock","ZIKV",0.856048,0.40165,-1.09175,9e-04,"yes",0.00445353690685413,"Down_in_ZIKV",3.04575749056068,2.35129494429659,0.628849,0.703852867185438,"Down in ZIKV"
"TREX1","Mock","ZIKV",4.15426,1.98954,-1.06215,9e-04,"yes",0.00445353690685413,"Down_in_ZIKV",3.04575749056068,2.35129494429659,3.0719,2.0257021313361,"Down in ZIKV"
"ZNF321P","Mock","ZIKV",2.26599,1.10878,-1.03118,9e-04,"yes",0.00445353690685413,"Down_in_ZIKV",3.04575749056068,2.35129494429659,1.687385,1.42620301945391,"Down in ZIKV"
"NSUN5P1","Mock","ZIKV",9.14125,3.18863,-1.51945,0.00095,"yes",0.00466610335804623,"Down_in_ZIKV",3.02227639471115,2.33104564545397,6.16494,2.84095462325017,"Down in ZIKV"
"IQCD","Mock","ZIKV",2.21033,1.07754,-1.03651,0.00095,"yes",0.00466610335804623,"Down_in_ZIKV",3.02227639471115,2.33104564545397,1.643935,1.40268670924713,"Down in ZIKV"
"LUST","Mock","ZIKV",17.0022,38.1488,1.16591,0.00095,"yes",0.00466610335804623,"Up_in_ZIKV",3.02227639471115,2.33104564545397,27.5755,4.83670683711398,"Up in ZIKV"
"FBXL19-AS1","Mock","ZIKV",3.538,1.1032,-1.68123,0.00105,"yes",0.00511046888504754,"Down_in_ZIKV",2.97881070093006,2.29153925155867,2.3206,1.73144394603472,"Down in ZIKV"
"MLLT10P1","Mock","ZIKV",4.19088,1.49859,-1.48365,0.00105,"yes",0.00511046888504754,"Down_in_ZIKV",2.97881070093006,2.29153925155867,2.844735,1.94288416324273,"Down in ZIKV"
"C8orf44","Mock","ZIKV",3.41134,1.27141,-1.42391,0.00105,"yes",0.00511046888504754,"Down_in_ZIKV",2.97881070093006,2.29153925155867,2.341375,1.74044190433723,"Down in ZIKV"
"HSPB8","Mock","ZIKV",0.612113,1.27392,1.05741,0.00105,"yes",0.00511046888504754,"Up_in_ZIKV",2.97881070093006,2.29153925155867,0.9430165,0.958298152270196,"Up in ZIKV"
"FGF14-AS2","Mock","ZIKV",4.27175,1.03705,-2.04234,0.0011,"yes",0.00532505910165485,"Down_in_ZIKV",2.95860731484178,2.27367556772394,2.6544,1.86963455581339,"Down in ZIKV"
"BCL3","Mock","ZIKV",0.198376,0.777274,1.97019,0.0011,"yes",0.00532505910165485,"Up_in_ZIKV",2.95860731484178,2.27367556772394,0.487825,0.573204844672018,"Up in ZIKV"
"KCTD8","Mock","ZIKV",0.288671,0.746035,1.36982,0.00115,"yes",0.0055420945656825,"Up_in_ZIKV",2.93930215964639,2.2563260680515,0.517353,0.60155675605686,"Up in ZIKV"
"WDR65","Mock","ZIKV",1.39755,0.376234,-1.89319,0.0012,"yes",0.00575106382978723,"Down_in_ZIKV",2.92081875395238,2.24025181223699,0.886892,0.916011849793998,"Down in ZIKV"
"SELENBP1","Mock","ZIKV",1.68703,0.823424,-1.03478,0.0012,"yes",0.00575106382978723,"Down_in_ZIKV",2.92081875395238,2.24025181223699,1.255227,1.17327265533958,"Down in ZIKV"
"TAS2R5","Mock","ZIKV",2.38348,1.17356,-1.02217,0.0012,"yes",0.00575106382978723,"Down_in_ZIKV",2.92081875395238,2.24025181223699,1.77852,1.4743166249553,"Down in ZIKV"
"ZNF503-AS2","Mock","ZIKV",12.3347,4.78962,-1.36474,0.00125,"yes",0.00596025613886537,"Down_in_ZIKV",2.90308998699194,2.22473507628232,8.56216,3.25733654595703,"Down in ZIKV"
"C6orf163","Mock","ZIKV",1.86788,0.805159,-1.21405,0.00125,"yes",0.00596025613886537,"Down_in_ZIKV",2.90308998699194,2.22473507628232,1.3365195,1.22436107762039,"Down in ZIKV"
"LOC100287042","Mock","ZIKV",1.10965,0.359933,-1.6243,0.00135,"yes",0.00638570978580428,"Down_in_ZIKV",2.86966623150499,2.19479082292275,0.7347915,0.794762279523078,"Down in ZIKV"
"CEBPA-AS1","Mock","ZIKV",0.660439,0.21957,-1.58874,0.00135,"yes",0.00638570978580428,"Down_in_ZIKV",2.86966623150499,2.19479082292275,0.4400045,0.526073320082546,"Down in ZIKV"
"LOC100131089","Mock","ZIKV",3.09202,1.37021,-1.17416,0.00135,"yes",0.00638570978580428,"Down_in_ZIKV",2.86966623150499,2.19479082292275,2.231115,1.69203209909513,"Down in ZIKV"
"LAMA4","Mock","ZIKV",1.39315,0.675739,-1.04381,0.00135,"yes",0.00638570978580428,"Down_in_ZIKV",2.86966623150499,2.19479082292275,1.0344445,1.02463492397667,"Down in ZIKV"
"FAM22F","Mock","ZIKV",0.198738,0.65644,1.7238,0.00135,"yes",0.00638570978580428,"Up_in_ZIKV",2.86966623150499,2.19479082292275,0.427589,0.51358069014584,"Up in ZIKV"
"FBLN5","Mock","ZIKV",0.641181,0.231263,-1.4712,0.00145,"yes",0.00679876144879267,"Down_in_ZIKV",2.83863199776503,2.16757019684479,0.436222,0.522278766949781,"Down in ZIKV"
"MRPL23-AS1","Mock","ZIKV",0.97944,0.422521,-1.21293,0.00145,"yes",0.00679876144879267,"Down_in_ZIKV",2.83863199776503,2.16757019684479,0.7009805,0.76636660207446,"Down in ZIKV"
"FOXI3","Mock","ZIKV",0.422506,1.24563,1.55983,0.00145,"yes",0.00679876144879267,"Up_in_ZIKV",2.83863199776503,2.16757019684479,0.834068,0.875047129360512,"Up in ZIKV"
"CXCL14","Mock","ZIKV",0.739516,0.146885,-2.33189,0.0015,"yes",0.00701422046917168,"Down_in_ZIKV",2.82390874094432,2.15402058760765,0.4432005,0.529271743530901,"Down in ZIKV"
"DAW1","Mock","ZIKV",0.77965,0.162946,-2.25843,0.0015,"yes",0.00701422046917168,"Down_in_ZIKV",2.82390874094432,2.15402058760765,0.471298,0.557089482881287,"Down in ZIKV"
"OLFML3","Mock","ZIKV",0.625658,0.139187,-2.16835,0.0016,"yes",0.00742021824171299,"Down_in_ZIKV",2.79588001734407,2.12958332116601,0.3824225,0.467198603787527,"Down in ZIKV"
"LINC00565","Mock","ZIKV",0.666498,0.247093,-1.43154,0.0016,"yes",0.00742021824171299,"Down_in_ZIKV",2.79588001734407,2.12958332116601,0.4567955,0.54279837099019,"Down in ZIKV"
"LOC100506190","Mock","ZIKV",1.03789,0.486137,-1.09422,0.00165,"yes",0.00763324091189156,"Down_in_ZIKV",2.78251605578609,2.11729103068089,0.7620135,0.817224977781846,"Down in ZIKV"
"FLJ16779","Mock","ZIKV",1.85894,0.691823,-1.42601,0.0017,"yes",0.00783398117839607,"Down_in_ZIKV",2.76955107862173,2.10601747620512,1.2753815,1.1861084538895,"Down in ZIKV"
"C16orf55","Mock","ZIKV",11.765,5.00009,-1.23447,0.00175,"yes",0.00803808115823817,"Down_in_ZIKV",2.75696195131371,2.09484761317296,8.382545,3.22997930449633,"Down in ZIKV"
"FUT2","Mock","ZIKV",0.711923,0.335592,-1.08501,0.00175,"yes",0.00803808115823817,"Down_in_ZIKV",2.75696195131371,2.09484761317296,0.5237575,0.60763332187005,"Down in ZIKV"
"LOC100133315","Mock","ZIKV",1.46192,0.621743,-1.23347,0.0018,"yes",0.00823583180987203,"Down_in_ZIKV",2.74472749489669,2.08429253101835,1.0418315,1.02986381423498,"Down in ZIKV"
"LOC401127","Mock","ZIKV",0.59779,1.31492,1.13726,0.0018,"yes",0.00823583180987203,"Up_in_ZIKV",2.74472749489669,2.08429253101835,0.956355,0.968168185355968,"Up in ZIKV"
"LOC158696","Mock","ZIKV",0.775554,0.365995,-1.0834,0.00185,"yes",0.00843035605907344,"Down_in_ZIKV",2.73282827159699,2.07415408240666,0.5707745,0.651476082552805,"Down in ZIKV"
"MIR181A2HG","Mock","ZIKV",5.91467,1.91336,-1.62819,0.0019,"yes",0.00863549233252623,"Down_in_ZIKV",2.72124639904717,2.0637128971001,3.914015,2.29690226152437,"Down in ZIKV"
"NSUN5P2","Mock","ZIKV",7.26251,2.24779,-1.69196,0.00195,"yes",0.00883066948130277,"Down_in_ZIKV",2.70996538863748,2.0540063699203,4.75515,2.52485353069217,"Down in ZIKV"
"NR2E3","Mock","ZIKV",0.899306,0.394612,-1.18838,0.00195,"yes",0.00883066948130277,"Down_in_ZIKV",2.70996538863748,2.0540063699203,0.646959,0.719804640533043,"Down in ZIKV"
"LOC400043","Mock","ZIKV",0.927252,0.275606,-1.75036,0.002,"yes",0.00902624724504107,"Down_in_ZIKV",2.69897000433602,2.04449277455104,0.601429,0.679359837064493,"Down in ZIKV"
"BMP4","Mock","ZIKV",0.185096,0.621732,1.74802,0.002,"yes",0.00902624724504107,"Up_in_ZIKV",2.69897000433602,2.04449277455104,0.403414,0.488940659450762,"Up in ZIKV"
"CPZ","Mock","ZIKV",0.340624,0.809137,1.2482,0.00205,"yes",0.00922418098282062,"Up_in_ZIKV",2.68824613894425,2.03507218456535,0.5748805,0.655242362836015,"Up in ZIKV"
"GNRHR2","Mock","ZIKV",26.4755,12.3459,-1.10062,0.0021,"yes",0.00942468619246862,"Down_in_ZIKV",2.67778070526608,2.02573310129704,19.4107,4.35125375639621,"Down in ZIKV"
"GAL3ST2","Mock","ZIKV",0.152439,0.759013,2.31589,0.0021,"yes",0.00942468619246862,"Up_in_ZIKV",2.67778070526608,2.02573310129704,0.455726,0.541738833805258,"Up in ZIKV"
"LOC100270746","Mock","ZIKV",1.91536,0.704209,-1.44354,0.00215,"yes",0.00962033174413985,"Down_in_ZIKV",2.66756154008439,2.01680995164564,1.3097845,1.20775825628021,"Down in ZIKV"
"CTF1","Mock","ZIKV",1.24051,0.557673,-1.15345,0.00215,"yes",0.00962033174413985,"Down_in_ZIKV",2.66756154008439,2.01680995164564,0.8990915,0.925309417554862,"Down in ZIKV"
"FAM47E","Mock","ZIKV",2.27395,0.833844,-1.44735,0.00225,"yes",0.0100101224570413,"Down_in_ZIKV",2.64781748188864,1.99956060962438,1.553897,1.35270034156934,"Down in ZIKV"
"LINC00535","Mock","ZIKV",1.04858,0.474332,-1.14446,0.0023,"yes",0.0102123989749655,"Down_in_ZIKV",2.63827216398241,1.99087222664871,0.761456,0.816768437719837,"Down in ZIKV"
"HAS1","Mock","ZIKV",0.458493,0.99239,1.11401,0.00235,"yes",0.0104056909770002,"Up_in_ZIKV",2.62893213772826,1.98272907570852,0.7254415,0.786965560942017,"Up in ZIKV"
"ST8SIA6","Mock","ZIKV",0.801502,1.63274,1.02651,0.0024,"yes",0.010602078838988,"Up_in_ZIKV",2.61978875828839,1.97460897060477,1.217121,1.14868750784003,"Up in ZIKV"
"ARHGAP22","Mock","ZIKV",0.632628,0.284045,-1.15524,0.00245,"yes",0.0107975445118372,"Down_in_ZIKV",2.61083391563547,1.9666749969396,0.4583365,0.544323648929641,"Down in ZIKV"
"ARL9","Mock","ZIKV",1.91831,0.679574,-1.49713,0.0025,"yes",0.0110028331379445,"Down_in_ZIKV",2.60205999132796,1.95849547322803,1.298942,1.20097006876688,"Down in ZIKV"
"POPDC2","Mock","ZIKV",0.700392,1.4619,1.06161,0.0025,"yes",0.0110028331379445,"Up_in_ZIKV",2.60205999132796,1.95849547322803,1.081146,1.05737817895477,"Up in ZIKV"
"SPAG8","Mock","ZIKV",2.04259,0.732733,-1.47904,0.0026,"yes",0.0113917525773196,"Down_in_ZIKV",2.58502665202918,1.94340945624512,1.3876615,1.25559831948099,"Down in ZIKV"
"LINC00173","Mock","ZIKV",3.30737,0.828424,-1.99724,0.00265,"yes",0.0115748012410316,"Down_in_ZIKV",2.57675412606319,1.93648645781881,2.067897,1.61725004735074,"Down in ZIKV"
"TEX21P","Mock","ZIKV",1.36082,0.423312,-1.68468,0.00265,"yes",0.0115748012410316,"Down_in_ZIKV",2.57675412606319,1.93648645781881,0.892066,0.919962414370733,"Down in ZIKV"
"NOSTRIN","Mock","ZIKV",0.88574,0.388606,-1.18858,0.00265,"yes",0.0115748012410316,"Down_in_ZIKV",2.57675412606319,1.93648645781881,0.637173,0.711206779389785,"Down in ZIKV"
"LINC00441","Mock","ZIKV",1.35347,0.479789,-1.4962,0.0027,"yes",0.0117703696535707,"Down_in_ZIKV",2.56863623584101,1.92920989773557,0.9166295,0.938571479325991,"Down in ZIKV"
"IFI44","Mock","ZIKV",0.697663,0.18257,-1.93408,0.00275,"yes",0.0119628717651603,"Down_in_ZIKV",2.56066730616974,1.92216455261749,0.4401165,0.52618552498273,"Down in ZIKV"
"FXYD1","Mock","ZIKV",3.36018,1.14113,-1.55808,0.0028,"yes",0.0121686282076018,"Down_in_ZIKV",2.55284196865778,1.91475837784621,2.250655,1.70073044738452,"Down in ZIKV"
"MSH5-SAPCD1","Mock","ZIKV",4.52786,1.75719,-1.36555,0.0028,"yes",0.0121686282076018,"Down_in_ZIKV",2.55284196865778,1.91475837784621,3.142525,2.05051040408938,"Down in ZIKV"
"LOC144486","Mock","ZIKV",0.750806,0.346204,-1.11682,0.00285,"yes",0.012359693877551,"Down_in_ZIKV",2.54515513999149,1.90799228563367,0.548505,0.630876041368119,"Down in ZIKV"
"TXNDC11","Mock","ZIKV",6.96727,14.6747,1.07467,0.00285,"yes",0.012359693877551,"Up_in_ZIKV",2.54515513999149,1.90799228563367,10.820985,3.56327834998047,"Up in ZIKV"
"LOC100130155","Mock","ZIKV",1.44176,0.519413,-1.47288,0.0029,"yes",0.012542722734255,"Down_in_ZIKV",2.53760200210104,1.90160817801008,0.9805865,0.985927710783504,"Down in ZIKV"
"TMEM44-AS1","Mock","ZIKV",2.223,0.79773,-1.47854,0.003,"yes",0.0129255929609793,"Down_in_ZIKV",2.52287874528034,1.88854952453774,1.510365,1.32789714322233,"Down in ZIKV"
"NUDT18","Mock","ZIKV",1.23384,0.562369,-1.13356,0.003,"yes",0.0129255929609793,"Down_in_ZIKV",2.52287874528034,1.88854952453774,0.8981045,0.924559422012137,"Down in ZIKV"
"LOC285593","Mock","ZIKV",0.475121,1.03786,1.12725,0.003,"yes",0.0129255929609793,"Up_in_ZIKV",2.52287874528034,1.88854952453774,0.7564905,0.812695773747901,"Up in ZIKV"
"LOC93432","Mock","ZIKV",0.211778,0.717988,1.7614,0.003,"yes",0.0129255929609793,"Up_in_ZIKV",2.52287874528034,1.88854952453774,0.464883,0.55078544139808,"Up in ZIKV"
"ASB12","Mock","ZIKV",0.874785,1.80172,1.04237,0.00305,"yes",0.0131034236124356,"Up_in_ZIKV",2.51570016065321,1.88261521871584,1.3382525,1.22543073005281,"Up in ZIKV"
"RMDN2","Mock","ZIKV",1.16332,0.530263,-1.13346,0.00315,"yes",0.0134790558510638,"Down_in_ZIKV",2.5016894462104,1.8703405271652,0.8467915,0.885020997400248,"Down in ZIKV"
"SMOC2","Mock","ZIKV",0.658361,0.321398,-1.03452,0.00315,"yes",0.0134790558510638,"Down_in_ZIKV",2.5016894462104,1.8703405271652,0.4898795,0.575195651638823,"Down in ZIKV"
"ZNF511","Mock","ZIKV",20.7455,9.66252,-1.10233,0.0032,"yes",0.0136618650492798,"Down_in_ZIKV",2.49485002168009,1.86449000890332,15.20401,4.01827897535673,"Down in ZIKV"
"LOC100507250","Mock","ZIKV",0.731852,0.2526,-1.5347,0.00325,"yes",0.0138621946601023,"Down_in_ZIKV",2.48811663902113,1.85816800685852,0.492226,0.577466050598291,"Down in ZIKV"
"APOBEC3C","Mock","ZIKV",1.41532,0.543224,-1.3815,0.0035,"yes",0.0147885012192834,"Down_in_ZIKV",2.45593195564972,1.83007583852359,0.979272,0.984969887315364,"Down in ZIKV"
"PAR1","Mock","ZIKV",0.744476,0.352561,-1.07835,0.0035,"yes",0.0147885012192834,"Down_in_ZIKV",2.45593195564972,1.83007583852359,0.5485185,0.630888618852954,"Down in ZIKV"
"TPH1","Mock","ZIKV",0.699925,0.222101,-1.65598,0.00355,"yes",0.0149857102698651,"Down_in_ZIKV",2.44977164694491,1.8243226682023,0.461013,0.546969015206497,"Down in ZIKV"
"ITM2A","Mock","ZIKV",0.905308,0.381287,-1.24753,0.0036,"yes",0.0151683501683502,"Down_in_ZIKV",2.44369749923271,1.81906165400213,0.6432975,0.716593687178622,"Down in ZIKV"
"TTLL9","Mock","ZIKV",0.701874,0.233228,-1.58947,0.00365,"yes",0.0153359914195113,"Down_in_ZIKV",2.43770713554353,1.81428814311773,0.467551,0.553410640417847,"Down in ZIKV"
"TTC23L","Mock","ZIKV",1.24177,0.520509,-1.25441,0.0037,"yes",0.0155229092940957,"Down_in_ZIKV",2.43179827593301,1.80902688024514,0.8811395,0.911606839023645,"Down in ZIKV"
"ZNF345","Mock","ZIKV",4.5513,1.76234,-1.36879,0.004,"yes",0.0166297526762643,"Down_in_ZIKV",2.39794000867204,1.77911420971809,3.15682,2.0554802772551,"Down in ZIKV"
"MT2A","Mock","ZIKV",4.59374,1.28015,-1.84335,0.0041,"yes",0.0170140935887988,"Down_in_ZIKV",2.38721614328026,1.76919118261686,2.936945,1.97707655786614,"Down in ZIKV"
"DYDC2","Mock","ZIKV",0.850095,0.374354,-1.18322,0.0041,"yes",0.0170140935887988,"Down_in_ZIKV",2.38721614328026,1.76919118261686,0.6122245,0.689052651114866,"Down in ZIKV"
"UPK3B","Mock","ZIKV",1.16158,0.528134,-1.13711,0.0042,"yes",0.0173938223938224,"Down_in_ZIKV",2.3767507096021,1.75960496876617,0.844857,0.883508993312071,"Down in ZIKV"
"PCNA-AS1","Mock","ZIKV",156.804,60.0125,-1.38563,0.00425,"yes",0.0175814967860422,"Down_in_ZIKV",2.37161106994969,1.75494415439038,108.40825,6.77357771936158,"Down in ZIKV"
"AURKC","Mock","ZIKV",0.83751,1.73329,1.04934,0.00445,"yes",0.0182879492793286,"Up_in_ZIKV",2.35163998901907,1.73783499144017,1.2854,1.19244669373505,"Up in ZIKV"
"TMEM27","Mock","ZIKV",0.747223,0.232239,-1.68593,0.0045,"yes",0.0184732094040459,"Down_in_ZIKV",2.34678748622466,1.73345764676963,0.489731,0.575051847464586,"Down in ZIKV"
"NKAPP1","Mock","ZIKV",0.719643,0.336443,-1.09692,0.0046,"yes",0.0188219800181653,"Down_in_ZIKV",2.33724216831843,1.7253346919751,0.528043,0.61168514220474,"Down in ZIKV"
"LRRC29","Mock","ZIKV",1.41156,0.690999,-1.03054,0.0047,"yes",0.0191997642364889,"Down_in_ZIKV",2.32790214206428,1.71670410418294,1.0512795,1.03652408167204,"Down in ZIKV"
"TAS2R4","Mock","ZIKV",1.55164,0.598666,-1.37397,0.00475,"yes",0.0193653846153846,"Down_in_ZIKV",2.32330639037513,1.71297387308118,1.075153,1.05321770956983,"Down in ZIKV"
"C15orf38","Mock","ZIKV",6.90415,2.92043,-1.24128,0.00485,"yes",0.019733787933526,"Down_in_ZIKV",2.31425826139774,1.70478954319534,4.91229,2.56371703594225,"Down in ZIKV"
"EGR4","Mock","ZIKV",0.676109,0.301836,-1.16349,0.00495,"yes",0.0201007301243916,"Down_in_ZIKV",2.30539480106643,1.69678816729417,0.4889725,0.574317108869647,"Down in ZIKV"
"SH2D7","Mock","ZIKV",0.940117,0.463086,-1.02156,0.00495,"yes",0.0201007301243916,"Down_in_ZIKV",2.30539480106643,1.69678816729417,0.7016015,0.766893210179916,"Down in ZIKV"
"SRPX","Mock","ZIKV",0.929706,0.454902,-1.03122,0.005,"yes",0.0202672305200648,"Down_in_ZIKV",2.30102999566398,1.69320559279826,0.692304,0.7589887527945,"Down in ZIKV"
"IFIT2","Mock","ZIKV",0.0314251,1.17914,5.22967,0.0051,"yes",0.0206317349137931,"Up_in_ZIKV",2.29242982390206,1.68546425085347,0.60528255,0.682827252243141,"Up in ZIKV"
"IL21R-AS1","Mock","ZIKV",0.869683,0.303053,-1.52092,0.0053,"yes",0.0213488018597997,"Down_in_ZIKV",2.27572413039921,1.67062649348574,0.586368,0.665727481124346,"Down in ZIKV"
"SAMD13","Mock","ZIKV",0.75992,0.29966,-1.34252,0.00535,"yes",0.0215309540825442,"Down_in_ZIKV",2.27164621797877,1.6669367252344,0.52979,0.613333622360887,"Down in ZIKV"
"HS3ST3A1","Mock","ZIKV",0.288059,0.642156,1.15656,0.0055,"yes",0.0220558127114118,"Up_in_ZIKV",2.25963731050576,1.6564769347308,0.4651075,0.551006524051634,"Up in ZIKV"
"SNORA40","Mock","ZIKV",40.242,151.669,1.91416,0.00555,"yes",0.0222325715810066,"Up_in_ZIKV",2.25570701687732,1.65301030073563,95.9555,6.599250835382,"Up in ZIKV"
"LOC115110","Mock","ZIKV",0.0443954,1.19746,4.75342,0.00555,"yes",0.0222325715810066,"Up_in_ZIKV",2.25570701687732,1.65301030073563,0.6209277,0.696819742195567,"Up in ZIKV"
"CCDC108","Mock","ZIKV",0.77664,0.349205,-1.15317,0.00565,"yes",0.0225529416976785,"Down_in_ZIKV",2.24795155218056,1.6467968027995,0.5629225,0.644246241781126,"Down in ZIKV"
"PVRL3-AS1","Mock","ZIKV",0.901288,0.243544,-1.8878,0.0057,"yes",0.0227162951167728,"Down_in_ZIKV",2.24412514432751,1.64366249785293,0.572416,0.652982948983531,"Down in ZIKV"
"SLC35F4","Mock","ZIKV",0.267711,0.714726,1.41672,0.0058,"yes",0.0230903145987982,"Up_in_ZIKV",2.23657200643706,1.63657014990693,0.4912185,0.576491663235664,"Up in ZIKV"
"LIMS2","Mock","ZIKV",0.706927,0.278962,-1.34149,0.00585,"yes",0.0232646980932203,"Down_in_ZIKV",2.23284413391782,1.63330257894843,0.4929445,0.578160534485824,"Down in ZIKV"
"MVP","Mock","ZIKV",2.44021,5.41799,1.15075,0.00595,"yes",0.0235915771871149,"Up_in_ZIKV",2.22548303427145,1.62724302389761,3.9291,2.30132425024035,"Up in ZIKV"
"SYCE2","Mock","ZIKV",2.45046,5.31619,1.11734,0.00605,"yes",0.0239291044776119,"Up_in_ZIKV",2.21824462534753,1.62107355411155,3.883325,2.2878637968747,"Up in ZIKV"
"HIST1H1E","Mock","ZIKV",0.52335,1.48956,1.50904,0.00655,"yes",0.0256812445604874,"Up_in_ZIKV",2.18375870000822,1.59038393338142,1.006455,1.00464880027198,"Up in ZIKV"
"ASPRV1","Mock","ZIKV",1.51901,0.68744,-1.14383,0.0069,"yes",0.0268711099585062,"Down_in_ZIKV",2.16115090926274,1.57071439389812,1.103225,1.07260319577612,"Down in ZIKV"
"LOC100507634","Mock","ZIKV",0.66214,0.295418,-1.16438,0.00705,"yes",0.027351231484671,"Down_in_ZIKV",2.1518108830086,1.56302311485316,0.478779,0.564406461208136,"Down in ZIKV"
"KCNJ5","Mock","ZIKV",0.347986,0.735741,1.08017,0.0072,"yes",0.0278516228748068,"Up_in_ZIKV",2.14266750356873,1.55514949402566,0.5418635,0.624675050214192,"Up in ZIKV"
"ATP6V1E2","Mock","ZIKV",0.750765,0.35122,-1.09599,0.00755,"yes",0.0290806686046512,"Down_in_ZIKV",2.12205304837081,1.53639561266952,0.5509925,0.633191710075507,"Down in ZIKV"
"AGXT2L2","Mock","ZIKV",9.28361,3.65544,-1.34464,0.0076,"yes",0.0292632478632479,"Down_in_ZIKV",2.11918640771921,1.53367747415029,6.469525,2.90101650246123,"Down in ZIKV"
"MMP19","Mock","ZIKV",5.41167,2.56159,-1.07904,0.0077,"yes",0.0296027479091995,"Down_in_ZIKV",2.11350927482752,1.52866797318393,3.98663,2.31806516130098,"Down in ZIKV"
"GHRL","Mock","ZIKV",0.852387,0.166263,-2.35804,0.00805,"yes",0.0307802155830929,"Down_in_ZIKV",2.09420411963213,1.51172834271702,0.509325,0.593903492016751,"Down in ZIKV"
"GNG11","Mock","ZIKV",1.68815,0.799826,-1.07768,0.00805,"yes",0.0307802155830929,"Down_in_ZIKV",2.09420411963213,1.51172834271702,1.243988,1.16606496097933,"Down in ZIKV"
"ABHD14A-ACY1","Mock","ZIKV",1.82904,3.90126,1.09286,0.00805,"yes",0.0307802155830929,"Up_in_ZIKV",2.09420411963213,1.51172834271702,2.86515,1.95052440381557,"Up in ZIKV"
"HIST2H2BF","Mock","ZIKV",1.50288,3.50502,1.22169,0.00825,"yes",0.0314594972067039,"Up_in_ZIKV",2.08354605145007,1.50224822265675,2.50395,1.80898218839037,"Up in ZIKV"
"KLRG1","Mock","ZIKV",0.84947,0.405367,-1.06733,0.0085,"yes",0.032265335355578,"Down_in_ZIKV",2.07058107428571,1.49126381661543,0.6274185,0.702585296023822,"Down in ZIKV"
"RIT2","Mock","ZIKV",0.575977,1.2742,1.14551,0.00855,"yes",0.0324223484848485,"Up_in_ZIKV",2.06803388527183,1.48915553060192,0.9250885,0.94492477078222,"Up in ZIKV"
"MGARP","Mock","ZIKV",0.296399,0.822173,1.4719,0.00895,"yes",0.033706529008527,"Up_in_ZIKV",2.04817696468409,1.47228596744509,0.559286,0.640885567509339,"Up in ZIKV"
"LOC100506274","Mock","ZIKV",1.14099,0.395278,-1.52935,0.00905,"yes",0.034037610619469,"Down_in_ZIKV",2.0433514207948,1.4680409342279,0.768134,0.822227615119483,"Down in ZIKV"
"SNORA18","Mock","ZIKV",27.5156,111.236,2.0153,0.0093,"yes",0.0348730647577826,"Up_in_ZIKV",2.03151705144606,1.45750988374232,69.3758,6.13700751207274,"Up in ZIKV"
"FLJ42875","Mock","ZIKV",3.05724,1.35381,-1.17521,0.0099,"yes",0.0368286540049546,"Down_in_ZIKV",2.00436480540245,1.43381415323042,2.205525,1.68056066039112,"Down in ZIKV"
"ICAM2","Mock","ZIKV",0.660578,0.148137,-2.1568,0.00995,"yes",0.0369963271706834,"Down_in_ZIKV",2.00217691925427,1.43184138860001,0.4043575,0.489910241784874,"Down in ZIKV"
"ANGPTL2","Mock","ZIKV",2.83852,1.10962,-1.35507,0.01005,"yes",0.0373004201680672,"Down_in_ZIKV",1.99783393824349,1.42828627608286,1.97407,1.57243860417055,"Down in ZIKV"
"TEKT1","Mock","ZIKV",0.697294,0.176746,-1.98009,0.0102,"yes",0.0378010858835143,"Down_in_ZIKV",1.99139982823808,1.42249572433091,0.43702,0.523080140918441,"Down in ZIKV"
"MYLK-AS1","Mock","ZIKV",3.48962,1.03697,-1.7507,0.0106,"yes",0.0390841381568178,"Down_in_ZIKV",1.97469413473523,1.40799946021614,2.263295,1.70632941213088,"Down in ZIKV"
"SLC10A5","Mock","ZIKV",0.276688,0.753935,1.44618,0.01065,"yes",0.0392556455571919,"Up_in_ZIKV",1.97265039222524,1.40609787629397,0.5153115,0.599614396543723,"Up in ZIKV"
"CBX3P2","Mock","ZIKV",0.841553,0.370091,-1.18517,0.01095,"yes",0.0402035452322738,"Down_in_ZIKV",1.96058588082386,1.39573564823579,0.605822,0.683311983795795,"Down in ZIKV"
"TPI1P2","Mock","ZIKV",0.652426,0.304625,-1.09878,0.01135,"yes",0.0414290633608815,"Down_in_ZIKV",1.94500413847086,1.38269488523414,0.4785255,0.564159125708014,"Down in ZIKV"
"STARD4","Mock","ZIKV",24.3047,51.9258,1.09522,0.01135,"yes",0.0414290633608815,"Up_in_ZIKV",1.94500413847086,1.38269488523414,38.11525,5.28965928068068,"Up in ZIKV"
"BRWD1-IT2","Mock","ZIKV",0.86736,0.237567,-1.8683,0.01165,"yes",0.0423388593094547,"Down_in_ZIKV",1.93367407463796,1.37326084689013,0.5524635,0.634559349612898,"Down in ZIKV"
"FLVCR1-AS1","Mock","ZIKV",1.65751,0.746835,-1.15015,0.01235,"yes",0.0445664450496636,"Down_in_ZIKV",1.90833304240432,1.35099200708253,1.2021725,1.13892748213902,"Down in ZIKV"
"C1orf189","Mock","ZIKV",1.23248,0.272864,-2.17531,0.01255,"yes",0.0452084999200384,"Down_in_ZIKV",1.90135627418294,1.34477990321251,0.752672,0.809556031323341,"Down in ZIKV"
"MSH5","Mock","ZIKV",5.71745,2.51121,-1.18699,0.0128,"yes",0.0460575079872204,"Down_in_ZIKV",1.89279003035213,1.33669956391146,4.11433,2.35454525287589,"Down in ZIKV"
"C19orf18","Mock","ZIKV",1.12701,0.377961,-1.57619,0.01305,"yes",0.0468448207171315,"Down_in_ZIKV",1.8843894883257,1.32933841882768,0.7524855,0.809402507480044,"Down in ZIKV"
"GLTPD2","Mock","ZIKV",1.16395,0.562922,-1.04802,0.01325,"yes",0.047441781910666,"Down_in_ZIKV",1.87778412172717,1.32383900726108,0.863436,0.897965270331488,"Down in ZIKV"
"BATF3","Mock","ZIKV",0.202628,0.766213,1.91891,0.0136,"yes",0.0485560310667301,"Up_in_ZIKV",1.86646109162978,1.31375681938467,0.4844205,0.569899830052765,"Up in ZIKV"
"SAPCD1","Mock","ZIKV",8.76946,2.14182,-2.03365,0.01385,"yes",0.0493547302641987,"Down_in_ZIKV",1.85855022659953,1.30667121727619,5.45564,2.69056012869379,"Down in ZIKV"
"C2orf62","Mock","ZIKV",0.664905,0.243057,-1.45185,0.01395,"yes",0.0496560919721871,"Down_in_ZIKV",1.85542579239038,1.3040274632289,0.453981,0.540008416860757,"Down in ZIKV"
