"Gene","Group_1","Group_2","Mock_expression","ZIKV_expression","log2FoldChange","pvalue","Original_significant_call","padj","Regulation"
"SIGLEC10","Mock","ZIKV",0.810017,0.0664947,-3.60664,5e-05,"yes",0.000320686218678815,"Down_in_ZIKV"
"CCNO","Mock","ZIKV",4.30137,0.53558,-3.00562,5e-05,"yes",0.000320686218678815,"Down_in_ZIKV"
"RRM2","Mock","ZIKV",34.1419,5.48555,-2.63783,5e-05,"yes",0.000320686218678815,"Down_in_ZIKV"
"SFXN2","Mock","ZIKV",5.93441,0.967533,-2.61672,5e-05,"yes",0.000320686218678815,"Down_in_ZIKV"
"COLEC12","Mock","ZIKV",0.875222,0.143901,-2.60458,5e-05,"yes",0.000320686218678815,"Down_in_ZIKV"
"CHRNA1","Mock","ZIKV",5.02148,0.846344,-2.5688,5e-05,"yes",0.000320686218678815,"Down_in_ZIKV"
"DHFR","Mock","ZIKV",53.4126,9.23853,-2.53145,5e-05,"yes",0.000320686218678815,"Down_in_ZIKV"
"MFI2","Mock","ZIKV",1.9761,0.347521,-2.50748,5e-05,"yes",0.000320686218678815,"Down_in_ZIKV"
"MAPK15","Mock","ZIKV",20.7939,3.77391,-2.46203,5e-05,"yes",0.000320686218678815,"Down_in_ZIKV"
"C21orf58","Mock","ZIKV",11.4277,2.1697,-2.39697,5e-05,"yes",0.000320686218678815,"Down_in_ZIKV"
"SPEF1","Mock","ZIKV",1.78022,0.338308,-2.39565,5e-05,"yes",0.000320686218678815,"Down_in_ZIKV"
"ATG16L2","Mock","ZIKV",5.80167,1.1441,-2.34225,5e-05,"yes",0.000320686218678815,"Down_in_ZIKV"
"LOC100134868","Mock","ZIKV",6.6332,1.34332,-2.3039,5e-05,"yes",0.000320686218678815,"Down_in_ZIKV"
"SUSD2","Mock","ZIKV",7.24014,1.48148,-2.28898,5e-05,"yes",0.000320686218678815,"Down_in_ZIKV"
"C6orf118","Mock","ZIKV",5.98062,1.23151,-2.27987,5e-05,"yes",0.000320686218678815,"Down_in_ZIKV"
"DLX6-AS1","Mock","ZIKV",3.14473,0.653523,-2.26662,5e-05,"yes",0.000320686218678815,"Down_in_ZIKV"
"ADAM28","Mock","ZIKV",0.630283,0.131671,-2.25906,5e-05,"yes",0.000320686218678815,"Down_in_ZIKV"
"C17orf72","Mock","ZIKV",1.09581,0.232334,-2.23773,5e-05,"yes",0.000320686218678815,"Down_in_ZIKV"
"NXPH2","Mock","ZIKV",1.17552,0.250823,-2.22856,5e-05,"yes",0.000320686218678815,"Down_in_ZIKV"
"AQP7P1","Mock","ZIKV",1.70333,0.364215,-2.2255,5e-05,"yes",0.000320686218678815,"Down_in_ZIKV"
"EFCAB1","Mock","ZIKV",1.66037,0.361564,-2.19918,5e-05,"yes",0.000320686218678815,"Down_in_ZIKV"
"WNT8B","Mock","ZIKV",45.952,10.0449,-2.19366,5e-05,"yes",0.000320686218678815,"Down_in_ZIKV"
"PI15","Mock","ZIKV",18.3203,4.05363,-2.17615,5e-05,"yes",0.000320686218678815,"Down_in_ZIKV"
"OTX2-AS1","Mock","ZIKV",0.858558,0.190734,-2.17035,5e-05,"yes",0.000320686218678815,"Down_in_ZIKV"
"LOC100507032","Mock","ZIKV",1.15984,0.258594,-2.16517,5e-05,"yes",0.000320686218678815,"Down_in_ZIKV"
"GINS3","Mock","ZIKV",6.46625,1.44722,-2.15965,5e-05,"yes",0.000320686218678815,"Down_in_ZIKV"
"MFGE8","Mock","ZIKV",40.2086,9.30133,-2.112,5e-05,"yes",0.000320686218678815,"Down_in_ZIKV"
"SPARCL1","Mock","ZIKV",4.20209,0.974964,-2.10768,5e-05,"yes",0.000320686218678815,"Down_in_ZIKV"
"TPBG","Mock","ZIKV",191.205,44.9644,-2.08826,5e-05,"yes",0.000320686218678815,"Down_in_ZIKV"
"SLC35G1","Mock","ZIKV",1.02038,0.240317,-2.08609,5e-05,"yes",0.000320686218678815,"Down_in_ZIKV"
"MFI2-AS1","Mock","ZIKV",6.59999,1.5699,-2.07179,5e-05,"yes",0.000320686218678815,"Down_in_ZIKV"
"VSX1","Mock","ZIKV",1.75166,0.419639,-2.0615,5e-05,"yes",0.000320686218678815,"Down_in_ZIKV"
"TTF2","Mock","ZIKV",3.9222,0.944564,-2.05394,5e-05,"yes",0.000320686218678815,"Down_in_ZIKV"
"SLC6A16","Mock","ZIKV",2.81808,0.679649,-2.05185,5e-05,"yes",0.000320686218678815,"Down_in_ZIKV"
"KCNJ2-AS1","Mock","ZIKV",1.29628,0.312764,-2.05123,5e-05,"yes",0.000320686218678815,"Down_in_ZIKV"
"ATHL1","Mock","ZIKV",8.46073,2.05377,-2.04251,5e-05,"yes",0.000320686218678815,"Down_in_ZIKV"
"EMILIN2","Mock","ZIKV",1.07357,0.267416,-2.00526,5e-05,"yes",0.000320686218678815,"Down_in_ZIKV"
"SPC24","Mock","ZIKV",9.18216,2.29269,-2.00179,5e-05,"yes",0.000320686218678815,"Down_in_ZIKV"
"ART5","Mock","ZIKV",2.36852,0.595252,-1.99241,5e-05,"yes",0.000320686218678815,"Down_in_ZIKV"
"NRGN","Mock","ZIKV",3.02313,0.765049,-1.98242,5e-05,"yes",0.000320686218678815,"Down_in_ZIKV"
"EGR3","Mock","ZIKV",13.5077,3.4285,-1.97813,5e-05,"yes",0.000320686218678815,"Down_in_ZIKV"
"PPFIA4","Mock","ZIKV",4.97917,1.26831,-1.973,5e-05,"yes",0.000320686218678815,"Down_in_ZIKV"
"SPON2","Mock","ZIKV",3.39686,0.872257,-1.96138,5e-05,"yes",0.000320686218678815,"Down_in_ZIKV"
"AQP7P3","Mock","ZIKV",11.183,2.8748,-1.95978,5e-05,"yes",0.000320686218678815,"Down_in_ZIKV"
"LOC643401","Mock","ZIKV",26.1175,6.74903,-1.95226,5e-05,"yes",0.000320686218678815,"Down_in_ZIKV"
"RDM1","Mock","ZIKV",2.02621,0.529359,-1.93647,5e-05,"yes",0.000320686218678815,"Down_in_ZIKV"
"UHRF1","Mock","ZIKV",28.7659,7.52346,-1.93489,5e-05,"yes",0.000320686218678815,"Down_in_ZIKV"
"DUSP23","Mock","ZIKV",5.3384,1.40784,-1.92293,5e-05,"yes",0.000320686218678815,"Down_in_ZIKV"
"RNASE4","Mock","ZIKV",2.06416,0.545542,-1.91979,5e-05,"yes",0.000320686218678815,"Down_in_ZIKV"
"MCM6","Mock","ZIKV",30.1178,7.96902,-1.91814,5e-05,"yes",0.000320686218678815,"Down_in_ZIKV"
"TCF19","Mock","ZIKV",6.89786,1.83752,-1.90839,5e-05,"yes",0.000320686218678815,"Down_in_ZIKV"
"GDF10","Mock","ZIKV",39.9571,10.7196,-1.8982,5e-05,"yes",0.000320686218678815,"Down_in_ZIKV"
"CEP152","Mock","ZIKV",5.53591,1.50158,-1.88234,5e-05,"yes",0.000320686218678815,"Down_in_ZIKV"
"MYLK","Mock","ZIKV",4.42557,1.20605,-1.87557,5e-05,"yes",0.000320686218678815,"Down_in_ZIKV"
"LOC100505648","Mock","ZIKV",3.88473,1.0599,-1.87389,5e-05,"yes",0.000320686218678815,"Down_in_ZIKV"
"GDPD2","Mock","ZIKV",9.03461,2.47079,-1.87049,5e-05,"yes",0.000320686218678815,"Down_in_ZIKV"
"TEK","Mock","ZIKV",0.824733,0.225733,-1.86931,5e-05,"yes",0.000320686218678815,"Down_in_ZIKV"
"SCARA3","Mock","ZIKV",4.23261,1.16408,-1.86235,5e-05,"yes",0.000320686218678815,"Down_in_ZIKV"
"PLAT","Mock","ZIKV",0.827737,0.22867,-1.8559,5e-05,"yes",0.000320686218678815,"Down_in_ZIKV"
"VTCN1","Mock","ZIKV",1.11604,0.311018,-1.84332,5e-05,"yes",0.000320686218678815,"Down_in_ZIKV"
"SLC2A4","Mock","ZIKV",1.12867,0.315695,-1.83802,5e-05,"yes",0.000320686218678815,"Down_in_ZIKV"
"CENPM","Mock","ZIKV",16.2502,4.55329,-1.83548,5e-05,"yes",0.000320686218678815,"Down_in_ZIKV"
"CCNB1","Mock","ZIKV",52.4407,14.7138,-1.83352,5e-05,"yes",0.000320686218678815,"Down_in_ZIKV"
"LOC100506233","Mock","ZIKV",11.0387,3.10358,-1.83056,5e-05,"yes",0.000320686218678815,"Down_in_ZIKV"
"CILP2","Mock","ZIKV",4.1398,1.17345,-1.8188,5e-05,"yes",0.000320686218678815,"Down_in_ZIKV"
"CD248","Mock","ZIKV",2.44054,0.692247,-1.81784,5e-05,"yes",0.000320686218678815,"Down_in_ZIKV"
"E2F2","Mock","ZIKV",4.93902,1.40491,-1.81375,5e-05,"yes",0.000320686218678815,"Down_in_ZIKV"
"PGAP3","Mock","ZIKV",8.57487,2.4523,-1.80598,5e-05,"yes",0.000320686218678815,"Down_in_ZIKV"
"WSB1","Mock","ZIKV",1510.07,432.483,-1.8039,5e-05,"yes",0.000320686218678815,"Down_in_ZIKV"
"GALNT12","Mock","ZIKV",8.16934,2.34569,-1.80021,5e-05,"yes",0.000320686218678815,"Down_in_ZIKV"
"BCL2L2-PABPN1","Mock","ZIKV",75.9843,21.9076,-1.79427,5e-05,"yes",0.000320686218678815,"Down_in_ZIKV"
"NTSR1","Mock","ZIKV",4.6173,1.33247,-1.79294,5e-05,"yes",0.000320686218678815,"Down_in_ZIKV"
"SLC44A3","Mock","ZIKV",7.93021,2.30247,-1.78418,5e-05,"yes",0.000320686218678815,"Down_in_ZIKV"
"MCM4","Mock","ZIKV",39.5149,11.4818,-1.78305,5e-05,"yes",0.000320686218678815,"Down_in_ZIKV"
"NCAPH","Mock","ZIKV",8.48194,2.46459,-1.78305,5e-05,"yes",0.000320686218678815,"Down_in_ZIKV"
"DGCR5","Mock","ZIKV",1.62268,0.479192,-1.7597,5e-05,"yes",0.000320686218678815,"Down_in_ZIKV"
"HPDL","Mock","ZIKV",1.57883,0.466784,-1.75803,5e-05,"yes",0.000320686218678815,"Down_in_ZIKV"
"MCM3","Mock","ZIKV",43.5562,12.9109,-1.75429,5e-05,"yes",0.000320686218678815,"Down_in_ZIKV"
"ASF1B","Mock","ZIKV",14.8831,4.43026,-1.74821,5e-05,"yes",0.000320686218678815,"Down_in_ZIKV"
"DDX11","Mock","ZIKV",13.1953,3.93447,-1.74578,5e-05,"yes",0.000320686218678815,"Down_in_ZIKV"
"BTBD17","Mock","ZIKV",82.6365,24.873,-1.7322,5e-05,"yes",0.000320686218678815,"Down_in_ZIKV"
"E2F1","Mock","ZIKV",26.7148,8.04177,-1.73205,5e-05,"yes",0.000320686218678815,"Down_in_ZIKV"
"SLC43A3","Mock","ZIKV",0.957012,0.28838,-1.73057,5e-05,"yes",0.000320686218678815,"Down_in_ZIKV"
"SNRPA","Mock","ZIKV",60.1597,18.1485,-1.72894,5e-05,"yes",0.000320686218678815,"Down_in_ZIKV"
"TRIM45","Mock","ZIKV",21.168,6.39741,-1.72633,5e-05,"yes",0.000320686218678815,"Down_in_ZIKV"
"LOC646168","Mock","ZIKV",2.15248,0.652233,-1.72254,5e-05,"yes",0.000320686218678815,"Down_in_ZIKV"
"PMEL","Mock","ZIKV",1.63696,0.497176,-1.71919,5e-05,"yes",0.000320686218678815,"Down_in_ZIKV"
"RAD51AP1","Mock","ZIKV",15.5002,4.70888,-1.71883,5e-05,"yes",0.000320686218678815,"Down_in_ZIKV"
"STOX1","Mock","ZIKV",1.58189,0.481453,-1.71618,5e-05,"yes",0.000320686218678815,"Down_in_ZIKV"
"PLAUR","Mock","ZIKV",3.55308,1.08439,-1.71219,5e-05,"yes",0.000320686218678815,"Down_in_ZIKV"
"GLB1L","Mock","ZIKV",5.04734,1.54473,-1.70817,5e-05,"yes",0.000320686218678815,"Down_in_ZIKV"
"GINS4","Mock","ZIKV",8.19618,2.51325,-1.7054,5e-05,"yes",0.000320686218678815,"Down_in_ZIKV"
"BRCA1","Mock","ZIKV",8.95543,2.7468,-1.70501,5e-05,"yes",0.000320686218678815,"Down_in_ZIKV"
"CTSL2","Mock","ZIKV",1.23166,0.378524,-1.70214,5e-05,"yes",0.000320686218678815,"Down_in_ZIKV"
"MBOAT1","Mock","ZIKV",1.06678,0.328264,-1.70033,5e-05,"yes",0.000320686218678815,"Down_in_ZIKV"
"CDCA3","Mock","ZIKV",20.8038,6.41614,-1.69707,5e-05,"yes",0.000320686218678815,"Down_in_ZIKV"
"ACBD7","Mock","ZIKV",15.5718,4.8042,-1.69656,5e-05,"yes",0.000320686218678815,"Down_in_ZIKV"
"FAM122B","Mock","ZIKV",14.604,4.55292,-1.6815,5e-05,"yes",0.000320686218678815,"Down_in_ZIKV"
"GINS2","Mock","ZIKV",35.1129,11.0212,-1.67172,5e-05,"yes",0.000320686218678815,"Down_in_ZIKV"
"CDC7","Mock","ZIKV",13.8347,4.34448,-1.67103,5e-05,"yes",0.000320686218678815,"Down_in_ZIKV"
"TTC32","Mock","ZIKV",9.66665,3.04575,-1.66622,5e-05,"yes",0.000320686218678815,"Down_in_ZIKV"
"IZUMO4","Mock","ZIKV",5.80232,1.83175,-1.6634,5e-05,"yes",0.000320686218678815,"Down_in_ZIKV"
"FANCD2","Mock","ZIKV",14.5566,4.59921,-1.66222,5e-05,"yes",0.000320686218678815,"Down_in_ZIKV"
"SPAG6","Mock","ZIKV",2.82268,0.895093,-1.65696,5e-05,"yes",0.000320686218678815,"Down_in_ZIKV"
"FLJ31306","Mock","ZIKV",40.0562,12.7064,-1.65647,5e-05,"yes",0.000320686218678815,"Down_in_ZIKV"
"BUB1B","Mock","ZIKV",24.1215,7.66016,-1.65487,5e-05,"yes",0.000320686218678815,"Down_in_ZIKV"
"SLC25A10","Mock","ZIKV",7.09287,2.2576,-1.65158,5e-05,"yes",0.000320686218678815,"Down_in_ZIKV"
"RAD51","Mock","ZIKV",6.07518,1.94154,-1.64573,5e-05,"yes",0.000320686218678815,"Down_in_ZIKV"
"PAQR6","Mock","ZIKV",5.98713,1.93018,-1.63313,5e-05,"yes",0.000320686218678815,"Down_in_ZIKV"
"LOC283177","Mock","ZIKV",1.76717,0.570312,-1.63161,5e-05,"yes",0.000320686218678815,"Down_in_ZIKV"
"FAM111B","Mock","ZIKV",3.64105,1.17648,-1.62988,5e-05,"yes",0.000320686218678815,"Down_in_ZIKV"
"KIAA1755","Mock","ZIKV",0.903176,0.291993,-1.62907,5e-05,"yes",0.000320686218678815,"Down_in_ZIKV"
"OIP5","Mock","ZIKV",13.4961,4.37033,-1.62673,5e-05,"yes",0.000320686218678815,"Down_in_ZIKV"
"ABHD16B","Mock","ZIKV",3.68379,1.19296,-1.62665,5e-05,"yes",0.000320686218678815,"Down_in_ZIKV"
"TRIP13","Mock","ZIKV",6.89292,2.23251,-1.62645,5e-05,"yes",0.000320686218678815,"Down_in_ZIKV"
"CCDC19","Mock","ZIKV",1.94566,0.631891,-1.62251,5e-05,"yes",0.000320686218678815,"Down_in_ZIKV"
"SAMD15","Mock","ZIKV",3.47714,1.13651,-1.61329,5e-05,"yes",0.000320686218678815,"Down_in_ZIKV"
"FLJ46906","Mock","ZIKV",5.62627,1.84234,-1.61064,5e-05,"yes",0.000320686218678815,"Down_in_ZIKV"
"LOC100506054","Mock","ZIKV",3.89588,1.27578,-1.61057,5e-05,"yes",0.000320686218678815,"Down_in_ZIKV"
"FBLN7","Mock","ZIKV",5.52888,1.81074,-1.61041,5e-05,"yes",0.000320686218678815,"Down_in_ZIKV"
"MAK","Mock","ZIKV",1.73151,0.567619,-1.60904,5e-05,"yes",0.000320686218678815,"Down_in_ZIKV"
"CDK2","Mock","ZIKV",29.9841,9.85202,-1.60571,5e-05,"yes",0.000320686218678815,"Down_in_ZIKV"
"ANKRD34B","Mock","ZIKV",3.6468,1.20396,-1.59885,5e-05,"yes",0.000320686218678815,"Down_in_ZIKV"
"ERMAP","Mock","ZIKV",3.64191,1.20272,-1.5984,5e-05,"yes",0.000320686218678815,"Down_in_ZIKV"
"PROM1","Mock","ZIKV",10.5053,3.47768,-1.59493,5e-05,"yes",0.000320686218678815,"Down_in_ZIKV"
"KCNK2","Mock","ZIKV",1.44528,0.479172,-1.59273,5e-05,"yes",0.000320686218678815,"Down_in_ZIKV"
"C1orf216","Mock","ZIKV",6.08957,2.02218,-1.59043,5e-05,"yes",0.000320686218678815,"Down_in_ZIKV"
"KIFC1","Mock","ZIKV",31.2261,10.3721,-1.59004,5e-05,"yes",0.000320686218678815,"Down_in_ZIKV"
"UNC50","Mock","ZIKV",32.2922,10.7783,-1.58306,5e-05,"yes",0.000320686218678815,"Down_in_ZIKV"
"XRCC2","Mock","ZIKV",7.97586,2.66488,-1.58157,5e-05,"yes",0.000320686218678815,"Down_in_ZIKV"
"SARS2","Mock","ZIKV",12.4423,4.15975,-1.58069,5e-05,"yes",0.000320686218678815,"Down_in_ZIKV"
"DDX12P","Mock","ZIKV",5.87183,1.97258,-1.57373,5e-05,"yes",0.000320686218678815,"Down_in_ZIKV"
"SAPCD2","Mock","ZIKV",12.393,4.16738,-1.57231,5e-05,"yes",0.000320686218678815,"Down_in_ZIKV"
"CENPK","Mock","ZIKV",18.2829,6.15754,-1.57007,5e-05,"yes",0.000320686218678815,"Down_in_ZIKV"
"IMPA2","Mock","ZIKV",10.8634,3.67679,-1.56296,5e-05,"yes",0.000320686218678815,"Down_in_ZIKV"
"RD3","Mock","ZIKV",0.994074,0.336542,-1.56257,5e-05,"yes",0.000320686218678815,"Down_in_ZIKV"
"SFRP2","Mock","ZIKV",480.639,162.786,-1.56197,5e-05,"yes",0.000320686218678815,"Down_in_ZIKV"
"COL12A1","Mock","ZIKV",0.675838,0.23036,-1.55279,5e-05,"yes",0.000320686218678815,"Down_in_ZIKV"
"EMILIN3","Mock","ZIKV",11.5136,3.92774,-1.55157,5e-05,"yes",0.000320686218678815,"Down_in_ZIKV"
"NME5","Mock","ZIKV",7.24066,2.47361,-1.5495,5e-05,"yes",0.000320686218678815,"Down_in_ZIKV"
"PIF1","Mock","ZIKV",11.9596,4.08687,-1.5491,5e-05,"yes",0.000320686218678815,"Down_in_ZIKV"
"LOC729013","Mock","ZIKV",5.28636,1.80724,-1.54848,5e-05,"yes",0.000320686218678815,"Down_in_ZIKV"
"KDELC2","Mock","ZIKV",6.88804,2.3584,-1.54628,5e-05,"yes",0.000320686218678815,"Down_in_ZIKV"
"AURKB","Mock","ZIKV",49.17,16.8746,-1.54293,5e-05,"yes",0.000320686218678815,"Down_in_ZIKV"
"SDC1","Mock","ZIKV",21.1631,7.2661,-1.5423,5e-05,"yes",0.000320686218678815,"Down_in_ZIKV"
"CLSPN","Mock","ZIKV",4.80638,1.65344,-1.53948,5e-05,"yes",0.000320686218678815,"Down_in_ZIKV"
"KIF19","Mock","ZIKV",4.31374,1.48441,-1.53905,5e-05,"yes",0.000320686218678815,"Down_in_ZIKV"
"PABPN1","Mock","ZIKV",41.6024,14.3579,-1.53482,5e-05,"yes",0.000320686218678815,"Down_in_ZIKV"
"ACYP1","Mock","ZIKV",32.2776,11.162,-1.53194,5e-05,"yes",0.000320686218678815,"Down_in_ZIKV"
"ENPP1","Mock","ZIKV",0.981995,0.340077,-1.52985,5e-05,"yes",0.000320686218678815,"Down_in_ZIKV"
"DLGAP5","Mock","ZIKV",25.8165,9.00609,-1.51932,5e-05,"yes",0.000320686218678815,"Down_in_ZIKV"
"LINC00472","Mock","ZIKV",4.84566,1.69054,-1.51921,5e-05,"yes",0.000320686218678815,"Down_in_ZIKV"
"MCM5","Mock","ZIKV",31.9678,11.1746,-1.51639,5e-05,"yes",0.000320686218678815,"Down_in_ZIKV"
"MCM2","Mock","ZIKV",46.0244,16.102,-1.51516,5e-05,"yes",0.000320686218678815,"Down_in_ZIKV"
"DSCC1","Mock","ZIKV",7.45626,2.6094,-1.51473,5e-05,"yes",0.000320686218678815,"Down_in_ZIKV"
"NID1","Mock","ZIKV",2.07787,0.72785,-1.51339,5e-05,"yes",0.000320686218678815,"Down_in_ZIKV"
"TMEM80","Mock","ZIKV",7.99078,2.80534,-1.51016,5e-05,"yes",0.000320686218678815,"Down_in_ZIKV"
"PYCRL","Mock","ZIKV",4.17166,1.46566,-1.50907,5e-05,"yes",0.000320686218678815,"Down_in_ZIKV"
"MED11","Mock","ZIKV",6.69997,2.36687,-1.50118,5e-05,"yes",0.000320686218678815,"Down_in_ZIKV"
"DTL","Mock","ZIKV",11.6342,4.11367,-1.49987,5e-05,"yes",0.000320686218678815,"Down_in_ZIKV"
"FLT4","Mock","ZIKV",0.917688,0.324838,-1.49829,5e-05,"yes",0.000320686218678815,"Down_in_ZIKV"
"ASB16-AS1","Mock","ZIKV",8.89913,3.15494,-1.49605,5e-05,"yes",0.000320686218678815,"Down_in_ZIKV"
"MMP2","Mock","ZIKV",7.22021,2.56126,-1.49519,5e-05,"yes",0.000320686218678815,"Down_in_ZIKV"
"C1QTNF6","Mock","ZIKV",7.27339,2.58231,-1.49397,5e-05,"yes",0.000320686218678815,"Down_in_ZIKV"
"HYAL1","Mock","ZIKV",1.35553,0.481698,-1.49266,5e-05,"yes",0.000320686218678815,"Down_in_ZIKV"
"GABPB1-AS1","Mock","ZIKV",12.9252,4.60228,-1.48977,5e-05,"yes",0.000320686218678815,"Down_in_ZIKV"
"WDR76","Mock","ZIKV",3.83815,1.37838,-1.47744,5e-05,"yes",0.000320686218678815,"Down_in_ZIKV"
"CYP26B1","Mock","ZIKV",9.74987,3.50148,-1.47742,5e-05,"yes",0.000320686218678815,"Down_in_ZIKV"
"FANCB","Mock","ZIKV",1.77015,0.636514,-1.47561,5e-05,"yes",0.000320686218678815,"Down_in_ZIKV"
"BIRC5","Mock","ZIKV",38.673,13.93,-1.47313,5e-05,"yes",0.000320686218678815,"Down_in_ZIKV"
"HES6","Mock","ZIKV",458.282,165.232,-1.47174,5e-05,"yes",0.000320686218678815,"Down_in_ZIKV"
"ATP1A2","Mock","ZIKV",0.705665,0.254622,-1.47062,5e-05,"yes",0.000320686218678815,"Down_in_ZIKV"
"SGOL2","Mock","ZIKV",10.4207,3.77349,-1.46548,5e-05,"yes",0.000320686218678815,"Down_in_ZIKV"
"LOC642846","Mock","ZIKV",3.36894,1.22217,-1.46285,5e-05,"yes",0.000320686218678815,"Down_in_ZIKV"
"SMIM7","Mock","ZIKV",30.4819,11.0582,-1.46284,5e-05,"yes",0.000320686218678815,"Down_in_ZIKV"
"OLFML2A","Mock","ZIKV",1.05767,0.384278,-1.46067,5e-05,"yes",0.000320686218678815,"Down_in_ZIKV"
"OLIG3","Mock","ZIKV",6.48879,2.36295,-1.45736,5e-05,"yes",0.000320686218678815,"Down_in_ZIKV"
"PSMG3-AS1","Mock","ZIKV",3.31998,1.20939,-1.4569,5e-05,"yes",0.000320686218678815,"Down_in_ZIKV"
"HYAL2","Mock","ZIKV",42.9039,15.6534,-1.45464,5e-05,"yes",0.000320686218678815,"Down_in_ZIKV"
"MKRN3","Mock","ZIKV",21.1597,7.74115,-1.4507,5e-05,"yes",0.000320686218678815,"Down_in_ZIKV"
"C10orf114","Mock","ZIKV",6.45843,2.36357,-1.45021,5e-05,"yes",0.000320686218678815,"Down_in_ZIKV"
"SLC38A4","Mock","ZIKV",2.24434,0.824021,-1.44554,5e-05,"yes",0.000320686218678815,"Down_in_ZIKV"
"ACTC1","Mock","ZIKV",4.33595,1.59555,-1.44229,5e-05,"yes",0.000320686218678815,"Down_in_ZIKV"
"OLFML2B","Mock","ZIKV",2.9443,1.08346,-1.44228,5e-05,"yes",0.000320686218678815,"Down_in_ZIKV"
"ATF6B","Mock","ZIKV",51.4517,18.9395,-1.44182,5e-05,"yes",0.000320686218678815,"Down_in_ZIKV"
"ARHGEF6","Mock","ZIKV",3.43016,1.26416,-1.44009,5e-05,"yes",0.000320686218678815,"Down_in_ZIKV"
"EMB","Mock","ZIKV",5.61677,2.07003,-1.44009,5e-05,"yes",0.000320686218678815,"Down_in_ZIKV"
"MFAP2","Mock","ZIKV",71.5649,26.4559,-1.43566,5e-05,"yes",0.000320686218678815,"Down_in_ZIKV"
"ORC6","Mock","ZIKV",25.5913,9.46072,-1.43563,5e-05,"yes",0.000320686218678815,"Down_in_ZIKV"
"SLC19A1","Mock","ZIKV",6.71354,2.48242,-1.43533,5e-05,"yes",0.000320686218678815,"Down_in_ZIKV"
"CPAMD8","Mock","ZIKV",2.07057,0.766279,-1.43408,5e-05,"yes",0.000320686218678815,"Down_in_ZIKV"
"MIS18BP1","Mock","ZIKV",11.9929,4.45353,-1.42916,5e-05,"yes",0.000320686218678815,"Down_in_ZIKV"
"TMEM194A","Mock","ZIKV",18.3202,6.80743,-1.42825,5e-05,"yes",0.000320686218678815,"Down_in_ZIKV"
"KCNAB3","Mock","ZIKV",2.01764,0.752086,-1.4237,5e-05,"yes",0.000320686218678815,"Down_in_ZIKV"
"CDCA7","Mock","ZIKV",16.0813,5.99482,-1.42359,5e-05,"yes",0.000320686218678815,"Down_in_ZIKV"
"MAPK11","Mock","ZIKV",36.4828,13.6309,-1.42034,5e-05,"yes",0.000320686218678815,"Down_in_ZIKV"
"DPY19L2","Mock","ZIKV",3.36007,1.25621,-1.41942,5e-05,"yes",0.000320686218678815,"Down_in_ZIKV"
"LOC100272228","Mock","ZIKV",7.04284,2.64307,-1.41395,5e-05,"yes",0.000320686218678815,"Down_in_ZIKV"
"ITGB5","Mock","ZIKV",13.3888,5.048,-1.40724,5e-05,"yes",0.000320686218678815,"Down_in_ZIKV"
"CENPI","Mock","ZIKV",6.12824,2.31591,-1.40389,5e-05,"yes",0.000320686218678815,"Down_in_ZIKV"
"RABL2A","Mock","ZIKV",9.71278,3.67137,-1.40357,5e-05,"yes",0.000320686218678815,"Down_in_ZIKV"
"C19orf57","Mock","ZIKV",2.42022,0.915129,-1.40309,5e-05,"yes",0.000320686218678815,"Down_in_ZIKV"
"TNFAIP8","Mock","ZIKV",2.23079,0.845925,-1.39895,5e-05,"yes",0.000320686218678815,"Down_in_ZIKV"
"KIAA0101","Mock","ZIKV",13.6888,5.19246,-1.39851,5e-05,"yes",0.000320686218678815,"Down_in_ZIKV"
"MCM10","Mock","ZIKV",9.08775,3.44719,-1.3985,5e-05,"yes",0.000320686218678815,"Down_in_ZIKV"
"RBM14","Mock","ZIKV",16.144,6.12616,-1.39794,5e-05,"yes",0.000320686218678815,"Down_in_ZIKV"
"SEPT10","Mock","ZIKV",22.5815,8.57177,-1.39748,5e-05,"yes",0.000320686218678815,"Down_in_ZIKV"
"METTL3","Mock","ZIKV",34.5605,13.135,-1.39571,5e-05,"yes",0.000320686218678815,"Down_in_ZIKV"
"IRS4","Mock","ZIKV",7.59487,2.89875,-1.38959,5e-05,"yes",0.000320686218678815,"Down_in_ZIKV"
"PLEKHH2","Mock","ZIKV",0.912058,0.348232,-1.38908,5e-05,"yes",0.000320686218678815,"Down_in_ZIKV"
"FOSB","Mock","ZIKV",134.086,51.3114,-1.38581,5e-05,"yes",0.000320686218678815,"Down_in_ZIKV"
"PIGW","Mock","ZIKV",2.82191,1.0853,-1.37857,5e-05,"yes",0.000320686218678815,"Down_in_ZIKV"
"CEMP1","Mock","ZIKV",8.49384,3.26927,-1.37745,5e-05,"yes",0.000320686218678815,"Down_in_ZIKV"
"BHLHE23","Mock","ZIKV",3.20201,1.23277,-1.37707,5e-05,"yes",0.000320686218678815,"Down_in_ZIKV"
"ARGLU1","Mock","ZIKV",173.807,67.0666,-1.37382,5e-05,"yes",0.000320686218678815,"Down_in_ZIKV"
"APOLD1","Mock","ZIKV",2.30218,0.88837,-1.37377,5e-05,"yes",0.000320686218678815,"Down_in_ZIKV"
"CDH24","Mock","ZIKV",25.8319,9.98442,-1.3714,5e-05,"yes",0.000320686218678815,"Down_in_ZIKV"
"LENG8","Mock","ZIKV",71.2716,27.557,-1.37091,5e-05,"yes",0.000320686218678815,"Down_in_ZIKV"
"IQGAP3","Mock","ZIKV",10.2495,3.96793,-1.3691,5e-05,"yes",0.000320686218678815,"Down_in_ZIKV"
"POLD1","Mock","ZIKV",18.2362,7.07088,-1.36684,5e-05,"yes",0.000320686218678815,"Down_in_ZIKV"
"OGFOD3","Mock","ZIKV",5.96806,2.32256,-1.36155,5e-05,"yes",0.000320686218678815,"Down_in_ZIKV"
"PROCA1","Mock","ZIKV",7.37259,2.87315,-1.35954,5e-05,"yes",0.000320686218678815,"Down_in_ZIKV"
"POLA2","Mock","ZIKV",11.157,4.35755,-1.35636,5e-05,"yes",0.000320686218678815,"Down_in_ZIKV"
"B3GNTL1","Mock","ZIKV",3.94546,1.54418,-1.35335,5e-05,"yes",0.000320686218678815,"Down_in_ZIKV"
"CDKN2C","Mock","ZIKV",6.63467,2.60034,-1.35133,5e-05,"yes",0.000320686218678815,"Down_in_ZIKV"
"SUZ12P1","Mock","ZIKV",27.4597,10.767,-1.3507,5e-05,"yes",0.000320686218678815,"Down_in_ZIKV"
"DNAI1","Mock","ZIKV",4.27431,1.67599,-1.35068,5e-05,"yes",0.000320686218678815,"Down_in_ZIKV"
"TRABD2B","Mock","ZIKV",1.5532,0.609365,-1.34986,5e-05,"yes",0.000320686218678815,"Down_in_ZIKV"
"TTC31","Mock","ZIKV",10.2527,4.03819,-1.34422,5e-05,"yes",0.000320686218678815,"Down_in_ZIKV"
"NUP62CL","Mock","ZIKV",4.38912,1.73332,-1.34039,5e-05,"yes",0.000320686218678815,"Down_in_ZIKV"
"PLEKHB1","Mock","ZIKV",3.52025,1.39041,-1.34017,5e-05,"yes",0.000320686218678815,"Down_in_ZIKV"
"SLC18A1","Mock","ZIKV",14.4419,5.70924,-1.33889,5e-05,"yes",0.000320686218678815,"Down_in_ZIKV"
"CAHM","Mock","ZIKV",4.99498,1.97965,-1.33524,5e-05,"yes",0.000320686218678815,"Down_in_ZIKV"
"SMIM11","Mock","ZIKV",10.6679,4.22808,-1.3352,5e-05,"yes",0.000320686218678815,"Down_in_ZIKV"
"IGFBP4","Mock","ZIKV",13.8159,5.49098,-1.33119,5e-05,"yes",0.000320686218678815,"Down_in_ZIKV"
"VWA1","Mock","ZIKV",4.46397,1.77588,-1.32979,5e-05,"yes",0.000320686218678815,"Down_in_ZIKV"
"GPC3","Mock","ZIKV",181.68,72.3287,-1.32876,5e-05,"yes",0.000320686218678815,"Down_in_ZIKV"
"TOP2A","Mock","ZIKV",90.5651,36.0761,-1.32791,5e-05,"yes",0.000320686218678815,"Down_in_ZIKV"
"USP43","Mock","ZIKV",4.42546,1.76302,-1.32777,5e-05,"yes",0.000320686218678815,"Down_in_ZIKV"
"DNA2","Mock","ZIKV",7.83487,3.12304,-1.32696,5e-05,"yes",0.000320686218678815,"Down_in_ZIKV"
"SNHG3","Mock","ZIKV",6.28345,2.50514,-1.32666,5e-05,"yes",0.000320686218678815,"Down_in_ZIKV"
"RMI2","Mock","ZIKV",15.5622,6.20946,-1.3255,5e-05,"yes",0.000320686218678815,"Down_in_ZIKV"
"SIRPA","Mock","ZIKV",2.97538,1.18804,-1.32449,5e-05,"yes",0.000320686218678815,"Down_in_ZIKV"
"ZNF732","Mock","ZIKV",1.35273,0.541134,-1.32182,5e-05,"yes",0.000320686218678815,"Down_in_ZIKV"
"ATP5S","Mock","ZIKV",7.56457,3.02638,-1.32167,5e-05,"yes",0.000320686218678815,"Down_in_ZIKV"
"HCG18","Mock","ZIKV",9.04824,3.62454,-1.31984,5e-05,"yes",0.000320686218678815,"Down_in_ZIKV"
"ADAM11","Mock","ZIKV",2.53183,1.01529,-1.31829,5e-05,"yes",0.000320686218678815,"Down_in_ZIKV"
"LOC646903","Mock","ZIKV",4.41806,1.77333,-1.31695,5e-05,"yes",0.000320686218678815,"Down_in_ZIKV"
"C1orf106","Mock","ZIKV",6.26078,2.51774,-1.31421,5e-05,"yes",0.000320686218678815,"Down_in_ZIKV"
"AHSA2","Mock","ZIKV",26.1476,10.5201,-1.31353,5e-05,"yes",0.000320686218678815,"Down_in_ZIKV"
"CTSC","Mock","ZIKV",9.00863,3.625,-1.31333,5e-05,"yes",0.000320686218678815,"Down_in_ZIKV"
"EHHADH","Mock","ZIKV",1.03987,0.419351,-1.31017,5e-05,"yes",0.000320686218678815,"Down_in_ZIKV"
"GRIN2A","Mock","ZIKV",6.04508,2.44353,-1.30679,5e-05,"yes",0.000320686218678815,"Down_in_ZIKV"
"ILF3-AS1","Mock","ZIKV",10.6739,4.31579,-1.30639,5e-05,"yes",0.000320686218678815,"Down_in_ZIKV"
"OGG1","Mock","ZIKV",12.9112,5.22125,-1.30616,5e-05,"yes",0.000320686218678815,"Down_in_ZIKV"
"TCTA","Mock","ZIKV",7.06069,2.8562,-1.30571,5e-05,"yes",0.000320686218678815,"Down_in_ZIKV"
"RCCD1","Mock","ZIKV",3.54534,1.43578,-1.30409,5e-05,"yes",0.000320686218678815,"Down_in_ZIKV"
"CD9","Mock","ZIKV",3.45071,1.39768,-1.30386,5e-05,"yes",0.000320686218678815,"Down_in_ZIKV"
"NRBP2","Mock","ZIKV",33.0747,13.3988,-1.30362,5e-05,"yes",0.000320686218678815,"Down_in_ZIKV"
"KLHDC8A","Mock","ZIKV",56.8669,23.1005,-1.29966,5e-05,"yes",0.000320686218678815,"Down_in_ZIKV"
"MMRN1","Mock","ZIKV",28.1489,11.4363,-1.29946,5e-05,"yes",0.000320686218678815,"Down_in_ZIKV"
"MFNG","Mock","ZIKV",13.4981,5.49318,-1.29704,5e-05,"yes",0.000320686218678815,"Down_in_ZIKV"
"FLJ35282","Mock","ZIKV",4.99299,2.03335,-1.29604,5e-05,"yes",0.000320686218678815,"Down_in_ZIKV"
"PSMG4","Mock","ZIKV",8.17794,3.33132,-1.29564,5e-05,"yes",0.000320686218678815,"Down_in_ZIKV"
"PIEZO2","Mock","ZIKV",1.72322,0.701977,-1.29561,5e-05,"yes",0.000320686218678815,"Down_in_ZIKV"
"CDC45","Mock","ZIKV",13.9584,5.6873,-1.29532,5e-05,"yes",0.000320686218678815,"Down_in_ZIKV"
"DKFZP434I0714","Mock","ZIKV",2.91511,1.18814,-1.29484,5e-05,"yes",0.000320686218678815,"Down_in_ZIKV"
"SMC2","Mock","ZIKV",12.644,5.15738,-1.29374,5e-05,"yes",0.000320686218678815,"Down_in_ZIKV"
"SPRYD4","Mock","ZIKV",2.59759,1.06039,-1.29257,5e-05,"yes",0.000320686218678815,"Down_in_ZIKV"
"TIMELESS","Mock","ZIKV",34.4657,14.0795,-1.29157,5e-05,"yes",0.000320686218678815,"Down_in_ZIKV"
"HILPDA","Mock","ZIKV",15.2973,6.24997,-1.29136,5e-05,"yes",0.000320686218678815,"Down_in_ZIKV"
"RFC3","Mock","ZIKV",13.1073,5.35879,-1.29039,5e-05,"yes",0.000320686218678815,"Down_in_ZIKV"
"C8orf46","Mock","ZIKV",11.5686,4.72983,-1.29036,5e-05,"yes",0.000320686218678815,"Down_in_ZIKV"
"QTRT1","Mock","ZIKV",21.1598,8.65483,-1.28975,5e-05,"yes",0.000320686218678815,"Down_in_ZIKV"
"ARMC4","Mock","ZIKV",1.44209,0.589865,-1.2897,5e-05,"yes",0.000320686218678815,"Down_in_ZIKV"
"FANCL","Mock","ZIKV",29.4916,12.0635,-1.28966,5e-05,"yes",0.000320686218678815,"Down_in_ZIKV"
"GMNN","Mock","ZIKV",27.7379,11.3584,-1.2881,5e-05,"yes",0.000320686218678815,"Down_in_ZIKV"
"ESPL1","Mock","ZIKV",9.45665,3.87495,-1.28715,5e-05,"yes",0.000320686218678815,"Down_in_ZIKV"
"CENPN","Mock","ZIKV",13.9246,5.71082,-1.28587,5e-05,"yes",0.000320686218678815,"Down_in_ZIKV"
"GINS1","Mock","ZIKV",14.3153,5.87109,-1.28586,5e-05,"yes",0.000320686218678815,"Down_in_ZIKV"
"CCBL1","Mock","ZIKV",7.81406,3.2051,-1.2857,5e-05,"yes",0.000320686218678815,"Down_in_ZIKV"
"SH2D5","Mock","ZIKV",1.97145,0.808943,-1.28515,5e-05,"yes",0.000320686218678815,"Down_in_ZIKV"
"DLL3","Mock","ZIKV",96.1273,39.4722,-1.28411,5e-05,"yes",0.000320686218678815,"Down_in_ZIKV"
"SLC9A3","Mock","ZIKV",2.60801,1.07113,-1.28381,5e-05,"yes",0.000320686218678815,"Down_in_ZIKV"
"DPM3","Mock","ZIKV",45.0623,18.5117,-1.28349,5e-05,"yes",0.000320686218678815,"Down_in_ZIKV"
"BOK","Mock","ZIKV",3.69955,1.5206,-1.28271,5e-05,"yes",0.000320686218678815,"Down_in_ZIKV"
"IL13RA1","Mock","ZIKV",4.01183,1.65241,-1.27969,5e-05,"yes",0.000320686218678815,"Down_in_ZIKV"
"LOC100131434","Mock","ZIKV",3.62773,1.4967,-1.27728,5e-05,"yes",0.000320686218678815,"Down_in_ZIKV"
"PNMA3","Mock","ZIKV",4.08809,1.68874,-1.27548,5e-05,"yes",0.000320686218678815,"Down_in_ZIKV"
"IFI27L1","Mock","ZIKV",16.3793,6.77078,-1.27448,5e-05,"yes",0.000320686218678815,"Down_in_ZIKV"
"ALDH1A1","Mock","ZIKV",1.62884,0.673515,-1.27406,5e-05,"yes",0.000320686218678815,"Down_in_ZIKV"
"CHRNB4","Mock","ZIKV",22.5705,9.35682,-1.27035,5e-05,"yes",0.000320686218678815,"Down_in_ZIKV"
"CPXM1","Mock","ZIKV",40.1174,16.6352,-1.26999,5e-05,"yes",0.000320686218678815,"Down_in_ZIKV"
"KIF20A","Mock","ZIKV",20.4341,8.48208,-1.26849,5e-05,"yes",0.000320686218678815,"Down_in_ZIKV"
"AIF1L","Mock","ZIKV",36.5615,15.2063,-1.26566,5e-05,"yes",0.000320686218678815,"Down_in_ZIKV"
"MGC45800","Mock","ZIKV",2.36966,0.985954,-1.26509,5e-05,"yes",0.000320686218678815,"Down_in_ZIKV"
"PSRC1","Mock","ZIKV",27.9852,11.6529,-1.26398,5e-05,"yes",0.000320686218678815,"Down_in_ZIKV"
"TMEM48","Mock","ZIKV",16.1024,6.70737,-1.26346,5e-05,"yes",0.000320686218678815,"Down_in_ZIKV"
"FAM107A","Mock","ZIKV",3.78685,1.57753,-1.26333,5e-05,"yes",0.000320686218678815,"Down_in_ZIKV"
"HSD17B8","Mock","ZIKV",7.71744,3.21656,-1.2626,5e-05,"yes",0.000320686218678815,"Down_in_ZIKV"
"EFCAB12","Mock","ZIKV",2.34074,0.97637,-1.26147,5e-05,"yes",0.000320686218678815,"Down_in_ZIKV"
"DARS2","Mock","ZIKV",9.84236,4.1147,-1.25822,5e-05,"yes",0.000320686218678815,"Down_in_ZIKV"
"SLC4A4","Mock","ZIKV",1.8992,0.794633,-1.25703,5e-05,"yes",0.000320686218678815,"Down_in_ZIKV"
"GTSE1","Mock","ZIKV",17.3506,7.25993,-1.25696,5e-05,"yes",0.000320686218678815,"Down_in_ZIKV"
"PAQR4","Mock","ZIKV",16.3454,6.84022,-1.25677,5e-05,"yes",0.000320686218678815,"Down_in_ZIKV"
"TIE1","Mock","ZIKV",1.07418,0.449923,-1.25549,5e-05,"yes",0.000320686218678815,"Down_in_ZIKV"
"C10orf32","Mock","ZIKV",12.4642,5.22113,-1.25536,5e-05,"yes",0.000320686218678815,"Down_in_ZIKV"
"TRIM74","Mock","ZIKV",2.80922,1.17688,-1.2552,5e-05,"yes",0.000320686218678815,"Down_in_ZIKV"
"SDC4","Mock","ZIKV",2.21793,0.930706,-1.25282,5e-05,"yes",0.000320686218678815,"Down_in_ZIKV"
"TTLL6","Mock","ZIKV",1.39502,0.586055,-1.25117,5e-05,"yes",0.000320686218678815,"Down_in_ZIKV"
"POLD3","Mock","ZIKV",13.5353,5.70749,-1.2458,5e-05,"yes",0.000320686218678815,"Down_in_ZIKV"
"ZNF589","Mock","ZIKV",11.1425,4.6987,-1.24574,5e-05,"yes",0.000320686218678815,"Down_in_ZIKV"
"ARMC3","Mock","ZIKV",1.9409,0.818868,-1.24502,5e-05,"yes",0.000320686218678815,"Down_in_ZIKV"
"EMID1","Mock","ZIKV",4.63012,1.95386,-1.24472,5e-05,"yes",0.000320686218678815,"Down_in_ZIKV"
"C5orf55","Mock","ZIKV",3.053,1.28859,-1.24444,5e-05,"yes",0.000320686218678815,"Down_in_ZIKV"
"TMEM109","Mock","ZIKV",13.9466,5.88754,-1.24418,5e-05,"yes",0.000320686218678815,"Down_in_ZIKV"
"TK1","Mock","ZIKV",15.6617,6.61271,-1.24393,5e-05,"yes",0.000320686218678815,"Down_in_ZIKV"
"DGCR9","Mock","ZIKV",2.62935,1.11031,-1.24375,5e-05,"yes",0.000320686218678815,"Down_in_ZIKV"
"GRAMD1C","Mock","ZIKV",2.11928,0.895657,-1.24256,5e-05,"yes",0.000320686218678815,"Down_in_ZIKV"
"TYMS","Mock","ZIKV",59.481,25.1547,-1.2416,5e-05,"yes",0.000320686218678815,"Down_in_ZIKV"
"KDM8","Mock","ZIKV",2.4543,1.03809,-1.24138,5e-05,"yes",0.000320686218678815,"Down_in_ZIKV"
"EGR1","Mock","ZIKV",616.45,261.459,-1.2374,5e-05,"yes",0.000320686218678815,"Down_in_ZIKV"
"LOC730101","Mock","ZIKV",12.9644,5.50236,-1.23643,5e-05,"yes",0.000320686218678815,"Down_in_ZIKV"
"DEPDC1B","Mock","ZIKV",19.265,8.18518,-1.2349,5e-05,"yes",0.000320686218678815,"Down_in_ZIKV"
"PPIF","Mock","ZIKV",14.5118,6.17052,-1.23376,5e-05,"yes",0.000320686218678815,"Down_in_ZIKV"
"LOXL2","Mock","ZIKV",17.5678,7.4706,-1.23364,5e-05,"yes",0.000320686218678815,"Down_in_ZIKV"
"ENOSF1","Mock","ZIKV",16.1599,6.87772,-1.23242,5e-05,"yes",0.000320686218678815,"Down_in_ZIKV"
"CENPF","Mock","ZIKV",48.4378,20.62,-1.23209,5e-05,"yes",0.000320686218678815,"Down_in_ZIKV"
"ZNF488","Mock","ZIKV",1.5685,0.667788,-1.23193,5e-05,"yes",0.000320686218678815,"Down_in_ZIKV"
"RCC1","Mock","ZIKV",16.4009,6.98403,-1.23164,5e-05,"yes",0.000320686218678815,"Down_in_ZIKV"
"C1orf228","Mock","ZIKV",3.79599,1.61703,-1.23113,5e-05,"yes",0.000320686218678815,"Down_in_ZIKV"
"ENTPD1","Mock","ZIKV",4.13881,1.76306,-1.23113,5e-05,"yes",0.000320686218678815,"Down_in_ZIKV"
"AKT2","Mock","ZIKV",25.5282,10.8981,-1.22801,5e-05,"yes",0.000320686218678815,"Down_in_ZIKV"
"DPY19L2P2","Mock","ZIKV",3.57975,1.52863,-1.22762,5e-05,"yes",0.000320686218678815,"Down_in_ZIKV"
"FAHD2A","Mock","ZIKV",12.6297,5.39647,-1.22673,5e-05,"yes",0.000320686218678815,"Down_in_ZIKV"
"PKMYT1","Mock","ZIKV",13.6394,5.83124,-1.2259,5e-05,"yes",0.000320686218678815,"Down_in_ZIKV"
"LOC440288","Mock","ZIKV",3.79171,1.62393,-1.22336,5e-05,"yes",0.000320686218678815,"Down_in_ZIKV"
"MAMDC4","Mock","ZIKV",6.94363,2.97406,-1.22326,5e-05,"yes",0.000320686218678815,"Down_in_ZIKV"
"ZNF587B","Mock","ZIKV",2.7654,1.18691,-1.22028,5e-05,"yes",0.000320686218678815,"Down_in_ZIKV"
"TUBB1","Mock","ZIKV",1.22902,0.529232,-1.21554,5e-05,"yes",0.000320686218678815,"Down_in_ZIKV"
"CTSF","Mock","ZIKV",15.5639,6.7037,-1.21517,5e-05,"yes",0.000320686218678815,"Down_in_ZIKV"
"MMP23B","Mock","ZIKV",3.6239,1.56116,-1.21493,5e-05,"yes",0.000320686218678815,"Down_in_ZIKV"
"MYL9","Mock","ZIKV",12.7265,5.48355,-1.21465,5e-05,"yes",0.000320686218678815,"Down_in_ZIKV"
"SCRN2","Mock","ZIKV",12.225,5.26852,-1.21436,5e-05,"yes",0.000320686218678815,"Down_in_ZIKV"
"ORC1","Mock","ZIKV",7.13011,3.07634,-1.21271,5e-05,"yes",0.000320686218678815,"Down_in_ZIKV"
"CDK1","Mock","ZIKV",55.6045,23.9927,-1.2126,5e-05,"yes",0.000320686218678815,"Down_in_ZIKV"
"GSTZ1","Mock","ZIKV",9.29256,4.01154,-1.21192,5e-05,"yes",0.000320686218678815,"Down_in_ZIKV"
"CD58","Mock","ZIKV",3.76849,1.6273,-1.21151,5e-05,"yes",0.000320686218678815,"Down_in_ZIKV"
"TMEM218","Mock","ZIKV",7.37404,3.18424,-1.21151,5e-05,"yes",0.000320686218678815,"Down_in_ZIKV"
"FANK1","Mock","ZIKV",5.43904,2.35307,-1.20881,5e-05,"yes",0.000320686218678815,"Down_in_ZIKV"
"CHAF1B","Mock","ZIKV",10.2515,4.44311,-1.20619,5e-05,"yes",0.000320686218678815,"Down_in_ZIKV"
"CHRNA5","Mock","ZIKV",7.71101,3.34208,-1.20618,5e-05,"yes",0.000320686218678815,"Down_in_ZIKV"
"LOC155060","Mock","ZIKV",1.97545,0.856628,-1.20544,5e-05,"yes",0.000320686218678815,"Down_in_ZIKV"
"PLD2","Mock","ZIKV",4.93516,2.14108,-1.20476,5e-05,"yes",0.000320686218678815,"Down_in_ZIKV"
"SSPO","Mock","ZIKV",2.40571,1.04687,-1.20037,5e-05,"yes",0.000320686218678815,"Down_in_ZIKV"
"AURKA","Mock","ZIKV",13.3004,5.79773,-1.19791,5e-05,"yes",0.000320686218678815,"Down_in_ZIKV"
"FAM66C","Mock","ZIKV",1.73186,0.755727,-1.19639,5e-05,"yes",0.000320686218678815,"Down_in_ZIKV"
"TRIL","Mock","ZIKV",6.14785,2.68658,-1.19431,5e-05,"yes",0.000320686218678815,"Down_in_ZIKV"
"EPHX2","Mock","ZIKV",5.89743,2.57895,-1.19331,5e-05,"yes",0.000320686218678815,"Down_in_ZIKV"
"CSRP2","Mock","ZIKV",107.622,47.0757,-1.19292,5e-05,"yes",0.000320686218678815,"Down_in_ZIKV"
"DNPH1","Mock","ZIKV",27.7906,12.1561,-1.19292,5e-05,"yes",0.000320686218678815,"Down_in_ZIKV"
"TRDMT1","Mock","ZIKV",4.24427,1.85747,-1.19218,5e-05,"yes",0.000320686218678815,"Down_in_ZIKV"
"TAGLN","Mock","ZIKV",59.0826,25.8724,-1.19132,5e-05,"yes",0.000320686218678815,"Down_in_ZIKV"
"ZWINT","Mock","ZIKV",35.043,15.3455,-1.19131,5e-05,"yes",0.000320686218678815,"Down_in_ZIKV"
"CHRAC1","Mock","ZIKV",8.76683,3.84772,-1.18805,5e-05,"yes",0.000320686218678815,"Down_in_ZIKV"
"TCHP","Mock","ZIKV",9.76041,4.28541,-1.18751,5e-05,"yes",0.000320686218678815,"Down_in_ZIKV"
"RBBP7","Mock","ZIKV",61.6993,27.0898,-1.1875,5e-05,"yes",0.000320686218678815,"Down_in_ZIKV"
"CDH20","Mock","ZIKV",37.1137,16.3031,-1.1868,5e-05,"yes",0.000320686218678815,"Down_in_ZIKV"
"ANXA11","Mock","ZIKV",2.2468,0.990636,-1.18145,5e-05,"yes",0.000320686218678815,"Down_in_ZIKV"
"TMPRSS5","Mock","ZIKV",2.08404,0.919604,-1.1803,5e-05,"yes",0.000320686218678815,"Down_in_ZIKV"
"GPD2","Mock","ZIKV",1.43223,0.632141,-1.17995,5e-05,"yes",0.000320686218678815,"Down_in_ZIKV"
"SNHG10","Mock","ZIKV",6.26131,2.7636,-1.17991,5e-05,"yes",0.000320686218678815,"Down_in_ZIKV"
"PRR11","Mock","ZIKV",13.1837,5.81984,-1.1797,5e-05,"yes",0.000320686218678815,"Down_in_ZIKV"
"WNT7B","Mock","ZIKV",103.534,45.7136,-1.17941,5e-05,"yes",0.000320686218678815,"Down_in_ZIKV"
"NUDT13","Mock","ZIKV",1.89449,0.836549,-1.17929,5e-05,"yes",0.000320686218678815,"Down_in_ZIKV"
"SFXN5","Mock","ZIKV",5.56782,2.45917,-1.17894,5e-05,"yes",0.000320686218678815,"Down_in_ZIKV"
"GJA1","Mock","ZIKV",42.4466,18.7478,-1.17893,5e-05,"yes",0.000320686218678815,"Down_in_ZIKV"
"C1GALT1C1","Mock","ZIKV",9.72633,4.29678,-1.17864,5e-05,"yes",0.000320686218678815,"Down_in_ZIKV"
"KEL","Mock","ZIKV",2.55719,1.13019,-1.178,5e-05,"yes",0.000320686218678815,"Down_in_ZIKV"
"KIF18B","Mock","ZIKV",12.1193,5.36124,-1.17666,5e-05,"yes",0.000320686218678815,"Down_in_ZIKV"
"ERVK13-1","Mock","ZIKV",4.3039,1.90489,-1.17594,5e-05,"yes",0.000320686218678815,"Down_in_ZIKV"
"C2CD4C","Mock","ZIKV",12.8128,5.67142,-1.17581,5e-05,"yes",0.000320686218678815,"Down_in_ZIKV"
"DHRS11","Mock","ZIKV",8.06451,3.57479,-1.17373,5e-05,"yes",0.000320686218678815,"Down_in_ZIKV"
"ASPM","Mock","ZIKV",15.8065,7.01433,-1.17214,5e-05,"yes",0.000320686218678815,"Down_in_ZIKV"
"HELLS","Mock","ZIKV",11.9011,5.29201,-1.16921,5e-05,"yes",0.000320686218678815,"Down_in_ZIKV"
"MYBL2","Mock","ZIKV",29.9232,13.3083,-1.16894,5e-05,"yes",0.000320686218678815,"Down_in_ZIKV"
"CCDC18","Mock","ZIKV",5.09029,2.26418,-1.16876,5e-05,"yes",0.000320686218678815,"Down_in_ZIKV"
"CA14","Mock","ZIKV",5.69219,2.53268,-1.16832,5e-05,"yes",0.000320686218678815,"Down_in_ZIKV"
"FGFBP3","Mock","ZIKV",204.952,91.3048,-1.16652,5e-05,"yes",0.000320686218678815,"Down_in_ZIKV"
"PDDC1","Mock","ZIKV",23.6873,10.5554,-1.16613,5e-05,"yes",0.000320686218678815,"Down_in_ZIKV"
"DBF4B","Mock","ZIKV",9.09986,4.0573,-1.16533,5e-05,"yes",0.000320686218678815,"Down_in_ZIKV"
"PFN2","Mock","ZIKV",223.66,99.7904,-1.16433,5e-05,"yes",0.000320686218678815,"Down_in_ZIKV"
"E2F8","Mock","ZIKV",2.30044,1.02727,-1.16309,5e-05,"yes",0.000320686218678815,"Down_in_ZIKV"
"EMP2","Mock","ZIKV",7.83037,3.49683,-1.16303,5e-05,"yes",0.000320686218678815,"Down_in_ZIKV"
"H2AFX","Mock","ZIKV",121.683,54.3662,-1.16234,5e-05,"yes",0.000320686218678815,"Down_in_ZIKV"
"TK2","Mock","ZIKV",4.27868,1.9124,-1.16178,5e-05,"yes",0.000320686218678815,"Down_in_ZIKV"
"B3GAT3","Mock","ZIKV",24.6687,11.0361,-1.16045,5e-05,"yes",0.000320686218678815,"Down_in_ZIKV"
"FOXM1","Mock","ZIKV",24.8844,11.1391,-1.15962,5e-05,"yes",0.000320686218678815,"Down_in_ZIKV"
"TSEN2","Mock","ZIKV",8.28943,3.72226,-1.1551,5e-05,"yes",0.000320686218678815,"Down_in_ZIKV"
"TKTL1","Mock","ZIKV",7.83277,3.52295,-1.15274,5e-05,"yes",0.000320686218678815,"Down_in_ZIKV"
"CYP27C1","Mock","ZIKV",2.22814,1.00289,-1.15167,5e-05,"yes",0.000320686218678815,"Down_in_ZIKV"
"LUC7L3","Mock","ZIKV",148.784,67.1344,-1.1481,5e-05,"yes",0.000320686218678815,"Down_in_ZIKV"
"HMGN2","Mock","ZIKV",371.216,167.523,-1.1479,5e-05,"yes",0.000320686218678815,"Down_in_ZIKV"
"LYPD6","Mock","ZIKV",3.27689,1.47913,-1.14758,5e-05,"yes",0.000320686218678815,"Down_in_ZIKV"
"FHAD1","Mock","ZIKV",1.99733,0.901914,-1.14701,5e-05,"yes",0.000320686218678815,"Down_in_ZIKV"
"MEGF6","Mock","ZIKV",12.5302,5.65887,-1.14683,5e-05,"yes",0.000320686218678815,"Down_in_ZIKV"
"GCDH","Mock","ZIKV",6.93761,3.13351,-1.14666,5e-05,"yes",0.000320686218678815,"Down_in_ZIKV"
"BTBD19","Mock","ZIKV",3.1296,1.41396,-1.14624,5e-05,"yes",0.000320686218678815,"Down_in_ZIKV"
"TMEM168","Mock","ZIKV",11.3048,5.10939,-1.14571,5e-05,"yes",0.000320686218678815,"Down_in_ZIKV"
"TRAF5","Mock","ZIKV",2.6353,1.19145,-1.14525,5e-05,"yes",0.000320686218678815,"Down_in_ZIKV"
"POLE2","Mock","ZIKV",6.93771,3.13671,-1.14521,5e-05,"yes",0.000320686218678815,"Down_in_ZIKV"
"DANCR","Mock","ZIKV",48.098,21.7476,-1.14512,5e-05,"yes",0.000320686218678815,"Down_in_ZIKV"
"ANLN","Mock","ZIKV",13.6141,6.16524,-1.14288,5e-05,"yes",0.000320686218678815,"Down_in_ZIKV"
"NUDT1","Mock","ZIKV",26.4488,11.9818,-1.14236,5e-05,"yes",0.000320686218678815,"Down_in_ZIKV"
"CHAF1A","Mock","ZIKV",17.1645,7.77785,-1.14199,5e-05,"yes",0.000320686218678815,"Down_in_ZIKV"
"PXMP2","Mock","ZIKV",18.4842,8.40631,-1.13675,5e-05,"yes",0.000320686218678815,"Down_in_ZIKV"
"H19","Mock","ZIKV",9.14327,4.15957,-1.13628,5e-05,"yes",0.000320686218678815,"Down_in_ZIKV"
"WDHD1","Mock","ZIKV",8.18176,3.72347,-1.13576,5e-05,"yes",0.000320686218678815,"Down_in_ZIKV"
"LPL","Mock","ZIKV",5.37121,2.44634,-1.13462,5e-05,"yes",0.000320686218678815,"Down_in_ZIKV"
"ZNF605","Mock","ZIKV",8.38898,3.82453,-1.13321,5e-05,"yes",0.000320686218678815,"Down_in_ZIKV"
"MKI67","Mock","ZIKV",38.6335,17.6364,-1.1313,5e-05,"yes",0.000320686218678815,"Down_in_ZIKV"
"LEPROT","Mock","ZIKV",16.1611,7.37767,-1.13129,5e-05,"yes",0.000320686218678815,"Down_in_ZIKV"
"ZNF474","Mock","ZIKV",2.90032,1.32539,-1.1298,5e-05,"yes",0.000320686218678815,"Down_in_ZIKV"
"FZD2","Mock","ZIKV",30.0716,13.7614,-1.12777,5e-05,"yes",0.000320686218678815,"Down_in_ZIKV"
"FAM210B","Mock","ZIKV",20.9906,9.61049,-1.12706,5e-05,"yes",0.000320686218678815,"Down_in_ZIKV"
"LOC284581","Mock","ZIKV",6.36444,2.91606,-1.12601,5e-05,"yes",0.000320686218678815,"Down_in_ZIKV"
"TMEM107","Mock","ZIKV",12.5021,5.72881,-1.12586,5e-05,"yes",0.000320686218678815,"Down_in_ZIKV"
"EXOSC3","Mock","ZIKV",10.455,4.79434,-1.12479,5e-05,"yes",0.000320686218678815,"Down_in_ZIKV"
"PCNA","Mock","ZIKV",117.325,53.8122,-1.1245,5e-05,"yes",0.000320686218678815,"Down_in_ZIKV"
"ZRANB2","Mock","ZIKV",64.2961,29.4905,-1.12448,5e-05,"yes",0.000320686218678815,"Down_in_ZIKV"
"NES","Mock","ZIKV",172.014,79.0011,-1.12258,5e-05,"yes",0.000320686218678815,"Down_in_ZIKV"
"TMEM91","Mock","ZIKV",13.2869,6.10526,-1.12188,5e-05,"yes",0.000320686218678815,"Down_in_ZIKV"
"ADCY3","Mock","ZIKV",12.8572,5.90912,-1.12157,5e-05,"yes",0.000320686218678815,"Down_in_ZIKV"
"BRIP1","Mock","ZIKV",4.5931,2.11157,-1.12115,5e-05,"yes",0.000320686218678815,"Down_in_ZIKV"
"HMBS","Mock","ZIKV",13.1817,6.06162,-1.12076,5e-05,"yes",0.000320686218678815,"Down_in_ZIKV"
"CDC42EP2","Mock","ZIKV",4.21953,1.94044,-1.1207,5e-05,"yes",0.000320686218678815,"Down_in_ZIKV"
"LOC100507053","Mock","ZIKV",2.65462,1.22114,-1.12028,5e-05,"yes",0.000320686218678815,"Down_in_ZIKV"
"ZDHHC8P1","Mock","ZIKV",2.83317,1.30366,-1.11985,5e-05,"yes",0.000320686218678815,"Down_in_ZIKV"
"PLK4","Mock","ZIKV",11.6827,5.37718,-1.11944,5e-05,"yes",0.000320686218678815,"Down_in_ZIKV"
"HIBCH","Mock","ZIKV",12.0907,5.5722,-1.11758,5e-05,"yes",0.000320686218678815,"Down_in_ZIKV"
"MXD3","Mock","ZIKV",24.7019,11.3958,-1.11613,5e-05,"yes",0.000320686218678815,"Down_in_ZIKV"
"LOC400927","Mock","ZIKV",14.713,6.79743,-1.11403,5e-05,"yes",0.000320686218678815,"Down_in_ZIKV"
"TMEM17","Mock","ZIKV",3.29201,1.52164,-1.11335,5e-05,"yes",0.000320686218678815,"Down_in_ZIKV"
"NOL12","Mock","ZIKV",4.7445,2.19448,-1.11238,5e-05,"yes",0.000320686218678815,"Down_in_ZIKV"
"CDPF1","Mock","ZIKV",5.52977,2.55926,-1.11149,5e-05,"yes",0.000320686218678815,"Down_in_ZIKV"
"TMEM254","Mock","ZIKV",33.1019,15.3221,-1.11131,5e-05,"yes",0.000320686218678815,"Down_in_ZIKV"
"NDRG2","Mock","ZIKV",24.3792,11.286,-1.11112,5e-05,"yes",0.000320686218678815,"Down_in_ZIKV"
"ZNF781","Mock","ZIKV",2.38577,1.10465,-1.11087,5e-05,"yes",0.000320686218678815,"Down_in_ZIKV"
"FOS","Mock","ZIKV",770.023,356.613,-1.11054,5e-05,"yes",0.000320686218678815,"Down_in_ZIKV"
"CDC20","Mock","ZIKV",75.6677,35.0897,-1.10863,5e-05,"yes",0.000320686218678815,"Down_in_ZIKV"
"HMGN3","Mock","ZIKV",130.101,60.3344,-1.10858,5e-05,"yes",0.000320686218678815,"Down_in_ZIKV"
"TUBB4B","Mock","ZIKV",193.337,89.6756,-1.10833,5e-05,"yes",0.000320686218678815,"Down_in_ZIKV"
"CCNB2","Mock","ZIKV",59.0539,27.4097,-1.10735,5e-05,"yes",0.000320686218678815,"Down_in_ZIKV"
"NCAPD2","Mock","ZIKV",42.2072,19.6012,-1.10654,5e-05,"yes",0.000320686218678815,"Down_in_ZIKV"
"PTN","Mock","ZIKV",340.021,158.106,-1.10474,5e-05,"yes",0.000320686218678815,"Down_in_ZIKV"
"RNASEH2A","Mock","ZIKV",37.1538,17.2795,-1.10445,5e-05,"yes",0.000320686218678815,"Down_in_ZIKV"
"POP5","Mock","ZIKV",21.0213,9.78556,-1.10313,5e-05,"yes",0.000320686218678815,"Down_in_ZIKV"
"TROAP","Mock","ZIKV",24.4202,11.3767,-1.10199,5e-05,"yes",0.000320686218678815,"Down_in_ZIKV"
"DLL4","Mock","ZIKV",2.84379,1.32621,-1.10051,5e-05,"yes",0.000320686218678815,"Down_in_ZIKV"
"SRD5A3","Mock","ZIKV",1.81059,0.844729,-1.0999,5e-05,"yes",0.000320686218678815,"Down_in_ZIKV"
"ADAMTS8","Mock","ZIKV",1.03491,0.482846,-1.09988,5e-05,"yes",0.000320686218678815,"Down_in_ZIKV"
"TEX9","Mock","ZIKV",14.4897,6.76079,-1.09977,5e-05,"yes",0.000320686218678815,"Down_in_ZIKV"
"TPM1","Mock","ZIKV",77.4198,36.1421,-1.09902,5e-05,"yes",0.000320686218678815,"Down_in_ZIKV"
"LOC729683","Mock","ZIKV",5.17886,2.41782,-1.09893,5e-05,"yes",0.000320686218678815,"Down_in_ZIKV"
"EFEMP1","Mock","ZIKV",3.84499,1.79602,-1.09818,5e-05,"yes",0.000320686218678815,"Down_in_ZIKV"
"COBL","Mock","ZIKV",3.25255,1.51962,-1.09787,5e-05,"yes",0.000320686218678815,"Down_in_ZIKV"
"C5","Mock","ZIKV",2.86913,1.34123,-1.09706,5e-05,"yes",0.000320686218678815,"Down_in_ZIKV"
"CTGF","Mock","ZIKV",318.659,149.033,-1.09638,5e-05,"yes",0.000320686218678815,"Down_in_ZIKV"
"PRSS23","Mock","ZIKV",75.5884,35.3892,-1.09485,5e-05,"yes",0.000320686218678815,"Down_in_ZIKV"
"CASC5","Mock","ZIKV",6.74773,3.16122,-1.09392,5e-05,"yes",0.000320686218678815,"Down_in_ZIKV"
"TTC14","Mock","ZIKV",24.7165,11.5823,-1.09355,5e-05,"yes",0.000320686218678815,"Down_in_ZIKV"
"LY6E","Mock","ZIKV",13.4329,6.29657,-1.09313,5e-05,"yes",0.000320686218678815,"Down_in_ZIKV"
"KAT2A","Mock","ZIKV",21.9143,10.2807,-1.09193,5e-05,"yes",0.000320686218678815,"Down_in_ZIKV"
"LOC100506123","Mock","ZIKV",7.55615,3.5486,-1.0904,5e-05,"yes",0.000320686218678815,"Down_in_ZIKV"
"IFT81","Mock","ZIKV",40.4733,19.0284,-1.08882,5e-05,"yes",0.000320686218678815,"Down_in_ZIKV"
"JRK","Mock","ZIKV",9.07228,4.26673,-1.08833,5e-05,"yes",0.000320686218678815,"Down_in_ZIKV"
"PBK","Mock","ZIKV",26.6053,12.5322,-1.08607,5e-05,"yes",0.000320686218678815,"Down_in_ZIKV"
"FOXN4","Mock","ZIKV",5.31267,2.50288,-1.08584,5e-05,"yes",0.000320686218678815,"Down_in_ZIKV"
"DCAF16","Mock","ZIKV",18.0094,8.49112,-1.08472,5e-05,"yes",0.000320686218678815,"Down_in_ZIKV"
"EXTL2","Mock","ZIKV",48.3411,22.7952,-1.08452,5e-05,"yes",0.000320686218678815,"Down_in_ZIKV"
"MLF1IP","Mock","ZIKV",24.1568,11.3958,-1.08392,5e-05,"yes",0.000320686218678815,"Down_in_ZIKV"
"EGR2","Mock","ZIKV",18.535,8.75263,-1.08246,5e-05,"yes",0.000320686218678815,"Down_in_ZIKV"
"PACSIN3","Mock","ZIKV",4.66114,2.20213,-1.08178,5e-05,"yes",0.000320686218678815,"Down_in_ZIKV"
"PAICS","Mock","ZIKV",104.068,49.2487,-1.07937,5e-05,"yes",0.000320686218678815,"Down_in_ZIKV"
"C4orf3","Mock","ZIKV",24.1919,11.4503,-1.07914,5e-05,"yes",0.000320686218678815,"Down_in_ZIKV"
"CENPH","Mock","ZIKV",40.8143,19.3194,-1.07902,5e-05,"yes",0.000320686218678815,"Down_in_ZIKV"
"ASIC1","Mock","ZIKV",11.6373,5.50977,-1.0787,5e-05,"yes",0.000320686218678815,"Down_in_ZIKV"
"SSTR2","Mock","ZIKV",8.69994,4.12193,-1.07768,5e-05,"yes",0.000320686218678815,"Down_in_ZIKV"
"UBE2C","Mock","ZIKV",95.1669,45.0956,-1.07747,5e-05,"yes",0.000320686218678815,"Down_in_ZIKV"
"MOGS","Mock","ZIKV",22.1114,10.4829,-1.07675,5e-05,"yes",0.000320686218678815,"Down_in_ZIKV"
"CLN6","Mock","ZIKV",13.6259,6.46456,-1.07573,5e-05,"yes",0.000320686218678815,"Down_in_ZIKV"
"RGS5","Mock","ZIKV",6.47985,3.07568,-1.07505,5e-05,"yes",0.000320686218678815,"Down_in_ZIKV"
"GEN1","Mock","ZIKV",7.68777,3.65264,-1.07363,5e-05,"yes",0.000320686218678815,"Down_in_ZIKV"
"NME4","Mock","ZIKV",140.655,66.8436,-1.0733,5e-05,"yes",0.000320686218678815,"Down_in_ZIKV"
"DEPDC1","Mock","ZIKV",6.39212,3.03985,-1.0723,5e-05,"yes",0.000320686218678815,"Down_in_ZIKV"
"CREG1","Mock","ZIKV",9.11771,4.33658,-1.07212,5e-05,"yes",0.000320686218678815,"Down_in_ZIKV"
"MTAP","Mock","ZIKV",6.62622,3.15177,-1.07202,5e-05,"yes",0.000320686218678815,"Down_in_ZIKV"
"CD82","Mock","ZIKV",17.4792,8.31978,-1.07102,5e-05,"yes",0.000320686218678815,"Down_in_ZIKV"
"TSPAN19","Mock","ZIKV",5.98767,2.85022,-1.07092,5e-05,"yes",0.000320686218678815,"Down_in_ZIKV"
"AMT","Mock","ZIKV",5.81453,2.76786,-1.07089,5e-05,"yes",0.000320686218678815,"Down_in_ZIKV"
"SKA3","Mock","ZIKV",7.0218,3.34461,-1.07,5e-05,"yes",0.000320686218678815,"Down_in_ZIKV"
"IGFBP5","Mock","ZIKV",3.74332,1.78578,-1.06777,5e-05,"yes",0.000320686218678815,"Down_in_ZIKV"
"FAM64A","Mock","ZIKV",37.1955,17.7492,-1.06738,5e-05,"yes",0.000320686218678815,"Down_in_ZIKV"
"UBXN8","Mock","ZIKV",4.02126,1.9194,-1.06699,5e-05,"yes",0.000320686218678815,"Down_in_ZIKV"
"PBXIP1","Mock","ZIKV",23.5463,11.2422,-1.06658,5e-05,"yes",0.000320686218678815,"Down_in_ZIKV"
"KIF4A","Mock","ZIKV",17.6742,8.4415,-1.06608,5e-05,"yes",0.000320686218678815,"Down_in_ZIKV"
"CCDC80","Mock","ZIKV",1.72518,0.825017,-1.06425,5e-05,"yes",0.000320686218678815,"Down_in_ZIKV"
"SMOC1","Mock","ZIKV",7.46321,3.56917,-1.06421,5e-05,"yes",0.000320686218678815,"Down_in_ZIKV"
"LOC100131564","Mock","ZIKV",7.8222,3.74179,-1.06384,5e-05,"yes",0.000320686218678815,"Down_in_ZIKV"
"MIR210HG","Mock","ZIKV",2.14886,1.02847,-1.06308,5e-05,"yes",0.000320686218678815,"Down_in_ZIKV"
"PPCDC","Mock","ZIKV",1.76713,0.846039,-1.06261,5e-05,"yes",0.000320686218678815,"Down_in_ZIKV"
"C17orf53","Mock","ZIKV",3.7802,1.81008,-1.06241,5e-05,"yes",0.000320686218678815,"Down_in_ZIKV"
"ADCY6","Mock","ZIKV",23.702,11.358,-1.06129,5e-05,"yes",0.000320686218678815,"Down_in_ZIKV"
"TUBA1B","Mock","ZIKV",671.683,321.95,-1.06094,5e-05,"yes",0.000320686218678815,"Down_in_ZIKV"
"ARSA","Mock","ZIKV",5.06977,2.43073,-1.06053,5e-05,"yes",0.000320686218678815,"Down_in_ZIKV"
"KLHDC9","Mock","ZIKV",7.87249,3.77685,-1.05964,5e-05,"yes",0.000320686218678815,"Down_in_ZIKV"
"TMED1","Mock","ZIKV",16.8843,8.10321,-1.05912,5e-05,"yes",0.000320686218678815,"Down_in_ZIKV"
"LOC338799","Mock","ZIKV",15.2015,7.30265,-1.05772,5e-05,"yes",0.000320686218678815,"Down_in_ZIKV"
"MURC","Mock","ZIKV",9.21208,4.42553,-1.05768,5e-05,"yes",0.000320686218678815,"Down_in_ZIKV"
"CKLF","Mock","ZIKV",11.4436,5.49796,-1.05757,5e-05,"yes",0.000320686218678815,"Down_in_ZIKV"
"MZF1","Mock","ZIKV",20.3329,9.76993,-1.0574,5e-05,"yes",0.000320686218678815,"Down_in_ZIKV"
"CKS1B","Mock","ZIKV",100.207,48.1523,-1.0573,5e-05,"yes",0.000320686218678815,"Down_in_ZIKV"
"CSGALNACT1","Mock","ZIKV",5.65008,2.71591,-1.05684,5e-05,"yes",0.000320686218678815,"Down_in_ZIKV"
"LRRC8A","Mock","ZIKV",23.0242,11.0755,-1.05578,5e-05,"yes",0.000320686218678815,"Down_in_ZIKV"
"PDLIM1","Mock","ZIKV",4.93366,2.37387,-1.05542,5e-05,"yes",0.000320686218678815,"Down_in_ZIKV"
"HEPH","Mock","ZIKV",11.0181,5.302,-1.05526,5e-05,"yes",0.000320686218678815,"Down_in_ZIKV"
"NSMCE4A","Mock","ZIKV",30.0772,14.4764,-1.05497,5e-05,"yes",0.000320686218678815,"Down_in_ZIKV"
"LOC100505876","Mock","ZIKV",13.597,6.55195,-1.05329,5e-05,"yes",0.000320686218678815,"Down_in_ZIKV"
"FANCI","Mock","ZIKV",23.4415,11.305,-1.05211,5e-05,"yes",0.000320686218678815,"Down_in_ZIKV"
"SRSF5","Mock","ZIKV",240.564,116.025,-1.05198,5e-05,"yes",0.000320686218678815,"Down_in_ZIKV"
"CHRDL1","Mock","ZIKV",3.21054,1.54941,-1.05109,5e-05,"yes",0.000320686218678815,"Down_in_ZIKV"
"E2F3","Mock","ZIKV",9.06759,4.37673,-1.05086,5e-05,"yes",0.000320686218678815,"Down_in_ZIKV"
"PGBD2","Mock","ZIKV",3.4837,1.68215,-1.05032,5e-05,"yes",0.000320686218678815,"Down_in_ZIKV"
"CCDC14","Mock","ZIKV",58.793,28.3966,-1.04992,5e-05,"yes",0.000320686218678815,"Down_in_ZIKV"
"TICRR","Mock","ZIKV",5.33835,2.57887,-1.04966,5e-05,"yes",0.000320686218678815,"Down_in_ZIKV"
"AMDHD2","Mock","ZIKV",5.51021,2.66336,-1.04886,5e-05,"yes",0.000320686218678815,"Down_in_ZIKV"
"ARV1","Mock","ZIKV",11.0852,5.35823,-1.04881,5e-05,"yes",0.000320686218678815,"Down_in_ZIKV"
"KIF23","Mock","ZIKV",16.9531,8.19495,-1.04874,5e-05,"yes",0.000320686218678815,"Down_in_ZIKV"
"RRM1","Mock","ZIKV",46.8632,22.6551,-1.04862,5e-05,"yes",0.000320686218678815,"Down_in_ZIKV"
"C18orf54","Mock","ZIKV",6.9304,3.35625,-1.04609,5e-05,"yes",0.000320686218678815,"Down_in_ZIKV"
"RBL1","Mock","ZIKV",4.03641,1.95725,-1.04424,5e-05,"yes",0.000320686218678815,"Down_in_ZIKV"
"CASP6","Mock","ZIKV",6.91115,3.3544,-1.04287,5e-05,"yes",0.000320686218678815,"Down_in_ZIKV"
"RBM12","Mock","ZIKV",31.5387,15.308,-1.04283,5e-05,"yes",0.000320686218678815,"Down_in_ZIKV"
"KIF15","Mock","ZIKV",15.4846,7.51703,-1.0426,5e-05,"yes",0.000320686218678815,"Down_in_ZIKV"
"GFRA1","Mock","ZIKV",29.3986,14.272,-1.04256,5e-05,"yes",0.000320686218678815,"Down_in_ZIKV"
"ADAMTS15","Mock","ZIKV",3.31198,1.61125,-1.03952,5e-05,"yes",0.000320686218678815,"Down_in_ZIKV"
"CENPA","Mock","ZIKV",11.6756,5.69242,-1.03638,5e-05,"yes",0.000320686218678815,"Down_in_ZIKV"
"PARPBP","Mock","ZIKV",4.0855,1.99502,-1.03411,5e-05,"yes",0.000320686218678815,"Down_in_ZIKV"
"LOC202781","Mock","ZIKV",5.45045,2.66201,-1.03386,5e-05,"yes",0.000320686218678815,"Down_in_ZIKV"
"C16orf59","Mock","ZIKV",9.54524,4.66585,-1.03264,5e-05,"yes",0.000320686218678815,"Down_in_ZIKV"
"LIX1","Mock","ZIKV",35.4382,17.338,-1.03137,5e-05,"yes",0.000320686218678815,"Down_in_ZIKV"
"SECISBP2","Mock","ZIKV",38.3301,18.7551,-1.0312,5e-05,"yes",0.000320686218678815,"Down_in_ZIKV"
"CENPO","Mock","ZIKV",10.5712,5.17952,-1.02925,5e-05,"yes",0.000320686218678815,"Down_in_ZIKV"
"MAFG-AS1","Mock","ZIKV",4.96304,2.43309,-1.02843,5e-05,"yes",0.000320686218678815,"Down_in_ZIKV"
"PTGR2","Mock","ZIKV",6.36701,3.1238,-1.02731,5e-05,"yes",0.000320686218678815,"Down_in_ZIKV"
"MIAT","Mock","ZIKV",286.183,140.497,-1.0264,5e-05,"yes",0.000320686218678815,"Down_in_ZIKV"
"ANKRD45","Mock","ZIKV",5.81098,2.85639,-1.02459,5e-05,"yes",0.000320686218678815,"Down_in_ZIKV"
"MAT2A","Mock","ZIKV",105.801,52.0109,-1.02447,5e-05,"yes",0.000320686218678815,"Down_in_ZIKV"
"PNISR","Mock","ZIKV",133.419,65.6012,-1.02418,5e-05,"yes",0.000320686218678815,"Down_in_ZIKV"
"CTTN","Mock","ZIKV",50.1566,24.6765,-1.0233,5e-05,"yes",0.000320686218678815,"Down_in_ZIKV"
"CHRNA3","Mock","ZIKV",29.7045,14.6275,-1.022,5e-05,"yes",0.000320686218678815,"Down_in_ZIKV"
"TRIOBP","Mock","ZIKV",14.8388,7.31515,-1.02042,5e-05,"yes",0.000320686218678815,"Down_in_ZIKV"
"SUMF1","Mock","ZIKV",3.82927,1.88794,-1.02026,5e-05,"yes",0.000320686218678815,"Down_in_ZIKV"
"ZNF169","Mock","ZIKV",1.14324,0.56377,-1.01995,5e-05,"yes",0.000320686218678815,"Down_in_ZIKV"
"CYB5RL","Mock","ZIKV",2.48569,1.22623,-1.01941,5e-05,"yes",0.000320686218678815,"Down_in_ZIKV"
"MNF1","Mock","ZIKV",22.2672,10.9968,-1.01783,5e-05,"yes",0.000320686218678815,"Down_in_ZIKV"
"PTX3","Mock","ZIKV",50.7893,25.1138,-1.01604,5e-05,"yes",0.000320686218678815,"Down_in_ZIKV"
"CKAP2","Mock","ZIKV",37.2783,18.4404,-1.01547,5e-05,"yes",0.000320686218678815,"Down_in_ZIKV"
"EFHC1","Mock","ZIKV",14.6595,7.25282,-1.01522,5e-05,"yes",0.000320686218678815,"Down_in_ZIKV"
"RABL3","Mock","ZIKV",7.36202,3.64545,-1.01401,5e-05,"yes",0.000320686218678815,"Down_in_ZIKV"
"COL4A1","Mock","ZIKV",9.14445,4.53012,-1.01335,5e-05,"yes",0.000320686218678815,"Down_in_ZIKV"
"CBR4","Mock","ZIKV",14.9738,7.42117,-1.01272,5e-05,"yes",0.000320686218678815,"Down_in_ZIKV"
"VSTM4","Mock","ZIKV",2.06223,1.02208,-1.0127,5e-05,"yes",0.000320686218678815,"Down_in_ZIKV"
"KANK2","Mock","ZIKV",3.06656,1.52178,-1.01087,5e-05,"yes",0.000320686218678815,"Down_in_ZIKV"
"EBF2","Mock","ZIKV",12.0894,6.00405,-1.00973,5e-05,"yes",0.000320686218678815,"Down_in_ZIKV"
"KIF11","Mock","ZIKV",21.9079,10.8845,-1.00917,5e-05,"yes",0.000320686218678815,"Down_in_ZIKV"
"C19orf48","Mock","ZIKV",32.9071,16.3761,-1.00681,5e-05,"yes",0.000320686218678815,"Down_in_ZIKV"
"SMC4","Mock","ZIKV",58.6823,29.2151,-1.00621,5e-05,"yes",0.000320686218678815,"Down_in_ZIKV"
"TEFM","Mock","ZIKV",6.13857,3.05646,-1.00604,5e-05,"yes",0.000320686218678815,"Down_in_ZIKV"
"ABCC4","Mock","ZIKV",5.01193,2.49576,-1.00589,5e-05,"yes",0.000320686218678815,"Down_in_ZIKV"
"TPX2","Mock","ZIKV",52.1717,25.984,-1.00564,5e-05,"yes",0.000320686218678815,"Down_in_ZIKV"
"PTGIS","Mock","ZIKV",4.37476,2.1796,-1.00514,5e-05,"yes",0.000320686218678815,"Down_in_ZIKV"
"ELP6","Mock","ZIKV",19.4536,9.70207,-1.00367,5e-05,"yes",0.000320686218678815,"Down_in_ZIKV"
"NUSAP1","Mock","ZIKV",70.3669,35.1085,-1.00308,5e-05,"yes",0.000320686218678815,"Down_in_ZIKV"
"NT5DC3","Mock","ZIKV",3.93027,1.96124,-1.00286,5e-05,"yes",0.000320686218678815,"Down_in_ZIKV"
"ZNF782","Mock","ZIKV",1.7455,0.87119,-1.00258,5e-05,"yes",0.000320686218678815,"Down_in_ZIKV"
"COA4","Mock","ZIKV",23.0254,11.4994,-1.00167,5e-05,"yes",0.000320686218678815,"Down_in_ZIKV"
"NEURL1B","Mock","ZIKV",6.48021,3.23946,-1.00029,5e-05,"yes",0.000320686218678815,"Down_in_ZIKV"
"CYBA","Mock","ZIKV",10.2117,5.10592,-0.99998,5e-05,"yes",0.000320686218678815,"Not_significant"
"TMSB4Y","Mock","ZIKV",3.65472,1.82739,-0.999974,5e-05,"yes",0.000320686218678815,"Not_significant"
"BTD","Mock","ZIKV",2.361,1.18265,-0.997367,5e-05,"yes",0.000320686218678815,"Not_significant"
"TRPC3","Mock","ZIKV",2.11537,1.05987,-0.997027,5e-05,"yes",0.000320686218678815,"Not_significant"
"TTK","Mock","ZIKV",13.6107,6.82149,-0.996587,5e-05,"yes",0.000320686218678815,"Not_significant"
"LTBP1","Mock","ZIKV",16.3922,8.22148,-0.995543,5e-05,"yes",0.000320686218678815,"Not_significant"
"C9orf156","Mock","ZIKV",3.4505,1.73133,-0.994922,5e-05,"yes",0.000320686218678815,"Not_significant"
"FAM173B","Mock","ZIKV",5.88876,2.95573,-0.994448,5e-05,"yes",0.000320686218678815,"Not_significant"
"HLCS","Mock","ZIKV",4.45643,2.23956,-0.992675,5e-05,"yes",0.000320686218678815,"Not_significant"
"HSPB11","Mock","ZIKV",30.1192,15.1499,-0.991381,5e-05,"yes",0.000320686218678815,"Not_significant"
"MTHFD1","Mock","ZIKV",14.3327,7.21014,-0.991208,5e-05,"yes",0.000320686218678815,"Not_significant"
"STRIP2","Mock","ZIKV",3.04737,1.53423,-0.990055,5e-05,"yes",0.000320686218678815,"Not_significant"
"C12orf76","Mock","ZIKV",9.60342,4.84662,-0.986569,5e-05,"yes",0.000320686218678815,"Not_significant"
"EYA2","Mock","ZIKV",12.4122,6.26532,-0.986293,5e-05,"yes",0.000320686218678815,"Not_significant"
"POMGNT1","Mock","ZIKV",38.9695,19.6767,-0.985855,5e-05,"yes",0.000320686218678815,"Not_significant"
"KLF4","Mock","ZIKV",20.3409,10.272,-0.985667,5e-05,"yes",0.000320686218678815,"Not_significant"
"TMEM51","Mock","ZIKV",9.81851,4.95897,-0.985462,5e-05,"yes",0.000320686218678815,"Not_significant"
"ARMC6","Mock","ZIKV",14.0631,7.10301,-0.985409,5e-05,"yes",0.000320686218678815,"Not_significant"
"FGFRL1","Mock","ZIKV",34.7735,17.5827,-0.983829,5e-05,"yes",0.000320686218678815,"Not_significant"
"LOC100132352","Mock","ZIKV",5.13779,2.59813,-0.983674,5e-05,"yes",0.000320686218678815,"Not_significant"
"ENGASE","Mock","ZIKV",9.5766,4.84295,-0.983627,5e-05,"yes",0.000320686218678815,"Not_significant"
"THBS2","Mock","ZIKV",13.9747,7.07053,-0.982921,5e-05,"yes",0.000320686218678815,"Not_significant"
"PKI55","Mock","ZIKV",11.7432,5.94249,-0.982689,5e-05,"yes",0.000320686218678815,"Not_significant"
"CCDC150","Mock","ZIKV",4.89523,2.47731,-0.982601,5e-05,"yes",0.000320686218678815,"Not_significant"
"SPOCK1","Mock","ZIKV",7.29368,3.69542,-0.980911,5e-05,"yes",0.000320686218678815,"Not_significant"
"DHRS1","Mock","ZIKV",9.17867,4.65181,-0.980493,5e-05,"yes",0.000320686218678815,"Not_significant"
"SH2B1","Mock","ZIKV",22.436,11.3758,-0.979852,5e-05,"yes",0.000320686218678815,"Not_significant"
"ADAMTS18","Mock","ZIKV",2.31803,1.17554,-0.979574,5e-05,"yes",0.000320686218678815,"Not_significant"
"C1orf85","Mock","ZIKV",6.20585,3.15691,-0.975119,5e-05,"yes",0.000320686218678815,"Not_significant"
"CCDC173","Mock","ZIKV",4.02472,2.04822,-0.974518,5e-05,"yes",0.000320686218678815,"Not_significant"
"OAF","Mock","ZIKV",5.49477,2.7964,-0.974492,5e-05,"yes",0.000320686218678815,"Not_significant"
"IRAK1BP1","Mock","ZIKV",6.82068,3.47201,-0.974142,5e-05,"yes",0.000320686218678815,"Not_significant"
"RPA3","Mock","ZIKV",9.18575,4.67991,-0.972916,5e-05,"yes",0.000320686218678815,"Not_significant"
"GLYCTK","Mock","ZIKV",11.3843,5.80566,-0.971515,5e-05,"yes",0.000320686218678815,"Not_significant"
"FAM83H","Mock","ZIKV",1.35375,0.690394,-0.971469,5e-05,"yes",0.000320686218678815,"Not_significant"
"MPV17","Mock","ZIKV",29.4569,15.034,-0.970373,5e-05,"yes",0.000320686218678815,"Not_significant"
"CPPED1","Mock","ZIKV",0.956963,0.488586,-0.96985,5e-05,"yes",0.000320686218678815,"Not_significant"
"SLC45A3","Mock","ZIKV",7.41618,3.78695,-0.969638,5e-05,"yes",0.000320686218678815,"Not_significant"
"NFATC4","Mock","ZIKV",15.5301,7.93299,-0.969131,5e-05,"yes",0.000320686218678815,"Not_significant"
"CCNE1","Mock","ZIKV",3.15124,1.61153,-0.967493,5e-05,"yes",0.000320686218678815,"Not_significant"
"SEC31B","Mock","ZIKV",13.0541,6.67626,-0.967385,5e-05,"yes",0.000320686218678815,"Not_significant"
"LOXL1","Mock","ZIKV",9.75237,4.98911,-0.966971,5e-05,"yes",0.000320686218678815,"Not_significant"
"SIM1","Mock","ZIKV",2.03672,1.04228,-0.966501,5e-05,"yes",0.000320686218678815,"Not_significant"
"LRRC37A4P","Mock","ZIKV",9.00743,4.61419,-0.965037,5e-05,"yes",0.000320686218678815,"Not_significant"
"SOX1","Mock","ZIKV",35.7254,18.3009,-0.965034,5e-05,"yes",0.000320686218678815,"Not_significant"
"NPTX1","Mock","ZIKV",3.84325,1.96912,-0.964778,5e-05,"yes",0.000320686218678815,"Not_significant"
"MLLT4-AS1","Mock","ZIKV",15.0673,7.72631,-0.963574,5e-05,"yes",0.000320686218678815,"Not_significant"
"OLFM3","Mock","ZIKV",11.5306,5.9162,-0.96273,5e-05,"yes",0.000320686218678815,"Not_significant"
"TRAIP","Mock","ZIKV",7.51466,3.8568,-0.962304,5e-05,"yes",0.000320686218678815,"Not_significant"
"PRPS2","Mock","ZIKV",9.04719,4.64959,-0.960365,5e-05,"yes",0.000320686218678815,"Not_significant"
"ZNF367","Mock","ZIKV",6.55323,3.37024,-0.959356,5e-05,"yes",0.000320686218678815,"Not_significant"
"PIGN","Mock","ZIKV",5.71578,2.94273,-0.957795,5e-05,"yes",0.000320686218678815,"Not_significant"
"LINC00526","Mock","ZIKV",4.27179,2.20093,-0.956726,5e-05,"yes",0.000320686218678815,"Not_significant"
"CRISPLD1","Mock","ZIKV",25.8177,13.3116,-0.95567,5e-05,"yes",0.000320686218678815,"Not_significant"
"UBXN11","Mock","ZIKV",22.4707,11.5869,-0.955549,5e-05,"yes",0.000320686218678815,"Not_significant"
"TMUB2","Mock","ZIKV",23.2704,12.0179,-0.953307,5e-05,"yes",0.000320686218678815,"Not_significant"
"CYR61","Mock","ZIKV",246.489,127.362,-0.952592,5e-05,"yes",0.000320686218678815,"Not_significant"
"ZDHHC16","Mock","ZIKV",16.4627,8.5084,-0.952242,5e-05,"yes",0.000320686218678815,"Not_significant"
"PPP1R3E","Mock","ZIKV",3.73455,1.93077,-0.951758,5e-05,"yes",0.000320686218678815,"Not_significant"
"OSBPL7","Mock","ZIKV",5.26347,2.72141,-0.951661,5e-05,"yes",0.000320686218678815,"Not_significant"
"FAM104B","Mock","ZIKV",14.8237,7.66708,-0.951154,5e-05,"yes",0.000320686218678815,"Not_significant"
"CHST14","Mock","ZIKV",6.14514,3.1788,-0.950962,5e-05,"yes",0.000320686218678815,"Not_significant"
"ADAMTS3","Mock","ZIKV",2.41388,1.24968,-0.949795,5e-05,"yes",0.000320686218678815,"Not_significant"
"ZNF124","Mock","ZIKV",9.6222,4.98179,-0.949702,5e-05,"yes",0.000320686218678815,"Not_significant"
"FGF9","Mock","ZIKV",6.30892,3.26774,-0.949099,5e-05,"yes",0.000320686218678815,"Not_significant"
"GSTK1","Mock","ZIKV",9.39834,4.86804,-0.949066,5e-05,"yes",0.000320686218678815,"Not_significant"
"MXRA8","Mock","ZIKV",21.8105,11.3,-0.948702,5e-05,"yes",0.000320686218678815,"Not_significant"
"RPS27L","Mock","ZIKV",83.8326,43.4348,-0.948662,5e-05,"yes",0.000320686218678815,"Not_significant"
"ALPL","Mock","ZIKV",5.00699,2.59421,-0.948648,5e-05,"yes",0.000320686218678815,"Not_significant"
"CYB5D2","Mock","ZIKV",15.3667,7.96285,-0.948447,5e-05,"yes",0.000320686218678815,"Not_significant"
"ITGB3BP","Mock","ZIKV",19.2277,9.96516,-0.948219,5e-05,"yes",0.000320686218678815,"Not_significant"
"IKBKB","Mock","ZIKV",7.75049,4.01881,-0.94752,5e-05,"yes",0.000320686218678815,"Not_significant"
"NASP","Mock","ZIKV",129.645,67.2441,-0.947087,5e-05,"yes",0.000320686218678815,"Not_significant"
"LMNB1","Mock","ZIKV",105.723,54.8551,-0.946584,5e-05,"yes",0.000320686218678815,"Not_significant"
"PFAS","Mock","ZIKV",12.7149,6.59797,-0.946421,5e-05,"yes",0.000320686218678815,"Not_significant"
"FANCA","Mock","ZIKV",12.4007,6.44158,-0.944931,5e-05,"yes",0.000320686218678815,"Not_significant"
"CRNDE","Mock","ZIKV",25.7937,13.4009,-0.944691,5e-05,"yes",0.000320686218678815,"Not_significant"
"LOC100132077","Mock","ZIKV",4.6826,2.43451,-0.94368,5e-05,"yes",0.000320686218678815,"Not_significant"
"MAD2L1","Mock","ZIKV",41.8897,21.7818,-0.94347,5e-05,"yes",0.000320686218678815,"Not_significant"
"PLK1","Mock","ZIKV",40.2832,20.9515,-0.943127,5e-05,"yes",0.000320686218678815,"Not_significant"
"TMEM2","Mock","ZIKV",60.9155,31.6896,-0.9428,5e-05,"yes",0.000320686218678815,"Not_significant"
"GAS2L3","Mock","ZIKV",8.08056,4.20451,-0.942517,5e-05,"yes",0.000320686218678815,"Not_significant"
"PARP4","Mock","ZIKV",11.6807,6.08104,-0.941735,5e-05,"yes",0.000320686218678815,"Not_significant"
"EBF4","Mock","ZIKV",14.0585,7.32704,-0.940144,5e-05,"yes",0.000320686218678815,"Not_significant"
"CCNA2","Mock","ZIKV",34.8783,18.1869,-0.939428,5e-05,"yes",0.000320686218678815,"Not_significant"
"KIAA0141","Mock","ZIKV",10.1869,5.31192,-0.93941,5e-05,"yes",0.000320686218678815,"Not_significant"
"LOC100527964","Mock","ZIKV",3.54776,1.85027,-0.939175,5e-05,"yes",0.000320686218678815,"Not_significant"
"SPC25","Mock","ZIKV",17.3309,9.03967,-0.939007,5e-05,"yes",0.000320686218678815,"Not_significant"
"ELOVL2","Mock","ZIKV",6.40015,3.34171,-0.937518,5e-05,"yes",0.000320686218678815,"Not_significant"
"SORCS1","Mock","ZIKV",10.0055,5.22567,-0.937107,5e-05,"yes",0.000320686218678815,"Not_significant"
"ZNF33B","Mock","ZIKV",8.23491,4.30115,-0.937031,5e-05,"yes",0.000320686218678815,"Not_significant"
"TEAD2","Mock","ZIKV",54.9546,28.7032,-0.937027,5e-05,"yes",0.000320686218678815,"Not_significant"
"INTS7","Mock","ZIKV",7.93195,4.14359,-0.936794,5e-05,"yes",0.000320686218678815,"Not_significant"
"SOCS3","Mock","ZIKV",19.1951,10.0279,-0.936718,5e-05,"yes",0.000320686218678815,"Not_significant"
"UBTF","Mock","ZIKV",34.793,18.1897,-0.935677,5e-05,"yes",0.000320686218678815,"Not_significant"
"PRSS35","Mock","ZIKV",5.67299,2.96932,-0.933979,5e-05,"yes",0.000320686218678815,"Not_significant"
"MGC21881","Mock","ZIKV",5.69977,2.98644,-0.932476,5e-05,"yes",0.000320686218678815,"Not_significant"
"PIGV","Mock","ZIKV",3.1987,1.67674,-0.931828,5e-05,"yes",0.000320686218678815,"Not_significant"
"SEL1L3","Mock","ZIKV",4.53212,2.37605,-0.931616,5e-05,"yes",0.000320686218678815,"Not_significant"
"HES4","Mock","ZIKV",143.339,75.1863,-0.930889,5e-05,"yes",0.000320686218678815,"Not_significant"
"EXO1","Mock","ZIKV",4.37994,2.29845,-0.930253,5e-05,"yes",0.000320686218678815,"Not_significant"
"COL18A1","Mock","ZIKV",47.393,24.8743,-0.930018,5e-05,"yes",0.000320686218678815,"Not_significant"
"MGST1","Mock","ZIKV",38.0929,20.0037,-0.929255,5e-05,"yes",0.000320686218678815,"Not_significant"
"RSPH4A","Mock","ZIKV",6.06332,3.18681,-0.927994,5e-05,"yes",0.000320686218678815,"Not_significant"
"LZTS1","Mock","ZIKV",14.4416,7.59074,-0.927914,5e-05,"yes",0.000320686218678815,"Not_significant"
"NUBP1","Mock","ZIKV",10.9704,5.7706,-0.926822,5e-05,"yes",0.000320686218678815,"Not_significant"
"APOA1BP","Mock","ZIKV",24.3774,12.8238,-0.926718,5e-05,"yes",0.000320686218678815,"Not_significant"
"IL11RA","Mock","ZIKV",11.253,5.91978,-0.926688,5e-05,"yes",0.000320686218678815,"Not_significant"
"EVC","Mock","ZIKV",2.32096,1.22122,-0.926405,5e-05,"yes",0.000320686218678815,"Not_significant"
"PUS7","Mock","ZIKV",3.60533,1.89774,-0.925845,5e-05,"yes",0.000320686218678815,"Not_significant"
"COL26A1","Mock","ZIKV",28.9416,15.2472,-0.924602,5e-05,"yes",0.000320686218678815,"Not_significant"
"FLJ10038","Mock","ZIKV",5.06676,2.67009,-0.924173,5e-05,"yes",0.000320686218678815,"Not_significant"
"FAM111A","Mock","ZIKV",1.73271,0.913251,-0.923944,5e-05,"yes",0.000320686218678815,"Not_significant"
"FAM86B1","Mock","ZIKV",5.12591,2.70392,-0.922759,5e-05,"yes",0.000320686218678815,"Not_significant"
"GBA","Mock","ZIKV",6.23166,3.2876,-0.922582,5e-05,"yes",0.000320686218678815,"Not_significant"
"BLM","Mock","ZIKV",7.32958,3.8675,-0.922328,5e-05,"yes",0.000320686218678815,"Not_significant"
"GM2A","Mock","ZIKV",6.93136,3.65761,-0.922236,5e-05,"yes",0.000320686218678815,"Not_significant"
"ANKRD9","Mock","ZIKV",7.59348,4.00706,-0.922217,5e-05,"yes",0.000320686218678815,"Not_significant"
"BCKDHB","Mock","ZIKV",8.03072,4.2389,-0.921839,5e-05,"yes",0.000320686218678815,"Not_significant"
"PPAPDC1B","Mock","ZIKV",50.4284,26.6208,-0.921682,5e-05,"yes",0.000320686218678815,"Not_significant"
"SLC37A4","Mock","ZIKV",30.2549,15.975,-0.921357,5e-05,"yes",0.000320686218678815,"Not_significant"
"HEMK1","Mock","ZIKV",5.30912,2.80518,-0.920382,5e-05,"yes",0.000320686218678815,"Not_significant"
"GRN","Mock","ZIKV",29.1337,15.4081,-0.918998,5e-05,"yes",0.000320686218678815,"Not_significant"
"SOX3","Mock","ZIKV",93.2985,49.3629,-0.918425,5e-05,"yes",0.000320686218678815,"Not_significant"
"RPGR","Mock","ZIKV",8.72083,4.61417,-0.918394,5e-05,"yes",0.000320686218678815,"Not_significant"
"PTTG1","Mock","ZIKV",137.271,72.6612,-0.917772,5e-05,"yes",0.000320686218678815,"Not_significant"
"PNRC2","Mock","ZIKV",43.7689,23.1713,-0.917568,5e-05,"yes",0.000320686218678815,"Not_significant"
"BTN2A2","Mock","ZIKV",4.87059,2.57992,-0.916768,5e-05,"yes",0.000320686218678815,"Not_significant"
"RABL2B","Mock","ZIKV",18.5047,9.80527,-0.916261,5e-05,"yes",0.000320686218678815,"Not_significant"
"TMSB15A","Mock","ZIKV",382.045,202.446,-0.916205,5e-05,"yes",0.000320686218678815,"Not_significant"
"KLHL23,PHOSPHO2-KLHL23","Mock","ZIKV",21.0162,11.1394,-0.915827,5e-05,"yes",0.000320686218678815,"Not_significant"
"CHEK2","Mock","ZIKV",8.33491,4.41797,-0.915781,5e-05,"yes",0.000320686218678815,"Not_significant"
"CDT1","Mock","ZIKV",13.2244,7.01248,-0.915205,5e-05,"yes",0.000320686218678815,"Not_significant"
"TMEM14B","Mock","ZIKV",43.7968,23.2325,-0.914682,5e-05,"yes",0.000320686218678815,"Not_significant"
"GJC1","Mock","ZIKV",19.1823,10.1779,-0.914334,5e-05,"yes",0.000320686218678815,"Not_significant"
"TRABD","Mock","ZIKV",15.5126,8.23153,-0.914206,5e-05,"yes",0.000320686218678815,"Not_significant"
"LRRC9","Mock","ZIKV",1.35869,0.721511,-0.91312,5e-05,"yes",0.000320686218678815,"Not_significant"
"SUV39H1","Mock","ZIKV",4.42616,2.35298,-0.911564,5e-05,"yes",0.000320686218678815,"Not_significant"
"SLC2A1","Mock","ZIKV",86.6877,46.0889,-0.911407,5e-05,"yes",0.000320686218678815,"Not_significant"
"CIT","Mock","ZIKV",9.75524,5.18774,-0.911072,5e-05,"yes",0.000320686218678815,"Not_significant"
"MMS22L","Mock","ZIKV",4.66133,2.47892,-0.91103,5e-05,"yes",0.000320686218678815,"Not_significant"
"SMYD2","Mock","ZIKV",9.51803,5.06353,-0.910518,5e-05,"yes",0.000320686218678815,"Not_significant"
"MARC1","Mock","ZIKV",2.86982,1.52678,-0.910464,5e-05,"yes",0.000320686218678815,"Not_significant"
"PIGO","Mock","ZIKV",10.3845,5.52579,-0.910181,5e-05,"yes",0.000320686218678815,"Not_significant"
"IGF2","Mock","ZIKV",17.863,9.50788,-0.909776,5e-05,"yes",0.000320686218678815,"Not_significant"
"PDGFD","Mock","ZIKV",2.94166,1.56641,-0.909174,5e-05,"yes",0.000320686218678815,"Not_significant"
"TMEM165","Mock","ZIKV",18.6987,9.95755,-0.909077,5e-05,"yes",0.000320686218678815,"Not_significant"
"REXO2","Mock","ZIKV",10.6742,5.68784,-0.908171,5e-05,"yes",0.000320686218678815,"Not_significant"
"GGCT","Mock","ZIKV",33.0935,17.6377,-0.907885,5e-05,"yes",0.000320686218678815,"Not_significant"
"STAG3L2","Mock","ZIKV",7.3266,3.91012,-0.905931,5e-05,"yes",0.000320686218678815,"Not_significant"
"ZNF512","Mock","ZIKV",29.8001,15.9054,-0.905805,5e-05,"yes",0.000320686218678815,"Not_significant"
"LOC646719","Mock","ZIKV",10.7349,5.73658,-0.904047,5e-05,"yes",0.000320686218678815,"Not_significant"
"ST6GALNAC3","Mock","ZIKV",7.09042,3.78975,-0.903768,5e-05,"yes",0.000320686218678815,"Not_significant"
"GRIK3","Mock","ZIKV",1.99631,1.06744,-0.903186,5e-05,"yes",0.000320686218678815,"Not_significant"
"RNF175","Mock","ZIKV",8.67954,4.64238,-0.902753,5e-05,"yes",0.000320686218678815,"Not_significant"
"ACSF2","Mock","ZIKV",4.75128,2.5415,-0.902635,5e-05,"yes",0.000320686218678815,"Not_significant"
"TLCD2","Mock","ZIKV",1.17335,0.628029,-0.901732,5e-05,"yes",0.000320686218678815,"Not_significant"
"EPHB4","Mock","ZIKV",14.2323,7.63073,-0.89928,5e-05,"yes",0.000320686218678815,"Not_significant"
"E2F7","Mock","ZIKV",11.3699,6.09616,-0.899247,5e-05,"yes",0.000320686218678815,"Not_significant"
"OPCML","Mock","ZIKV",2.35924,1.26495,-0.899241,5e-05,"yes",0.000320686218678815,"Not_significant"
"NME1","Mock","ZIKV",71.1468,38.1567,-0.898863,5e-05,"yes",0.000320686218678815,"Not_significant"
"GSN","Mock","ZIKV",10.7611,5.77204,-0.898666,5e-05,"yes",0.000320686218678815,"Not_significant"
"FN1","Mock","ZIKV",23.3331,12.5324,-0.896717,5e-05,"yes",0.000320686218678815,"Not_significant"
"PVRL3","Mock","ZIKV",59.0838,31.7469,-0.896145,5e-05,"yes",0.000320686218678815,"Not_significant"
"RNF26","Mock","ZIKV",25.9113,13.925,-0.895903,5e-05,"yes",0.000320686218678815,"Not_significant"
"RBPMS2","Mock","ZIKV",4.3182,2.32089,-0.895753,5e-05,"yes",0.000320686218678815,"Not_significant"
"MSRB3","Mock","ZIKV",4.52117,2.43032,-0.895547,5e-05,"yes",0.000320686218678815,"Not_significant"
"CTPS1","Mock","ZIKV",35.2639,18.9685,-0.89459,5e-05,"yes",0.000320686218678815,"Not_significant"
"UCP2","Mock","ZIKV",31.6493,17.0383,-0.893389,5e-05,"yes",0.000320686218678815,"Not_significant"
"HMGA2","Mock","ZIKV",46.2181,24.8952,-0.89259,5e-05,"yes",0.000320686218678815,"Not_significant"
"LGALS3BP","Mock","ZIKV",36.6832,19.7624,-0.89236,5e-05,"yes",0.000320686218678815,"Not_significant"
"ARSB","Mock","ZIKV",7.43351,4.00619,-0.891813,5e-05,"yes",0.000320686218678815,"Not_significant"
"UNG","Mock","ZIKV",25.3441,13.6756,-0.890041,5e-05,"yes",0.000320686218678815,"Not_significant"
"POC1A","Mock","ZIKV",6.41879,3.46623,-0.888932,5e-05,"yes",0.000320686218678815,"Not_significant"
"C9orf37","Mock","ZIKV",12.0735,6.52004,-0.888887,5e-05,"yes",0.000320686218678815,"Not_significant"
"GLB1L2","Mock","ZIKV",42.7921,23.1222,-0.888068,5e-05,"yes",0.000320686218678815,"Not_significant"
"WDR86","Mock","ZIKV",6.75127,3.64987,-0.887315,5e-05,"yes",0.000320686218678815,"Not_significant"
"COQ7","Mock","ZIKV",9.7281,5.26577,-0.885514,5e-05,"yes",0.000320686218678815,"Not_significant"
"CD83","Mock","ZIKV",3.46815,1.87799,-0.884977,5e-05,"yes",0.000320686218678815,"Not_significant"
"CCNF","Mock","ZIKV",10.1548,5.50012,-0.88463,5e-05,"yes",0.000320686218678815,"Not_significant"
"TMEM106C","Mock","ZIKV",46.9818,25.4495,-0.884464,5e-05,"yes",0.000320686218678815,"Not_significant"
"KAL1","Mock","ZIKV",29.252,15.8527,-0.883806,5e-05,"yes",0.000320686218678815,"Not_significant"
"PON2","Mock","ZIKV",54.2063,29.3786,-0.883698,5e-05,"yes",0.000320686218678815,"Not_significant"
"CHML","Mock","ZIKV",17.8367,9.66816,-0.883538,5e-05,"yes",0.000320686218678815,"Not_significant"
"RSPO2","Mock","ZIKV",18.132,9.83137,-0.883075,5e-05,"yes",0.000320686218678815,"Not_significant"
"KIAA1143","Mock","ZIKV",12.1819,6.6062,-0.882849,5e-05,"yes",0.000320686218678815,"Not_significant"
"TUBB6","Mock","ZIKV",28.2123,15.3004,-0.882756,5e-05,"yes",0.000320686218678815,"Not_significant"
"NEUROG1","Mock","ZIKV",60.1043,32.6245,-0.881513,5e-05,"yes",0.000320686218678815,"Not_significant"
"CD320","Mock","ZIKV",17.3618,9.42611,-0.881181,5e-05,"yes",0.000320686218678815,"Not_significant"
"CKAP2L","Mock","ZIKV",10.7845,5.85759,-0.880574,5e-05,"yes",0.000320686218678815,"Not_significant"
"TCF7","Mock","ZIKV",2.67716,1.45414,-0.880543,5e-05,"yes",0.000320686218678815,"Not_significant"
"COL5A1","Mock","ZIKV",3.87357,2.10425,-0.880361,5e-05,"yes",0.000320686218678815,"Not_significant"
"RNASET2","Mock","ZIKV",13.2832,7.22071,-0.879389,5e-05,"yes",0.000320686218678815,"Not_significant"
"NEIL3","Mock","ZIKV",4.49293,2.44238,-0.879369,5e-05,"yes",0.000320686218678815,"Not_significant"
"ZFC3H1","Mock","ZIKV",9.59983,5.22352,-0.877985,5e-05,"yes",0.000320686218678815,"Not_significant"
"CMTM3","Mock","ZIKV",16.959,9.229,-0.877805,5e-05,"yes",0.000320686218678815,"Not_significant"
"POLA1","Mock","ZIKV",8.65764,4.71351,-0.877173,5e-05,"yes",0.000320686218678815,"Not_significant"
"PTK7","Mock","ZIKV",34.3527,18.724,-0.875533,5e-05,"yes",0.000320686218678815,"Not_significant"
"SLC2A12","Mock","ZIKV",2.85656,1.55711,-0.875411,5e-05,"yes",0.000320686218678815,"Not_significant"
"ALG8","Mock","ZIKV",23.7628,12.9595,-0.874696,5e-05,"yes",0.000320686218678815,"Not_significant"
"CNTN3","Mock","ZIKV",1.32202,0.721126,-0.874422,5e-05,"yes",0.000320686218678815,"Not_significant"
"NUP210","Mock","ZIKV",18.2848,9.9779,-0.873835,5e-05,"yes",0.000320686218678815,"Not_significant"
"CLYBL","Mock","ZIKV",1.52815,0.834478,-0.872845,5e-05,"yes",0.000320686218678815,"Not_significant"
"SERPING1","Mock","ZIKV",29.1169,15.9001,-0.872819,5e-05,"yes",0.000320686218678815,"Not_significant"
"TMSB4X","Mock","ZIKV",2641.48,1442.61,-0.872662,5e-05,"yes",0.000320686218678815,"Not_significant"
"IGFBP2","Mock","ZIKV",220.975,120.698,-0.872478,5e-05,"yes",0.000320686218678815,"Not_significant"
"PTGFRN","Mock","ZIKV",7.83552,4.28344,-0.871261,5e-05,"yes",0.000320686218678815,"Not_significant"
"KC6","Mock","ZIKV",9.99618,5.46678,-0.870686,5e-05,"yes",0.000320686218678815,"Not_significant"
"PIGQ","Mock","ZIKV",28.0844,15.3756,-0.86912,5e-05,"yes",0.000320686218678815,"Not_significant"
"FAM86C2P","Mock","ZIKV",3.5967,1.96961,-0.868763,5e-05,"yes",0.000320686218678815,"Not_significant"
"CDCA5","Mock","ZIKV",18.2929,10.019,-0.868543,5e-05,"yes",0.000320686218678815,"Not_significant"
"HNRNPA3","Mock","ZIKV",156.884,85.9479,-0.868161,5e-05,"yes",0.000320686218678815,"Not_significant"
"PHF7","Mock","ZIKV",3.10546,1.7029,-0.866811,5e-05,"yes",0.000320686218678815,"Not_significant"
"TEX261","Mock","ZIKV",18.2576,10.0127,-0.866676,5e-05,"yes",0.000320686218678815,"Not_significant"
"PNCK","Mock","ZIKV",4.28763,2.35232,-0.866094,5e-05,"yes",0.000320686218678815,"Not_significant"
"COL4A6","Mock","ZIKV",14.4006,7.90145,-0.865937,5e-05,"yes",0.000320686218678815,"Not_significant"
"SMIM8","Mock","ZIKV",5.00258,2.74547,-0.86562,5e-05,"yes",0.000320686218678815,"Not_significant"
"KNTC1","Mock","ZIKV",18.0993,9.94163,-0.864377,5e-05,"yes",0.000320686218678815,"Not_significant"
"MRPL27","Mock","ZIKV",32.4844,17.8451,-0.864221,5e-05,"yes",0.000320686218678815,"Not_significant"
"GLRX","Mock","ZIKV",15.2375,8.38413,-0.861888,5e-05,"yes",0.000320686218678815,"Not_significant"
"FAM200B","Mock","ZIKV",8.0205,4.41507,-0.861257,5e-05,"yes",0.000320686218678815,"Not_significant"
"EPB41L2","Mock","ZIKV",16.527,9.10133,-0.860676,5e-05,"yes",0.000320686218678815,"Not_significant"
"FKBP10","Mock","ZIKV",61.0253,33.6095,-0.860538,5e-05,"yes",0.000320686218678815,"Not_significant"
"MORN1","Mock","ZIKV",6.36775,3.5128,-0.858164,5e-05,"yes",0.000320686218678815,"Not_significant"
"SLC18B1","Mock","ZIKV",9.13499,5.04215,-0.857363,5e-05,"yes",0.000320686218678815,"Not_significant"
"THBS1","Mock","ZIKV",63.7299,35.2076,-0.856082,5e-05,"yes",0.000320686218678815,"Not_significant"
"HLA-E","Mock","ZIKV",5.25236,2.90201,-0.855911,5e-05,"yes",0.000320686218678815,"Not_significant"
"GALNT18","Mock","ZIKV",10.7719,5.95382,-0.855386,5e-05,"yes",0.000320686218678815,"Not_significant"
"IQGAP2","Mock","ZIKV",2.94306,1.6267,-0.855371,5e-05,"yes",0.000320686218678815,"Not_significant"
"LOC100288637","Mock","ZIKV",5.62264,3.10885,-0.854867,5e-05,"yes",0.000320686218678815,"Not_significant"
"KCTD17","Mock","ZIKV",21.9777,12.1701,-0.852703,5e-05,"yes",0.000320686218678815,"Not_significant"
"EOMES","Mock","ZIKV",43.1181,23.8922,-0.85175,5e-05,"yes",0.000320686218678815,"Not_significant"
"PGM5","Mock","ZIKV",3.58181,1.98473,-0.851749,5e-05,"yes",0.000320686218678815,"Not_significant"
"ZNF271","Mock","ZIKV",9.53295,5.28273,-0.851637,5e-05,"yes",0.000320686218678815,"Not_significant"
"MRPL24","Mock","ZIKV",16.2942,9.03335,-0.85103,5e-05,"yes",0.000320686218678815,"Not_significant"
"TAGLN2","Mock","ZIKV",16.2377,9.00435,-0.850649,5e-05,"yes",0.000320686218678815,"Not_significant"
"TP53I13","Mock","ZIKV",25.2736,14.0218,-0.84996,5e-05,"yes",0.000320686218678815,"Not_significant"
"LOC401397","Mock","ZIKV",21.0523,11.689,-0.848829,5e-05,"yes",0.000320686218678815,"Not_significant"
"ATAD5","Mock","ZIKV",8.55482,4.75561,-0.847108,5e-05,"yes",0.000320686218678815,"Not_significant"
"ARHGAP33","Mock","ZIKV",36.947,20.5417,-0.846901,5e-05,"yes",0.000320686218678815,"Not_significant"
"ZNF519","Mock","ZIKV",5.74927,3.19758,-0.846399,5e-05,"yes",0.000320686218678815,"Not_significant"
"ZEB1-AS1","Mock","ZIKV",4.88363,2.71636,-0.846278,5e-05,"yes",0.000320686218678815,"Not_significant"
"MIR17HG","Mock","ZIKV",11.3784,6.3293,-0.846177,5e-05,"yes",0.000320686218678815,"Not_significant"
"HERC2P7","Mock","ZIKV",9.75846,5.43109,-0.845412,5e-05,"yes",0.000320686218678815,"Not_significant"
"ITGA7","Mock","ZIKV",16.7442,9.32191,-0.844961,5e-05,"yes",0.000320686218678815,"Not_significant"
"CCDC39","Mock","ZIKV",2.48575,1.38413,-0.844704,5e-05,"yes",0.000320686218678815,"Not_significant"
"NDRG3","Mock","ZIKV",24.5379,13.6667,-0.844343,5e-05,"yes",0.000320686218678815,"Not_significant"
"C20orf96","Mock","ZIKV",15.4542,8.6089,-0.844098,5e-05,"yes",0.000320686218678815,"Not_significant"
"NEUROD4","Mock","ZIKV",12.6844,7.06845,-0.843591,5e-05,"yes",0.000320686218678815,"Not_significant"
"MCM7","Mock","ZIKV",116.318,64.8268,-0.843408,5e-05,"yes",0.000320686218678815,"Not_significant"
"PKN3","Mock","ZIKV",4.8201,2.68667,-0.843248,5e-05,"yes",0.000320686218678815,"Not_significant"
"HHAT","Mock","ZIKV",4.08849,2.28064,-0.842129,5e-05,"yes",0.000320686218678815,"Not_significant"
"CDCA8","Mock","ZIKV",25.3958,14.1749,-0.84125,5e-05,"yes",0.000320686218678815,"Not_significant"
"ZNF559","Mock","ZIKV",15.3497,8.56883,-0.841038,5e-05,"yes",0.000320686218678815,"Not_significant"
"SEMA5A","Mock","ZIKV",1.28993,0.720243,-0.840736,5e-05,"yes",0.000320686218678815,"Not_significant"
"GLB1L3","Mock","ZIKV",9.04611,5.05111,-0.840697,5e-05,"yes",0.000320686218678815,"Not_significant"
"ALDH16A1","Mock","ZIKV",6.78586,3.79022,-0.840249,5e-05,"yes",0.000320686218678815,"Not_significant"
"TMBIM4","Mock","ZIKV",22.1285,12.3615,-0.840055,5e-05,"yes",0.000320686218678815,"Not_significant"
"ANTXR1","Mock","ZIKV",24.8641,13.8968,-0.839315,5e-05,"yes",0.000320686218678815,"Not_significant"
"NHP2","Mock","ZIKV",70.7474,39.5437,-0.839228,5e-05,"yes",0.000320686218678815,"Not_significant"
"TMEM141","Mock","ZIKV",19.1215,10.6902,-0.838905,5e-05,"yes",0.000320686218678815,"Not_significant"
"CAMKV","Mock","ZIKV",24.6523,13.7888,-0.83822,5e-05,"yes",0.000320686218678815,"Not_significant"
"C2orf81","Mock","ZIKV",4.7403,2.65224,-0.837768,5e-05,"yes",0.000320686218678815,"Not_significant"
"NELL2","Mock","ZIKV",326.125,182.479,-0.837694,5e-05,"yes",0.000320686218678815,"Not_significant"
"URM1","Mock","ZIKV",14.2089,7.9513,-0.837529,5e-05,"yes",0.000320686218678815,"Not_significant"
"ITPR3","Mock","ZIKV",0.646543,0.361911,-0.837112,5e-05,"yes",0.000320686218678815,"Not_significant"
"YPEL1","Mock","ZIKV",31.6398,17.7217,-0.836223,5e-05,"yes",0.000320686218678815,"Not_significant"
"IPO8","Mock","ZIKV",11.157,6.25295,-0.835344,5e-05,"yes",0.000320686218678815,"Not_significant"
"FBN1","Mock","ZIKV",4.5044,2.52507,-0.835012,5e-05,"yes",0.000320686218678815,"Not_significant"
"ZNF493","Mock","ZIKV",12.2133,6.8498,-0.834323,5e-05,"yes",0.000320686218678815,"Not_significant"
"SLC29A2","Mock","ZIKV",9.50597,5.33199,-0.83416,5e-05,"yes",0.000320686218678815,"Not_significant"
"OCA2","Mock","ZIKV",2.88369,1.61765,-0.834019,5e-05,"yes",0.000320686218678815,"Not_significant"
"ZNF514","Mock","ZIKV",13.1317,7.36643,-0.834014,5e-05,"yes",0.000320686218678815,"Not_significant"
"HNRNPU","Mock","ZIKV",123.557,69.3112,-0.834012,5e-05,"yes",0.000320686218678815,"Not_significant"
"NIT2","Mock","ZIKV",7.16744,4.02109,-0.833874,5e-05,"yes",0.000320686218678815,"Not_significant"
"SIX5","Mock","ZIKV",12.5542,7.04358,-0.833786,5e-05,"yes",0.000320686218678815,"Not_significant"
"DERA","Mock","ZIKV",10.4878,5.88913,-0.83259,5e-05,"yes",0.000320686218678815,"Not_significant"
"FUCA2","Mock","ZIKV",9.63995,5.41525,-0.831998,5e-05,"yes",0.000320686218678815,"Not_significant"
"DDB2","Mock","ZIKV",28.1437,15.8119,-0.831801,5e-05,"yes",0.000320686218678815,"Not_significant"
"MYBL1","Mock","ZIKV",2.58016,1.44994,-0.83147,5e-05,"yes",0.000320686218678815,"Not_significant"
"TARDBP","Mock","ZIKV",58.2294,32.7284,-0.831204,5e-05,"yes",0.000320686218678815,"Not_significant"
"C4orf46","Mock","ZIKV",11.6551,6.55528,-0.830235,5e-05,"yes",0.000320686218678815,"Not_significant"
"CHD1L","Mock","ZIKV",22.0353,12.3952,-0.830031,5e-05,"yes",0.000320686218678815,"Not_significant"
"NTRK2","Mock","ZIKV",10.5352,5.92706,-0.829836,5e-05,"yes",0.000320686218678815,"Not_significant"
"TMEM123","Mock","ZIKV",60.0127,33.7641,-0.829777,5e-05,"yes",0.000320686218678815,"Not_significant"
"NCAPG2","Mock","ZIKV",15.9014,8.94894,-0.829361,5e-05,"yes",0.000320686218678815,"Not_significant"
"TCTN2","Mock","ZIKV",16.8049,9.4635,-0.828433,5e-05,"yes",0.000320686218678815,"Not_significant"
"BUB1","Mock","ZIKV",20.581,11.5934,-0.828008,5e-05,"yes",0.000320686218678815,"Not_significant"
"TMEM67","Mock","ZIKV",12.3349,6.95,-0.82766,5e-05,"yes",0.000320686218678815,"Not_significant"
"INCENP","Mock","ZIKV",16.5631,9.34638,-0.825491,5e-05,"yes",0.000320686218678815,"Not_significant"
"RELT","Mock","ZIKV",4.11182,2.32049,-0.82535,5e-05,"yes",0.000320686218678815,"Not_significant"
"LIG1","Mock","ZIKV",32.5909,18.3954,-0.825123,5e-05,"yes",0.000320686218678815,"Not_significant"
"TMEM221","Mock","ZIKV",4.00624,2.26288,-0.824086,5e-05,"yes",0.000320686218678815,"Not_significant"
"FAM175A","Mock","ZIKV",7.88296,4.45519,-0.823249,5e-05,"yes",0.000320686218678815,"Not_significant"
"PIANP","Mock","ZIKV",19.5823,11.0718,-0.822656,5e-05,"yes",0.000320686218678815,"Not_significant"
"PAPSS2","Mock","ZIKV",1.79836,1.01787,-0.821126,5e-05,"yes",0.000320686218678815,"Not_significant"
"AHCY","Mock","ZIKV",61.5802,34.8583,-0.820964,5e-05,"yes",0.000320686218678815,"Not_significant"
"HDAC8","Mock","ZIKV",11.1221,6.29746,-0.820592,5e-05,"yes",0.000320686218678815,"Not_significant"
"RING1","Mock","ZIKV",66.9437,37.9283,-0.819674,5e-05,"yes",0.000320686218678815,"Not_significant"
"LOC100506990","Mock","ZIKV",18.3894,10.4197,-0.819557,5e-05,"yes",0.000320686218678815,"Not_significant"
"C9orf123","Mock","ZIKV",9.12794,5.17441,-0.818895,5e-05,"yes",0.000320686218678815,"Not_significant"
"LIMD2","Mock","ZIKV",24.0443,13.6304,-0.818866,5e-05,"yes",0.000320686218678815,"Not_significant"
"LOC100294145","Mock","ZIKV",12.0334,6.82227,-0.818718,5e-05,"yes",0.000320686218678815,"Not_significant"
"ST3GAL6","Mock","ZIKV",2.43397,1.38111,-0.81748,5e-05,"yes",0.000320686218678815,"Not_significant"
"ERLIN2","Mock","ZIKV",20.0705,11.3898,-0.817331,5e-05,"yes",0.000320686218678815,"Not_significant"
"NICN1","Mock","ZIKV",10.4844,5.95162,-0.816891,5e-05,"yes",0.000320686218678815,"Not_significant"
"LOC344595","Mock","ZIKV",4.2667,2.42372,-0.815895,5e-05,"yes",0.000320686218678815,"Not_significant"
"ERLIN1","Mock","ZIKV",12.4856,7.09551,-0.815292,5e-05,"yes",0.000320686218678815,"Not_significant"
"LPAR4","Mock","ZIKV",7.39425,4.20283,-0.815044,5e-05,"yes",0.000320686218678815,"Not_significant"
"MCM8","Mock","ZIKV",11.2674,6.40477,-0.814933,5e-05,"yes",0.000320686218678815,"Not_significant"
"TDP1","Mock","ZIKV",11.1546,6.34196,-0.814633,5e-05,"yes",0.000320686218678815,"Not_significant"
"GATM","Mock","ZIKV",13.6523,7.77063,-0.813045,5e-05,"yes",0.000320686218678815,"Not_significant"
"CRB2","Mock","ZIKV",45.9131,26.1391,-0.812698,5e-05,"yes",0.000320686218678815,"Not_significant"
"ZNF37BP","Mock","ZIKV",9.65719,5.49847,-0.812575,5e-05,"yes",0.000320686218678815,"Not_significant"
"IGDCC3","Mock","ZIKV",126.84,72.2428,-0.812082,5e-05,"yes",0.000320686218678815,"Not_significant"
"TMEM234","Mock","ZIKV",7.71262,4.39508,-0.811333,5e-05,"yes",0.000320686218678815,"Not_significant"
"NAALAD2","Mock","ZIKV",21.046,11.9976,-0.810802,5e-05,"yes",0.000320686218678815,"Not_significant"
"ZNF551","Mock","ZIKV",5.77347,3.29164,-0.810633,5e-05,"yes",0.000320686218678815,"Not_significant"
"DPY19L1","Mock","ZIKV",15.4192,8.79403,-0.810129,5e-05,"yes",0.000320686218678815,"Not_significant"
"NAGLU","Mock","ZIKV",6.09724,3.47788,-0.809947,5e-05,"yes",0.000320686218678815,"Not_significant"
"COL9A2","Mock","ZIKV",5.45483,3.11196,-0.809712,5e-05,"yes",0.000320686218678815,"Not_significant"
"TMPO","Mock","ZIKV",95.7076,54.6055,-0.809588,5e-05,"yes",0.000320686218678815,"Not_significant"
"TTC40","Mock","ZIKV",1.41709,0.808546,-0.809534,5e-05,"yes",0.000320686218678815,"Not_significant"
"LOC642852","Mock","ZIKV",11.2029,6.39208,-0.809518,5e-05,"yes",0.000320686218678815,"Not_significant"
"AGRN","Mock","ZIKV",91.5758,52.2726,-0.80891,5e-05,"yes",0.000320686218678815,"Not_significant"
"DUSP22","Mock","ZIKV",11.57,6.60769,-0.808168,5e-05,"yes",0.000320686218678815,"Not_significant"
"OSGEPL1","Mock","ZIKV",8.1898,4.67857,-0.80776,5e-05,"yes",0.000320686218678815,"Not_significant"
"SERPINH1","Mock","ZIKV",37.2811,21.3075,-0.807083,5e-05,"yes",0.000320686218678815,"Not_significant"
"VPS29","Mock","ZIKV",38.5962,22.0617,-0.806915,5e-05,"yes",0.000320686218678815,"Not_significant"
"PRKD3","Mock","ZIKV",12.7623,7.29759,-0.806395,5e-05,"yes",0.000320686218678815,"Not_significant"
"C7orf49","Mock","ZIKV",11.5276,6.59356,-0.805968,5e-05,"yes",0.000320686218678815,"Not_significant"
"HN1L","Mock","ZIKV",61.5813,35.2238,-0.805939,5e-05,"yes",0.000320686218678815,"Not_significant"
"LOC100216546","Mock","ZIKV",2.48954,1.42508,-0.804834,5e-05,"yes",0.000320686218678815,"Not_significant"
"POLQ","Mock","ZIKV",3.18187,1.82207,-0.804298,5e-05,"yes",0.000320686218678815,"Not_significant"
"HAUS4","Mock","ZIKV",20.5125,11.7541,-0.803334,5e-05,"yes",0.000320686218678815,"Not_significant"
"WDR62","Mock","ZIKV",8.63317,4.94871,-0.802837,5e-05,"yes",0.000320686218678815,"Not_significant"
"CDCA4","Mock","ZIKV",14.321,8.20952,-0.802766,5e-05,"yes",0.000320686218678815,"Not_significant"
"TJP2","Mock","ZIKV",4.66698,2.67622,-0.802293,5e-05,"yes",0.000320686218678815,"Not_significant"
"C5orf49","Mock","ZIKV",4.11427,2.35978,-0.801985,5e-05,"yes",0.000320686218678815,"Not_significant"
"RBM19","Mock","ZIKV",10.1197,5.80692,-0.801326,5e-05,"yes",0.000320686218678815,"Not_significant"
"NUDT15","Mock","ZIKV",13.0507,7.49079,-0.800934,5e-05,"yes",0.000320686218678815,"Not_significant"
"CDC25B","Mock","ZIKV",26.6921,15.3331,-0.799759,5e-05,"yes",0.000320686218678815,"Not_significant"
"ATP5G1","Mock","ZIKV",46.8447,26.9213,-0.799139,5e-05,"yes",0.000320686218678815,"Not_significant"
"FKBP5","Mock","ZIKV",4.60632,2.64807,-0.798675,5e-05,"yes",0.000320686218678815,"Not_significant"
"TSPAN11","Mock","ZIKV",49.8833,28.6787,-0.798575,5e-05,"yes",0.000320686218678815,"Not_significant"
"ABHD3","Mock","ZIKV",20.3582,11.7116,-0.79767,5e-05,"yes",0.000320686218678815,"Not_significant"
"GALNT16","Mock","ZIKV",25.4269,14.629,-0.797526,5e-05,"yes",0.000320686218678815,"Not_significant"
"EFCAB2","Mock","ZIKV",11.9139,6.86226,-0.795892,5e-05,"yes",0.000320686218678815,"Not_significant"
"CARHSP1","Mock","ZIKV",69.1327,39.8312,-0.795469,5e-05,"yes",0.000320686218678815,"Not_significant"
"VCAM1","Mock","ZIKV",21.6528,12.4782,-0.795141,5e-05,"yes",0.000320686218678815,"Not_significant"
"CHEK1","Mock","ZIKV",11.2294,6.4722,-0.794954,5e-05,"yes",0.000320686218678815,"Not_significant"
"C21orf2","Mock","ZIKV",8.63247,4.97996,-0.79364,5e-05,"yes",0.000320686218678815,"Not_significant"
"C1orf159","Mock","ZIKV",11.6547,6.72481,-0.79335,5e-05,"yes",0.000320686218678815,"Not_significant"
"NPTX2","Mock","ZIKV",43.9146,25.3401,-0.793277,5e-05,"yes",0.000320686218678815,"Not_significant"
"MCAM","Mock","ZIKV",5.00557,2.88881,-0.793058,5e-05,"yes",0.000320686218678815,"Not_significant"
"CNPY3","Mock","ZIKV",22.3068,12.8789,-0.792482,5e-05,"yes",0.000320686218678815,"Not_significant"
"SFPQ","Mock","ZIKV",277.876,160.753,-0.789592,5e-05,"yes",0.000320686218678815,"Not_significant"
"ALG6","Mock","ZIKV",6.59086,3.81308,-0.789512,5e-05,"yes",0.000320686218678815,"Not_significant"
"ANP32E","Mock","ZIKV",50.6929,29.3287,-0.789467,5e-05,"yes",0.000320686218678815,"Not_significant"
"GALNT1","Mock","ZIKV",34.6037,20.025,-0.789123,5e-05,"yes",0.000320686218678815,"Not_significant"
"SRP9","Mock","ZIKV",288.622,167.146,-0.788072,5e-05,"yes",0.000320686218678815,"Not_significant"
"ING5","Mock","ZIKV",11.0378,6.39362,-0.787745,5e-05,"yes",0.000320686218678815,"Not_significant"
"IGSF3","Mock","ZIKV",21.8178,12.6654,-0.784612,5e-05,"yes",0.000320686218678815,"Not_significant"
"SCUBE3","Mock","ZIKV",58.6388,34.0564,-0.783929,5e-05,"yes",0.000320686218678815,"Not_significant"
"NTN4","Mock","ZIKV",1.89453,1.10056,-0.783602,5e-05,"yes",0.000320686218678815,"Not_significant"
"PLOD1","Mock","ZIKV",5.835,3.39073,-0.783136,5e-05,"yes",0.000320686218678815,"Not_significant"
"ARHGEF16","Mock","ZIKV",5.42819,3.15526,-0.782711,5e-05,"yes",0.000320686218678815,"Not_significant"
"GLIPR2","Mock","ZIKV",6.24395,3.62956,-0.782662,5e-05,"yes",0.000320686218678815,"Not_significant"
"MTERFD3","Mock","ZIKV",9.44758,5.49362,-0.782187,5e-05,"yes",0.000320686218678815,"Not_significant"
"CKS2","Mock","ZIKV",95.0859,55.3196,-0.781441,5e-05,"yes",0.000320686218678815,"Not_significant"
"RSAD1","Mock","ZIKV",11.3073,6.58045,-0.780996,5e-05,"yes",0.000320686218678815,"Not_significant"
"SKP2","Mock","ZIKV",21.5006,12.5206,-0.78007,5e-05,"yes",0.000320686218678815,"Not_significant"
"HAUS8","Mock","ZIKV",5.70935,3.32495,-0.779993,5e-05,"yes",0.000320686218678815,"Not_significant"
"NAGA","Mock","ZIKV",10.8847,6.33945,-0.779874,5e-05,"yes",0.000320686218678815,"Not_significant"
"EFS","Mock","ZIKV",47.8866,27.8989,-0.779413,5e-05,"yes",0.000320686218678815,"Not_significant"
"TACC3","Mock","ZIKV",36.5846,21.3153,-0.779345,5e-05,"yes",0.000320686218678815,"Not_significant"
"PEX11A","Mock","ZIKV",3.91277,2.28033,-0.778946,5e-05,"yes",0.000320686218678815,"Not_significant"
"ZBTB8OS","Mock","ZIKV",16.5804,9.66579,-0.77852,5e-05,"yes",0.000320686218678815,"Not_significant"
"PARP1","Mock","ZIKV",92.1868,53.7535,-0.778202,5e-05,"yes",0.000320686218678815,"Not_significant"
"GSTM2","Mock","ZIKV",17.8326,10.4024,-0.777598,5e-05,"yes",0.000320686218678815,"Not_significant"
"TRAPPC6A","Mock","ZIKV",15.6659,9.14003,-0.777353,5e-05,"yes",0.000320686218678815,"Not_significant"
"CLN5","Mock","ZIKV",8.02546,4.68247,-0.777315,5e-05,"yes",0.000320686218678815,"Not_significant"
"TIMM10","Mock","ZIKV",24.6647,14.3996,-0.776414,5e-05,"yes",0.000320686218678815,"Not_significant"
"NDE1","Mock","ZIKV",8.62634,5.03747,-0.77605,5e-05,"yes",0.000320686218678815,"Not_significant"
"LARP7","Mock","ZIKV",27.6866,16.1738,-0.77553,5e-05,"yes",0.000320686218678815,"Not_significant"
"ADAL","Mock","ZIKV",5.91207,3.45493,-0.77501,5e-05,"yes",0.000320686218678815,"Not_significant"
"AK7","Mock","ZIKV",2.20711,1.29016,-0.774611,5e-05,"yes",0.000320686218678815,"Not_significant"
"SNRPD1","Mock","ZIKV",48.0043,28.0686,-0.774205,5e-05,"yes",0.000320686218678815,"Not_significant"
"RRP7B","Mock","ZIKV",8.1247,4.7576,-0.772079,5e-05,"yes",0.000320686218678815,"Not_significant"
"PRCP","Mock","ZIKV",25.0163,14.6516,-0.771813,5e-05,"yes",0.000320686218678815,"Not_significant"
"MBNL3","Mock","ZIKV",0.740916,0.434222,-0.770877,5e-05,"yes",0.000320686218678815,"Not_significant"
"NTM","Mock","ZIKV",12.0405,7.05687,-0.770799,5e-05,"yes",0.000320686218678815,"Not_significant"
"PPWD1","Mock","ZIKV",19.4389,11.4008,-0.769809,5e-05,"yes",0.000320686218678815,"Not_significant"
"C11orf82","Mock","ZIKV",3.29894,1.93569,-0.769152,5e-05,"yes",0.000320686218678815,"Not_significant"
"LINC00599","Mock","ZIKV",40.8415,23.9672,-0.768974,5e-05,"yes",0.000320686218678815,"Not_significant"
"LYSMD4","Mock","ZIKV",8.24299,4.8384,-0.768637,5e-05,"yes",0.000320686218678815,"Not_significant"
"CTXN1","Mock","ZIKV",104.947,61.6612,-0.767232,5e-05,"yes",0.000320686218678815,"Not_significant"
"FBLN2","Mock","ZIKV",6.15433,3.61626,-0.767103,5e-05,"yes",0.000320686218678815,"Not_significant"
"FOXRED2","Mock","ZIKV",7.52478,4.42189,-0.766986,5e-05,"yes",0.000320686218678815,"Not_significant"
"H2AFV","Mock","ZIKV",152.491,89.6283,-0.766698,5e-05,"yes",0.000320686218678815,"Not_significant"
"C5orf54","Mock","ZIKV",4.88558,2.87216,-0.766393,5e-05,"yes",0.000320686218678815,"Not_significant"
"TRMT2B","Mock","ZIKV",3.37521,1.98511,-0.765756,5e-05,"yes",0.000320686218678815,"Not_significant"
"SMARCC2","Mock","ZIKV",61.6969,36.3024,-0.765132,5e-05,"yes",0.000320686218678815,"Not_significant"
"KIAA0895L","Mock","ZIKV",33.7924,19.8989,-0.764006,5e-05,"yes",0.000320686218678815,"Not_significant"
"UBE2T","Mock","ZIKV",32.1828,18.9536,-0.763822,5e-05,"yes",0.000320686218678815,"Not_significant"
"FBN2","Mock","ZIKV",27.5554,16.2433,-0.762493,5e-05,"yes",0.000320686218678815,"Not_significant"
"MRPL54","Mock","ZIKV",20.235,11.93,-0.76226,5e-05,"yes",0.000320686218678815,"Not_significant"
"SCRN3","Mock","ZIKV",10.2397,6.04148,-0.761198,5e-05,"yes",0.000320686218678815,"Not_significant"
"METRN","Mock","ZIKV",62.9344,37.135,-0.761068,5e-05,"yes",0.000320686218678815,"Not_significant"
"NPAS4","Mock","ZIKV",8.15184,4.81217,-0.760438,5e-05,"yes",0.000320686218678815,"Not_significant"
"HLA-C","Mock","ZIKV",11.6006,6.8482,-0.760409,5e-05,"yes",0.000320686218678815,"Not_significant"
"PAQR8","Mock","ZIKV",3.43412,2.02795,-0.759918,5e-05,"yes",0.000320686218678815,"Not_significant"
"B4GALT1","Mock","ZIKV",4.45156,2.62894,-0.759832,5e-05,"yes",0.000320686218678815,"Not_significant"
"CD47","Mock","ZIKV",25.7207,15.1984,-0.759009,5e-05,"yes",0.000320686218678815,"Not_significant"
"WDR92","Mock","ZIKV",4.83004,2.85455,-0.758772,5e-05,"yes",0.000320686218678815,"Not_significant"
"SFR1","Mock","ZIKV",6.0424,3.57119,-0.758718,5e-05,"yes",0.000320686218678815,"Not_significant"
"CD276","Mock","ZIKV",70.1116,41.4471,-0.758382,5e-05,"yes",0.000320686218678815,"Not_significant"
"BMP1","Mock","ZIKV",5.66414,3.34952,-0.757903,5e-05,"yes",0.000320686218678815,"Not_significant"
"ASB13","Mock","ZIKV",4.76374,2.81721,-0.757827,5e-05,"yes",0.000320686218678815,"Not_significant"
"PODXL","Mock","ZIKV",50.1981,29.6944,-0.757441,5e-05,"yes",0.000320686218678815,"Not_significant"
"COA5","Mock","ZIKV",19.4265,11.4969,-0.756789,5e-05,"yes",0.000320686218678815,"Not_significant"
"OARD1","Mock","ZIKV",39.4775,23.368,-0.756494,5e-05,"yes",0.000320686218678815,"Not_significant"
"PIPOX","Mock","ZIKV",5.51857,3.26736,-0.75617,5e-05,"yes",0.000320686218678815,"Not_significant"
"LCMT2","Mock","ZIKV",5.27728,3.12481,-0.756026,5e-05,"yes",0.000320686218678815,"Not_significant"
"ATAD2","Mock","ZIKV",17.7165,10.4906,-0.755998,5e-05,"yes",0.000320686218678815,"Not_significant"
"LEPREL4","Mock","ZIKV",22.0725,13.081,-0.754778,5e-05,"yes",0.000320686218678815,"Not_significant"
"TRIM22","Mock","ZIKV",2.81254,1.6676,-0.754101,5e-05,"yes",0.000320686218678815,"Not_significant"
"RPA1","Mock","ZIKV",27.1932,16.139,-0.752695,5e-05,"yes",0.000320686218678815,"Not_significant"
"TRMT61B","Mock","ZIKV",10.2316,6.07294,-0.752568,5e-05,"yes",0.000320686218678815,"Not_significant"
"EMX2OS","Mock","ZIKV",4.96349,2.94629,-0.752455,5e-05,"yes",0.000320686218678815,"Not_significant"
"CYP4F24P","Mock","ZIKV",4.09355,2.43013,-0.752319,5e-05,"yes",0.000320686218678815,"Not_significant"
"ST3GAL4","Mock","ZIKV",4.40995,2.61881,-0.751853,5e-05,"yes",0.000320686218678815,"Not_significant"
"UBE2V1","Mock","ZIKV",74.1778,44.0592,-0.751544,5e-05,"yes",0.000320686218678815,"Not_significant"
"CENPE","Mock","ZIKV",13.3925,7.95977,-0.750622,5e-05,"yes",0.000320686218678815,"Not_significant"
"NAT14","Mock","ZIKV",47.7904,28.4117,-0.750234,5e-05,"yes",0.000320686218678815,"Not_significant"
"BEND3","Mock","ZIKV",7.10321,4.22368,-0.749971,5e-05,"yes",0.000320686218678815,"Not_significant"
"CEP55","Mock","ZIKV",9.47037,5.63373,-0.749329,5e-05,"yes",0.000320686218678815,"Not_significant"
"RFWD3","Mock","ZIKV",12.0652,7.1776,-0.749281,5e-05,"yes",0.000320686218678815,"Not_significant"
"RHOU","Mock","ZIKV",12.0224,7.15358,-0.748985,5e-05,"yes",0.000320686218678815,"Not_significant"
"RFX5","Mock","ZIKV",16.1283,9.60358,-0.747948,5e-05,"yes",0.000320686218678815,"Not_significant"
"ALKBH2","Mock","ZIKV",12.6851,7.55749,-0.747156,5e-05,"yes",0.000320686218678815,"Not_significant"
"COL4A2","Mock","ZIKV",36.5236,21.7714,-0.746394,5e-05,"yes",0.000320686218678815,"Not_significant"
"KIF14","Mock","ZIKV",7.59333,4.52716,-0.746127,5e-05,"yes",0.000320686218678815,"Not_significant"
"DDX17","Mock","ZIKV",259.476,154.708,-0.746057,5e-05,"yes",0.000320686218678815,"Not_significant"
"FANCC","Mock","ZIKV",6.95657,4.14941,-0.745467,5e-05,"yes",0.000320686218678815,"Not_significant"
"TMEM44","Mock","ZIKV",8.17706,4.87814,-0.74525,5e-05,"yes",0.000320686218678815,"Not_significant"
"PPIEL","Mock","ZIKV",6.17584,3.68464,-0.745111,5e-05,"yes",0.000320686218678815,"Not_significant"
"GNG7","Mock","ZIKV",5.24272,3.13222,-0.743129,5e-05,"yes",0.000320686218678815,"Not_significant"
"COMMD4","Mock","ZIKV",36.6606,21.9047,-0.742989,5e-05,"yes",0.000320686218678815,"Not_significant"
"C17orf89","Mock","ZIKV",38.7245,23.1398,-0.742874,5e-05,"yes",0.000320686218678815,"Not_significant"
"FEN1","Mock","ZIKV",27.4293,16.3916,-0.742763,5e-05,"yes",0.000320686218678815,"Not_significant"
"POLE","Mock","ZIKV",22.0751,13.1924,-0.742714,5e-05,"yes",0.000320686218678815,"Not_significant"
"RASL11B","Mock","ZIKV",7.38128,4.41381,-0.741845,5e-05,"yes",0.000320686218678815,"Not_significant"
"HTRA1","Mock","ZIKV",25.1169,15.0196,-0.741814,5e-05,"yes",0.000320686218678815,"Not_significant"
"ATPBD4","Mock","ZIKV",5.59972,3.3491,-0.741578,5e-05,"yes",0.000320686218678815,"Not_significant"
"LRRC10B","Mock","ZIKV",9.52053,5.69646,-0.740976,5e-05,"yes",0.000320686218678815,"Not_significant"
"ADAMTS9","Mock","ZIKV",9.47839,5.67321,-0.740478,5e-05,"yes",0.000320686218678815,"Not_significant"
"CTNNBIP1","Mock","ZIKV",24.5238,14.6967,-0.738696,5e-05,"yes",0.000320686218678815,"Not_significant"
"SNX33","Mock","ZIKV",4.44866,2.66621,-0.738581,5e-05,"yes",0.000320686218678815,"Not_significant"
"TMEM19","Mock","ZIKV",7.23448,4.34002,-0.737188,5e-05,"yes",0.000320686218678815,"Not_significant"
"KATNAL2","Mock","ZIKV",3.87082,2.32237,-0.737039,5e-05,"yes",0.000320686218678815,"Not_significant"
"PHF19","Mock","ZIKV",11.2965,6.77786,-0.736971,5e-05,"yes",0.000320686218678815,"Not_significant"
"ZNF414","Mock","ZIKV",14.9179,8.95362,-0.736506,5e-05,"yes",0.000320686218678815,"Not_significant"
"RBL2","Mock","ZIKV",16.2758,9.77487,-0.735577,5e-05,"yes",0.000320686218678815,"Not_significant"
"AKAP1","Mock","ZIKV",19.6331,11.7977,-0.734778,5e-05,"yes",0.000320686218678815,"Not_significant"
"PLAGL1","Mock","ZIKV",178.911,107.558,-0.73412,5e-05,"yes",0.000320686218678815,"Not_significant"
"CCND1","Mock","ZIKV",149.545,90.0575,-0.731659,5e-05,"yes",0.000320686218678815,"Not_significant"
"PPT1","Mock","ZIKV",41.9175,25.2474,-0.73142,5e-05,"yes",0.000320686218678815,"Not_significant"
"CHST10","Mock","ZIKV",16.6891,10.0524,-0.731369,5e-05,"yes",0.000320686218678815,"Not_significant"
"C4orf27","Mock","ZIKV",27.9912,16.8718,-0.730362,5e-05,"yes",0.000320686218678815,"Not_significant"
"ING3","Mock","ZIKV",15.4989,9.35255,-0.728731,5e-05,"yes",0.000320686218678815,"Not_significant"
"NKAIN4","Mock","ZIKV",85.7981,51.7779,-0.72861,5e-05,"yes",0.000320686218678815,"Not_significant"
"HMGB3","Mock","ZIKV",55.2911,33.3783,-0.728138,5e-05,"yes",0.000320686218678815,"Not_significant"
"LRRC20","Mock","ZIKV",15.7039,9.48427,-0.727518,5e-05,"yes",0.000320686218678815,"Not_significant"
"ZMAT1","Mock","ZIKV",20.1852,12.1951,-0.726992,5e-05,"yes",0.000320686218678815,"Not_significant"
"HMGB2","Mock","ZIKV",283.328,171.178,-0.726977,5e-05,"yes",0.000320686218678815,"Not_significant"
"PIGX","Mock","ZIKV",9.93743,6.00463,-0.726797,5e-05,"yes",0.000320686218678815,"Not_significant"
"XXYLT1","Mock","ZIKV",25.5473,15.4398,-0.726516,5e-05,"yes",0.000320686218678815,"Not_significant"
"ESCO2","Mock","ZIKV",3.8037,2.29969,-0.725964,5e-05,"yes",0.000320686218678815,"Not_significant"
"DCDC5","Mock","ZIKV",6.93974,4.19623,-0.725788,5e-05,"yes",0.000320686218678815,"Not_significant"
"BBS10","Mock","ZIKV",8.06704,4.87831,-0.725657,5e-05,"yes",0.000320686218678815,"Not_significant"
"RASD1","Mock","ZIKV",26.7947,16.2048,-0.725523,5e-05,"yes",0.000320686218678815,"Not_significant"
"AP3M2","Mock","ZIKV",14.6946,8.8872,-0.725481,5e-05,"yes",0.000320686218678815,"Not_significant"
"HFM1","Mock","ZIKV",6.99535,4.23134,-0.725281,5e-05,"yes",0.000320686218678815,"Not_significant"
"GPR125","Mock","ZIKV",32.889,19.8986,-0.724935,5e-05,"yes",0.000320686218678815,"Not_significant"
"LRRCC1","Mock","ZIKV",7.09679,4.29524,-0.724427,5e-05,"yes",0.000320686218678815,"Not_significant"
"PLXND1","Mock","ZIKV",1.52059,0.920462,-0.724203,5e-05,"yes",0.000320686218678815,"Not_significant"
"AKAP2","Mock","ZIKV",8.67106,5.25166,-0.723437,5e-05,"yes",0.000320686218678815,"Not_significant"
"RACGAP1","Mock","ZIKV",25.2798,15.3203,-0.722539,5e-05,"yes",0.000320686218678815,"Not_significant"
"TGFB2","Mock","ZIKV",1.72681,1.04662,-0.722371,5e-05,"yes",0.000320686218678815,"Not_significant"
"SLC25A27","Mock","ZIKV",6.05306,3.67035,-0.721747,5e-05,"yes",0.000320686218678815,"Not_significant"
"AAAS","Mock","ZIKV",32.8373,19.9131,-0.721619,5e-05,"yes",0.000320686218678815,"Not_significant"
"TRIM5","Mock","ZIKV",5.49825,3.33865,-0.719707,5e-05,"yes",0.000320686218678815,"Not_significant"
"TBC1D1","Mock","ZIKV",7.02122,4.26898,-0.717831,5e-05,"yes",0.000320686218678815,"Not_significant"
"ACN9","Mock","ZIKV",5.20034,3.16193,-0.717801,5e-05,"yes",0.000320686218678815,"Not_significant"
"SLC35A5","Mock","ZIKV",13.6531,8.30369,-0.717398,5e-05,"yes",0.000320686218678815,"Not_significant"
"C22orf46","Mock","ZIKV",3.53469,2.14981,-0.717373,5e-05,"yes",0.000320686218678815,"Not_significant"
"NAT9","Mock","ZIKV",20.4561,12.4417,-0.717341,5e-05,"yes",0.000320686218678815,"Not_significant"
"ACP1","Mock","ZIKV",75.6211,46.0133,-0.716739,5e-05,"yes",0.000320686218678815,"Not_significant"
"NETO2","Mock","ZIKV",22.4601,13.6665,-0.716723,5e-05,"yes",0.000320686218678815,"Not_significant"
"YBEY","Mock","ZIKV",10.7756,6.5625,-0.715456,5e-05,"yes",0.000320686218678815,"Not_significant"
"LHFPL2","Mock","ZIKV",2.31368,1.41083,-0.713644,5e-05,"yes",0.000320686218678815,"Not_significant"
"NXT2","Mock","ZIKV",3.55404,2.1674,-0.713496,5e-05,"yes",0.000320686218678815,"Not_significant"
"H1FX","Mock","ZIKV",353.311,215.583,-0.712692,5e-05,"yes",0.000320686218678815,"Not_significant"
"MARCKSL1","Mock","ZIKV",683.554,417.111,-0.712624,5e-05,"yes",0.000320686218678815,"Not_significant"
"YEATS4","Mock","ZIKV",21.6666,13.2349,-0.711124,5e-05,"yes",0.000320686218678815,"Not_significant"
"SPAG5","Mock","ZIKV",25.9413,15.8475,-0.710995,5e-05,"yes",0.000320686218678815,"Not_significant"
"EIF2D","Mock","ZIKV",18.0767,11.0436,-0.710912,5e-05,"yes",0.000320686218678815,"Not_significant"
"WNT5B","Mock","ZIKV",8.43996,5.15648,-0.71085,5e-05,"yes",0.000320686218678815,"Not_significant"
"PPP1R11","Mock","ZIKV",31.7467,19.3975,-0.710738,5e-05,"yes",0.000320686218678815,"Not_significant"
"LFNG","Mock","ZIKV",40.4606,24.7226,-0.710688,5e-05,"yes",0.000320686218678815,"Not_significant"
"PTPN18","Mock","ZIKV",4.05147,2.47574,-0.710584,5e-05,"yes",0.000320686218678815,"Not_significant"
"BRCA2","Mock","ZIKV",2.14143,1.30908,-0.710021,5e-05,"yes",0.000320686218678815,"Not_significant"
"GPR173","Mock","ZIKV",27.5343,16.8336,-0.709887,5e-05,"yes",0.000320686218678815,"Not_significant"
"TSPAN15","Mock","ZIKV",8.45594,5.17327,-0.708887,5e-05,"yes",0.000320686218678815,"Not_significant"
"HCN1","Mock","ZIKV",1.33268,0.81557,-0.708444,5e-05,"yes",0.000320686218678815,"Not_significant"
"RPA2","Mock","ZIKV",25.2663,15.4714,-0.707607,5e-05,"yes",0.000320686218678815,"Not_significant"
"KIF2C","Mock","ZIKV",27.2557,16.6906,-0.707524,5e-05,"yes",0.000320686218678815,"Not_significant"
"EPPK1","Mock","ZIKV",3.71351,2.27445,-0.70727,5e-05,"yes",0.000320686218678815,"Not_significant"
"SDHAF2","Mock","ZIKV",16.9809,10.4047,-0.706677,5e-05,"yes",0.000320686218678815,"Not_significant"
"GSTA4","Mock","ZIKV",99.5659,61.0874,-0.704777,5e-05,"yes",0.000320686218678815,"Not_significant"
"PARP16","Mock","ZIKV",6.15647,3.77915,-0.704042,5e-05,"yes",0.000320686218678815,"Not_significant"
"C8orf42","Mock","ZIKV",34.1637,20.9715,-0.704036,5e-05,"yes",0.000320686218678815,"Not_significant"
"MPLKIP","Mock","ZIKV",24.4184,15.0014,-0.702867,5e-05,"yes",0.000320686218678815,"Not_significant"
"ACACB","Mock","ZIKV",1.78743,1.09857,-0.702253,5e-05,"yes",0.000320686218678815,"Not_significant"
"GJD2","Mock","ZIKV",26.2264,16.1222,-0.701966,5e-05,"yes",0.000320686218678815,"Not_significant"
"MELK","Mock","ZIKV",14.1304,8.68878,-0.701572,5e-05,"yes",0.000320686218678815,"Not_significant"
"NUDT14","Mock","ZIKV",16.8909,10.389,-0.701187,5e-05,"yes",0.000320686218678815,"Not_significant"
"MUS81","Mock","ZIKV",22.7568,13.997,-0.701174,5e-05,"yes",0.000320686218678815,"Not_significant"
"TCN2","Mock","ZIKV",10.2843,6.32699,-0.700853,5e-05,"yes",0.000320686218678815,"Not_significant"
"TAF11","Mock","ZIKV",31.0961,19.1622,-0.698474,5e-05,"yes",0.000320686218678815,"Not_significant"
"COL1A1","Mock","ZIKV",2.26989,1.40028,-0.696907,5e-05,"yes",0.000320686218678815,"Not_significant"
"MPDU1","Mock","ZIKV",35.0093,21.6025,-0.696537,5e-05,"yes",0.000320686218678815,"Not_significant"
"COQ10A","Mock","ZIKV",11.0287,6.80769,-0.696028,5e-05,"yes",0.000320686218678815,"Not_significant"
"ADAM1A","Mock","ZIKV",6.88905,4.25289,-0.69586,5e-05,"yes",0.000320686218678815,"Not_significant"
"UBE2G2","Mock","ZIKV",46.7288,28.8602,-0.695233,5e-05,"yes",0.000320686218678815,"Not_significant"
"MYO5C","Mock","ZIKV",1.41441,0.873562,-0.695217,5e-05,"yes",0.000320686218678815,"Not_significant"
"C2orf68","Mock","ZIKV",12.3057,7.60101,-0.695062,5e-05,"yes",0.000320686218678815,"Not_significant"
"HMGN4","Mock","ZIKV",30.2636,18.6957,-0.694879,5e-05,"yes",0.000320686218678815,"Not_significant"
"ZNF418","Mock","ZIKV",5.72124,3.53451,-0.694815,5e-05,"yes",0.000320686218678815,"Not_significant"
"DLG3","Mock","ZIKV",25.5002,15.7546,-0.694731,5e-05,"yes",0.000320686218678815,"Not_significant"
"HEXA","Mock","ZIKV",20.8204,12.8679,-0.694217,5e-05,"yes",0.000320686218678815,"Not_significant"
"CDK10","Mock","ZIKV",29.1993,18.0553,-0.693509,5e-05,"yes",0.000320686218678815,"Not_significant"
"SEPN1","Mock","ZIKV",62.598,38.7101,-0.693407,5e-05,"yes",0.000320686218678815,"Not_significant"
"RECQL4","Mock","ZIKV",13.6361,8.43313,-0.69329,5e-05,"yes",0.000320686218678815,"Not_significant"
"SNN","Mock","ZIKV",84.745,52.457,-0.691993,5e-05,"yes",0.000320686218678815,"Not_significant"
"SLC35B2","Mock","ZIKV",33.8128,20.9396,-0.691339,5e-05,"yes",0.000320686218678815,"Not_significant"
"METTL4","Mock","ZIKV",5.47688,3.39356,-0.690555,5e-05,"yes",0.000320686218678815,"Not_significant"
"HJURP","Mock","ZIKV",16.803,10.4129,-0.690348,5e-05,"yes",0.000320686218678815,"Not_significant"
"FRG1B","Mock","ZIKV",40.3503,25.023,-0.689328,5e-05,"yes",0.000320686218678815,"Not_significant"
"SLC38A10","Mock","ZIKV",23.3052,14.453,-0.689285,5e-05,"yes",0.000320686218678815,"Not_significant"
"TCTN3","Mock","ZIKV",22.3331,13.8538,-0.688909,5e-05,"yes",0.000320686218678815,"Not_significant"
"PRC1","Mock","ZIKV",38.9837,24.1833,-0.688862,5e-05,"yes",0.000320686218678815,"Not_significant"
"ALDH5A1","Mock","ZIKV",5.89546,3.65773,-0.688655,5e-05,"yes",0.000320686218678815,"Not_significant"
"INF2","Mock","ZIKV",5.76785,3.5791,-0.688437,5e-05,"yes",0.000320686218678815,"Not_significant"
"ITFG3","Mock","ZIKV",33.7168,20.9393,-0.687254,5e-05,"yes",0.000320686218678815,"Not_significant"
"TMEM136","Mock","ZIKV",9.75877,6.06103,-0.687136,5e-05,"yes",0.000320686218678815,"Not_significant"
"PRDM15","Mock","ZIKV",3.60626,2.23992,-0.687059,5e-05,"yes",0.000320686218678815,"Not_significant"
"GANAB","Mock","ZIKV",130.926,81.3229,-0.687022,5e-05,"yes",0.000320686218678815,"Not_significant"
"NHLRC3","Mock","ZIKV",14.5622,9.0487,-0.686446,5e-05,"yes",0.000320686218678815,"Not_significant"
"NT5M","Mock","ZIKV",6.21157,3.86074,-0.68608,5e-05,"yes",0.000320686218678815,"Not_significant"
"CALCOCO1","Mock","ZIKV",29.53,18.3599,-0.685624,5e-05,"yes",0.000320686218678815,"Not_significant"
"SLC35C2","Mock","ZIKV",21.4913,13.3643,-0.685371,5e-05,"yes",0.000320686218678815,"Not_significant"
"CHTF18","Mock","ZIKV",19.3798,12.0526,-0.685205,5e-05,"yes",0.000320686218678815,"Not_significant"
"SPAG7","Mock","ZIKV",59.4307,36.9621,-0.685163,5e-05,"yes",0.000320686218678815,"Not_significant"
"BTG2","Mock","ZIKV",53.1858,33.0844,-0.684889,5e-05,"yes",0.000320686218678815,"Not_significant"
"ID4","Mock","ZIKV",104.264,64.8898,-0.684183,5e-05,"yes",0.000320686218678815,"Not_significant"
"KLHL35","Mock","ZIKV",24.9937,15.5654,-0.683224,5e-05,"yes",0.000320686218678815,"Not_significant"
"EPHA7","Mock","ZIKV",52.2903,32.567,-0.683131,5e-05,"yes",0.000320686218678815,"Not_significant"
"TMEM69","Mock","ZIKV",16.6906,10.3962,-0.682984,5e-05,"yes",0.000320686218678815,"Not_significant"
"CDC42SE1","Mock","ZIKV",34.5245,21.5066,-0.682842,5e-05,"yes",0.000320686218678815,"Not_significant"
"MRE11A","Mock","ZIKV",6.79169,4.23261,-0.682224,5e-05,"yes",0.000320686218678815,"Not_significant"
"NUF2","Mock","ZIKV",33.3469,20.7872,-0.681853,5e-05,"yes",0.000320686218678815,"Not_significant"
"H2AFZ","Mock","ZIKV",441.198,275.062,-0.681667,5e-05,"yes",0.000320686218678815,"Not_significant"
"TBC1D2B","Mock","ZIKV",4.1347,2.5784,-0.681302,5e-05,"yes",0.000320686218678815,"Not_significant"
"PCBD2","Mock","ZIKV",5.22775,3.26056,-0.681067,5e-05,"yes",0.000320686218678815,"Not_significant"
"SLC39A13","Mock","ZIKV",15.2722,9.52648,-0.680894,5e-05,"yes",0.000320686218678815,"Not_significant"
"FAM219B","Mock","ZIKV",37.2838,23.2792,-0.679507,5e-05,"yes",0.000320686218678815,"Not_significant"
"PLCE1","Mock","ZIKV",2.68197,1.67575,-0.678482,5e-05,"yes",0.000320686218678815,"Not_significant"
"HMGXB4","Mock","ZIKV",13.4703,8.41999,-0.677891,5e-05,"yes",0.000320686218678815,"Not_significant"
"KIT","Mock","ZIKV",7.08786,4.43174,-0.677477,5e-05,"yes",0.000320686218678815,"Not_significant"
"ASRGL1","Mock","ZIKV",13.8071,8.63412,-0.67729,5e-05,"yes",0.000320686218678815,"Not_significant"
"PMF1","Mock","ZIKV",30.0704,18.8042,-0.677288,5e-05,"yes",0.000320686218678815,"Not_significant"
"CEP192","Mock","ZIKV",11.4038,7.13323,-0.676881,5e-05,"yes",0.000320686218678815,"Not_significant"
"CALML4","Mock","ZIKV",6.63188,4.14978,-0.676382,5e-05,"yes",0.000320686218678815,"Not_significant"
"ARHGAP11A","Mock","ZIKV",11.4842,7.18848,-0.675886,5e-05,"yes",0.000320686218678815,"Not_significant"
"CD151","Mock","ZIKV",40.1021,25.1035,-0.675788,5e-05,"yes",0.000320686218678815,"Not_significant"
"LOC220729","Mock","ZIKV",9.5746,5.99377,-0.675749,5e-05,"yes",0.000320686218678815,"Not_significant"
"INO80C","Mock","ZIKV",12.856,8.04885,-0.675585,5e-05,"yes",0.000320686218678815,"Not_significant"
"TTC12","Mock","ZIKV",7.23491,4.53117,-0.67509,5e-05,"yes",0.000320686218678815,"Not_significant"
"ADAM15","Mock","ZIKV",12.8113,8.02596,-0.674666,5e-05,"yes",0.000320686218678815,"Not_significant"
"STAG3L4","Mock","ZIKV",6.4847,4.06385,-0.674193,5e-05,"yes",0.000320686218678815,"Not_significant"
"MSH2","Mock","ZIKV",27.1304,17.0044,-0.674005,5e-05,"yes",0.000320686218678815,"Not_significant"
"HMMR","Mock","ZIKV",9.82922,6.16244,-0.673575,5e-05,"yes",0.000320686218678815,"Not_significant"
"DSN1","Mock","ZIKV",10.2722,6.44194,-0.673173,5e-05,"yes",0.000320686218678815,"Not_significant"
"TMEM129","Mock","ZIKV",22.1897,13.9221,-0.672518,5e-05,"yes",0.000320686218678815,"Not_significant"
"STRADB","Mock","ZIKV",15.346,9.63535,-0.671457,5e-05,"yes",0.000320686218678815,"Not_significant"
"PRIM1","Mock","ZIKV",13.3497,8.38247,-0.671359,5e-05,"yes",0.000320686218678815,"Not_significant"
"ANKS6","Mock","ZIKV",7.40213,4.64909,-0.670991,5e-05,"yes",0.000320686218678815,"Not_significant"
"C1orf63","Mock","ZIKV",18.5891,11.6811,-0.670273,5e-05,"yes",0.000320686218678815,"Not_significant"
"PCDHB5","Mock","ZIKV",22.3045,14.0165,-0.670206,5e-05,"yes",0.000320686218678815,"Not_significant"
"LRRC8B","Mock","ZIKV",5.51715,3.46907,-0.669373,5e-05,"yes",0.000320686218678815,"Not_significant"
"SLC36A1","Mock","ZIKV",4.13902,2.60294,-0.669148,5e-05,"yes",0.000320686218678815,"Not_significant"
"NDC80","Mock","ZIKV",20.6176,12.9684,-0.668883,5e-05,"yes",0.000320686218678815,"Not_significant"
"CEP85","Mock","ZIKV",12.7455,8.01767,-0.668738,5e-05,"yes",0.000320686218678815,"Not_significant"
"AGPAT1","Mock","ZIKV",84.5437,53.1879,-0.668599,5e-05,"yes",0.000320686218678815,"Not_significant"
"B3GALTL","Mock","ZIKV",5.21221,3.28314,-0.666816,5e-05,"yes",0.000320686218678815,"Not_significant"
"USP16","Mock","ZIKV",20.1801,12.7131,-0.666622,5e-05,"yes",0.000320686218678815,"Not_significant"
"LINC00263","Mock","ZIKV",23.7837,14.9837,-0.66658,5e-05,"yes",0.000320686218678815,"Not_significant"
"NRM","Mock","ZIKV",30.9159,19.4797,-0.666374,5e-05,"yes",0.000320686218678815,"Not_significant"
"ZIC3","Mock","ZIKV",43.2195,27.2335,-0.666299,5e-05,"yes",0.000320686218678815,"Not_significant"
"KNSTRN","Mock","ZIKV",25.0146,15.7761,-0.665031,5e-05,"yes",0.000320686218678815,"Not_significant"
"SH3D19","Mock","ZIKV",3.88217,2.4486,-0.664909,5e-05,"yes",0.000320686218678815,"Not_significant"
"NUP85","Mock","ZIKV",15.3756,9.69817,-0.664856,5e-05,"yes",0.000320686218678815,"Not_significant"
"ZNF33A","Mock","ZIKV",17.2639,10.8934,-0.664305,5e-05,"yes",0.000320686218678815,"Not_significant"
"ZNF302","Mock","ZIKV",17.3964,10.9862,-0.663091,5e-05,"yes",0.000320686218678815,"Not_significant"
"RAB1B","Mock","ZIKV",54.2274,34.2548,-0.662714,5e-05,"yes",0.000320686218678815,"Not_significant"
"LOC93622","Mock","ZIKV",8.81685,5.56958,-0.662694,5e-05,"yes",0.000320686218678815,"Not_significant"
"NUP107","Mock","ZIKV",27.0305,17.085,-0.661859,5e-05,"yes",0.000320686218678815,"Not_significant"
"SPTB","Mock","ZIKV",1.56387,0.989009,-0.661061,5e-05,"yes",0.000320686218678815,"Not_significant"
"MSH6","Mock","ZIKV",39.6767,25.1036,-0.660397,5e-05,"yes",0.000320686218678815,"Not_significant"
"TSPAN9","Mock","ZIKV",8.55005,5.41045,-0.660185,5e-05,"yes",0.000320686218678815,"Not_significant"
"HNRNPA2B1","Mock","ZIKV",417.417,264.166,-0.660041,5e-05,"yes",0.000320686218678815,"Not_significant"
"CDH11","Mock","ZIKV",22.4476,14.2096,-0.659695,5e-05,"yes",0.000320686218678815,"Not_significant"
"WDR90","Mock","ZIKV",12.5446,7.94181,-0.659532,5e-05,"yes",0.000320686218678815,"Not_significant"
"MYCBP","Mock","ZIKV",4.90333,3.10524,-0.659056,5e-05,"yes",0.000320686218678815,"Not_significant"
"BCAM","Mock","ZIKV",8.48533,5.37475,-0.658773,5e-05,"yes",0.000320686218678815,"Not_significant"
"DUT","Mock","ZIKV",33.4923,21.2162,-0.658667,5e-05,"yes",0.000320686218678815,"Not_significant"
"NAA40","Mock","ZIKV",29.4235,18.6424,-0.658386,5e-05,"yes",0.000320686218678815,"Not_significant"
"SPARC","Mock","ZIKV",356.284,225.828,-0.657801,5e-05,"yes",0.000320686218678815,"Not_significant"
"HMGB1","Mock","ZIKV",229.649,145.591,-0.657507,5e-05,"yes",0.000320686218678815,"Not_significant"
"DUS3L","Mock","ZIKV",7.54724,4.7861,-0.6571,5e-05,"yes",0.000320686218678815,"Not_significant"
"HNRNPA1","Mock","ZIKV",1031.03,653.864,-0.657028,5e-05,"yes",0.000320686218678815,"Not_significant"
"WDR35","Mock","ZIKV",13.2439,8.40272,-0.656403,5e-05,"yes",0.000320686218678815,"Not_significant"
"TMEM18","Mock","ZIKV",13.6352,8.65245,-0.656158,5e-05,"yes",0.000320686218678815,"Not_significant"
"PLP1","Mock","ZIKV",6.7312,4.2718,-0.656019,5e-05,"yes",0.000320686218678815,"Not_significant"
"SMG9","Mock","ZIKV",18.6653,11.8462,-0.655926,5e-05,"yes",0.000320686218678815,"Not_significant"
"ZNF37A","Mock","ZIKV",6.97163,4.42589,-0.65553,5e-05,"yes",0.000320686218678815,"Not_significant"
"RTKN2","Mock","ZIKV",7.7348,4.91078,-0.655413,5e-05,"yes",0.000320686218678815,"Not_significant"
"CLEC2D","Mock","ZIKV",3.48628,2.21374,-0.655202,5e-05,"yes",0.000320686218678815,"Not_significant"
"RGS20","Mock","ZIKV",15.7226,9.98786,-0.654593,5e-05,"yes",0.000320686218678815,"Not_significant"
"ALG10B","Mock","ZIKV",2.96422,1.88361,-0.654151,5e-05,"yes",0.000320686218678815,"Not_significant"
"KIF22","Mock","ZIKV",40.1668,25.5424,-0.653111,5e-05,"yes",0.000320686218678815,"Not_significant"
"BANF1","Mock","ZIKV",91.1434,57.9642,-0.652978,5e-05,"yes",0.000320686218678815,"Not_significant"
"DCTPP1","Mock","ZIKV",22.822,14.5151,-0.652872,5e-05,"yes",0.000320686218678815,"Not_significant"
"ORAOV1","Mock","ZIKV",8.34298,5.3063,-0.652857,5e-05,"yes",0.000320686218678815,"Not_significant"
"DPM2","Mock","ZIKV",15.0161,9.56679,-0.6504,5e-05,"yes",0.000320686218678815,"Not_significant"
"SOX21","Mock","ZIKV",76.5432,48.8048,-0.649252,5e-05,"yes",0.000320686218678815,"Not_significant"
"FKTN","Mock","ZIKV",7.34632,4.68446,-0.649138,5e-05,"yes",0.000320686218678815,"Not_significant"
"MPND","Mock","ZIKV",23.2563,14.8331,-0.648804,5e-05,"yes",0.000320686218678815,"Not_significant"
"LANCL2","Mock","ZIKV",10.2283,6.52485,-0.648554,5e-05,"yes",0.000320686218678815,"Not_significant"
"EML3","Mock","ZIKV",3.77865,2.41156,-0.647905,5e-05,"yes",0.000320686218678815,"Not_significant"
"LAMA2","Mock","ZIKV",1.36617,0.872201,-0.647401,5e-05,"yes",0.000320686218678815,"Not_significant"
"MYO1B","Mock","ZIKV",14.766,9.42941,-0.64704,5e-05,"yes",0.000320686218678815,"Not_significant"
"DCAKD","Mock","ZIKV",25.2621,16.1444,-0.645947,5e-05,"yes",0.000320686218678815,"Not_significant"
"SYT2","Mock","ZIKV",11.4574,7.32232,-0.645907,5e-05,"yes",0.000320686218678815,"Not_significant"
"NFE2L3","Mock","ZIKV",4.85753,3.10488,-0.645683,5e-05,"yes",0.000320686218678815,"Not_significant"
"HNRNPM","Mock","ZIKV",151.081,96.5866,-0.645431,5e-05,"yes",0.000320686218678815,"Not_significant"
"MDC1","Mock","ZIKV",15.6968,10.0373,-0.645099,5e-05,"yes",0.000320686218678815,"Not_significant"
"B3GAT1","Mock","ZIKV",29.8234,19.0726,-0.644941,5e-05,"yes",0.000320686218678815,"Not_significant"
"LAMC1","Mock","ZIKV",19.1945,12.2876,-0.643483,5e-05,"yes",0.000320686218678815,"Not_significant"
"TTYH1","Mock","ZIKV",341.801,218.977,-0.642373,5e-05,"yes",0.000320686218678815,"Not_significant"
"GLT25D1","Mock","ZIKV",22.6935,14.5411,-0.64215,5e-05,"yes",0.000320686218678815,"Not_significant"
"ECEL1","Mock","ZIKV",14.0354,8.99854,-0.641305,5e-05,"yes",0.000320686218678815,"Not_significant"
"ZNF407","Mock","ZIKV",2.48469,1.59354,-0.640833,5e-05,"yes",0.000320686218678815,"Not_significant"
"PASK","Mock","ZIKV",9.76116,6.26235,-0.640348,5e-05,"yes",0.000320686218678815,"Not_significant"
"SLC35E2","Mock","ZIKV",13.7223,8.80665,-0.639852,5e-05,"yes",0.000320686218678815,"Not_significant"
"CYYR1","Mock","ZIKV",14.1996,9.12206,-0.638419,5e-05,"yes",0.000320686218678815,"Not_significant"
"SVIL","Mock","ZIKV",14.4027,9.2527,-0.638392,5e-05,"yes",0.000320686218678815,"Not_significant"
"HAUS6","Mock","ZIKV",14.7976,9.50677,-0.638333,5e-05,"yes",0.000320686218678815,"Not_significant"
"C1orf233","Mock","ZIKV",6.63447,4.26339,-0.637979,5e-05,"yes",0.000320686218678815,"Not_significant"
"CDH2","Mock","ZIKV",280.105,180.004,-0.637936,5e-05,"yes",0.000320686218678815,"Not_significant"
"VRK1","Mock","ZIKV",21.7761,13.9973,-0.637597,5e-05,"yes",0.000320686218678815,"Not_significant"
"MANBAL","Mock","ZIKV",36.5394,23.4873,-0.637573,5e-05,"yes",0.000320686218678815,"Not_significant"
"MFSD2A","Mock","ZIKV",6.91961,4.44831,-0.637432,5e-05,"yes",0.000320686218678815,"Not_significant"
"SLC6A6","Mock","ZIKV",9.49789,6.10697,-0.637152,5e-05,"yes",0.000320686218678815,"Not_significant"
"GAR1","Mock","ZIKV",14.9982,9.6436,-0.637144,5e-05,"yes",0.000320686218678815,"Not_significant"
"PRKDC","Mock","ZIKV",46.1229,29.6784,-0.636071,5e-05,"yes",0.000320686218678815,"Not_significant"
"GCNT2","Mock","ZIKV",6.91168,4.44743,-0.636064,5e-05,"yes",0.000320686218678815,"Not_significant"
"LOC400027","Mock","ZIKV",10.691,6.88089,-0.635728,5e-05,"yes",0.000320686218678815,"Not_significant"
"ITGB8","Mock","ZIKV",26.0808,16.7892,-0.635452,5e-05,"yes",0.000320686218678815,"Not_significant"
"RBM12B","Mock","ZIKV",14.3785,9.26113,-0.63465,5e-05,"yes",0.000320686218678815,"Not_significant"
"ING4","Mock","ZIKV",44.4268,28.6257,-0.634121,5e-05,"yes",0.000320686218678815,"Not_significant"
"ATRNL1","Mock","ZIKV",8.67215,5.59138,-0.633186,5e-05,"yes",0.000320686218678815,"Not_significant"
"F2R","Mock","ZIKV",37.9785,24.4906,-0.632952,5e-05,"yes",0.000320686218678815,"Not_significant"
"B3GNT5","Mock","ZIKV",13.7836,8.89116,-0.632511,5e-05,"yes",0.000320686218678815,"Not_significant"
"FZD4","Mock","ZIKV",4.24803,2.74095,-0.632115,5e-05,"yes",0.000320686218678815,"Not_significant"
"TMEM97","Mock","ZIKV",44.8681,28.9527,-0.631991,5e-05,"yes",0.000320686218678815,"Not_significant"
"FAM110A","Mock","ZIKV",18.4106,11.8914,-0.630609,5e-05,"yes",0.000320686218678815,"Not_significant"
"TRAF3IP2-AS1","Mock","ZIKV",17.4807,11.2919,-0.63048,5e-05,"yes",0.000320686218678815,"Not_significant"
"RBMX","Mock","ZIKV",276.055,178.511,-0.62894,5e-05,"yes",0.000320686218678815,"Not_significant"
"UTP20","Mock","ZIKV",4.01247,2.5962,-0.62809,5e-05,"yes",0.000320686218678815,"Not_significant"
"CDC25A","Mock","ZIKV",12.337,7.98438,-0.627742,5e-05,"yes",0.000320686218678815,"Not_significant"
"MOXD1","Mock","ZIKV",4.19409,2.71508,-0.627364,5e-05,"yes",0.000320686218678815,"Not_significant"
"CDKN3","Mock","ZIKV",19.8232,12.8332,-0.62731,5e-05,"yes",0.000320686218678815,"Not_significant"
"SPON1","Mock","ZIKV",2.42708,1.5715,-0.627075,5e-05,"yes",0.000320686218678815,"Not_significant"
"ZBTB22","Mock","ZIKV",12.6324,8.18308,-0.62641,5e-05,"yes",0.000320686218678815,"Not_significant"
"NFATC2IP","Mock","ZIKV",17.5617,11.3805,-0.625872,5e-05,"yes",0.000320686218678815,"Not_significant"
"ZIC1","Mock","ZIKV",71.68,46.4598,-0.625589,5e-05,"yes",0.000320686218678815,"Not_significant"
"MOV10","Mock","ZIKV",9.40854,6.09924,-0.62534,5e-05,"yes",0.000320686218678815,"Not_significant"
"ORMDL1","Mock","ZIKV",26.4076,17.1253,-0.62483,5e-05,"yes",0.000320686218678815,"Not_significant"
"ZNF738","Mock","ZIKV",7.28569,4.72507,-0.624729,5e-05,"yes",0.000320686218678815,"Not_significant"
"PLA2G12A","Mock","ZIKV",4.82803,3.13235,-0.624191,5e-05,"yes",0.000320686218678815,"Not_significant"
"KIAA0922","Mock","ZIKV",10.1094,6.55898,-0.624151,5e-05,"yes",0.000320686218678815,"Not_significant"
"LPAR2","Mock","ZIKV",44.7816,29.0557,-0.624083,5e-05,"yes",0.000320686218678815,"Not_significant"
"KCNK10","Mock","ZIKV",7.50386,4.87117,-0.623364,5e-05,"yes",0.000320686218678815,"Not_significant"
"HSPG2","Mock","ZIKV",9.28901,6.03329,-0.62258,5e-05,"yes",0.000320686218678815,"Not_significant"
"CELF5","Mock","ZIKV",33.9063,22.0239,-0.622487,5e-05,"yes",0.000320686218678815,"Not_significant"
"SLC16A1","Mock","ZIKV",29.7987,19.3662,-0.621706,5e-05,"yes",0.000320686218678815,"Not_significant"
"STRA13","Mock","ZIKV",33.1992,21.5813,-0.62137,5e-05,"yes",0.000320686218678815,"Not_significant"
"FAM136A","Mock","ZIKV",20.671,13.4442,-0.620627,5e-05,"yes",0.000320686218678815,"Not_significant"
"C17orf51","Mock","ZIKV",6.04844,3.93528,-0.620097,5e-05,"yes",0.000320686218678815,"Not_significant"
"MASTL","Mock","ZIKV",10.1636,6.61346,-0.61993,5e-05,"yes",0.000320686218678815,"Not_significant"
"ERI1","Mock","ZIKV",4.97097,3.2359,-0.619361,5e-05,"yes",0.000320686218678815,"Not_significant"
"GALC","Mock","ZIKV",20.8485,13.5972,-0.616639,5e-05,"yes",0.000320686218678815,"Not_significant"
"C19orf55","Mock","ZIKV",8.15365,5.32026,-0.61595,5e-05,"yes",0.000320686218678815,"Not_significant"
"RAD18","Mock","ZIKV",4.11143,2.68345,-0.615554,5e-05,"yes",0.000320686218678815,"Not_significant"
"HIF1AN","Mock","ZIKV",14.9454,9.75484,-0.615515,5e-05,"yes",0.000320686218678815,"Not_significant"
"FAM57A","Mock","ZIKV",14.1758,9.25583,-0.614995,5e-05,"yes",0.000320686218678815,"Not_significant"
"LPCAT2","Mock","ZIKV",2.13205,1.39214,-0.614942,5e-05,"yes",0.000320686218678815,"Not_significant"
"FAM83D","Mock","ZIKV",9.39612,6.13704,-0.614522,5e-05,"yes",0.000320686218678815,"Not_significant"
"CCDC136","Mock","ZIKV",16.2085,10.5869,-0.614472,5e-05,"yes",0.000320686218678815,"Not_significant"
"RALGAPA2","Mock","ZIKV",6.32326,4.1311,-0.61414,5e-05,"yes",0.000320686218678815,"Not_significant"
"PTPRZ1","Mock","ZIKV",146.435,95.6809,-0.613961,5e-05,"yes",0.000320686218678815,"Not_significant"
"NBN","Mock","ZIKV",8.12039,5.31714,-0.610899,5e-05,"yes",0.000320686218678815,"Not_significant"
"SKA2","Mock","ZIKV",50.3187,32.9525,-0.610707,5e-05,"yes",0.000320686218678815,"Not_significant"
"BAIAP2-AS1","Mock","ZIKV",16.726,10.9556,-0.610425,5e-05,"yes",0.000320686218678815,"Not_significant"
"MAATS1","Mock","ZIKV",9.5943,6.28435,-0.610414,5e-05,"yes",0.000320686218678815,"Not_significant"
"FGD5-AS1","Mock","ZIKV",79.6928,52.2168,-0.609934,5e-05,"yes",0.000320686218678815,"Not_significant"
"LDHA","Mock","ZIKV",16.1641,10.5971,-0.609123,5e-05,"yes",0.000320686218678815,"Not_significant"
"BLOC1S1","Mock","ZIKV",69.1709,45.356,-0.608871,5e-05,"yes",0.000320686218678815,"Not_significant"
"CENPJ","Mock","ZIKV",8.84084,5.79895,-0.608392,5e-05,"yes",0.000320686218678815,"Not_significant"
"C22orf39","Mock","ZIKV",20.3488,13.3476,-0.608362,5e-05,"yes",0.000320686218678815,"Not_significant"
"ENSA","Mock","ZIKV",75.9913,49.854,-0.608124,5e-05,"yes",0.000320686218678815,"Not_significant"
"LINC00641","Mock","ZIKV",36.1267,23.7073,-0.607734,5e-05,"yes",0.000320686218678815,"Not_significant"
"PAX6","Mock","ZIKV",70.309,46.1411,-0.607659,5e-05,"yes",0.000320686218678815,"Not_significant"
"UBR7","Mock","ZIKV",15.0321,9.86759,-0.607274,5e-05,"yes",0.000320686218678815,"Not_significant"
"ARSD","Mock","ZIKV",3.14509,2.06465,-0.607204,5e-05,"yes",0.000320686218678815,"Not_significant"
"ZNF497","Mock","ZIKV",6.61936,4.34735,-0.606556,5e-05,"yes",0.000320686218678815,"Not_significant"
"ADAMTS6","Mock","ZIKV",1.92667,1.26562,-0.606272,5e-05,"yes",0.000320686218678815,"Not_significant"
"BLVRA","Mock","ZIKV",14.5469,9.5655,-0.604804,5e-05,"yes",0.000320686218678815,"Not_significant"
"AP1S1","Mock","ZIKV",36.1717,23.7852,-0.604795,5e-05,"yes",0.000320686218678815,"Not_significant"
"CHID1","Mock","ZIKV",21.052,13.8434,-0.604759,5e-05,"yes",0.000320686218678815,"Not_significant"
"PEBP1","Mock","ZIKV",149.878,98.5693,-0.604581,5e-05,"yes",0.000320686218678815,"Not_significant"
"ELP5","Mock","ZIKV",26.9775,17.7446,-0.604383,5e-05,"yes",0.000320686218678815,"Not_significant"
"TRIM9","Mock","ZIKV",7.18217,4.72474,-0.604184,5e-05,"yes",0.000320686218678815,"Not_significant"
"EID1","Mock","ZIKV",133.561,87.8819,-0.603862,5e-05,"yes",0.000320686218678815,"Not_significant"
"C14orf132","Mock","ZIKV",35.2417,23.1996,-0.603184,5e-05,"yes",0.000320686218678815,"Not_significant"
"CNTLN","Mock","ZIKV",4.87771,3.212,-0.60273,5e-05,"yes",0.000320686218678815,"Not_significant"
"SEPHS1","Mock","ZIKV",38.2558,25.2063,-0.601893,5e-05,"yes",0.000320686218678815,"Not_significant"
"CACHD1","Mock","ZIKV",50.1694,33.057,-0.601854,5e-05,"yes",0.000320686218678815,"Not_significant"
"TRIM41","Mock","ZIKV",16.7495,11.0491,-0.600188,5e-05,"yes",0.000320686218678815,"Not_significant"
"SAMD5","Mock","ZIKV",12.8433,8.47451,-0.599814,5e-05,"yes",0.000320686218678815,"Not_significant"
"ACTB","Mock","ZIKV",2414.43,1593.65,-0.59935,5e-05,"yes",0.000320686218678815,"Not_significant"
"SNRPE","Mock","ZIKV",52.3889,34.5838,-0.599165,5e-05,"yes",0.000320686218678815,"Not_significant"
"SMO","Mock","ZIKV",43.6145,28.8008,-0.598699,5e-05,"yes",0.000320686218678815,"Not_significant"
"KIAA1456","Mock","ZIKV",5.09339,3.36354,-0.598647,5e-05,"yes",0.000320686218678815,"Not_significant"
"C6orf170","Mock","ZIKV",5.30193,3.5024,-0.598176,5e-05,"yes",0.000320686218678815,"Not_significant"
"RASL10B","Mock","ZIKV",6.28321,4.15172,-0.597791,5e-05,"yes",0.000320686218678815,"Not_significant"
"MFSD10","Mock","ZIKV",34.7549,22.9651,-0.597773,5e-05,"yes",0.000320686218678815,"Not_significant"
"SMC1A","Mock","ZIKV",32.0651,21.1878,-0.597773,5e-05,"yes",0.000320686218678815,"Not_significant"
"PYURF","Mock","ZIKV",40.8734,27.013,-0.597509,5e-05,"yes",0.000320686218678815,"Not_significant"
"GTF3C2","Mock","ZIKV",18.1608,12.0108,-0.596492,5e-05,"yes",0.000320686218678815,"Not_significant"
"LRRC3","Mock","ZIKV",5.88396,3.90221,-0.592494,5e-05,"yes",0.000320686218678815,"Not_significant"
"BDH2","Mock","ZIKV",13.7832,9.14237,-0.59227,5e-05,"yes",0.000320686218678815,"Not_significant"
"PLOD2","Mock","ZIKV",10.5743,7.01476,-0.592102,5e-05,"yes",0.000320686218678815,"Not_significant"
"EPHB1","Mock","ZIKV",4.51965,2.99891,-0.591771,5e-05,"yes",0.000320686218678815,"Not_significant"
"NHLH1","Mock","ZIKV",87.4456,58.033,-0.591513,5e-05,"yes",0.000320686218678815,"Not_significant"
"ECT2","Mock","ZIKV",25.2115,16.7364,-0.591097,5e-05,"yes",0.000320686218678815,"Not_significant"
"MRPL23","Mock","ZIKV",48.8605,32.4619,-0.589921,5e-05,"yes",0.000320686218678815,"Not_significant"
"SLC1A6","Mock","ZIKV",10.0922,6.70889,-0.589102,5e-05,"yes",0.000320686218678815,"Not_significant"
"RHBDL3","Mock","ZIKV",23.6931,15.7585,-0.588342,5e-05,"yes",0.000320686218678815,"Not_significant"
"POP1","Mock","ZIKV",6.08427,4.04962,-0.587299,5e-05,"yes",0.000320686218678815,"Not_significant"
"DCBLD2","Mock","ZIKV",45.4848,30.2745,-0.587283,5e-05,"yes",0.000320686218678815,"Not_significant"
"ADH5","Mock","ZIKV",71.5935,47.6608,-0.587027,5e-05,"yes",0.000320686218678815,"Not_significant"
"PLEKHG3","Mock","ZIKV",4.42314,2.9451,-0.586752,5e-05,"yes",0.000320686218678815,"Not_significant"
"HNRNPD","Mock","ZIKV",180.182,119.986,-0.586584,5e-05,"yes",0.000320686218678815,"Not_significant"
"MDK","Mock","ZIKV",445.616,296.893,-0.585857,5e-05,"yes",0.000320686218678815,"Not_significant"
"FEZF1-AS1","Mock","ZIKV",167.516,111.613,-0.585796,5e-05,"yes",0.000320686218678815,"Not_significant"
"DRAXIN","Mock","ZIKV",28.1457,18.7589,-0.585335,5e-05,"yes",0.000320686218678815,"Not_significant"
"FGFR3","Mock","ZIKV",120.774,80.4981,-0.585281,5e-05,"yes",0.000320686218678815,"Not_significant"
"GTF2H5","Mock","ZIKV",4.15742,2.77179,-0.584868,5e-05,"yes",0.000320686218678815,"Not_significant"
"SRSF2","Mock","ZIKV",146.083,97.4208,-0.584489,5e-05,"yes",0.000320686218678815,"Not_significant"
"C2CD2","Mock","ZIKV",2.77769,1.85354,-0.583601,5e-05,"yes",0.000320686218678815,"Not_significant"
"SORBS3","Mock","ZIKV",22.4323,14.9693,-0.583568,5e-05,"yes",0.000320686218678815,"Not_significant"
"STMN3","Mock","ZIKV",68.8528,45.9501,-0.583448,5e-05,"yes",0.000320686218678815,"Not_significant"
"FAM20B","Mock","ZIKV",16.2401,10.8399,-0.58321,5e-05,"yes",0.000320686218678815,"Not_significant"
"SULF1","Mock","ZIKV",5.71865,3.81806,-0.582837,5e-05,"yes",0.000320686218678815,"Not_significant"
"CDCA2","Mock","ZIKV",5.51959,3.68521,-0.582816,5e-05,"yes",0.000320686218678815,"Not_significant"
"CHTF8","Mock","ZIKV",38.9017,25.9887,-0.581949,5e-05,"yes",0.000320686218678815,"Not_significant"
"TMEM132A","Mock","ZIKV",78.8727,52.6948,-0.581865,5e-05,"yes",0.000320686218678815,"Not_significant"
"RANBP1","Mock","ZIKV",174.579,116.652,-0.581673,5e-05,"yes",0.000320686218678815,"Not_significant"
"GXYLT1","Mock","ZIKV",4.40876,2.94772,-0.580773,5e-05,"yes",0.000320686218678815,"Not_significant"
"CHMP6","Mock","ZIKV",14.9266,9.98628,-0.579864,5e-05,"yes",0.000320686218678815,"Not_significant"
"SHF","Mock","ZIKV",10.3824,6.95698,-0.577601,5e-05,"yes",0.000320686218678815,"Not_significant"
"JUN","Mock","ZIKV",181.51,121.634,-0.577497,5e-05,"yes",0.000320686218678815,"Not_significant"
"FBXO5","Mock","ZIKV",14.863,9.96241,-0.577158,5e-05,"yes",0.000320686218678815,"Not_significant"
"PCDHB3","Mock","ZIKV",4.13301,2.77154,-0.576505,5e-05,"yes",0.000320686218678815,"Not_significant"
"LSM4","Mock","ZIKV",56.424,37.9225,-0.573257,5e-05,"yes",0.000320686218678815,"Not_significant"
"DESI1","Mock","ZIKV",13.7282,9.22871,-0.572946,5e-05,"yes",0.000320686218678815,"Not_significant"
"PDPN","Mock","ZIKV",8.70008,5.84898,-0.572844,5e-05,"yes",0.000320686218678815,"Not_significant"
"LOC401320","Mock","ZIKV",6.84966,4.60505,-0.572814,5e-05,"yes",0.000320686218678815,"Not_significant"
"BUB3","Mock","ZIKV",44.1799,29.7039,-0.572737,5e-05,"yes",0.000320686218678815,"Not_significant"
"CCDC94","Mock","ZIKV",12.9739,8.72327,-0.572667,5e-05,"yes",0.000320686218678815,"Not_significant"
"MARCKS","Mock","ZIKV",295.105,198.424,-0.572646,5e-05,"yes",0.000320686218678815,"Not_significant"
"GLDC","Mock","ZIKV",44.0576,29.6346,-0.572108,5e-05,"yes",0.000320686218678815,"Not_significant"
"MCRS1","Mock","ZIKV",35.1613,23.6559,-0.571788,5e-05,"yes",0.000320686218678815,"Not_significant"
"NR2F1","Mock","ZIKV",193.362,130.208,-0.570486,5e-05,"yes",0.000320686218678815,"Not_significant"
"HIGD2A","Mock","ZIKV",69.2308,46.6402,-0.569838,5e-05,"yes",0.000320686218678815,"Not_significant"
"TSEN15","Mock","ZIKV",18.9847,12.8065,-0.56796,5e-05,"yes",0.000320686218678815,"Not_significant"
"LETMD1","Mock","ZIKV",19.5343,13.1804,-0.567622,5e-05,"yes",0.000320686218678815,"Not_significant"
"PIGC","Mock","ZIKV",18.68,12.6066,-0.567319,5e-05,"yes",0.000320686218678815,"Not_significant"
"LOC100128252","Mock","ZIKV",19.1089,12.9006,-0.566802,5e-05,"yes",0.000320686218678815,"Not_significant"
"SH3GLB2","Mock","ZIKV",39.3191,26.5543,-0.566283,5e-05,"yes",0.000320686218678815,"Not_significant"
"SFMBT1","Mock","ZIKV",4.41223,2.98034,-0.56603,5e-05,"yes",0.000320686218678815,"Not_significant"
"BCL7A","Mock","ZIKV",36.113,24.3938,-0.566005,5e-05,"yes",0.000320686218678815,"Not_significant"
"FEZF2","Mock","ZIKV",33.6736,22.7522,-0.565609,5e-05,"yes",0.000320686218678815,"Not_significant"
"MRPS14","Mock","ZIKV",12.7694,8.63514,-0.564402,5e-05,"yes",0.000320686218678815,"Not_significant"
"SPDL1","Mock","ZIKV",14.6861,9.93315,-0.564133,5e-05,"yes",0.000320686218678815,"Not_significant"
"CMTM4","Mock","ZIKV",10.6555,7.20815,-0.563902,5e-05,"yes",0.000320686218678815,"Not_significant"
"TNFAIP8L1","Mock","ZIKV",5.89655,3.99005,-0.563464,5e-05,"yes",0.000320686218678815,"Not_significant"
"KPNA2","Mock","ZIKV",156.819,106.13,-0.563268,5e-05,"yes",0.000320686218678815,"Not_significant"
"ZNF84","Mock","ZIKV",20.7324,14.0312,-0.563248,5e-05,"yes",0.000320686218678815,"Not_significant"
"IGF2BP1","Mock","ZIKV",50.1748,33.9599,-0.563132,5e-05,"yes",0.000320686218678815,"Not_significant"
"MRPS21","Mock","ZIKV",131.882,89.2647,-0.563091,5e-05,"yes",0.000320686218678815,"Not_significant"
"STIL","Mock","ZIKV",4.72704,3.19957,-0.563059,5e-05,"yes",0.000320686218678815,"Not_significant"
"PGS1","Mock","ZIKV",13.7267,9.29184,-0.562948,5e-05,"yes",0.000320686218678815,"Not_significant"
"COA1","Mock","ZIKV",49.3658,33.4183,-0.562876,5e-05,"yes",0.000320686218678815,"Not_significant"
"CDK18","Mock","ZIKV",6.42175,4.3486,-0.562416,5e-05,"yes",0.000320686218678815,"Not_significant"
"LOC92249","Mock","ZIKV",12.1846,8.25162,-0.562312,5e-05,"yes",0.000320686218678815,"Not_significant"
"ZNF185","Mock","ZIKV",5.50601,3.72949,-0.56203,5e-05,"yes",0.000320686218678815,"Not_significant"
"BTAF1","Mock","ZIKV",37.5945,25.4716,-0.561635,5e-05,"yes",0.000320686218678815,"Not_significant"
"HAT1","Mock","ZIKV",26.6627,18.0688,-0.561321,5e-05,"yes",0.000320686218678815,"Not_significant"
"RNF170","Mock","ZIKV",11.9443,8.09944,-0.560431,5e-05,"yes",0.000320686218678815,"Not_significant"
"TTI1","Mock","ZIKV",14.2945,9.6952,-0.560113,5e-05,"yes",0.000320686218678815,"Not_significant"
"UGGT2","Mock","ZIKV",13.809,9.36891,-0.55966,5e-05,"yes",0.000320686218678815,"Not_significant"
"SNHG1","Mock","ZIKV",109.171,74.0757,-0.55952,5e-05,"yes",0.000320686218678815,"Not_significant"
"COL2A1","Mock","ZIKV",33.479,22.7375,-0.558182,5e-05,"yes",0.000320686218678815,"Not_significant"
"LAMB1","Mock","ZIKV",3.19672,2.17127,-0.558057,5e-05,"yes",0.000320686218678815,"Not_significant"
"CBX5","Mock","ZIKV",58.2842,39.5926,-0.557873,5e-05,"yes",0.000320686218678815,"Not_significant"
"PDCL3","Mock","ZIKV",23.5794,16.0195,-0.557701,5e-05,"yes",0.000320686218678815,"Not_significant"
"LOC152217","Mock","ZIKV",15.4931,10.5263,-0.55763,5e-05,"yes",0.000320686218678815,"Not_significant"
"ILF3","Mock","ZIKV",187.611,127.471,-0.557583,5e-05,"yes",0.000320686218678815,"Not_significant"
"EFNB3","Mock","ZIKV",63.2661,42.9875,-0.557516,5e-05,"yes",0.000320686218678815,"Not_significant"
"ASPSCR1","Mock","ZIKV",14.1706,9.63089,-0.557161,5e-05,"yes",0.000320686218678815,"Not_significant"
"STRA6","Mock","ZIKV",8.08185,5.49871,-0.555592,5e-05,"yes",0.000320686218678815,"Not_significant"
"GPRC5B","Mock","ZIKV",47.6125,32.3966,-0.555499,5e-05,"yes",0.000320686218678815,"Not_significant"
"LOC440905","Mock","ZIKV",17.1344,11.662,-0.555076,5e-05,"yes",0.000320686218678815,"Not_significant"
"PHLDB2","Mock","ZIKV",10.8645,7.39467,-0.555061,5e-05,"yes",0.000320686218678815,"Not_significant"
"ABCC5","Mock","ZIKV",22.8844,15.577,-0.554945,5e-05,"yes",0.000320686218678815,"Not_significant"
"SFT2D3","Mock","ZIKV",12.4115,8.44839,-0.554924,5e-05,"yes",0.000320686218678815,"Not_significant"
"ADAMTS7","Mock","ZIKV",27.8173,18.9351,-0.554923,5e-05,"yes",0.000320686218678815,"Not_significant"
"LINC00667","Mock","ZIKV",15.2434,10.3783,-0.554612,5e-05,"yes",0.000320686218678815,"Not_significant"
"CEP70","Mock","ZIKV",10.3576,7.05356,-0.554268,5e-05,"yes",0.000320686218678815,"Not_significant"
"ZNF428","Mock","ZIKV",46.2573,31.506,-0.554058,5e-05,"yes",0.000320686218678815,"Not_significant"
"GTF2H2B","Mock","ZIKV",10.7969,7.3546,-0.553901,5e-05,"yes",0.000320686218678815,"Not_significant"
"MORN4","Mock","ZIKV",19.3593,13.1893,-0.553655,5e-05,"yes",0.000320686218678815,"Not_significant"
"TSPAN14","Mock","ZIKV",27.2053,18.5364,-0.553529,5e-05,"yes",0.000320686218678815,"Not_significant"
"ADPGK","Mock","ZIKV",14.4839,9.8713,-0.553142,5e-05,"yes",0.000320686218678815,"Not_significant"
"TAF8","Mock","ZIKV",4.65234,3.17287,-0.552169,5e-05,"yes",0.000320686218678815,"Not_significant"
"PSPC1","Mock","ZIKV",59.2483,40.4314,-0.551296,5e-05,"yes",0.000320686218678815,"Not_significant"
"MIEN1","Mock","ZIKV",40.0975,27.365,-0.551183,5e-05,"yes",0.000320686218678815,"Not_significant"
"DUSP1","Mock","ZIKV",115.127,78.6092,-0.550454,5e-05,"yes",0.000320686218678815,"Not_significant"
"MBD3","Mock","ZIKV",43.8736,29.9578,-0.550419,5e-05,"yes",0.000320686218678815,"Not_significant"
"C9orf40","Mock","ZIKV",8.03684,5.48811,-0.55032,5e-05,"yes",0.000320686218678815,"Not_significant"
"CLDND1","Mock","ZIKV",34.4314,23.518,-0.549961,5e-05,"yes",0.000320686218678815,"Not_significant"
"TNFRSF19","Mock","ZIKV",17.8172,12.1703,-0.549907,5e-05,"yes",0.000320686218678815,"Not_significant"
"FBN3","Mock","ZIKV",8.16844,5.58201,-0.549276,5e-05,"yes",0.000320686218678815,"Not_significant"
"KIAA1147","Mock","ZIKV",17.9328,12.2563,-0.549075,5e-05,"yes",0.000320686218678815,"Not_significant"
"KCNQ2","Mock","ZIKV",59.1312,40.4138,-0.549071,5e-05,"yes",0.000320686218678815,"Not_significant"
"DPH2","Mock","ZIKV",7.0312,4.80593,-0.548953,5e-05,"yes",0.000320686218678815,"Not_significant"
"LMNB2","Mock","ZIKV",48.9303,33.4504,-0.548703,5e-05,"yes",0.000320686218678815,"Not_significant"
"RFC2","Mock","ZIKV",18.5816,12.7048,-0.548496,5e-05,"yes",0.000320686218678815,"Not_significant"
"MGC27345","Mock","ZIKV",3.45213,2.36296,-0.546889,5e-05,"yes",0.000320686218678815,"Not_significant"
"PTDSS2","Mock","ZIKV",24.7198,16.9327,-0.54586,5e-05,"yes",0.000320686218678815,"Not_significant"
"PNN","Mock","ZIKV",94.8651,64.9893,-0.545675,5e-05,"yes",0.000320686218678815,"Not_significant"
"ENY2","Mock","ZIKV",26.7948,18.3626,-0.545179,5e-05,"yes",0.000320686218678815,"Not_significant"
"RBBP9","Mock","ZIKV",7.83964,5.37288,-0.545092,5e-05,"yes",0.000320686218678815,"Not_significant"
"MRI1","Mock","ZIKV",8.84131,6.06005,-0.54493,5e-05,"yes",0.000320686218678815,"Not_significant"
"NEDD9","Mock","ZIKV",8.00091,5.48469,-0.544754,5e-05,"yes",0.000320686218678815,"Not_significant"
"ANKRD13B","Mock","ZIKV",21.3355,14.6282,-0.5445,5e-05,"yes",0.000320686218678815,"Not_significant"
"KIAA0146","Mock","ZIKV",14.7839,10.1372,-0.544365,5e-05,"yes",0.000320686218678815,"Not_significant"
"FUBP1","Mock","ZIKV",89.3206,61.2617,-0.544007,5e-05,"yes",0.000320686218678815,"Not_significant"
"TIMP2","Mock","ZIKV",87.2055,59.812,-0.543985,5e-05,"yes",0.000320686218678815,"Not_significant"
"TUG1","Mock","ZIKV",69.1434,47.4263,-0.543904,5e-05,"yes",0.000320686218678815,"Not_significant"
"C7orf41","Mock","ZIKV",33.1036,22.7133,-0.543452,5e-05,"yes",0.000320686218678815,"Not_significant"
"SP2","Mock","ZIKV",12.4487,8.54162,-0.543409,5e-05,"yes",0.000320686218678815,"Not_significant"
"LRIG1","Mock","ZIKV",41.212,28.2812,-0.543221,5e-05,"yes",0.000320686218678815,"Not_significant"
"FAM63A","Mock","ZIKV",9.41929,6.46591,-0.542766,5e-05,"yes",0.000320686218678815,"Not_significant"
"DNAH7","Mock","ZIKV",1.43419,0.984576,-0.542665,5e-05,"yes",0.000320686218678815,"Not_significant"
"USP5","Mock","ZIKV",38.5531,26.472,-0.542378,5e-05,"yes",0.000320686218678815,"Not_significant"
"ANAPC7","Mock","ZIKV",23.0643,15.8406,-0.542036,5e-05,"yes",0.000320686218678815,"Not_significant"
"FAM127C","Mock","ZIKV",17.0617,11.7222,-0.54151,5e-05,"yes",0.000320686218678815,"Not_significant"
"DAXX","Mock","ZIKV",18.5004,12.7138,-0.54116,5e-05,"yes",0.000320686218678815,"Not_significant"
"NEUROG2","Mock","ZIKV",46.3596,31.8653,-0.540885,5e-05,"yes",0.000320686218678815,"Not_significant"
"DNAJC9","Mock","ZIKV",52.1169,35.8239,-0.540829,5e-05,"yes",0.000320686218678815,"Not_significant"
"GSS","Mock","ZIKV",17.7426,12.1975,-0.540636,5e-05,"yes",0.000320686218678815,"Not_significant"
"SH3PXD2B","Mock","ZIKV",21.6924,14.9182,-0.540119,5e-05,"yes",0.000320686218678815,"Not_significant"
"HES5","Mock","ZIKV",23.7518,16.3348,-0.540088,5e-05,"yes",0.000320686218678815,"Not_significant"
"TOMM5","Mock","ZIKV",56.8221,39.0826,-0.539925,5e-05,"yes",0.000320686218678815,"Not_significant"
"WDR13","Mock","ZIKV",44.2404,30.4344,-0.539664,5e-05,"yes",0.000320686218678815,"Not_significant"
"NRDE2","Mock","ZIKV",4.39938,3.02812,-0.538877,5e-05,"yes",0.000320686218678815,"Not_significant"
"EXTL3","Mock","ZIKV",32.4922,22.377,-0.538079,5e-05,"yes",0.000320686218678815,"Not_significant"
"IL17RD","Mock","ZIKV",14.995,10.3303,-0.537597,5e-05,"yes",0.000320686218678815,"Not_significant"
"RUVBL1","Mock","ZIKV",39.4815,27.2018,-0.537473,5e-05,"yes",0.000320686218678815,"Not_significant"
"NIN","Mock","ZIKV",38.0715,26.2306,-0.53746,5e-05,"yes",0.000320686218678815,"Not_significant"
"SEPT9","Mock","ZIKV",54.7231,37.7097,-0.537213,5e-05,"yes",0.000320686218678815,"Not_significant"
"MYO10","Mock","ZIKV",34.1417,23.5276,-0.53718,5e-05,"yes",0.000320686218678815,"Not_significant"
"APEX1","Mock","ZIKV",118.221,81.4878,-0.536827,5e-05,"yes",0.000320686218678815,"Not_significant"
"ERBB2","Mock","ZIKV",31.215,21.5208,-0.536507,5e-05,"yes",0.000320686218678815,"Not_significant"
"SORD","Mock","ZIKV",22.1141,15.2464,-0.536495,5e-05,"yes",0.000320686218678815,"Not_significant"
"SUGP2","Mock","ZIKV",57.1281,39.3875,-0.53646,5e-05,"yes",0.000320686218678815,"Not_significant"
"CDC6","Mock","ZIKV",8.76608,6.0443,-0.536357,5e-05,"yes",0.000320686218678815,"Not_significant"
"GGH","Mock","ZIKV",30.8851,21.2986,-0.536152,5e-05,"yes",0.000320686218678815,"Not_significant"
"MRPL11","Mock","ZIKV",19.8046,13.6625,-0.535609,5e-05,"yes",0.000320686218678815,"Not_significant"
"CXorf23","Mock","ZIKV",8.13821,5.61458,-0.535534,5e-05,"yes",0.000320686218678815,"Not_significant"
"DNAH1","Mock","ZIKV",2.3716,1.63721,-0.534624,5e-05,"yes",0.000320686218678815,"Not_significant"
"RCC2","Mock","ZIKV",60.2121,41.5867,-0.533932,5e-05,"yes",0.000320686218678815,"Not_significant"
"PTCHD4","Mock","ZIKV",11.1987,7.73911,-0.53309,5e-05,"yes",0.000320686218678815,"Not_significant"
"RBBP4","Mock","ZIKV",40.522,28.0057,-0.532984,5e-05,"yes",0.000320686218678815,"Not_significant"
"TMCO3","Mock","ZIKV",21.0553,14.5528,-0.532887,5e-05,"yes",0.000320686218678815,"Not_significant"
"WNT7A","Mock","ZIKV",22.3382,15.4428,-0.532578,5e-05,"yes",0.000320686218678815,"Not_significant"
"CAMK2N1","Mock","ZIKV",17.1186,11.8423,-0.531614,5e-05,"yes",0.000320686218678815,"Not_significant"
"DAG1","Mock","ZIKV",36.6287,25.344,-0.531333,5e-05,"yes",0.000320686218678815,"Not_significant"
"LPCAT1","Mock","ZIKV",40.4708,28.0182,-0.530516,5e-05,"yes",0.000320686218678815,"Not_significant"
"WASF3","Mock","ZIKV",28.0837,19.4434,-0.530454,5e-05,"yes",0.000320686218678815,"Not_significant"
"ZNF594","Mock","ZIKV",4.2933,2.97328,-0.53003,5e-05,"yes",0.000320686218678815,"Not_significant"
"KCTD7","Mock","ZIKV",11.4288,7.9159,-0.529844,5e-05,"yes",0.000320686218678815,"Not_significant"
"POLR3E","Mock","ZIKV",8.31906,5.76809,-0.528325,5e-05,"yes",0.000320686218678815,"Not_significant"
"MCCC2","Mock","ZIKV",11.102,7.70118,-0.527665,5e-05,"yes",0.000320686218678815,"Not_significant"
"PCDHB15","Mock","ZIKV",17.2768,11.9866,-0.527408,5e-05,"yes",0.000320686218678815,"Not_significant"
"HLA-A","Mock","ZIKV",15.3207,10.6317,-0.527103,5e-05,"yes",0.000320686218678815,"Not_significant"
"C2orf43","Mock","ZIKV",14.7963,10.2703,-0.52675,5e-05,"yes",0.000320686218678815,"Not_significant"
"OBSL1","Mock","ZIKV",28.6106,19.865,-0.526323,5e-05,"yes",0.000320686218678815,"Not_significant"
"WHSC1","Mock","ZIKV",74.9882,52.0688,-0.526244,5e-05,"yes",0.000320686218678815,"Not_significant"
"PFKFB3","Mock","ZIKV",14.1916,9.85481,-0.526138,5e-05,"yes",0.000320686218678815,"Not_significant"
"ADAM19","Mock","ZIKV",5.80997,4.03478,-0.52604,5e-05,"yes",0.000320686218678815,"Not_significant"
"MOB3B","Mock","ZIKV",4.6391,3.2217,-0.526023,5e-05,"yes",0.000320686218678815,"Not_significant"
"PDXP","Mock","ZIKV",28.0649,19.4968,-0.525525,5e-05,"yes",0.000320686218678815,"Not_significant"
"HK2","Mock","ZIKV",4.14311,2.88009,-0.524597,5e-05,"yes",0.000320686218678815,"Not_significant"
"SLC44A5","Mock","ZIKV",15.4607,10.7482,-0.524513,5e-05,"yes",0.000320686218678815,"Not_significant"
"TMEM230","Mock","ZIKV",57.1577,39.7415,-0.524299,5e-05,"yes",0.000320686218678815,"Not_significant"
"TOR1B","Mock","ZIKV",9.39335,6.53193,-0.52413,5e-05,"yes",0.000320686218678815,"Not_significant"
"FAM127A","Mock","ZIKV",153.442,106.757,-0.523365,5e-05,"yes",0.000320686218678815,"Not_significant"
"FUS","Mock","ZIKV",97.6147,67.9228,-0.523204,5e-05,"yes",0.000320686218678815,"Not_significant"
"FXYD6","Mock","ZIKV",179.958,125.246,-0.522897,5e-05,"yes",0.000320686218678815,"Not_significant"
"C14orf159","Mock","ZIKV",9.34049,6.50079,-0.522882,5e-05,"yes",0.000320686218678815,"Not_significant"
"HUNK","Mock","ZIKV",6.42886,4.47532,-0.522573,5e-05,"yes",0.000320686218678815,"Not_significant"
"TBCD","Mock","ZIKV",34.8624,24.2778,-0.522033,5e-05,"yes",0.000320686218678815,"Not_significant"
"CANT1","Mock","ZIKV",19.8522,13.8287,-0.521635,5e-05,"yes",0.000320686218678815,"Not_significant"
"RANGAP1","Mock","ZIKV",44.5314,31.0283,-0.521236,5e-05,"yes",0.000320686218678815,"Not_significant"
"NLN","Mock","ZIKV",3.75868,2.61934,-0.521023,5e-05,"yes",0.000320686218678815,"Not_significant"
"DPP3","Mock","ZIKV",14.7615,10.2892,-0.520705,5e-05,"yes",0.000320686218678815,"Not_significant"
"NAE1","Mock","ZIKV",52.8019,36.8102,-0.520483,5e-05,"yes",0.000320686218678815,"Not_significant"
"FKBP1A","Mock","ZIKV",67.8438,47.3013,-0.520338,5e-05,"yes",0.000320686218678815,"Not_significant"
"GPC2","Mock","ZIKV",153.057,106.804,-0.519104,5e-05,"yes",0.000320686218678815,"Not_significant"
"NABP2","Mock","ZIKV",26.7924,18.7015,-0.51867,5e-05,"yes",0.000320686218678815,"Not_significant"
"UACA","Mock","ZIKV",5.84273,4.07856,-0.518582,5e-05,"yes",0.000320686218678815,"Not_significant"
"LOC202181","Mock","ZIKV",8.27544,5.77811,-0.518239,5e-05,"yes",0.000320686218678815,"Not_significant"
"LAMA1","Mock","ZIKV",7.4733,5.2186,-0.518082,5e-05,"yes",0.000320686218678815,"Not_significant"
"HCFC1","Mock","ZIKV",27.5222,19.221,-0.517911,5e-05,"yes",0.000320686218678815,"Not_significant"
"FABP5","Mock","ZIKV",67.3743,47.0551,-0.517849,5e-05,"yes",0.000320686218678815,"Not_significant"
"NAB1","Mock","ZIKV",15.6512,10.9343,-0.517409,5e-05,"yes",0.000320686218678815,"Not_significant"
"ZNF76","Mock","ZIKV",18.0624,12.6232,-0.51691,5e-05,"yes",0.000320686218678815,"Not_significant"
"CENPV","Mock","ZIKV",104.361,72.9419,-0.51676,5e-05,"yes",0.000320686218678815,"Not_significant"
"PRDM10","Mock","ZIKV",4.90588,3.43119,-0.515802,5e-05,"yes",0.000320686218678815,"Not_significant"
"RBFA","Mock","ZIKV",4.70312,3.29084,-0.515161,5e-05,"yes",0.000320686218678815,"Not_significant"
"ANP32A","Mock","ZIKV",98.9146,69.2221,-0.51495,5e-05,"yes",0.000320686218678815,"Not_significant"
"DPYSL4","Mock","ZIKV",71.9687,50.4537,-0.51241,5e-05,"yes",0.000320686218678815,"Not_significant"
"MAMDC2","Mock","ZIKV",9.02767,6.33009,-0.512128,5e-05,"yes",0.000320686218678815,"Not_significant"
"LYRM7","Mock","ZIKV",4.21741,2.95779,-0.511839,5e-05,"yes",0.000320686218678815,"Not_significant"
"C17orf70","Mock","ZIKV",18.9532,13.295,-0.511558,5e-05,"yes",0.000320686218678815,"Not_significant"
"TRIM59","Mock","ZIKV",7.94332,5.57401,-0.511025,5e-05,"yes",0.000320686218678815,"Not_significant"
"TMEM237","Mock","ZIKV",14.035,9.85219,-0.510513,5e-05,"yes",0.000320686218678815,"Not_significant"
"MRPL19","Mock","ZIKV",7.37508,5.1785,-0.510125,5e-05,"yes",0.000320686218678815,"Not_significant"
"TMEM248","Mock","ZIKV",26.5648,18.6594,-0.509612,5e-05,"yes",0.000320686218678815,"Not_significant"
"UBE2N","Mock","ZIKV",40.5985,28.5259,-0.509153,5e-05,"yes",0.000320686218678815,"Not_significant"
"SEPT6","Mock","ZIKV",24.7367,17.3969,-0.50782,5e-05,"yes",0.000320686218678815,"Not_significant"
"EIF2S3","Mock","ZIKV",56.1717,39.507,-0.507736,5e-05,"yes",0.000320686218678815,"Not_significant"
"MICALL2","Mock","ZIKV",7.41401,5.2151,-0.507561,5e-05,"yes",0.000320686218678815,"Not_significant"
"MALAT1","Mock","ZIKV",191.888,134.979,-0.507525,5e-05,"yes",0.000320686218678815,"Not_significant"
"IGSF9","Mock","ZIKV",21.3408,15.014,-0.507305,5e-05,"yes",0.000320686218678815,"Not_significant"
"DHX33","Mock","ZIKV",8.73451,6.14616,-0.507041,5e-05,"yes",0.000320686218678815,"Not_significant"
"VMA21","Mock","ZIKV",16.5036,11.6134,-0.506989,5e-05,"yes",0.000320686218678815,"Not_significant"
"TMEM164","Mock","ZIKV",12.6891,8.93357,-0.506285,5e-05,"yes",0.000320686218678815,"Not_significant"
"ESYT1","Mock","ZIKV",27.3214,19.2562,-0.504711,5e-05,"yes",0.000320686218678815,"Not_significant"
"TUBB","Mock","ZIKV",1363.21,960.875,-0.504584,5e-05,"yes",0.000320686218678815,"Not_significant"
"HAUS1","Mock","ZIKV",46.2178,32.5827,-0.504343,5e-05,"yes",0.000320686218678815,"Not_significant"
"SNRPB","Mock","ZIKV",136.099,95.9768,-0.503896,5e-05,"yes",0.000320686218678815,"Not_significant"
"RABL6","Mock","ZIKV",53.6607,37.8442,-0.503792,5e-05,"yes",0.000320686218678815,"Not_significant"
"IDH3B","Mock","ZIKV",38.6652,27.2796,-0.503215,5e-05,"yes",0.000320686218678815,"Not_significant"
"FZD7","Mock","ZIKV",64.9053,45.8015,-0.502942,5e-05,"yes",0.000320686218678815,"Not_significant"
"SNRPF","Mock","ZIKV",75.4453,53.2529,-0.50257,5e-05,"yes",0.000320686218678815,"Not_significant"
"PREX2","Mock","ZIKV",10.6237,7.50018,-0.502289,5e-05,"yes",0.000320686218678815,"Not_significant"
"LTBP4","Mock","ZIKV",58.5136,41.3283,-0.501643,5e-05,"yes",0.000320686218678815,"Not_significant"
"TCTN1","Mock","ZIKV",18.3962,12.9953,-0.501422,5e-05,"yes",0.000320686218678815,"Not_significant"
"SLIT3","Mock","ZIKV",2.99808,2.11802,-0.501322,5e-05,"yes",0.000320686218678815,"Not_significant"
"GMIP","Mock","ZIKV",18.8538,13.3246,-0.500759,5e-05,"yes",0.000320686218678815,"Not_significant"
"DTYMK","Mock","ZIKV",35.7368,25.2668,-0.500165,5e-05,"yes",0.000320686218678815,"Not_significant"
"UBE2L6","Mock","ZIKV",120.852,85.4746,-0.499678,5e-05,"yes",0.000320686218678815,"Not_significant"
"LRRN1","Mock","ZIKV",68.5001,48.4519,-0.499554,5e-05,"yes",0.000320686218678815,"Not_significant"
"POFUT1","Mock","ZIKV",13.8103,9.77312,-0.49885,5e-05,"yes",0.000320686218678815,"Not_significant"
"RAB9B","Mock","ZIKV",7.16492,5.0721,-0.498368,5e-05,"yes",0.000320686218678815,"Not_significant"
"AKR1B1","Mock","ZIKV",51.8104,36.6928,-0.497745,5e-05,"yes",0.000320686218678815,"Not_significant"
"THYN1","Mock","ZIKV",59.6286,42.2568,-0.496822,5e-05,"yes",0.000320686218678815,"Not_significant"
"DEK","Mock","ZIKV",93.5364,66.365,-0.495106,5e-05,"yes",0.000320686218678815,"Not_significant"
"PPIA","Mock","ZIKV",288.897,205.022,-0.494776,5e-05,"yes",0.000320686218678815,"Not_significant"
"PAGR1","Mock","ZIKV",27.9818,19.8591,-0.494686,5e-05,"yes",0.000320686218678815,"Not_significant"
"MYCL1","Mock","ZIKV",18.3471,13.0336,-0.493312,5e-05,"yes",0.000320686218678815,"Not_significant"
"SLC35A3","Mock","ZIKV",5.09531,3.61978,-0.493268,5e-05,"yes",0.000320686218678815,"Not_significant"
"KRIT1","Mock","ZIKV",8.17159,5.80718,-0.492778,5e-05,"yes",0.000320686218678815,"Not_significant"
"CCDC40","Mock","ZIKV",13.1896,9.37414,-0.492642,5e-05,"yes",0.000320686218678815,"Not_significant"
"ITGB1BP1","Mock","ZIKV",16.6875,11.872,-0.491205,5e-05,"yes",0.000320686218678815,"Not_significant"
"ZNF532","Mock","ZIKV",57.0884,40.6171,-0.491112,5e-05,"yes",0.000320686218678815,"Not_significant"
"AK2","Mock","ZIKV",22.6084,16.0872,-0.490945,5e-05,"yes",0.000320686218678815,"Not_significant"
"CELSR2","Mock","ZIKV",80.3564,57.2001,-0.490396,5e-05,"yes",0.000320686218678815,"Not_significant"
"PRDX1","Mock","ZIKV",252.938,180.124,-0.489793,5e-05,"yes",0.000320686218678815,"Not_significant"
"EARS2","Mock","ZIKV",4.7345,3.37793,-0.487069,5e-05,"yes",0.000320686218678815,"Not_significant"
"GART","Mock","ZIKV",21.9545,15.6657,-0.486908,5e-05,"yes",0.000320686218678815,"Not_significant"
"CYFIP1","Mock","ZIKV",26.0098,18.56,-0.486859,5e-05,"yes",0.000320686218678815,"Not_significant"
"HMGA1","Mock","ZIKV",174.398,124.45,-0.486817,5e-05,"yes",0.000320686218678815,"Not_significant"
"DAZAP2","Mock","ZIKV",68.9396,49.2028,-0.486592,5e-05,"yes",0.000320686218678815,"Not_significant"
"ZFYVE27","Mock","ZIKV",17.6086,12.5699,-0.486312,5e-05,"yes",0.000320686218678815,"Not_significant"
"GABARAPL2","Mock","ZIKV",99.9308,71.3403,-0.486211,5e-05,"yes",0.000320686218678815,"Not_significant"
"NUP43","Mock","ZIKV",12.8061,9.14303,-0.486081,5e-05,"yes",0.000320686218678815,"Not_significant"
"PAPPA","Mock","ZIKV",2.82719,2.02056,-0.484613,5e-05,"yes",0.000320686218678815,"Not_significant"
"CNTRL","Mock","ZIKV",14.2141,10.1596,-0.484477,5e-05,"yes",0.000320686218678815,"Not_significant"
"TPP1","Mock","ZIKV",22.694,16.2367,-0.483051,5e-05,"yes",0.000320686218678815,"Not_significant"
"NDST1","Mock","ZIKV",24.0684,17.2282,-0.482362,5e-05,"yes",0.000320686218678815,"Not_significant"
"GGT7","Mock","ZIKV",30.2656,21.6722,-0.481832,5e-05,"yes",0.000320686218678815,"Not_significant"
"H6PD","Mock","ZIKV",7.84324,5.61916,-0.481096,5e-05,"yes",0.000320686218678815,"Not_significant"
"SEMA4F","Mock","ZIKV",7.4058,5.30584,-0.481076,5e-05,"yes",0.000320686218678815,"Not_significant"
"CREBZF","Mock","ZIKV",36.1476,25.9049,-0.480676,5e-05,"yes",0.000320686218678815,"Not_significant"
"SPTLC2","Mock","ZIKV",12.531,8.98204,-0.480387,5e-05,"yes",0.000320686218678815,"Not_significant"
"ALDH18A1","Mock","ZIKV",26.5571,19.0414,-0.479959,5e-05,"yes",0.000320686218678815,"Not_significant"
"QSOX2","Mock","ZIKV",27.9622,20.0666,-0.478681,5e-05,"yes",0.000320686218678815,"Not_significant"
"TXNDC15","Mock","ZIKV",13.684,9.82039,-0.478638,5e-05,"yes",0.000320686218678815,"Not_significant"
"GUSB","Mock","ZIKV",19.0904,13.7024,-0.478422,5e-05,"yes",0.000320686218678815,"Not_significant"
"RTN4R","Mock","ZIKV",16.2071,11.6407,-0.477452,5e-05,"yes",0.000320686218678815,"Not_significant"
"THSD4","Mock","ZIKV",11.2985,8.11703,-0.477104,5e-05,"yes",0.000320686218678815,"Not_significant"
"KIAA1549L","Mock","ZIKV",6.95995,5.00601,-0.475417,5e-05,"yes",0.000320686218678815,"Not_significant"
"RBM3","Mock","ZIKV",44.1961,31.7886,-0.475409,5e-05,"yes",0.000320686218678815,"Not_significant"
"LMO3","Mock","ZIKV",50.7214,36.5011,-0.474657,5e-05,"yes",0.000320686218678815,"Not_significant"
"FGFR1","Mock","ZIKV",50.2789,36.2083,-0.473635,5e-05,"yes",0.000320686218678815,"Not_significant"
"WEE1","Mock","ZIKV",21.7206,15.6516,-0.472759,5e-05,"yes",0.000320686218678815,"Not_significant"
"ELAVL2","Mock","ZIKV",39.6729,28.5929,-0.472496,5e-05,"yes",0.000320686218678815,"Not_significant"
"RNF122","Mock","ZIKV",22.7086,16.3673,-0.472423,5e-05,"yes",0.000320686218678815,"Not_significant"
"DDR1","Mock","ZIKV",266.361,191.995,-0.472313,5e-05,"yes",0.000320686218678815,"Not_significant"
"PIN1","Mock","ZIKV",53.5074,38.58,-0.471884,5e-05,"yes",0.000320686218678815,"Not_significant"
"CRABP1","Mock","ZIKV",789.369,569.256,-0.471622,5e-05,"yes",0.000320686218678815,"Not_significant"
"ZNF664","Mock","ZIKV",95.3319,68.7555,-0.471483,5e-05,"yes",0.000320686218678815,"Not_significant"
"HNRNPAB","Mock","ZIKV",143.296,103.407,-0.470664,5e-05,"yes",0.000320686218678815,"Not_significant"
"RASSF2","Mock","ZIKV",19.5539,14.1173,-0.469993,5e-05,"yes",0.000320686218678815,"Not_significant"
"BRD7","Mock","ZIKV",45.703,33.0121,-0.469295,5e-05,"yes",0.000320686218678815,"Not_significant"
"CBX2","Mock","ZIKV",42.2148,30.5021,-0.468839,5e-05,"yes",0.000320686218678815,"Not_significant"
"LBR","Mock","ZIKV",63.5666,45.9452,-0.468353,5e-05,"yes",0.000320686218678815,"Not_significant"
"STIM1","Mock","ZIKV",11.3499,8.20462,-0.468167,5e-05,"yes",0.000320686218678815,"Not_significant"
"ZNF300","Mock","ZIKV",26.7165,19.3268,-0.467126,5e-05,"yes",0.000320686218678815,"Not_significant"
"CST3","Mock","ZIKV",86.8708,62.8442,-0.467092,5e-05,"yes",0.000320686218678815,"Not_significant"
"FIGNL2","Mock","ZIKV",7.13241,5.1612,-0.466683,5e-05,"yes",0.000320686218678815,"Not_significant"
"CEP135","Mock","ZIKV",7.08791,5.12967,-0.466494,5e-05,"yes",0.000320686218678815,"Not_significant"
"EXD3","Mock","ZIKV",10.1362,7.34115,-0.465438,5e-05,"yes",0.000320686218678815,"Not_significant"
"KIAA2013","Mock","ZIKV",21.4384,15.5347,-0.464709,5e-05,"yes",0.000320686218678815,"Not_significant"
"ZIC4","Mock","ZIKV",17.19,12.4563,-0.464691,5e-05,"yes",0.000320686218678815,"Not_significant"
"RHPN1","Mock","ZIKV",13.5195,9.79689,-0.464646,5e-05,"yes",0.000320686218678815,"Not_significant"
"TYRO3","Mock","ZIKV",21.0235,15.2349,-0.464623,5e-05,"yes",0.000320686218678815,"Not_significant"
"SLC22A23","Mock","ZIKV",59.8123,43.3911,-0.463043,5e-05,"yes",0.000320686218678815,"Not_significant"
"CACFD1","Mock","ZIKV",36.5256,26.5016,-0.462826,5e-05,"yes",0.000320686218678815,"Not_significant"
"PKM","Mock","ZIKV",240.626,174.625,-0.462532,5e-05,"yes",0.000320686218678815,"Not_significant"
"SEMA6A","Mock","ZIKV",100.442,72.9213,-0.461956,5e-05,"yes",0.000320686218678815,"Not_significant"
"CD59","Mock","ZIKV",9.93875,7.21646,-0.461773,5e-05,"yes",0.000320686218678815,"Not_significant"
"MAGEF1","Mock","ZIKV",52.2737,37.9832,-0.460723,5e-05,"yes",0.000320686218678815,"Not_significant"
"ECE1","Mock","ZIKV",8.68188,6.31327,-0.45962,5e-05,"yes",0.000320686218678815,"Not_significant"
"DRD4","Mock","ZIKV",41.405,30.1175,-0.459206,5e-05,"yes",0.000320686218678815,"Not_significant"
"ZFP62","Mock","ZIKV",9.97435,7.25676,-0.458896,5e-05,"yes",0.000320686218678815,"Not_significant"
"IPO9","Mock","ZIKV",32.4124,23.583,-0.458796,5e-05,"yes",0.000320686218678815,"Not_significant"
"GYG2","Mock","ZIKV",13.519,9.839,-0.458403,5e-05,"yes",0.000320686218678815,"Not_significant"
"NCLN","Mock","ZIKV",11.6796,8.50315,-0.457923,5e-05,"yes",0.000320686218678815,"Not_significant"
"KLHL14","Mock","ZIKV",14.5104,10.5662,-0.457639,5e-05,"yes",0.000320686218678815,"Not_significant"
"LAMB2","Mock","ZIKV",27.5015,20.0298,-0.457358,5e-05,"yes",0.000320686218678815,"Not_significant"
"HSPA8","Mock","ZIKV",355.14,258.68,-0.45722,5e-05,"yes",0.000320686218678815,"Not_significant"
"SZRD1","Mock","ZIKV",33.8432,24.6545,-0.457012,5e-05,"yes",0.000320686218678815,"Not_significant"
"KIAA0100","Mock","ZIKV",35.0264,25.525,-0.456528,5e-05,"yes",0.000320686218678815,"Not_significant"
"COL4A5","Mock","ZIKV",27.8701,20.334,-0.454825,5e-05,"yes",0.000320686218678815,"Not_significant"
"RNF144A","Mock","ZIKV",15.178,11.0797,-0.454063,5e-05,"yes",0.000320686218678815,"Not_significant"
"FAT4","Mock","ZIKV",24.6054,17.9621,-0.454021,5e-05,"yes",0.000320686218678815,"Not_significant"
"ATP6V0A1","Mock","ZIKV",42.1882,30.8085,-0.45351,5e-05,"yes",0.000320686218678815,"Not_significant"
"CPLX2","Mock","ZIKV",64.0667,46.8167,-0.452551,5e-05,"yes",0.000320686218678815,"Not_significant"
"EZR","Mock","ZIKV",57.6908,42.1659,-0.452266,5e-05,"yes",0.000320686218678815,"Not_significant"
"ZDHHC21","Mock","ZIKV",8.77441,6.41372,-0.452141,5e-05,"yes",0.000320686218678815,"Not_significant"
"TFDP1","Mock","ZIKV",42.7127,31.2231,-0.452054,5e-05,"yes",0.000320686218678815,"Not_significant"
"ZNF710","Mock","ZIKV",12.8949,9.42651,-0.45201,5e-05,"yes",0.000320686218678815,"Not_significant"
"MPZL1","Mock","ZIKV",28.8618,21.105,-0.451577,5e-05,"yes",0.000320686218678815,"Not_significant"
"DLK1","Mock","ZIKV",105.786,77.3865,-0.450996,5e-05,"yes",0.000320686218678815,"Not_significant"
"HNRNPF","Mock","ZIKV",36.8089,26.9306,-0.450807,5e-05,"yes",0.000320686218678815,"Not_significant"
"ENO1","Mock","ZIKV",185.835,135.979,-0.450642,5e-05,"yes",0.000320686218678815,"Not_significant"
"IQCB1","Mock","ZIKV",21.3894,15.6511,-0.450632,5e-05,"yes",0.000320686218678815,"Not_significant"
"FABP7","Mock","ZIKV",257.486,188.448,-0.450326,5e-05,"yes",0.000320686218678815,"Not_significant"
"ENTPD4","Mock","ZIKV",42.2691,30.9369,-0.450274,5e-05,"yes",0.000320686218678815,"Not_significant"
"ATP1B3","Mock","ZIKV",157.914,115.598,-0.450025,5e-05,"yes",0.000320686218678815,"Not_significant"
"CDK2AP1","Mock","ZIKV",72.9278,53.3992,-0.449651,5e-05,"yes",0.000320686218678815,"Not_significant"
"NREP","Mock","ZIKV",483.016,353.91,-0.448687,5e-05,"yes",0.000320686218678815,"Not_significant"
"NEK9","Mock","ZIKV",16.7198,12.2523,-0.44851,5e-05,"yes",0.000320686218678815,"Not_significant"
"UFC1","Mock","ZIKV",48.0681,35.2308,-0.448242,5e-05,"yes",0.000320686218678815,"Not_significant"
"NNAT","Mock","ZIKV",3474.26,2547,-0.447908,5e-05,"yes",0.000320686218678815,"Not_significant"
"SNRPD3","Mock","ZIKV",55.1126,40.4289,-0.446995,5e-05,"yes",0.000320686218678815,"Not_significant"
"BMP7","Mock","ZIKV",27.066,19.8641,-0.44632,5e-05,"yes",0.000320686218678815,"Not_significant"
"LANCL1","Mock","ZIKV",30.9137,22.7043,-0.445283,5e-05,"yes",0.000320686218678815,"Not_significant"
"FSTL1","Mock","ZIKV",88.0364,64.6733,-0.444931,5e-05,"yes",0.000320686218678815,"Not_significant"
"PLEKHG4B","Mock","ZIKV",9.49722,6.98681,-0.442871,5e-05,"yes",0.000320686218678815,"Not_significant"
"POLD2","Mock","ZIKV",61.1151,44.9823,-0.442174,5e-05,"yes",0.000320686218678815,"Not_significant"
"C2CD3","Mock","ZIKV",7.79686,5.74713,-0.44005,5e-05,"yes",0.000320686218678815,"Not_significant"
"MAZ","Mock","ZIKV",132.969,98.0198,-0.43994,5e-05,"yes",0.000320686218678815,"Not_significant"
"SMS","Mock","ZIKV",112.772,83.1743,-0.439194,5e-05,"yes",0.000320686218678815,"Not_significant"
"VPS52","Mock","ZIKV",25.0846,18.5038,-0.438981,5e-05,"yes",0.000320686218678815,"Not_significant"
"PLXNA2","Mock","ZIKV",25.2016,18.5958,-0.438541,5e-05,"yes",0.000320686218678815,"Not_significant"
"DDX5","Mock","ZIKV",301.763,222.697,-0.438332,5e-05,"yes",0.000320686218678815,"Not_significant"
"ALMS1","Mock","ZIKV",10.0281,7.41536,-0.43546,5e-05,"yes",0.000320686218678815,"Not_significant"
"PCDHB2","Mock","ZIKV",28.9464,21.4167,-0.434646,5e-05,"yes",0.000320686218678815,"Not_significant"
"TSPAN6","Mock","ZIKV",48.7361,36.0643,-0.434418,5e-05,"yes",0.000320686218678815,"Not_significant"
"GOLM1","Mock","ZIKV",83.1913,61.5881,-0.43378,5e-05,"yes",0.000320686218678815,"Not_significant"
"NCDN","Mock","ZIKV",15.3153,11.3429,-0.433184,5e-05,"yes",0.000320686218678815,"Not_significant"
"IGFBPL1","Mock","ZIKV",308.598,228.593,-0.432947,5e-05,"yes",0.000320686218678815,"Not_significant"
"SCRT1","Mock","ZIKV",32.1481,23.8142,-0.43291,5e-05,"yes",0.000320686218678815,"Not_significant"
"TOMM6","Mock","ZIKV",63.9692,47.409,-0.432218,5e-05,"yes",0.000320686218678815,"Not_significant"
"GALNT2","Mock","ZIKV",82.5769,61.2601,-0.43079,5e-05,"yes",0.000320686218678815,"Not_significant"
"KHSRP","Mock","ZIKV",79.1374,58.7485,-0.429809,5e-05,"yes",0.000320686218678815,"Not_significant"
"ARL3","Mock","ZIKV",24.4976,18.1936,-0.429211,5e-05,"yes",0.000320686218678815,"Not_significant"
"TMEM167A","Mock","ZIKV",47.0497,34.9534,-0.428751,5e-05,"yes",0.000320686218678815,"Not_significant"
"MIR600HG","Mock","ZIKV",8.39464,6.23925,-0.428095,5e-05,"yes",0.000320686218678815,"Not_significant"
"TMTC4","Mock","ZIKV",39.711,29.5512,-0.426326,5e-05,"yes",0.000320686218678815,"Not_significant"
"PTPLAD1","Mock","ZIKV",110.53,82.3082,-0.425327,5e-05,"yes",0.000320686218678815,"Not_significant"
"RAB11B","Mock","ZIKV",83.2114,61.974,-0.425118,5e-05,"yes",0.000320686218678815,"Not_significant"
"EGF","Mock","ZIKV",6.23326,4.64335,-0.424822,5e-05,"yes",0.000320686218678815,"Not_significant"
"VDAC3","Mock","ZIKV",70.4687,52.5577,-0.423081,5e-05,"yes",0.000320686218678815,"Not_significant"
"GPC1","Mock","ZIKV",71.4858,53.3323,-0.422647,5e-05,"yes",0.000320686218678815,"Not_significant"
"RNF167","Mock","ZIKV",40.2416,30.0344,-0.422072,5e-05,"yes",0.000320686218678815,"Not_significant"
"DHTKD1","Mock","ZIKV",12.0099,8.96411,-0.421993,5e-05,"yes",0.000320686218678815,"Not_significant"
"GPR161","Mock","ZIKV",19.9693,14.9067,-0.421826,5e-05,"yes",0.000320686218678815,"Not_significant"
"PPP2R4","Mock","ZIKV",40.4425,30.2029,-0.421185,5e-05,"yes",0.000320686218678815,"Not_significant"
"CADM4","Mock","ZIKV",72.5626,54.2017,-0.420889,5e-05,"yes",0.000320686218678815,"Not_significant"
"PAK1","Mock","ZIKV",45.4508,34.0073,-0.41846,5e-05,"yes",0.000320686218678815,"Not_significant"
"ACTL6A","Mock","ZIKV",55.7585,41.7973,-0.415782,5e-05,"yes",0.000320686218678815,"Not_significant"
"SDC3","Mock","ZIKV",69.1996,51.8959,-0.415143,5e-05,"yes",0.000320686218678815,"Not_significant"
"TFDP2","Mock","ZIKV",28.8178,21.6132,-0.415049,5e-05,"yes",0.000320686218678815,"Not_significant"
"RHOBTB3","Mock","ZIKV",28.9386,21.7084,-0.414739,5e-05,"yes",0.000320686218678815,"Not_significant"
"TCF3","Mock","ZIKV",65.1562,48.9032,-0.413974,5e-05,"yes",0.000320686218678815,"Not_significant"
"EIF4EBP2","Mock","ZIKV",54.3431,40.8351,-0.412286,5e-05,"yes",0.000320686218678815,"Not_significant"
"TRH","Mock","ZIKV",134.805,101.326,-0.411871,5e-05,"yes",0.000320686218678815,"Not_significant"
"NUCKS1","Mock","ZIKV",112.224,84.3826,-0.411362,5e-05,"yes",0.000320686218678815,"Not_significant"
"CLNS1A","Mock","ZIKV",87.8112,66.0324,-0.41123,5e-05,"yes",0.000320686218678815,"Not_significant"
"SHFM1","Mock","ZIKV",174.031,131.056,-0.409153,5e-05,"yes",0.000320686218678815,"Not_significant"
"COTL1","Mock","ZIKV",129.38,97.4411,-0.409011,5e-05,"yes",0.000320686218678815,"Not_significant"
"ACTR1A","Mock","ZIKV",90.5087,68.1958,-0.408374,5e-05,"yes",0.000320686218678815,"Not_significant"
"DSC2","Mock","ZIKV",14.6707,11.0582,-0.407823,5e-05,"yes",0.000320686218678815,"Not_significant"
"TMEM98","Mock","ZIKV",76.1818,57.4448,-0.40727,5e-05,"yes",0.000320686218678815,"Not_significant"
"MAML3","Mock","ZIKV",20.7116,15.6254,-0.406547,5e-05,"yes",0.000320686218678815,"Not_significant"
"JAM3","Mock","ZIKV",51.4493,38.8717,-0.404432,5e-05,"yes",0.000320686218678815,"Not_significant"
"PRDX3","Mock","ZIKV",69.1111,52.2435,-0.403665,5e-05,"yes",0.000320686218678815,"Not_significant"
"ST18","Mock","ZIKV",34.5544,26.1837,-0.400202,5e-05,"yes",0.000320686218678815,"Not_significant"
"TGOLN2","Mock","ZIKV",25.4939,19.3206,-0.400016,5e-05,"yes",0.000320686218678815,"Not_significant"
"TPM4","Mock","ZIKV",122.394,92.7877,-0.399531,5e-05,"yes",0.000320686218678815,"Not_significant"
"CPSF6","Mock","ZIKV",51.7478,39.2387,-0.399221,5e-05,"yes",0.000320686218678815,"Not_significant"
"NR2E1","Mock","ZIKV",43.4928,32.9905,-0.398725,5e-05,"yes",0.000320686218678815,"Not_significant"
"PIK3R3","Mock","ZIKV",41.2088,31.2755,-0.39792,5e-05,"yes",0.000320686218678815,"Not_significant"
"AP3M1","Mock","ZIKV",24.9915,18.9938,-0.395906,5e-05,"yes",0.000320686218678815,"Not_significant"
"METTL9","Mock","ZIKV",60.288,45.8531,-0.394849,5e-05,"yes",0.000320686218678815,"Not_significant"
"BAI2","Mock","ZIKV",20.0931,15.2884,-0.394266,5e-05,"yes",0.000320686218678815,"Not_significant"
"RPSA","Mock","ZIKV",664.743,505.96,-0.393774,5e-05,"yes",0.000320686218678815,"Not_significant"
"SDC2","Mock","ZIKV",67.0575,51.208,-0.389029,5e-05,"yes",0.000320686218678815,"Not_significant"
"ABI2","Mock","ZIKV",49.5705,37.9058,-0.387063,5e-05,"yes",0.000320686218678815,"Not_significant"
"AASS","Mock","ZIKV",53.8256,41.2439,-0.384111,5e-05,"yes",0.000320686218678815,"Not_significant"
"ZNF219","Mock","ZIKV",68.3058,52.4479,-0.381122,5e-05,"yes",0.000320686218678815,"Not_significant"
"PUF60","Mock","ZIKV",107.304,82.6025,-0.37745,5e-05,"yes",0.000320686218678815,"Not_significant"
"C11orf95","Mock","ZIKV",52.6753,40.597,-0.375752,5e-05,"yes",0.000320686218678815,"Not_significant"
"TM7SF3","Mock","ZIKV",25.8579,19.9602,-0.373478,5e-05,"yes",0.000320686218678815,"Not_significant"
"MLLT11","Mock","ZIKV",269.249,207.898,-0.373069,5e-05,"yes",0.000320686218678815,"Not_significant"
"CNTN2","Mock","ZIKV",59.0767,45.9698,-0.361904,5e-05,"yes",0.000320686218678815,"Not_significant"
"HNRNPR","Mock","ZIKV",132.638,103.851,-0.352974,5e-05,"yes",0.000320686218678815,"Not_significant"
"UTRN","Mock","ZIKV",13.7148,10.7597,-0.350088,5e-05,"yes",0.000320686218678815,"Not_significant"
"ACACA","Mock","ZIKV",21.3177,27.3666,0.360364,5e-05,"yes",0.000320686218678815,"Not_significant"
"RDH11","Mock","ZIKV",46.2791,59.8818,0.371756,5e-05,"yes",0.000320686218678815,"Not_significant"
"GAK","Mock","ZIKV",19.3778,25.247,0.381709,5e-05,"yes",0.000320686218678815,"Not_significant"
"SACM1L","Mock","ZIKV",17.4955,22.7955,0.381767,5e-05,"yes",0.000320686218678815,"Not_significant"
"MYSM1","Mock","ZIKV",14.0997,18.3948,0.383629,5e-05,"yes",0.000320686218678815,"Not_significant"
"NACAD","Mock","ZIKV",29.6269,38.6582,0.383866,5e-05,"yes",0.000320686218678815,"Not_significant"
"N4BP1","Mock","ZIKV",9.0134,11.761,0.383872,5e-05,"yes",0.000320686218678815,"Not_significant"
"PLEKHB2","Mock","ZIKV",24.0748,31.4199,0.384152,5e-05,"yes",0.000320686218678815,"Not_significant"
"PPP1R15A","Mock","ZIKV",56.1941,73.4216,0.385787,5e-05,"yes",0.000320686218678815,"Not_significant"
"SOBP","Mock","ZIKV",10.7266,14.0164,0.385922,5e-05,"yes",0.000320686218678815,"Not_significant"
"COPB1","Mock","ZIKV",45.003,58.8779,0.387703,5e-05,"yes",0.000320686218678815,"Not_significant"
"RB1CC1","Mock","ZIKV",22.4146,29.3315,0.388012,5e-05,"yes",0.000320686218678815,"Not_significant"
"ATF2","Mock","ZIKV",27.1342,35.5135,0.388258,5e-05,"yes",0.000320686218678815,"Not_significant"
"CLIP3","Mock","ZIKV",70.206,91.9533,0.389306,5e-05,"yes",0.000320686218678815,"Not_significant"
"TNRC6A","Mock","ZIKV",24.5284,32.1439,0.390087,5e-05,"yes",0.000320686218678815,"Not_significant"
"ETF1","Mock","ZIKV",24.9856,32.7727,0.391395,5e-05,"yes",0.000320686218678815,"Not_significant"
"LIG4","Mock","ZIKV",12.4207,16.2997,0.3921,5e-05,"yes",0.000320686218678815,"Not_significant"
"OXA1L","Mock","ZIKV",45.4672,59.6858,0.392562,5e-05,"yes",0.000320686218678815,"Not_significant"
"PPP1R9B","Mock","ZIKV",16.1782,21.2395,0.392694,5e-05,"yes",0.000320686218678815,"Not_significant"
"NDUFS1","Mock","ZIKV",27.544,36.2279,0.395362,5e-05,"yes",0.000320686218678815,"Not_significant"
"APPBP2","Mock","ZIKV",14.0266,18.4636,0.396518,5e-05,"yes",0.000320686218678815,"Not_significant"
"PRR12","Mock","ZIKV",12.2326,16.1071,0.396969,5e-05,"yes",0.000320686218678815,"Not_significant"
"GSK3B","Mock","ZIKV",35.1576,46.2939,0.396985,5e-05,"yes",0.000320686218678815,"Not_significant"
"PPP3CA","Mock","ZIKV",14.2777,18.8045,0.397316,5e-05,"yes",0.000320686218678815,"Not_significant"
"TTC17","Mock","ZIKV",33.867,44.6507,0.398802,5e-05,"yes",0.000320686218678815,"Not_significant"
"BCAT1","Mock","ZIKV",26.4883,34.9284,0.399043,5e-05,"yes",0.000320686218678815,"Not_significant"
"USP7","Mock","ZIKV",36.3469,47.9564,0.399889,5e-05,"yes",0.000320686218678815,"Not_significant"
"CTNNA2","Mock","ZIKV",44.9359,59.3016,0.400203,5e-05,"yes",0.000320686218678815,"Not_significant"
"PTEN","Mock","ZIKV",12.4027,16.3703,0.400432,5e-05,"yes",0.000320686218678815,"Not_significant"
"CLCN3","Mock","ZIKV",23.9439,31.6062,0.400548,5e-05,"yes",0.000320686218678815,"Not_significant"
"MEX3B","Mock","ZIKV",38.1293,50.3369,0.400718,5e-05,"yes",0.000320686218678815,"Not_significant"
"SOX4","Mock","ZIKV",166.438,219.73,0.400741,5e-05,"yes",0.000320686218678815,"Not_significant"
"TSPYL1","Mock","ZIKV",17.6186,23.2609,0.400809,5e-05,"yes",0.000320686218678815,"Not_significant"
"CDK5R1","Mock","ZIKV",39.5099,52.1716,0.401052,5e-05,"yes",0.000320686218678815,"Not_significant"
"RBM26","Mock","ZIKV",25.7148,33.9794,0.402061,5e-05,"yes",0.000320686218678815,"Not_significant"
"MAU2","Mock","ZIKV",25.3067,33.4433,0.402201,5e-05,"yes",0.000320686218678815,"Not_significant"
"PNPLA8","Mock","ZIKV",12.2223,16.1569,0.40264,5e-05,"yes",0.000320686218678815,"Not_significant"
"LOC100507217","Mock","ZIKV",80.6178,106.591,0.402918,5e-05,"yes",0.000320686218678815,"Not_significant"
"ARID3B","Mock","ZIKV",23.9031,31.6074,0.403065,5e-05,"yes",0.000320686218678815,"Not_significant"
"XAB2","Mock","ZIKV",25.7978,34.1341,0.403967,5e-05,"yes",0.000320686218678815,"Not_significant"
"STX12","Mock","ZIKV",27.2573,36.1137,0.405905,5e-05,"yes",0.000320686218678815,"Not_significant"
"CTTNBP2NL","Mock","ZIKV",11.4394,15.1635,0.406593,5e-05,"yes",0.000320686218678815,"Not_significant"
"ZNF445","Mock","ZIKV",12.09,16.0304,0.406996,5e-05,"yes",0.000320686218678815,"Not_significant"
"DROSHA","Mock","ZIKV",19.453,25.8234,0.408683,5e-05,"yes",0.000320686218678815,"Not_significant"
"SETD2","Mock","ZIKV",20.5122,27.2773,0.411219,5e-05,"yes",0.000320686218678815,"Not_significant"
"CHD2","Mock","ZIKV",32.427,43.122,0.411229,5e-05,"yes",0.000320686218678815,"Not_significant"
"MED13","Mock","ZIKV",16.6664,22.1633,0.411233,5e-05,"yes",0.000320686218678815,"Not_significant"
"ATXN2L","Mock","ZIKV",57.1324,75.9787,0.411286,5e-05,"yes",0.000320686218678815,"Not_significant"
"MTMR12","Mock","ZIKV",10.5385,14.0165,0.411451,5e-05,"yes",0.000320686218678815,"Not_significant"
"RFX3","Mock","ZIKV",27.9242,37.1546,0.412023,5e-05,"yes",0.000320686218678815,"Not_significant"
"TAOK1","Mock","ZIKV",31.5836,42.0405,0.412608,5e-05,"yes",0.000320686218678815,"Not_significant"
"IPO13","Mock","ZIKV",12.2867,16.3577,0.412867,5e-05,"yes",0.000320686218678815,"Not_significant"
"HIPK1","Mock","ZIKV",17.7916,23.6916,0.413185,5e-05,"yes",0.000320686218678815,"Not_significant"
"GRB10","Mock","ZIKV",34.5476,46.008,0.413297,5e-05,"yes",0.000320686218678815,"Not_significant"
"SEC24B","Mock","ZIKV",19.1788,25.5443,0.413486,5e-05,"yes",0.000320686218678815,"Not_significant"
"EPHA4","Mock","ZIKV",24.2346,32.3287,0.415749,5e-05,"yes",0.000320686218678815,"Not_significant"
"SC5DL","Mock","ZIKV",15.2832,20.3991,0.416566,5e-05,"yes",0.000320686218678815,"Not_significant"
"PLEKHA5","Mock","ZIKV",20.6868,27.6148,0.416731,5e-05,"yes",0.000320686218678815,"Not_significant"
"COPS4","Mock","ZIKV",28.841,38.5407,0.418261,5e-05,"yes",0.000320686218678815,"Not_significant"
"C12orf49","Mock","ZIKV",20.6248,27.5615,0.418275,5e-05,"yes",0.000320686218678815,"Not_significant"
"EPHA2","Mock","ZIKV",33.6597,44.9841,0.418393,5e-05,"yes",0.000320686218678815,"Not_significant"
"HOOK3","Mock","ZIKV",11.6179,15.5281,0.418534,5e-05,"yes",0.000320686218678815,"Not_significant"
"UBR5","Mock","ZIKV",35.91,47.9964,0.418539,5e-05,"yes",0.000320686218678815,"Not_significant"
"NSF","Mock","ZIKV",16.5409,22.1097,0.418636,5e-05,"yes",0.000320686218678815,"Not_significant"
"ASCC2","Mock","ZIKV",15.2746,20.4245,0.41917,5e-05,"yes",0.000320686218678815,"Not_significant"
"AHDC1","Mock","ZIKV",17.9549,24.0241,0.420101,5e-05,"yes",0.000320686218678815,"Not_significant"
"C11orf84","Mock","ZIKV",25.8391,34.5746,0.420153,5e-05,"yes",0.000320686218678815,"Not_significant"
"RAPGEF2","Mock","ZIKV",29.1679,39.034,0.420348,5e-05,"yes",0.000320686218678815,"Not_significant"
"NSDHL","Mock","ZIKV",25.0723,33.5537,0.420378,5e-05,"yes",0.000320686218678815,"Not_significant"
"PPP1CB","Mock","ZIKV",40.4437,54.1543,0.421162,5e-05,"yes",0.000320686218678815,"Not_significant"
"ARFGAP1","Mock","ZIKV",26.424,35.3838,0.421239,5e-05,"yes",0.000320686218678815,"Not_significant"
"SMURF1","Mock","ZIKV",13.0435,17.4668,0.42128,5e-05,"yes",0.000320686218678815,"Not_significant"
"XIAP","Mock","ZIKV",9.81741,13.1474,0.421368,5e-05,"yes",0.000320686218678815,"Not_significant"
"CLSTN3","Mock","ZIKV",34.0455,45.6016,0.42162,5e-05,"yes",0.000320686218678815,"Not_significant"
"BTBD10","Mock","ZIKV",19.7615,26.4703,0.421677,5e-05,"yes",0.000320686218678815,"Not_significant"
"MTF2","Mock","ZIKV",33.1057,44.3467,0.421747,5e-05,"yes",0.000320686218678815,"Not_significant"
"MADD","Mock","ZIKV",20.4305,27.3695,0.421848,5e-05,"yes",0.000320686218678815,"Not_significant"
"ATP13A1","Mock","ZIKV",18.8944,25.3138,0.421965,5e-05,"yes",0.000320686218678815,"Not_significant"
"JAKMIP2","Mock","ZIKV",9.9234,13.299,0.422409,5e-05,"yes",0.000320686218678815,"Not_significant"
"STRN3","Mock","ZIKV",16.6729,22.3469,0.422566,5e-05,"yes",0.000320686218678815,"Not_significant"
"SDHA","Mock","ZIKV",28.0405,37.5945,0.423008,5e-05,"yes",0.000320686218678815,"Not_significant"
"ZBTB41","Mock","ZIKV",7.42342,9.95294,0.423039,5e-05,"yes",0.000320686218678815,"Not_significant"
"SV2A","Mock","ZIKV",22.8289,30.6271,0.42395,5e-05,"yes",0.000320686218678815,"Not_significant"
"BTG1","Mock","ZIKV",19.0452,25.5563,0.424254,5e-05,"yes",0.000320686218678815,"Not_significant"
"SPCS2","Mock","ZIKV",40.3348,54.1594,0.425186,5e-05,"yes",0.000320686218678815,"Not_significant"
"GOLT1B","Mock","ZIKV",17.5863,23.6229,0.425737,5e-05,"yes",0.000320686218678815,"Not_significant"
"GORASP1","Mock","ZIKV",17.2442,23.1759,0.426518,5e-05,"yes",0.000320686218678815,"Not_significant"
"MAP1B","Mock","ZIKV",183.499,246.73,0.427162,5e-05,"yes",0.000320686218678815,"Not_significant"
"SMIM15","Mock","ZIKV",13.3657,17.9715,0.427178,5e-05,"yes",0.000320686218678815,"Not_significant"
"CHD8","Mock","ZIKV",24.6835,33.2055,0.427872,5e-05,"yes",0.000320686218678815,"Not_significant"
"CACNA1B","Mock","ZIKV",7.1503,9.62391,0.428618,5e-05,"yes",0.000320686218678815,"Not_significant"
"MIER1","Mock","ZIKV",8.69855,11.7147,0.429468,5e-05,"yes",0.000320686218678815,"Not_significant"
"MVD","Mock","ZIKV",57.9326,78.0321,0.429691,5e-05,"yes",0.000320686218678815,"Not_significant"
"SYT4","Mock","ZIKV",41.3637,55.727,0.430011,5e-05,"yes",0.000320686218678815,"Not_significant"
"FLJ14186","Mock","ZIKV",10.1777,13.7165,0.430499,5e-05,"yes",0.000320686218678815,"Not_significant"
"PKN1","Mock","ZIKV",45.6577,61.5463,0.430814,5e-05,"yes",0.000320686218678815,"Not_significant"
"KLF12","Mock","ZIKV",17.9704,24.2307,0.431208,5e-05,"yes",0.000320686218678815,"Not_significant"
"UNC13B","Mock","ZIKV",35.6178,48.0418,0.431692,5e-05,"yes",0.000320686218678815,"Not_significant"
"TAF4","Mock","ZIKV",9.47824,12.7854,0.431811,5e-05,"yes",0.000320686218678815,"Not_significant"
"PHF21B","Mock","ZIKV",61.4769,82.933,0.431901,5e-05,"yes",0.000320686218678815,"Not_significant"
"ZRANB1","Mock","ZIKV",24.7088,33.3411,0.432278,5e-05,"yes",0.000320686218678815,"Not_significant"
"CCNY","Mock","ZIKV",22.6023,30.5024,0.432454,5e-05,"yes",0.000320686218678815,"Not_significant"
"SCN8A","Mock","ZIKV",6.47268,8.7351,0.432462,5e-05,"yes",0.000320686218678815,"Not_significant"
"SPIRE1","Mock","ZIKV",15.4053,20.7906,0.432509,5e-05,"yes",0.000320686218678815,"Not_significant"
"CLASP2","Mock","ZIKV",64.1468,86.5747,0.432568,5e-05,"yes",0.000320686218678815,"Not_significant"
"STAM","Mock","ZIKV",12.089,16.316,0.432598,5e-05,"yes",0.000320686218678815,"Not_significant"
"UVRAG","Mock","ZIKV",10.9791,14.8234,0.433106,5e-05,"yes",0.000320686218678815,"Not_significant"
"BRPF3","Mock","ZIKV",18.581,25.1002,0.433876,5e-05,"yes",0.000320686218678815,"Not_significant"
"PRKAB1","Mock","ZIKV",16.9515,22.901,0.433993,5e-05,"yes",0.000320686218678815,"Not_significant"
"SUCLG1","Mock","ZIKV",35.0114,47.3197,0.434618,5e-05,"yes",0.000320686218678815,"Not_significant"
"OIP5-AS1","Mock","ZIKV",28.2311,38.1639,0.434927,5e-05,"yes",0.000320686218678815,"Not_significant"
"SP3","Mock","ZIKV",20.7656,28.0887,0.435793,5e-05,"yes",0.000320686218678815,"Not_significant"
"RALGPS2","Mock","ZIKV",12.7636,17.2732,0.436502,5e-05,"yes",0.000320686218678815,"Not_significant"
"USP47","Mock","ZIKV",21.9737,29.7387,0.436565,5e-05,"yes",0.000320686218678815,"Not_significant"
"NISCH","Mock","ZIKV",55.1547,74.6495,0.436648,5e-05,"yes",0.000320686218678815,"Not_significant"
"PGBD1","Mock","ZIKV",9.46152,12.8063,0.436714,5e-05,"yes",0.000320686218678815,"Not_significant"
"RAB3A","Mock","ZIKV",39.6893,53.7654,0.437929,5e-05,"yes",0.000320686218678815,"Not_significant"
"CALB1","Mock","ZIKV",16.4815,22.3323,0.438282,5e-05,"yes",0.000320686218678815,"Not_significant"
"ALDH2","Mock","ZIKV",29.0674,39.3882,0.438362,5e-05,"yes",0.000320686218678815,"Not_significant"
"COG6","Mock","ZIKV",9.83586,13.3348,0.43907,5e-05,"yes",0.000320686218678815,"Not_significant"
"RANBP6","Mock","ZIKV",19.7559,26.7878,0.439297,5e-05,"yes",0.000320686218678815,"Not_significant"
"SNRNP48","Mock","ZIKV",8.27058,11.2188,0.439863,5e-05,"yes",0.000320686218678815,"Not_significant"
"CD164","Mock","ZIKV",20.8709,28.3269,0.440682,5e-05,"yes",0.000320686218678815,"Not_significant"
"CWC25","Mock","ZIKV",9.25501,12.5668,0.441307,5e-05,"yes",0.000320686218678815,"Not_significant"
"ARFGEF2","Mock","ZIKV",8.15456,11.0754,0.441677,5e-05,"yes",0.000320686218678815,"Not_significant"
"NXPE3","Mock","ZIKV",5.49115,7.45881,0.441836,5e-05,"yes",0.000320686218678815,"Not_significant"
"RPRD2","Mock","ZIKV",13.5563,18.414,0.441847,5e-05,"yes",0.000320686218678815,"Not_significant"
"SLC9A6","Mock","ZIKV",11.7404,15.9484,0.441922,5e-05,"yes",0.000320686218678815,"Not_significant"
"SRSF8","Mock","ZIKV",16.968,23.0497,0.44193,5e-05,"yes",0.000320686218678815,"Not_significant"
"CNNM4","Mock","ZIKV",6.48027,8.80675,0.442555,5e-05,"yes",0.000320686218678815,"Not_significant"
"ISLR2","Mock","ZIKV",86.02,116.943,0.443055,5e-05,"yes",0.000320686218678815,"Not_significant"
"SEC23IP","Mock","ZIKV",7.98036,10.8501,0.443185,5e-05,"yes",0.000320686218678815,"Not_significant"
"REV1","Mock","ZIKV",12.9475,17.6058,0.443378,5e-05,"yes",0.000320686218678815,"Not_significant"
"CBLL1","Mock","ZIKV",9.13551,12.4276,0.443988,5e-05,"yes",0.000320686218678815,"Not_significant"
"SHC2","Mock","ZIKV",34.5248,46.9695,0.44409,5e-05,"yes",0.000320686218678815,"Not_significant"
"SUZ12","Mock","ZIKV",21.4414,29.1725,0.444214,5e-05,"yes",0.000320686218678815,"Not_significant"
"EEF1A2","Mock","ZIKV",50.0556,68.1275,0.444704,5e-05,"yes",0.000320686218678815,"Not_significant"
"CDKN1A","Mock","ZIKV",53.9696,73.4565,0.444744,5e-05,"yes",0.000320686218678815,"Not_significant"
"HSPA4L","Mock","ZIKV",19.19,26.1227,0.444948,5e-05,"yes",0.000320686218678815,"Not_significant"
"PPP1R2","Mock","ZIKV",18.1889,24.7629,0.445118,5e-05,"yes",0.000320686218678815,"Not_significant"
"RANBP2","Mock","ZIKV",16.5857,22.5817,0.445214,5e-05,"yes",0.000320686218678815,"Not_significant"
"L1CAM","Mock","ZIKV",44.5806,60.6998,0.445278,5e-05,"yes",0.000320686218678815,"Not_significant"
"TET1","Mock","ZIKV",7.07065,9.62739,0.445302,5e-05,"yes",0.000320686218678815,"Not_significant"
"RAPGEF6","Mock","ZIKV",12.772,17.3943,0.445628,5e-05,"yes",0.000320686218678815,"Not_significant"
"UBE2J2","Mock","ZIKV",20.7814,28.3053,0.44578,5e-05,"yes",0.000320686218678815,"Not_significant"
"MRPS35","Mock","ZIKV",18.6642,25.4219,0.445802,5e-05,"yes",0.000320686218678815,"Not_significant"
"RBM6","Mock","ZIKV",76.8382,104.673,0.445995,5e-05,"yes",0.000320686218678815,"Not_significant"
"PRKCI","Mock","ZIKV",15.3813,20.9587,0.446369,5e-05,"yes",0.000320686218678815,"Not_significant"
"IGF2R","Mock","ZIKV",25.3783,34.5877,0.446665,5e-05,"yes",0.000320686218678815,"Not_significant"
"SASH1","Mock","ZIKV",7.75069,10.5667,0.447123,5e-05,"yes",0.000320686218678815,"Not_significant"
"ZNF777","Mock","ZIKV",9.76958,13.3243,0.447692,5e-05,"yes",0.000320686218678815,"Not_significant"
"MORC3","Mock","ZIKV",11.5887,15.8081,0.447951,5e-05,"yes",0.000320686218678815,"Not_significant"
"RAB40C","Mock","ZIKV",14.3378,19.5628,0.448292,5e-05,"yes",0.000320686218678815,"Not_significant"
"NMNAT2","Mock","ZIKV",20.1135,27.4509,0.448686,5e-05,"yes",0.000320686218678815,"Not_significant"
"MANF","Mock","ZIKV",59.3645,81.0439,0.449104,5e-05,"yes",0.000320686218678815,"Not_significant"
"MMS19","Mock","ZIKV",21.9018,29.9064,0.449403,5e-05,"yes",0.000320686218678815,"Not_significant"
"SRRM3","Mock","ZIKV",8.83211,12.0645,0.449935,5e-05,"yes",0.000320686218678815,"Not_significant"
"SERP1","Mock","ZIKV",32.2561,44.08,0.450551,5e-05,"yes",0.000320686218678815,"Not_significant"
"SAMM50","Mock","ZIKV",24.7107,33.7689,0.45056,5e-05,"yes",0.000320686218678815,"Not_significant"
"BICD1","Mock","ZIKV",11.1369,15.2198,0.450591,5e-05,"yes",0.000320686218678815,"Not_significant"
"CLOCK","Mock","ZIKV",5.77719,7.89651,0.450847,5e-05,"yes",0.000320686218678815,"Not_significant"
"SPTAN1","Mock","ZIKV",85.7415,117.203,0.450948,5e-05,"yes",0.000320686218678815,"Not_significant"
"RNF2","Mock","ZIKV",14.7405,20.1519,0.451136,5e-05,"yes",0.000320686218678815,"Not_significant"
"ATE1","Mock","ZIKV",14.8413,20.2967,0.451626,5e-05,"yes",0.000320686218678815,"Not_significant"
"ACBD5","Mock","ZIKV",8.67978,11.8742,0.452094,5e-05,"yes",0.000320686218678815,"Not_significant"
"UNC5C","Mock","ZIKV",13.6737,18.708,0.452257,5e-05,"yes",0.000320686218678815,"Not_significant"
"ZNF516","Mock","ZIKV",8.76706,11.9974,0.452555,5e-05,"yes",0.000320686218678815,"Not_significant"
"PPP6R1","Mock","ZIKV",20.6211,28.2196,0.452576,5e-05,"yes",0.000320686218678815,"Not_significant"
"EFHA2","Mock","ZIKV",6.49446,8.88913,0.452833,5e-05,"yes",0.000320686218678815,"Not_significant"
"ELK4","Mock","ZIKV",5.7794,7.91119,0.452976,5e-05,"yes",0.000320686218678815,"Not_significant"
"PTBP3","Mock","ZIKV",13.9964,19.1664,0.453529,5e-05,"yes",0.000320686218678815,"Not_significant"
"ZFR","Mock","ZIKV",50.1003,68.607,0.453536,5e-05,"yes",0.000320686218678815,"Not_significant"
"ARL5A","Mock","ZIKV",16.531,22.6396,0.453676,5e-05,"yes",0.000320686218678815,"Not_significant"
"TAX1BP1","Mock","ZIKV",48.7233,66.7281,0.453684,5e-05,"yes",0.000320686218678815,"Not_significant"
"DCK","Mock","ZIKV",18.4623,25.2911,0.454048,5e-05,"yes",0.000320686218678815,"Not_significant"
"TACC1","Mock","ZIKV",4.53077,6.20793,0.454358,5e-05,"yes",0.000320686218678815,"Not_significant"
"MARK3","Mock","ZIKV",36.0535,49.4018,0.454422,5e-05,"yes",0.000320686218678815,"Not_significant"
"AP1AR","Mock","ZIKV",16.7447,22.9468,0.454583,5e-05,"yes",0.000320686218678815,"Not_significant"
"TMEM178B","Mock","ZIKV",10.7844,14.7819,0.454887,5e-05,"yes",0.000320686218678815,"Not_significant"
"DRG1","Mock","ZIKV",34.9335,47.8999,0.455411,5e-05,"yes",0.000320686218678815,"Not_significant"
"FUBP3","Mock","ZIKV",32.0658,44.0003,0.456478,5e-05,"yes",0.000320686218678815,"Not_significant"
"UFSP2","Mock","ZIKV",12.8717,17.6632,0.456547,5e-05,"yes",0.000320686218678815,"Not_significant"
"ACTR8","Mock","ZIKV",11.5591,15.8632,0.456661,5e-05,"yes",0.000320686218678815,"Not_significant"
"CLTB","Mock","ZIKV",37.477,51.4732,0.457814,5e-05,"yes",0.000320686218678815,"Not_significant"
"CYLD","Mock","ZIKV",5.12987,7.04924,0.458546,5e-05,"yes",0.000320686218678815,"Not_significant"
"RHOT1","Mock","ZIKV",34.4885,47.3931,0.45856,5e-05,"yes",0.000320686218678815,"Not_significant"
"ARIH1","Mock","ZIKV",21.6381,29.7447,0.459061,5e-05,"yes",0.000320686218678815,"Not_significant"
"TESK1","Mock","ZIKV",12.8755,17.7117,0.460073,5e-05,"yes",0.000320686218678815,"Not_significant"
"COPS2","Mock","ZIKV",23.2981,32.0498,0.460102,5e-05,"yes",0.000320686218678815,"Not_significant"
"CAPZA2","Mock","ZIKV",36.4714,50.1728,0.460138,5e-05,"yes",0.000320686218678815,"Not_significant"
"RRN3","Mock","ZIKV",14.6287,20.1327,0.460739,5e-05,"yes",0.000320686218678815,"Not_significant"
"ARHGEF11","Mock","ZIKV",13.0303,17.9365,0.46103,5e-05,"yes",0.000320686218678815,"Not_significant"
"LEMD3","Mock","ZIKV",13.2509,18.2402,0.461036,5e-05,"yes",0.000320686218678815,"Not_significant"
"DNMT3A","Mock","ZIKV",31.0072,42.6925,0.461381,5e-05,"yes",0.000320686218678815,"Not_significant"
"MTRF1L","Mock","ZIKV",10.1845,14.0244,0.461568,5e-05,"yes",0.000320686218678815,"Not_significant"
"NRIP1","Mock","ZIKV",12.8677,17.7196,0.461586,5e-05,"yes",0.000320686218678815,"Not_significant"
"TRIM8","Mock","ZIKV",26.5608,36.5843,0.461927,5e-05,"yes",0.000320686218678815,"Not_significant"
"C5orf30","Mock","ZIKV",13.0209,17.9371,0.462111,5e-05,"yes",0.000320686218678815,"Not_significant"
"PPP3R1","Mock","ZIKV",22.4747,30.9651,0.462343,5e-05,"yes",0.000320686218678815,"Not_significant"
"PRKAB2","Mock","ZIKV",11.1216,15.325,0.462518,5e-05,"yes",0.000320686218678815,"Not_significant"
"WWC2","Mock","ZIKV",8.70487,11.9964,0.462701,5e-05,"yes",0.000320686218678815,"Not_significant"
"RBM25","Mock","ZIKV",67.7827,93.4132,0.462709,5e-05,"yes",0.000320686218678815,"Not_significant"
"ZNF672","Mock","ZIKV",12.3258,16.989,0.462916,5e-05,"yes",0.000320686218678815,"Not_significant"
"TRA2B","Mock","ZIKV",49.921,68.8156,0.463089,5e-05,"yes",0.000320686218678815,"Not_significant"
"DAPK3","Mock","ZIKV",28.5624,39.373,0.463093,5e-05,"yes",0.000320686218678815,"Not_significant"
"CHP1","Mock","ZIKV",23.2622,32.07,0.463238,5e-05,"yes",0.000320686218678815,"Not_significant"
"TSC22D1","Mock","ZIKV",60.6945,83.6859,0.46342,5e-05,"yes",0.000320686218678815,"Not_significant"
"SPTLC1","Mock","ZIKV",26.4628,36.4952,0.463745,5e-05,"yes",0.000320686218678815,"Not_significant"
"TBC1D10B","Mock","ZIKV",22.093,30.4692,0.463764,5e-05,"yes",0.000320686218678815,"Not_significant"
"BTBD1","Mock","ZIKV",21.6211,29.8302,0.46433,5e-05,"yes",0.000320686218678815,"Not_significant"
"ZNF259","Mock","ZIKV",16.38,22.6057,0.464748,5e-05,"yes",0.000320686218678815,"Not_significant"
"DHX36","Mock","ZIKV",29.1802,40.2734,0.464835,5e-05,"yes",0.000320686218678815,"Not_significant"
"SLC25A36","Mock","ZIKV",44.1753,60.975,0.464977,5e-05,"yes",0.000320686218678815,"Not_significant"
"ZCCHC3","Mock","ZIKV",23.5004,32.4489,0.465481,5e-05,"yes",0.000320686218678815,"Not_significant"
"SCAMP1","Mock","ZIKV",12.4772,17.2312,0.465732,5e-05,"yes",0.000320686218678815,"Not_significant"
"RAB3B","Mock","ZIKV",6.96452,9.62191,0.466299,5e-05,"yes",0.000320686218678815,"Not_significant"
"CRELD2","Mock","ZIKV",19.6385,27.14,0.466738,5e-05,"yes",0.000320686218678815,"Not_significant"
"TNIK","Mock","ZIKV",11.7325,16.2158,0.466892,5e-05,"yes",0.000320686218678815,"Not_significant"
"DDX39B","Mock","ZIKV",182.556,252.319,0.466909,5e-05,"yes",0.000320686218678815,"Not_significant"
"CACNA2D1","Mock","ZIKV",27.104,37.476,0.467461,5e-05,"yes",0.000320686218678815,"Not_significant"
"SCAPER","Mock","ZIKV",8.9371,12.3595,0.467739,5e-05,"yes",0.000320686218678815,"Not_significant"
"TMX4","Mock","ZIKV",23.9355,33.1029,0.467806,5e-05,"yes",0.000320686218678815,"Not_significant"
"FNBP4","Mock","ZIKV",36.118,49.9638,0.468167,5e-05,"yes",0.000320686218678815,"Not_significant"
"PHRF1","Mock","ZIKV",10.1476,14.0381,0.468205,5e-05,"yes",0.000320686218678815,"Not_significant"
"ZNF317","Mock","ZIKV",8.77808,12.1438,0.468238,5e-05,"yes",0.000320686218678815,"Not_significant"
"R3HDM4","Mock","ZIKV",30.149,41.7142,0.468432,5e-05,"yes",0.000320686218678815,"Not_significant"
"RNF168","Mock","ZIKV",7.04879,9.75473,0.468727,5e-05,"yes",0.000320686218678815,"Not_significant"
"RNF139","Mock","ZIKV",18.3303,25.3681,0.468783,5e-05,"yes",0.000320686218678815,"Not_significant"
"LGR4","Mock","ZIKV",10.0682,13.936,0.469009,5e-05,"yes",0.000320686218678815,"Not_significant"
"CXXC5","Mock","ZIKV",49.26,68.1855,0.46905,5e-05,"yes",0.000320686218678815,"Not_significant"
"SMEK2","Mock","ZIKV",24.0926,33.3581,0.469447,5e-05,"yes",0.000320686218678815,"Not_significant"
"ZNF641","Mock","ZIKV",7.24127,10.0318,0.470269,5e-05,"yes",0.000320686218678815,"Not_significant"
"CNGB1","Mock","ZIKV",10.3884,14.3938,0.470483,5e-05,"yes",0.000320686218678815,"Not_significant"
"XPO6","Mock","ZIKV",28.3797,39.3233,0.470523,5e-05,"yes",0.000320686218678815,"Not_significant"
"TULP4","Mock","ZIKV",8.62144,11.9464,0.47057,5e-05,"yes",0.000320686218678815,"Not_significant"
"DNAJB14","Mock","ZIKV",9.7199,13.4702,0.470753,5e-05,"yes",0.000320686218678815,"Not_significant"
"ANKRD11","Mock","ZIKV",39.7328,55.0787,0.471166,5e-05,"yes",0.000320686218678815,"Not_significant"
"FAM91A1","Mock","ZIKV",9.71551,13.4697,0.471361,5e-05,"yes",0.000320686218678815,"Not_significant"
"MOB1B","Mock","ZIKV",16.7456,23.2172,0.471418,5e-05,"yes",0.000320686218678815,"Not_significant"
"PIK3C2B","Mock","ZIKV",14.0546,19.4863,0.47142,5e-05,"yes",0.000320686218678815,"Not_significant"
"THAP5","Mock","ZIKV",13.2293,18.3438,0.471565,5e-05,"yes",0.000320686218678815,"Not_significant"
"ZNF35","Mock","ZIKV",6.70237,9.30027,0.472601,5e-05,"yes",0.000320686218678815,"Not_significant"
"PRPF18","Mock","ZIKV",12.4456,17.2769,0.47321,5e-05,"yes",0.000320686218678815,"Not_significant"
"HSF2","Mock","ZIKV",24.3387,33.7884,0.47328,5e-05,"yes",0.000320686218678815,"Not_significant"
"AFF1","Mock","ZIKV",8.70976,12.0918,0.47332,5e-05,"yes",0.000320686218678815,"Not_significant"
"ACVR1B","Mock","ZIKV",20.9038,29.0215,0.473353,5e-05,"yes",0.000320686218678815,"Not_significant"
"PRKAR2A","Mock","ZIKV",16.0116,22.2302,0.473404,5e-05,"yes",0.000320686218678815,"Not_significant"
"PDIK1L","Mock","ZIKV",7.09121,9.84831,0.473844,5e-05,"yes",0.000320686218678815,"Not_significant"
"RAB8B","Mock","ZIKV",26.3001,36.5272,0.473903,5e-05,"yes",0.000320686218678815,"Not_significant"
"CTTNBP2","Mock","ZIKV",3.91746,5.44144,0.47407,5e-05,"yes",0.000320686218678815,"Not_significant"
"BCAR1","Mock","ZIKV",21.6534,30.0807,0.474249,5e-05,"yes",0.000320686218678815,"Not_significant"
"GPATCH2L","Mock","ZIKV",13.7121,19.054,0.474646,5e-05,"yes",0.000320686218678815,"Not_significant"
"TSNAX","Mock","ZIKV",22.7301,31.5967,0.475169,5e-05,"yes",0.000320686218678815,"Not_significant"
"DCP2","Mock","ZIKV",8.62602,11.9938,0.475517,5e-05,"yes",0.000320686218678815,"Not_significant"
"EMC3","Mock","ZIKV",29.1842,40.5857,0.475786,5e-05,"yes",0.000320686218678815,"Not_significant"
"CSNK1G3","Mock","ZIKV",11.3607,15.8012,0.47598,5e-05,"yes",0.000320686218678815,"Not_significant"
"RNF11","Mock","ZIKV",45.8187,63.7292,0.476017,5e-05,"yes",0.000320686218678815,"Not_significant"
"SMAD2","Mock","ZIKV",7.89811,10.9864,0.476135,5e-05,"yes",0.000320686218678815,"Not_significant"
"CIC","Mock","ZIKV",26.8873,37.4137,0.476642,5e-05,"yes",0.000320686218678815,"Not_significant"
"ASUN","Mock","ZIKV",7.84563,10.9197,0.47697,5e-05,"yes",0.000320686218678815,"Not_significant"
"NR2F6","Mock","ZIKV",29.5367,41.1215,0.477384,5e-05,"yes",0.000320686218678815,"Not_significant"
"LRRFIP2","Mock","ZIKV",15.3446,21.3667,0.477633,5e-05,"yes",0.000320686218678815,"Not_significant"
"RSL1D1","Mock","ZIKV",20.5689,28.6496,0.478048,5e-05,"yes",0.000320686218678815,"Not_significant"
"TTC33","Mock","ZIKV",7.24141,10.0909,0.478718,5e-05,"yes",0.000320686218678815,"Not_significant"
"GPHN","Mock","ZIKV",11.4156,15.9094,0.478872,5e-05,"yes",0.000320686218678815,"Not_significant"
"KIAA1430","Mock","ZIKV",12.7102,17.716,0.479057,5e-05,"yes",0.000320686218678815,"Not_significant"
"RND3","Mock","ZIKV",53.6291,74.756,0.479172,5e-05,"yes",0.000320686218678815,"Not_significant"
"NRP1","Mock","ZIKV",23.5636,32.8486,0.479272,5e-05,"yes",0.000320686218678815,"Not_significant"
"HINT3","Mock","ZIKV",18.0604,25.1773,0.479294,5e-05,"yes",0.000320686218678815,"Not_significant"
"KCTD3","Mock","ZIKV",20.3912,28.4346,0.479701,5e-05,"yes",0.000320686218678815,"Not_significant"
"DSTN","Mock","ZIKV",42.9514,59.8972,0.479783,5e-05,"yes",0.000320686218678815,"Not_significant"
"CACNA1C","Mock","ZIKV",4.53982,6.33165,0.479945,5e-05,"yes",0.000320686218678815,"Not_significant"
"SYNE1","Mock","ZIKV",2.29744,3.20432,0.479992,5e-05,"yes",0.000320686218678815,"Not_significant"
"WDR75","Mock","ZIKV",20.5732,28.696,0.480083,5e-05,"yes",0.000320686218678815,"Not_significant"
"BBS7","Mock","ZIKV",10.6532,14.8597,0.480116,5e-05,"yes",0.000320686218678815,"Not_significant"
"MAPT","Mock","ZIKV",20.4844,28.5731,0.480128,5e-05,"yes",0.000320686218678815,"Not_significant"
"MED23","Mock","ZIKV",9.93608,13.8603,0.480208,5e-05,"yes",0.000320686218678815,"Not_significant"
"PANK3","Mock","ZIKV",48.0681,67.057,0.480307,5e-05,"yes",0.000320686218678815,"Not_significant"
"PPM1A","Mock","ZIKV",15.2719,21.3173,0.481144,5e-05,"yes",0.000320686218678815,"Not_significant"
"CRK","Mock","ZIKV",19.8616,27.7417,0.482075,5e-05,"yes",0.000320686218678815,"Not_significant"
"DNMBP","Mock","ZIKV",3.75362,5.2437,0.482301,5e-05,"yes",0.000320686218678815,"Not_significant"
"SUPT20H","Mock","ZIKV",36.1092,50.4569,0.482684,5e-05,"yes",0.000320686218678815,"Not_significant"
"TCEA2","Mock","ZIKV",23.42,32.7291,0.482831,5e-05,"yes",0.000320686218678815,"Not_significant"
"SPEN","Mock","ZIKV",23.3458,32.6262,0.482865,5e-05,"yes",0.000320686218678815,"Not_significant"
"NAA60","Mock","ZIKV",19.5402,27.3115,0.48306,5e-05,"yes",0.000320686218678815,"Not_significant"
"RCOR1","Mock","ZIKV",10.5807,14.7946,0.483641,5e-05,"yes",0.000320686218678815,"Not_significant"
"HECTD4","Mock","ZIKV",18.9484,26.5014,0.483994,5e-05,"yes",0.000320686218678815,"Not_significant"
"WAC","Mock","ZIKV",36.5494,51.125,0.484182,5e-05,"yes",0.000320686218678815,"Not_significant"
"TET3","Mock","ZIKV",19.9359,27.8908,0.484419,5e-05,"yes",0.000320686218678815,"Not_significant"
"LPIN1","Mock","ZIKV",17.5233,24.5162,0.484458,5e-05,"yes",0.000320686218678815,"Not_significant"
"MSMO1","Mock","ZIKV",80.1916,112.199,0.484542,5e-05,"yes",0.000320686218678815,"Not_significant"
"CLSTN2","Mock","ZIKV",10.0719,14.0938,0.484733,5e-05,"yes",0.000320686218678815,"Not_significant"
"WASL","Mock","ZIKV",14.3299,20.0526,0.484756,5e-05,"yes",0.000320686218678815,"Not_significant"
"UBXN7","Mock","ZIKV",21.6928,30.3725,0.485547,5e-05,"yes",0.000320686218678815,"Not_significant"
"EMC8","Mock","ZIKV",15.2681,21.3772,0.485557,5e-05,"yes",0.000320686218678815,"Not_significant"
"SCAF4","Mock","ZIKV",20.4326,28.6095,0.485621,5e-05,"yes",0.000320686218678815,"Not_significant"
"KTN1","Mock","ZIKV",39.8118,55.7676,0.48623,5e-05,"yes",0.000320686218678815,"Not_significant"
"TAPT1","Mock","ZIKV",8.59078,12.034,0.486254,5e-05,"yes",0.000320686218678815,"Not_significant"
"SEC16A","Mock","ZIKV",19.5049,27.3235,0.486304,5e-05,"yes",0.000320686218678815,"Not_significant"
"CELSR3","Mock","ZIKV",21.8125,30.5668,0.48681,5e-05,"yes",0.000320686218678815,"Not_significant"
"EIF2B2","Mock","ZIKV",20.1998,28.3077,0.48685,5e-05,"yes",0.000320686218678815,"Not_significant"
"FAM179B","Mock","ZIKV",6.31284,8.84711,0.486918,5e-05,"yes",0.000320686218678815,"Not_significant"
"RNF111","Mock","ZIKV",9.25239,12.9688,0.487144,5e-05,"yes",0.000320686218678815,"Not_significant"
"CCAR1","Mock","ZIKV",46.4776,65.1556,0.487355,5e-05,"yes",0.000320686218678815,"Not_significant"
"IL6ST","Mock","ZIKV",6.69516,9.38614,0.487414,5e-05,"yes",0.000320686218678815,"Not_significant"
"MYCBP2","Mock","ZIKV",11.171,15.6627,0.487568,5e-05,"yes",0.000320686218678815,"Not_significant"
"TMEM11","Mock","ZIKV",10.5826,14.8379,0.487596,5e-05,"yes",0.000320686218678815,"Not_significant"
"SERINC3","Mock","ZIKV",25.6809,36.0145,0.487883,5e-05,"yes",0.000320686218678815,"Not_significant"
"USP11","Mock","ZIKV",89.7676,125.908,0.488098,5e-05,"yes",0.000320686218678815,"Not_significant"
"MANBA","Mock","ZIKV",6.17492,8.66129,0.488162,5e-05,"yes",0.000320686218678815,"Not_significant"
"SURF4","Mock","ZIKV",53.6877,75.3173,0.488391,5e-05,"yes",0.000320686218678815,"Not_significant"
"LRRC58","Mock","ZIKV",5.9804,8.39069,0.488547,5e-05,"yes",0.000320686218678815,"Not_significant"
"GUK1","Mock","ZIKV",62.2955,87.4209,0.48885,5e-05,"yes",0.000320686218678815,"Not_significant"
"COPB2","Mock","ZIKV",45.0224,63.1876,0.488998,5e-05,"yes",0.000320686218678815,"Not_significant"
"KLHDC2","Mock","ZIKV",35.1307,49.3056,0.489021,5e-05,"yes",0.000320686218678815,"Not_significant"
"FOXN3","Mock","ZIKV",11.2716,15.8231,0.489349,5e-05,"yes",0.000320686218678815,"Not_significant"
"GOLPH3","Mock","ZIKV",28.9169,40.6013,0.489612,5e-05,"yes",0.000320686218678815,"Not_significant"
"RNF31","Mock","ZIKV",13.4925,18.9451,0.489661,5e-05,"yes",0.000320686218678815,"Not_significant"
"AVL9","Mock","ZIKV",13.6492,19.1663,0.489758,5e-05,"yes",0.000320686218678815,"Not_significant"
"BNIP3","Mock","ZIKV",23.7632,33.3701,0.489827,5e-05,"yes",0.000320686218678815,"Not_significant"
"MEX3C","Mock","ZIKV",21.9689,30.8751,0.490986,5e-05,"yes",0.000320686218678815,"Not_significant"
"PELI1","Mock","ZIKV",22.2096,31.2264,0.491584,5e-05,"yes",0.000320686218678815,"Not_significant"
"LRCH4","Mock","ZIKV",18.4334,25.9174,0.491597,5e-05,"yes",0.000320686218678815,"Not_significant"
"ZBTB11","Mock","ZIKV",7.65105,10.7578,0.491649,5e-05,"yes",0.000320686218678815,"Not_significant"
"RIMKLB","Mock","ZIKV",25.0237,35.1892,0.491838,5e-05,"yes",0.000320686218678815,"Not_significant"
"YPEL5","Mock","ZIKV",36.8376,51.8031,0.491861,5e-05,"yes",0.000320686218678815,"Not_significant"
"MNT","Mock","ZIKV",14.4939,20.3829,0.49191,5e-05,"yes",0.000320686218678815,"Not_significant"
"SCOC","Mock","ZIKV",61.8391,86.9694,0.491987,5e-05,"yes",0.000320686218678815,"Not_significant"
"CCNL1","Mock","ZIKV",46.5612,65.4841,0.492016,5e-05,"yes",0.000320686218678815,"Not_significant"
"ZNF410","Mock","ZIKV",19.7879,27.8337,0.492217,5e-05,"yes",0.000320686218678815,"Not_significant"
"CBX6","Mock","ZIKV",10.3914,14.622,0.49275,5e-05,"yes",0.000320686218678815,"Not_significant"
"CLUAP1","Mock","ZIKV",9.11949,12.8379,0.493385,5e-05,"yes",0.000320686218678815,"Not_significant"
"C6orf62","Mock","ZIKV",47.9474,67.5178,0.493813,5e-05,"yes",0.000320686218678815,"Not_significant"
"HID1","Mock","ZIKV",13.248,18.6627,0.494379,5e-05,"yes",0.000320686218678815,"Not_significant"
"AAK1","Mock","ZIKV",5.1987,7.32513,0.494703,5e-05,"yes",0.000320686218678815,"Not_significant"
"MLL","Mock","ZIKV",20.8063,29.3181,0.494776,5e-05,"yes",0.000320686218678815,"Not_significant"
"ZBTB44","Mock","ZIKV",9.26132,13.0523,0.495019,5e-05,"yes",0.000320686218678815,"Not_significant"
"TJP1","Mock","ZIKV",20.9623,29.5459,0.495162,5e-05,"yes",0.000320686218678815,"Not_significant"
"SELT","Mock","ZIKV",25.2483,35.5934,0.495423,5e-05,"yes",0.000320686218678815,"Not_significant"
"AP3B1","Mock","ZIKV",11.7127,16.5133,0.495554,5e-05,"yes",0.000320686218678815,"Not_significant"
"EPT1","Mock","ZIKV",11.8196,16.666,0.495728,5e-05,"yes",0.000320686218678815,"Not_significant"
"FLJ45340","Mock","ZIKV",15.0424,21.2133,0.495929,5e-05,"yes",0.000320686218678815,"Not_significant"
"ACSL4","Mock","ZIKV",13.2445,18.6823,0.496272,5e-05,"yes",0.000320686218678815,"Not_significant"
"NDUFAF5","Mock","ZIKV",6.30434,8.89342,0.496393,5e-05,"yes",0.000320686218678815,"Not_significant"
"PITPNM1","Mock","ZIKV",38.3458,54.1118,0.496876,5e-05,"yes",0.000320686218678815,"Not_significant"
"SETD5","Mock","ZIKV",42.253,59.653,0.49754,5e-05,"yes",0.000320686218678815,"Not_significant"
"ADCY9","Mock","ZIKV",5.03693,7.11186,0.497682,5e-05,"yes",0.000320686218678815,"Not_significant"
"CNOT3","Mock","ZIKV",25.8113,36.4463,0.49777,5e-05,"yes",0.000320686218678815,"Not_significant"
"HSPA13","Mock","ZIKV",36.0304,50.8897,0.498157,5e-05,"yes",0.000320686218678815,"Not_significant"
"NOL10","Mock","ZIKV",6.88785,9.72855,0.498171,5e-05,"yes",0.000320686218678815,"Not_significant"
"PPP4R2","Mock","ZIKV",39.2966,55.516,0.498499,5e-05,"yes",0.000320686218678815,"Not_significant"
"THOC1","Mock","ZIKV",25.8532,36.5257,0.498566,5e-05,"yes",0.000320686218678815,"Not_significant"
"RASA3","Mock","ZIKV",13.4326,18.9793,0.498683,5e-05,"yes",0.000320686218678815,"Not_significant"
"CAB39","Mock","ZIKV",29.5821,41.7992,0.498753,5e-05,"yes",0.000320686218678815,"Not_significant"
"PPP1R16A","Mock","ZIKV",18.5109,26.1567,0.498808,5e-05,"yes",0.000320686218678815,"Not_significant"
"ZNF510","Mock","ZIKV",7.1678,10.1285,0.498819,5e-05,"yes",0.000320686218678815,"Not_significant"
"PDIA4","Mock","ZIKV",59.6727,84.3264,0.498913,5e-05,"yes",0.000320686218678815,"Not_significant"
"ZNF12","Mock","ZIKV",7.34797,10.384,0.498951,5e-05,"yes",0.000320686218678815,"Not_significant"
"FAM65A","Mock","ZIKV",15.8088,22.3499,0.499544,5e-05,"yes",0.000320686218678815,"Not_significant"
"RSF1","Mock","ZIKV",22.2379,31.4485,0.499971,5e-05,"yes",0.000320686218678815,"Not_significant"
"TBCEL","Mock","ZIKV",6.80261,9.62314,0.500419,5e-05,"yes",0.000320686218678815,"Not_significant"
"SYT13","Mock","ZIKV",16.9297,23.9534,0.500675,5e-05,"yes",0.000320686218678815,"Not_significant"
"KLHDC10","Mock","ZIKV",15.1295,21.4065,0.50068,5e-05,"yes",0.000320686218678815,"Not_significant"
"RHEB","Mock","ZIKV",45.7655,64.7585,0.500807,5e-05,"yes",0.000320686218678815,"Not_significant"
"NFU1","Mock","ZIKV",20.5656,29.1032,0.500944,5e-05,"yes",0.000320686218678815,"Not_significant"
"SLMAP","Mock","ZIKV",9.07743,12.849,0.501303,5e-05,"yes",0.000320686218678815,"Not_significant"
"ARL8A","Mock","ZIKV",24.5867,34.8112,0.501671,5e-05,"yes",0.000320686218678815,"Not_significant"
"PRPF4","Mock","ZIKV",12.0792,17.1028,0.501698,5e-05,"yes",0.000320686218678815,"Not_significant"
"VPS37D","Mock","ZIKV",14.255,20.1918,0.502297,5e-05,"yes",0.000320686218678815,"Not_significant"
"RAB31","Mock","ZIKV",10.5587,14.9619,0.502867,5e-05,"yes",0.000320686218678815,"Not_significant"
"SYF2","Mock","ZIKV",22.4668,31.8425,0.503162,5e-05,"yes",0.000320686218678815,"Not_significant"
"BOD1L1","Mock","ZIKV",15.5251,22.0204,0.504238,5e-05,"yes",0.000320686218678815,"Not_significant"
"SLC9A7","Mock","ZIKV",2.80427,3.97778,0.504339,5e-05,"yes",0.000320686218678815,"Not_significant"
"DYRK2","Mock","ZIKV",13.7327,19.4795,0.504342,5e-05,"yes",0.000320686218678815,"Not_significant"
"ZNF212","Mock","ZIKV",7.8787,11.1774,0.504556,5e-05,"yes",0.000320686218678815,"Not_significant"
"ZYG11B","Mock","ZIKV",9.85215,13.9818,0.505036,5e-05,"yes",0.000320686218678815,"Not_significant"
"NFX1","Mock","ZIKV",11.7206,16.6415,0.505735,5e-05,"yes",0.000320686218678815,"Not_significant"
"CCNG2","Mock","ZIKV",18.6211,26.4405,0.505808,5e-05,"yes",0.000320686218678815,"Not_significant"
"STK40","Mock","ZIKV",21.9746,31.2105,0.506194,5e-05,"yes",0.000320686218678815,"Not_significant"
"MTSS1L","Mock","ZIKV",21.3148,30.2907,0.50702,5e-05,"yes",0.000320686218678815,"Not_significant"
"DOCK4","Mock","ZIKV",5.34453,7.59666,0.507302,5e-05,"yes",0.000320686218678815,"Not_significant"
"CPEB4","Mock","ZIKV",9.40253,13.3699,0.507869,5e-05,"yes",0.000320686218678815,"Not_significant"
"SIK1","Mock","ZIKV",5.3925,7.66845,0.507981,5e-05,"yes",0.000320686218678815,"Not_significant"
"NGDN","Mock","ZIKV",22.832,32.4724,0.508156,5e-05,"yes",0.000320686218678815,"Not_significant"
"FAM222B","Mock","ZIKV",10.4477,14.8606,0.508304,5e-05,"yes",0.000320686218678815,"Not_significant"
"EDEM3","Mock","ZIKV",9.72263,13.834,0.508802,5e-05,"yes",0.000320686218678815,"Not_significant"
"PPFIA1","Mock","ZIKV",20.4284,29.0688,0.508893,5e-05,"yes",0.000320686218678815,"Not_significant"
"KIAA1671","Mock","ZIKV",3.32452,4.73086,0.508957,5e-05,"yes",0.000320686218678815,"Not_significant"
"PPP1R12A","Mock","ZIKV",22.2015,31.5935,0.50897,5e-05,"yes",0.000320686218678815,"Not_significant"
"UBR4","Mock","ZIKV",26.3646,37.5361,0.509677,5e-05,"yes",0.000320686218678815,"Not_significant"
"SOCS6","Mock","ZIKV",7.2533,10.3278,0.509829,5e-05,"yes",0.000320686218678815,"Not_significant"
"TSC1","Mock","ZIKV",11.7669,16.7574,0.510056,5e-05,"yes",0.000320686218678815,"Not_significant"
"PEX13","Mock","ZIKV",7.4703,10.646,0.511079,5e-05,"yes",0.000320686218678815,"Not_significant"
"SEP15","Mock","ZIKV",44.9733,64.0982,0.511213,5e-05,"yes",0.000320686218678815,"Not_significant"
"GOPC","Mock","ZIKV",14.8936,21.2293,0.511364,5e-05,"yes",0.000320686218678815,"Not_significant"
"RNF10","Mock","ZIKV",37.2631,53.1209,0.511534,5e-05,"yes",0.000320686218678815,"Not_significant"
"VTI1A","Mock","ZIKV",5.16027,7.35809,0.511885,5e-05,"yes",0.000320686218678815,"Not_significant"
"ZNF8","Mock","ZIKV",9.25503,13.1971,0.511915,5e-05,"yes",0.000320686218678815,"Not_significant"
"SLC25A46","Mock","ZIKV",18.4365,26.2902,0.511962,5e-05,"yes",0.000320686218678815,"Not_significant"
"GADD45A","Mock","ZIKV",62.5887,89.2547,0.512025,5e-05,"yes",0.000320686218678815,"Not_significant"
"CSRNP2","Mock","ZIKV",19.3533,27.6107,0.512645,5e-05,"yes",0.000320686218678815,"Not_significant"
"RPN1","Mock","ZIKV",79.623,113.649,0.513322,5e-05,"yes",0.000320686218678815,"Not_significant"
"ATP1A3","Mock","ZIKV",100.677,143.727,0.513593,5e-05,"yes",0.000320686218678815,"Not_significant"
"TMEM170B","Mock","ZIKV",15.3075,21.854,0.513659,5e-05,"yes",0.000320686218678815,"Not_significant"
"MTPAP","Mock","ZIKV",4.91354,7.01617,0.513921,5e-05,"yes",0.000320686218678815,"Not_significant"
"ZFAND3","Mock","ZIKV",53.149,75.8945,0.513953,5e-05,"yes",0.000320686218678815,"Not_significant"
"TEX10","Mock","ZIKV",11.0868,15.8327,0.514066,5e-05,"yes",0.000320686218678815,"Not_significant"
"DESI2","Mock","ZIKV",14.1334,20.1846,0.514147,5e-05,"yes",0.000320686218678815,"Not_significant"
"WDR91","Mock","ZIKV",4.58906,6.55542,0.514492,5e-05,"yes",0.000320686218678815,"Not_significant"
"DNAJA2","Mock","ZIKV",23.7317,33.9101,0.514902,5e-05,"yes",0.000320686218678815,"Not_significant"
"KDM3A","Mock","ZIKV",21.9437,31.3595,0.515098,5e-05,"yes",0.000320686218678815,"Not_significant"
"NCOA3","Mock","ZIKV",8.00989,11.4497,0.515461,5e-05,"yes",0.000320686218678815,"Not_significant"
"TMTC1","Mock","ZIKV",2.2821,3.26372,0.516154,5e-05,"yes",0.000320686218678815,"Not_significant"
"CLK2","Mock","ZIKV",23.5621,33.7024,0.516385,5e-05,"yes",0.000320686218678815,"Not_significant"
"TSC22D4","Mock","ZIKV",7.75957,11.1006,0.516585,5e-05,"yes",0.000320686218678815,"Not_significant"
"DNTTIP1","Mock","ZIKV",20.9457,29.9646,0.516602,5e-05,"yes",0.000320686218678815,"Not_significant"
"FAM171B","Mock","ZIKV",9.69728,13.8744,0.51677,5e-05,"yes",0.000320686218678815,"Not_significant"
"CEP120","Mock","ZIKV",10.8991,15.5952,0.516903,5e-05,"yes",0.000320686218678815,"Not_significant"
"GTF2F1","Mock","ZIKV",39.6268,56.7028,0.516943,5e-05,"yes",0.000320686218678815,"Not_significant"
"SCYL2","Mock","ZIKV",29.7364,42.5792,0.51792,5e-05,"yes",0.000320686218678815,"Not_significant"
"PAPOLG","Mock","ZIKV",5.80699,8.31899,0.518616,5e-05,"yes",0.000320686218678815,"Not_significant"
"UBE2J1","Mock","ZIKV",21.534,30.8527,0.518781,5e-05,"yes",0.000320686218678815,"Not_significant"
"DFNB31","Mock","ZIKV",12.0285,17.2362,0.518978,5e-05,"yes",0.000320686218678815,"Not_significant"
"ANKRD46","Mock","ZIKV",21.5495,30.8839,0.5192,5e-05,"yes",0.000320686218678815,"Not_significant"
"PFDN4","Mock","ZIKV",23.3157,33.4178,0.519317,5e-05,"yes",0.000320686218678815,"Not_significant"
"KIAA1033","Mock","ZIKV",12.9949,18.6295,0.519638,5e-05,"yes",0.000320686218678815,"Not_significant"
"IFRD1","Mock","ZIKV",23.294,33.3967,0.519746,5e-05,"yes",0.000320686218678815,"Not_significant"
"SMAP1","Mock","ZIKV",21.1571,30.3499,0.52055,5e-05,"yes",0.000320686218678815,"Not_significant"
"ATAD1","Mock","ZIKV",29.1986,41.8974,0.520962,5e-05,"yes",0.000320686218678815,"Not_significant"
"ZNHIT6","Mock","ZIKV",3.74107,5.37007,0.521491,5e-05,"yes",0.000320686218678815,"Not_significant"
"GDF1","Mock","ZIKV",19.3306,27.757,0.521968,5e-05,"yes",0.000320686218678815,"Not_significant"
"TBC1D22B","Mock","ZIKV",6.43024,9.23343,0.521995,5e-05,"yes",0.000320686218678815,"Not_significant"
"DDX55","Mock","ZIKV",12.8634,18.4721,0.522068,5e-05,"yes",0.000320686218678815,"Not_significant"
"FLYWCH1","Mock","ZIKV",13.7471,19.7467,0.522488,5e-05,"yes",0.000320686218678815,"Not_significant"
"FEM1A","Mock","ZIKV",9.52145,13.6796,0.522773,5e-05,"yes",0.000320686218678815,"Not_significant"
"BBX","Mock","ZIKV",11.8033,16.9625,0.523159,5e-05,"yes",0.000320686218678815,"Not_significant"
"RNF181","Mock","ZIKV",40.0219,57.5154,0.523159,5e-05,"yes",0.000320686218678815,"Not_significant"
"PTAR1","Mock","ZIKV",11.9751,17.2184,0.523906,5e-05,"yes",0.000320686218678815,"Not_significant"
"RPS6KA4","Mock","ZIKV",4.95984,7.13287,0.52419,5e-05,"yes",0.000320686218678815,"Not_significant"
"TFAM","Mock","ZIKV",11.0086,15.8322,0.524228,5e-05,"yes",0.000320686218678815,"Not_significant"
"MID1IP1","Mock","ZIKV",11.2832,16.2328,0.524738,5e-05,"yes",0.000320686218678815,"Not_significant"
"MAP3K2","Mock","ZIKV",8.59231,12.362,0.524794,5e-05,"yes",0.000320686218678815,"Not_significant"
"P4HA1","Mock","ZIKV",12.6083,18.1445,0.52516,5e-05,"yes",0.000320686218678815,"Not_significant"
"KDM6A","Mock","ZIKV",9.00903,12.9653,0.525213,5e-05,"yes",0.000320686218678815,"Not_significant"
"SNX30","Mock","ZIKV",12.0592,17.3563,0.525317,5e-05,"yes",0.000320686218678815,"Not_significant"
"ATP6V1A","Mock","ZIKV",23.9689,34.5059,0.525677,5e-05,"yes",0.000320686218678815,"Not_significant"
"KANSL2","Mock","ZIKV",15.3639,22.1184,0.525703,5e-05,"yes",0.000320686218678815,"Not_significant"
"CELF1","Mock","ZIKV",41.1441,59.234,0.52574,5e-05,"yes",0.000320686218678815,"Not_significant"
"C5orf22","Mock","ZIKV",13.7497,19.7955,0.525774,5e-05,"yes",0.000320686218678815,"Not_significant"
"NAP1L3","Mock","ZIKV",16.9212,24.3691,0.526224,5e-05,"yes",0.000320686218678815,"Not_significant"
"SNX9","Mock","ZIKV",8.2817,11.9276,0.526299,5e-05,"yes",0.000320686218678815,"Not_significant"
"TOM1L2","Mock","ZIKV",12.4285,17.9054,0.526747,5e-05,"yes",0.000320686218678815,"Not_significant"
"SIRT1","Mock","ZIKV",13.6635,19.686,0.526842,5e-05,"yes",0.000320686218678815,"Not_significant"
"METTL16","Mock","ZIKV",7.75677,11.1764,0.52693,5e-05,"yes",0.000320686218678815,"Not_significant"
"TMEM66","Mock","ZIKV",168.497,242.786,0.526964,5e-05,"yes",0.000320686218678815,"Not_significant"
"NOB1","Mock","ZIKV",13.5686,19.5511,0.526974,5e-05,"yes",0.000320686218678815,"Not_significant"
"VIPAS39","Mock","ZIKV",11.3057,16.2958,0.527446,5e-05,"yes",0.000320686218678815,"Not_significant"
"OAZ1","Mock","ZIKV",213.443,307.675,0.527551,5e-05,"yes",0.000320686218678815,"Not_significant"
"TRIO","Mock","ZIKV",27.0634,39.0158,0.527711,5e-05,"yes",0.000320686218678815,"Not_significant"
"CNTN1","Mock","ZIKV",3.92298,5.65684,0.528048,5e-05,"yes",0.000320686218678815,"Not_significant"
"WDR45B","Mock","ZIKV",33.481,48.3111,0.529011,5e-05,"yes",0.000320686218678815,"Not_significant"
"CDK5R2","Mock","ZIKV",6.56779,9.47824,0.529212,5e-05,"yes",0.000320686218678815,"Not_significant"
"FBXO38","Mock","ZIKV",12.9098,18.6328,0.529382,5e-05,"yes",0.000320686218678815,"Not_significant"
"SCN3B","Mock","ZIKV",10.0866,14.5595,0.529522,5e-05,"yes",0.000320686218678815,"Not_significant"
"FAT3","Mock","ZIKV",7.21427,10.4201,0.530443,5e-05,"yes",0.000320686218678815,"Not_significant"
"FER","Mock","ZIKV",5.72205,8.26588,0.530637,5e-05,"yes",0.000320686218678815,"Not_significant"
"FAF1","Mock","ZIKV",17.2567,24.9309,0.530783,5e-05,"yes",0.000320686218678815,"Not_significant"
"RAB3GAP2","Mock","ZIKV",11.3036,16.3349,0.531182,5e-05,"yes",0.000320686218678815,"Not_significant"
"ZNF282","Mock","ZIKV",9.68326,13.9979,0.531649,5e-05,"yes",0.000320686218678815,"Not_significant"
"SRPR","Mock","ZIKV",31.3029,45.2612,0.531979,5e-05,"yes",0.000320686218678815,"Not_significant"
"BAI1","Mock","ZIKV",2.72702,3.94334,0.532095,5e-05,"yes",0.000320686218678815,"Not_significant"
"ACOX1","Mock","ZIKV",5.65767,8.18259,0.532349,5e-05,"yes",0.000320686218678815,"Not_significant"
"KDM6B","Mock","ZIKV",25.1169,36.3374,0.532795,5e-05,"yes",0.000320686218678815,"Not_significant"
"FBXO3","Mock","ZIKV",21.5427,31.1809,0.533465,5e-05,"yes",0.000320686218678815,"Not_significant"
"RPS6KB1","Mock","ZIKV",10.0637,14.5686,0.533694,5e-05,"yes",0.000320686218678815,"Not_significant"
"POFUT2","Mock","ZIKV",16.8355,24.3905,0.534817,5e-05,"yes",0.000320686218678815,"Not_significant"
"FAM73A","Mock","ZIKV",3.75299,5.43796,0.535023,5e-05,"yes",0.000320686218678815,"Not_significant"
"CREB5","Mock","ZIKV",3.37215,4.88622,0.535048,5e-05,"yes",0.000320686218678815,"Not_significant"
"ZBTB10","Mock","ZIKV",15.0662,21.836,0.535399,5e-05,"yes",0.000320686218678815,"Not_significant"
"SLC25A12","Mock","ZIKV",10.0043,14.504,0.535837,5e-05,"yes",0.000320686218678815,"Not_significant"
"ZNF10","Mock","ZIKV",6.07842,8.81315,0.535961,5e-05,"yes",0.000320686218678815,"Not_significant"
"UBR2","Mock","ZIKV",9.66568,14.0145,0.535976,5e-05,"yes",0.000320686218678815,"Not_significant"
"VAPA","Mock","ZIKV",22.1565,32.132,0.536278,5e-05,"yes",0.000320686218678815,"Not_significant"
"PTPN13","Mock","ZIKV",27.7584,40.2709,0.536811,5e-05,"yes",0.000320686218678815,"Not_significant"
"TMED7","Mock","ZIKV",23.6883,34.3787,0.53734,5e-05,"yes",0.000320686218678815,"Not_significant"
"RAP2B","Mock","ZIKV",8.72718,12.6671,0.537502,5e-05,"yes",0.000320686218678815,"Not_significant"
"ZBTB38","Mock","ZIKV",2.75425,3.99784,0.537564,5e-05,"yes",0.000320686218678815,"Not_significant"
"LRP1","Mock","ZIKV",33.29,48.3297,0.537822,5e-05,"yes",0.000320686218678815,"Not_significant"
"CCNT2","Mock","ZIKV",21.3165,30.96,0.538433,5e-05,"yes",0.000320686218678815,"Not_significant"
"PTPRE","Mock","ZIKV",3.70448,5.38042,0.538449,5e-05,"yes",0.000320686218678815,"Not_significant"
"LHFP","Mock","ZIKV",17.5652,25.5173,0.53876,5e-05,"yes",0.000320686218678815,"Not_significant"
"KIAA1468","Mock","ZIKV",9.64199,14.0092,0.538969,5e-05,"yes",0.000320686218678815,"Not_significant"
"C5orf51","Mock","ZIKV",12.6786,18.4213,0.538978,5e-05,"yes",0.000320686218678815,"Not_significant"
"EIF5","Mock","ZIKV",58.9038,85.585,0.538998,5e-05,"yes",0.000320686218678815,"Not_significant"
"SNRNP27","Mock","ZIKV",28.1477,40.9132,0.539549,5e-05,"yes",0.000320686218678815,"Not_significant"
"COG1","Mock","ZIKV",12.4277,18.0666,0.539771,5e-05,"yes",0.000320686218678815,"Not_significant"
"ABHD10","Mock","ZIKV",16.4596,23.9331,0.540079,5e-05,"yes",0.000320686218678815,"Not_significant"
"NKAP","Mock","ZIKV",13.5043,19.6369,0.540144,5e-05,"yes",0.000320686218678815,"Not_significant"
"TLK1","Mock","ZIKV",15.1829,22.0796,0.540269,5e-05,"yes",0.000320686218678815,"Not_significant"
"RHBDD2","Mock","ZIKV",87.0409,126.591,0.540407,5e-05,"yes",0.000320686218678815,"Not_significant"
"CCDC117","Mock","ZIKV",9.17807,13.3523,0.540823,5e-05,"yes",0.000320686218678815,"Not_significant"
"LRIG2","Mock","ZIKV",6.38774,9.29601,0.541306,5e-05,"yes",0.000320686218678815,"Not_significant"
"KLHL2","Mock","ZIKV",8.33326,12.1286,0.541454,5e-05,"yes",0.000320686218678815,"Not_significant"
"CEP104","Mock","ZIKV",7.73992,11.2678,0.541808,5e-05,"yes",0.000320686218678815,"Not_significant"
"KDM4A","Mock","ZIKV",22.6525,32.9865,0.542206,5e-05,"yes",0.000320686218678815,"Not_significant"
"ZZEF1","Mock","ZIKV",9.4785,13.8039,0.542346,5e-05,"yes",0.000320686218678815,"Not_significant"
"FAM131A","Mock","ZIKV",17.904,26.0847,0.542922,5e-05,"yes",0.000320686218678815,"Not_significant"
"PITRM1","Mock","ZIKV",18.2285,26.5623,0.54318,5e-05,"yes",0.000320686218678815,"Not_significant"
"SESN3","Mock","ZIKV",13.6142,19.8407,0.543351,5e-05,"yes",0.000320686218678815,"Not_significant"
"DOCK3","Mock","ZIKV",9.32638,13.5922,0.543394,5e-05,"yes",0.000320686218678815,"Not_significant"
"RAP1A","Mock","ZIKV",14.5229,21.171,0.543761,5e-05,"yes",0.000320686218678815,"Not_significant"
"UBE2B","Mock","ZIKV",19.0738,27.8058,0.543798,5e-05,"yes",0.000320686218678815,"Not_significant"
"GSPT2","Mock","ZIKV",19.0739,27.8222,0.544636,5e-05,"yes",0.000320686218678815,"Not_significant"
"MARCH7","Mock","ZIKV",32.1906,46.9564,0.544682,5e-05,"yes",0.000320686218678815,"Not_significant"
"EFR3A","Mock","ZIKV",5.55804,8.10774,0.544723,5e-05,"yes",0.000320686218678815,"Not_significant"
"PRKACB","Mock","ZIKV",21.3643,31.168,0.544866,5e-05,"yes",0.000320686218678815,"Not_significant"
"ZC3H8","Mock","ZIKV",9.49659,13.8559,0.545022,5e-05,"yes",0.000320686218678815,"Not_significant"
"TET2","Mock","ZIKV",12.1256,17.6938,0.545188,5e-05,"yes",0.000320686218678815,"Not_significant"
"FERMT2","Mock","ZIKV",14.5359,21.215,0.545466,5e-05,"yes",0.000320686218678815,"Not_significant"
"HELZ2","Mock","ZIKV",5.19818,7.58674,0.545474,5e-05,"yes",0.000320686218678815,"Not_significant"
"PHLDA3","Mock","ZIKV",21.0214,30.6867,0.54575,5e-05,"yes",0.000320686218678815,"Not_significant"
"MAP2K4","Mock","ZIKV",23.8032,34.7526,0.545963,5e-05,"yes",0.000320686218678815,"Not_significant"
"UFL1","Mock","ZIKV",12.6992,18.5413,0.546007,5e-05,"yes",0.000320686218678815,"Not_significant"
"PIM2","Mock","ZIKV",4.6691,6.81943,0.546507,5e-05,"yes",0.000320686218678815,"Not_significant"
"SFSWAP","Mock","ZIKV",25.521,37.2925,0.547197,5e-05,"yes",0.000320686218678815,"Not_significant"
"JHDM1D","Mock","ZIKV",8.19216,11.9711,0.547241,5e-05,"yes",0.000320686218678815,"Not_significant"
"SLU7","Mock","ZIKV",18.4033,26.8932,0.547277,5e-05,"yes",0.000320686218678815,"Not_significant"
"NAB2","Mock","ZIKV",15.8656,23.1853,0.547309,5e-05,"yes",0.000320686218678815,"Not_significant"
"ZCCHC14","Mock","ZIKV",16.8048,24.5605,0.547469,5e-05,"yes",0.000320686218678815,"Not_significant"
"KPNA5","Mock","ZIKV",11.9621,17.4829,0.547477,5e-05,"yes",0.000320686218678815,"Not_significant"
"RASGEF1B","Mock","ZIKV",9.80748,14.3368,0.547767,5e-05,"yes",0.000320686218678815,"Not_significant"
"PELI2","Mock","ZIKV",8.43008,12.325,0.547968,5e-05,"yes",0.000320686218678815,"Not_significant"
"ZNF292","Mock","ZIKV",18.7945,27.4805,0.548099,5e-05,"yes",0.000320686218678815,"Not_significant"
"FARSA","Mock","ZIKV",20.7517,30.3432,0.548142,5e-05,"yes",0.000320686218678815,"Not_significant"
"DSEL","Mock","ZIKV",2.04535,2.99087,0.54822,5e-05,"yes",0.000320686218678815,"Not_significant"
"PHF23","Mock","ZIKV",20.1926,29.5316,0.54843,5e-05,"yes",0.000320686218678815,"Not_significant"
"ATP6V1E1","Mock","ZIKV",40.1198,58.7478,0.550221,5e-05,"yes",0.000320686218678815,"Not_significant"
"BRMS1L","Mock","ZIKV",7.85022,11.4981,0.550585,5e-05,"yes",0.000320686218678815,"Not_significant"
"MRPS31P5","Mock","ZIKV",10.3763,15.2042,0.55117,5e-05,"yes",0.000320686218678815,"Not_significant"
"EHBP1L1","Mock","ZIKV",2.30523,3.37899,0.551678,5e-05,"yes",0.000320686218678815,"Not_significant"
"ABL2","Mock","ZIKV",7.6315,11.1913,0.552334,5e-05,"yes",0.000320686218678815,"Not_significant"
"SUPT6H","Mock","ZIKV",27.6518,40.5532,0.552443,5e-05,"yes",0.000320686218678815,"Not_significant"
"CASP3","Mock","ZIKV",35.0784,51.4667,0.553057,5e-05,"yes",0.000320686218678815,"Not_significant"
"PAN3","Mock","ZIKV",16.2472,23.8532,0.553995,5e-05,"yes",0.000320686218678815,"Not_significant"
"RIOK1","Mock","ZIKV",7.66548,11.2541,0.554001,5e-05,"yes",0.000320686218678815,"Not_significant"
"MIER3","Mock","ZIKV",13.7104,20.135,0.554442,5e-05,"yes",0.000320686218678815,"Not_significant"
"PPP1R12C","Mock","ZIKV",25.8392,37.9475,0.554444,5e-05,"yes",0.000320686218678815,"Not_significant"
"PDE12","Mock","ZIKV",6.024,8.85255,0.555371,5e-05,"yes",0.000320686218678815,"Not_significant"
"PKIB","Mock","ZIKV",12.6658,18.6146,0.555498,5e-05,"yes",0.000320686218678815,"Not_significant"
"FADD","Mock","ZIKV",8.30034,12.2002,0.555661,5e-05,"yes",0.000320686218678815,"Not_significant"
"TMEFF2","Mock","ZIKV",7.93353,11.6637,0.555996,5e-05,"yes",0.000320686218678815,"Not_significant"
"CCNT1","Mock","ZIKV",11.118,16.3467,0.556095,5e-05,"yes",0.000320686218678815,"Not_significant"
"TAB2","Mock","ZIKV",31.4056,46.1799,0.556242,5e-05,"yes",0.000320686218678815,"Not_significant"
"SUPT5H","Mock","ZIKV",41.8327,61.5629,0.557432,5e-05,"yes",0.000320686218678815,"Not_significant"
"TPPP","Mock","ZIKV",6.00398,8.83874,0.557922,5e-05,"yes",0.000320686218678815,"Not_significant"
"TRUB1","Mock","ZIKV",12.5041,18.4096,0.558055,5e-05,"yes",0.000320686218678815,"Not_significant"
"RAB3GAP1","Mock","ZIKV",15.2967,22.5281,0.558503,5e-05,"yes",0.000320686218678815,"Not_significant"
"SLC6A1","Mock","ZIKV",5.74485,8.46091,0.558544,5e-05,"yes",0.000320686218678815,"Not_significant"
"RIMKLA","Mock","ZIKV",1.06859,1.57392,0.558656,5e-05,"yes",0.000320686218678815,"Not_significant"
"HCN4","Mock","ZIKV",5.39275,7.94441,0.558918,5e-05,"yes",0.000320686218678815,"Not_significant"
"PRDM4","Mock","ZIKV",19.6265,28.92,0.559267,5e-05,"yes",0.000320686218678815,"Not_significant"
"GAPVD1","Mock","ZIKV",8.93734,13.1701,0.559349,5e-05,"yes",0.000320686218678815,"Not_significant"
"ZNF70","Mock","ZIKV",3.47064,5.11787,0.560342,5e-05,"yes",0.000320686218678815,"Not_significant"
"TMEM63C","Mock","ZIKV",5.23783,7.72463,0.560497,5e-05,"yes",0.000320686218678815,"Not_significant"
"ZNF148","Mock","ZIKV",6.14648,9.06683,0.560838,5e-05,"yes",0.000320686218678815,"Not_significant"
"ASB7","Mock","ZIKV",4.37474,6.45334,0.56085,5e-05,"yes",0.000320686218678815,"Not_significant"
"CD2AP","Mock","ZIKV",4.39639,6.48534,0.560865,5e-05,"yes",0.000320686218678815,"Not_significant"
"DIP2C","Mock","ZIKV",13.9067,20.5151,0.560907,5e-05,"yes",0.000320686218678815,"Not_significant"
"MPHOSPH10","Mock","ZIKV",12.9811,19.1586,0.56158,5e-05,"yes",0.000320686218678815,"Not_significant"
"DDX49","Mock","ZIKV",18.3613,27.1051,0.561902,5e-05,"yes",0.000320686218678815,"Not_significant"
"CXorf40B","Mock","ZIKV",12.6392,18.6627,0.56225,5e-05,"yes",0.000320686218678815,"Not_significant"
"RNF126","Mock","ZIKV",24.3419,35.956,0.562792,5e-05,"yes",0.000320686218678815,"Not_significant"
"CNST","Mock","ZIKV",5.42227,8.01192,0.563251,5e-05,"yes",0.000320686218678815,"Not_significant"
"SNAPC4","Mock","ZIKV",9.99343,14.7742,0.564025,5e-05,"yes",0.000320686218678815,"Not_significant"
"LOC150776","Mock","ZIKV",13.5148,19.9826,0.564206,5e-05,"yes",0.000320686218678815,"Not_significant"
"NEFL","Mock","ZIKV",48.7176,72.0468,0.564492,5e-05,"yes",0.000320686218678815,"Not_significant"
"GNAO1","Mock","ZIKV",8.54766,12.6411,0.56452,5e-05,"yes",0.000320686218678815,"Not_significant"
"DCP1A","Mock","ZIKV",14.4073,21.319,0.565341,5e-05,"yes",0.000320686218678815,"Not_significant"
"TYK2","Mock","ZIKV",8.57653,12.6917,0.565424,5e-05,"yes",0.000320686218678815,"Not_significant"
"NRBF2","Mock","ZIKV",9.35224,13.843,0.56577,5e-05,"yes",0.000320686218678815,"Not_significant"
"FAM76A","Mock","ZIKV",4.68225,6.93165,0.565994,5e-05,"yes",0.000320686218678815,"Not_significant"
"ZNF420","Mock","ZIKV",4.49161,6.65058,0.566245,5e-05,"yes",0.000320686218678815,"Not_significant"
"CPE","Mock","ZIKV",104.798,155.181,0.566331,5e-05,"yes",0.000320686218678815,"Not_significant"
"MYO9A","Mock","ZIKV",5.8317,8.63945,0.567023,5e-05,"yes",0.000320686218678815,"Not_significant"
"KIAA1715","Mock","ZIKV",12.2942,18.2153,0.567168,5e-05,"yes",0.000320686218678815,"Not_significant"
"BRD1","Mock","ZIKV",23.8756,35.379,0.567353,5e-05,"yes",0.000320686218678815,"Not_significant"
"ERRFI1","Mock","ZIKV",20.9931,31.108,0.567373,5e-05,"yes",0.000320686218678815,"Not_significant"
"HEXIM1","Mock","ZIKV",9.43278,13.9805,0.567662,5e-05,"yes",0.000320686218678815,"Not_significant"
"LONRF1","Mock","ZIKV",14.8243,21.9732,0.567787,5e-05,"yes",0.000320686218678815,"Not_significant"
"PCSK1N","Mock","ZIKV",53.3496,79.0999,0.568198,5e-05,"yes",0.000320686218678815,"Not_significant"
"SEC61B","Mock","ZIKV",95.7032,141.902,0.568255,5e-05,"yes",0.000320686218678815,"Not_significant"
"DMPK","Mock","ZIKV",38.8365,57.589,0.568381,5e-05,"yes",0.000320686218678815,"Not_significant"
"PLCL1","Mock","ZIKV",4.17793,6.19822,0.569066,5e-05,"yes",0.000320686218678815,"Not_significant"
"SETD8","Mock","ZIKV",19.3255,28.6741,0.569244,5e-05,"yes",0.000320686218678815,"Not_significant"
"PPP2R5B","Mock","ZIKV",19.6128,29.1019,0.569316,5e-05,"yes",0.000320686218678815,"Not_significant"
"BIRC2","Mock","ZIKV",20.0242,29.7163,0.569514,5e-05,"yes",0.000320686218678815,"Not_significant"
"TTC8","Mock","ZIKV",12.7398,18.9101,0.569812,5e-05,"yes",0.000320686218678815,"Not_significant"
"COL4A3BP","Mock","ZIKV",9.55571,14.1847,0.569896,5e-05,"yes",0.000320686218678815,"Not_significant"
"C9orf91","Mock","ZIKV",2.57783,3.82691,0.570021,5e-05,"yes",0.000320686218678815,"Not_significant"
"CCDC130","Mock","ZIKV",24.0371,35.6912,0.570309,5e-05,"yes",0.000320686218678815,"Not_significant"
"MIB2","Mock","ZIKV",18.9544,28.1474,0.570468,5e-05,"yes",0.000320686218678815,"Not_significant"
"CLP1","Mock","ZIKV",7.64353,11.3508,0.57048,5e-05,"yes",0.000320686218678815,"Not_significant"
"ADO","Mock","ZIKV",10.6941,15.8894,0.571253,5e-05,"yes",0.000320686218678815,"Not_significant"
"SNTB2","Mock","ZIKV",4.86624,7.23232,0.57165,5e-05,"yes",0.000320686218678815,"Not_significant"
"RUSC2","Mock","ZIKV",14.5859,21.6865,0.572227,5e-05,"yes",0.000320686218678815,"Not_significant"
"HEG1","Mock","ZIKV",2.20763,3.28293,0.572483,5e-05,"yes",0.000320686218678815,"Not_significant"
"FBXO31","Mock","ZIKV",6.89299,10.2511,0.572573,5e-05,"yes",0.000320686218678815,"Not_significant"
"MRPL1","Mock","ZIKV",12.7179,18.9187,0.572952,5e-05,"yes",0.000320686218678815,"Not_significant"
"TRIM4","Mock","ZIKV",3.10064,4.61268,0.57304,5e-05,"yes",0.000320686218678815,"Not_significant"
"SEC61G","Mock","ZIKV",111.144,165.354,0.573121,5e-05,"yes",0.000320686218678815,"Not_significant"
"BAIAP2","Mock","ZIKV",27.0185,40.1976,0.573163,5e-05,"yes",0.000320686218678815,"Not_significant"
"FNBP1","Mock","ZIKV",13.3729,19.8987,0.573364,5e-05,"yes",0.000320686218678815,"Not_significant"
"KAT2B","Mock","ZIKV",4.35616,6.48208,0.5734,5e-05,"yes",0.000320686218678815,"Not_significant"
"STK17A","Mock","ZIKV",6.35601,9.461,0.57387,5e-05,"yes",0.000320686218678815,"Not_significant"
"USP36","Mock","ZIKV",5.38439,8.01658,0.574202,5e-05,"yes",0.000320686218678815,"Not_significant"
"YIF1A","Mock","ZIKV",24.5598,36.5665,0.574223,5e-05,"yes",0.000320686218678815,"Not_significant"
"SRPK2","Mock","ZIKV",26.6384,39.6674,0.574446,5e-05,"yes",0.000320686218678815,"Not_significant"
"ELL2","Mock","ZIKV",3.82847,5.70204,0.574711,5e-05,"yes",0.000320686218678815,"Not_significant"
"SEC31A","Mock","ZIKV",47.8507,71.2762,0.57488,5e-05,"yes",0.000320686218678815,"Not_significant"
"NEK4","Mock","ZIKV",13.0448,19.4365,0.575291,5e-05,"yes",0.000320686218678815,"Not_significant"
"KAZN","Mock","ZIKV",7.70736,11.4878,0.575794,5e-05,"yes",0.000320686218678815,"Not_significant"
"SMCR8","Mock","ZIKV",5.77453,8.60757,0.575903,5e-05,"yes",0.000320686218678815,"Not_significant"
"RGL1","Mock","ZIKV",4.12309,6.14858,0.576528,5e-05,"yes",0.000320686218678815,"Not_significant"
"ARF1","Mock","ZIKV",137.058,204.402,0.576624,5e-05,"yes",0.000320686218678815,"Not_significant"
"TTBK2","Mock","ZIKV",9.33071,13.9172,0.576806,5e-05,"yes",0.000320686218678815,"Not_significant"
"NDUFV3","Mock","ZIKV",21.9989,32.8125,0.576813,5e-05,"yes",0.000320686218678815,"Not_significant"
"TBCCD1","Mock","ZIKV",5.34701,7.97616,0.576962,5e-05,"yes",0.000320686218678815,"Not_significant"
"TMED9","Mock","ZIKV",75.077,112.005,0.577121,5e-05,"yes",0.000320686218678815,"Not_significant"
"GIT2","Mock","ZIKV",9.50816,14.1914,0.577775,5e-05,"yes",0.000320686218678815,"Not_significant"
"RYBP","Mock","ZIKV",17.1158,25.5584,0.578471,5e-05,"yes",0.000320686218678815,"Not_significant"
"CEP57","Mock","ZIKV",31.237,46.648,0.57856,5e-05,"yes",0.000320686218678815,"Not_significant"
"FKBP4","Mock","ZIKV",32.2473,48.2251,0.580604,5e-05,"yes",0.000320686218678815,"Not_significant"
"SRFBP1","Mock","ZIKV",3.94697,5.90332,0.580782,5e-05,"yes",0.000320686218678815,"Not_significant"
"FIP1L1","Mock","ZIKV",26.1257,39.1048,0.581877,5e-05,"yes",0.000320686218678815,"Not_significant"
"ZNF253","Mock","ZIKV",13.6552,20.4409,0.582003,5e-05,"yes",0.000320686218678815,"Not_significant"
"C20orf111","Mock","ZIKV",15.1753,22.7219,0.58236,5e-05,"yes",0.000320686218678815,"Not_significant"
"MED10","Mock","ZIKV",22.057,33.0398,0.58297,5e-05,"yes",0.000320686218678815,"Not_significant"
"BCLAF1","Mock","ZIKV",47.7782,71.5717,0.583039,5e-05,"yes",0.000320686218678815,"Not_significant"
"UTP6","Mock","ZIKV",18.6729,27.9784,0.58337,5e-05,"yes",0.000320686218678815,"Not_significant"
"NELFA","Mock","ZIKV",21.7844,32.6414,0.58341,5e-05,"yes",0.000320686218678815,"Not_significant"
"ELP4","Mock","ZIKV",18.9828,28.4497,0.583723,5e-05,"yes",0.000320686218678815,"Not_significant"
"METTL22","Mock","ZIKV",13.5697,20.3411,0.584012,5e-05,"yes",0.000320686218678815,"Not_significant"
"SUCLA2","Mock","ZIKV",20.7037,31.0426,0.584365,5e-05,"yes",0.000320686218678815,"Not_significant"
"DYRK4","Mock","ZIKV",7.71619,11.5747,0.585013,5e-05,"yes",0.000320686218678815,"Not_significant"
"LNPEP","Mock","ZIKV",2.80191,4.20309,0.585038,5e-05,"yes",0.000320686218678815,"Not_significant"
"SEPT7P2","Mock","ZIKV",7.28079,10.9236,0.58528,5e-05,"yes",0.000320686218678815,"Not_significant"
"PLCB4","Mock","ZIKV",15.9886,23.9893,0.585352,5e-05,"yes",0.000320686218678815,"Not_significant"
"PIAS4","Mock","ZIKV",13.2487,19.8829,0.585673,5e-05,"yes",0.000320686218678815,"Not_significant"
"CNOT4","Mock","ZIKV",10.6435,15.9734,0.585695,5e-05,"yes",0.000320686218678815,"Not_significant"
"LMNA","Mock","ZIKV",34.1237,51.2353,0.586365,5e-05,"yes",0.000320686218678815,"Not_significant"
"TNFRSF10B","Mock","ZIKV",63.4428,95.2919,0.586897,5e-05,"yes",0.000320686218678815,"Not_significant"
"SYT14","Mock","ZIKV",3.07359,4.61729,0.587122,5e-05,"yes",0.000320686218678815,"Not_significant"
"RPS19BP1","Mock","ZIKV",37.1592,55.851,0.587864,5e-05,"yes",0.000320686218678815,"Not_significant"
"FYTTD1","Mock","ZIKV",26.6145,40.0023,0.58787,5e-05,"yes",0.000320686218678815,"Not_significant"
"PCSK9","Mock","ZIKV",2.2446,3.37453,0.588228,5e-05,"yes",0.000320686218678815,"Not_significant"
"DUSP6","Mock","ZIKV",27.0222,40.6452,0.588944,5e-05,"yes",0.000320686218678815,"Not_significant"
"DDRGK1","Mock","ZIKV",31.0146,46.6539,0.589051,5e-05,"yes",0.000320686218678815,"Not_significant"
"YY1AP1","Mock","ZIKV",23.1249,34.7911,0.589273,5e-05,"yes",0.000320686218678815,"Not_significant"
"NRP2","Mock","ZIKV",37.3661,56.2206,0.589369,5e-05,"yes",0.000320686218678815,"Not_significant"
"CEP290","Mock","ZIKV",11.9379,17.9626,0.589442,5e-05,"yes",0.000320686218678815,"Not_significant"
"CSNK1G1","Mock","ZIKV",5.7606,8.66803,0.589486,5e-05,"yes",0.000320686218678815,"Not_significant"
"FAM175B","Mock","ZIKV",8.03728,12.095,0.589628,5e-05,"yes",0.000320686218678815,"Not_significant"
"MRPS30","Mock","ZIKV",15.0029,22.5816,0.589903,5e-05,"yes",0.000320686218678815,"Not_significant"
"ANKRD50","Mock","ZIKV",12.1649,18.3114,0.590013,5e-05,"yes",0.000320686218678815,"Not_significant"
"OSTC","Mock","ZIKV",68.9333,103.779,0.590247,5e-05,"yes",0.000320686218678815,"Not_significant"
"CBLB","Mock","ZIKV",11.1051,16.7193,0.590293,5e-05,"yes",0.000320686218678815,"Not_significant"
"HPCAL4","Mock","ZIKV",3.82858,5.76476,0.590448,5e-05,"yes",0.000320686218678815,"Not_significant"
"ONECUT1","Mock","ZIKV",7.92496,11.9373,0.591001,5e-05,"yes",0.000320686218678815,"Not_significant"
"PHLPP2","Mock","ZIKV",6.90462,10.4047,0.591596,5e-05,"yes",0.000320686218678815,"Not_significant"
"BRD4","Mock","ZIKV",24.8814,37.4941,0.591599,5e-05,"yes",0.000320686218678815,"Not_significant"
"COMMD10","Mock","ZIKV",16.7917,25.3052,0.591683,5e-05,"yes",0.000320686218678815,"Not_significant"
"IFFO2","Mock","ZIKV",3.5392,5.33444,0.591915,5e-05,"yes",0.000320686218678815,"Not_significant"
"LINS","Mock","ZIKV",3.89901,5.87818,0.592262,5e-05,"yes",0.000320686218678815,"Not_significant"
"MAP7D1","Mock","ZIKV",52.7505,79.5459,0.592601,5e-05,"yes",0.000320686218678815,"Not_significant"
"MED13L","Mock","ZIKV",19.396,29.2539,0.59287,5e-05,"yes",0.000320686218678815,"Not_significant"
"ATP6V1G1","Mock","ZIKV",91.8608,138.556,0.592944,5e-05,"yes",0.000320686218678815,"Not_significant"
"GOLPH3L","Mock","ZIKV",5.29188,7.98202,0.592972,5e-05,"yes",0.000320686218678815,"Not_significant"
"PCDH19","Mock","ZIKV",7.60825,11.4793,0.593399,5e-05,"yes",0.000320686218678815,"Not_significant"
"SHANK1","Mock","ZIKV",5.31392,8.01841,0.593539,5e-05,"yes",0.000320686218678815,"Not_significant"
"FAM135A","Mock","ZIKV",8.39802,12.6753,0.593902,5e-05,"yes",0.000320686218678815,"Not_significant"
"CIR1","Mock","ZIKV",17.3728,26.2454,0.595238,5e-05,"yes",0.000320686218678815,"Not_significant"
"CAMK4","Mock","ZIKV",5.8473,8.83719,0.595816,5e-05,"yes",0.000320686218678815,"Not_significant"
"DCAF10","Mock","ZIKV",7.5593,11.4269,0.596111,5e-05,"yes",0.000320686218678815,"Not_significant"
"USO1","Mock","ZIKV",26.6112,40.2286,0.59619,5e-05,"yes",0.000320686218678815,"Not_significant"
"LRRC16B","Mock","ZIKV",8.69075,13.1416,0.596589,5e-05,"yes",0.000320686218678815,"Not_significant"
"BCAS2","Mock","ZIKV",33.9262,51.3059,0.596726,5e-05,"yes",0.000320686218678815,"Not_significant"
"PCDH17","Mock","ZIKV",11.9904,18.1339,0.596816,5e-05,"yes",0.000320686218678815,"Not_significant"
"SLC22A15","Mock","ZIKV",2.85838,4.32375,0.597085,5e-05,"yes",0.000320686218678815,"Not_significant"
"TMTC3","Mock","ZIKV",5.64062,8.5349,0.597521,5e-05,"yes",0.000320686218678815,"Not_significant"
"TOR1AIP2","Mock","ZIKV",8.63161,13.0607,0.597533,5e-05,"yes",0.000320686218678815,"Not_significant"
"NBEAL1","Mock","ZIKV",1.88397,2.85069,0.597534,5e-05,"yes",0.000320686218678815,"Not_significant"
"ABTB2","Mock","ZIKV",10.9237,16.5335,0.597926,5e-05,"yes",0.000320686218678815,"Not_significant"
"H3F3B","Mock","ZIKV",331.163,501.34,0.598247,5e-05,"yes",0.000320686218678815,"Not_significant"
"FEM1C","Mock","ZIKV",8.1525,12.3427,0.59834,5e-05,"yes",0.000320686218678815,"Not_significant"
"RYR2","Mock","ZIKV",0.989781,1.49864,0.598468,5e-05,"yes",0.000320686218678815,"Not_significant"
"ENOPH1","Mock","ZIKV",24.7104,37.4181,0.59862,5e-05,"yes",0.000320686218678815,"Not_significant"
"DENND4B","Mock","ZIKV",15.99,24.214,0.598666,5e-05,"yes",0.000320686218678815,"Not_significant"
"UTP15","Mock","ZIKV",3.22205,4.88213,0.599529,5e-05,"yes",0.000320686218678815,"Not_significant"
"LOC493754","Mock","ZIKV",6.04764,9.16468,0.599712,5e-05,"yes",0.000320686218678815,"Not_significant"
"TOPORS","Mock","ZIKV",7.07135,10.7167,0.599802,5e-05,"yes",0.000320686218678815,"Not_significant"
"SCG2","Mock","ZIKV",60.6945,91.984,0.599817,5e-05,"yes",0.000320686218678815,"Not_significant"
"FOXK2","Mock","ZIKV",22.6044,34.2717,0.60041,5e-05,"yes",0.000320686218678815,"Not_significant"
"MECP2","Mock","ZIKV",15.6728,23.7713,0.600962,5e-05,"yes",0.000320686218678815,"Not_significant"
"CLPX","Mock","ZIKV",14.8508,22.5348,0.601612,5e-05,"yes",0.000320686218678815,"Not_significant"
"CNEP1R1","Mock","ZIKV",6.90273,10.4759,0.601829,5e-05,"yes",0.000320686218678815,"Not_significant"
"ARHGEF1","Mock","ZIKV",7.22537,10.9659,0.601876,5e-05,"yes",0.000320686218678815,"Not_significant"
"MKLN1","Mock","ZIKV",11.4755,17.4194,0.602141,5e-05,"yes",0.000320686218678815,"Not_significant"
"EML2","Mock","ZIKV",5.26253,7.99104,0.602626,5e-05,"yes",0.000320686218678815,"Not_significant"
"TMEM64","Mock","ZIKV",5.15335,7.82783,0.603103,5e-05,"yes",0.000320686218678815,"Not_significant"
"RRM2B","Mock","ZIKV",14.124,21.4546,0.603133,5e-05,"yes",0.000320686218678815,"Not_significant"
"CGRRF1","Mock","ZIKV",11.2646,17.1116,0.603181,5e-05,"yes",0.000320686218678815,"Not_significant"
"UHRF1BP1L","Mock","ZIKV",7.46922,11.3476,0.603353,5e-05,"yes",0.000320686218678815,"Not_significant"
"RBM18","Mock","ZIKV",11.4207,17.3518,0.603438,5e-05,"yes",0.000320686218678815,"Not_significant"
"KLHL36","Mock","ZIKV",6.78436,10.3129,0.604159,5e-05,"yes",0.000320686218678815,"Not_significant"
"ATP6V1B2","Mock","ZIKV",49.4171,75.1204,0.604194,5e-05,"yes",0.000320686218678815,"Not_significant"
"BCL11A","Mock","ZIKV",8.97897,13.6583,0.605159,5e-05,"yes",0.000320686218678815,"Not_significant"
"KIF5B","Mock","ZIKV",63.0246,95.9465,0.606316,5e-05,"yes",0.000320686218678815,"Not_significant"
"MKNK2","Mock","ZIKV",35.1344,53.4939,0.60649,5e-05,"yes",0.000320686218678815,"Not_significant"
"RASA2","Mock","ZIKV",8.20278,12.4897,0.60656,5e-05,"yes",0.000320686218678815,"Not_significant"
"ZNF584","Mock","ZIKV",6.40695,9.75982,0.607218,5e-05,"yes",0.000320686218678815,"Not_significant"
"PIKFYVE","Mock","ZIKV",14.5027,22.094,0.607332,5e-05,"yes",0.000320686218678815,"Not_significant"
"TECTA","Mock","ZIKV",1.94031,2.956,0.60736,5e-05,"yes",0.000320686218678815,"Not_significant"
"MRPS18B","Mock","ZIKV",18.4218,28.0689,0.607555,5e-05,"yes",0.000320686218678815,"Not_significant"
"CLIC4","Mock","ZIKV",45.796,69.7892,0.607781,5e-05,"yes",0.000320686218678815,"Not_significant"
"TYW5","Mock","ZIKV",4.05406,6.17908,0.608024,5e-05,"yes",0.000320686218678815,"Not_significant"
"KCNT2","Mock","ZIKV",8.35,12.7287,0.608242,5e-05,"yes",0.000320686218678815,"Not_significant"
"SLC38A1","Mock","ZIKV",41.6439,63.5223,0.609158,5e-05,"yes",0.000320686218678815,"Not_significant"
"KCTD1","Mock","ZIKV",10.1842,15.5394,0.609599,5e-05,"yes",0.000320686218678815,"Not_significant"
"TOLLIP","Mock","ZIKV",9.92389,15.1503,0.610373,5e-05,"yes",0.000320686218678815,"Not_significant"
"TRA2A","Mock","ZIKV",75.8316,115.789,0.610633,5e-05,"yes",0.000320686218678815,"Not_significant"
"FSTL5","Mock","ZIKV",20.8767,31.8782,0.610676,5e-05,"yes",0.000320686218678815,"Not_significant"
"GLIS2","Mock","ZIKV",12.6172,19.2707,0.611018,5e-05,"yes",0.000320686218678815,"Not_significant"
"ZNF213","Mock","ZIKV",7.78988,11.8988,0.611148,5e-05,"yes",0.000320686218678815,"Not_significant"
"AKIRIN2","Mock","ZIKV",35.5631,54.3488,0.611868,5e-05,"yes",0.000320686218678815,"Not_significant"
"ADRBK1","Mock","ZIKV",26.7052,40.8191,0.612125,5e-05,"yes",0.000320686218678815,"Not_significant"
"OSBPL2","Mock","ZIKV",18.0754,27.6363,0.612537,5e-05,"yes",0.000320686218678815,"Not_significant"
"LATS1","Mock","ZIKV",12.8676,19.6993,0.614396,5e-05,"yes",0.000320686218678815,"Not_significant"
"RUNDC1","Mock","ZIKV",9.31485,14.2684,0.615221,5e-05,"yes",0.000320686218678815,"Not_significant"
"RRP8","Mock","ZIKV",6.82613,10.4563,0.615234,5e-05,"yes",0.000320686218678815,"Not_significant"
"ELOVL4","Mock","ZIKV",8.55446,13.1105,0.615978,5e-05,"yes",0.000320686218678815,"Not_significant"
"COPE","Mock","ZIKV",74.6035,114.414,0.616948,5e-05,"yes",0.000320686218678815,"Not_significant"
"GIGYF2","Mock","ZIKV",16.0065,24.5678,0.618111,5e-05,"yes",0.000320686218678815,"Not_significant"
"MN1","Mock","ZIKV",20.4764,31.4429,0.618772,5e-05,"yes",0.000320686218678815,"Not_significant"
"ARHGAP26","Mock","ZIKV",1.16259,1.78686,0.620082,5e-05,"yes",0.000320686218678815,"Not_significant"
"ROCK2","Mock","ZIKV",14.6105,22.4637,0.620593,5e-05,"yes",0.000320686218678815,"Not_significant"
"CPEB2","Mock","ZIKV",7.34025,11.2864,0.62068,5e-05,"yes",0.000320686218678815,"Not_significant"
"DNM3","Mock","ZIKV",3.05924,4.70559,0.621204,5e-05,"yes",0.000320686218678815,"Not_significant"
"TBC1D15","Mock","ZIKV",8.13063,12.5093,0.621564,5e-05,"yes",0.000320686218678815,"Not_significant"
"THUMPD2","Mock","ZIKV",6.82729,10.5065,0.621901,5e-05,"yes",0.000320686218678815,"Not_significant"
"EIF1B","Mock","ZIKV",129.263,198.925,0.621921,5e-05,"yes",0.000320686218678815,"Not_significant"
"TMEM41B","Mock","ZIKV",16.5104,25.4109,0.622069,5e-05,"yes",0.000320686218678815,"Not_significant"
"NOP58","Mock","ZIKV",37.6609,57.9687,0.622208,5e-05,"yes",0.000320686218678815,"Not_significant"
"SDAD1","Mock","ZIKV",12.0053,18.5022,0.624024,5e-05,"yes",0.000320686218678815,"Not_significant"
"LIN54","Mock","ZIKV",5.09414,7.85094,0.624025,5e-05,"yes",0.000320686218678815,"Not_significant"
"PPM1K","Mock","ZIKV",5.52567,8.51744,0.624271,5e-05,"yes",0.000320686218678815,"Not_significant"
"TMEM128","Mock","ZIKV",15.5781,24.0128,0.624284,5e-05,"yes",0.000320686218678815,"Not_significant"
"ZNF622","Mock","ZIKV",9.43305,14.5416,0.624394,5e-05,"yes",0.000320686218678815,"Not_significant"
"TNRC6C","Mock","ZIKV",12.4069,19.1321,0.624854,5e-05,"yes",0.000320686218678815,"Not_significant"
"RC3H2","Mock","ZIKV",15.6173,24.1031,0.626079,5e-05,"yes",0.000320686218678815,"Not_significant"
"CCDC9","Mock","ZIKV",7.11762,10.9878,0.62643,5e-05,"yes",0.000320686218678815,"Not_significant"
"NEURL","Mock","ZIKV",3.3325,5.1462,0.626905,5e-05,"yes",0.000320686218678815,"Not_significant"
"MED15","Mock","ZIKV",20.1706,31.1512,0.627038,5e-05,"yes",0.000320686218678815,"Not_significant"
"CCDC6","Mock","ZIKV",10.9942,16.9858,0.62758,5e-05,"yes",0.000320686218678815,"Not_significant"
"ATP6V1H","Mock","ZIKV",25.1345,38.8558,0.628458,5e-05,"yes",0.000320686218678815,"Not_significant"
"ZZZ3","Mock","ZIKV",13.7342,21.2338,0.628586,5e-05,"yes",0.000320686218678815,"Not_significant"
"FBXO42","Mock","ZIKV",11.9596,18.4975,0.629167,5e-05,"yes",0.000320686218678815,"Not_significant"
"DYRK1A","Mock","ZIKV",23.5842,36.4772,0.629175,5e-05,"yes",0.000320686218678815,"Not_significant"
"DUSP4","Mock","ZIKV",14.0139,21.6762,0.629251,5e-05,"yes",0.000320686218678815,"Not_significant"
"FBXO45","Mock","ZIKV",5.15558,7.97752,0.629805,5e-05,"yes",0.000320686218678815,"Not_significant"
"ZCCHC2","Mock","ZIKV",4.88553,7.56178,0.630213,5e-05,"yes",0.000320686218678815,"Not_significant"
"POLR3D","Mock","ZIKV",11.3579,17.5809,0.630311,5e-05,"yes",0.000320686218678815,"Not_significant"
"FRS2","Mock","ZIKV",10.0816,15.6105,0.630794,5e-05,"yes",0.000320686218678815,"Not_significant"
"USP32","Mock","ZIKV",9.75053,15.0988,0.630881,5e-05,"yes",0.000320686218678815,"Not_significant"
"FBXL20","Mock","ZIKV",6.61015,10.2379,0.631162,5e-05,"yes",0.000320686218678815,"Not_significant"
"FBXL3","Mock","ZIKV",8.39069,12.9989,0.631531,5e-05,"yes",0.000320686218678815,"Not_significant"
"YTHDF1","Mock","ZIKV",24.8807,38.5591,0.632045,5e-05,"yes",0.000320686218678815,"Not_significant"
"CLCN6","Mock","ZIKV",19.0206,29.4828,0.632311,5e-05,"yes",0.000320686218678815,"Not_significant"
"RBM20","Mock","ZIKV",1.01975,1.58117,0.632771,5e-05,"yes",0.000320686218678815,"Not_significant"
"MAP9","Mock","ZIKV",9.67714,15.0054,0.632825,5e-05,"yes",0.000320686218678815,"Not_significant"
"CHD1","Mock","ZIKV",22.7817,35.3255,0.632837,5e-05,"yes",0.000320686218678815,"Not_significant"
"LARP1B","Mock","ZIKV",11.6368,18.0517,0.633447,5e-05,"yes",0.000320686218678815,"Not_significant"
"AFTPH","Mock","ZIKV",11.2537,17.4628,0.63388,5e-05,"yes",0.000320686218678815,"Not_significant"
"CDK17","Mock","ZIKV",13.7532,21.3467,0.634252,5e-05,"yes",0.000320686218678815,"Not_significant"
"RSBN1L","Mock","ZIKV",10.9813,17.0468,0.634456,5e-05,"yes",0.000320686218678815,"Not_significant"
"ASCL1","Mock","ZIKV",16.2743,25.2744,0.635083,5e-05,"yes",0.000320686218678815,"Not_significant"
"BEND3P3","Mock","ZIKV",4.69976,7.29968,0.635244,5e-05,"yes",0.000320686218678815,"Not_significant"
"MBIP","Mock","ZIKV",11.6225,18.0534,0.63535,5e-05,"yes",0.000320686218678815,"Not_significant"
"TBC1D12","Mock","ZIKV",4.14623,6.44319,0.635975,5e-05,"yes",0.000320686218678815,"Not_significant"
"CLK3","Mock","ZIKV",16.8707,26.2265,0.636501,5e-05,"yes",0.000320686218678815,"Not_significant"
"HOMER1","Mock","ZIKV",4.81725,7.48871,0.636506,5e-05,"yes",0.000320686218678815,"Not_significant"
"HDAC5","Mock","ZIKV",28.1726,43.7966,0.636528,5e-05,"yes",0.000320686218678815,"Not_significant"
"CEBPG","Mock","ZIKV",27.9947,43.526,0.636723,5e-05,"yes",0.000320686218678815,"Not_significant"
"BCL2L13","Mock","ZIKV",14.3426,22.3003,0.636764,5e-05,"yes",0.000320686218678815,"Not_significant"
"GCC2","Mock","ZIKV",7.08789,11.025,0.637354,5e-05,"yes",0.000320686218678815,"Not_significant"
"NDUFAF2","Mock","ZIKV",17.9309,27.8917,0.63739,5e-05,"yes",0.000320686218678815,"Not_significant"
"NDEL1","Mock","ZIKV",9.47782,14.7436,0.637459,5e-05,"yes",0.000320686218678815,"Not_significant"
"RHBDD3","Mock","ZIKV",15.0404,23.3979,0.637532,5e-05,"yes",0.000320686218678815,"Not_significant"
"RCHY1","Mock","ZIKV",7.30319,11.3624,0.637666,5e-05,"yes",0.000320686218678815,"Not_significant"
"CECR2","Mock","ZIKV",20.8232,32.4102,0.638256,5e-05,"yes",0.000320686218678815,"Not_significant"
"TMEM241","Mock","ZIKV",2.43222,3.78777,0.639072,5e-05,"yes",0.000320686218678815,"Not_significant"
"ECD","Mock","ZIKV",9.48591,14.7779,0.639585,5e-05,"yes",0.000320686218678815,"Not_significant"
"ZNF627","Mock","ZIKV",14.262,22.2194,0.639637,5e-05,"yes",0.000320686218678815,"Not_significant"
"C10orf12","Mock","ZIKV",3.63652,5.66858,0.640427,5e-05,"yes",0.000320686218678815,"Not_significant"
"PGM3","Mock","ZIKV",12.2458,19.0886,0.640428,5e-05,"yes",0.000320686218678815,"Not_significant"
"YAF2","Mock","ZIKV",6.87635,10.7197,0.640551,5e-05,"yes",0.000320686218678815,"Not_significant"
"AGAP6","Mock","ZIKV",9.93926,15.4954,0.640632,5e-05,"yes",0.000320686218678815,"Not_significant"
"UGCG","Mock","ZIKV",8.94272,13.9441,0.64087,5e-05,"yes",0.000320686218678815,"Not_significant"
"RAB12","Mock","ZIKV",17.1185,26.6949,0.641013,5e-05,"yes",0.000320686218678815,"Not_significant"
"ST6GALNAC4","Mock","ZIKV",6.68588,10.4306,0.641629,5e-05,"yes",0.000320686218678815,"Not_significant"
"FBXO25","Mock","ZIKV",6.17089,9.62875,0.64187,5e-05,"yes",0.000320686218678815,"Not_significant"
"LIPG","Mock","ZIKV",28.308,44.1714,0.6419,5e-05,"yes",0.000320686218678815,"Not_significant"
"LRCH2","Mock","ZIKV",13.1517,20.53,0.642488,5e-05,"yes",0.000320686218678815,"Not_significant"
"TBC1D17","Mock","ZIKV",15.1161,23.6016,0.642793,5e-05,"yes",0.000320686218678815,"Not_significant"
"ITSN2","Mock","ZIKV",3.11969,4.87199,0.643109,5e-05,"yes",0.000320686218678815,"Not_significant"
"PTPN23","Mock","ZIKV",15.7907,24.6614,0.643181,5e-05,"yes",0.000320686218678815,"Not_significant"
"FBXW7","Mock","ZIKV",19.9544,31.1717,0.643533,5e-05,"yes",0.000320686218678815,"Not_significant"
"PLAG1","Mock","ZIKV",6.0797,9.50548,0.644759,5e-05,"yes",0.000320686218678815,"Not_significant"
"PIK3CA","Mock","ZIKV",10.9726,17.1555,0.644767,5e-05,"yes",0.000320686218678815,"Not_significant"
"RAB3C","Mock","ZIKV",11.9889,18.7473,0.644981,5e-05,"yes",0.000320686218678815,"Not_significant"
"EFNA3","Mock","ZIKV",13.5475,21.1902,0.645366,5e-05,"yes",0.000320686218678815,"Not_significant"
"ACSS2","Mock","ZIKV",16.4748,25.7777,0.64586,5e-05,"yes",0.000320686218678815,"Not_significant"
"USPL1","Mock","ZIKV",10.138,15.8753,0.647008,5e-05,"yes",0.000320686218678815,"Not_significant"
"KIF1A","Mock","ZIKV",87.9412,137.712,0.647038,5e-05,"yes",0.000320686218678815,"Not_significant"
"SIK2","Mock","ZIKV",11.2898,17.6802,0.647113,5e-05,"yes",0.000320686218678815,"Not_significant"
"PDPK1","Mock","ZIKV",16.7952,26.3066,0.647375,5e-05,"yes",0.000320686218678815,"Not_significant"
"CCSER1","Mock","ZIKV",3.89136,6.09767,0.647983,5e-05,"yes",0.000320686218678815,"Not_significant"
"HSD17B12","Mock","ZIKV",34.0044,53.286,0.648036,5e-05,"yes",0.000320686218678815,"Not_significant"
"PRMT10","Mock","ZIKV",5.01831,7.86634,0.648491,5e-05,"yes",0.000320686218678815,"Not_significant"
"ZNF205","Mock","ZIKV",10.5839,16.5922,0.648632,5e-05,"yes",0.000320686218678815,"Not_significant"
"EPRS","Mock","ZIKV",25.7723,40.4198,0.649239,5e-05,"yes",0.000320686218678815,"Not_significant"
"ST8SIA3","Mock","ZIKV",1.7195,2.69733,0.649538,5e-05,"yes",0.000320686218678815,"Not_significant"
"SYNGR3","Mock","ZIKV",11.0551,17.3445,0.649764,5e-05,"yes",0.000320686218678815,"Not_significant"
"ZNF436","Mock","ZIKV",4.05606,6.36433,0.649931,5e-05,"yes",0.000320686218678815,"Not_significant"
"AP3D1","Mock","ZIKV",43.8871,68.8685,0.650047,5e-05,"yes",0.000320686218678815,"Not_significant"
"GORASP2","Mock","ZIKV",30.4287,47.7604,0.650384,5e-05,"yes",0.000320686218678815,"Not_significant"
"SLC17A5","Mock","ZIKV",2.46571,3.87092,0.650675,5e-05,"yes",0.000320686218678815,"Not_significant"
"LOC728730","Mock","ZIKV",3.42946,5.38596,0.651221,5e-05,"yes",0.000320686218678815,"Not_significant"
"PAR-SN,SNORD107","Mock","ZIKV",8.2871,13.0201,0.651802,5e-05,"yes",0.000320686218678815,"Not_significant"
"TEF","Mock","ZIKV",4.88457,7.6784,0.652574,5e-05,"yes",0.000320686218678815,"Not_significant"
"ZBTB48","Mock","ZIKV",8.35991,13.1448,0.652939,5e-05,"yes",0.000320686218678815,"Not_significant"
"SHOC2","Mock","ZIKV",15.5509,24.4554,0.653155,5e-05,"yes",0.000320686218678815,"Not_significant"
"CREG2","Mock","ZIKV",3.45803,5.44075,0.653856,5e-05,"yes",0.000320686218678815,"Not_significant"
"DMWD","Mock","ZIKV",27.2765,42.9242,0.654132,5e-05,"yes",0.000320686218678815,"Not_significant"
"CUL3","Mock","ZIKV",17.5041,27.5486,0.654283,5e-05,"yes",0.000320686218678815,"Not_significant"
"TCEA1","Mock","ZIKV",58.5409,92.1375,0.654342,5e-05,"yes",0.000320686218678815,"Not_significant"
"RAPH1","Mock","ZIKV",8.32078,13.098,0.654553,5e-05,"yes",0.000320686218678815,"Not_significant"
"KSR2","Mock","ZIKV",0.889426,1.40014,0.654627,5e-05,"yes",0.000320686218678815,"Not_significant"
"MRGBP","Mock","ZIKV",22.2025,34.9517,0.654645,5e-05,"yes",0.000320686218678815,"Not_significant"
"GORAB","Mock","ZIKV",7.83627,12.3387,0.654948,5e-05,"yes",0.000320686218678815,"Not_significant"
"ZMYM5","Mock","ZIKV",8.5133,13.4059,0.655081,5e-05,"yes",0.000320686218678815,"Not_significant"
"KBTBD6","Mock","ZIKV",8.30167,13.0732,0.655136,5e-05,"yes",0.000320686218678815,"Not_significant"
"FOXJ3","Mock","ZIKV",20.563,32.3821,0.65515,5e-05,"yes",0.000320686218678815,"Not_significant"
"FOXO3","Mock","ZIKV",6.60778,10.4058,0.655154,5e-05,"yes",0.000320686218678815,"Not_significant"
"EVI5L","Mock","ZIKV",13.4564,21.1927,0.655278,5e-05,"yes",0.000320686218678815,"Not_significant"
"ZNF44","Mock","ZIKV",3.61639,5.69556,0.655287,5e-05,"yes",0.000320686218678815,"Not_significant"
"ERCC2","Mock","ZIKV",22.316,35.1642,0.656031,5e-05,"yes",0.000320686218678815,"Not_significant"
"STRIP1","Mock","ZIKV",26.3369,41.5062,0.656242,5e-05,"yes",0.000320686218678815,"Not_significant"
"DNAJC6","Mock","ZIKV",4.50072,7.09578,0.656806,5e-05,"yes",0.000320686218678815,"Not_significant"
"SRP68","Mock","ZIKV",24.4678,38.5806,0.656991,5e-05,"yes",0.000320686218678815,"Not_significant"
"TMED2","Mock","ZIKV",70.0646,110.494,0.65721,5e-05,"yes",0.000320686218678815,"Not_significant"
"MYLIP","Mock","ZIKV",7.66191,12.084,0.657328,5e-05,"yes",0.000320686218678815,"Not_significant"
"TNKS2","Mock","ZIKV",24.3899,38.5138,0.65909,5e-05,"yes",0.000320686218678815,"Not_significant"
"IKZF5","Mock","ZIKV",7.24566,11.4441,0.659421,5e-05,"yes",0.000320686218678815,"Not_significant"
"ZHX2","Mock","ZIKV",5.01089,7.91487,0.6595,5e-05,"yes",0.000320686218678815,"Not_significant"
"ZNF398","Mock","ZIKV",6.62319,10.471,0.660796,5e-05,"yes",0.000320686218678815,"Not_significant"
"TP53","Mock","ZIKV",27.3951,43.3165,0.660998,5e-05,"yes",0.000320686218678815,"Not_significant"
"SART1","Mock","ZIKV",19.548,30.9089,0.661003,5e-05,"yes",0.000320686218678815,"Not_significant"
"RNF6","Mock","ZIKV",6.36594,10.0663,0.661084,5e-05,"yes",0.000320686218678815,"Not_significant"
"FXR2","Mock","ZIKV",30.7222,48.5801,0.661086,5e-05,"yes",0.000320686218678815,"Not_significant"
"PAWR","Mock","ZIKV",11.6976,18.4989,0.661226,5e-05,"yes",0.000320686218678815,"Not_significant"
"IMPA1","Mock","ZIKV",7.82849,12.3831,0.661567,5e-05,"yes",0.000320686218678815,"Not_significant"
"TFE3","Mock","ZIKV",13.0461,20.6465,0.662282,5e-05,"yes",0.000320686218678815,"Not_significant"
"UNC5B","Mock","ZIKV",26.0606,41.2536,0.662652,5e-05,"yes",0.000320686218678815,"Not_significant"
"NHLRC2","Mock","ZIKV",7.14537,11.3116,0.662727,5e-05,"yes",0.000320686218678815,"Not_significant"
"C1orf50","Mock","ZIKV",13.837,21.911,0.663127,5e-05,"yes",0.000320686218678815,"Not_significant"
"GPATCH2","Mock","ZIKV",7.27372,11.5208,0.663476,5e-05,"yes",0.000320686218678815,"Not_significant"
"ZNF333","Mock","ZIKV",8.78747,13.9216,0.663808,5e-05,"yes",0.000320686218678815,"Not_significant"
"SERINC1","Mock","ZIKV",137.662,218.096,0.663837,5e-05,"yes",0.000320686218678815,"Not_significant"
"YPEL2","Mock","ZIKV",3.24549,5.14322,0.664237,5e-05,"yes",0.000320686218678815,"Not_significant"
"CHMP2B","Mock","ZIKV",8.86354,14.0516,0.664777,5e-05,"yes",0.000320686218678815,"Not_significant"
"OTUD4","Mock","ZIKV",10.359,16.4284,0.665302,5e-05,"yes",0.000320686218678815,"Not_significant"
"PEG3","Mock","ZIKV",78.4296,124.408,0.66561,5e-05,"yes",0.000320686218678815,"Not_significant"
"ANKRA2","Mock","ZIKV",9.2263,14.6354,0.665635,5e-05,"yes",0.000320686218678815,"Not_significant"
"ANKRD12","Mock","ZIKV",11.1272,17.6513,0.66568,5e-05,"yes",0.000320686218678815,"Not_significant"
"DHX29","Mock","ZIKV",11.3452,17.998,0.665749,5e-05,"yes",0.000320686218678815,"Not_significant"
"KLHDC8B","Mock","ZIKV",43.7013,69.3447,0.66611,5e-05,"yes",0.000320686218678815,"Not_significant"
"PATL1","Mock","ZIKV",11.9283,18.929,0.666212,5e-05,"yes",0.000320686218678815,"Not_significant"
"PAIP2B","Mock","ZIKV",3.66115,5.81115,0.666528,5e-05,"yes",0.000320686218678815,"Not_significant"
"BACH2","Mock","ZIKV",8.87208,14.0831,0.666625,5e-05,"yes",0.000320686218678815,"Not_significant"
"ZNF791","Mock","ZIKV",8.54238,13.5664,0.667324,5e-05,"yes",0.000320686218678815,"Not_significant"
"PMEPA1","Mock","ZIKV",6.12112,9.72182,0.667432,5e-05,"yes",0.000320686218678815,"Not_significant"
"ZNF134","Mock","ZIKV",13.8732,22.0346,0.667467,5e-05,"yes",0.000320686218678815,"Not_significant"
"ZNF652","Mock","ZIKV",5.5278,8.78066,0.667624,5e-05,"yes",0.000320686218678815,"Not_significant"
"ARHGAP5","Mock","ZIKV",15.8388,25.1593,0.66763,5e-05,"yes",0.000320686218678815,"Not_significant"
"HSD17B7","Mock","ZIKV",10.5042,16.6856,0.66763,5e-05,"yes",0.000320686218678815,"Not_significant"
"SRGAP1","Mock","ZIKV",4.65611,7.39618,0.667654,5e-05,"yes",0.000320686218678815,"Not_significant"
"EAPP","Mock","ZIKV",22.0019,34.9599,0.668071,5e-05,"yes",0.000320686218678815,"Not_significant"
"AFF4","Mock","ZIKV",31.284,49.7401,0.668983,5e-05,"yes",0.000320686218678815,"Not_significant"
"RAD17","Mock","ZIKV",13.326,21.1914,0.669232,5e-05,"yes",0.000320686218678815,"Not_significant"
"SIN3B","Mock","ZIKV",17.8181,28.3433,0.669663,5e-05,"yes",0.000320686218678815,"Not_significant"
"ZNF568","Mock","ZIKV",4.66692,7.42453,0.66983,5e-05,"yes",0.000320686218678815,"Not_significant"
"C3orf33","Mock","ZIKV",4.03817,6.42697,0.670437,5e-05,"yes",0.000320686218678815,"Not_significant"
"APBA1","Mock","ZIKV",4.58563,7.29849,0.670478,5e-05,"yes",0.000320686218678815,"Not_significant"
"NYAP1","Mock","ZIKV",20.0714,31.9464,0.670511,5e-05,"yes",0.000320686218678815,"Not_significant"
"SECISBP2L","Mock","ZIKV",16.7629,26.6849,0.670753,5e-05,"yes",0.000320686218678815,"Not_significant"
"TGIF1","Mock","ZIKV",18.09,28.8082,0.671286,5e-05,"yes",0.000320686218678815,"Not_significant"
"C1orf35","Mock","ZIKV",19.3924,30.8827,0.671309,5e-05,"yes",0.000320686218678815,"Not_significant"
"THAP8","Mock","ZIKV",4.2553,6.77855,0.671717,5e-05,"yes",0.000320686218678815,"Not_significant"
"GKAP1","Mock","ZIKV",11.9964,19.1171,0.672259,5e-05,"yes",0.000320686218678815,"Not_significant"
"CHD9","Mock","ZIKV",12.5158,19.949,0.672569,5e-05,"yes",0.000320686218678815,"Not_significant"
"C9orf172","Mock","ZIKV",2.67293,4.2606,0.672635,5e-05,"yes",0.000320686218678815,"Not_significant"
"GBF1","Mock","ZIKV",24.6403,39.3034,0.673636,5e-05,"yes",0.000320686218678815,"Not_significant"
"CSNK1A1","Mock","ZIKV",74.0454,118.132,0.673918,5e-05,"yes",0.000320686218678815,"Not_significant"
"FLRT1","Mock","ZIKV",5.45993,8.71487,0.674597,5e-05,"yes",0.000320686218678815,"Not_significant"
"PCDH9","Mock","ZIKV",9.07843,14.4908,0.674625,5e-05,"yes",0.000320686218678815,"Not_significant"
"RBM27","Mock","ZIKV",9.30818,14.8625,0.675106,5e-05,"yes",0.000320686218678815,"Not_significant"
"SHB","Mock","ZIKV",5.28755,8.44775,0.675969,5e-05,"yes",0.000320686218678815,"Not_significant"
"IRF2BPL","Mock","ZIKV",27.1249,43.3369,0.67598,5e-05,"yes",0.000320686218678815,"Not_significant"
"PDXK","Mock","ZIKV",7.04481,11.2633,0.677,5e-05,"yes",0.000320686218678815,"Not_significant"
"GYG1","Mock","ZIKV",11.3309,18.1187,0.677221,5e-05,"yes",0.000320686218678815,"Not_significant"
"STMN4","Mock","ZIKV",87.6254,140.164,0.67769,5e-05,"yes",0.000320686218678815,"Not_significant"
"IRF2BP2","Mock","ZIKV",20.7316,33.1637,0.677771,5e-05,"yes",0.000320686218678815,"Not_significant"
"DUSP11","Mock","ZIKV",8.15737,13.05,0.677875,5e-05,"yes",0.000320686218678815,"Not_significant"
"ZNF329","Mock","ZIKV",6.90995,11.0622,0.678888,5e-05,"yes",0.000320686218678815,"Not_significant"
"CNTNAP1","Mock","ZIKV",6.01876,9.63663,0.679062,5e-05,"yes",0.000320686218678815,"Not_significant"
"TBK1","Mock","ZIKV",6.45123,10.332,0.679478,5e-05,"yes",0.000320686218678815,"Not_significant"
"MSTO1","Mock","ZIKV",5.34006,8.55529,0.679961,5e-05,"yes",0.000320686218678815,"Not_significant"
"MAFG","Mock","ZIKV",9.47147,15.1746,0.679996,5e-05,"yes",0.000320686218678815,"Not_significant"
"FOXN2","Mock","ZIKV",6.68197,10.7067,0.680162,5e-05,"yes",0.000320686218678815,"Not_significant"
"FECH","Mock","ZIKV",1.38178,2.2142,0.680256,5e-05,"yes",0.000320686218678815,"Not_significant"
"CRIM1","Mock","ZIKV",9.84587,15.7775,0.680276,5e-05,"yes",0.000320686218678815,"Not_significant"
"ZNF211","Mock","ZIKV",11.5972,18.5951,0.681143,5e-05,"yes",0.000320686218678815,"Not_significant"
"LRSAM1","Mock","ZIKV",9.5896,15.3786,0.681384,5e-05,"yes",0.000320686218678815,"Not_significant"
"POLH","Mock","ZIKV",4.89605,7.85366,0.681745,5e-05,"yes",0.000320686218678815,"Not_significant"
"SNX27","Mock","ZIKV",9.13689,14.6666,0.682757,5e-05,"yes",0.000320686218678815,"Not_significant"
"NARS","Mock","ZIKV",53.8252,86.4009,0.682765,5e-05,"yes",0.000320686218678815,"Not_significant"
"NALCN","Mock","ZIKV",1.51309,2.42905,0.682892,5e-05,"yes",0.000320686218678815,"Not_significant"
"PREB","Mock","ZIKV",17.0679,27.4078,0.683301,5e-05,"yes",0.000320686218678815,"Not_significant"
"UBALD1","Mock","ZIKV",13.6858,21.9815,0.683611,5e-05,"yes",0.000320686218678815,"Not_significant"
"XRN1","Mock","ZIKV",10.3507,16.6295,0.68402,5e-05,"yes",0.000320686218678815,"Not_significant"
"IRF7","Mock","ZIKV",6.33666,10.1876,0.685015,5e-05,"yes",0.000320686218678815,"Not_significant"
"PIK3C2A","Mock","ZIKV",18.0925,29.0952,0.685386,5e-05,"yes",0.000320686218678815,"Not_significant"
"MVK","Mock","ZIKV",14.1855,22.8233,0.686091,5e-05,"yes",0.000320686218678815,"Not_significant"
"REV3L","Mock","ZIKV",12.1023,19.4778,0.68655,5e-05,"yes",0.000320686218678815,"Not_significant"
"JAZF1","Mock","ZIKV",8.92032,14.3605,0.686938,5e-05,"yes",0.000320686218678815,"Not_significant"
"FAM160A2","Mock","ZIKV",9.46246,15.2443,0.687983,5e-05,"yes",0.000320686218678815,"Not_significant"
"PPFIA3","Mock","ZIKV",9.08391,14.639,0.688431,5e-05,"yes",0.000320686218678815,"Not_significant"
"SSFA2","Mock","ZIKV",11.1483,17.9747,0.689146,5e-05,"yes",0.000320686218678815,"Not_significant"
"MAP4K3","Mock","ZIKV",18.0719,29.1623,0.690355,5e-05,"yes",0.000320686218678815,"Not_significant"
"CAMTA2","Mock","ZIKV",6.15395,9.9327,0.690673,5e-05,"yes",0.000320686218678815,"Not_significant"
"ZNF626","Mock","ZIKV",8.67293,13.9996,0.690798,5e-05,"yes",0.000320686218678815,"Not_significant"
"ZNF746","Mock","ZIKV",7.8141,12.6142,0.690902,5e-05,"yes",0.000320686218678815,"Not_significant"
"RAB22A","Mock","ZIKV",5.31957,8.58928,0.69123,5e-05,"yes",0.000320686218678815,"Not_significant"
"CC2D1A","Mock","ZIKV",7.42037,11.9822,0.691327,5e-05,"yes",0.000320686218678815,"Not_significant"
"WDR37","Mock","ZIKV",10.5733,17.0745,0.691417,5e-05,"yes",0.000320686218678815,"Not_significant"
"EPB41L4A-AS1","Mock","ZIKV",21.822,35.24,0.691428,5e-05,"yes",0.000320686218678815,"Not_significant"
"RP9","Mock","ZIKV",13.419,21.6832,0.692298,5e-05,"yes",0.000320686218678815,"Not_significant"
"RAB9A","Mock","ZIKV",9.26228,14.972,0.692833,5e-05,"yes",0.000320686218678815,"Not_significant"
"SPRYD3","Mock","ZIKV",4.28087,6.92318,0.693531,5e-05,"yes",0.000320686218678815,"Not_significant"
"PCDH1","Mock","ZIKV",4.19158,6.77954,0.693694,5e-05,"yes",0.000320686218678815,"Not_significant"
"NECAP1","Mock","ZIKV",17.1509,27.7444,0.693909,5e-05,"yes",0.000320686218678815,"Not_significant"
"FAM63B","Mock","ZIKV",10.8842,17.6137,0.694464,5e-05,"yes",0.000320686218678815,"Not_significant"
"SNAP91","Mock","ZIKV",16.5823,26.8436,0.694934,5e-05,"yes",0.000320686218678815,"Not_significant"
"SCD","Mock","ZIKV",409.488,663.578,0.696443,5e-05,"yes",0.000320686218678815,"Not_significant"
"SBDS","Mock","ZIKV",26.5422,43.0121,0.696456,5e-05,"yes",0.000320686218678815,"Not_significant"
"TUBG2","Mock","ZIKV",8.69592,14.0989,0.697168,5e-05,"yes",0.000320686218678815,"Not_significant"
"PPP1R13B","Mock","ZIKV",2.46538,3.99898,0.697821,5e-05,"yes",0.000320686218678815,"Not_significant"
"FTSJD1","Mock","ZIKV",9.56523,15.5179,0.698058,5e-05,"yes",0.000320686218678815,"Not_significant"
"GCC1","Mock","ZIKV",5.83155,9.46678,0.698994,5e-05,"yes",0.000320686218678815,"Not_significant"
"SERTAD3","Mock","ZIKV",12.3639,20.0758,0.699316,5e-05,"yes",0.000320686218678815,"Not_significant"
"CNNM2","Mock","ZIKV",5.4501,8.85037,0.699454,5e-05,"yes",0.000320686218678815,"Not_significant"
"IPMK","Mock","ZIKV",4.58854,7.45424,0.700025,5e-05,"yes",0.000320686218678815,"Not_significant"
"ZNF865","Mock","ZIKV",5.93222,9.63715,0.700036,5e-05,"yes",0.000320686218678815,"Not_significant"
"PXK","Mock","ZIKV",8.37201,13.6217,0.702261,5e-05,"yes",0.000320686218678815,"Not_significant"
"FAIM2","Mock","ZIKV",3.32949,5.4181,0.702484,5e-05,"yes",0.000320686218678815,"Not_significant"
"VWA5A","Mock","ZIKV",13.9784,22.748,0.702541,5e-05,"yes",0.000320686218678815,"Not_significant"
"GTF2A1","Mock","ZIKV",12.6331,20.5621,0.702785,5e-05,"yes",0.000320686218678815,"Not_significant"
"SOWAHC","Mock","ZIKV",5.37417,8.74939,0.70314,5e-05,"yes",0.000320686218678815,"Not_significant"
"RBM33","Mock","ZIKV",18.7547,30.5365,0.703286,5e-05,"yes",0.000320686218678815,"Not_significant"
"COPA","Mock","ZIKV",45.9701,74.91,0.704463,5e-05,"yes",0.000320686218678815,"Not_significant"
"SLC6A9","Mock","ZIKV",6.89097,11.233,0.704969,5e-05,"yes",0.000320686218678815,"Not_significant"
"OTUD7B","Mock","ZIKV",4.60812,7.51725,0.706028,5e-05,"yes",0.000320686218678815,"Not_significant"
"TRIM35","Mock","ZIKV",6.04492,9.86167,0.706109,5e-05,"yes",0.000320686218678815,"Not_significant"
"LRP1B","Mock","ZIKV",1.0612,1.73133,0.706183,5e-05,"yes",0.000320686218678815,"Not_significant"
"NAA30","Mock","ZIKV",7.27015,11.8642,0.70656,5e-05,"yes",0.000320686218678815,"Not_significant"
"ATXN3","Mock","ZIKV",6.13234,10.0094,0.706851,5e-05,"yes",0.000320686218678815,"Not_significant"
"IDE","Mock","ZIKV",6.81234,11.1203,0.706975,5e-05,"yes",0.000320686218678815,"Not_significant"
"ZNF451","Mock","ZIKV",18.5234,30.242,0.707203,5e-05,"yes",0.000320686218678815,"Not_significant"
"FAM122A","Mock","ZIKV",4.19264,6.84638,0.707483,5e-05,"yes",0.000320686218678815,"Not_significant"
"UAP1","Mock","ZIKV",13.6649,22.3237,0.708099,5e-05,"yes",0.000320686218678815,"Not_significant"
"USP27X","Mock","ZIKV",4.78164,7.81353,0.708468,5e-05,"yes",0.000320686218678815,"Not_significant"
"PJA2","Mock","ZIKV",57.6649,94.2461,0.70874,5e-05,"yes",0.000320686218678815,"Not_significant"
"RLF","Mock","ZIKV",9.82807,16.0638,0.708835,5e-05,"yes",0.000320686218678815,"Not_significant"
"SOCS7","Mock","ZIKV",14.4057,23.547,0.7089,5e-05,"yes",0.000320686218678815,"Not_significant"
"HECA","Mock","ZIKV",7.61492,12.4491,0.709139,5e-05,"yes",0.000320686218678815,"Not_significant"
"ZNF274","Mock","ZIKV",11.2201,18.3444,0.709253,5e-05,"yes",0.000320686218678815,"Not_significant"
"ZNF775","Mock","ZIKV",8.66613,14.1699,0.709372,5e-05,"yes",0.000320686218678815,"Not_significant"
"TSTA3","Mock","ZIKV",13.9901,22.8898,0.710294,5e-05,"yes",0.000320686218678815,"Not_significant"
"PRRC1","Mock","ZIKV",17.0014,27.8215,0.710543,5e-05,"yes",0.000320686218678815,"Not_significant"
"SGMS1","Mock","ZIKV",3.52479,5.77334,0.711867,5e-05,"yes",0.000320686218678815,"Not_significant"
"GAS7","Mock","ZIKV",1.96081,3.21168,0.711877,5e-05,"yes",0.000320686218678815,"Not_significant"
"CBS","Mock","ZIKV",26.2273,42.9608,0.711952,5e-05,"yes",0.000320686218678815,"Not_significant"
"KCTD5","Mock","ZIKV",19.6973,32.2702,0.712202,5e-05,"yes",0.000320686218678815,"Not_significant"
"TERF2","Mock","ZIKV",11.0003,18.0288,0.712765,5e-05,"yes",0.000320686218678815,"Not_significant"
"FAM204A","Mock","ZIKV",16.049,26.3119,0.713231,5e-05,"yes",0.000320686218678815,"Not_significant"
"ABHD5","Mock","ZIKV",3.07876,5.05042,0.714052,5e-05,"yes",0.000320686218678815,"Not_significant"
"LARP4B","Mock","ZIKV",8.03381,13.1798,0.714167,5e-05,"yes",0.000320686218678815,"Not_significant"
"PGGT1B","Mock","ZIKV",7.17223,11.7767,0.715437,5e-05,"yes",0.000320686218678815,"Not_significant"
"KPNA4","Mock","ZIKV",12.6635,20.7971,0.715712,5e-05,"yes",0.000320686218678815,"Not_significant"
"ADK","Mock","ZIKV",11.7757,19.346,0.716222,5e-05,"yes",0.000320686218678815,"Not_significant"
"SSBP2","Mock","ZIKV",17.6798,29.0475,0.716315,5e-05,"yes",0.000320686218678815,"Not_significant"
"BCAS4","Mock","ZIKV",6.26927,10.3077,0.717351,5e-05,"yes",0.000320686218678815,"Not_significant"
"BAG4","Mock","ZIKV",4.06069,6.67688,0.717447,5e-05,"yes",0.000320686218678815,"Not_significant"
"DPF2","Mock","ZIKV",35.3695,58.1942,0.718369,5e-05,"yes",0.000320686218678815,"Not_significant"
"SAMD8","Mock","ZIKV",11.8754,19.5454,0.718856,5e-05,"yes",0.000320686218678815,"Not_significant"
"CCPG1","Mock","ZIKV",9.87746,16.2615,0.719248,5e-05,"yes",0.000320686218678815,"Not_significant"
"RNF115","Mock","ZIKV",10.5413,17.3664,0.720241,5e-05,"yes",0.000320686218678815,"Not_significant"
"ZNF518B","Mock","ZIKV",6.70549,11.0483,0.720411,5e-05,"yes",0.000320686218678815,"Not_significant"
"NFKBIA","Mock","ZIKV",12.0907,19.923,0.720542,5e-05,"yes",0.000320686218678815,"Not_significant"
"ZBTB8A","Mock","ZIKV",4.24027,6.98721,0.720561,5e-05,"yes",0.000320686218678815,"Not_significant"
"YTHDC1","Mock","ZIKV",24.2908,40.0641,0.721896,5e-05,"yes",0.000320686218678815,"Not_significant"
"USP15","Mock","ZIKV",7.13407,11.7724,0.722615,5e-05,"yes",0.000320686218678815,"Not_significant"
"TMEM38B","Mock","ZIKV",9.57284,15.8029,0.72317,5e-05,"yes",0.000320686218678815,"Not_significant"
"RNF138","Mock","ZIKV",18.9866,31.3529,0.723613,5e-05,"yes",0.000320686218678815,"Not_significant"
"DUSP7","Mock","ZIKV",4.33673,7.16444,0.724246,5e-05,"yes",0.000320686218678815,"Not_significant"
"AFF3","Mock","ZIKV",9.32985,15.425,0.725344,5e-05,"yes",0.000320686218678815,"Not_significant"
"RFK","Mock","ZIKV",14.2189,23.5094,0.725432,5e-05,"yes",0.000320686218678815,"Not_significant"
"UIMC1","Mock","ZIKV",12.4828,20.6398,0.725483,5e-05,"yes",0.000320686218678815,"Not_significant"
"ZNF284","Mock","ZIKV",1.88337,3.11488,0.725862,5e-05,"yes",0.000320686218678815,"Not_significant"
"ABHD4","Mock","ZIKV",8.13027,13.4474,0.725948,5e-05,"yes",0.000320686218678815,"Not_significant"
"P4HB","Mock","ZIKV",128.302,212.215,0.725979,5e-05,"yes",0.000320686218678815,"Not_significant"
"ZNF256","Mock","ZIKV",5.29532,8.76507,0.727047,5e-05,"yes",0.000320686218678815,"Not_significant"
"C12orf5","Mock","ZIKV",4.32851,7.1651,0.727116,5e-05,"yes",0.000320686218678815,"Not_significant"
"RUFY1","Mock","ZIKV",20.709,34.2848,0.727306,5e-05,"yes",0.000320686218678815,"Not_significant"
"ETV3","Mock","ZIKV",6.28768,10.41,0.72737,5e-05,"yes",0.000320686218678815,"Not_significant"
"PPP3CC","Mock","ZIKV",4.15251,6.87543,0.727467,5e-05,"yes",0.000320686218678815,"Not_significant"
"GOT1","Mock","ZIKV",21.4687,35.5547,0.727807,5e-05,"yes",0.000320686218678815,"Not_significant"
"JAK2","Mock","ZIKV",1.96919,3.26148,0.727928,5e-05,"yes",0.000320686218678815,"Not_significant"
"SNPH","Mock","ZIKV",2.35592,3.90221,0.728,5e-05,"yes",0.000320686218678815,"Not_significant"
"GATAD2B","Mock","ZIKV",13.2537,21.9558,0.728212,5e-05,"yes",0.000320686218678815,"Not_significant"
"SLC2A13","Mock","ZIKV",1.85537,3.07366,0.728252,5e-05,"yes",0.000320686218678815,"Not_significant"
"HSP90B1","Mock","ZIKV",217.074,359.778,0.728919,5e-05,"yes",0.000320686218678815,"Not_significant"
"RAB6A","Mock","ZIKV",47.3376,78.5037,0.729774,5e-05,"yes",0.000320686218678815,"Not_significant"
"SNCA","Mock","ZIKV",5.67844,9.42065,0.730332,5e-05,"yes",0.000320686218678815,"Not_significant"
"CAMKMT","Mock","ZIKV",4.36235,7.23744,0.730373,5e-05,"yes",0.000320686218678815,"Not_significant"
"PPP2R5A","Mock","ZIKV",2.40042,3.98402,0.730936,5e-05,"yes",0.000320686218678815,"Not_significant"
"CDKN1B","Mock","ZIKV",37.6029,62.4105,0.730946,5e-05,"yes",0.000320686218678815,"Not_significant"
"UBN2","Mock","ZIKV",9.70415,16.1089,0.731183,5e-05,"yes",0.000320686218678815,"Not_significant"
"DACT1","Mock","ZIKV",5.55745,9.22686,0.731418,5e-05,"yes",0.000320686218678815,"Not_significant"
"KCNG1","Mock","ZIKV",3.06354,5.08743,0.731738,5e-05,"yes",0.000320686218678815,"Not_significant"
"ARRDC3","Mock","ZIKV",39.4348,65.4926,0.731863,5e-05,"yes",0.000320686218678815,"Not_significant"
"MED12L","Mock","ZIKV",2.31482,3.84457,0.731926,5e-05,"yes",0.000320686218678815,"Not_significant"
"OPTN","Mock","ZIKV",16.4555,27.3305,0.731939,5e-05,"yes",0.000320686218678815,"Not_significant"
"RILPL1","Mock","ZIKV",6.2431,10.3691,0.731953,5e-05,"yes",0.000320686218678815,"Not_significant"
"SAV1","Mock","ZIKV",6.64699,11.0473,0.732919,5e-05,"yes",0.000320686218678815,"Not_significant"
"TBC1D10A","Mock","ZIKV",2.65115,4.4085,0.733668,5e-05,"yes",0.000320686218678815,"Not_significant"
"BCL9L","Mock","ZIKV",8.66984,14.4255,0.734547,5e-05,"yes",0.000320686218678815,"Not_significant"
"RSL24D1","Mock","ZIKV",73.049,121.605,0.735263,5e-05,"yes",0.000320686218678815,"Not_significant"
"TXNL1","Mock","ZIKV",46.8301,77.9735,0.735547,5e-05,"yes",0.000320686218678815,"Not_significant"
"PLEKHM3","Mock","ZIKV",4.66806,7.77446,0.73592,5e-05,"yes",0.000320686218678815,"Not_significant"
"TRIP10","Mock","ZIKV",7.56667,12.6023,0.735956,5e-05,"yes",0.000320686218678815,"Not_significant"
"PLCB1","Mock","ZIKV",5.20889,8.67568,0.736,5e-05,"yes",0.000320686218678815,"Not_significant"
"ZNF841","Mock","ZIKV",6.07773,10.1248,0.736291,5e-05,"yes",0.000320686218678815,"Not_significant"
"DOCK6","Mock","ZIKV",4.22403,7.0377,0.736484,5e-05,"yes",0.000320686218678815,"Not_significant"
"KIAA2022","Mock","ZIKV",2.70024,4.5017,0.737383,5e-05,"yes",0.000320686218678815,"Not_significant"
"MARS2","Mock","ZIKV",2.38275,3.97469,0.738213,5e-05,"yes",0.000320686218678815,"Not_significant"
"STAT3","Mock","ZIKV",19.9227,33.2363,0.738347,5e-05,"yes",0.000320686218678815,"Not_significant"
"GTF2IRD1","Mock","ZIKV",21.1698,35.3335,0.73903,5e-05,"yes",0.000320686218678815,"Not_significant"
"TRIP11","Mock","ZIKV",6.17487,10.3107,0.739657,5e-05,"yes",0.000320686218678815,"Not_significant"
"TERF2IP","Mock","ZIKV",116.294,194.199,0.739758,5e-05,"yes",0.000320686218678815,"Not_significant"
"SMARCA2","Mock","ZIKV",4.06855,6.7974,0.740467,5e-05,"yes",0.000320686218678815,"Not_significant"
"LONP1","Mock","ZIKV",25.2291,42.1578,0.740711,5e-05,"yes",0.000320686218678815,"Not_significant"
"FGFR2","Mock","ZIKV",6.28954,10.5191,0.741982,5e-05,"yes",0.000320686218678815,"Not_significant"
"SEC23A","Mock","ZIKV",26.7799,44.7976,0.74227,5e-05,"yes",0.000320686218678815,"Not_significant"
"PCYT2","Mock","ZIKV",9.28884,15.5447,0.742848,5e-05,"yes",0.000320686218678815,"Not_significant"
"LMTK3","Mock","ZIKV",6.76134,11.3196,0.74344,5e-05,"yes",0.000320686218678815,"Not_significant"
"RASSF8","Mock","ZIKV",12.6501,21.1857,0.743941,5e-05,"yes",0.000320686218678815,"Not_significant"
"GZF1","Mock","ZIKV",7.59925,12.7286,0.744144,5e-05,"yes",0.000320686218678815,"Not_significant"
"UNC13A","Mock","ZIKV",4.5751,7.66379,0.744254,5e-05,"yes",0.000320686218678815,"Not_significant"
"SUGP1","Mock","ZIKV",23.3692,39.1481,0.744334,5e-05,"yes",0.000320686218678815,"Not_significant"
"SIK3","Mock","ZIKV",12.3186,20.6526,0.745486,5e-05,"yes",0.000320686218678815,"Not_significant"
"USP38","Mock","ZIKV",7.43745,12.47,0.74558,5e-05,"yes",0.000320686218678815,"Not_significant"
"IER5L","Mock","ZIKV",21.266,35.6666,0.746025,5e-05,"yes",0.000320686218678815,"Not_significant"
"GDAP2","Mock","ZIKV",4.05254,6.79932,0.746564,5e-05,"yes",0.000320686218678815,"Not_significant"
"RIOK3","Mock","ZIKV",25.0864,42.0903,0.746585,5e-05,"yes",0.000320686218678815,"Not_significant"
"BBS12","Mock","ZIKV",2.54627,4.27391,0.747168,5e-05,"yes",0.000320686218678815,"Not_significant"
"CLASRP","Mock","ZIKV",21.6499,36.3504,0.74761,5e-05,"yes",0.000320686218678815,"Not_significant"
"ZNF763","Mock","ZIKV",3.84953,6.46357,0.747649,5e-05,"yes",0.000320686218678815,"Not_significant"
"SEC61A1","Mock","ZIKV",59.5039,99.9577,0.748332,5e-05,"yes",0.000320686218678815,"Not_significant"
"MAP1LC3B","Mock","ZIKV",60.6867,101.996,0.749058,5e-05,"yes",0.000320686218678815,"Not_significant"
"SOSTDC1","Mock","ZIKV",3.27132,5.49809,0.749059,5e-05,"yes",0.000320686218678815,"Not_significant"
"GPR37","Mock","ZIKV",3.82766,6.44327,0.751331,5e-05,"yes",0.000320686218678815,"Not_significant"
"SNIP1","Mock","ZIKV",3.39188,5.71114,0.751693,5e-05,"yes",0.000320686218678815,"Not_significant"
"VPS8","Mock","ZIKV",12.2624,20.6512,0.751976,5e-05,"yes",0.000320686218678815,"Not_significant"
"SEC11C","Mock","ZIKV",50.8335,85.6739,0.753077,5e-05,"yes",0.000320686218678815,"Not_significant"
"WDR43","Mock","ZIKV",11.8111,19.9248,0.754419,5e-05,"yes",0.000320686218678815,"Not_significant"
"ASH1L","Mock","ZIKV",10.3935,17.5418,0.755115,5e-05,"yes",0.000320686218678815,"Not_significant"
"SKIDA1","Mock","ZIKV",6.15895,10.4026,0.756189,5e-05,"yes",0.000320686218678815,"Not_significant"
"RIPK2","Mock","ZIKV",2.88223,4.86872,0.756356,5e-05,"yes",0.000320686218678815,"Not_significant"
"ARCN1","Mock","ZIKV",42.4288,71.6902,0.756732,5e-05,"yes",0.000320686218678815,"Not_significant"
"RSRC2","Mock","ZIKV",51.6295,87.2589,0.757107,5e-05,"yes",0.000320686218678815,"Not_significant"
"SAFB","Mock","ZIKV",50.992,86.2263,0.757859,5e-05,"yes",0.000320686218678815,"Not_significant"
"USP25","Mock","ZIKV",7.75971,13.1295,0.758733,5e-05,"yes",0.000320686218678815,"Not_significant"
"DSCAML1","Mock","ZIKV",0.646771,1.09458,0.759056,5e-05,"yes",0.000320686218678815,"Not_significant"
"SEC63","Mock","ZIKV",24.0169,40.6861,0.760486,5e-05,"yes",0.000320686218678815,"Not_significant"
"AUH","Mock","ZIKV",9.67983,16.4185,0.762265,5e-05,"yes",0.000320686218678815,"Not_significant"
"KBTBD7","Mock","ZIKV",4.83726,8.20711,0.762684,5e-05,"yes",0.000320686218678815,"Not_significant"
"FAM126B","Mock","ZIKV",5.06088,8.58729,0.762815,5e-05,"yes",0.000320686218678815,"Not_significant"
"MIR22HG","Mock","ZIKV",3.69344,6.26892,0.763251,5e-05,"yes",0.000320686218678815,"Not_significant"
"MAST1","Mock","ZIKV",18.9497,32.1938,0.764608,5e-05,"yes",0.000320686218678815,"Not_significant"
"POR","Mock","ZIKV",43.6881,74.256,0.765268,5e-05,"yes",0.000320686218678815,"Not_significant"
"RBAK","Mock","ZIKV",6.62052,11.2536,0.765376,5e-05,"yes",0.000320686218678815,"Not_significant"
"PDGFC","Mock","ZIKV",5.64975,9.61102,0.766504,5e-05,"yes",0.000320686218678815,"Not_significant"
"CCND2","Mock","ZIKV",14.4875,24.6459,0.76654,5e-05,"yes",0.000320686218678815,"Not_significant"
"SNHG15","Mock","ZIKV",13.5545,23.0593,0.766575,5e-05,"yes",0.000320686218678815,"Not_significant"
"RAB30","Mock","ZIKV",5.07191,8.62869,0.766613,5e-05,"yes",0.000320686218678815,"Not_significant"
"AKAP10","Mock","ZIKV",6.9993,11.9104,0.766941,5e-05,"yes",0.000320686218678815,"Not_significant"
"RAB33B","Mock","ZIKV",2.64487,4.50267,0.767582,5e-05,"yes",0.000320686218678815,"Not_significant"
"EPS15","Mock","ZIKV",17.4898,29.7951,0.768565,5e-05,"yes",0.000320686218678815,"Not_significant"
"PRNP","Mock","ZIKV",11.994,20.4477,0.769628,5e-05,"yes",0.000320686218678815,"Not_significant"
"BAIAP3","Mock","ZIKV",14.4077,24.5692,0.770012,5e-05,"yes",0.000320686218678815,"Not_significant"
"FAM134B","Mock","ZIKV",1.79876,3.06796,0.770275,5e-05,"yes",0.000320686218678815,"Not_significant"
"CRTC2","Mock","ZIKV",11.826,20.1738,0.77052,5e-05,"yes",0.000320686218678815,"Not_significant"
"ALDOC","Mock","ZIKV",13.3395,22.7571,0.770615,5e-05,"yes",0.000320686218678815,"Not_significant"
"SLC10A7","Mock","ZIKV",2.40295,4.09967,0.770704,5e-05,"yes",0.000320686218678815,"Not_significant"
"POLR2H","Mock","ZIKV",30.2686,51.6607,0.771244,5e-05,"yes",0.000320686218678815,"Not_significant"
"SH3KBP1","Mock","ZIKV",1.79884,3.0745,0.773283,5e-05,"yes",0.000320686218678815,"Not_significant"
"SH3BGRL2","Mock","ZIKV",9.61759,16.4443,0.773839,5e-05,"yes",0.000320686218678815,"Not_significant"
"FAM167A","Mock","ZIKV",8.45454,14.4568,0.773951,5e-05,"yes",0.000320686218678815,"Not_significant"
"FEM1B","Mock","ZIKV",18.0603,30.899,0.774737,5e-05,"yes",0.000320686218678815,"Not_significant"
"KLHL24","Mock","ZIKV",22.7079,38.8548,0.774901,5e-05,"yes",0.000320686218678815,"Not_significant"
"STXBP3","Mock","ZIKV",13.6529,23.3707,0.775493,5e-05,"yes",0.000320686218678815,"Not_significant"
"TBC1D23","Mock","ZIKV",7.1351,12.216,0.775762,5e-05,"yes",0.000320686218678815,"Not_significant"
"IRF2BP1","Mock","ZIKV",9.36646,16.0417,0.776254,5e-05,"yes",0.000320686218678815,"Not_significant"
"MAPK13","Mock","ZIKV",1.76715,3.0283,0.777087,5e-05,"yes",0.000320686218678815,"Not_significant"
"RCOR3","Mock","ZIKV",21.976,37.6642,0.777268,5e-05,"yes",0.000320686218678815,"Not_significant"
"CEP85L","Mock","ZIKV",4.07067,6.97804,0.777555,5e-05,"yes",0.000320686218678815,"Not_significant"
"DOK6","Mock","ZIKV",4.97669,8.53398,0.778031,5e-05,"yes",0.000320686218678815,"Not_significant"
"BRAF","Mock","ZIKV",7.52115,12.9067,0.779097,5e-05,"yes",0.000320686218678815,"Not_significant"
"SGIP1","Mock","ZIKV",4.33264,7.43632,0.779341,5e-05,"yes",0.000320686218678815,"Not_significant"
"SOCS5","Mock","ZIKV",5.64381,9.69657,0.780805,5e-05,"yes",0.000320686218678815,"Not_significant"
"ALAS1","Mock","ZIKV",16.7227,28.7639,0.78245,5e-05,"yes",0.000320686218678815,"Not_significant"
"C1orf114","Mock","ZIKV",8.60382,14.8011,0.782657,5e-05,"yes",0.000320686218678815,"Not_significant"
"SEPHS2","Mock","ZIKV",11.8684,20.4187,0.782767,5e-05,"yes",0.000320686218678815,"Not_significant"
"EMC7","Mock","ZIKV",29.2254,50.2888,0.783013,5e-05,"yes",0.000320686218678815,"Not_significant"
"PPIG","Mock","ZIKV",27.1852,46.8106,0.784014,5e-05,"yes",0.000320686218678815,"Not_significant"
"KCNJ2","Mock","ZIKV",1.08285,1.86542,0.784663,5e-05,"yes",0.000320686218678815,"Not_significant"
"LSM10","Mock","ZIKV",16.8869,29.1085,0.785535,5e-05,"yes",0.000320686218678815,"Not_significant"
"BLOC1S2","Mock","ZIKV",18.2202,31.4321,0.786701,5e-05,"yes",0.000320686218678815,"Not_significant"
"YY1","Mock","ZIKV",32.363,55.8307,0.786716,5e-05,"yes",0.000320686218678815,"Not_significant"
"ITCH","Mock","ZIKV",14.3816,24.8377,0.788308,5e-05,"yes",0.000320686218678815,"Not_significant"
"MLL3","Mock","ZIKV",13.0603,22.5566,0.788358,5e-05,"yes",0.000320686218678815,"Not_significant"
"ZNF490","Mock","ZIKV",1.5551,2.68716,0.789069,5e-05,"yes",0.000320686218678815,"Not_significant"
"CERS4","Mock","ZIKV",30.2644,52.3007,0.789208,5e-05,"yes",0.000320686218678815,"Not_significant"
"RICTOR","Mock","ZIKV",9.89059,17.1025,0.790078,5e-05,"yes",0.000320686218678815,"Not_significant"
"HABP4","Mock","ZIKV",17.3395,29.9937,0.790602,5e-05,"yes",0.000320686218678815,"Not_significant"
"ZNF550","Mock","ZIKV",6.10263,10.5586,0.790915,5e-05,"yes",0.000320686218678815,"Not_significant"
"SCN2A","Mock","ZIKV",2.49053,4.30917,0.790956,5e-05,"yes",0.000320686218678815,"Not_significant"
"KCNB1","Mock","ZIKV",6.26258,10.8361,0.791017,5e-05,"yes",0.000320686218678815,"Not_significant"
"ZBTB34","Mock","ZIKV",5.71982,9.89906,0.791321,5e-05,"yes",0.000320686218678815,"Not_significant"
"CPEB3","Mock","ZIKV",1.67952,2.90687,0.791419,5e-05,"yes",0.000320686218678815,"Not_significant"
"DNAJA3","Mock","ZIKV",12.2726,21.2463,0.791764,5e-05,"yes",0.000320686218678815,"Not_significant"
"AEBP2","Mock","ZIKV",8.02099,13.892,0.792406,5e-05,"yes",0.000320686218678815,"Not_significant"
"MLL4","Mock","ZIKV",12.1968,21.1291,0.792736,5e-05,"yes",0.000320686218678815,"Not_significant"
"PSMD12","Mock","ZIKV",18.1611,31.4741,0.79331,5e-05,"yes",0.000320686218678815,"Not_significant"
"AEN","Mock","ZIKV",22.5404,39.0727,0.793647,5e-05,"yes",0.000320686218678815,"Not_significant"
"HERC4","Mock","ZIKV",8.43901,14.6301,0.793792,5e-05,"yes",0.000320686218678815,"Not_significant"
"RRAS2","Mock","ZIKV",13.7538,23.8582,0.794656,5e-05,"yes",0.000320686218678815,"Not_significant"
"FST","Mock","ZIKV",8.74619,15.1735,0.794824,5e-05,"yes",0.000320686218678815,"Not_significant"
"ZNF467","Mock","ZIKV",6.74461,11.7077,0.795647,5e-05,"yes",0.000320686218678815,"Not_significant"
"FAM117A","Mock","ZIKV",5.41848,9.41258,0.796701,5e-05,"yes",0.000320686218678815,"Not_significant"
"SLC16A7","Mock","ZIKV",1.12628,1.95745,0.797406,5e-05,"yes",0.000320686218678815,"Not_significant"
"CRKL","Mock","ZIKV",30.0453,52.2201,0.797465,5e-05,"yes",0.000320686218678815,"Not_significant"
"SREBF1","Mock","ZIKV",31.0605,54.0138,0.798245,5e-05,"yes",0.000320686218678815,"Not_significant"
"SMAD9","Mock","ZIKV",4.86991,8.4754,0.799385,5e-05,"yes",0.000320686218678815,"Not_significant"
"GUCY1A2","Mock","ZIKV",1.48907,2.59223,0.799781,5e-05,"yes",0.000320686218678815,"Not_significant"
"HELZ","Mock","ZIKV",7.3746,12.8499,0.801125,5e-05,"yes",0.000320686218678815,"Not_significant"
"EIF1","Mock","ZIKV",373.892,651.535,0.801224,5e-05,"yes",0.000320686218678815,"Not_significant"
"PAPD5","Mock","ZIKV",3.85141,6.71165,0.801281,5e-05,"yes",0.000320686218678815,"Not_significant"
"DNAJB11","Mock","ZIKV",34.139,59.5107,0.801727,5e-05,"yes",0.000320686218678815,"Not_significant"
"SLC7A14","Mock","ZIKV",0.733325,1.27956,0.803124,5e-05,"yes",0.000320686218678815,"Not_significant"
"SBNO1","Mock","ZIKV",9.21017,16.0719,0.803237,5e-05,"yes",0.000320686218678815,"Not_significant"
"FBLL1","Mock","ZIKV",10.2751,17.9377,0.803842,5e-05,"yes",0.000320686218678815,"Not_significant"
"SYN1","Mock","ZIKV",8.79979,15.3629,0.803908,5e-05,"yes",0.000320686218678815,"Not_significant"
"SSR1","Mock","ZIKV",9.93997,17.3575,0.804249,5e-05,"yes",0.000320686218678815,"Not_significant"
"RBM5","Mock","ZIKV",88.2638,154.136,0.80431,5e-05,"yes",0.000320686218678815,"Not_significant"
"CCT6P1","Mock","ZIKV",9.62659,16.8135,0.80452,5e-05,"yes",0.000320686218678815,"Not_significant"
"SNX2","Mock","ZIKV",27.7612,48.4995,0.804903,5e-05,"yes",0.000320686218678815,"Not_significant"
"WARS","Mock","ZIKV",26.0531,45.5207,0.805066,5e-05,"yes",0.000320686218678815,"Not_significant"
"C19orf10","Mock","ZIKV",31.4392,54.9457,0.805443,5e-05,"yes",0.000320686218678815,"Not_significant"
"TCEB3","Mock","ZIKV",11.1887,19.5623,0.80603,5e-05,"yes",0.000320686218678815,"Not_significant"
"XKR4","Mock","ZIKV",2.60593,4.55755,0.806462,5e-05,"yes",0.000320686218678815,"Not_significant"
"ZNF136","Mock","ZIKV",5.01445,8.77041,0.806553,5e-05,"yes",0.000320686218678815,"Not_significant"
"ZCCHC7","Mock","ZIKV",6.18809,10.8349,0.808116,5e-05,"yes",0.000320686218678815,"Not_significant"
"ZFAND1","Mock","ZIKV",18.6105,32.5966,0.808605,5e-05,"yes",0.000320686218678815,"Not_significant"
"HCFC2","Mock","ZIKV",3.77663,6.61587,0.808832,5e-05,"yes",0.000320686218678815,"Not_significant"
"TNRC6B","Mock","ZIKV",7.39666,12.9583,0.808929,5e-05,"yes",0.000320686218678815,"Not_significant"
"PRPF38B","Mock","ZIKV",23.5552,41.2813,0.809444,5e-05,"yes",0.000320686218678815,"Not_significant"
"MOSPD2","Mock","ZIKV",6.33129,11.1132,0.811698,5e-05,"yes",0.000320686218678815,"Not_significant"
"HAX1","Mock","ZIKV",36.0766,63.3437,0.812138,5e-05,"yes",0.000320686218678815,"Not_significant"
"ZSWIM3","Mock","ZIKV",2.39959,4.21537,0.812871,5e-05,"yes",0.000320686218678815,"Not_significant"
"ZNF699","Mock","ZIKV",3.06768,5.39793,0.815257,5e-05,"yes",0.000320686218678815,"Not_significant"
"FBRS","Mock","ZIKV",28.369,49.9285,0.815546,5e-05,"yes",0.000320686218678815,"Not_significant"
"LCA5","Mock","ZIKV",4.85499,8.54662,0.815886,5e-05,"yes",0.000320686218678815,"Not_significant"
"PRDM16","Mock","ZIKV",2.8165,4.96493,0.817869,5e-05,"yes",0.000320686218678815,"Not_significant"
"ZNF324","Mock","ZIKV",5.47538,9.65864,0.818861,5e-05,"yes",0.000320686218678815,"Not_significant"
"S1PR1","Mock","ZIKV",10.1575,17.926,0.819508,5e-05,"yes",0.000320686218678815,"Not_significant"
"MAP3K1","Mock","ZIKV",3.67809,6.49745,0.820917,5e-05,"yes",0.000320686218678815,"Not_significant"
"RGS3","Mock","ZIKV",10.3949,18.3697,0.821451,5e-05,"yes",0.000320686218678815,"Not_significant"
"FAM214A","Mock","ZIKV",13.8458,24.4803,0.822172,5e-05,"yes",0.000320686218678815,"Not_significant"
"RNF150","Mock","ZIKV",8.61681,15.2489,0.823476,5e-05,"yes",0.000320686218678815,"Not_significant"
"STOX2","Mock","ZIKV",12.055,21.3405,0.823959,5e-05,"yes",0.000320686218678815,"Not_significant"
"STYX","Mock","ZIKV",4.21342,7.45969,0.824123,5e-05,"yes",0.000320686218678815,"Not_significant"
"KIAA1244","Mock","ZIKV",1.5712,2.78235,0.824435,5e-05,"yes",0.000320686218678815,"Not_significant"
"WDR74","Mock","ZIKV",11.7352,20.7843,0.824657,5e-05,"yes",0.000320686218678815,"Not_significant"
"RNF41","Mock","ZIKV",8.96374,15.8802,0.825057,5e-05,"yes",0.000320686218678815,"Not_significant"
"RMND5A","Mock","ZIKV",17.1678,30.4411,0.826317,5e-05,"yes",0.000320686218678815,"Not_significant"
"SELK","Mock","ZIKV",47.7098,84.6035,0.826433,5e-05,"yes",0.000320686218678815,"Not_significant"
"SPOPL","Mock","ZIKV",6.67178,11.8345,0.826858,5e-05,"yes",0.000320686218678815,"Not_significant"
"LIF","Mock","ZIKV",0.993702,1.76282,0.826998,5e-05,"yes",0.000320686218678815,"Not_significant"
"SCAI","Mock","ZIKV",4.2549,7.54836,0.827037,5e-05,"yes",0.000320686218678815,"Not_significant"
"ZNF799","Mock","ZIKV",1.93514,3.43386,0.82739,5e-05,"yes",0.000320686218678815,"Not_significant"
"PROSER2","Mock","ZIKV",1.2389,2.19883,0.827674,5e-05,"yes",0.000320686218678815,"Not_significant"
"ZCCHC8","Mock","ZIKV",10.6388,18.8918,0.828423,5e-05,"yes",0.000320686218678815,"Not_significant"
"PTPRN","Mock","ZIKV",1.9652,3.49105,0.828983,5e-05,"yes",0.000320686218678815,"Not_significant"
"AKIRIN1","Mock","ZIKV",59.2866,105.376,0.829769,5e-05,"yes",0.000320686218678815,"Not_significant"
"C19orf26","Mock","ZIKV",13.724,24.4185,0.831271,5e-05,"yes",0.000320686218678815,"Not_significant"
"COPG1","Mock","ZIKV",36.8436,65.5904,0.83207,5e-05,"yes",0.000320686218678815,"Not_significant"
"MAST4","Mock","ZIKV",1.57239,2.80304,0.834035,5e-05,"yes",0.000320686218678815,"Not_significant"
"ID2","Mock","ZIKV",44.0456,78.5259,0.834173,5e-05,"yes",0.000320686218678815,"Not_significant"
"TRIM11","Mock","ZIKV",8.89595,15.8638,0.834517,5e-05,"yes",0.000320686218678815,"Not_significant"
"FRY","Mock","ZIKV",3.83946,6.85955,0.837209,5e-05,"yes",0.000320686218678815,"Not_significant"
"SMNDC1","Mock","ZIKV",22.8098,40.7564,0.837369,5e-05,"yes",0.000320686218678815,"Not_significant"
"SERTAD2","Mock","ZIKV",12.3977,22.1562,0.837637,5e-05,"yes",0.000320686218678815,"Not_significant"
"RPF2","Mock","ZIKV",9.07638,16.2268,0.838186,5e-05,"yes",0.000320686218678815,"Not_significant"
"ZNF330","Mock","ZIKV",15.6503,27.9905,0.838745,5e-05,"yes",0.000320686218678815,"Not_significant"
"PPIB","Mock","ZIKV",172.334,308.319,0.839217,5e-05,"yes",0.000320686218678815,"Not_significant"
"ZBTB20","Mock","ZIKV",1.81788,3.25606,0.840874,5e-05,"yes",0.000320686218678815,"Not_significant"
"IRS1","Mock","ZIKV",13.2156,23.6711,0.840883,5e-05,"yes",0.000320686218678815,"Not_significant"
"TAF3","Mock","ZIKV",5.42667,9.7254,0.84169,5e-05,"yes",0.000320686218678815,"Not_significant"
"GRPEL2","Mock","ZIKV",6.13703,11.0027,0.842241,5e-05,"yes",0.000320686218678815,"Not_significant"
"FRMD6","Mock","ZIKV",1.90842,3.42156,0.842279,5e-05,"yes",0.000320686218678815,"Not_significant"
"TSHZ3","Mock","ZIKV",2.0017,3.58905,0.842376,5e-05,"yes",0.000320686218678815,"Not_significant"
"ZCCHC10","Mock","ZIKV",11.5155,20.6767,0.844424,5e-05,"yes",0.000320686218678815,"Not_significant"
"FOXB1","Mock","ZIKV",3.91967,7.03991,0.844824,5e-05,"yes",0.000320686218678815,"Not_significant"
"FAM220A","Mock","ZIKV",10.3367,18.5654,0.844838,5e-05,"yes",0.000320686218678815,"Not_significant"
"REST","Mock","ZIKV",7.06825,12.6953,0.844873,5e-05,"yes",0.000320686218678815,"Not_significant"
"CPT1A","Mock","ZIKV",4.42526,7.95204,0.845564,5e-05,"yes",0.000320686218678815,"Not_significant"
"RIOK2","Mock","ZIKV",6.20524,11.1526,0.845819,5e-05,"yes",0.000320686218678815,"Not_significant"
"CCDC71L","Mock","ZIKV",5.89039,10.5962,0.847117,5e-05,"yes",0.000320686218678815,"Not_significant"
"SDF2L1","Mock","ZIKV",11.358,20.4443,0.847995,5e-05,"yes",0.000320686218678815,"Not_significant"
"SYNJ1","Mock","ZIKV",8.65049,15.5803,0.848869,5e-05,"yes",0.000320686218678815,"Not_significant"
"ZBTB2","Mock","ZIKV",7.44112,13.4057,0.849255,5e-05,"yes",0.000320686218678815,"Not_significant"
"ALKBH1","Mock","ZIKV",4.25344,7.66582,0.84981,5e-05,"yes",0.000320686218678815,"Not_significant"
"HIVEP1","Mock","ZIKV",6.30159,11.3656,0.850886,5e-05,"yes",0.000320686218678815,"Not_significant"
"NUFIP2","Mock","ZIKV",16.5077,29.8005,0.852204,5e-05,"yes",0.000320686218678815,"Not_significant"
"TNS1","Mock","ZIKV",0.462398,0.834777,0.852257,5e-05,"yes",0.000320686218678815,"Not_significant"
"C10orf118","Mock","ZIKV",5.74574,10.3735,0.852337,5e-05,"yes",0.000320686218678815,"Not_significant"
"NGFR","Mock","ZIKV",2.24632,4.05593,0.852465,5e-05,"yes",0.000320686218678815,"Not_significant"
"PMS2CL","Mock","ZIKV",4.53707,8.19564,0.853097,5e-05,"yes",0.000320686218678815,"Not_significant"
"ACSL3","Mock","ZIKV",31.9012,57.6304,0.853219,5e-05,"yes",0.000320686218678815,"Not_significant"
"GMPPA","Mock","ZIKV",6.84467,12.3698,0.853771,5e-05,"yes",0.000320686218678815,"Not_significant"
"HMHA1","Mock","ZIKV",6.34152,11.4677,0.854672,5e-05,"yes",0.000320686218678815,"Not_significant"
"SGK2","Mock","ZIKV",1.66939,3.02023,0.85534,5e-05,"yes",0.000320686218678815,"Not_significant"
"AGAP5","Mock","ZIKV",3.38387,6.12392,0.855784,5e-05,"yes",0.000320686218678815,"Not_significant"
"ZBTB6","Mock","ZIKV",6.00635,10.8801,0.857126,5e-05,"yes",0.000320686218678815,"Not_significant"
"PPM1D","Mock","ZIKV",11.1208,20.1502,0.857532,5e-05,"yes",0.000320686218678815,"Not_significant"
"C12orf45","Mock","ZIKV",12.4756,22.6315,0.859227,5e-05,"yes",0.000320686218678815,"Not_significant"
"TMEM130","Mock","ZIKV",3.20236,5.80999,0.859401,5e-05,"yes",0.000320686218678815,"Not_significant"
"MAP4K2","Mock","ZIKV",4.24908,7.7152,0.860553,5e-05,"yes",0.000320686218678815,"Not_significant"
"ISCU","Mock","ZIKV",36.3338,65.9773,0.86066,5e-05,"yes",0.000320686218678815,"Not_significant"
"MSL2","Mock","ZIKV",12.7468,23.1524,0.86103,5e-05,"yes",0.000320686218678815,"Not_significant"
"FBXO28","Mock","ZIKV",6.45585,11.7289,0.861394,5e-05,"yes",0.000320686218678815,"Not_significant"
"CITED2","Mock","ZIKV",41.0086,74.5507,0.862297,5e-05,"yes",0.000320686218678815,"Not_significant"
"DR1","Mock","ZIKV",23.7931,43.263,0.86259,5e-05,"yes",0.000320686218678815,"Not_significant"
"SETD7","Mock","ZIKV",6.96206,12.6615,0.862858,5e-05,"yes",0.000320686218678815,"Not_significant"
"SLC35B1","Mock","ZIKV",37.3358,67.9132,0.863134,5e-05,"yes",0.000320686218678815,"Not_significant"
"FBXL17","Mock","ZIKV",6.70472,12.2016,0.863823,5e-05,"yes",0.000320686218678815,"Not_significant"
"ATXN2","Mock","ZIKV",12.8643,23.4144,0.864024,5e-05,"yes",0.000320686218678815,"Not_significant"
"ARID4A","Mock","ZIKV",12.7189,23.1511,0.864106,5e-05,"yes",0.000320686218678815,"Not_significant"
"FZD5","Mock","ZIKV",1.29287,2.3544,0.864782,5e-05,"yes",0.000320686218678815,"Not_significant"
"RNF169","Mock","ZIKV",6.31436,11.5211,0.867575,5e-05,"yes",0.000320686218678815,"Not_significant"
"TADA2B","Mock","ZIKV",7.8763,14.4015,0.870626,5e-05,"yes",0.000320686218678815,"Not_significant"
"PPARGC1B","Mock","ZIKV",0.772955,1.41537,0.872725,5e-05,"yes",0.000320686218678815,"Not_significant"
"KCTD16","Mock","ZIKV",0.96333,1.76631,0.874636,5e-05,"yes",0.000320686218678815,"Not_significant"
"KCND1","Mock","ZIKV",1.15366,2.11679,0.875658,5e-05,"yes",0.000320686218678815,"Not_significant"
"SCFD1","Mock","ZIKV",22.5169,41.3469,0.876767,5e-05,"yes",0.000320686218678815,"Not_significant"
"CSRNP3","Mock","ZIKV",12.3367,22.7011,0.879812,5e-05,"yes",0.000320686218678815,"Not_significant"
"SMOX","Mock","ZIKV",6.48688,11.9454,0.880863,5e-05,"yes",0.000320686218678815,"Not_significant"
"PDZD8","Mock","ZIKV",10.8005,19.8895,0.880913,5e-05,"yes",0.000320686218678815,"Not_significant"
"STX5","Mock","ZIKV",21.1954,39.1004,0.883433,5e-05,"yes",0.000320686218678815,"Not_significant"
"FIGN","Mock","ZIKV",11.3711,20.9815,0.883745,5e-05,"yes",0.000320686218678815,"Not_significant"
"TAF1A","Mock","ZIKV",6.00882,11.0885,0.883909,5e-05,"yes",0.000320686218678815,"Not_significant"
"RARA","Mock","ZIKV",5.27754,9.75286,0.885961,5e-05,"yes",0.000320686218678815,"Not_significant"
"RABGEF1","Mock","ZIKV",5.94387,10.9844,0.885978,5e-05,"yes",0.000320686218678815,"Not_significant"
"UBTD1","Mock","ZIKV",3.09782,5.72554,0.886158,5e-05,"yes",0.000320686218678815,"Not_significant"
"PHLDA1","Mock","ZIKV",10.1968,18.8486,0.886344,5e-05,"yes",0.000320686218678815,"Not_significant"
"HUS1","Mock","ZIKV",4.28406,7.91938,0.886409,5e-05,"yes",0.000320686218678815,"Not_significant"
"HSPA5","Mock","ZIKV",128.734,238.127,0.887338,5e-05,"yes",0.000320686218678815,"Not_significant"
"MED8","Mock","ZIKV",12.1638,22.5024,0.887484,5e-05,"yes",0.000320686218678815,"Not_significant"
"PPP4R1L","Mock","ZIKV",3.30029,6.10856,0.888241,5e-05,"yes",0.000320686218678815,"Not_significant"
"ZNF804A","Mock","ZIKV",2.90364,5.37565,0.888578,5e-05,"yes",0.000320686218678815,"Not_significant"
"ARL5B","Mock","ZIKV",20.6926,38.3253,0.889183,5e-05,"yes",0.000320686218678815,"Not_significant"
"EDEM1","Mock","ZIKV",9.74407,18.0783,0.891664,5e-05,"yes",0.000320686218678815,"Not_significant"
"RBM24","Mock","ZIKV",3.03991,5.64359,0.892585,5e-05,"yes",0.000320686218678815,"Not_significant"
"FLRT3","Mock","ZIKV",7.91184,14.6986,0.893592,5e-05,"yes",0.000320686218678815,"Not_significant"
"CANX","Mock","ZIKV",168.684,313.788,0.895464,5e-05,"yes",0.000320686218678815,"Not_significant"
"C1orf51","Mock","ZIKV",2.16485,4.02811,0.895833,5e-05,"yes",0.000320686218678815,"Not_significant"
"GALK2","Mock","ZIKV",3.61895,6.74103,0.897396,5e-05,"yes",0.000320686218678815,"Not_significant"
"DNAJC1","Mock","ZIKV",11.697,21.7898,0.897519,5e-05,"yes",0.000320686218678815,"Not_significant"
"ZNF703","Mock","ZIKV",5.41375,10.0851,0.897529,5e-05,"yes",0.000320686218678815,"Not_significant"
"ARID5B","Mock","ZIKV",6.83488,12.7427,0.898684,5e-05,"yes",0.000320686218678815,"Not_significant"
"CLCN2","Mock","ZIKV",5.00018,9.32696,0.899427,5e-05,"yes",0.000320686218678815,"Not_significant"
"STT3A","Mock","ZIKV",38.7887,72.3572,0.8995,5e-05,"yes",0.000320686218678815,"Not_significant"
"MDM2","Mock","ZIKV",21.6675,40.4511,0.900648,5e-05,"yes",0.000320686218678815,"Not_significant"
"FAM169A","Mock","ZIKV",6.74363,12.5907,0.900758,5e-05,"yes",0.000320686218678815,"Not_significant"
"PRLR","Mock","ZIKV",0.674617,1.26,0.901288,5e-05,"yes",0.000320686218678815,"Not_significant"
"CA5B","Mock","ZIKV",1.2729,2.37962,0.902607,5e-05,"yes",0.000320686218678815,"Not_significant"
"HSPA14","Mock","ZIKV",12.237,22.9139,0.904974,5e-05,"yes",0.000320686218678815,"Not_significant"
"CCDC125","Mock","ZIKV",1.21475,2.27596,0.905817,5e-05,"yes",0.000320686218678815,"Not_significant"
"TOB1","Mock","ZIKV",16.5088,30.9315,0.905846,5e-05,"yes",0.000320686218678815,"Not_significant"
"NCOA7","Mock","ZIKV",2.19183,4.11012,0.907044,5e-05,"yes",0.000320686218678815,"Not_significant"
"NXF1","Mock","ZIKV",35.4066,66.407,0.907314,5e-05,"yes",0.000320686218678815,"Not_significant"
"CRY1","Mock","ZIKV",10.3201,19.3602,0.907639,5e-05,"yes",0.000320686218678815,"Not_significant"
"SLC39A14","Mock","ZIKV",7.7585,14.5809,0.91023,5e-05,"yes",0.000320686218678815,"Not_significant"
"SLC25A25","Mock","ZIKV",17.6156,33.2023,0.914429,5e-05,"yes",0.000320686218678815,"Not_significant"
"PDP2","Mock","ZIKV",2.60981,4.92671,0.916683,5e-05,"yes",0.000320686218678815,"Not_significant"
"ZXDA","Mock","ZIKV",1.29838,2.45164,0.917037,5e-05,"yes",0.000320686218678815,"Not_significant"
"REL","Mock","ZIKV",2.03394,3.84154,0.917405,5e-05,"yes",0.000320686218678815,"Not_significant"
"CAMK2D","Mock","ZIKV",14.9287,28.2216,0.918712,5e-05,"yes",0.000320686218678815,"Not_significant"
"RAB39B","Mock","ZIKV",6.96055,13.1783,0.920893,5e-05,"yes",0.000320686218678815,"Not_significant"
"PDE4A","Mock","ZIKV",0.827201,1.56755,0.922205,5e-05,"yes",0.000320686218678815,"Not_significant"
"FNDC3B","Mock","ZIKV",5.77885,10.962,0.923652,5e-05,"yes",0.000320686218678815,"Not_significant"
"SGTB","Mock","ZIKV",6.14004,11.6512,0.924165,5e-05,"yes",0.000320686218678815,"Not_significant"
"ZNF639","Mock","ZIKV",8.87548,16.8653,0.926159,5e-05,"yes",0.000320686218678815,"Not_significant"
"TRAM1","Mock","ZIKV",34.4958,65.6418,0.928193,5e-05,"yes",0.000320686218678815,"Not_significant"
"TSHZ2","Mock","ZIKV",1.11672,2.12554,0.928566,5e-05,"yes",0.000320686218678815,"Not_significant"
"HIVEP2","Mock","ZIKV",2.90537,5.53441,0.929709,5e-05,"yes",0.000320686218678815,"Not_significant"
"PDHX","Mock","ZIKV",10.475,19.9651,0.93053,5e-05,"yes",0.000320686218678815,"Not_significant"
"KCNA3","Mock","ZIKV",1.16388,2.21895,0.930932,5e-05,"yes",0.000320686218678815,"Not_significant"
"VPS37A","Mock","ZIKV",5.807,11.0794,0.932009,5e-05,"yes",0.000320686218678815,"Not_significant"
"TIGD2","Mock","ZIKV",2.99656,5.72116,0.932999,5e-05,"yes",0.000320686218678815,"Not_significant"
"FAM184A","Mock","ZIKV",7.17961,13.7167,0.93396,5e-05,"yes",0.000320686218678815,"Not_significant"
"HMBOX1","Mock","ZIKV",5.31696,10.1597,0.934181,5e-05,"yes",0.000320686218678815,"Not_significant"
"C16orf87","Mock","ZIKV",15.6411,29.8997,0.934791,5e-05,"yes",0.000320686218678815,"Not_significant"
"TMF1","Mock","ZIKV",9.516,18.2064,0.936018,5e-05,"yes",0.000320686218678815,"Not_significant"
"LMO4","Mock","ZIKV",16.212,31.0181,0.936048,5e-05,"yes",0.000320686218678815,"Not_significant"
"RORA","Mock","ZIKV",2.37778,4.5497,0.936155,5e-05,"yes",0.000320686218678815,"Not_significant"
"GOLGA2","Mock","ZIKV",16.7285,32.0352,0.937345,5e-05,"yes",0.000320686218678815,"Not_significant"
"SOX9","Mock","ZIKV",4.28862,8.21281,0.937364,5e-05,"yes",0.000320686218678815,"Not_significant"
"NMD3","Mock","ZIKV",14.0638,26.9982,0.940872,5e-05,"yes",0.000320686218678815,"Not_significant"
"EIF2S2","Mock","ZIKV",33.4189,64.1575,0.940951,5e-05,"yes",0.000320686218678815,"Not_significant"
"RAB11FIP5","Mock","ZIKV",2.1773,4.18495,0.942671,5e-05,"yes",0.000320686218678815,"Not_significant"
"RLIM","Mock","ZIKV",11.7777,22.6532,0.94366,5e-05,"yes",0.000320686218678815,"Not_significant"
"GRIN2B","Mock","ZIKV",0.820384,1.58088,0.94636,5e-05,"yes",0.000320686218678815,"Not_significant"
"EEA1","Mock","ZIKV",6.32894,12.1997,0.946814,5e-05,"yes",0.000320686218678815,"Not_significant"
"C18orf25","Mock","ZIKV",6.02268,11.6214,0.9483,5e-05,"yes",0.000320686218678815,"Not_significant"
"BCL6","Mock","ZIKV",5.1849,10.0065,0.948552,5e-05,"yes",0.000320686218678815,"Not_significant"
"CDR2","Mock","ZIKV",5.84395,11.2803,0.948793,5e-05,"yes",0.000320686218678815,"Not_significant"
"MTHFD1L","Mock","ZIKV",16.2774,31.4207,0.948844,5e-05,"yes",0.000320686218678815,"Not_significant"
"GFPT1","Mock","ZIKV",13.334,25.7803,0.95116,5e-05,"yes",0.000320686218678815,"Not_significant"
"JMY","Mock","ZIKV",5.60868,10.8483,0.951733,5e-05,"yes",0.000320686218678815,"Not_significant"
"SAR1B","Mock","ZIKV",5.87545,11.3663,0.951996,5e-05,"yes",0.000320686218678815,"Not_significant"
"WNK3","Mock","ZIKV",3.71694,7.20151,0.954184,5e-05,"yes",0.000320686218678815,"Not_significant"
"RNF152","Mock","ZIKV",4.51123,8.75991,0.957397,5e-05,"yes",0.000320686218678815,"Not_significant"
"ESCO1","Mock","ZIKV",5.56438,10.8071,0.957693,5e-05,"yes",0.000320686218678815,"Not_significant"
"C2CD2L","Mock","ZIKV",7.03809,13.6782,0.958619,5e-05,"yes",0.000320686218678815,"Not_significant"
"NFIL3","Mock","ZIKV",9.0129,17.5232,0.959202,5e-05,"yes",0.000320686218678815,"Not_significant"
"ELL","Mock","ZIKV",3.02689,5.88504,0.959215,5e-05,"yes",0.000320686218678815,"Not_significant"
"PURA","Mock","ZIKV",2.83706,5.51756,0.959633,5e-05,"yes",0.000320686218678815,"Not_significant"
"NADKD1","Mock","ZIKV",12.5771,24.5157,0.96291,5e-05,"yes",0.000320686218678815,"Not_significant"
"PDZRN3","Mock","ZIKV",2.87101,5.60209,0.964407,5e-05,"yes",0.000320686218678815,"Not_significant"
"SLC35F3","Mock","ZIKV",2.7014,5.2759,0.965712,5e-05,"yes",0.000320686218678815,"Not_significant"
"NR1D2","Mock","ZIKV",10.7645,21.0349,0.966505,5e-05,"yes",0.000320686218678815,"Not_significant"
"ARFGAP3","Mock","ZIKV",22.7824,44.5934,0.968912,5e-05,"yes",0.000320686218678815,"Not_significant"
"TSC22D2","Mock","ZIKV",10.9777,21.4977,0.969603,5e-05,"yes",0.000320686218678815,"Not_significant"
"PVT1","Mock","ZIKV",3.27151,6.41338,0.971129,5e-05,"yes",0.000320686218678815,"Not_significant"
"SDE2","Mock","ZIKV",7.04955,13.8218,0.97134,5e-05,"yes",0.000320686218678815,"Not_significant"
"MIA3","Mock","ZIKV",14.6884,28.8019,0.971492,5e-05,"yes",0.000320686218678815,"Not_significant"
"ZBTB49","Mock","ZIKV",2.76936,5.43465,0.972638,5e-05,"yes",0.000320686218678815,"Not_significant"
"AKAP8L","Mock","ZIKV",64.7193,127.068,0.973335,5e-05,"yes",0.000320686218678815,"Not_significant"
"PLK2","Mock","ZIKV",29.4299,57.8425,0.974845,5e-05,"yes",0.000320686218678815,"Not_significant"
"ERN1","Mock","ZIKV",1.29069,2.53808,0.975591,5e-05,"yes",0.000320686218678815,"Not_significant"
"ABCF3","Mock","ZIKV",11.7994,23.2315,0.977362,5e-05,"yes",0.000320686218678815,"Not_significant"
"NEU1","Mock","ZIKV",16.8076,33.107,0.978019,5e-05,"yes",0.000320686218678815,"Not_significant"
"TBX19","Mock","ZIKV",1.09699,2.16181,0.97868,5e-05,"yes",0.000320686218678815,"Not_significant"
"JMJD1C","Mock","ZIKV",17.3634,34.2352,0.979432,5e-05,"yes",0.000320686218678815,"Not_significant"
"RAB21","Mock","ZIKV",14.3239,28.2813,0.981421,5e-05,"yes",0.000320686218678815,"Not_significant"
"ZRSR2","Mock","ZIKV",7.38699,14.6356,0.986424,5e-05,"yes",0.000320686218678815,"Not_significant"
"PIM3","Mock","ZIKV",11.3874,22.592,0.988374,5e-05,"yes",0.000320686218678815,"Not_significant"
"LOC595101","Mock","ZIKV",1.23868,2.45865,0.989065,5e-05,"yes",0.000320686218678815,"Not_significant"
"EEF2K","Mock","ZIKV",1.92773,3.83113,0.990865,5e-05,"yes",0.000320686218678815,"Not_significant"
"SH2B3","Mock","ZIKV",2.88387,5.73172,0.990962,5e-05,"yes",0.000320686218678815,"Not_significant"
"PRKAA2","Mock","ZIKV",5.13916,10.2328,0.9936,5e-05,"yes",0.000320686218678815,"Not_significant"
"LIN7B","Mock","ZIKV",5.88924,11.731,0.994175,5e-05,"yes",0.000320686218678815,"Not_significant"
"CCDC30","Mock","ZIKV",2.70183,5.3837,0.994659,5e-05,"yes",0.000320686218678815,"Not_significant"
"PSPH","Mock","ZIKV",9.22707,18.387,0.994744,5e-05,"yes",0.000320686218678815,"Not_significant"
"TINCR","Mock","ZIKV",1.09056,2.17411,0.995355,5e-05,"yes",0.000320686218678815,"Not_significant"
"MTO1","Mock","ZIKV",4.36427,8.70087,0.995417,5e-05,"yes",0.000320686218678815,"Not_significant"
"ATG2B","Mock","ZIKV",8.68579,17.3206,0.995763,5e-05,"yes",0.000320686218678815,"Not_significant"
"INSIG1","Mock","ZIKV",46.7882,93.4043,0.997345,5e-05,"yes",0.000320686218678815,"Not_significant"
"ZDBF2","Mock","ZIKV",6.68989,13.3685,0.998784,5e-05,"yes",0.000320686218678815,"Not_significant"
"LARP6","Mock","ZIKV",5.91796,11.8303,0.999309,5e-05,"yes",0.000320686218678815,"Not_significant"
"HSPA9","Mock","ZIKV",53.0341,106.077,1.00012,5e-05,"yes",0.000320686218678815,"Up_in_ZIKV"
"TRPS1","Mock","ZIKV",5.51623,11.0367,1.00055,5e-05,"yes",0.000320686218678815,"Up_in_ZIKV"
"PTP4A1","Mock","ZIKV",59.2282,118.744,1.00349,5e-05,"yes",0.000320686218678815,"Up_in_ZIKV"
"MGAT2","Mock","ZIKV",12.6351,25.3354,1.00371,5e-05,"yes",0.000320686218678815,"Up_in_ZIKV"
"ALPK3","Mock","ZIKV",0.434369,0.871744,1.00498,5e-05,"yes",0.000320686218678815,"Up_in_ZIKV"
"DERL2","Mock","ZIKV",18.8324,37.8039,1.00532,5e-05,"yes",0.000320686218678815,"Up_in_ZIKV"
"SPATA17","Mock","ZIKV",3.21298,6.45572,1.00667,5e-05,"yes",0.000320686218678815,"Up_in_ZIKV"
"SLC41A2","Mock","ZIKV",1.9781,3.97586,1.00715,5e-05,"yes",0.000320686218678815,"Up_in_ZIKV"
"NFKB2","Mock","ZIKV",3.72372,7.50651,1.0114,5e-05,"yes",0.000320686218678815,"Up_in_ZIKV"
"ERO1LB","Mock","ZIKV",3.71399,7.48697,1.01141,5e-05,"yes",0.000320686218678815,"Up_in_ZIKV"
"GOLGA4","Mock","ZIKV",14.9164,30.1178,1.01371,5e-05,"yes",0.000320686218678815,"Up_in_ZIKV"
"NFAT5","Mock","ZIKV",9.25838,18.7014,1.01431,5e-05,"yes",0.000320686218678815,"Up_in_ZIKV"
"PARD6B","Mock","ZIKV",2.29327,4.63296,1.01453,5e-05,"yes",0.000320686218678815,"Up_in_ZIKV"
"DDX58","Mock","ZIKV",1.22326,2.47192,1.0149,5e-05,"yes",0.000320686218678815,"Up_in_ZIKV"
"SKIL","Mock","ZIKV",15.3213,30.9824,1.01591,5e-05,"yes",0.000320686218678815,"Up_in_ZIKV"
"ATF3","Mock","ZIKV",26.2022,53.0097,1.01657,5e-05,"yes",0.000320686218678815,"Up_in_ZIKV"
"TVP23B","Mock","ZIKV",9.33444,18.9006,1.0178,5e-05,"yes",0.000320686218678815,"Up_in_ZIKV"
"CHORDC1","Mock","ZIKV",12.3123,24.9446,1.01863,5e-05,"yes",0.000320686218678815,"Up_in_ZIKV"
"PHLDB3","Mock","ZIKV",1.52295,3.08675,1.01922,5e-05,"yes",0.000320686218678815,"Up_in_ZIKV"
"CCRN4L","Mock","ZIKV",2.7629,5.60146,1.01962,5e-05,"yes",0.000320686218678815,"Up_in_ZIKV"
"CCDC174","Mock","ZIKV",8.53858,17.3126,1.01975,5e-05,"yes",0.000320686218678815,"Up_in_ZIKV"
"PLEKHF2","Mock","ZIKV",4.76099,9.65568,1.02012,5e-05,"yes",0.000320686218678815,"Up_in_ZIKV"
"TIPARP","Mock","ZIKV",5.77319,11.7174,1.02121,5e-05,"yes",0.000320686218678815,"Up_in_ZIKV"
"SLC1A5","Mock","ZIKV",26.4427,53.6869,1.0217,5e-05,"yes",0.000320686218678815,"Up_in_ZIKV"
"APLF","Mock","ZIKV",0.766657,1.55952,1.02445,5e-05,"yes",0.000320686218678815,"Up_in_ZIKV"
"ZNF555","Mock","ZIKV",2.60665,5.31035,1.02661,5e-05,"yes",0.000320686218678815,"Up_in_ZIKV"
"ZNF709","Mock","ZIKV",4.04732,8.24854,1.02717,5e-05,"yes",0.000320686218678815,"Up_in_ZIKV"
"CDC37L1","Mock","ZIKV",7.30725,14.8962,1.02754,5e-05,"yes",0.000320686218678815,"Up_in_ZIKV"
"PPFIBP1","Mock","ZIKV",6.41622,13.0887,1.02853,5e-05,"yes",0.000320686218678815,"Up_in_ZIKV"
"NR4A1","Mock","ZIKV",10.4525,21.3672,1.03156,5e-05,"yes",0.000320686218678815,"Up_in_ZIKV"
"MAP3K8","Mock","ZIKV",1.10862,2.26775,1.03249,5e-05,"yes",0.000320686218678815,"Up_in_ZIKV"
"PPP2R2B","Mock","ZIKV",11.7367,24.0174,1.03305,5e-05,"yes",0.000320686218678815,"Up_in_ZIKV"
"OVGP1","Mock","ZIKV",2.16442,4.43608,1.0353,5e-05,"yes",0.000320686218678815,"Up_in_ZIKV"
"LIN37","Mock","ZIKV",8.57721,17.5885,1.03605,5e-05,"yes",0.000320686218678815,"Up_in_ZIKV"
"UHMK1","Mock","ZIKV",9.88459,20.2822,1.03696,5e-05,"yes",0.000320686218678815,"Up_in_ZIKV"
"OSBP","Mock","ZIKV",12.2329,25.1057,1.03725,5e-05,"yes",0.000320686218678815,"Up_in_ZIKV"
"SLC25A33","Mock","ZIKV",12.9284,26.5363,1.03742,5e-05,"yes",0.000320686218678815,"Up_in_ZIKV"
"RBMS1","Mock","ZIKV",4.01815,8.25272,1.03834,5e-05,"yes",0.000320686218678815,"Up_in_ZIKV"
"DUSP14","Mock","ZIKV",11.0304,22.6657,1.03903,5e-05,"yes",0.000320686218678815,"Up_in_ZIKV"
"RNF19B","Mock","ZIKV",9.34543,19.2329,1.04125,5e-05,"yes",0.000320686218678815,"Up_in_ZIKV"
"UBR3","Mock","ZIKV",11.8815,24.5046,1.04433,5e-05,"yes",0.000320686218678815,"Up_in_ZIKV"
"FAM43A","Mock","ZIKV",1.61284,3.32677,1.04452,5e-05,"yes",0.000320686218678815,"Up_in_ZIKV"
"ZMAT4","Mock","ZIKV",4.85266,10.0148,1.04528,5e-05,"yes",0.000320686218678815,"Up_in_ZIKV"
"AHCYL2","Mock","ZIKV",9.90446,20.445,1.0456,5e-05,"yes",0.000320686218678815,"Up_in_ZIKV"
"GOLGB1","Mock","ZIKV",24.4305,50.4353,1.04575,5e-05,"yes",0.000320686218678815,"Up_in_ZIKV"
"UBE2E2","Mock","ZIKV",9.4045,19.4195,1.04609,5e-05,"yes",0.000320686218678815,"Up_in_ZIKV"
"PPM1H","Mock","ZIKV",0.923705,1.90778,1.04639,5e-05,"yes",0.000320686218678815,"Up_in_ZIKV"
"GPT2","Mock","ZIKV",18.1502,37.4937,1.04667,5e-05,"yes",0.000320686218678815,"Up_in_ZIKV"
"DUSP15","Mock","ZIKV",3.44793,7.13587,1.04936,5e-05,"yes",0.000320686218678815,"Up_in_ZIKV"
"SLC35G2","Mock","ZIKV",3.17844,6.58109,1.05001,5e-05,"yes",0.000320686218678815,"Up_in_ZIKV"
"NFKBIE","Mock","ZIKV",3.62731,7.51749,1.05135,5e-05,"yes",0.000320686218678815,"Up_in_ZIKV"
"SOCS1","Mock","ZIKV",2.20154,4.56366,1.05168,5e-05,"yes",0.000320686218678815,"Up_in_ZIKV"
"CCDC64","Mock","ZIKV",5.88834,12.2216,1.0535,5e-05,"yes",0.000320686218678815,"Up_in_ZIKV"
"GOLGA3","Mock","ZIKV",9.92542,20.6233,1.05508,5e-05,"yes",0.000320686218678815,"Up_in_ZIKV"
"SLC4A10","Mock","ZIKV",2.47331,5.14347,1.0563,5e-05,"yes",0.000320686218678815,"Up_in_ZIKV"
"RNF113A","Mock","ZIKV",7.11744,14.8298,1.05907,5e-05,"yes",0.000320686218678815,"Up_in_ZIKV"
"INO80D","Mock","ZIKV",4.02162,8.39115,1.06109,5e-05,"yes",0.000320686218678815,"Up_in_ZIKV"
"C12orf23","Mock","ZIKV",9.76273,20.3756,1.06149,5e-05,"yes",0.000320686218678815,"Up_in_ZIKV"
"YOD1","Mock","ZIKV",8.60214,17.9558,1.06169,5e-05,"yes",0.000320686218678815,"Up_in_ZIKV"
"ABCA1","Mock","ZIKV",9.71186,20.2818,1.06237,5e-05,"yes",0.000320686218678815,"Up_in_ZIKV"
"SMAD7","Mock","ZIKV",3.58815,7.50161,1.06396,5e-05,"yes",0.000320686218678815,"Up_in_ZIKV"
"ZXDB","Mock","ZIKV",3.80391,7.95368,1.06414,5e-05,"yes",0.000320686218678815,"Up_in_ZIKV"
"ACVR1","Mock","ZIKV",6.5989,13.8147,1.06591,5e-05,"yes",0.000320686218678815,"Up_in_ZIKV"
"FGFR1OP2","Mock","ZIKV",17.4383,36.5445,1.0674,5e-05,"yes",0.000320686218678815,"Up_in_ZIKV"
"NUCB2","Mock","ZIKV",21.1223,44.4473,1.07333,5e-05,"yes",0.000320686218678815,"Up_in_ZIKV"
"SPTY2D1","Mock","ZIKV",5.04335,10.6203,1.07437,5e-05,"yes",0.000320686218678815,"Up_in_ZIKV"
"CLK1","Mock","ZIKV",42.4612,89.4279,1.07458,5e-05,"yes",0.000320686218678815,"Up_in_ZIKV"
"ABCG1","Mock","ZIKV",5.92011,12.4776,1.07564,5e-05,"yes",0.000320686218678815,"Up_in_ZIKV"
"CDKN2AIP","Mock","ZIKV",21.2133,44.8701,1.08079,5e-05,"yes",0.000320686218678815,"Up_in_ZIKV"
"RBM15","Mock","ZIKV",6.81615,14.469,1.08594,5e-05,"yes",0.000320686218678815,"Up_in_ZIKV"
"NEK7","Mock","ZIKV",14.7523,31.3336,1.08677,5e-05,"yes",0.000320686218678815,"Up_in_ZIKV"
"RC3H1","Mock","ZIKV",6.76597,14.3811,1.08781,5e-05,"yes",0.000320686218678815,"Up_in_ZIKV"
"UTY","Mock","ZIKV",6.25818,13.3165,1.0894,5e-05,"yes",0.000320686218678815,"Up_in_ZIKV"
"HSD17B14","Mock","ZIKV",2.96921,6.32698,1.09144,5e-05,"yes",0.000320686218678815,"Up_in_ZIKV"
"AMMECR1","Mock","ZIKV",2.49397,5.31562,1.09179,5e-05,"yes",0.000320686218678815,"Up_in_ZIKV"
"LPPR4","Mock","ZIKV",0.824723,1.75934,1.09305,5e-05,"yes",0.000320686218678815,"Up_in_ZIKV"
"KLHL28","Mock","ZIKV",7.04063,15.0282,1.09389,5e-05,"yes",0.000320686218678815,"Up_in_ZIKV"
"NAMPT","Mock","ZIKV",8.23045,17.5692,1.09401,5e-05,"yes",0.000320686218678815,"Up_in_ZIKV"
"ZNF79","Mock","ZIKV",3.56041,7.6081,1.09549,5e-05,"yes",0.000320686218678815,"Up_in_ZIKV"
"ITPKC","Mock","ZIKV",5.80281,12.4023,1.09578,5e-05,"yes",0.000320686218678815,"Up_in_ZIKV"
"PER1","Mock","ZIKV",7.76766,16.6034,1.09593,5e-05,"yes",0.000320686218678815,"Up_in_ZIKV"
"TBL2","Mock","ZIKV",12.1384,26.0196,1.10002,5e-05,"yes",0.000320686218678815,"Up_in_ZIKV"
"SBDSP1","Mock","ZIKV",11.4473,24.5388,1.10006,5e-05,"yes",0.000320686218678815,"Up_in_ZIKV"
"NFXL1","Mock","ZIKV",5.9496,12.7599,1.10075,5e-05,"yes",0.000320686218678815,"Up_in_ZIKV"
"CHIC2","Mock","ZIKV",12.9654,27.8313,1.10205,5e-05,"yes",0.000320686218678815,"Up_in_ZIKV"
"RBM39","Mock","ZIKV",131.914,283.206,1.10225,5e-05,"yes",0.000320686218678815,"Up_in_ZIKV"
"MED26","Mock","ZIKV",2.96886,6.38033,1.10372,5e-05,"yes",0.000320686218678815,"Up_in_ZIKV"
"ZNF433","Mock","ZIKV",4.50103,9.67355,1.10379,5e-05,"yes",0.000320686218678815,"Up_in_ZIKV"
"SRPRB","Mock","ZIKV",9.41092,20.2386,1.1047,5e-05,"yes",0.000320686218678815,"Up_in_ZIKV"
"PELO","Mock","ZIKV",2.95623,6.39456,1.11309,5e-05,"yes",0.000320686218678815,"Up_in_ZIKV"
"HIST1H2BD","Mock","ZIKV",13.3347,28.8528,1.11352,5e-05,"yes",0.000320686218678815,"Up_in_ZIKV"
"PGPEP1","Mock","ZIKV",2.9184,6.33052,1.11715,5e-05,"yes",0.000320686218678815,"Up_in_ZIKV"
"ZNF264","Mock","ZIKV",4.31196,9.35562,1.11749,5e-05,"yes",0.000320686218678815,"Up_in_ZIKV"
"FNIP1","Mock","ZIKV",5.74417,12.4845,1.11997,5e-05,"yes",0.000320686218678815,"Up_in_ZIKV"
"AGO3","Mock","ZIKV",4.11738,8.95219,1.12051,5e-05,"yes",0.000320686218678815,"Up_in_ZIKV"
"GEM","Mock","ZIKV",2.3506,5.11113,1.12061,5e-05,"yes",0.000320686218678815,"Up_in_ZIKV"
"SIX4","Mock","ZIKV",1.21982,2.65874,1.12407,5e-05,"yes",0.000320686218678815,"Up_in_ZIKV"
"SYDE2","Mock","ZIKV",2.0981,4.57552,1.12485,5e-05,"yes",0.000320686218678815,"Up_in_ZIKV"
"ATF5","Mock","ZIKV",7.73419,16.8758,1.12564,5e-05,"yes",0.000320686218678815,"Up_in_ZIKV"
"SAMD4A","Mock","ZIKV",1.75904,3.83875,1.12585,5e-05,"yes",0.000320686218678815,"Up_in_ZIKV"
"RAB5A","Mock","ZIKV",24.2898,53.0654,1.12742,5e-05,"yes",0.000320686218678815,"Up_in_ZIKV"
"KLHL15","Mock","ZIKV",6.1189,13.3689,1.12754,5e-05,"yes",0.000320686218678815,"Up_in_ZIKV"
"PLEKHH3","Mock","ZIKV",8.98074,19.6262,1.12787,5e-05,"yes",0.000320686218678815,"Up_in_ZIKV"
"UGDH","Mock","ZIKV",15.7235,34.3712,1.12828,5e-05,"yes",0.000320686218678815,"Up_in_ZIKV"
"ZBTB43","Mock","ZIKV",5.2305,11.4608,1.13168,5e-05,"yes",0.000320686218678815,"Up_in_ZIKV"
"SEC24A","Mock","ZIKV",9.99208,21.9103,1.13275,5e-05,"yes",0.000320686218678815,"Up_in_ZIKV"
"SND1","Mock","ZIKV",40.5489,89.0296,1.13462,5e-05,"yes",0.000320686218678815,"Up_in_ZIKV"
"ING2","Mock","ZIKV",9.89581,21.7579,1.13665,5e-05,"yes",0.000320686218678815,"Up_in_ZIKV"
"OSGIN2","Mock","ZIKV",2.67033,5.87484,1.13753,5e-05,"yes",0.000320686218678815,"Up_in_ZIKV"
"NCK1","Mock","ZIKV",7.17688,15.7965,1.13818,5e-05,"yes",0.000320686218678815,"Up_in_ZIKV"
"SSR3","Mock","ZIKV",29.1137,64.1684,1.14017,5e-05,"yes",0.000320686218678815,"Up_in_ZIKV"
"DDX3Y","Mock","ZIKV",26.117,57.5836,1.14067,5e-05,"yes",0.000320686218678815,"Up_in_ZIKV"
"ZNF844","Mock","ZIKV",6.28229,13.8859,1.14426,5e-05,"yes",0.000320686218678815,"Up_in_ZIKV"
"NUDT4","Mock","ZIKV",6.15925,13.6173,1.14461,5e-05,"yes",0.000320686218678815,"Up_in_ZIKV"
"PCLO","Mock","ZIKV",5.43823,12.0294,1.14535,5e-05,"yes",0.000320686218678815,"Up_in_ZIKV"
"DNAJC25","Mock","ZIKV",8.92359,19.7399,1.14542,5e-05,"yes",0.000320686218678815,"Up_in_ZIKV"
"TIMP3","Mock","ZIKV",6.4893,14.3859,1.14852,5e-05,"yes",0.000320686218678815,"Up_in_ZIKV"
"VCPIP1","Mock","ZIKV",3.26236,7.23706,1.14949,5e-05,"yes",0.000320686218678815,"Up_in_ZIKV"
"PER2","Mock","ZIKV",2.7183,6.04093,1.15207,5e-05,"yes",0.000320686218678815,"Up_in_ZIKV"
"SEC23B","Mock","ZIKV",21.9513,48.7839,1.1521,5e-05,"yes",0.000320686218678815,"Up_in_ZIKV"
"PDCD2L","Mock","ZIKV",6.68565,14.8613,1.15242,5e-05,"yes",0.000320686218678815,"Up_in_ZIKV"
"SH3BGR","Mock","ZIKV",2.92904,6.52422,1.15538,5e-05,"yes",0.000320686218678815,"Up_in_ZIKV"
"FLRT2","Mock","ZIKV",0.882904,1.96665,1.15541,5e-05,"yes",0.000320686218678815,"Up_in_ZIKV"
"VIMP","Mock","ZIKV",27.1855,60.7469,1.15998,5e-05,"yes",0.000320686218678815,"Up_in_ZIKV"
"PLCD1","Mock","ZIKV",8.78935,19.6405,1.16,5e-05,"yes",0.000320686218678815,"Up_in_ZIKV"
"SMIM14","Mock","ZIKV",24.26,54.2158,1.16013,5e-05,"yes",0.000320686218678815,"Up_in_ZIKV"
"SLC15A2","Mock","ZIKV",0.999818,2.23858,1.16285,5e-05,"yes",0.000320686218678815,"Up_in_ZIKV"
"FOXO1","Mock","ZIKV",3.33685,7.47459,1.16351,5e-05,"yes",0.000320686218678815,"Up_in_ZIKV"
"INPP5B","Mock","ZIKV",4.8087,10.7726,1.16365,5e-05,"yes",0.000320686218678815,"Up_in_ZIKV"
"POLR2A","Mock","ZIKV",63.7791,143.12,1.16607,5e-05,"yes",0.000320686218678815,"Up_in_ZIKV"
"RAD52","Mock","ZIKV",6.73915,15.1263,1.16642,5e-05,"yes",0.000320686218678815,"Up_in_ZIKV"
"SARS","Mock","ZIKV",101.771,228.475,1.16671,5e-05,"yes",0.000320686218678815,"Up_in_ZIKV"
"PPP1R3B","Mock","ZIKV",1.20243,2.70387,1.16907,5e-05,"yes",0.000320686218678815,"Up_in_ZIKV"
"GOLGA5","Mock","ZIKV",11.6664,26.2434,1.1696,5e-05,"yes",0.000320686218678815,"Up_in_ZIKV"
"GPR176","Mock","ZIKV",2.57232,5.78696,1.16974,5e-05,"yes",0.000320686218678815,"Up_in_ZIKV"
"COG3","Mock","ZIKV",9.96719,22.4564,1.17187,5e-05,"yes",0.000320686218678815,"Up_in_ZIKV"
"BMPER","Mock","ZIKV",0.434639,0.981549,1.17524,5e-05,"yes",0.000320686218678815,"Up_in_ZIKV"
"SNX18","Mock","ZIKV",4.92542,11.1357,1.17687,5e-05,"yes",0.000320686218678815,"Up_in_ZIKV"
"PNPLA3","Mock","ZIKV",1.7103,3.86778,1.17725,5e-05,"yes",0.000320686218678815,"Up_in_ZIKV"
"HM13","Mock","ZIKV",56.0359,126.763,1.17771,5e-05,"yes",0.000320686218678815,"Up_in_ZIKV"
"MAFB","Mock","ZIKV",2.04086,4.61933,1.17851,5e-05,"yes",0.000320686218678815,"Up_in_ZIKV"
"TSC22D3","Mock","ZIKV",15.5354,35.1898,1.17959,5e-05,"yes",0.000320686218678815,"Up_in_ZIKV"
"BMP2","Mock","ZIKV",0.8847,2.00408,1.17968,5e-05,"yes",0.000320686218678815,"Up_in_ZIKV"
"RREB1","Mock","ZIKV",1.53149,3.47548,1.18228,5e-05,"yes",0.000320686218678815,"Up_in_ZIKV"
"SNAPC1","Mock","ZIKV",4.17884,9.49185,1.18359,5e-05,"yes",0.000320686218678815,"Up_in_ZIKV"
"CLK4","Mock","ZIKV",7.24802,16.5017,1.18696,5e-05,"yes",0.000320686218678815,"Up_in_ZIKV"
"TRPM4","Mock","ZIKV",4.23134,9.63401,1.18702,5e-05,"yes",0.000320686218678815,"Up_in_ZIKV"
"FLCN","Mock","ZIKV",8.12896,18.5181,1.18779,5e-05,"yes",0.000320686218678815,"Up_in_ZIKV"
"ZMAT3","Mock","ZIKV",10.6658,24.3038,1.18819,5e-05,"yes",0.000320686218678815,"Up_in_ZIKV"
"ACBD3","Mock","ZIKV",10.6824,24.3559,1.18904,5e-05,"yes",0.000320686218678815,"Up_in_ZIKV"
"DPP8","Mock","ZIKV",6.2765,14.3175,1.18975,5e-05,"yes",0.000320686218678815,"Up_in_ZIKV"
"FRMD3","Mock","ZIKV",0.813374,1.87706,1.20648,5e-05,"yes",0.000320686218678815,"Up_in_ZIKV"
"SYNM","Mock","ZIKV",1.64449,3.79556,1.20668,5e-05,"yes",0.000320686218678815,"Up_in_ZIKV"
"CA2","Mock","ZIKV",22.0825,51.0327,1.20852,5e-05,"yes",0.000320686218678815,"Up_in_ZIKV"
"SLC7A1","Mock","ZIKV",10.2839,23.7792,1.20931,5e-05,"yes",0.000320686218678815,"Up_in_ZIKV"
"RRBP1","Mock","ZIKV",3.63115,8.39977,1.20992,5e-05,"yes",0.000320686218678815,"Up_in_ZIKV"
"NUDT4P1","Mock","ZIKV",18.2308,42.1832,1.21029,5e-05,"yes",0.000320686218678815,"Up_in_ZIKV"
"PID1","Mock","ZIKV",1.55211,3.59292,1.21093,5e-05,"yes",0.000320686218678815,"Up_in_ZIKV"
"UHRF1BP1","Mock","ZIKV",7.11802,16.5056,1.21341,5e-05,"yes",0.000320686218678815,"Up_in_ZIKV"
"LGALS9","Mock","ZIKV",1.31835,3.07851,1.2235,5e-05,"yes",0.000320686218678815,"Up_in_ZIKV"
"CGN","Mock","ZIKV",0.926617,2.16425,1.22382,5e-05,"yes",0.000320686218678815,"Up_in_ZIKV"
"CRY2","Mock","ZIKV",7.77418,18.1787,1.22548,5e-05,"yes",0.000320686218678815,"Up_in_ZIKV"
"ERF","Mock","ZIKV",11.8104,27.636,1.22649,5e-05,"yes",0.000320686218678815,"Up_in_ZIKV"
"NFE2L2","Mock","ZIKV",16.5224,38.7629,1.23025,5e-05,"yes",0.000320686218678815,"Up_in_ZIKV"
"RENBP","Mock","ZIKV",3.46552,8.1445,1.23275,5e-05,"yes",0.000320686218678815,"Up_in_ZIKV"
"C14orf28","Mock","ZIKV",1.3406,3.15401,1.23431,5e-05,"yes",0.000320686218678815,"Up_in_ZIKV"
"ATXN1","Mock","ZIKV",2.07549,4.89649,1.23829,5e-05,"yes",0.000320686218678815,"Up_in_ZIKV"
"CCT6P3","Mock","ZIKV",6.13236,14.4923,1.24077,5e-05,"yes",0.000320686218678815,"Up_in_ZIKV"
"MARS","Mock","ZIKV",56.2449,132.929,1.24086,5e-05,"yes",0.000320686218678815,"Up_in_ZIKV"
"SUGT1","Mock","ZIKV",18.1406,42.8842,1.24123,5e-05,"yes",0.000320686218678815,"Up_in_ZIKV"
"CNKSR3","Mock","ZIKV",1.43323,3.39608,1.2446,5e-05,"yes",0.000320686218678815,"Up_in_ZIKV"
"AARS","Mock","ZIKV",35.5835,84.5314,1.24828,5e-05,"yes",0.000320686218678815,"Up_in_ZIKV"
"MBNL2","Mock","ZIKV",8.45811,20.1163,1.24996,5e-05,"yes",0.000320686218678815,"Up_in_ZIKV"
"CXCL12","Mock","ZIKV",1.46522,3.49724,1.2551,5e-05,"yes",0.000320686218678815,"Up_in_ZIKV"
"IGSF1","Mock","ZIKV",1.2215,2.91921,1.25692,5e-05,"yes",0.000320686218678815,"Up_in_ZIKV"
"IARS","Mock","ZIKV",37.3386,89.3103,1.25816,5e-05,"yes",0.000320686218678815,"Up_in_ZIKV"
"C16orf72","Mock","ZIKV",10.167,24.3492,1.25997,5e-05,"yes",0.000320686218678815,"Up_in_ZIKV"
"TMEM39A","Mock","ZIKV",5.28515,12.6699,1.26139,5e-05,"yes",0.000320686218678815,"Up_in_ZIKV"
"INPP4B","Mock","ZIKV",0.497905,1.19619,1.26451,5e-05,"yes",0.000320686218678815,"Up_in_ZIKV"
"TMEM214","Mock","ZIKV",10.763,25.8685,1.26512,5e-05,"yes",0.000320686218678815,"Up_in_ZIKV"
"MYC","Mock","ZIKV",7.02923,16.9027,1.26582,5e-05,"yes",0.000320686218678815,"Up_in_ZIKV"
"NR3C1","Mock","ZIKV",0.600496,1.44573,1.26757,5e-05,"yes",0.000320686218678815,"Up_in_ZIKV"
"TRIM23","Mock","ZIKV",5.90615,14.2504,1.27071,5e-05,"yes",0.000320686218678815,"Up_in_ZIKV"
"IRS2","Mock","ZIKV",7.08948,17.1169,1.27167,5e-05,"yes",0.000320686218678815,"Up_in_ZIKV"
"ARHGAP23","Mock","ZIKV",5.60394,13.5413,1.27285,5e-05,"yes",0.000320686218678815,"Up_in_ZIKV"
"SQSTM1","Mock","ZIKV",26.9311,65.1961,1.27552,5e-05,"yes",0.000320686218678815,"Up_in_ZIKV"
"COQ10B","Mock","ZIKV",4.27436,10.38,1.28003,5e-05,"yes",0.000320686218678815,"Up_in_ZIKV"
"KLHL11","Mock","ZIKV",5.04925,12.293,1.2837,5e-05,"yes",0.000320686218678815,"Up_in_ZIKV"
"CSRNP1","Mock","ZIKV",3.70313,9.02246,1.28478,5e-05,"yes",0.000320686218678815,"Up_in_ZIKV"
"PPIL4","Mock","ZIKV",16.8909,41.2233,1.28721,5e-05,"yes",0.000320686218678815,"Up_in_ZIKV"
"DBP","Mock","ZIKV",3.4139,8.36749,1.29337,5e-05,"yes",0.000320686218678815,"Up_in_ZIKV"
"PHGDH","Mock","ZIKV",85.4025,209.528,1.29479,5e-05,"yes",0.000320686218678815,"Up_in_ZIKV"
"SLC7A3","Mock","ZIKV",12.3721,30.4208,1.29796,5e-05,"yes",0.000320686218678815,"Up_in_ZIKV"
"PSAT1","Mock","ZIKV",65.3692,161.09,1.30118,5e-05,"yes",0.000320686218678815,"Up_in_ZIKV"
"SNTB1","Mock","ZIKV",1.00266,2.47332,1.30262,5e-05,"yes",0.000320686218678815,"Up_in_ZIKV"
"PYCR1","Mock","ZIKV",21.4789,53.0414,1.3042,5e-05,"yes",0.000320686218678815,"Up_in_ZIKV"
"EIF2AK3","Mock","ZIKV",8.60031,21.2694,1.30632,5e-05,"yes",0.000320686218678815,"Up_in_ZIKV"
"FAM222A","Mock","ZIKV",3.70714,9.1744,1.30731,5e-05,"yes",0.000320686218678815,"Up_in_ZIKV"
"EPHX1","Mock","ZIKV",4.02306,9.98119,1.31092,5e-05,"yes",0.000320686218678815,"Up_in_ZIKV"
"CDK2AP2","Mock","ZIKV",17.3068,43,1.313,5e-05,"yes",0.000320686218678815,"Up_in_ZIKV"
"WIPI1","Mock","ZIKV",6.81412,16.9546,1.31508,5e-05,"yes",0.000320686218678815,"Up_in_ZIKV"
"GARS","Mock","ZIKV",47.3868,118.061,1.31697,5e-05,"yes",0.000320686218678815,"Up_in_ZIKV"
"TGDS","Mock","ZIKV",4.7919,11.9398,1.31711,5e-05,"yes",0.000320686218678815,"Up_in_ZIKV"
"GFOD1","Mock","ZIKV",0.850565,2.12028,1.31776,5e-05,"yes",0.000320686218678815,"Up_in_ZIKV"
"TAF1D","Mock","ZIKV",17.5644,44.1376,1.32935,5e-05,"yes",0.000320686218678815,"Up_in_ZIKV"
"SLC1A4","Mock","ZIKV",11.4491,28.7977,1.33072,5e-05,"yes",0.000320686218678815,"Up_in_ZIKV"
"USP53","Mock","ZIKV",0.854481,2.15259,1.33295,5e-05,"yes",0.000320686218678815,"Up_in_ZIKV"
"EXOC8","Mock","ZIKV",4.01619,10.1676,1.34008,5e-05,"yes",0.000320686218678815,"Up_in_ZIKV"
"ELMSAN1","Mock","ZIKV",3.19231,8.08415,1.3405,5e-05,"yes",0.000320686218678815,"Up_in_ZIKV"
"ZBTB7B","Mock","ZIKV",1.95197,4.95308,1.3434,5e-05,"yes",0.000320686218678815,"Up_in_ZIKV"
"TVP23C-CDRT4","Mock","ZIKV",5.484,13.9378,1.34571,5e-05,"yes",0.000320686218678815,"Up_in_ZIKV"
"PPP1R15B","Mock","ZIKV",19.7077,50.1372,1.34712,5e-05,"yes",0.000320686218678815,"Up_in_ZIKV"
"DMGDH","Mock","ZIKV",0.47094,1.19951,1.34882,5e-05,"yes",0.000320686218678815,"Up_in_ZIKV"
"MXD1","Mock","ZIKV",4.39084,11.1934,1.35008,5e-05,"yes",0.000320686218678815,"Up_in_ZIKV"
"DNAH2","Mock","ZIKV",0.258951,0.660144,1.3501,5e-05,"yes",0.000320686218678815,"Up_in_ZIKV"
"TMEM135","Mock","ZIKV",3.73259,9.55585,1.35621,5e-05,"yes",0.000320686218678815,"Up_in_ZIKV"
"TNFRSF10D","Mock","ZIKV",1.09394,2.80091,1.35636,5e-05,"yes",0.000320686218678815,"Up_in_ZIKV"
"RRAGC","Mock","ZIKV",7.80229,19.9986,1.35793,5e-05,"yes",0.000320686218678815,"Up_in_ZIKV"
"TUBE1","Mock","ZIKV",11.443,29.3425,1.35852,5e-05,"yes",0.000320686218678815,"Up_in_ZIKV"
"HYOU1","Mock","ZIKV",54.0856,138.907,1.3608,5e-05,"yes",0.000320686218678815,"Up_in_ZIKV"
"LIN7C","Mock","ZIKV",6.90768,17.7516,1.36167,5e-05,"yes",0.000320686218678815,"Up_in_ZIKV"
"LOC100505687","Mock","ZIKV",12.6589,32.6621,1.36746,5e-05,"yes",0.000320686218678815,"Up_in_ZIKV"
"SLC16A6","Mock","ZIKV",1.56184,4.0378,1.37032,5e-05,"yes",0.000320686218678815,"Up_in_ZIKV"
"TUFT1","Mock","ZIKV",3.72935,9.71795,1.38173,5e-05,"yes",0.000320686218678815,"Up_in_ZIKV"
"LRIF1","Mock","ZIKV",12.2843,32.0558,1.38377,5e-05,"yes",0.000320686218678815,"Up_in_ZIKV"
"TROVE2","Mock","ZIKV",11.4017,29.8708,1.38948,5e-05,"yes",0.000320686218678815,"Up_in_ZIKV"
"TIMM44","Mock","ZIKV",17.8334,47.0092,1.39836,5e-05,"yes",0.000320686218678815,"Up_in_ZIKV"
"MAGEL2","Mock","ZIKV",7.06064,18.6304,1.39979,5e-05,"yes",0.000320686218678815,"Up_in_ZIKV"
"LDLRAD4","Mock","ZIKV",1.82366,4.81238,1.39992,5e-05,"yes",0.000320686218678815,"Up_in_ZIKV"
"BBC3","Mock","ZIKV",20.2517,53.4932,1.40131,5e-05,"yes",0.000320686218678815,"Up_in_ZIKV"
"SERTAD1","Mock","ZIKV",4.31657,11.4113,1.40251,5e-05,"yes",0.000320686218678815,"Up_in_ZIKV"
"CREBRF","Mock","ZIKV",4.47981,11.9268,1.41269,5e-05,"yes",0.000320686218678815,"Up_in_ZIKV"
"PDIA5","Mock","ZIKV",2.66399,7.09584,1.41338,5e-05,"yes",0.000320686218678815,"Up_in_ZIKV"
"PAR5","Mock","ZIKV",10.9268,29.15,1.41562,5e-05,"yes",0.000320686218678815,"Up_in_ZIKV"
"MGAM","Mock","ZIKV",0.824358,2.19951,1.41584,5e-05,"yes",0.000320686218678815,"Up_in_ZIKV"
"PHC3","Mock","ZIKV",7.22792,19.3627,1.42163,5e-05,"yes",0.000320686218678815,"Up_in_ZIKV"
"RND1","Mock","ZIKV",2.67005,7.17988,1.42709,5e-05,"yes",0.000320686218678815,"Up_in_ZIKV"
"ALG2","Mock","ZIKV",6.01019,16.2029,1.43077,5e-05,"yes",0.000320686218678815,"Up_in_ZIKV"
"SLC30A1","Mock","ZIKV",6.29427,16.9753,1.43133,5e-05,"yes",0.000320686218678815,"Up_in_ZIKV"
"ZNF654","Mock","ZIKV",5.05129,13.6754,1.43686,5e-05,"yes",0.000320686218678815,"Up_in_ZIKV"
"FICD","Mock","ZIKV",1.15137,3.12482,1.44042,5e-05,"yes",0.000320686218678815,"Up_in_ZIKV"
"ALDH8A1","Mock","ZIKV",2.32437,6.33406,1.44629,5e-05,"yes",0.000320686218678815,"Up_in_ZIKV"
"DHRS2","Mock","ZIKV",0.544617,1.48463,1.44679,5e-05,"yes",0.000320686218678815,"Up_in_ZIKV"
"DIRAS2","Mock","ZIKV",2.01137,5.4841,1.44708,5e-05,"yes",0.000320686218678815,"Up_in_ZIKV"
"SYVN1","Mock","ZIKV",15.8513,43.3868,1.45266,5e-05,"yes",0.000320686218678815,"Up_in_ZIKV"
"IRF1","Mock","ZIKV",0.332277,0.909608,1.45286,5e-05,"yes",0.000320686218678815,"Up_in_ZIKV"
"KLF10","Mock","ZIKV",7.46553,20.4485,1.45368,5e-05,"yes",0.000320686218678815,"Up_in_ZIKV"
"CBX4","Mock","ZIKV",18.0758,49.7912,1.46183,5e-05,"yes",0.000320686218678815,"Up_in_ZIKV"
"HSD17B7P2","Mock","ZIKV",2.1886,6.09839,1.47842,5e-05,"yes",0.000320686218678815,"Up_in_ZIKV"
"SHISA2","Mock","ZIKV",1.82773,5.1063,1.48222,5e-05,"yes",0.000320686218678815,"Up_in_ZIKV"
"ZNF805","Mock","ZIKV",2.49307,7.00519,1.4905,5e-05,"yes",0.000320686218678815,"Up_in_ZIKV"
"ADRA1A","Mock","ZIKV",1.27228,3.58528,1.49466,5e-05,"yes",0.000320686218678815,"Up_in_ZIKV"
"ZNF460","Mock","ZIKV",2.01534,5.79419,1.52358,5e-05,"yes",0.000320686218678815,"Up_in_ZIKV"
"ASS1","Mock","ZIKV",4.85603,14.0152,1.52914,5e-05,"yes",0.000320686218678815,"Up_in_ZIKV"
"NANS","Mock","ZIKV",6.78377,19.5968,1.53046,5e-05,"yes",0.000320686218678815,"Up_in_ZIKV"
"TNFSF13B","Mock","ZIKV",0.435897,1.26375,1.53565,5e-05,"yes",0.000320686218678815,"Up_in_ZIKV"
"IGIP","Mock","ZIKV",0.733315,2.14345,1.54743,5e-05,"yes",0.000320686218678815,"Up_in_ZIKV"
"AKNA","Mock","ZIKV",3.45115,10.2082,1.56458,5e-05,"yes",0.000320686218678815,"Up_in_ZIKV"
"SPRY4","Mock","ZIKV",0.641598,1.90879,1.57291,5e-05,"yes",0.000320686218678815,"Up_in_ZIKV"
"SIAH2","Mock","ZIKV",2.81495,8.38759,1.57514,5e-05,"yes",0.000320686218678815,"Up_in_ZIKV"
"XPOT","Mock","ZIKV",26.332,78.5307,1.57644,5e-05,"yes",0.000320686218678815,"Up_in_ZIKV"
"TARS","Mock","ZIKV",32.4977,97.4383,1.58415,5e-05,"yes",0.000320686218678815,"Up_in_ZIKV"
"GAN","Mock","ZIKV",1.60634,4.83456,1.5896,5e-05,"yes",0.000320686218678815,"Up_in_ZIKV"
"SP8","Mock","ZIKV",3.44884,10.4228,1.59555,5e-05,"yes",0.000320686218678815,"Up_in_ZIKV"
"YARS","Mock","ZIKV",28.605,86.6736,1.59933,5e-05,"yes",0.000320686218678815,"Up_in_ZIKV"
"NR4A3","Mock","ZIKV",1.02948,3.14689,1.612,5e-05,"yes",0.000320686218678815,"Up_in_ZIKV"
"LYSMD3","Mock","ZIKV",5.39681,16.5191,1.61396,5e-05,"yes",0.000320686218678815,"Up_in_ZIKV"
"SAFB2","Mock","ZIKV",19.4787,60.0134,1.62339,5e-05,"yes",0.000320686218678815,"Up_in_ZIKV"
"HERC5","Mock","ZIKV",0.242127,0.7462,1.6238,5e-05,"yes",0.000320686218678815,"Up_in_ZIKV"
"CCDC81","Mock","ZIKV",0.66317,2.07548,1.646,5e-05,"yes",0.000320686218678815,"Up_in_ZIKV"
"NEDD4","Mock","ZIKV",0.874542,2.73915,1.64713,5e-05,"yes",0.000320686218678815,"Up_in_ZIKV"
"PPP1R3C","Mock","ZIKV",0.61577,1.94307,1.65787,5e-05,"yes",0.000320686218678815,"Up_in_ZIKV"
"BAMBI","Mock","ZIKV",9.7132,30.6563,1.65816,5e-05,"yes",0.000320686218678815,"Up_in_ZIKV"
"HIST2H2BC","Mock","ZIKV",6.52391,20.6567,1.6628,5e-05,"yes",0.000320686218678815,"Up_in_ZIKV"
"SHMT2","Mock","ZIKV",46.5224,147.914,1.66876,5e-05,"yes",0.000320686218678815,"Up_in_ZIKV"
"PLD6","Mock","ZIKV",0.66078,2.10736,1.6732,5e-05,"yes",0.000320686218678815,"Up_in_ZIKV"
"NFIA","Mock","ZIKV",0.729433,2.33027,1.67565,5e-05,"yes",0.000320686218678815,"Up_in_ZIKV"
"PPARGC1A","Mock","ZIKV",0.374716,1.21242,1.69402,5e-05,"yes",0.000320686218678815,"Up_in_ZIKV"
"OTUD1","Mock","ZIKV",3.63667,11.8619,1.70564,5e-05,"yes",0.000320686218678815,"Up_in_ZIKV"
"WHAMM","Mock","ZIKV",2.16857,7.08019,1.70704,5e-05,"yes",0.000320686218678815,"Up_in_ZIKV"
"ALDH1L2","Mock","ZIKV",1.99549,6.53164,1.71071,5e-05,"yes",0.000320686218678815,"Up_in_ZIKV"
"CCDC163P","Mock","ZIKV",0.770011,2.53554,1.71934,5e-05,"yes",0.000320686218678815,"Up_in_ZIKV"
"SLC3A2","Mock","ZIKV",75.4712,250.856,1.73286,5e-05,"yes",0.000320686218678815,"Up_in_ZIKV"
"ZNF442","Mock","ZIKV",1.50166,5.07682,1.75737,5e-05,"yes",0.000320686218678815,"Up_in_ZIKV"
"ETV5","Mock","ZIKV",3.09959,10.5088,1.76145,5e-05,"yes",0.000320686218678815,"Up_in_ZIKV"
"DNAJC3","Mock","ZIKV",5.25071,17.8248,1.7633,5e-05,"yes",0.000320686218678815,"Up_in_ZIKV"
"NR1D1","Mock","ZIKV",1.49106,5.06445,1.76407,5e-05,"yes",0.000320686218678815,"Up_in_ZIKV"
"PMAIP1","Mock","ZIKV",9.79348,33.4624,1.77265,5e-05,"yes",0.000320686218678815,"Up_in_ZIKV"
"TNFAIP3","Mock","ZIKV",0.840944,2.90083,1.78638,5e-05,"yes",0.000320686218678815,"Up_in_ZIKV"
"HEY1","Mock","ZIKV",1.79974,6.28273,1.8036,5e-05,"yes",0.000320686218678815,"Up_in_ZIKV"
"ANKRD33B","Mock","ZIKV",1.29605,4.55246,1.81252,5e-05,"yes",0.000320686218678815,"Up_in_ZIKV"
"PCDH20","Mock","ZIKV",0.456539,1.61836,1.82572,5e-05,"yes",0.000320686218678815,"Up_in_ZIKV"
"DNAJB9","Mock","ZIKV",17.2669,62.7534,1.86169,5e-05,"yes",0.000320686218678815,"Up_in_ZIKV"
"ZNF563","Mock","ZIKV",0.4469,1.63522,1.87146,5e-05,"yes",0.000320686218678815,"Up_in_ZIKV"
"CREB3L2","Mock","ZIKV",5.29175,19.413,1.87521,5e-05,"yes",0.000320686218678815,"Up_in_ZIKV"
"TSPYL2","Mock","ZIKV",10.9947,40.6869,1.88775,5e-05,"yes",0.000320686218678815,"Up_in_ZIKV"
"GDF15","Mock","ZIKV",4.39593,16.3578,1.89574,5e-05,"yes",0.000320686218678815,"Up_in_ZIKV"
"EIF4EBP1","Mock","ZIKV",21.0335,78.3633,1.89749,5e-05,"yes",0.000320686218678815,"Up_in_ZIKV"
"PGF","Mock","ZIKV",1.20852,4.672,1.9508,5e-05,"yes",0.000320686218678815,"Up_in_ZIKV"
"GADD45B","Mock","ZIKV",4.89207,18.9623,1.95462,5e-05,"yes",0.000320686218678815,"Up_in_ZIKV"
"DDIT4","Mock","ZIKV",30.0558,116.763,1.95787,5e-05,"yes",0.000320686218678815,"Up_in_ZIKV"
"PXDC1","Mock","ZIKV",1.18476,4.67636,1.98079,5e-05,"yes",0.000320686218678815,"Up_in_ZIKV"
"NOG","Mock","ZIKV",0.902698,3.64666,2.01426,5e-05,"yes",0.000320686218678815,"Up_in_ZIKV"
"SESN2","Mock","ZIKV",12.0888,50.3169,2.05737,5e-05,"yes",0.000320686218678815,"Up_in_ZIKV"
"JDP2","Mock","ZIKV",1.28353,5.42453,2.07939,5e-05,"yes",0.000320686218678815,"Up_in_ZIKV"
"ASNS","Mock","ZIKV",52.0919,225.033,2.111,5e-05,"yes",0.000320686218678815,"Up_in_ZIKV"
"VEGFA","Mock","ZIKV",12.4628,54.1793,2.12011,5e-05,"yes",0.000320686218678815,"Up_in_ZIKV"
"CTH","Mock","ZIKV",4.43016,19.2695,2.12089,5e-05,"yes",0.000320686218678815,"Up_in_ZIKV"
"CARS","Mock","ZIKV",23.075,100.59,2.12408,5e-05,"yes",0.000320686218678815,"Up_in_ZIKV"
"KCNE2","Mock","ZIKV",0.608671,2.69304,2.1455,5e-05,"yes",0.000320686218678815,"Up_in_ZIKV"
"PCK2","Mock","ZIKV",2.84455,12.9623,2.18805,5e-05,"yes",0.000320686218678815,"Up_in_ZIKV"
"NR3C2","Mock","ZIKV",0.145518,0.663687,2.18931,5e-05,"yes",0.000320686218678815,"Up_in_ZIKV"
"MTHFD2","Mock","ZIKV",20.1732,94.9895,2.23532,5e-05,"yes",0.000320686218678815,"Up_in_ZIKV"
"TRIB3","Mock","ZIKV",5.94568,28.0405,2.2376,5e-05,"yes",0.000320686218678815,"Up_in_ZIKV"
"KLF5","Mock","ZIKV",0.385202,1.87422,2.2826,5e-05,"yes",0.000320686218678815,"Up_in_ZIKV"
"FAM129A","Mock","ZIKV",0.351848,1.71845,2.28808,5e-05,"yes",0.000320686218678815,"Up_in_ZIKV"
"CDC42EP1","Mock","ZIKV",0.865481,4.41466,2.35073,5e-05,"yes",0.000320686218678815,"Up_in_ZIKV"
"KLF15","Mock","ZIKV",2.85013,14.696,2.36633,5e-05,"yes",0.000320686218678815,"Up_in_ZIKV"
"HERPUD1","Mock","ZIKV",22.7461,118.833,2.38525,5e-05,"yes",0.000320686218678815,"Up_in_ZIKV"
"ARHGAP9","Mock","ZIKV",0.347537,1.87155,2.42899,5e-05,"yes",0.000320686218678815,"Up_in_ZIKV"
"SLC7A5","Mock","ZIKV",23.9931,130.452,2.44283,5e-05,"yes",0.000320686218678815,"Up_in_ZIKV"
"SELPLG","Mock","ZIKV",0.198417,1.10411,2.47628,5e-05,"yes",0.000320686218678815,"Up_in_ZIKV"
"XBP1","Mock","ZIKV",26.8835,150.39,2.48392,5e-05,"yes",0.000320686218678815,"Up_in_ZIKV"
"INHBE","Mock","ZIKV",0.578206,3.2351,2.48416,5e-05,"yes",0.000320686218678815,"Up_in_ZIKV"
"BHLHE40","Mock","ZIKV",1.19032,6.74644,2.50278,5e-05,"yes",0.000320686218678815,"Up_in_ZIKV"
"RELB","Mock","ZIKV",0.607664,3.4895,2.52167,5e-05,"yes",0.000320686218678815,"Up_in_ZIKV"
"FOSL1","Mock","ZIKV",0.519074,3.03201,2.54626,5e-05,"yes",0.000320686218678815,"Up_in_ZIKV"
"SLC7A11","Mock","ZIKV",2.87422,16.9325,2.55855,5e-05,"yes",0.000320686218678815,"Up_in_ZIKV"
"ULBP1","Mock","ZIKV",1.35929,8.58462,2.6589,5e-05,"yes",0.000320686218678815,"Up_in_ZIKV"
"DDR2","Mock","ZIKV",0.316819,2.03434,2.68283,5e-05,"yes",0.000320686218678815,"Up_in_ZIKV"
"AQPEP","Mock","ZIKV",0.214698,1.42058,2.72609,5e-05,"yes",0.000320686218678815,"Up_in_ZIKV"
"ADM2","Mock","ZIKV",0.512443,3.41852,2.73791,5e-05,"yes",0.000320686218678815,"Up_in_ZIKV"
"IL20RB","Mock","ZIKV",0.592619,3.9674,2.74302,5e-05,"yes",0.000320686218678815,"Up_in_ZIKV"
"STC2","Mock","ZIKV",0.845712,6.11647,2.85446,5e-05,"yes",0.000320686218678815,"Up_in_ZIKV"
"DDIT3","Mock","ZIKV",14.8864,114.376,2.94172,5e-05,"yes",0.000320686218678815,"Up_in_ZIKV"
"CREB3L1","Mock","ZIKV",0.328817,2.57961,2.9718,5e-05,"yes",0.000320686218678815,"Up_in_ZIKV"
"CHAC1","Mock","ZIKV",4.96756,39.4118,2.98802,5e-05,"yes",0.000320686218678815,"Up_in_ZIKV"
"SEC24D","Mock","ZIKV",1.93693,16.2261,3.06648,5e-05,"yes",0.000320686218678815,"Up_in_ZIKV"
"CEBPB","Mock","ZIKV",2.75768,23.4179,3.08608,5e-05,"yes",0.000320686218678815,"Up_in_ZIKV"
"BHLHE41","Mock","ZIKV",0.0717453,0.763637,3.41193,5e-05,"yes",0.000320686218678815,"Up_in_ZIKV"
"TNFRSF14","Mock","ZIKV",0.143098,1.56024,3.4467,5e-05,"yes",0.000320686218678815,"Up_in_ZIKV"
"OR51E2","Mock","ZIKV",0.914167,0.109813,-3.05742,1e-04,"yes",0.000607470334412082,"Down_in_ZIKV"
"C2orf48","Mock","ZIKV",4.19704,1.21462,-1.78887,1e-04,"yes",0.000607470334412082,"Down_in_ZIKV"
"EFCAB3","Mock","ZIKV",1.72544,0.533049,-1.69462,1e-04,"yes",0.000607470334412082,"Down_in_ZIKV"
"WDR16","Mock","ZIKV",1.14236,0.378438,-1.59389,1e-04,"yes",0.000607470334412082,"Down_in_ZIKV"
"MNS1","Mock","ZIKV",5.41986,1.93083,-1.48904,1e-04,"yes",0.000607470334412082,"Down_in_ZIKV"
"CTSH","Mock","ZIKV",1.89769,0.740146,-1.35836,1e-04,"yes",0.000607470334412082,"Down_in_ZIKV"
"INHBB","Mock","ZIKV",0.865854,0.344949,-1.32774,1e-04,"yes",0.000607470334412082,"Down_in_ZIKV"
"CES4A","Mock","ZIKV",1.49431,0.597028,-1.32361,1e-04,"yes",0.000607470334412082,"Down_in_ZIKV"
"FAM92B","Mock","ZIKV",1.59491,0.641258,-1.3145,1e-04,"yes",0.000607470334412082,"Down_in_ZIKV"
"CHURC1","Mock","ZIKV",12.9149,5.2208,-1.30669,1e-04,"yes",0.000607470334412082,"Down_in_ZIKV"
"PCED1A","Mock","ZIKV",37.034,15.2528,-1.27978,1e-04,"yes",0.000607470334412082,"Down_in_ZIKV"
"EME2","Mock","ZIKV",3.2724,1.35534,-1.27169,1e-04,"yes",0.000607470334412082,"Down_in_ZIKV"
"RAD54L","Mock","ZIKV",8.81591,3.7405,-1.23688,1e-04,"yes",0.000607470334412082,"Down_in_ZIKV"
"SCN4B","Mock","ZIKV",0.80288,0.358081,-1.1649,1e-04,"yes",0.000607470334412082,"Down_in_ZIKV"
"TMSB15B","Mock","ZIKV",30.6601,13.7455,-1.1574,1e-04,"yes",0.000607470334412082,"Down_in_ZIKV"
"PTPLA","Mock","ZIKV",2.98355,1.3968,-1.09491,1e-04,"yes",0.000607470334412082,"Down_in_ZIKV"
"CLEC11A","Mock","ZIKV",3.57016,1.71619,-1.05678,1e-04,"yes",0.000607470334412082,"Down_in_ZIKV"
"IFITM2","Mock","ZIKV",8.6854,4.28476,-1.01938,1e-04,"yes",0.000607470334412082,"Down_in_ZIKV"
"C1orf115","Mock","ZIKV",1.74278,0.89701,-0.958195,1e-04,"yes",0.000607470334412082,"Not_significant"
"KIF24","Mock","ZIKV",4.54397,2.34969,-0.951482,1e-04,"yes",0.000607470334412082,"Not_significant"
"ENO4","Mock","ZIKV",1.78118,0.938853,-0.923861,1e-04,"yes",0.000607470334412082,"Not_significant"
"PLS1","Mock","ZIKV",1.10097,0.592594,-0.89366,1e-04,"yes",0.000607470334412082,"Not_significant"
"STXBP6","Mock","ZIKV",2.22692,1.20113,-0.890651,1e-04,"yes",0.000607470334412082,"Not_significant"
"PRTFDC1","Mock","ZIKV",3.90632,2.17382,-0.845577,1e-04,"yes",0.000607470334412082,"Not_significant"
"SMTNL1","Mock","ZIKV",3.88125,2.19066,-0.82516,1e-04,"yes",0.000607470334412082,"Not_significant"
"LOC145845","Mock","ZIKV",1.95704,1.12471,-0.799124,1e-04,"yes",0.000607470334412082,"Not_significant"
"ANO1","Mock","ZIKV",1.67582,0.972158,-0.785607,1e-04,"yes",0.000607470334412082,"Not_significant"
"ADHFE1","Mock","ZIKV",3.88752,2.26283,-0.780726,1e-04,"yes",0.000607470334412082,"Not_significant"
"PSEN2","Mock","ZIKV",3.35472,1.97311,-0.765721,1e-04,"yes",0.000607470334412082,"Not_significant"
"APITD1,APITD1-CORT","Mock","ZIKV",7.99989,4.70562,-0.765595,1e-04,"yes",0.000607470334412082,"Not_significant"
"MARVELD1","Mock","ZIKV",2.40231,1.41343,-0.765217,1e-04,"yes",0.000607470334412082,"Not_significant"
"MTBP","Mock","ZIKV",5.58407,3.29036,-0.763074,1e-04,"yes",0.000607470334412082,"Not_significant"
"LINC00339","Mock","ZIKV",9.10805,5.40162,-0.75375,1e-04,"yes",0.000607470334412082,"Not_significant"
"CRYZ","Mock","ZIKV",11.8294,7.20331,-0.715642,1e-04,"yes",0.000607470334412082,"Not_significant"
"WDR96","Mock","ZIKV",1.92645,1.18569,-0.700223,1e-04,"yes",0.000607470334412082,"Not_significant"
"TYSND1","Mock","ZIKV",3.71255,2.30937,-0.684911,1e-04,"yes",0.000607470334412082,"Not_significant"
"ZSCAN23","Mock","ZIKV",3.68549,2.43817,-0.596058,1e-04,"yes",0.000607470334412082,"Not_significant"
"VSIG10","Mock","ZIKV",2.57033,1.7234,-0.576696,1e-04,"yes",0.000607470334412082,"Not_significant"
"CYP4V2","Mock","ZIKV",2.79733,1.89878,-0.558981,1e-04,"yes",0.000607470334412082,"Not_significant"
"PPAPDC2","Mock","ZIKV",6.55827,4.45684,-0.557294,1e-04,"yes",0.000607470334412082,"Not_significant"
"DFNA5","Mock","ZIKV",8.92581,6.25609,-0.512723,1e-04,"yes",0.000607470334412082,"Not_significant"
"ZBTB14","Mock","ZIKV",6.79619,4.76467,-0.512348,1e-04,"yes",0.000607470334412082,"Not_significant"
"TOR3A","Mock","ZIKV",14.2266,9.97755,-0.511833,1e-04,"yes",0.000607470334412082,"Not_significant"
"MIS18A","Mock","ZIKV",14.4436,10.1463,-0.509469,1e-04,"yes",0.000607470334412082,"Not_significant"
"PP7080","Mock","ZIKV",12.3724,8.74097,-0.501259,1e-04,"yes",0.000607470334412082,"Not_significant"
"PDCD2","Mock","ZIKV",25.6294,18.1695,-0.496279,1e-04,"yes",0.000607470334412082,"Not_significant"
"JAM2","Mock","ZIKV",15.4536,11.02,-0.487811,1e-04,"yes",0.000607470334412082,"Not_significant"
"COMMD9","Mock","ZIKV",9.38652,6.76772,-0.47192,1e-04,"yes",0.000607470334412082,"Not_significant"
"LLGL1","Mock","ZIKV",90.7797,65.6587,-0.467384,1e-04,"yes",0.000607470334412082,"Not_significant"
"ST6GAL1","Mock","ZIKV",9.61134,6.96441,-0.464737,1e-04,"yes",0.000607470334412082,"Not_significant"
"MANEA","Mock","ZIKV",7.14126,5.18032,-0.463136,1e-04,"yes",0.000607470334412082,"Not_significant"
"PCDHB10","Mock","ZIKV",7.65323,5.58873,-0.453548,1e-04,"yes",0.000607470334412082,"Not_significant"
"ACAD10","Mock","ZIKV",9.30544,6.80039,-0.452457,1e-04,"yes",0.000607470334412082,"Not_significant"
"WDR6","Mock","ZIKV",81.5428,59.7129,-0.449516,1e-04,"yes",0.000607470334412082,"Not_significant"
"KIAA1009","Mock","ZIKV",7.61214,5.57749,-0.448686,1e-04,"yes",0.000607470334412082,"Not_significant"
"SSBP1","Mock","ZIKV",89.1111,65.3858,-0.44663,1e-04,"yes",0.000607470334412082,"Not_significant"
"PHTF1","Mock","ZIKV",21.9788,16.1742,-0.442415,1e-04,"yes",0.000607470334412082,"Not_significant"
"LRP5","Mock","ZIKV",11.707,8.62063,-0.441508,1e-04,"yes",0.000607470334412082,"Not_significant"
"ATP6V0E2","Mock","ZIKV",21.2595,15.6674,-0.440341,1e-04,"yes",0.000607470334412082,"Not_significant"
"GMEB2","Mock","ZIKV",9.48187,6.99597,-0.438647,1e-04,"yes",0.000607470334412082,"Not_significant"
"SH3BGRL3","Mock","ZIKV",100.926,74.8768,-0.430711,1e-04,"yes",0.000607470334412082,"Not_significant"
"RAB8A","Mock","ZIKV",24.1126,17.9359,-0.42694,1e-04,"yes",0.000607470334412082,"Not_significant"
"RMDN1","Mock","ZIKV",15.1472,11.283,-0.424904,1e-04,"yes",0.000607470334412082,"Not_significant"
"DCAF8","Mock","ZIKV",36.8201,27.475,-0.422374,1e-04,"yes",0.000607470334412082,"Not_significant"
"FAM171A1","Mock","ZIKV",42.498,31.7253,-0.421761,1e-04,"yes",0.000607470334412082,"Not_significant"
"TMEM63B","Mock","ZIKV",21.9145,16.427,-0.41581,1e-04,"yes",0.000607470334412082,"Not_significant"
"LYPLA2","Mock","ZIKV",35.2434,26.4724,-0.412866,1e-04,"yes",0.000607470334412082,"Not_significant"
"ANKRD36B","Mock","ZIKV",7.67032,5.77664,-0.409058,1e-04,"yes",0.000607470334412082,"Not_significant"
"ZNF528","Mock","ZIKV",14.2012,10.732,-0.404091,1e-04,"yes",0.000607470334412082,"Not_significant"
"XRCC5","Mock","ZIKV",138.269,104.633,-0.402144,1e-04,"yes",0.000607470334412082,"Not_significant"
"MLH1","Mock","ZIKV",20.7107,15.6797,-0.401474,1e-04,"yes",0.000607470334412082,"Not_significant"
"PPP5C","Mock","ZIKV",40.1094,30.3701,-0.401291,1e-04,"yes",0.000607470334412082,"Not_significant"
"NR2F2","Mock","ZIKV",136.386,103.419,-0.399196,1e-04,"yes",0.000607470334412082,"Not_significant"
"TP53INP2","Mock","ZIKV",28.2917,21.4531,-0.399194,1e-04,"yes",0.000607470334412082,"Not_significant"
"ZNF462","Mock","ZIKV",26.7294,20.2928,-0.39746,1e-04,"yes",0.000607470334412082,"Not_significant"
"DCUN1D4","Mock","ZIKV",20.2381,15.4053,-0.393647,1e-04,"yes",0.000607470334412082,"Not_significant"
"SIX3","Mock","ZIKV",28.2463,21.5165,-0.39262,1e-04,"yes",0.000607470334412082,"Not_significant"
"PSMB2","Mock","ZIKV",35.1937,26.841,-0.390881,1e-04,"yes",0.000607470334412082,"Not_significant"
"APLP2","Mock","ZIKV",118.068,90.282,-0.387113,1e-04,"yes",0.000607470334412082,"Not_significant"
"PLEKHG2","Mock","ZIKV",32.3661,24.8029,-0.383976,1e-04,"yes",0.000607470334412082,"Not_significant"
"DOT1L","Mock","ZIKV",35.2971,27.0986,-0.381333,1e-04,"yes",0.000607470334412082,"Not_significant"
"SRPK1","Mock","ZIKV",23.4997,18.0479,-0.380813,1e-04,"yes",0.000607470334412082,"Not_significant"
"GSTP1","Mock","ZIKV",412.332,317.704,-0.376124,1e-04,"yes",0.000607470334412082,"Not_significant"
"IDH2","Mock","ZIKV",73.9846,57.0216,-0.375718,1e-04,"yes",0.000607470334412082,"Not_significant"
"HN1","Mock","ZIKV",162.914,125.803,-0.372952,1e-04,"yes",0.000607470334412082,"Not_significant"
"MLLT6","Mock","ZIKV",24.7804,19.15,-0.37186,1e-04,"yes",0.000607470334412082,"Not_significant"
"NCAN","Mock","ZIKV",24.4952,18.9345,-0.371483,1e-04,"yes",0.000607470334412082,"Not_significant"
"ZMYND8","Mock","ZIKV",25.3505,19.6234,-0.369445,1e-04,"yes",0.000607470334412082,"Not_significant"
"SORT1","Mock","ZIKV",27.838,21.6587,-0.362107,1e-04,"yes",0.000607470334412082,"Not_significant"
"CKB","Mock","ZIKV",934.434,728.57,-0.359025,1e-04,"yes",0.000607470334412082,"Not_significant"
"MIR100HG","Mock","ZIKV",31.6576,24.8278,-0.350598,1e-04,"yes",0.000607470334412082,"Not_significant"
"HMGCR","Mock","ZIKV",119.178,152.735,0.357913,1e-04,"yes",0.000607470334412082,"Not_significant"
"AKAP6","Mock","ZIKV",12.8656,16.546,0.362959,1e-04,"yes",0.000607470334412082,"Not_significant"
"DHCR7","Mock","ZIKV",51.8556,67.2864,0.375815,1e-04,"yes",0.000607470334412082,"Not_significant"
"TAOK2","Mock","ZIKV",19.818,25.7206,0.376109,1e-04,"yes",0.000607470334412082,"Not_significant"
"FAM3C","Mock","ZIKV",30.1049,39.0926,0.376897,1e-04,"yes",0.000607470334412082,"Not_significant"
"KAT6A","Mock","ZIKV",27.1209,35.2742,0.379205,1e-04,"yes",0.000607470334412082,"Not_significant"
"SLC44A2","Mock","ZIKV",71.4523,92.982,0.379972,1e-04,"yes",0.000607470334412082,"Not_significant"
"FAM107B","Mock","ZIKV",27.1022,35.2953,0.381064,1e-04,"yes",0.000607470334412082,"Not_significant"
"OXSR1","Mock","ZIKV",22.9733,29.9613,0.383137,1e-04,"yes",0.000607470334412082,"Not_significant"
"MTSS1","Mock","ZIKV",13.3665,17.4373,0.383553,1e-04,"yes",0.000607470334412082,"Not_significant"
"TKT","Mock","ZIKV",131.738,171.867,0.38363,1e-04,"yes",0.000607470334412082,"Not_significant"
"WDR60","Mock","ZIKV",11.8364,15.4556,0.384897,1e-04,"yes",0.000607470334412082,"Not_significant"
"PACS1","Mock","ZIKV",17.0551,22.275,0.385221,1e-04,"yes",0.000607470334412082,"Not_significant"
"UVSSA","Mock","ZIKV",14.3228,18.7084,0.385376,1e-04,"yes",0.000607470334412082,"Not_significant"
"CRIPAK","Mock","ZIKV",16.6023,21.6972,0.386126,1e-04,"yes",0.000607470334412082,"Not_significant"
"R3HDM2","Mock","ZIKV",24.7993,32.4308,0.387065,1e-04,"yes",0.000607470334412082,"Not_significant"
"SEC24C","Mock","ZIKV",28.6855,37.5722,0.389345,1e-04,"yes",0.000607470334412082,"Not_significant"
"MEF2A","Mock","ZIKV",13.1605,17.2528,0.390614,1e-04,"yes",0.000607470334412082,"Not_significant"
"UBL3","Mock","ZIKV",18.4763,24.3229,0.396639,1e-04,"yes",0.000607470334412082,"Not_significant"
"ARL1","Mock","ZIKV",13.726,18.0742,0.397018,1e-04,"yes",0.000607470334412082,"Not_significant"
"TSPAN7","Mock","ZIKV",45.8157,60.3403,0.39728,1e-04,"yes",0.000607470334412082,"Not_significant"
"NHSL1","Mock","ZIKV",21.18,27.9168,0.398434,1e-04,"yes",0.000607470334412082,"Not_significant"
"ZC3H15","Mock","ZIKV",36.6735,48.3399,0.398474,1e-04,"yes",0.000607470334412082,"Not_significant"
"RPS6KA2","Mock","ZIKV",18.3795,24.2957,0.402599,1e-04,"yes",0.000607470334412082,"Not_significant"
"MAPK8IP2","Mock","ZIKV",20.0449,26.5033,0.402935,1e-04,"yes",0.000607470334412082,"Not_significant"
"RNF185","Mock","ZIKV",16.9693,22.4857,0.406079,1e-04,"yes",0.000607470334412082,"Not_significant"
"BRD2","Mock","ZIKV",91.1049,120.95,0.408805,1e-04,"yes",0.000607470334412082,"Not_significant"
"RNF187","Mock","ZIKV",30.6912,40.8158,0.411302,1e-04,"yes",0.000607470334412082,"Not_significant"
"PARD3B","Mock","ZIKV",6.02554,8.03244,0.414749,1e-04,"yes",0.000607470334412082,"Not_significant"
"GLCCI1","Mock","ZIKV",11.4326,15.2427,0.414959,1e-04,"yes",0.000607470334412082,"Not_significant"
"UBR1","Mock","ZIKV",7.6422,10.1967,0.416047,1e-04,"yes",0.000607470334412082,"Not_significant"
"RSBN1","Mock","ZIKV",9.60107,12.8723,0.422999,1e-04,"yes",0.000607470334412082,"Not_significant"
"TMEM65","Mock","ZIKV",8.16168,10.9473,0.423636,1e-04,"yes",0.000607470334412082,"Not_significant"
"ARHGAP39","Mock","ZIKV",10.2913,13.8234,0.425692,1e-04,"yes",0.000607470334412082,"Not_significant"
"FDXR","Mock","ZIKV",16.7499,22.5085,0.426312,1e-04,"yes",0.000607470334412082,"Not_significant"
"SLC2A3","Mock","ZIKV",7.54253,10.136,0.426361,1e-04,"yes",0.000607470334412082,"Not_significant"
"NEMF","Mock","ZIKV",18.5766,24.9661,0.426486,1e-04,"yes",0.000607470334412082,"Not_significant"
"RIMS2","Mock","ZIKV",4.94013,6.64303,0.427291,1e-04,"yes",0.000607470334412082,"Not_significant"
"RAP1B","Mock","ZIKV",47.744,64.2077,0.427428,1e-04,"yes",0.000607470334412082,"Not_significant"
"VPS54","Mock","ZIKV",12.7746,17.192,0.428463,1e-04,"yes",0.000607470334412082,"Not_significant"
"AXIN1","Mock","ZIKV",10.6469,14.3797,0.433598,1e-04,"yes",0.000607470334412082,"Not_significant"
"FBXL12","Mock","ZIKV",12.1666,16.4611,0.43613,1e-04,"yes",0.000607470334412082,"Not_significant"
"SBNO2","Mock","ZIKV",6.73165,9.10777,0.436138,1e-04,"yes",0.000607470334412082,"Not_significant"
"SLC26A11","Mock","ZIKV",11.1578,15.1676,0.442939,1e-04,"yes",0.000607470334412082,"Not_significant"
"TMEM55A","Mock","ZIKV",8.23411,11.2029,0.444184,1e-04,"yes",0.000607470334412082,"Not_significant"
"PPP1R17","Mock","ZIKV",20.7492,28.2969,0.447589,1e-04,"yes",0.000607470334412082,"Not_significant"
"KCTD6","Mock","ZIKV",21.8781,29.8495,0.44822,1e-04,"yes",0.000607470334412082,"Not_significant"
"LRRN3","Mock","ZIKV",21.2098,28.9681,0.449733,1e-04,"yes",0.000607470334412082,"Not_significant"
"WWC1","Mock","ZIKV",4.31176,5.8961,0.451483,1e-04,"yes",0.000607470334412082,"Not_significant"
"BNIP2","Mock","ZIKV",18.2421,25.0347,0.456661,1e-04,"yes",0.000607470334412082,"Not_significant"
"ZNF319","Mock","ZIKV",5.66602,7.7761,0.456712,1e-04,"yes",0.000607470334412082,"Not_significant"
"NOL7","Mock","ZIKV",38.2344,52.5293,0.458252,1e-04,"yes",0.000607470334412082,"Not_significant"
"PROSC","Mock","ZIKV",12.1736,16.7484,0.460263,1e-04,"yes",0.000607470334412082,"Not_significant"
"RRP36","Mock","ZIKV",27.7114,38.1644,0.46175,1e-04,"yes",0.000607470334412082,"Not_significant"
"MAP2K5","Mock","ZIKV",10.8738,14.9921,0.463355,1e-04,"yes",0.000607470334412082,"Not_significant"
"RBBP6","Mock","ZIKV",26.9385,37.1676,0.464377,1e-04,"yes",0.000607470334412082,"Not_significant"
"SH2D3C","Mock","ZIKV",17.3596,23.9959,0.467053,1e-04,"yes",0.000607470334412082,"Not_significant"
"CELF6","Mock","ZIKV",7.94136,10.9785,0.467229,1e-04,"yes",0.000607470334412082,"Not_significant"
"TYW1","Mock","ZIKV",5.66931,7.85085,0.469676,1e-04,"yes",0.000607470334412082,"Not_significant"
"PSD","Mock","ZIKV",18.2511,25.3297,0.472844,1e-04,"yes",0.000607470334412082,"Not_significant"
"LMBRD2","Mock","ZIKV",5.78577,8.03457,0.473713,1e-04,"yes",0.000607470334412082,"Not_significant"
"BCKDHA","Mock","ZIKV",19.0052,26.4116,0.474772,1e-04,"yes",0.000607470334412082,"Not_significant"
"ADCK3","Mock","ZIKV",6.06471,8.48046,0.483706,1e-04,"yes",0.000607470334412082,"Not_significant"
"CTAGE5","Mock","ZIKV",7.01997,9.82154,0.484485,1e-04,"yes",0.000607470334412082,"Not_significant"
"STX1A","Mock","ZIKV",11.6569,16.323,0.485728,1e-04,"yes",0.000607470334412082,"Not_significant"
"DNAJB4","Mock","ZIKV",6.47677,9.09611,0.489976,1e-04,"yes",0.000607470334412082,"Not_significant"
"ZNF606","Mock","ZIKV",6.78257,9.54472,0.49287,1e-04,"yes",0.000607470334412082,"Not_significant"
"EID2","Mock","ZIKV",18.4496,25.989,0.494316,1e-04,"yes",0.000607470334412082,"Not_significant"
"PDE9A","Mock","ZIKV",13.8368,19.548,0.498505,1e-04,"yes",0.000607470334412082,"Not_significant"
"MFSD9","Mock","ZIKV",5.36101,7.59527,0.502596,1e-04,"yes",0.000607470334412082,"Not_significant"
"KIFC3","Mock","ZIKV",5.39668,7.69007,0.510924,1e-04,"yes",0.000607470334412082,"Not_significant"
"ZNF440","Mock","ZIKV",7.6417,10.8969,0.511947,1e-04,"yes",0.000607470334412082,"Not_significant"
"ZNF14","Mock","ZIKV",4.05359,5.86735,0.53351,1e-04,"yes",0.000607470334412082,"Not_significant"
"GTF2E2","Mock","ZIKV",13.5314,19.5946,0.534151,1e-04,"yes",0.000607470334412082,"Not_significant"
"PCDH10","Mock","ZIKV",2.67285,3.88083,0.537985,1e-04,"yes",0.000607470334412082,"Not_significant"
"ZNF830","Mock","ZIKV",8.00295,11.7124,0.549437,1e-04,"yes",0.000607470334412082,"Not_significant"
"BCL10","Mock","ZIKV",3.69363,5.41367,0.551567,1e-04,"yes",0.000607470334412082,"Not_significant"
"LOC285074","Mock","ZIKV",6.08589,8.99441,0.56356,1e-04,"yes",0.000607470334412082,"Not_significant"
"BCL11B","Mock","ZIKV",1.14359,1.69554,0.568179,1e-04,"yes",0.000607470334412082,"Not_significant"
"GEMIN2","Mock","ZIKV",9.24617,13.7644,0.574009,1e-04,"yes",0.000607470334412082,"Not_significant"
"ZNF416","Mock","ZIKV",3.76343,5.60411,0.574435,1e-04,"yes",0.000607470334412082,"Not_significant"
"ZNF671","Mock","ZIKV",4.01219,5.97987,0.575723,1e-04,"yes",0.000607470334412082,"Not_significant"
"GPR19","Mock","ZIKV",6.72551,10.0338,0.577157,1e-04,"yes",0.000607470334412082,"Not_significant"
"ZFAND2A","Mock","ZIKV",12.3084,18.4528,0.584197,1e-04,"yes",0.000607470334412082,"Not_significant"
"TACO1","Mock","ZIKV",8.16028,12.2385,0.584735,1e-04,"yes",0.000607470334412082,"Not_significant"
"BMP3","Mock","ZIKV",1.6003,2.41113,0.591365,1e-04,"yes",0.000607470334412082,"Not_significant"
"GRIN2D","Mock","ZIKV",2.61484,3.9418,0.59213,1e-04,"yes",0.000607470334412082,"Not_significant"
"OGFRL1","Mock","ZIKV",8.50999,12.8691,0.596678,1e-04,"yes",0.000607470334412082,"Not_significant"
"FAM161B","Mock","ZIKV",4.49624,7.00554,0.639778,1e-04,"yes",0.000607470334412082,"Not_significant"
"ZNF222","Mock","ZIKV",4.25794,6.65664,0.644638,1e-04,"yes",0.000607470334412082,"Not_significant"
"UBE2W","Mock","ZIKV",5.68272,8.97626,0.659533,1e-04,"yes",0.000607470334412082,"Not_significant"
"MCTP1","Mock","ZIKV",1.80269,2.88044,0.676138,1e-04,"yes",0.000607470334412082,"Not_significant"
"IRF2","Mock","ZIKV",2.20823,3.54924,0.684617,1e-04,"yes",0.000607470334412082,"Not_significant"
"BEND4","Mock","ZIKV",0.696026,1.15796,0.734377,1e-04,"yes",0.000607470334412082,"Not_significant"
"AHR","Mock","ZIKV",0.742165,1.235,0.734695,1e-04,"yes",0.000607470334412082,"Not_significant"
"INPP5J","Mock","ZIKV",2.31863,3.96256,0.773162,1e-04,"yes",0.000607470334412082,"Not_significant"
"LOC389765","Mock","ZIKV",3.58497,6.14681,0.777878,1e-04,"yes",0.000607470334412082,"Not_significant"
"CDH18","Mock","ZIKV",1.2258,2.20191,0.845039,1e-04,"yes",0.000607470334412082,"Not_significant"
"NCEH1","Mock","ZIKV",0.728666,1.31001,0.846247,1e-04,"yes",0.000607470334412082,"Not_significant"
"MCEE","Mock","ZIKV",4.29303,7.75076,0.85234,1e-04,"yes",0.000607470334412082,"Not_significant"
"TNFSF9","Mock","ZIKV",1.79882,3.42597,0.929459,1e-04,"yes",0.000607470334412082,"Not_significant"
"TBC1D3F","Mock","ZIKV",1.27914,2.46309,0.945301,1e-04,"yes",0.000607470334412082,"Not_significant"
"ZNF625","Mock","ZIKV",5.034,9.99525,0.989538,1e-04,"yes",0.000607470334412082,"Not_significant"
"FAS","Mock","ZIKV",1.68872,3.93345,1.21986,1e-04,"yes",0.000607470334412082,"Up_in_ZIKV"
"EFCAB4B","Mock","ZIKV",0.239147,0.843297,1.81814,1e-04,"yes",0.000607470334412082,"Up_in_ZIKV"
"SCN1B","Mock","ZIKV",1.4483,0.449203,-1.68892,0.00015,"yes",0.000881259780907668,"Down_in_ZIKV"
"LOC282997","Mock","ZIKV",1.62039,0.708309,-1.19389,0.00015,"yes",0.000881259780907668,"Down_in_ZIKV"
"SLC39A8","Mock","ZIKV",1.21779,0.540772,-1.17118,0.00015,"yes",0.000881259780907668,"Down_in_ZIKV"
"SHMT1","Mock","ZIKV",9.5259,4.39305,-1.11663,0.00015,"yes",0.000881259780907668,"Down_in_ZIKV"
"WDR49","Mock","ZIKV",1.49017,0.687813,-1.11539,0.00015,"yes",0.000881259780907668,"Down_in_ZIKV"
"HTR7P1","Mock","ZIKV",0.742192,0.358416,-1.05016,0.00015,"yes",0.000881259780907668,"Down_in_ZIKV"
"C2orf16","Mock","ZIKV",0.690785,0.34132,-1.01711,0.00015,"yes",0.000881259780907668,"Down_in_ZIKV"
"LOC143666","Mock","ZIKV",2.14344,1.06139,-1.01397,0.00015,"yes",0.000881259780907668,"Down_in_ZIKV"
"NAGPA","Mock","ZIKV",2.62362,1.30827,-1.00389,0.00015,"yes",0.000881259780907668,"Down_in_ZIKV"
"LOC401052","Mock","ZIKV",2.74725,1.45675,-0.915236,0.00015,"yes",0.000881259780907668,"Not_significant"
"LOC81691","Mock","ZIKV",4.04174,2.15892,-0.904663,0.00015,"yes",0.000881259780907668,"Not_significant"
"OGT","Mock","ZIKV",84.1767,45.8124,-0.877684,0.00015,"yes",0.000881259780907668,"Not_significant"
"FAM226A","Mock","ZIKV",3.32658,1.8918,-0.814277,0.00015,"yes",0.000881259780907668,"Not_significant"
"NENF","Mock","ZIKV",8.05869,4.66399,-0.788982,0.00015,"yes",0.000881259780907668,"Not_significant"
"ADAMTS12","Mock","ZIKV",1.22198,0.716096,-0.770993,0.00015,"yes",0.000881259780907668,"Not_significant"
"C14orf80","Mock","ZIKV",4.66728,2.74541,-0.765562,0.00015,"yes",0.000881259780907668,"Not_significant"
"IGSF11","Mock","ZIKV",1.93684,1.14845,-0.754009,0.00015,"yes",0.000881259780907668,"Not_significant"
"THEM6","Mock","ZIKV",4.34152,2.59374,-0.743164,0.00015,"yes",0.000881259780907668,"Not_significant"
"RANGRF","Mock","ZIKV",16.7645,10.3744,-0.692387,0.00015,"yes",0.000881259780907668,"Not_significant"
"COQ2","Mock","ZIKV",5.00156,3.10512,-0.68773,0.00015,"yes",0.000881259780907668,"Not_significant"
"CENPW","Mock","ZIKV",34.9481,22.73,-0.620616,0.00015,"yes",0.000881259780907668,"Not_significant"
"ZNF660","Mock","ZIKV",5.3507,3.49019,-0.616422,0.00015,"yes",0.000881259780907668,"Not_significant"
"LY6G5B","Mock","ZIKV",20.3917,13.3065,-0.615853,0.00015,"yes",0.000881259780907668,"Not_significant"
"AKD1","Mock","ZIKV",4.96544,3.25216,-0.610526,0.00015,"yes",0.000881259780907668,"Not_significant"
"PTGR1","Mock","ZIKV",17.7141,11.7044,-0.597841,0.00015,"yes",0.000881259780907668,"Not_significant"
"C7orf63","Mock","ZIKV",3.89633,2.58353,-0.592771,0.00015,"yes",0.000881259780907668,"Not_significant"
"SKA1","Mock","ZIKV",4.19272,2.81613,-0.574173,0.00015,"yes",0.000881259780907668,"Not_significant"
"LOC100506730","Mock","ZIKV",6.51618,4.39794,-0.567199,0.00015,"yes",0.000881259780907668,"Not_significant"
"SLC39A1","Mock","ZIKV",44.3919,30.5107,-0.540984,0.00015,"yes",0.000881259780907668,"Not_significant"
"HIF3A","Mock","ZIKV",8.45027,5.87763,-0.523763,0.00015,"yes",0.000881259780907668,"Not_significant"
"MED20","Mock","ZIKV",9.60586,6.80333,-0.497674,0.00015,"yes",0.000881259780907668,"Not_significant"
"ANKRD20A9P","Mock","ZIKV",0.860592,0.614926,-0.484918,0.00015,"yes",0.000881259780907668,"Not_significant"
"ZFP64","Mock","ZIKV",10.7248,7.67333,-0.483021,0.00015,"yes",0.000881259780907668,"Not_significant"
"ZNF117","Mock","ZIKV",34.6324,25.0212,-0.468972,0.00015,"yes",0.000881259780907668,"Not_significant"
"ABCB8","Mock","ZIKV",5.97324,4.3325,-0.463314,0.00015,"yes",0.000881259780907668,"Not_significant"
"LRFN3","Mock","ZIKV",11.0511,8.04075,-0.458787,0.00015,"yes",0.000881259780907668,"Not_significant"
"MLST8","Mock","ZIKV",30.3878,22.1347,-0.457179,0.00015,"yes",0.000881259780907668,"Not_significant"
"RBM41","Mock","ZIKV",10.5358,7.6744,-0.45717,0.00015,"yes",0.000881259780907668,"Not_significant"
"NR2C1","Mock","ZIKV",17.7921,13.0041,-0.452277,0.00015,"yes",0.000881259780907668,"Not_significant"
"TIMM13","Mock","ZIKV",17.6164,12.8821,-0.45155,0.00015,"yes",0.000881259780907668,"Not_significant"
"APCDD1","Mock","ZIKV",15.3,11.2116,-0.448543,0.00015,"yes",0.000881259780907668,"Not_significant"
"HKR1","Mock","ZIKV",17.9837,13.2081,-0.445261,0.00015,"yes",0.000881259780907668,"Not_significant"
"MSL3","Mock","ZIKV",12.8229,9.48577,-0.434889,0.00015,"yes",0.000881259780907668,"Not_significant"
"BABAM1","Mock","ZIKV",35.4241,26.2298,-0.433523,0.00015,"yes",0.000881259780907668,"Not_significant"
"ALG13","Mock","ZIKV",13.5059,10.0344,-0.428643,0.00015,"yes",0.000881259780907668,"Not_significant"
"HAUS5","Mock","ZIKV",9.26745,6.92037,-0.421322,0.00015,"yes",0.000881259780907668,"Not_significant"
"CCDC177","Mock","ZIKV",11.1629,8.3535,-0.418257,0.00015,"yes",0.000881259780907668,"Not_significant"
"USB1","Mock","ZIKV",28.1551,21.072,-0.418066,0.00015,"yes",0.000881259780907668,"Not_significant"
"STRADA","Mock","ZIKV",31.4031,23.5383,-0.415898,0.00015,"yes",0.000881259780907668,"Not_significant"
"PPAP2B","Mock","ZIKV",30.8347,23.2093,-0.409852,0.00015,"yes",0.000881259780907668,"Not_significant"
"CRTAP","Mock","ZIKV",8.03855,6.09691,-0.398857,0.00015,"yes",0.000881259780907668,"Not_significant"
"CTSB","Mock","ZIKV",34.9185,26.5015,-0.397921,0.00015,"yes",0.000881259780907668,"Not_significant"
"CDKN1C","Mock","ZIKV",92.9759,70.939,-0.390278,0.00015,"yes",0.000881259780907668,"Not_significant"
"DBNL","Mock","ZIKV",41.7882,31.8978,-0.389639,0.00015,"yes",0.000881259780907668,"Not_significant"
"RAN","Mock","ZIKV",352.569,271.069,-0.379246,0.00015,"yes",0.000881259780907668,"Not_significant"
"PRRT2","Mock","ZIKV",49.3728,38.113,-0.373433,0.00015,"yes",0.000881259780907668,"Not_significant"
"IP6K2","Mock","ZIKV",96.9169,74.8332,-0.373069,0.00015,"yes",0.000881259780907668,"Not_significant"
"HSBP1","Mock","ZIKV",103.626,80.0935,-0.371633,0.00015,"yes",0.000881259780907668,"Not_significant"
"LSAMP","Mock","ZIKV",25.5275,19.9142,-0.358254,0.00015,"yes",0.000881259780907668,"Not_significant"
"LCOR","Mock","ZIKV",16.7532,21.4426,0.356047,0.00015,"yes",0.000881259780907668,"Not_significant"
"IK","Mock","ZIKV",62.3332,80.0066,0.360119,0.00015,"yes",0.000881259780907668,"Not_significant"
"LUC7L","Mock","ZIKV",84.0812,108.355,0.365911,0.00015,"yes",0.000881259780907668,"Not_significant"
"BRSK1","Mock","ZIKV",39.8267,51.366,0.367079,0.00015,"yes",0.000881259780907668,"Not_significant"
"PURB","Mock","ZIKV",12.8874,16.6998,0.373869,0.00015,"yes",0.000881259780907668,"Not_significant"
"FOXK1","Mock","ZIKV",17.345,22.4805,0.374156,0.00015,"yes",0.000881259780907668,"Not_significant"
"PTPN4","Mock","ZIKV",4.06814,5.27968,0.376083,0.00015,"yes",0.000881259780907668,"Not_significant"
"ARID4B","Mock","ZIKV",20.6465,26.8273,0.377805,0.00015,"yes",0.000881259780907668,"Not_significant"
"TRAPPC9","Mock","ZIKV",15.4993,20.224,0.383869,0.00015,"yes",0.000881259780907668,"Not_significant"
"TMCO1","Mock","ZIKV",18.2556,23.8898,0.38805,0.00015,"yes",0.000881259780907668,"Not_significant"
"ATXN1L","Mock","ZIKV",8.70207,11.4026,0.389932,0.00015,"yes",0.000881259780907668,"Not_significant"
"PCF11","Mock","ZIKV",13.3226,17.4683,0.390861,0.00015,"yes",0.000881259780907668,"Not_significant"
"SIKE1","Mock","ZIKV",9.65647,12.6707,0.391933,0.00015,"yes",0.000881259780907668,"Not_significant"
"CXXC4","Mock","ZIKV",20.091,26.3661,0.392136,0.00015,"yes",0.000881259780907668,"Not_significant"
"MORC2","Mock","ZIKV",14.2815,18.7922,0.395985,0.00015,"yes",0.000881259780907668,"Not_significant"
"PKD1P1","Mock","ZIKV",73.5097,96.7418,0.396205,0.00015,"yes",0.000881259780907668,"Not_significant"
"REPS1","Mock","ZIKV",23.5476,31.0412,0.398601,0.00015,"yes",0.000881259780907668,"Not_significant"
"KIAA0513","Mock","ZIKV",6.07921,8.02637,0.400862,0.00015,"yes",0.000881259780907668,"Not_significant"
"PCMTD1","Mock","ZIKV",21.4158,28.2844,0.401329,0.00015,"yes",0.000881259780907668,"Not_significant"
"FMR1","Mock","ZIKV",23.0684,30.4753,0.401723,0.00015,"yes",0.000881259780907668,"Not_significant"
"RANBP10","Mock","ZIKV",9.97564,13.1839,0.402299,0.00015,"yes",0.000881259780907668,"Not_significant"
"PWWP2A","Mock","ZIKV",12.2405,16.2397,0.407856,0.00015,"yes",0.000881259780907668,"Not_significant"
"CAMLG","Mock","ZIKV",22.2582,29.7317,0.417665,0.00015,"yes",0.000881259780907668,"Not_significant"
"DYM","Mock","ZIKV",14.6835,19.6366,0.419343,0.00015,"yes",0.000881259780907668,"Not_significant"
"MAPK9","Mock","ZIKV",14.7635,19.7511,0.419897,0.00015,"yes",0.000881259780907668,"Not_significant"
"PDCD7","Mock","ZIKV",10.8337,14.5579,0.42628,0.00015,"yes",0.000881259780907668,"Not_significant"
"RNF14","Mock","ZIKV",10.1348,13.6387,0.428384,0.00015,"yes",0.000881259780907668,"Not_significant"
"SURF6","Mock","ZIKV",12.1957,16.4433,0.431129,0.00015,"yes",0.000881259780907668,"Not_significant"
"RWDD1","Mock","ZIKV",39.1546,52.8127,0.431703,0.00015,"yes",0.000881259780907668,"Not_significant"
"CAPN5","Mock","ZIKV",4.92341,6.64202,0.431964,0.00015,"yes",0.000881259780907668,"Not_significant"
"ERC2","Mock","ZIKV",4.72194,6.38283,0.434816,0.00015,"yes",0.000881259780907668,"Not_significant"
"RFX2","Mock","ZIKV",5.02575,6.8008,0.436365,0.00015,"yes",0.000881259780907668,"Not_significant"
"EPHA5","Mock","ZIKV",2.4658,3.3527,0.443266,0.00015,"yes",0.000881259780907668,"Not_significant"
"RP2","Mock","ZIKV",8.63759,11.7473,0.443623,0.00015,"yes",0.000881259780907668,"Not_significant"
"PRKAR1A","Mock","ZIKV",108.337,147.617,0.446342,0.00015,"yes",0.000881259780907668,"Not_significant"
"CDKN2D","Mock","ZIKV",27.8822,38.107,0.45071,0.00015,"yes",0.000881259780907668,"Not_significant"
"SRA1","Mock","ZIKV",19.8984,27.2293,0.45251,0.00015,"yes",0.000881259780907668,"Not_significant"
"SULT4A1","Mock","ZIKV",10.8322,14.847,0.454846,0.00015,"yes",0.000881259780907668,"Not_significant"
"DEDD2","Mock","ZIKV",12.7324,17.578,0.465266,0.00015,"yes",0.000881259780907668,"Not_significant"
"SLC19A2","Mock","ZIKV",7.84347,10.8375,0.466475,0.00015,"yes",0.000881259780907668,"Not_significant"
"CCDC91","Mock","ZIKV",8.96819,12.4988,0.478903,0.00015,"yes",0.000881259780907668,"Not_significant"
"SLC9A1","Mock","ZIKV",5.09466,7.16035,0.491044,0.00015,"yes",0.000881259780907668,"Not_significant"
"C14orf169","Mock","ZIKV",6.46101,9.10293,0.494571,0.00015,"yes",0.000881259780907668,"Not_significant"
"RUNDC3B","Mock","ZIKV",3.77253,5.36178,0.507182,0.00015,"yes",0.000881259780907668,"Not_significant"
"PLAA","Mock","ZIKV",10.4779,14.9089,0.508823,0.00015,"yes",0.000881259780907668,"Not_significant"
"FN3K","Mock","ZIKV",8.69971,12.5023,0.523148,0.00015,"yes",0.000881259780907668,"Not_significant"
"SCYL1","Mock","ZIKV",18.587,26.9259,0.534704,0.00015,"yes",0.000881259780907668,"Not_significant"
"ATXN7L1","Mock","ZIKV",3.42522,4.96734,0.536276,0.00015,"yes",0.000881259780907668,"Not_significant"
"CLVS2","Mock","ZIKV",5.2816,7.68396,0.540876,0.00015,"yes",0.000881259780907668,"Not_significant"
"BAG3","Mock","ZIKV",6.52804,9.54724,0.548434,0.00015,"yes",0.000881259780907668,"Not_significant"
"SGPP1","Mock","ZIKV",4.50012,6.58862,0.550014,0.00015,"yes",0.000881259780907668,"Not_significant"
"COLQ","Mock","ZIKV",3.86845,5.66527,0.550388,0.00015,"yes",0.000881259780907668,"Not_significant"
"MOCS3","Mock","ZIKV",4.52234,6.68471,0.563797,0.00015,"yes",0.000881259780907668,"Not_significant"
"PCDH8","Mock","ZIKV",2.43654,3.61903,0.570766,0.00015,"yes",0.000881259780907668,"Not_significant"
"ACHE","Mock","ZIKV",4.45661,6.69182,0.586452,0.00015,"yes",0.000881259780907668,"Not_significant"
"ZNF443","Mock","ZIKV",2.89476,4.35844,0.590368,0.00015,"yes",0.000881259780907668,"Not_significant"
"PHYHIPL","Mock","ZIKV",10.2146,15.5134,0.602877,0.00015,"yes",0.000881259780907668,"Not_significant"
"ZNF280B","Mock","ZIKV",1.82735,2.79338,0.612261,0.00015,"yes",0.000881259780907668,"Not_significant"
"RDH13","Mock","ZIKV",3.52718,5.58311,0.662552,0.00015,"yes",0.000881259780907668,"Not_significant"
"DNAJC2","Mock","ZIKV",13.4098,21.5606,0.685111,0.00015,"yes",0.000881259780907668,"Not_significant"
"FILIP1L","Mock","ZIKV",4.55957,7.418,0.702132,0.00015,"yes",0.000881259780907668,"Not_significant"
"ZNF2","Mock","ZIKV",1.35711,2.22053,0.710372,0.00015,"yes",0.000881259780907668,"Not_significant"
"IER3","Mock","ZIKV",3.73121,6.18019,0.728008,0.00015,"yes",0.000881259780907668,"Not_significant"
"CPNE4","Mock","ZIKV",1.79285,2.98958,0.737686,0.00015,"yes",0.000881259780907668,"Not_significant"
"RXRG","Mock","ZIKV",1.17287,2.23753,0.931863,0.00015,"yes",0.000881259780907668,"Not_significant"
"RNF217","Mock","ZIKV",0.877218,1.87759,1.09788,0.00015,"yes",0.000881259780907668,"Up_in_ZIKV"
"CLDN1","Mock","ZIKV",0.296977,0.734374,1.30616,0.00015,"yes",0.000881259780907668,"Up_in_ZIKV"
"CDC20B","Mock","ZIKV",3.83895,0.353524,-3.44083,2e-04,"yes",0.00114835585011471,"Down_in_ZIKV"
"UBXN10","Mock","ZIKV",1.01625,0.421767,-1.26874,2e-04,"yes",0.00114835585011471,"Down_in_ZIKV"
"LINC00648","Mock","ZIKV",1.07456,0.483233,-1.15296,2e-04,"yes",0.00114835585011471,"Down_in_ZIKV"
"FAM86HP","Mock","ZIKV",1.91831,0.974848,-0.976589,2e-04,"yes",0.00114835585011471,"Not_significant"
"BRI3BP","Mock","ZIKV",3.80901,1.9962,-0.932161,2e-04,"yes",0.00114835585011471,"Not_significant"
"DOCK10","Mock","ZIKV",0.632454,0.333188,-0.924624,2e-04,"yes",0.00114835585011471,"Not_significant"
"CSRP1","Mock","ZIKV",2.99962,1.65341,-0.859339,2e-04,"yes",0.00114835585011471,"Not_significant"
"THOC6","Mock","ZIKV",13.5605,7.55431,-0.844038,2e-04,"yes",0.00114835585011471,"Not_significant"
"TRPV1","Mock","ZIKV",5.74274,3.50801,-0.711086,2e-04,"yes",0.00114835585011471,"Not_significant"
"LOC284023","Mock","ZIKV",3.19073,1.99486,-0.677599,2e-04,"yes",0.00114835585011471,"Not_significant"
"GDF11","Mock","ZIKV",24.3365,15.6157,-0.640128,2e-04,"yes",0.00114835585011471,"Not_significant"
"CDR1","Mock","ZIKV",8.30821,5.39877,-0.621908,2e-04,"yes",0.00114835585011471,"Not_significant"
"MTRF1","Mock","ZIKV",4.87374,3.21208,-0.601522,2e-04,"yes",0.00114835585011471,"Not_significant"
"KPTN","Mock","ZIKV",8.25018,5.45203,-0.597633,2e-04,"yes",0.00114835585011471,"Not_significant"
"SPDYE7P","Mock","ZIKV",2.02198,1.35693,-0.575424,2e-04,"yes",0.00114835585011471,"Not_significant"
"RFXAP","Mock","ZIKV",5.85958,3.98611,-0.555814,2e-04,"yes",0.00114835585011471,"Not_significant"
"MTG1","Mock","ZIKV",17.6752,12.2188,-0.532626,2e-04,"yes",0.00114835585011471,"Not_significant"
"ZBTB47","Mock","ZIKV",3.03981,2.10256,-0.531832,2e-04,"yes",0.00114835585011471,"Not_significant"
"SETMAR","Mock","ZIKV",13.523,9.41835,-0.521867,2e-04,"yes",0.00114835585011471,"Not_significant"
"CTDSPL","Mock","ZIKV",3.9543,2.76301,-0.517183,2e-04,"yes",0.00114835585011471,"Not_significant"
"CYB561D1","Mock","ZIKV",4.16,2.95334,-0.494237,2e-04,"yes",0.00114835585011471,"Not_significant"
"SPATA20","Mock","ZIKV",8.32846,5.91679,-0.493234,2e-04,"yes",0.00114835585011471,"Not_significant"
"UNK","Mock","ZIKV",26.2566,18.8009,-0.481878,2e-04,"yes",0.00114835585011471,"Not_significant"
"NR1H2","Mock","ZIKV",10.7938,7.87205,-0.455396,2e-04,"yes",0.00114835585011471,"Not_significant"
"KCTD12","Mock","ZIKV",4.53214,3.32365,-0.447423,2e-04,"yes",0.00114835585011471,"Not_significant"
"KIAA0195","Mock","ZIKV",37.1953,27.3569,-0.443214,2e-04,"yes",0.00114835585011471,"Not_significant"
"SUV39H2","Mock","ZIKV",11.8677,8.78666,-0.43366,2e-04,"yes",0.00114835585011471,"Not_significant"
"PRDX4","Mock","ZIKV",52.5811,39.0301,-0.429957,2e-04,"yes",0.00114835585011471,"Not_significant"
"DPH5","Mock","ZIKV",19.6111,14.5679,-0.428884,2e-04,"yes",0.00114835585011471,"Not_significant"
"USP1","Mock","ZIKV",24.3717,18.1301,-0.426818,2e-04,"yes",0.00114835585011471,"Not_significant"
"RCBTB2","Mock","ZIKV",10.7651,8.03968,-0.421145,2e-04,"yes",0.00114835585011471,"Not_significant"
"NCOA5","Mock","ZIKV",27.1116,20.8185,-0.381039,2e-04,"yes",0.00114835585011471,"Not_significant"
"DNMT1","Mock","ZIKV",32.9043,25.3162,-0.378215,2e-04,"yes",0.00114835585011471,"Not_significant"
"PHPT1","Mock","ZIKV",84.1983,64.8831,-0.375947,2e-04,"yes",0.00114835585011471,"Not_significant"
"PLEKHJ1","Mock","ZIKV",57.3405,44.4228,-0.368252,2e-04,"yes",0.00114835585011471,"Not_significant"
"SUMO3","Mock","ZIKV",73.5976,57.179,-0.364174,2e-04,"yes",0.00114835585011471,"Not_significant"
"MYL6","Mock","ZIKV",638.553,496.972,-0.361643,2e-04,"yes",0.00114835585011471,"Not_significant"
"APMAP","Mock","ZIKV",54.5543,42.5081,-0.359955,2e-04,"yes",0.00114835585011471,"Not_significant"
"PTBP1","Mock","ZIKV",80.2555,62.6888,-0.356392,2e-04,"yes",0.00114835585011471,"Not_significant"
"MSL1","Mock","ZIKV",54.3082,69.651,0.358974,2e-04,"yes",0.00114835585011471,"Not_significant"
"AGFG1","Mock","ZIKV",14.8549,19.0844,0.361458,2e-04,"yes",0.00114835585011471,"Not_significant"
"SLC38A2","Mock","ZIKV",74.093,95.3638,0.364105,2e-04,"yes",0.00114835585011471,"Not_significant"
"ATP8A1","Mock","ZIKV",9.65436,12.4316,0.36476,2e-04,"yes",0.00114835585011471,"Not_significant"
"SMCR7L","Mock","ZIKV",14.5123,18.7387,0.368744,2e-04,"yes",0.00114835585011471,"Not_significant"
"PSMC6","Mock","ZIKV",47.7458,61.6865,0.36958,2e-04,"yes",0.00114835585011471,"Not_significant"
"ANK3","Mock","ZIKV",21.0712,27.2554,0.371269,2e-04,"yes",0.00114835585011471,"Not_significant"
"KDM4B","Mock","ZIKV",25.8314,33.476,0.373998,2e-04,"yes",0.00114835585011471,"Not_significant"
"SMURF2","Mock","ZIKV",13.8408,17.938,0.374094,2e-04,"yes",0.00114835585011471,"Not_significant"
"FAM193B","Mock","ZIKV",26.7453,34.6881,0.375154,2e-04,"yes",0.00114835585011471,"Not_significant"
"ATP1B2","Mock","ZIKV",16.6656,21.6455,0.377188,2e-04,"yes",0.00114835585011471,"Not_significant"
"TXNIP","Mock","ZIKV",39.6339,51.6223,0.381258,2e-04,"yes",0.00114835585011471,"Not_significant"
"CAPN7","Mock","ZIKV",12.4448,16.22,0.38223,2e-04,"yes",0.00114835585011471,"Not_significant"
"CACNA1E","Mock","ZIKV",3.78161,4.93375,0.383683,2e-04,"yes",0.00114835585011471,"Not_significant"
"KCMF1","Mock","ZIKV",8.20509,10.7681,0.392171,2e-04,"yes",0.00114835585011471,"Not_significant"
"MAPK1","Mock","ZIKV",38.3224,50.3679,0.394317,2e-04,"yes",0.00114835585011471,"Not_significant"
"SNX13","Mock","ZIKV",10.5548,13.932,0.400507,2e-04,"yes",0.00114835585011471,"Not_significant"
"INPP5E","Mock","ZIKV",14.5695,19.261,0.402738,2e-04,"yes",0.00114835585011471,"Not_significant"
"WBP2","Mock","ZIKV",50.7657,67.2511,0.405702,2e-04,"yes",0.00114835585011471,"Not_significant"
"HDAC10","Mock","ZIKV",10.0322,13.2925,0.40598,2e-04,"yes",0.00114835585011471,"Not_significant"
"SSX2IP","Mock","ZIKV",11.5104,15.2566,0.406497,2e-04,"yes",0.00114835585011471,"Not_significant"
"MXI1","Mock","ZIKV",15.1766,20.1925,0.411975,2e-04,"yes",0.00114835585011471,"Not_significant"
"DGKZ","Mock","ZIKV",11.992,15.9569,0.412106,2e-04,"yes",0.00114835585011471,"Not_significant"
"PSD2","Mock","ZIKV",7.10933,9.4615,0.412355,2e-04,"yes",0.00114835585011471,"Not_significant"
"ANKRD13C","Mock","ZIKV",8.88085,11.8354,0.414333,2e-04,"yes",0.00114835585011471,"Not_significant"
"SPG20","Mock","ZIKV",9.86581,13.1876,0.418676,2e-04,"yes",0.00114835585011471,"Not_significant"
"OSTM1","Mock","ZIKV",8.0719,10.8153,0.422091,2e-04,"yes",0.00114835585011471,"Not_significant"
"PTPN14","Mock","ZIKV",2.29159,3.07092,0.422323,2e-04,"yes",0.00114835585011471,"Not_significant"
"NAV3","Mock","ZIKV",3.13917,4.21005,0.423453,2e-04,"yes",0.00114835585011471,"Not_significant"
"ATP8B2","Mock","ZIKV",17.364,23.3579,0.42781,2e-04,"yes",0.00114835585011471,"Not_significant"
"EVI5","Mock","ZIKV",3.89291,5.27972,0.439612,2e-04,"yes",0.00114835585011471,"Not_significant"
"BRIX1","Mock","ZIKV",16.4182,22.5194,0.455876,2e-04,"yes",0.00114835585011471,"Not_significant"
"TBCC","Mock","ZIKV",18.8344,25.9677,0.463353,2e-04,"yes",0.00114835585011471,"Not_significant"
"SIRT2","Mock","ZIKV",20.3859,28.2046,0.468357,2e-04,"yes",0.00114835585011471,"Not_significant"
"NHS","Mock","ZIKV",2.07464,2.87771,0.472063,2e-04,"yes",0.00114835585011471,"Not_significant"
"ZNF644","Mock","ZIKV",17.9706,24.986,0.475486,2e-04,"yes",0.00114835585011471,"Not_significant"
"VAMP4","Mock","ZIKV",7.00093,9.81664,0.487682,2e-04,"yes",0.00114835585011471,"Not_significant"
"GPRIN3","Mock","ZIKV",2.26814,3.21313,0.502472,2e-04,"yes",0.00114835585011471,"Not_significant"
"TAF12","Mock","ZIKV",15.8935,22.6438,0.510676,2e-04,"yes",0.00114835585011471,"Not_significant"
"SCAND3","Mock","ZIKV",2.98636,4.30463,0.527505,2e-04,"yes",0.00114835585011471,"Not_significant"
"ZNF214","Mock","ZIKV",3.61362,5.25281,0.539646,2e-04,"yes",0.00114835585011471,"Not_significant"
"ZNF461","Mock","ZIKV",3.4374,5.06599,0.559527,2e-04,"yes",0.00114835585011471,"Not_significant"
"PYGO1","Mock","ZIKV",7.40565,11.0402,0.57607,2e-04,"yes",0.00114835585011471,"Not_significant"
"SEMA4A","Mock","ZIKV",2.70682,4.0729,0.589454,2e-04,"yes",0.00114835585011471,"Not_significant"
"LOH12CR1","Mock","ZIKV",3.34136,5.26907,0.657113,2e-04,"yes",0.00114835585011471,"Not_significant"
"MEF2C","Mock","ZIKV",0.607075,1.02798,0.759862,2e-04,"yes",0.00114835585011471,"Not_significant"
"SOCS2","Mock","ZIKV",1.85597,3.1457,0.761211,2e-04,"yes",0.00114835585011471,"Not_significant"
"PLEKHA3","Mock","ZIKV",9.41304,18.1492,0.947175,2e-04,"yes",0.00114835585011471,"Not_significant"
"HIST1H2AC","Mock","ZIKV",5.28447,10.9969,1.05727,2e-04,"yes",0.00114835585011471,"Up_in_ZIKV"
"PAX2","Mock","ZIKV",0.314681,0.696903,1.14707,2e-04,"yes",0.00114835585011471,"Up_in_ZIKV"
"RAB26","Mock","ZIKV",1.24381,0.34907,-1.83317,0.00025,"yes",0.00140360169491525,"Down_in_ZIKV"
"ZNF718","Mock","ZIKV",2.84706,1.12033,-1.34556,0.00025,"yes",0.00140360169491525,"Down_in_ZIKV"
"DKK2","Mock","ZIKV",0.959867,0.431414,-1.15376,0.00025,"yes",0.00140360169491525,"Down_in_ZIKV"
"TRIM56","Mock","ZIKV",1.04386,0.471296,-1.14722,0.00025,"yes",0.00140360169491525,"Down_in_ZIKV"
"LOC100129961","Mock","ZIKV",2.40193,1.14703,-1.0663,0.00025,"yes",0.00140360169491525,"Down_in_ZIKV"
"PLAC9","Mock","ZIKV",7.45957,3.68385,-1.01788,0.00025,"yes",0.00140360169491525,"Down_in_ZIKV"
"VIPR2","Mock","ZIKV",0.909797,0.450453,-1.01417,0.00025,"yes",0.00140360169491525,"Down_in_ZIKV"
"VPRBP","Mock","ZIKV",11.9664,6.57759,-0.863359,0.00025,"yes",0.00140360169491525,"Not_significant"
"ZMYND10","Mock","ZIKV",3.39489,1.93663,-0.809819,0.00025,"yes",0.00140360169491525,"Not_significant"
"ZNF582","Mock","ZIKV",2.54168,1.46075,-0.799073,0.00025,"yes",0.00140360169491525,"Not_significant"
"C11orf71","Mock","ZIKV",3.98986,2.36155,-0.756603,0.00025,"yes",0.00140360169491525,"Not_significant"
"FSTL3","Mock","ZIKV",2.52839,1.50325,-0.75013,0.00025,"yes",0.00140360169491525,"Not_significant"
"GOLGA2P5","Mock","ZIKV",3.17648,1.93337,-0.71631,0.00025,"yes",0.00140360169491525,"Not_significant"
"SFXN4","Mock","ZIKV",5.24524,3.22605,-0.701241,0.00025,"yes",0.00140360169491525,"Not_significant"
"FKBP11","Mock","ZIKV",13.5568,8.39085,-0.692127,0.00025,"yes",0.00140360169491525,"Not_significant"
"LUM","Mock","ZIKV",3.66014,2.28177,-0.681744,0.00025,"yes",0.00140360169491525,"Not_significant"
"ZNF691","Mock","ZIKV",5.31501,3.35511,-0.663714,0.00025,"yes",0.00140360169491525,"Not_significant"
"DTWD2","Mock","ZIKV",1.81235,1.17237,-0.628431,0.00025,"yes",0.00140360169491525,"Not_significant"
"RBP1","Mock","ZIKV",15.0277,9.93984,-0.596328,0.00025,"yes",0.00140360169491525,"Not_significant"
"ZNF668","Mock","ZIKV",5.19244,3.44409,-0.592292,0.00025,"yes",0.00140360169491525,"Not_significant"
"ZNF783","Mock","ZIKV",5.58849,4.02227,-0.474449,0.00025,"yes",0.00140360169491525,"Not_significant"
"COA3","Mock","ZIKV",47.5092,34.5083,-0.461264,0.00025,"yes",0.00140360169491525,"Not_significant"
"ERCC1","Mock","ZIKV",36.6105,26.6356,-0.458898,0.00025,"yes",0.00140360169491525,"Not_significant"
"IFT88","Mock","ZIKV",9.14645,6.7267,-0.443313,0.00025,"yes",0.00140360169491525,"Not_significant"
"RPUSD4","Mock","ZIKV",8.78246,6.46132,-0.442796,0.00025,"yes",0.00140360169491525,"Not_significant"
"ANXA2","Mock","ZIKV",23.0501,16.9603,-0.442611,0.00025,"yes",0.00140360169491525,"Not_significant"
"MFSD12","Mock","ZIKV",16.2351,11.956,-0.441379,0.00025,"yes",0.00140360169491525,"Not_significant"
"NMT2","Mock","ZIKV",6.83312,5.06318,-0.432503,0.00025,"yes",0.00140360169491525,"Not_significant"
"FIG4","Mock","ZIKV",13.9284,10.4715,-0.411564,0.00025,"yes",0.00140360169491525,"Not_significant"
"ABCA5","Mock","ZIKV",5.75283,4.32754,-0.410724,0.00025,"yes",0.00140360169491525,"Not_significant"
"IFNAR1","Mock","ZIKV",8.80192,6.62956,-0.408905,0.00025,"yes",0.00140360169491525,"Not_significant"
"CHTOP","Mock","ZIKV",45.6322,34.4948,-0.403673,0.00025,"yes",0.00140360169491525,"Not_significant"
"ICMT","Mock","ZIKV",17.8689,13.5904,-0.39486,0.00025,"yes",0.00140360169491525,"Not_significant"
"C21orf59","Mock","ZIKV",67.9642,51.7397,-0.393503,0.00025,"yes",0.00140360169491525,"Not_significant"
"MAVS","Mock","ZIKV",11.0999,8.48159,-0.388135,0.00025,"yes",0.00140360169491525,"Not_significant"
"ABCF1","Mock","ZIKV",27.3109,20.9146,-0.384971,0.00025,"yes",0.00140360169491525,"Not_significant"
"TMEM14C","Mock","ZIKV",64.8029,49.9817,-0.374661,0.00025,"yes",0.00140360169491525,"Not_significant"
"ACPL2","Mock","ZIKV",28.3198,21.8772,-0.372383,0.00025,"yes",0.00140360169491525,"Not_significant"
"C7orf73","Mock","ZIKV",48.8675,38.0212,-0.36207,0.00025,"yes",0.00140360169491525,"Not_significant"
"SMARCC1","Mock","ZIKV",70.6324,55.0151,-0.360503,0.00025,"yes",0.00140360169491525,"Not_significant"
"RCN2","Mock","ZIKV",193.418,151.455,-0.35283,0.00025,"yes",0.00140360169491525,"Not_significant"
"PAM","Mock","ZIKV",75.0331,59.4814,-0.335088,0.00025,"yes",0.00140360169491525,"Not_significant"
"DAAM1","Mock","ZIKV",38.3475,48.719,0.345355,0.00025,"yes",0.00140360169491525,"Not_significant"
"FAM84B","Mock","ZIKV",21.7515,27.6475,0.346037,0.00025,"yes",0.00140360169491525,"Not_significant"
"PARP6","Mock","ZIKV",45.5705,58.0538,0.34929,0.00025,"yes",0.00140360169491525,"Not_significant"
"KIAA0355","Mock","ZIKV",9.91678,12.6963,0.35646,0.00025,"yes",0.00140360169491525,"Not_significant"
"PICALM","Mock","ZIKV",38.0743,48.8442,0.359369,0.00025,"yes",0.00140360169491525,"Not_significant"
"TLK2","Mock","ZIKV",16.3673,21.0853,0.365418,0.00025,"yes",0.00140360169491525,"Not_significant"
"PHF12","Mock","ZIKV",17.1371,22.0774,0.365449,0.00025,"yes",0.00140360169491525,"Not_significant"
"DNM2","Mock","ZIKV",25.0081,32.2508,0.366937,0.00025,"yes",0.00140360169491525,"Not_significant"
"TRAPPC8","Mock","ZIKV",9.51207,12.2712,0.36745,0.00025,"yes",0.00140360169491525,"Not_significant"
"PPP2R5E","Mock","ZIKV",23.4629,30.3447,0.371063,0.00025,"yes",0.00140360169491525,"Not_significant"
"ASAP1","Mock","ZIKV",13.4489,17.3995,0.371556,0.00025,"yes",0.00140360169491525,"Not_significant"
"NFRKB","Mock","ZIKV",17.3824,22.5114,0.373027,0.00025,"yes",0.00140360169491525,"Not_significant"
"KDM5A","Mock","ZIKV",13.0407,16.8913,0.373257,0.00025,"yes",0.00140360169491525,"Not_significant"
"USP20","Mock","ZIKV",14.6792,19.0354,0.37491,0.00025,"yes",0.00140360169491525,"Not_significant"
"MED12","Mock","ZIKV",16.1006,20.909,0.377008,0.00025,"yes",0.00140360169491525,"Not_significant"
"RELA","Mock","ZIKV",16.5674,21.536,0.378399,0.00025,"yes",0.00140360169491525,"Not_significant"
"CDC42EP4","Mock","ZIKV",45.2765,58.8734,0.378854,0.00025,"yes",0.00140360169491525,"Not_significant"
"PTPRN2","Mock","ZIKV",9.80527,12.7618,0.380198,0.00025,"yes",0.00140360169491525,"Not_significant"
"LPP","Mock","ZIKV",4.79225,6.2504,0.383244,0.00025,"yes",0.00140360169491525,"Not_significant"
"DNAJC13","Mock","ZIKV",10.3447,13.4948,0.383516,0.00025,"yes",0.00140360169491525,"Not_significant"
"RAP1GDS1","Mock","ZIKV",14.954,19.5961,0.390037,0.00025,"yes",0.00140360169491525,"Not_significant"
"TRAF6","Mock","ZIKV",4.61443,6.09006,0.400304,0.00025,"yes",0.00140360169491525,"Not_significant"
"FBXW5","Mock","ZIKV",26.4244,34.883,0.400655,0.00025,"yes",0.00140360169491525,"Not_significant"
"CREBL2","Mock","ZIKV",10.982,14.5426,0.405141,0.00025,"yes",0.00140360169491525,"Not_significant"
"CACNG7","Mock","ZIKV",17.8961,23.7025,0.405397,0.00025,"yes",0.00140360169491525,"Not_significant"
"C7orf60","Mock","ZIKV",7.50234,9.97238,0.410596,0.00025,"yes",0.00140360169491525,"Not_significant"
"FANCF","Mock","ZIKV",9.52686,12.7109,0.415999,0.00025,"yes",0.00140360169491525,"Not_significant"
"EAF1","Mock","ZIKV",15.0804,20.1915,0.421073,0.00025,"yes",0.00140360169491525,"Not_significant"
"DENND4A","Mock","ZIKV",3.33155,4.46128,0.421262,0.00025,"yes",0.00140360169491525,"Not_significant"
"ZNF787","Mock","ZIKV",12.2545,16.5944,0.437385,0.00025,"yes",0.00140360169491525,"Not_significant"
"ATG16L1","Mock","ZIKV",7.44938,10.097,0.438732,0.00025,"yes",0.00140360169491525,"Not_significant"
"MAFF","Mock","ZIKV",9.62802,13.2171,0.457091,0.00025,"yes",0.00140360169491525,"Not_significant"
"COG8","Mock","ZIKV",10.232,14.2911,0.482038,0.00025,"yes",0.00140360169491525,"Not_significant"
"TIPRL","Mock","ZIKV",21.583,30.2282,0.486,0.00025,"yes",0.00140360169491525,"Not_significant"
"LEPREL1","Mock","ZIKV",3.18177,4.5676,0.521607,0.00025,"yes",0.00140360169491525,"Not_significant"
"NSMCE2","Mock","ZIKV",12.8723,18.5405,0.526404,0.00025,"yes",0.00140360169491525,"Not_significant"
"STX4","Mock","ZIKV",6.44178,9.51327,0.562482,0.00025,"yes",0.00140360169491525,"Not_significant"
"JMJD6","Mock","ZIKV",6.85764,10.1535,0.566194,0.00025,"yes",0.00140360169491525,"Not_significant"
"LRRC1","Mock","ZIKV",3.03515,4.51472,0.572871,0.00025,"yes",0.00140360169491525,"Not_significant"
"TTLL11","Mock","ZIKV",3.49166,5.27287,0.594675,0.00025,"yes",0.00140360169491525,"Not_significant"
"SMAD6","Mock","ZIKV",4.83547,7.48116,0.629607,0.00025,"yes",0.00140360169491525,"Not_significant"
"TAF13","Mock","ZIKV",15.4799,24.1761,0.643184,0.00025,"yes",0.00140360169491525,"Not_significant"
"ARHGEF33","Mock","ZIKV",0.378203,0.837969,1.14774,0.00025,"yes",0.00140360169491525,"Up_in_ZIKV"
"CCR6","Mock","ZIKV",0.317903,0.79914,1.32986,0.00025,"yes",0.00140360169491525,"Up_in_ZIKV"
"FUT3","Mock","ZIKV",0.541909,1.39938,1.36866,0.00025,"yes",0.00140360169491525,"Up_in_ZIKV"
"CEBPD","Mock","ZIKV",0.304035,1.54982,2.34979,0.00025,"yes",0.00140360169491525,"Up_in_ZIKV"
"GABRR2","Mock","ZIKV",0.153689,0.898167,2.54697,0.00025,"yes",0.00140360169491525,"Up_in_ZIKV"
"LRRC33","Mock","ZIKV",0.669083,0.166873,-2.00343,3e-04,"yes",0.00165341326156105,"Down_in_ZIKV"
"RIBC2","Mock","ZIKV",1.71876,0.620099,-1.4708,3e-04,"yes",0.00165341326156105,"Down_in_ZIKV"
"MGC72080","Mock","ZIKV",5.98499,2.91222,-1.03923,3e-04,"yes",0.00165341326156105,"Down_in_ZIKV"
"ITGA9","Mock","ZIKV",0.915276,0.451869,-1.0183,3e-04,"yes",0.00165341326156105,"Down_in_ZIKV"
"LOC100128338","Mock","ZIKV",1.3809,0.702189,-0.975677,3e-04,"yes",0.00165341326156105,"Not_significant"
"FAM81A","Mock","ZIKV",1.52287,0.84492,-0.849905,3e-04,"yes",0.00165341326156105,"Not_significant"
"RNASEH2C","Mock","ZIKV",18.557,10.3103,-0.847886,3e-04,"yes",0.00165341326156105,"Not_significant"
"LOC728613","Mock","ZIKV",2.51168,1.50406,-0.739793,3e-04,"yes",0.00165341326156105,"Not_significant"
"HPS1","Mock","ZIKV",5.03635,3.19981,-0.654394,3e-04,"yes",0.00165341326156105,"Not_significant"
"UGT8","Mock","ZIKV",4.41856,2.90822,-0.603438,3e-04,"yes",0.00165341326156105,"Not_significant"
"RPL32P3","Mock","ZIKV",5.34933,3.58805,-0.576161,3e-04,"yes",0.00165341326156105,"Not_significant"
"METTL23","Mock","ZIKV",16.9674,11.5392,-0.55623,3e-04,"yes",0.00165341326156105,"Not_significant"
"CEND1","Mock","ZIKV",10.7107,7.44074,-0.525532,3e-04,"yes",0.00165341326156105,"Not_significant"
"TTC30A","Mock","ZIKV",4.19793,2.96209,-0.50306,3e-04,"yes",0.00165341326156105,"Not_significant"
"MORN2","Mock","ZIKV",33.1916,23.5355,-0.49598,3e-04,"yes",0.00165341326156105,"Not_significant"
"ST3GAL1","Mock","ZIKV",2.71616,1.92736,-0.494944,3e-04,"yes",0.00165341326156105,"Not_significant"
"PET100","Mock","ZIKV",150.828,108.497,-0.475253,3e-04,"yes",0.00165341326156105,"Not_significant"
"DCLRE1A","Mock","ZIKV",5.6516,4.11339,-0.45833,3e-04,"yes",0.00165341326156105,"Not_significant"
"TMEM206","Mock","ZIKV",16.6027,12.1893,-0.445805,3e-04,"yes",0.00165341326156105,"Not_significant"
"EGFEM1P","Mock","ZIKV",7.0846,5.20684,-0.444279,3e-04,"yes",0.00165341326156105,"Not_significant"
"MPI","Mock","ZIKV",15.9111,11.7855,-0.433015,3e-04,"yes",0.00165341326156105,"Not_significant"
"FAM161A","Mock","ZIKV",8.89489,6.61272,-0.427733,3e-04,"yes",0.00165341326156105,"Not_significant"
"PDE3B","Mock","ZIKV",8.11888,6.12485,-0.406606,3e-04,"yes",0.00165341326156105,"Not_significant"
"ECHDC1","Mock","ZIKV",23.9556,18.1866,-0.397483,3e-04,"yes",0.00165341326156105,"Not_significant"
"GUCD1","Mock","ZIKV",11.3432,8.62537,-0.395172,3e-04,"yes",0.00165341326156105,"Not_significant"
"SIGMAR1","Mock","ZIKV",35.2804,27.0024,-0.385783,3e-04,"yes",0.00165341326156105,"Not_significant"
"PATZ1","Mock","ZIKV",35.4488,27.1896,-0.382684,3e-04,"yes",0.00165341326156105,"Not_significant"
"LOC389906","Mock","ZIKV",38.554,29.6331,-0.379672,3e-04,"yes",0.00165341326156105,"Not_significant"
"C5orf24","Mock","ZIKV",20.1985,15.5771,-0.374825,3e-04,"yes",0.00165341326156105,"Not_significant"
"ADAMTSL1","Mock","ZIKV",19.755,15.3419,-0.364741,3e-04,"yes",0.00165341326156105,"Not_significant"
"RGMA","Mock","ZIKV",71.6227,56.0055,-0.35485,3e-04,"yes",0.00165341326156105,"Not_significant"
"SCD5","Mock","ZIKV",43.8974,34.3523,-0.353729,3e-04,"yes",0.00165341326156105,"Not_significant"
"H2AFY","Mock","ZIKV",170.187,133.875,-0.346236,3e-04,"yes",0.00165341326156105,"Not_significant"
"SLC39A10","Mock","ZIKV",34.1712,26.8826,-0.346113,3e-04,"yes",0.00165341326156105,"Not_significant"
"BDP1","Mock","ZIKV",11.0762,13.9776,0.335651,3e-04,"yes",0.00165341326156105,"Not_significant"
"ARF4","Mock","ZIKV",110.32,139.492,0.338481,3e-04,"yes",0.00165341326156105,"Not_significant"
"SMAD4","Mock","ZIKV",19.6399,24.911,0.342997,3e-04,"yes",0.00165341326156105,"Not_significant"
"FADS2","Mock","ZIKV",276.883,353.551,0.352644,3e-04,"yes",0.00165341326156105,"Not_significant"
"MED1","Mock","ZIKV",15.9958,20.4795,0.356486,3e-04,"yes",0.00165341326156105,"Not_significant"
"CSDA","Mock","ZIKV",30.4294,38.9973,0.357908,3e-04,"yes",0.00165341326156105,"Not_significant"
"ARL8B","Mock","ZIKV",24.1161,30.9164,0.358379,3e-04,"yes",0.00165341326156105,"Not_significant"
"SEL1L","Mock","ZIKV",15.4611,19.8322,0.3592,3e-04,"yes",0.00165341326156105,"Not_significant"
"RABGAP1","Mock","ZIKV",26.0612,33.6516,0.368773,3e-04,"yes",0.00165341326156105,"Not_significant"
"USP42","Mock","ZIKV",9.88012,12.8057,0.374185,3e-04,"yes",0.00165341326156105,"Not_significant"
"FAM76B","Mock","ZIKV",14.4355,18.7144,0.374533,3e-04,"yes",0.00165341326156105,"Not_significant"
"MEIS1","Mock","ZIKV",14.4866,18.7876,0.375055,3e-04,"yes",0.00165341326156105,"Not_significant"
"ZNF254","Mock","ZIKV",19.8879,25.7985,0.375398,3e-04,"yes",0.00165341326156105,"Not_significant"
"SIPA1L3","Mock","ZIKV",5.58787,7.28164,0.381966,3e-04,"yes",0.00165341326156105,"Not_significant"
"TBL1X","Mock","ZIKV",10.3896,13.5388,0.381969,3e-04,"yes",0.00165341326156105,"Not_significant"
"GPR137C","Mock","ZIKV",13.6253,17.7754,0.3836,3e-04,"yes",0.00165341326156105,"Not_significant"
"ZKSCAN2","Mock","ZIKV",8.12533,10.6266,0.387183,3e-04,"yes",0.00165341326156105,"Not_significant"
"MUT","Mock","ZIKV",12.1085,15.8485,0.388327,3e-04,"yes",0.00165341326156105,"Not_significant"
"ZNF561","Mock","ZIKV",9.00877,11.8395,0.39421,3e-04,"yes",0.00165341326156105,"Not_significant"
"ALS2","Mock","ZIKV",13.8575,18.2562,0.39772,3e-04,"yes",0.00165341326156105,"Not_significant"
"DSTYK","Mock","ZIKV",5.6545,7.45078,0.397992,3e-04,"yes",0.00165341326156105,"Not_significant"
"PARN","Mock","ZIKV",11.0692,14.6363,0.403003,3e-04,"yes",0.00165341326156105,"Not_significant"
"FKBP15","Mock","ZIKV",7.49567,9.94123,0.407366,3e-04,"yes",0.00165341326156105,"Not_significant"
"MEF2D","Mock","ZIKV",7.54628,10.0298,0.410462,3e-04,"yes",0.00165341326156105,"Not_significant"
"GCLC","Mock","ZIKV",6.34877,8.44724,0.412003,3e-04,"yes",0.00165341326156105,"Not_significant"
"ZNF667","Mock","ZIKV",7.10322,9.49661,0.41894,3e-04,"yes",0.00165341326156105,"Not_significant"
"LPCAT3","Mock","ZIKV",11.4667,15.376,0.423226,3e-04,"yes",0.00165341326156105,"Not_significant"
"RHBDD1","Mock","ZIKV",5.41091,7.25995,0.424087,3e-04,"yes",0.00165341326156105,"Not_significant"
"SH3YL1","Mock","ZIKV",11.8323,15.9941,0.434806,3e-04,"yes",0.00165341326156105,"Not_significant"
"CACNB4","Mock","ZIKV",2.82631,3.84598,0.444434,3e-04,"yes",0.00165341326156105,"Not_significant"
"ZNF853","Mock","ZIKV",6.81576,9.27582,0.444599,3e-04,"yes",0.00165341326156105,"Not_significant"
"ERCC4","Mock","ZIKV",2.92723,3.99724,0.449467,3e-04,"yes",0.00165341326156105,"Not_significant"
"POLM","Mock","ZIKV",5.99488,8.2963,0.468736,3e-04,"yes",0.00165341326156105,"Not_significant"
"FAM200A","Mock","ZIKV",5.99317,8.34438,0.477486,3e-04,"yes",0.00165341326156105,"Not_significant"
"CNRIP1","Mock","ZIKV",6.07716,8.59326,0.499807,3e-04,"yes",0.00165341326156105,"Not_significant"
"RDH14","Mock","ZIKV",6.60032,9.63745,0.546117,3e-04,"yes",0.00165341326156105,"Not_significant"
"LIN7A","Mock","ZIKV",5.43848,8.33085,0.615261,3e-04,"yes",0.00165341326156105,"Not_significant"
"ATG4D","Mock","ZIKV",12.9192,20.5923,0.672584,3e-04,"yes",0.00165341326156105,"Not_significant"
"MSTN","Mock","ZIKV",0.494845,1.09285,1.14304,3e-04,"yes",0.00165341326156105,"Up_in_ZIKV"
"CLEC4A","Mock","ZIKV",0.871973,2.32313,1.41372,3e-04,"yes",0.00165341326156105,"Up_in_ZIKV"
"HIST1H2BN","Mock","ZIKV",1.28205,5.81919,2.18237,3e-04,"yes",0.00165341326156105,"Up_in_ZIKV"
"SGPP2","Mock","ZIKV",1.46204,0.226524,-2.69025,0.00035,"yes",0.00190382757787974,"Down_in_ZIKV"
"LOC100506469","Mock","ZIKV",7.22757,2.27879,-1.66524,0.00035,"yes",0.00190382757787974,"Down_in_ZIKV"
"DBX1","Mock","ZIKV",2.32104,0.815923,-1.50827,0.00035,"yes",0.00190382757787974,"Down_in_ZIKV"
"C7orf57","Mock","ZIKV",0.94348,0.342847,-1.46043,0.00035,"yes",0.00190382757787974,"Down_in_ZIKV"
"ZNF789","Mock","ZIKV",9.2368,4.62058,-0.99932,0.00035,"yes",0.00190382757787974,"Not_significant"
"CCDC37","Mock","ZIKV",1.8053,0.934314,-0.950263,0.00035,"yes",0.00190382757787974,"Not_significant"
"DHFRL1","Mock","ZIKV",1.83804,1.001,-0.876726,0.00035,"yes",0.00190382757787974,"Not_significant"
"LOC338758","Mock","ZIKV",1.53009,0.840958,-0.863514,0.00035,"yes",0.00190382757787974,"Not_significant"
"PQLC3","Mock","ZIKV",2.60835,1.43835,-0.858724,0.00035,"yes",0.00190382757787974,"Not_significant"
"ELK3","Mock","ZIKV",2.28624,1.28453,-0.83173,0.00035,"yes",0.00190382757787974,"Not_significant"
"IPP","Mock","ZIKV",6.02425,3.39884,-0.82574,0.00035,"yes",0.00190382757787974,"Not_significant"
"PCSK6","Mock","ZIKV",1.34513,0.79859,-0.752214,0.00035,"yes",0.00190382757787974,"Not_significant"
"SGSM3","Mock","ZIKV",21.7747,13.7299,-0.665334,0.00035,"yes",0.00190382757787974,"Not_significant"
"RP1-177G6.2","Mock","ZIKV",8.35755,5.40648,-0.628391,0.00035,"yes",0.00190382757787974,"Not_significant"
"LINC00643","Mock","ZIKV",1.29505,0.840656,-0.62342,0.00035,"yes",0.00190382757787974,"Not_significant"
"TM6SF1","Mock","ZIKV",5.70101,3.75898,-0.600878,0.00035,"yes",0.00190382757787974,"Not_significant"
"SAYSD1","Mock","ZIKV",7.24459,4.9342,-0.554087,0.00035,"yes",0.00190382757787974,"Not_significant"
"MGC57346","Mock","ZIKV",16.7057,11.5211,-0.536058,0.00035,"yes",0.00190382757787974,"Not_significant"
"ENHO","Mock","ZIKV",15.0187,10.383,-0.532538,0.00035,"yes",0.00190382757787974,"Not_significant"
"FAM127B","Mock","ZIKV",41.1739,29.4598,-0.482981,0.00035,"yes",0.00190382757787974,"Not_significant"
"TCTEX1D2","Mock","ZIKV",45.5835,33.4309,-0.447328,0.00035,"yes",0.00190382757787974,"Not_significant"
"NDUFB1","Mock","ZIKV",105.02,77.4496,-0.439334,0.00035,"yes",0.00190382757787974,"Not_significant"
"TUSC2","Mock","ZIKV",19.7246,14.9282,-0.401955,0.00035,"yes",0.00190382757787974,"Not_significant"
"C21orf33","Mock","ZIKV",35.4449,26.8601,-0.400114,0.00035,"yes",0.00190382757787974,"Not_significant"
"SNRPD2","Mock","ZIKV",151.04,115.693,-0.384632,0.00035,"yes",0.00190382757787974,"Not_significant"
"GPAA1","Mock","ZIKV",45.7002,35.1063,-0.380471,0.00035,"yes",0.00190382757787974,"Not_significant"
"GLI2","Mock","ZIKV",18.4997,14.3178,-0.369695,0.00035,"yes",0.00190382757787974,"Not_significant"
"UNCX","Mock","ZIKV",80.6672,62.5569,-0.366812,0.00035,"yes",0.00190382757787974,"Not_significant"
"RAI14","Mock","ZIKV",30.031,23.4128,-0.359156,0.00035,"yes",0.00190382757787974,"Not_significant"
"FZD3","Mock","ZIKV",37.245,29.0967,-0.356192,0.00035,"yes",0.00190382757787974,"Not_significant"
"DLG2","Mock","ZIKV",19.7968,25.0726,0.340846,0.00035,"yes",0.00190382757787974,"Not_significant"
"FASN","Mock","ZIKV",101.286,128.589,0.344342,0.00035,"yes",0.00190382757787974,"Not_significant"
"YME1L1","Mock","ZIKV",54.0164,69.1305,0.355924,0.00035,"yes",0.00190382757787974,"Not_significant"
"GDAP1L1","Mock","ZIKV",28.1322,36.0416,0.357438,0.00035,"yes",0.00190382757787974,"Not_significant"
"OTUD3","Mock","ZIKV",8.97851,11.6377,0.374262,0.00035,"yes",0.00190382757787974,"Not_significant"
"NAA25","Mock","ZIKV",8.68524,11.2832,0.377539,0.00035,"yes",0.00190382757787974,"Not_significant"
"TULP3","Mock","ZIKV",15.1607,19.7118,0.378722,0.00035,"yes",0.00190382757787974,"Not_significant"
"LYST","Mock","ZIKV",2.77054,3.60428,0.379545,0.00035,"yes",0.00190382757787974,"Not_significant"
"SLC12A2","Mock","ZIKV",7.11997,9.3118,0.38719,0.00035,"yes",0.00190382757787974,"Not_significant"
"ATG2A","Mock","ZIKV",5.76483,7.59828,0.398394,0.00035,"yes",0.00190382757787974,"Not_significant"
"LIMS1","Mock","ZIKV",9.81017,12.9745,0.403332,0.00035,"yes",0.00190382757787974,"Not_significant"
"SLC25A38","Mock","ZIKV",11.344,15.2263,0.424627,0.00035,"yes",0.00190382757787974,"Not_significant"
"CCDC115","Mock","ZIKV",18.1225,24.4628,0.432808,0.00035,"yes",0.00190382757787974,"Not_significant"
"TTC21A","Mock","ZIKV",4.24333,5.78286,0.446586,0.00035,"yes",0.00190382757787974,"Not_significant"
"LHFPL4","Mock","ZIKV",3.21366,4.38649,0.448849,0.00035,"yes",0.00190382757787974,"Not_significant"
"DISP1","Mock","ZIKV",3.76055,5.13487,0.449382,0.00035,"yes",0.00190382757787974,"Not_significant"
"SSR4","Mock","ZIKV",106.098,146.372,0.464241,0.00035,"yes",0.00190382757787974,"Not_significant"
"DMRT3","Mock","ZIKV",6.77902,9.35812,0.465142,0.00035,"yes",0.00190382757787974,"Not_significant"
"ALKBH8","Mock","ZIKV",2.94376,4.11395,0.482866,0.00035,"yes",0.00190382757787974,"Not_significant"
"PCYT1A","Mock","ZIKV",8.58456,12.1627,0.502642,0.00035,"yes",0.00190382757787974,"Not_significant"
"HCN2","Mock","ZIKV",2.2354,3.31424,0.568141,0.00035,"yes",0.00190382757787974,"Not_significant"
"ADPRM","Mock","ZIKV",4.33901,6.83231,0.655007,0.00035,"yes",0.00190382757787974,"Not_significant"
"SLFN5","Mock","ZIKV",0.990629,1.61534,0.705417,0.00035,"yes",0.00190382757787974,"Not_significant"
"OSBPL6","Mock","ZIKV",2.54146,5.07626,0.998106,0.00035,"yes",0.00190382757787974,"Not_significant"
"TNFRSF13C","Mock","ZIKV",2.11856,0.590572,-1.8429,4e-04,"yes",0.00214728312678742,"Down_in_ZIKV"
"UQCRHL","Mock","ZIKV",5.62237,1.8745,-1.58467,4e-04,"yes",0.00214728312678742,"Down_in_ZIKV"
"FGF8","Mock","ZIKV",2.8065,1.03958,-1.43277,4e-04,"yes",0.00214728312678742,"Down_in_ZIKV"
"BCHE","Mock","ZIKV",0.868902,0.336776,-1.3674,4e-04,"yes",0.00214728312678742,"Down_in_ZIKV"
"TAPT1-AS1","Mock","ZIKV",0.908081,0.364586,-1.31656,4e-04,"yes",0.00214728312678742,"Down_in_ZIKV"
"ZNF552","Mock","ZIKV",1.66254,0.859938,-0.951082,4e-04,"yes",0.00214728312678742,"Not_significant"
"RNASEH2B","Mock","ZIKV",4.69071,2.95314,-0.667555,4e-04,"yes",0.00214728312678742,"Not_significant"
"LOC650368","Mock","ZIKV",7.39242,4.65513,-0.667225,4e-04,"yes",0.00214728312678742,"Not_significant"
"KCNJ12,KCNJ18","Mock","ZIKV",1.57861,1.02056,-0.629291,4e-04,"yes",0.00214728312678742,"Not_significant"
"SPEF2","Mock","ZIKV",3.02206,1.9572,-0.626737,4e-04,"yes",0.00214728312678742,"Not_significant"
"SCNN1D","Mock","ZIKV",4.37509,2.95442,-0.56644,4e-04,"yes",0.00214728312678742,"Not_significant"
"AKAP7","Mock","ZIKV",3.59253,2.43096,-0.563477,4e-04,"yes",0.00214728312678742,"Not_significant"
"PAFAH2","Mock","ZIKV",3.14766,2.1537,-0.547466,4e-04,"yes",0.00214728312678742,"Not_significant"
"CPS1","Mock","ZIKV",2.68137,1.87091,-0.519229,4e-04,"yes",0.00214728312678742,"Not_significant"
"PLIN5","Mock","ZIKV",7.29602,5.13001,-0.508147,4e-04,"yes",0.00214728312678742,"Not_significant"
"CCDC109B","Mock","ZIKV",13.9162,9.80009,-0.505899,4e-04,"yes",0.00214728312678742,"Not_significant"
"RRNAD1","Mock","ZIKV",10.3545,7.4994,-0.465412,4e-04,"yes",0.00214728312678742,"Not_significant"
"EBPL","Mock","ZIKV",26.2533,19.0716,-0.461076,4e-04,"yes",0.00214728312678742,"Not_significant"
"LOC100128288","Mock","ZIKV",9.08416,6.60077,-0.460719,4e-04,"yes",0.00214728312678742,"Not_significant"
"XYLT2","Mock","ZIKV",6.89822,5.05895,-0.447386,4e-04,"yes",0.00214728312678742,"Not_significant"
"ARHGEF25","Mock","ZIKV",17.7098,13.1589,-0.428507,4e-04,"yes",0.00214728312678742,"Not_significant"
"UXS1","Mock","ZIKV",23.1388,17.3311,-0.416946,4e-04,"yes",0.00214728312678742,"Not_significant"
"RSPO1","Mock","ZIKV",21.6891,16.6862,-0.378315,4e-04,"yes",0.00214728312678742,"Not_significant"
"ANGEL2","Mock","ZIKV",11.4546,8.82589,-0.376112,4e-04,"yes",0.00214728312678742,"Not_significant"
"PRDX2","Mock","ZIKV",356.859,278.711,-0.356588,4e-04,"yes",0.00214728312678742,"Not_significant"
"NCBP2","Mock","ZIKV",61.6132,48.3156,-0.350749,4e-04,"yes",0.00214728312678742,"Not_significant"
"IGF2BP3","Mock","ZIKV",51.882,40.7284,-0.349198,4e-04,"yes",0.00214728312678742,"Not_significant"
"CDK5RAP3","Mock","ZIKV",79.1016,62.443,-0.341166,4e-04,"yes",0.00214728312678742,"Not_significant"
"NGFRAP1","Mock","ZIKV",204.48,162.796,-0.328898,4e-04,"yes",0.00214728312678742,"Not_significant"
"DYNC1LI1","Mock","ZIKV",34.2181,43.244,0.337739,4e-04,"yes",0.00214728312678742,"Not_significant"
"RABEP1","Mock","ZIKV",29.451,37.3529,0.342907,4e-04,"yes",0.00214728312678742,"Not_significant"
"PEAK1","Mock","ZIKV",4.78535,6.0701,0.343095,4e-04,"yes",0.00214728312678742,"Not_significant"
"SLC16A2","Mock","ZIKV",17.4604,22.2504,0.349742,4e-04,"yes",0.00214728312678742,"Not_significant"
"IST1","Mock","ZIKV",46.3471,59.0648,0.349819,4e-04,"yes",0.00214728312678742,"Not_significant"
"ATCAY","Mock","ZIKV",40.6103,51.9904,0.3564,4e-04,"yes",0.00214728312678742,"Not_significant"
"PPME1","Mock","ZIKV",24.7298,31.7072,0.35856,4e-04,"yes",0.00214728312678742,"Not_significant"
"TNPO1","Mock","ZIKV",51.5137,66.1942,0.361748,4e-04,"yes",0.00214728312678742,"Not_significant"
"SRRT","Mock","ZIKV",49.4242,63.608,0.36399,4e-04,"yes",0.00214728312678742,"Not_significant"
"PPP2R2A","Mock","ZIKV",15.2177,19.7341,0.374939,4e-04,"yes",0.00214728312678742,"Not_significant"
"ABCE1","Mock","ZIKV",16.6121,21.7209,0.386848,4e-04,"yes",0.00214728312678742,"Not_significant"
"ARF6","Mock","ZIKV",14.2673,18.6871,0.389329,4e-04,"yes",0.00214728312678742,"Not_significant"
"MRPL38","Mock","ZIKV",20.2923,26.7216,0.397076,4e-04,"yes",0.00214728312678742,"Not_significant"
"HES1","Mock","ZIKV",20.5117,27.1174,0.402768,4e-04,"yes",0.00214728312678742,"Not_significant"
"AIFM1","Mock","ZIKV",13.7696,18.2328,0.405052,4e-04,"yes",0.00214728312678742,"Not_significant"
"PPTC7","Mock","ZIKV",6.10551,8.10331,0.4084,4e-04,"yes",0.00214728312678742,"Not_significant"
"VPS33B","Mock","ZIKV",9.45471,12.5799,0.412016,4e-04,"yes",0.00214728312678742,"Not_significant"
"COL7A1","Mock","ZIKV",1.9929,2.68317,0.42907,4e-04,"yes",0.00214728312678742,"Not_significant"
"SERINC5","Mock","ZIKV",3.61311,4.86831,0.430178,4e-04,"yes",0.00214728312678742,"Not_significant"
"NBPF14","Mock","ZIKV",7.51253,10.146,0.433547,4e-04,"yes",0.00214728312678742,"Not_significant"
"TENM1","Mock","ZIKV",0.918501,1.26629,0.463258,4e-04,"yes",0.00214728312678742,"Not_significant"
"ZNF581","Mock","ZIKV",12.694,17.7735,0.485583,4e-04,"yes",0.00214728312678742,"Not_significant"
"ZNF30","Mock","ZIKV",3.48949,5.10276,0.548261,4e-04,"yes",0.00214728312678742,"Not_significant"
"MLX","Mock","ZIKV",8.78368,13.1528,0.582475,4e-04,"yes",0.00214728312678742,"Not_significant"
"HELB","Mock","ZIKV",0.785129,1.36726,0.800284,4e-04,"yes",0.00214728312678742,"Not_significant"
"IFIT3","Mock","ZIKV",0.149628,0.698178,2.22222,4e-04,"yes",0.00214728312678742,"Up_in_ZIKV"
"PRR22","Mock","ZIKV",1.15967,0.198456,-2.54683,0.00045,"yes",0.00238612288135593,"Down_in_ZIKV"
"RASD2","Mock","ZIKV",0.646209,0.216057,-1.58059,0.00045,"yes",0.00238612288135593,"Down_in_ZIKV"
"RHPN1-AS1","Mock","ZIKV",1.08773,0.413471,-1.39547,0.00045,"yes",0.00238612288135593,"Down_in_ZIKV"
"SYNDIG1","Mock","ZIKV",1.06302,0.458469,-1.21328,0.00045,"yes",0.00238612288135593,"Down_in_ZIKV"
"NOXA1","Mock","ZIKV",2.15401,1.08231,-0.992911,0.00045,"yes",0.00238612288135593,"Not_significant"
"ZNF257","Mock","ZIKV",0.921706,0.475533,-0.954761,0.00045,"yes",0.00238612288135593,"Not_significant"
"ZNF135","Mock","ZIKV",5.15695,2.77878,-0.892068,0.00045,"yes",0.00238612288135593,"Not_significant"
"SLC16A13","Mock","ZIKV",2.65063,1.43276,-0.88754,0.00045,"yes",0.00238612288135593,"Not_significant"
"LRR1","Mock","ZIKV",7.20798,4.41035,-0.708703,0.00045,"yes",0.00238612288135593,"Not_significant"
"DICER1-AS1","Mock","ZIKV",8.86719,5.42994,-0.70754,0.00045,"yes",0.00238612288135593,"Not_significant"
"MRPS28","Mock","ZIKV",16.9424,11.0965,-0.61053,0.00045,"yes",0.00238612288135593,"Not_significant"
"ADCY7","Mock","ZIKV",1.54491,1.02713,-0.588903,0.00045,"yes",0.00238612288135593,"Not_significant"
"LYRM5","Mock","ZIKV",12.7408,8.78724,-0.535968,0.00045,"yes",0.00238612288135593,"Not_significant"
"VANGL1","Mock","ZIKV",1.37661,0.95524,-0.527183,0.00045,"yes",0.00238612288135593,"Not_significant"
"LRFN4","Mock","ZIKV",21.4437,15.2346,-0.493202,0.00045,"yes",0.00238612288135593,"Not_significant"
"FASTKD1","Mock","ZIKV",5.5725,3.96332,-0.491615,0.00045,"yes",0.00238612288135593,"Not_significant"
"C19orf60","Mock","ZIKV",26.1186,18.599,-0.48985,0.00045,"yes",0.00238612288135593,"Not_significant"
"FAHD1","Mock","ZIKV",11.5601,8.33371,-0.472121,0.00045,"yes",0.00238612288135593,"Not_significant"
"CSTF2","Mock","ZIKV",10.8508,7.90187,-0.457536,0.00045,"yes",0.00238612288135593,"Not_significant"
"ALDH4A1","Mock","ZIKV",7.92965,5.77585,-0.457223,0.00045,"yes",0.00238612288135593,"Not_significant"
"CCHCR1","Mock","ZIKV",12.4899,9.22838,-0.436614,0.00045,"yes",0.00238612288135593,"Not_significant"
"ZDHHC13","Mock","ZIKV",11.6355,8.64559,-0.4285,0.00045,"yes",0.00238612288135593,"Not_significant"
"FAM5B","Mock","ZIKV",9.44297,7.06638,-0.418268,0.00045,"yes",0.00238612288135593,"Not_significant"
"RFC5","Mock","ZIKV",20.5026,15.5994,-0.394314,0.00045,"yes",0.00238612288135593,"Not_significant"
"KIAA1609","Mock","ZIKV",7.52902,5.74607,-0.389886,0.00045,"yes",0.00238612288135593,"Not_significant"
"MAGEH1","Mock","ZIKV",39.0353,30.0666,-0.376616,0.00045,"yes",0.00238612288135593,"Not_significant"
"UQCRH","Mock","ZIKV",203.437,156.962,-0.374161,0.00045,"yes",0.00238612288135593,"Not_significant"
"DGCR8","Mock","ZIKV",26.7443,20.6916,-0.370185,0.00045,"yes",0.00238612288135593,"Not_significant"
"ITGB1","Mock","ZIKV",120.058,93.633,-0.358642,0.00045,"yes",0.00238612288135593,"Not_significant"
"NUS1","Mock","ZIKV",16.9209,21.4354,0.341188,0.00045,"yes",0.00238612288135593,"Not_significant"
"TMEM33","Mock","ZIKV",13.1516,16.6987,0.344493,0.00045,"yes",0.00238612288135593,"Not_significant"
"PTPN12","Mock","ZIKV",37.0799,47.1395,0.346299,0.00045,"yes",0.00238612288135593,"Not_significant"
"KIF5A","Mock","ZIKV",33.9022,43.5233,0.360408,0.00045,"yes",0.00238612288135593,"Not_significant"
"RBM42","Mock","ZIKV",32.9947,42.4404,0.363205,0.00045,"yes",0.00238612288135593,"Not_significant"
"SALL1","Mock","ZIKV",9.81026,12.6812,0.370325,0.00045,"yes",0.00238612288135593,"Not_significant"
"CYTH3","Mock","ZIKV",11.253,14.568,0.372496,0.00045,"yes",0.00238612288135593,"Not_significant"
"UNC80","Mock","ZIKV",3.98804,5.16734,0.373742,0.00045,"yes",0.00238612288135593,"Not_significant"
"BAZ2A","Mock","ZIKV",31.7639,41.2107,0.37563,0.00045,"yes",0.00238612288135593,"Not_significant"
"ZNF275","Mock","ZIKV",7.25524,9.41902,0.376555,0.00045,"yes",0.00238612288135593,"Not_significant"
"AGO2","Mock","ZIKV",14.1172,18.3662,0.379599,0.00045,"yes",0.00238612288135593,"Not_significant"
"LATS2","Mock","ZIKV",7.18609,9.40101,0.38761,0.00045,"yes",0.00238612288135593,"Not_significant"
"ZNF614","Mock","ZIKV",4.06603,5.48315,0.431384,0.00045,"yes",0.00238612288135593,"Not_significant"
"CHIC1","Mock","ZIKV",2.70748,3.65893,0.434474,0.00045,"yes",0.00238612288135593,"Not_significant"
"KLHL26","Mock","ZIKV",4.82432,6.64742,0.462469,0.00045,"yes",0.00238612288135593,"Not_significant"
"ZKSCAN3","Mock","ZIKV",3.7819,5.21622,0.463891,0.00045,"yes",0.00238612288135593,"Not_significant"
"PRKCE","Mock","ZIKV",2.18088,3.03107,0.474915,0.00045,"yes",0.00238612288135593,"Not_significant"
"CAMK1D","Mock","ZIKV",8.04067,11.1826,0.475862,0.00045,"yes",0.00238612288135593,"Not_significant"
"ZNF429","Mock","ZIKV",5.75911,8.11097,0.494028,0.00045,"yes",0.00238612288135593,"Not_significant"
"UBOX5","Mock","ZIKV",3.7737,5.78661,0.61674,0.00045,"yes",0.00238612288135593,"Not_significant"
"ZNF324B","Mock","ZIKV",1.67273,2.58753,0.629371,0.00045,"yes",0.00238612288135593,"Not_significant"
"CEBPA","Mock","ZIKV",1.80786,2.85529,0.659354,0.00045,"yes",0.00238612288135593,"Not_significant"
"DEPTOR","Mock","ZIKV",0.200496,0.637943,1.66986,0.00045,"yes",0.00238612288135593,"Up_in_ZIKV"
"HIST1H2BH","Mock","ZIKV",7.27066,2.31014,-1.65411,5e-04,"yes",0.00262345679012346,"Down_in_ZIKV"
"NOXRED1","Mock","ZIKV",1.03235,0.340545,-1.60001,5e-04,"yes",0.00262345679012346,"Down_in_ZIKV"
"KRT19","Mock","ZIKV",1.38417,0.494017,-1.48639,5e-04,"yes",0.00262345679012346,"Down_in_ZIKV"
"CYB561D2","Mock","ZIKV",7.76366,3.20632,-1.27582,5e-04,"yes",0.00262345679012346,"Down_in_ZIKV"
"MDH1B","Mock","ZIKV",1.56089,0.803306,-0.958345,5e-04,"yes",0.00262345679012346,"Not_significant"
"SLC25A53","Mock","ZIKV",1.72814,0.916397,-0.915175,5e-04,"yes",0.00262345679012346,"Not_significant"
"ITIH5","Mock","ZIKV",0.968145,0.524431,-0.884471,5e-04,"yes",0.00262345679012346,"Not_significant"
"NDP","Mock","ZIKV",2.26362,1.25864,-0.846763,5e-04,"yes",0.00262345679012346,"Not_significant"
"C17orf96","Mock","ZIKV",1.43414,0.798396,-0.845006,5e-04,"yes",0.00262345679012346,"Not_significant"
"ZNF837","Mock","ZIKV",2.66767,1.55756,-0.776295,5e-04,"yes",0.00262345679012346,"Not_significant"
"PCDHB4","Mock","ZIKV",2.34011,1.5177,-0.624687,5e-04,"yes",0.00262345679012346,"Not_significant"
"DCLRE1C","Mock","ZIKV",4.4796,3.2012,-0.484756,5e-04,"yes",0.00262345679012346,"Not_significant"
"LYPLAL1","Mock","ZIKV",9.63071,6.91981,-0.476909,5e-04,"yes",0.00262345679012346,"Not_significant"
"CLN3","Mock","ZIKV",12.685,9.24053,-0.457077,5e-04,"yes",0.00262345679012346,"Not_significant"
"PRMT8","Mock","ZIKV",11.3569,8.30213,-0.45201,5e-04,"yes",0.00262345679012346,"Not_significant"
"GNPNAT1","Mock","ZIKV",6.074,4.47797,-0.439804,5e-04,"yes",0.00262345679012346,"Not_significant"
"ST8SIA4","Mock","ZIKV",9.83731,7.3185,-0.426717,5e-04,"yes",0.00262345679012346,"Not_significant"
"LRAT","Mock","ZIKV",6.34759,4.75641,-0.416335,5e-04,"yes",0.00262345679012346,"Not_significant"
"OSBPL3","Mock","ZIKV",7.38615,5.58104,-0.40429,5e-04,"yes",0.00262345679012346,"Not_significant"
"ACTG1","Mock","ZIKV",3324.55,2539.22,-0.388771,5e-04,"yes",0.00262345679012346,"Not_significant"
"LINGO1","Mock","ZIKV",18.0025,13.7507,-0.388697,5e-04,"yes",0.00262345679012346,"Not_significant"
"PMPCA","Mock","ZIKV",26.7002,20.5838,-0.375342,5e-04,"yes",0.00262345679012346,"Not_significant"
"DIAPH1","Mock","ZIKV",19.6117,15.3754,-0.351093,5e-04,"yes",0.00262345679012346,"Not_significant"
"LSS","Mock","ZIKV",78.5563,61.6747,-0.349047,5e-04,"yes",0.00262345679012346,"Not_significant"
"TMEM158","Mock","ZIKV",52.3514,41.1736,-0.346511,5e-04,"yes",0.00262345679012346,"Not_significant"
"ALDH7A1","Mock","ZIKV",21.5065,16.9439,-0.344005,5e-04,"yes",0.00262345679012346,"Not_significant"
"CDC42BPB","Mock","ZIKV",37.3846,47.0409,0.331472,5e-04,"yes",0.00262345679012346,"Not_significant"
"MTDH","Mock","ZIKV",17.8211,22.5592,0.340128,5e-04,"yes",0.00262345679012346,"Not_significant"
"NPIP","Mock","ZIKV",106.196,135.901,0.355833,5e-04,"yes",0.00262345679012346,"Not_significant"
"MAP2K2","Mock","ZIKV",71.2836,91.8695,0.366016,5e-04,"yes",0.00262345679012346,"Not_significant"
"MBD1","Mock","ZIKV",26.0614,33.6231,0.367541,5e-04,"yes",0.00262345679012346,"Not_significant"
"RAB11FIP2","Mock","ZIKV",8.95047,11.5594,0.369028,5e-04,"yes",0.00262345679012346,"Not_significant"
"MSANTD4","Mock","ZIKV",17.6754,22.8477,0.37031,5e-04,"yes",0.00262345679012346,"Not_significant"
"BIN1","Mock","ZIKV",19.532,25.3138,0.37408,5e-04,"yes",0.00262345679012346,"Not_significant"
"ZSWIM8","Mock","ZIKV",19.0979,24.8405,0.379281,5e-04,"yes",0.00262345679012346,"Not_significant"
"FCHSD2","Mock","ZIKV",10.2129,13.3036,0.381428,5e-04,"yes",0.00262345679012346,"Not_significant"
"PMM1","Mock","ZIKV",22.6878,30.2261,0.413875,5e-04,"yes",0.00262345679012346,"Not_significant"
"DCP1B","Mock","ZIKV",12.1429,16.1879,0.414805,5e-04,"yes",0.00262345679012346,"Not_significant"
"TRIM3","Mock","ZIKV",7.32069,9.85415,0.428753,5e-04,"yes",0.00262345679012346,"Not_significant"
"UTP14A","Mock","ZIKV",6.64242,8.98261,0.435425,5e-04,"yes",0.00262345679012346,"Not_significant"
"ELK1","Mock","ZIKV",6.79846,9.21511,0.438793,5e-04,"yes",0.00262345679012346,"Not_significant"
"LCLAT1","Mock","ZIKV",3.70964,5.04183,0.442668,5e-04,"yes",0.00262345679012346,"Not_significant"
"SLC33A1","Mock","ZIKV",7.34098,9.98895,0.44436,5e-04,"yes",0.00262345679012346,"Not_significant"
"NAP1L2","Mock","ZIKV",5.89168,8.10836,0.460732,5e-04,"yes",0.00262345679012346,"Not_significant"
"PDGFA","Mock","ZIKV",0.434788,0.985,1.17981,5e-04,"yes",0.00262345679012346,"Up_in_ZIKV"
"ACP6","Mock","ZIKV",1.87962,0.90139,-1.06022,0.00055,"yes",0.00285850253807107,"Down_in_ZIKV"
"GPR1","Mock","ZIKV",1.82052,0.916104,-0.990769,0.00055,"yes",0.00285850253807107,"Not_significant"
"ACBD4","Mock","ZIKV",2.38489,1.283,-0.8944,0.00055,"yes",0.00285850253807107,"Not_significant"
"FPGT","Mock","ZIKV",3.95091,2.42155,-0.706257,0.00055,"yes",0.00285850253807107,"Not_significant"
"BCL2L12","Mock","ZIKV",10.2524,6.2842,-0.706166,0.00055,"yes",0.00285850253807107,"Not_significant"
"HAPLN1","Mock","ZIKV",1.45787,0.914321,-0.673086,0.00055,"yes",0.00285850253807107,"Not_significant"
"EFHD1","Mock","ZIKV",6.96117,4.73202,-0.556873,0.00055,"yes",0.00285850253807107,"Not_significant"
"CEP128","Mock","ZIKV",2.96753,2.02409,-0.551991,0.00055,"yes",0.00285850253807107,"Not_significant"
"NIPSNAP3A","Mock","ZIKV",7.1806,4.90172,-0.550816,0.00055,"yes",0.00285850253807107,"Not_significant"
"BCCIP","Mock","ZIKV",39.1666,27.2934,-0.521074,0.00055,"yes",0.00285850253807107,"Not_significant"
"SEH1L","Mock","ZIKV",10.992,7.77735,-0.499101,0.00055,"yes",0.00285850253807107,"Not_significant"
"OPRK1","Mock","ZIKV",3.06407,2.172,-0.496426,0.00055,"yes",0.00285850253807107,"Not_significant"
"NONO","Mock","ZIKV",300.322,217.684,-0.46428,0.00055,"yes",0.00285850253807107,"Not_significant"
"FBXO44","Mock","ZIKV",8.44952,6.16658,-0.454399,0.00055,"yes",0.00285850253807107,"Not_significant"
"AADAT","Mock","ZIKV",11.6453,8.63925,-0.430767,0.00055,"yes",0.00285850253807107,"Not_significant"
"YIPF1","Mock","ZIKV",19.2508,14.3952,-0.419337,0.00055,"yes",0.00285850253807107,"Not_significant"
"MINPP1","Mock","ZIKV",17.4036,13.1319,-0.406308,0.00055,"yes",0.00285850253807107,"Not_significant"
"ANAPC11","Mock","ZIKV",72.8834,55.8451,-0.38416,0.00055,"yes",0.00285850253807107,"Not_significant"
"HNRPDL","Mock","ZIKV",130.158,102.15,-0.34958,0.00055,"yes",0.00285850253807107,"Not_significant"
"IQGAP1","Mock","ZIKV",17.8993,14.0612,-0.34818,0.00055,"yes",0.00285850253807107,"Not_significant"
"HNRNPA0","Mock","ZIKV",154.296,121.917,-0.339806,0.00055,"yes",0.00285850253807107,"Not_significant"
"FBL","Mock","ZIKV",115.8,92.1604,-0.32941,0.00055,"yes",0.00285850253807107,"Not_significant"
"CDC16","Mock","ZIKV",37.5801,47.4147,0.335364,0.00055,"yes",0.00285850253807107,"Not_significant"
"ZFHX4","Mock","ZIKV",39.697,50.2205,0.339244,0.00055,"yes",0.00285850253807107,"Not_significant"
"NFE2L1","Mock","ZIKV",54.5044,68.9658,0.339508,0.00055,"yes",0.00285850253807107,"Not_significant"
"CLINT1","Mock","ZIKV",18.1388,23.055,0.345999,0.00055,"yes",0.00285850253807107,"Not_significant"
"KIF2A","Mock","ZIKV",30.9989,39.7081,0.35722,0.00055,"yes",0.00285850253807107,"Not_significant"
"PTPN1","Mock","ZIKV",21.9144,28.0792,0.357625,0.00055,"yes",0.00285850253807107,"Not_significant"
"TAB3","Mock","ZIKV",9.85328,12.6257,0.357688,0.00055,"yes",0.00285850253807107,"Not_significant"
"MICU1","Mock","ZIKV",22.5107,28.8722,0.359069,0.00055,"yes",0.00285850253807107,"Not_significant"
"RNMT","Mock","ZIKV",14.802,19.0026,0.360403,0.00055,"yes",0.00285850253807107,"Not_significant"
"IER5","Mock","ZIKV",26.4138,34.0363,0.365786,0.00055,"yes",0.00285850253807107,"Not_significant"
"UNC79","Mock","ZIKV",5.42223,6.99392,0.367213,0.00055,"yes",0.00285850253807107,"Not_significant"
"ZNF263","Mock","ZIKV",9.75722,12.7366,0.38444,0.00055,"yes",0.00285850253807107,"Not_significant"
"SOX5","Mock","ZIKV",10.0093,13.1092,0.389236,0.00055,"yes",0.00285850253807107,"Not_significant"
"CYTH1","Mock","ZIKV",9.70984,12.7636,0.394512,0.00055,"yes",0.00285850253807107,"Not_significant"
"CHPF","Mock","ZIKV",11.4761,15.1351,0.399259,0.00055,"yes",0.00285850253807107,"Not_significant"
"TBCK","Mock","ZIKV",12.7931,18.3745,0.522341,0.00055,"yes",0.00285850253807107,"Not_significant"
"ABLIM2","Mock","ZIKV",1.85833,2.81287,0.598033,0.00055,"yes",0.00285850253807107,"Not_significant"
"ZNF383","Mock","ZIKV",3.23823,4.93242,0.607089,0.00055,"yes",0.00285850253807107,"Not_significant"
"LRFN2","Mock","ZIKV",0.776846,1.41664,0.866772,0.00055,"yes",0.00285850253807107,"Not_significant"
"MKRN7P","Mock","ZIKV",1.0805,0.358519,-1.59158,6e-04,"yes",0.00309055568259776,"Down_in_ZIKV"
"C1orf220","Mock","ZIKV",0.760696,0.295835,-1.36253,6e-04,"yes",0.00309055568259776,"Down_in_ZIKV"
"FLJ33630","Mock","ZIKV",0.845462,0.375628,-1.17044,6e-04,"yes",0.00309055568259776,"Down_in_ZIKV"
"CDNF","Mock","ZIKV",1.91975,0.869772,-1.14221,6e-04,"yes",0.00309055568259776,"Down_in_ZIKV"
"MATN3","Mock","ZIKV",1.20076,0.596009,-1.01054,6e-04,"yes",0.00309055568259776,"Down_in_ZIKV"
"B9D1","Mock","ZIKV",15.2953,7.66429,-0.996861,6e-04,"yes",0.00309055568259776,"Not_significant"
"BDNF-AS","Mock","ZIKV",3.34812,1.71779,-0.962798,6e-04,"yes",0.00309055568259776,"Not_significant"
"SMUG1","Mock","ZIKV",13.9582,8.822,-0.661932,6e-04,"yes",0.00309055568259776,"Not_significant"
"HAUS7","Mock","ZIKV",8.96645,5.76922,-0.636161,6e-04,"yes",0.00309055568259776,"Not_significant"
"ARRDC1","Mock","ZIKV",13.8712,9.30368,-0.57622,6e-04,"yes",0.00309055568259776,"Not_significant"
"MAP3K13","Mock","ZIKV",22.6337,15.8507,-0.513929,6e-04,"yes",0.00309055568259776,"Not_significant"
"WDR27","Mock","ZIKV",8.74705,6.46911,-0.435229,6e-04,"yes",0.00309055568259776,"Not_significant"
"ZNF814","Mock","ZIKV",5.09896,3.83686,-0.410277,6e-04,"yes",0.00309055568259776,"Not_significant"
"PRPF38A","Mock","ZIKV",21.3046,16.3048,-0.385872,6e-04,"yes",0.00309055568259776,"Not_significant"
"EXD2","Mock","ZIKV",9.3077,7.14215,-0.382066,6e-04,"yes",0.00309055568259776,"Not_significant"
"G2E3","Mock","ZIKV",11.8957,9.1581,-0.37732,6e-04,"yes",0.00309055568259776,"Not_significant"
"ATP11C","Mock","ZIKV",11.0858,8.56827,-0.371639,6e-04,"yes",0.00309055568259776,"Not_significant"
"PODXL2","Mock","ZIKV",70.622,55.6948,-0.342577,6e-04,"yes",0.00309055568259776,"Not_significant"
"ERGIC1","Mock","ZIKV",49.5469,39.1462,-0.339924,6e-04,"yes",0.00309055568259776,"Not_significant"
"GLI3","Mock","ZIKV",26.6971,21.1312,-0.337311,6e-04,"yes",0.00309055568259776,"Not_significant"
"ANKRD17","Mock","ZIKV",24.0374,30.3032,0.334191,6e-04,"yes",0.00309055568259776,"Not_significant"
"TANC2","Mock","ZIKV",12.823,16.2818,0.344523,6e-04,"yes",0.00309055568259776,"Not_significant"
"RAB14","Mock","ZIKV",26.1393,33.2511,0.347179,6e-04,"yes",0.00309055568259776,"Not_significant"
"HDGFRP2","Mock","ZIKV",48.5418,62.1127,0.355661,6e-04,"yes",0.00309055568259776,"Not_significant"
"SAP130","Mock","ZIKV",15.3561,19.6505,0.355748,6e-04,"yes",0.00309055568259776,"Not_significant"
"TMEM57","Mock","ZIKV",17.0059,21.7631,0.355849,6e-04,"yes",0.00309055568259776,"Not_significant"
"TMEM209","Mock","ZIKV",14.6306,18.7643,0.359007,6e-04,"yes",0.00309055568259776,"Not_significant"
"PDXDC1","Mock","ZIKV",13.773,17.7141,0.363059,6e-04,"yes",0.00309055568259776,"Not_significant"
"CRBN","Mock","ZIKV",16.8227,21.8741,0.378814,6e-04,"yes",0.00309055568259776,"Not_significant"
"BCAS3","Mock","ZIKV",6.07138,8.07467,0.41138,6e-04,"yes",0.00309055568259776,"Not_significant"
"KLHL21","Mock","ZIKV",5.44183,7.26771,0.417408,6e-04,"yes",0.00309055568259776,"Not_significant"
"ZFPL1","Mock","ZIKV",15.768,21.1151,0.42128,6e-04,"yes",0.00309055568259776,"Not_significant"
"TPRA1","Mock","ZIKV",14.1596,19.0395,0.427216,6e-04,"yes",0.00309055568259776,"Not_significant"
"C12orf65","Mock","ZIKV",7.30635,10.2986,0.495224,6e-04,"yes",0.00309055568259776,"Not_significant"
"BLOC1S3","Mock","ZIKV",2.21793,3.35812,0.598443,6e-04,"yes",0.00309055568259776,"Not_significant"
"GALNT8","Mock","ZIKV",2.26954,3.53557,0.63954,6e-04,"yes",0.00309055568259776,"Not_significant"
"MKRN2","Mock","ZIKV",17.8691,29.1304,0.705056,6e-04,"yes",0.00309055568259776,"Not_significant"
"RFPL3S","Mock","ZIKV",2.27042,4.36093,0.941678,6e-04,"yes",0.00309055568259776,"Not_significant"
"ANKRD19P","Mock","ZIKV",0.783295,1.51626,0.952888,6e-04,"yes",0.00309055568259776,"Not_significant"
"FAM86JP","Mock","ZIKV",1.31734,0.449975,-1.54972,0.00065,"yes",0.00332302541988198,"Down_in_ZIKV"
"NCRNA00185","Mock","ZIKV",1.87691,0.801159,-1.2282,0.00065,"yes",0.00332302541988198,"Down_in_ZIKV"
"CCDC147","Mock","ZIKV",1.08428,0.565226,-0.939835,0.00065,"yes",0.00332302541988198,"Not_significant"
"MYB","Mock","ZIKV",1.62933,0.989482,-0.719535,0.00065,"yes",0.00332302541988198,"Not_significant"
"BIVM","Mock","ZIKV",11.3261,6.91076,-0.712731,0.00065,"yes",0.00332302541988198,"Not_significant"
"EMG1","Mock","ZIKV",10.9827,7.51611,-0.547173,0.00065,"yes",0.00332302541988198,"Not_significant"
"LYRM1","Mock","ZIKV",18.273,12.894,-0.503006,0.00065,"yes",0.00332302541988198,"Not_significant"
"COQ4","Mock","ZIKV",19.3328,14.4003,-0.424948,0.00065,"yes",0.00332302541988198,"Not_significant"
"SPECC1","Mock","ZIKV",11.35,8.7197,-0.38034,0.00065,"yes",0.00332302541988198,"Not_significant"
"PVRL1","Mock","ZIKV",31.2917,24.3437,-0.362231,0.00065,"yes",0.00332302541988198,"Not_significant"
"GAS6","Mock","ZIKV",20.5846,16.0232,-0.361399,0.00065,"yes",0.00332302541988198,"Not_significant"
"VCAN","Mock","ZIKV",44.6084,34.8246,-0.357207,0.00065,"yes",0.00332302541988198,"Not_significant"
"APBA2","Mock","ZIKV",41.9689,32.9715,-0.3481,0.00065,"yes",0.00332302541988198,"Not_significant"
"TMEM47","Mock","ZIKV",49.2999,61.5269,0.319631,0.00065,"yes",0.00332302541988198,"Not_significant"
"BSN","Mock","ZIKV",11.9909,15.0019,0.323207,0.00065,"yes",0.00332302541988198,"Not_significant"
"STXBP1","Mock","ZIKV",50.927,63.9965,0.329564,0.00065,"yes",0.00332302541988198,"Not_significant"
"ZNF770","Mock","ZIKV",16.1153,20.3574,0.337121,0.00065,"yes",0.00332302541988198,"Not_significant"
"BCR","Mock","ZIKV",21.2381,26.8414,0.337806,0.00065,"yes",0.00332302541988198,"Not_significant"
"BAHD1","Mock","ZIKV",12.6663,16.0373,0.340434,0.00065,"yes",0.00332302541988198,"Not_significant"
"ATP11B","Mock","ZIKV",9.21337,11.6981,0.344479,0.00065,"yes",0.00332302541988198,"Not_significant"
"DGKD","Mock","ZIKV",13.9118,17.7484,0.351382,0.00065,"yes",0.00332302541988198,"Not_significant"
"DNAJB5","Mock","ZIKV",27.4513,35.2631,0.361282,0.00065,"yes",0.00332302541988198,"Not_significant"
"METTL15","Mock","ZIKV",5.0278,6.679,0.409703,0.00065,"yes",0.00332302541988198,"Not_significant"
"RINT1","Mock","ZIKV",7.3809,9.87115,0.419421,0.00065,"yes",0.00332302541988198,"Not_significant"
"PEX5L","Mock","ZIKV",2.16165,2.892,0.419932,0.00065,"yes",0.00332302541988198,"Not_significant"
"TCP11L1","Mock","ZIKV",6.55787,8.80683,0.425395,0.00065,"yes",0.00332302541988198,"Not_significant"
"CDKL5","Mock","ZIKV",3.28304,4.56624,0.475976,0.00065,"yes",0.00332302541988198,"Not_significant"
"DUSP10","Mock","ZIKV",4.4052,6.14362,0.479882,0.00065,"yes",0.00332302541988198,"Not_significant"
"MKL1","Mock","ZIKV",9.97371,15.0551,0.594049,0.00065,"yes",0.00332302541988198,"Not_significant"
"TMEM151A","Mock","ZIKV",1.87019,2.8809,0.623336,0.00065,"yes",0.00332302541988198,"Not_significant"
"MSX1","Mock","ZIKV",1.80518,2.98975,0.727885,0.00065,"yes",0.00332302541988198,"Not_significant"
"SNORA8","Mock","ZIKV",70.8198,225.541,1.67116,0.00065,"yes",0.00332302541988198,"Up_in_ZIKV"
"SNORD116-4","Mock","ZIKV",85.6198,875.508,3.3541,0.00065,"yes",0.00332302541988198,"Up_in_ZIKV"
"PENK","Mock","ZIKV",1.66356,0.614809,-1.43606,7e-04,"yes",0.00354325842696629,"Down_in_ZIKV"
"SPAG17","Mock","ZIKV",0.967071,0.370371,-1.38465,7e-04,"yes",0.00354325842696629,"Down_in_ZIKV"
"CXorf30","Mock","ZIKV",0.679305,0.273478,-1.31263,7e-04,"yes",0.00354325842696629,"Down_in_ZIKV"
"NS3BP","Mock","ZIKV",2.2755,1.06933,-1.08948,7e-04,"yes",0.00354325842696629,"Down_in_ZIKV"
"EFNA4","Mock","ZIKV",10.857,5.41588,-1.00335,7e-04,"yes",0.00354325842696629,"Down_in_ZIKV"
"NEIL1","Mock","ZIKV",1.68776,0.847535,-0.993769,7e-04,"yes",0.00354325842696629,"Not_significant"
"PROB1","Mock","ZIKV",1.11331,0.57528,-0.952521,7e-04,"yes",0.00354325842696629,"Not_significant"
"MIMT1","Mock","ZIKV",3.41792,1.90175,-0.845789,7e-04,"yes",0.00354325842696629,"Not_significant"
"TMEM150A","Mock","ZIKV",5.17922,3.27724,-0.660252,7e-04,"yes",0.00354325842696629,"Not_significant"
"GSTT1","Mock","ZIKV",9.41824,6.2087,-0.601166,7e-04,"yes",0.00354325842696629,"Not_significant"
"TPGS2","Mock","ZIKV",56.1856,37.1802,-0.595664,7e-04,"yes",0.00354325842696629,"Not_significant"
"ANAPC13","Mock","ZIKV",48.5221,34.4755,-0.49307,7e-04,"yes",0.00354325842696629,"Not_significant"
"LLPH","Mock","ZIKV",18.3437,13.4123,-0.451721,7e-04,"yes",0.00354325842696629,"Not_significant"
"COL5A2","Mock","ZIKV",2.65099,1.9385,-0.451593,7e-04,"yes",0.00354325842696629,"Not_significant"
"FOXO4","Mock","ZIKV",5.17121,3.78779,-0.449144,7e-04,"yes",0.00354325842696629,"Not_significant"
"RAB36","Mock","ZIKV",7.53259,5.66768,-0.410389,7e-04,"yes",0.00354325842696629,"Not_significant"
"CSTF2T","Mock","ZIKV",15.2191,11.7707,-0.370687,7e-04,"yes",0.00354325842696629,"Not_significant"
"LIPA","Mock","ZIKV",18.1834,14.0859,-0.368377,7e-04,"yes",0.00354325842696629,"Not_significant"
"PHC2","Mock","ZIKV",82.9896,65.7084,-0.336855,7e-04,"yes",0.00354325842696629,"Not_significant"
"HDGF","Mock","ZIKV",149.329,118.522,-0.333349,7e-04,"yes",0.00354325842696629,"Not_significant"
"ATXN7L3B","Mock","ZIKV",91,72.3304,-0.331265,7e-04,"yes",0.00354325842696629,"Not_significant"
"YTHDF3","Mock","ZIKV",21.6743,27.0666,0.320529,7e-04,"yes",0.00354325842696629,"Not_significant"
"IBTK","Mock","ZIKV",17.4991,21.8928,0.323182,7e-04,"yes",0.00354325842696629,"Not_significant"
"RFX7","Mock","ZIKV",16.0034,20.0531,0.325448,7e-04,"yes",0.00354325842696629,"Not_significant"
"GPM6A","Mock","ZIKV",108.673,136.725,0.331283,7e-04,"yes",0.00354325842696629,"Not_significant"
"KIAA0232","Mock","ZIKV",26.0104,32.79,0.334166,7e-04,"yes",0.00354325842696629,"Not_significant"
"YKT6","Mock","ZIKV",43.1197,54.3947,0.33512,7e-04,"yes",0.00354325842696629,"Not_significant"
"UBE2O","Mock","ZIKV",18.1023,22.8976,0.339025,7e-04,"yes",0.00354325842696629,"Not_significant"
"SLC30A7","Mock","ZIKV",6.83684,8.71433,0.350061,7e-04,"yes",0.00354325842696629,"Not_significant"
"DDHD2","Mock","ZIKV",27.1606,34.7009,0.353458,7e-04,"yes",0.00354325842696629,"Not_significant"
"RNF19A","Mock","ZIKV",10.5691,13.531,0.35641,7e-04,"yes",0.00354325842696629,"Not_significant"
"CRCP","Mock","ZIKV",18.1166,23.3062,0.3634,7e-04,"yes",0.00354325842696629,"Not_significant"
"TDP2","Mock","ZIKV",17.3114,22.3858,0.370855,7e-04,"yes",0.00354325842696629,"Not_significant"
"SPRY2","Mock","ZIKV",19.4058,25.1481,0.373965,7e-04,"yes",0.00354325842696629,"Not_significant"
"ZNF778","Mock","ZIKV",6.3339,8.41244,0.409431,7e-04,"yes",0.00354325842696629,"Not_significant"
"LINC00340","Mock","ZIKV",11.2092,14.8881,0.409471,7e-04,"yes",0.00354325842696629,"Not_significant"
"GPATCH1","Mock","ZIKV",4.43209,6.00728,0.438723,7e-04,"yes",0.00354325842696629,"Not_significant"
"LIX1L","Mock","ZIKV",11.7358,15.9329,0.441086,7e-04,"yes",0.00354325842696629,"Not_significant"
"DACT3","Mock","ZIKV",11.0359,15.5739,0.496922,7e-04,"yes",0.00354325842696629,"Not_significant"
"C6orf1","Mock","ZIKV",11.2018,15.891,0.504478,7e-04,"yes",0.00354325842696629,"Not_significant"
"NAP1L5","Mock","ZIKV",9.84759,14.0579,0.513539,7e-04,"yes",0.00354325842696629,"Not_significant"
"FBXO11","Mock","ZIKV",32.2745,46.2194,0.518104,7e-04,"yes",0.00354325842696629,"Not_significant"
"ADRB2","Mock","ZIKV",0.212104,0.767204,1.85484,7e-04,"yes",0.00354325842696629,"Up_in_ZIKV"
"RAB3IL1","Mock","ZIKV",0.152348,0.65999,2.11507,7e-04,"yes",0.00354325842696629,"Up_in_ZIKV"
"CCDC15","Mock","ZIKV",1.53215,0.963272,-0.669543,0.00075,"yes",0.00377513966480447,"Not_significant"
"HS3ST2","Mock","ZIKV",5.02405,3.36395,-0.578695,0.00075,"yes",0.00377513966480447,"Not_significant"
"TMEM60","Mock","ZIKV",17.4248,12.0472,-0.532448,0.00075,"yes",0.00377513966480447,"Not_significant"
"ADAM12","Mock","ZIKV",2.13796,1.52216,-0.490112,0.00075,"yes",0.00377513966480447,"Not_significant"
"FKBP9","Mock","ZIKV",6.67334,4.95631,-0.429143,0.00075,"yes",0.00377513966480447,"Not_significant"
"FBXL2","Mock","ZIKV",9.55442,7.1826,-0.411662,0.00075,"yes",0.00377513966480447,"Not_significant"
"PHKA2","Mock","ZIKV",5.48253,4.12931,-0.408942,0.00075,"yes",0.00377513966480447,"Not_significant"
"KIAA1407","Mock","ZIKV",9.05401,6.86355,-0.399601,0.00075,"yes",0.00377513966480447,"Not_significant"
"TMEM185B","Mock","ZIKV",5.89923,4.50833,-0.387934,0.00075,"yes",0.00377513966480447,"Not_significant"
"TINF2","Mock","ZIKV",21.5281,16.6852,-0.367651,0.00075,"yes",0.00377513966480447,"Not_significant"
"SEMA6C","Mock","ZIKV",22.7156,17.9242,-0.341771,0.00075,"yes",0.00377513966480447,"Not_significant"
"FRAS1","Mock","ZIKV",15.2269,12.1185,-0.329407,0.00075,"yes",0.00377513966480447,"Not_significant"
"SLC25A29","Mock","ZIKV",74.214,59.1141,-0.328189,0.00075,"yes",0.00377513966480447,"Not_significant"
"POU3F2","Mock","ZIKV",67.1117,53.8359,-0.317996,0.00075,"yes",0.00377513966480447,"Not_significant"
"PGD","Mock","ZIKV",150.848,121.212,-0.315565,0.00075,"yes",0.00377513966480447,"Not_significant"
"B4GALNT4","Mock","ZIKV",57.3767,72.3738,0.335001,0.00075,"yes",0.00377513966480447,"Not_significant"
"MAPK8","Mock","ZIKV",45.8942,58.7099,0.355293,0.00075,"yes",0.00377513966480447,"Not_significant"
"INPP5A","Mock","ZIKV",13.617,17.5016,0.362084,0.00075,"yes",0.00377513966480447,"Not_significant"
"ZNF574","Mock","ZIKV",8.51721,11.2496,0.401427,0.00075,"yes",0.00377513966480447,"Not_significant"
"RABGAP1L","Mock","ZIKV",10.724,14.2206,0.407129,0.00075,"yes",0.00377513966480447,"Not_significant"
"PCDH15","Mock","ZIKV",1.75129,2.37217,0.437785,0.00075,"yes",0.00377513966480447,"Not_significant"
"ZBTB7C","Mock","ZIKV",2.96936,4.09249,0.462828,0.00075,"yes",0.00377513966480447,"Not_significant"
"ZNF595","Mock","ZIKV",3.3865,5.08155,0.585473,0.00075,"yes",0.00377513966480447,"Not_significant"
"PIGL","Mock","ZIKV",5.67136,8.60198,0.600975,0.00075,"yes",0.00377513966480447,"Not_significant"
"RFTN2","Mock","ZIKV",0.914961,1.52961,0.74138,0.00075,"yes",0.00377513966480447,"Not_significant"
"LOC100129726","Mock","ZIKV",0.954375,0.280156,-1.76832,8e-04,"yes",0.004002665482008,"Down_in_ZIKV"
"DMC1","Mock","ZIKV",0.838619,0.272353,-1.62254,8e-04,"yes",0.004002665482008,"Down_in_ZIKV"
"ANKRD1","Mock","ZIKV",1.12531,0.456784,-1.30074,8e-04,"yes",0.004002665482008,"Down_in_ZIKV"
"BOLA1","Mock","ZIKV",4.89448,2.66197,-0.87866,8e-04,"yes",0.004002665482008,"Not_significant"
"ZNF674-AS1","Mock","ZIKV",2.71756,1.67236,-0.700422,8e-04,"yes",0.004002665482008,"Not_significant"
"CDKL2","Mock","ZIKV",2.45037,1.70045,-0.527084,8e-04,"yes",0.004002665482008,"Not_significant"
"ZNF32","Mock","ZIKV",18.4168,12.9421,-0.508946,8e-04,"yes",0.004002665482008,"Not_significant"
"ZNF180","Mock","ZIKV",5.45152,3.98144,-0.453367,8e-04,"yes",0.004002665482008,"Not_significant"
"SIVA1","Mock","ZIKV",53.4271,40.6388,-0.394716,8e-04,"yes",0.004002665482008,"Not_significant"
"PSMB5","Mock","ZIKV",67.7067,52.2696,-0.373327,8e-04,"yes",0.004002665482008,"Not_significant"
"CD99L2","Mock","ZIKV",32.8793,25.9576,-0.341026,8e-04,"yes",0.004002665482008,"Not_significant"
"ZFAND5","Mock","ZIKV",45.0203,56.1864,0.319643,8e-04,"yes",0.004002665482008,"Not_significant"
"SRSF10","Mock","ZIKV",92.4158,115.405,0.320497,8e-04,"yes",0.004002665482008,"Not_significant"
"NDRG4","Mock","ZIKV",43.8489,54.8654,0.323355,8e-04,"yes",0.004002665482008,"Not_significant"
"AHCTF1","Mock","ZIKV",8.70902,10.9841,0.334828,8e-04,"yes",0.004002665482008,"Not_significant"
"MMADHC","Mock","ZIKV",46.2917,58.8465,0.346201,8e-04,"yes",0.004002665482008,"Not_significant"
"GGNBP2","Mock","ZIKV",23.344,29.6792,0.346402,8e-04,"yes",0.004002665482008,"Not_significant"
"ZNF160","Mock","ZIKV",12.4975,16.0656,0.362337,8e-04,"yes",0.004002665482008,"Not_significant"
"PPP1R37","Mock","ZIKV",13.2192,17.0281,0.365283,8e-04,"yes",0.004002665482008,"Not_significant"
"PLXNA4","Mock","ZIKV",3.05899,3.95342,0.370046,8e-04,"yes",0.004002665482008,"Not_significant"
"ZNF675","Mock","ZIKV",11.606,15.1551,0.384934,8e-04,"yes",0.004002665482008,"Not_significant"
"TANK","Mock","ZIKV",13.967,18.632,0.415764,8e-04,"yes",0.004002665482008,"Not_significant"
"PRKCA","Mock","ZIKV",1.85813,2.48819,0.421242,8e-04,"yes",0.004002665482008,"Not_significant"
"CLMP","Mock","ZIKV",4.53621,6.30859,0.475829,8e-04,"yes",0.004002665482008,"Not_significant"
"BEGAIN","Mock","ZIKV",3.95043,5.52509,0.483986,8e-04,"yes",0.004002665482008,"Not_significant"
"GPATCH11","Mock","ZIKV",7.22431,10.3662,0.52095,8e-04,"yes",0.004002665482008,"Not_significant"
"AGFG2","Mock","ZIKV",1.30796,1.94749,0.574296,8e-04,"yes",0.004002665482008,"Not_significant"
"C1RL","Mock","ZIKV",0.803256,0.181151,-2.14867,0.00085,"yes",0.00423402255639098,"Down_in_ZIKV"
"ARHGEF39","Mock","ZIKV",6.63872,3.10966,-1.09415,0.00085,"yes",0.00423402255639098,"Down_in_ZIKV"
"RSPH1","Mock","ZIKV",2.23545,1.07268,-1.05934,0.00085,"yes",0.00423402255639098,"Down_in_ZIKV"
"FOXJ1","Mock","ZIKV",23.3887,14.7727,-0.662886,0.00085,"yes",0.00423402255639098,"Not_significant"
"SMYD4","Mock","ZIKV",6.53254,4.90798,-0.412514,0.00085,"yes",0.00423402255639098,"Not_significant"
"ZNF107","Mock","ZIKV",6.03218,4.5783,-0.397868,0.00085,"yes",0.00423402255639098,"Not_significant"
"ELAC2","Mock","ZIKV",17.5474,13.4639,-0.382159,0.00085,"yes",0.00423402255639098,"Not_significant"
"ATP6AP1","Mock","ZIKV",82.7061,103.366,0.321697,0.00085,"yes",0.00423402255639098,"Not_significant"
"AKAP9","Mock","ZIKV",19.6728,24.5944,0.32213,0.00085,"yes",0.00423402255639098,"Not_significant"
"ELFN1","Mock","ZIKV",21.1829,26.7239,0.335234,0.00085,"yes",0.00423402255639098,"Not_significant"
"NSUN2","Mock","ZIKV",19.1379,24.388,0.349745,0.00085,"yes",0.00423402255639098,"Not_significant"
"THOC5","Mock","ZIKV",15.881,20.4085,0.361871,0.00085,"yes",0.00423402255639098,"Not_significant"
"C6orf211","Mock","ZIKV",10.2948,13.4686,0.387687,0.00085,"yes",0.00423402255639098,"Not_significant"
"CASZ1","Mock","ZIKV",5.17365,6.80297,0.394984,0.00085,"yes",0.00423402255639098,"Not_significant"
"POU3F3","Mock","ZIKV",15.2567,20.1687,0.402678,0.00085,"yes",0.00423402255639098,"Not_significant"
"CEBPZ","Mock","ZIKV",15.3898,20.735,0.430092,0.00085,"yes",0.00423402255639098,"Not_significant"
"ZNF593","Mock","ZIKV",12.8518,19.0465,0.56756,0.00085,"yes",0.00423402255639098,"Not_significant"
"RFX4","Mock","ZIKV",7.00404,10.6983,0.611121,0.00085,"yes",0.00423402255639098,"Not_significant"
"FAM211B","Mock","ZIKV",5.90728,9.12366,0.627117,0.00085,"yes",0.00423402255639098,"Not_significant"
"SH3RF3","Mock","ZIKV",0.443323,0.808846,0.867506,0.00085,"yes",0.00423402255639098,"Not_significant"
"DLEU2L","Mock","ZIKV",4.79197,1.96675,-1.28481,9e-04,"yes",0.00445353690685413,"Down_in_ZIKV"
"ZNF114","Mock","ZIKV",1.1151,0.522745,-1.093,9e-04,"yes",0.00445353690685413,"Down_in_ZIKV"
"P2RX6","Mock","ZIKV",0.856048,0.40165,-1.09175,9e-04,"yes",0.00445353690685413,"Down_in_ZIKV"
"TREX1","Mock","ZIKV",4.15426,1.98954,-1.06215,9e-04,"yes",0.00445353690685413,"Down_in_ZIKV"
"ZNF321P","Mock","ZIKV",2.26599,1.10878,-1.03118,9e-04,"yes",0.00445353690685413,"Down_in_ZIKV"
"SPA17","Mock","ZIKV",29.6541,15.1468,-0.969221,9e-04,"yes",0.00445353690685413,"Not_significant"
"TRPV3","Mock","ZIKV",0.753972,0.452874,-0.735402,9e-04,"yes",0.00445353690685413,"Not_significant"
"C16orf88","Mock","ZIKV",13.0505,8.31623,-0.650105,9e-04,"yes",0.00445353690685413,"Not_significant"
"PAN2","Mock","ZIKV",15.1506,11.4334,-0.406116,9e-04,"yes",0.00445353690685413,"Not_significant"
"NDUFB8","Mock","ZIKV",169.7,134.409,-0.33636,9e-04,"yes",0.00445353690685413,"Not_significant"
"VIM","Mock","ZIKV",1467.13,1168.39,-0.328475,9e-04,"yes",0.00445353690685413,"Not_significant"
"ZNF521","Mock","ZIKV",36.6591,29.2128,-0.327572,9e-04,"yes",0.00445353690685413,"Not_significant"
"DDX56","Mock","ZIKV",31.8518,39.8152,0.321942,9e-04,"yes",0.00445353690685413,"Not_significant"
"STRAP","Mock","ZIKV",115.17,144.475,0.327053,9e-04,"yes",0.00445353690685413,"Not_significant"
"APLP1","Mock","ZIKV",205.4,258.027,0.329083,9e-04,"yes",0.00445353690685413,"Not_significant"
"PLEKHM2","Mock","ZIKV",19.5917,24.6501,0.331352,9e-04,"yes",0.00445353690685413,"Not_significant"
"KDM5D","Mock","ZIKV",13.2562,16.7746,0.339609,9e-04,"yes",0.00445353690685413,"Not_significant"
"FAM214B","Mock","ZIKV",19.9464,25.4224,0.349974,9e-04,"yes",0.00445353690685413,"Not_significant"
"CWC15","Mock","ZIKV",31.9159,40.798,0.354223,9e-04,"yes",0.00445353690685413,"Not_significant"
"DCUN1D1","Mock","ZIKV",11.1456,14.3659,0.366174,9e-04,"yes",0.00445353690685413,"Not_significant"
"RPS6KB2","Mock","ZIKV",16.3585,21.4894,0.393582,9e-04,"yes",0.00445353690685413,"Not_significant"
"DDX19B","Mock","ZIKV",15.6661,20.7248,0.403713,9e-04,"yes",0.00445353690685413,"Not_significant"
"ZSCAN32","Mock","ZIKV",5.52593,7.42195,0.425583,9e-04,"yes",0.00445353690685413,"Not_significant"
"MROH1","Mock","ZIKV",4.83056,6.64343,0.459737,9e-04,"yes",0.00445353690685413,"Not_significant"
"CAMK2B","Mock","ZIKV",2.31268,3.24848,0.490195,9e-04,"yes",0.00445353690685413,"Not_significant"
"C5orf4","Mock","ZIKV",3.2538,4.61445,0.504035,9e-04,"yes",0.00445353690685413,"Not_significant"
"PHYH","Mock","ZIKV",5.26701,7.55593,0.520625,9e-04,"yes",0.00445353690685413,"Not_significant"
"EIF5A2","Mock","ZIKV",1.29944,1.88627,0.537647,9e-04,"yes",0.00445353690685413,"Not_significant"
"MYOF","Mock","ZIKV",1.01501,1.49674,0.560332,9e-04,"yes",0.00445353690685413,"Not_significant"
"XRRA1","Mock","ZIKV",5.68766,8.67467,0.608973,9e-04,"yes",0.00445353690685413,"Not_significant"
"NSUN5P1","Mock","ZIKV",9.14125,3.18863,-1.51945,0.00095,"yes",0.00466610335804623,"Down_in_ZIKV"
"IQCD","Mock","ZIKV",2.21033,1.07754,-1.03651,0.00095,"yes",0.00466610335804623,"Down_in_ZIKV"
"GPRIN2","Mock","ZIKV",1.80804,0.935826,-0.950111,0.00095,"yes",0.00466610335804623,"Not_significant"
"C20orf203","Mock","ZIKV",0.825261,0.473272,-0.802182,0.00095,"yes",0.00466610335804623,"Not_significant"
"METTL1","Mock","ZIKV",3.5864,2.081,-0.785259,0.00095,"yes",0.00466610335804623,"Not_significant"
"NPM3","Mock","ZIKV",12.842,8.68472,-0.564316,0.00095,"yes",0.00466610335804623,"Not_significant"
"XRCC4","Mock","ZIKV",5.90523,4.0208,-0.55451,0.00095,"yes",0.00466610335804623,"Not_significant"
"OXTR","Mock","ZIKV",2.38772,1.64207,-0.540118,0.00095,"yes",0.00466610335804623,"Not_significant"
"RBM45","Mock","ZIKV",7.2105,5.04239,-0.515993,0.00095,"yes",0.00466610335804623,"Not_significant"
"CSTF3","Mock","ZIKV",50.1344,36.1777,-0.470701,0.00095,"yes",0.00466610335804623,"Not_significant"
"PPOX","Mock","ZIKV",11.0139,8.07793,-0.447272,0.00095,"yes",0.00466610335804623,"Not_significant"
"APRT","Mock","ZIKV",36.7242,27.0901,-0.438964,0.00095,"yes",0.00466610335804623,"Not_significant"
"HMG20B","Mock","ZIKV",29.9573,23.2528,-0.365502,0.00095,"yes",0.00466610335804623,"Not_significant"
"PHB","Mock","ZIKV",35.5196,27.6959,-0.358941,0.00095,"yes",0.00466610335804623,"Not_significant"
"RGS16","Mock","ZIKV",30.5347,24.2181,-0.334363,0.00095,"yes",0.00466610335804623,"Not_significant"
"PTPRO","Mock","ZIKV",21.2888,26.4307,0.312121,0.00095,"yes",0.00466610335804623,"Not_significant"
"SYNRG","Mock","ZIKV",15.8164,19.737,0.319479,0.00095,"yes",0.00466610335804623,"Not_significant"
"RASAL2","Mock","ZIKV",15.321,19.1554,0.322239,0.00095,"yes",0.00466610335804623,"Not_significant"
"KIF21A","Mock","ZIKV",42.7289,53.647,0.328286,0.00095,"yes",0.00466610335804623,"Not_significant"
"WDR17","Mock","ZIKV",13.206,16.6441,0.33382,0.00095,"yes",0.00466610335804623,"Not_significant"
"APBB1","Mock","ZIKV",62.2994,78.5478,0.334352,0.00095,"yes",0.00466610335804623,"Not_significant"
"RPRD1A","Mock","ZIKV",29.8061,37.6432,0.33678,0.00095,"yes",0.00466610335804623,"Not_significant"
"RPL36AL","Mock","ZIKV",153.057,194.114,0.342838,0.00095,"yes",0.00466610335804623,"Not_significant"
"NAA16","Mock","ZIKV",16.4089,21.0884,0.361965,0.00095,"yes",0.00466610335804623,"Not_significant"
"CDC42EP3","Mock","ZIKV",9.04847,11.6385,0.363161,0.00095,"yes",0.00466610335804623,"Not_significant"
"OGFOD1","Mock","ZIKV",9.74488,12.6228,0.373318,0.00095,"yes",0.00466610335804623,"Not_significant"
"ALG5","Mock","ZIKV",17.6987,23.4812,0.407862,0.00095,"yes",0.00466610335804623,"Not_significant"
"HDLBP","Mock","ZIKV",65.0064,93.5914,0.525794,0.00095,"yes",0.00466610335804623,"Not_significant"
"LACTB","Mock","ZIKV",3.44343,5.14835,0.580263,0.00095,"yes",0.00466610335804623,"Not_significant"
"SDHAF1","Mock","ZIKV",6.19709,9.28269,0.582953,0.00095,"yes",0.00466610335804623,"Not_significant"
"ZNF597","Mock","ZIKV",1.94608,3.19171,0.713755,0.00095,"yes",0.00466610335804623,"Not_significant"
"BAG2","Mock","ZIKV",1.15416,2.02205,0.808973,0.00095,"yes",0.00466610335804623,"Not_significant"
"TEKT3","Mock","ZIKV",1.23472,2.22101,0.847029,0.00095,"yes",0.00466610335804623,"Not_significant"
"LUST","Mock","ZIKV",17.0022,38.1488,1.16591,0.00095,"yes",0.00466610335804623,"Up_in_ZIKV"
"LOC100506714","Mock","ZIKV",5.05996,3.18925,-0.665908,0.001,"yes",0.00488611713665944,"Not_significant"
"C7orf25","Mock","ZIKV",4.44285,2.93511,-0.598072,0.001,"yes",0.00488611713665944,"Not_significant"
"PC","Mock","ZIKV",8.19624,5.48692,-0.578966,0.001,"yes",0.00488611713665944,"Not_significant"
"TAX1BP3","Mock","ZIKV",42.5939,30.6041,-0.476921,0.001,"yes",0.00488611713665944,"Not_significant"
"SMIM12","Mock","ZIKV",3.86614,2.85615,-0.436821,0.001,"yes",0.00488611713665944,"Not_significant"
"CRB1","Mock","ZIKV",6.59418,4.97085,-0.407701,0.001,"yes",0.00488611713665944,"Not_significant"
"LOC283731","Mock","ZIKV",12.2672,9.46362,-0.374345,0.001,"yes",0.00488611713665944,"Not_significant"
"PHF6","Mock","ZIKV",34.3963,26.5477,-0.373669,0.001,"yes",0.00488611713665944,"Not_significant"
"CCDC93","Mock","ZIKV",14.1566,17.6839,0.320956,0.001,"yes",0.00488611713665944,"Not_significant"
"NRBP1","Mock","ZIKV",37.8941,47.698,0.331956,0.001,"yes",0.00488611713665944,"Not_significant"
"MIDN","Mock","ZIKV",77.1799,97.1528,0.332031,0.001,"yes",0.00488611713665944,"Not_significant"
"NDUFA5","Mock","ZIKV",53.7906,68.2022,0.342464,0.001,"yes",0.00488611713665944,"Not_significant"
"PLK3","Mock","ZIKV",30.8248,39.1247,0.343988,0.001,"yes",0.00488611713665944,"Not_significant"
"GOLGA1","Mock","ZIKV",8.34863,10.8027,0.371776,0.001,"yes",0.00488611713665944,"Not_significant"
"PDE2A","Mock","ZIKV",7.23161,9.38217,0.375605,0.001,"yes",0.00488611713665944,"Not_significant"
"MCU","Mock","ZIKV",9.75812,12.6802,0.3779,0.001,"yes",0.00488611713665944,"Not_significant"
"ATP6V0C","Mock","ZIKV",122.788,161.612,0.396367,0.001,"yes",0.00488611713665944,"Not_significant"
"KIAA1683","Mock","ZIKV",4.38221,5.82079,0.409557,0.001,"yes",0.00488611713665944,"Not_significant"
"TBC1D19","Mock","ZIKV",9.54958,12.6918,0.410384,0.001,"yes",0.00488611713665944,"Not_significant"
"NFKB1","Mock","ZIKV",3.72457,4.98185,0.41961,0.001,"yes",0.00488611713665944,"Not_significant"
"ZNF610","Mock","ZIKV",7.1023,9.61264,0.436648,0.001,"yes",0.00488611713665944,"Not_significant"
"BEND7","Mock","ZIKV",7.39886,10.0252,0.438252,0.001,"yes",0.00488611713665944,"Not_significant"
"PDSS2","Mock","ZIKV",3.6966,5.03295,0.445205,0.001,"yes",0.00488611713665944,"Not_significant"
"SNX16","Mock","ZIKV",2.70293,3.80884,0.494826,0.001,"yes",0.00488611713665944,"Not_significant"
"FBXL19-AS1","Mock","ZIKV",3.538,1.1032,-1.68123,0.00105,"yes",0.00511046888504754,"Down_in_ZIKV"
"MLLT10P1","Mock","ZIKV",4.19088,1.49859,-1.48365,0.00105,"yes",0.00511046888504754,"Down_in_ZIKV"
"C8orf44","Mock","ZIKV",3.41134,1.27141,-1.42391,0.00105,"yes",0.00511046888504754,"Down_in_ZIKV"
"INTS9","Mock","ZIKV",7.37721,5.41882,-0.445095,0.00105,"yes",0.00511046888504754,"Not_significant"
"LARS2","Mock","ZIKV",11.4581,8.9744,-0.352479,0.00105,"yes",0.00511046888504754,"Not_significant"
"ANKRD36","Mock","ZIKV",7.69853,6.03649,-0.350872,0.00105,"yes",0.00511046888504754,"Not_significant"
"THBS3","Mock","ZIKV",37.6072,29.8368,-0.333919,0.00105,"yes",0.00511046888504754,"Not_significant"
"PREPL","Mock","ZIKV",31.2662,24.856,-0.331014,0.00105,"yes",0.00511046888504754,"Not_significant"
"CMTM6","Mock","ZIKV",25.3172,20.1427,-0.32986,0.00105,"yes",0.00511046888504754,"Not_significant"
"MGAT5","Mock","ZIKV",14.6914,11.697,-0.328837,0.00105,"yes",0.00511046888504754,"Not_significant"
"ZER1","Mock","ZIKV",15.0507,18.9559,0.332824,0.00105,"yes",0.00511046888504754,"Not_significant"
"UBE2Q1","Mock","ZIKV",22.5505,28.5153,0.338578,0.00105,"yes",0.00511046888504754,"Not_significant"
"GAB2","Mock","ZIKV",9.71192,12.2975,0.340539,0.00105,"yes",0.00511046888504754,"Not_significant"
"DNAJC27","Mock","ZIKV",4.45718,5.79899,0.379671,0.00105,"yes",0.00511046888504754,"Not_significant"
"HBS1L","Mock","ZIKV",10.4274,13.5888,0.382033,0.00105,"yes",0.00511046888504754,"Not_significant"
"IRX5","Mock","ZIKV",4.43446,6.26252,0.497983,0.00105,"yes",0.00511046888504754,"Not_significant"
"ITPRIPL2","Mock","ZIKV",0.498781,0.795001,0.672551,0.00105,"yes",0.00511046888504754,"Not_significant"
"HSPB8","Mock","ZIKV",0.612113,1.27392,1.05741,0.00105,"yes",0.00511046888504754,"Up_in_ZIKV"
"FGF14-AS2","Mock","ZIKV",4.27175,1.03705,-2.04234,0.0011,"yes",0.00532505910165485,"Down_in_ZIKV"
"LDLRAP1","Mock","ZIKV",1.51144,0.86394,-0.806923,0.0011,"yes",0.00532505910165485,"Not_significant"
"FAM72D","Mock","ZIKV",2.80444,1.78583,-0.651116,0.0011,"yes",0.00532505910165485,"Not_significant"
"GPATCH4","Mock","ZIKV",7.19687,5.25076,-0.454843,0.0011,"yes",0.00532505910165485,"Not_significant"
"ALS2CR8","Mock","ZIKV",4.55416,3.43901,-0.405193,0.0011,"yes",0.00532505910165485,"Not_significant"
"MRTO4","Mock","ZIKV",13.6136,10.4264,-0.384817,0.0011,"yes",0.00532505910165485,"Not_significant"
"CLIC1","Mock","ZIKV",99.9658,79.7255,-0.326394,0.0011,"yes",0.00532505910165485,"Not_significant"
"EXOC4","Mock","ZIKV",30.8276,38.298,0.313045,0.0011,"yes",0.00532505910165485,"Not_significant"
"GTPBP1","Mock","ZIKV",26.0668,32.417,0.314536,0.0011,"yes",0.00532505910165485,"Not_significant"
"LARP1","Mock","ZIKV",47.0511,58.6882,0.318842,0.0011,"yes",0.00532505910165485,"Not_significant"
"CCSER2","Mock","ZIKV",14.1538,17.6703,0.320131,0.0011,"yes",0.00532505910165485,"Not_significant"
"WASF2","Mock","ZIKV",25.5257,31.8905,0.321174,0.0011,"yes",0.00532505910165485,"Not_significant"
"STRN4","Mock","ZIKV",65.0582,82.2495,0.338277,0.0011,"yes",0.00532505910165485,"Not_significant"
"ZBTB21","Mock","ZIKV",8.98817,11.3736,0.339585,0.0011,"yes",0.00532505910165485,"Not_significant"
"PPM1B","Mock","ZIKV",32.7587,41.6944,0.347977,0.0011,"yes",0.00532505910165485,"Not_significant"
"TXLNG","Mock","ZIKV",7.19748,9.17011,0.349446,0.0011,"yes",0.00532505910165485,"Not_significant"
"SNAP29","Mock","ZIKV",9.19185,11.7243,0.351077,0.0011,"yes",0.00532505910165485,"Not_significant"
"APOOL","Mock","ZIKV",6.81174,8.70168,0.353271,0.0011,"yes",0.00532505910165485,"Not_significant"
"MAD1L1","Mock","ZIKV",14.5369,18.6167,0.356878,0.0011,"yes",0.00532505910165485,"Not_significant"
"NPC1","Mock","ZIKV",16.761,21.5581,0.363118,0.0011,"yes",0.00532505910165485,"Not_significant"
"HSF1","Mock","ZIKV",32.5302,44.2613,0.444266,0.0011,"yes",0.00532505910165485,"Not_significant"
"KCNH7","Mock","ZIKV",3.39654,4.64946,0.452996,0.0011,"yes",0.00532505910165485,"Not_significant"
"FRS3","Mock","ZIKV",5.92556,8.11964,0.454464,0.0011,"yes",0.00532505910165485,"Not_significant"
"P4HA2","Mock","ZIKV",3.50434,5.0577,0.52934,0.0011,"yes",0.00532505910165485,"Not_significant"
"BCL3","Mock","ZIKV",0.198376,0.777274,1.97019,0.0011,"yes",0.00532505910165485,"Up_in_ZIKV"
"TMCO6","Mock","ZIKV",6.18854,3.60422,-0.77991,0.00115,"yes",0.0055420945656825,"Not_significant"
"MTRNR2L1","Mock","ZIKV",5.53365,3.26366,-0.761743,0.00115,"yes",0.0055420945656825,"Not_significant"
"ARMC2","Mock","ZIKV",3.10487,2.15757,-0.525124,0.00115,"yes",0.0055420945656825,"Not_significant"
"MPP6","Mock","ZIKV",5.28431,3.68419,-0.520368,0.00115,"yes",0.0055420945656825,"Not_significant"
"TEKT2","Mock","ZIKV",22.4392,17.1458,-0.388166,0.00115,"yes",0.0055420945656825,"Not_significant"
"CAPN10","Mock","ZIKV",17.2904,13.3707,-0.37089,0.00115,"yes",0.0055420945656825,"Not_significant"
"GALNT7","Mock","ZIKV",12.979,10.178,-0.350731,0.00115,"yes",0.0055420945656825,"Not_significant"
"CNNM3","Mock","ZIKV",12.6471,9.98109,-0.34154,0.00115,"yes",0.0055420945656825,"Not_significant"
"GALNT11","Mock","ZIKV",24.2512,19.1445,-0.341126,0.00115,"yes",0.0055420945656825,"Not_significant"
"UQCR10","Mock","ZIKV",71.7513,56.69,-0.339912,0.00115,"yes",0.0055420945656825,"Not_significant"
"EIF4A1","Mock","ZIKV",298.819,236.72,-0.336086,0.00115,"yes",0.0055420945656825,"Not_significant"
"YLPM1","Mock","ZIKV",29.8818,24.07,-0.312029,0.00115,"yes",0.0055420945656825,"Not_significant"
"TOP1","Mock","ZIKV",46.2002,57.1535,0.306941,0.00115,"yes",0.0055420945656825,"Not_significant"
"DENND2A","Mock","ZIKV",27.2071,34.115,0.326423,0.00115,"yes",0.0055420945656825,"Not_significant"
"ELOVL6","Mock","ZIKV",27.4518,34.4727,0.328551,0.00115,"yes",0.0055420945656825,"Not_significant"
"LMTK2","Mock","ZIKV",7.80819,9.83929,0.333566,0.00115,"yes",0.0055420945656825,"Not_significant"
"YIPF5","Mock","ZIKV",13.5869,17.3581,0.353389,0.00115,"yes",0.0055420945656825,"Not_significant"
"SPRYD7","Mock","ZIKV",3.87944,5.3145,0.454087,0.00115,"yes",0.0055420945656825,"Not_significant"
"TMEM183B","Mock","ZIKV",23.7232,34.4881,0.539803,0.00115,"yes",0.0055420945656825,"Not_significant"
"TMEM51-AS1","Mock","ZIKV",2.46478,4.31293,0.80721,0.00115,"yes",0.0055420945656825,"Not_significant"
"KCTD8","Mock","ZIKV",0.288671,0.746035,1.36982,0.00115,"yes",0.0055420945656825,"Up_in_ZIKV"
"WDR65","Mock","ZIKV",1.39755,0.376234,-1.89319,0.0012,"yes",0.00575106382978723,"Down_in_ZIKV"
"SELENBP1","Mock","ZIKV",1.68703,0.823424,-1.03478,0.0012,"yes",0.00575106382978723,"Down_in_ZIKV"
"TAS2R5","Mock","ZIKV",2.38348,1.17356,-1.02217,0.0012,"yes",0.00575106382978723,"Down_in_ZIKV"
"ENKUR","Mock","ZIKV",3.29313,1.80782,-0.865209,0.0012,"yes",0.00575106382978723,"Not_significant"
"LRRC23","Mock","ZIKV",6.39251,4.30211,-0.57134,0.0012,"yes",0.00575106382978723,"Not_significant"
"CIB2","Mock","ZIKV",19.2566,14.6804,-0.391463,0.0012,"yes",0.00575106382978723,"Not_significant"
"ZDHHC6","Mock","ZIKV",19.4369,15.0142,-0.372473,0.0012,"yes",0.00575106382978723,"Not_significant"
"NECAB2","Mock","ZIKV",25.9305,20.1275,-0.365477,0.0012,"yes",0.00575106382978723,"Not_significant"
"TXN2","Mock","ZIKV",36.2867,28.5563,-0.345627,0.0012,"yes",0.00575106382978723,"Not_significant"
"MCFD2","Mock","ZIKV",32.0493,25.2558,-0.343675,0.0012,"yes",0.00575106382978723,"Not_significant"
"METTL17","Mock","ZIKV",30.8821,24.3661,-0.341897,0.0012,"yes",0.00575106382978723,"Not_significant"
"POLI","Mock","ZIKV",12.7091,10.0369,-0.340553,0.0012,"yes",0.00575106382978723,"Not_significant"
"KIAA1841","Mock","ZIKV",14.2033,11.2501,-0.336287,0.0012,"yes",0.00575106382978723,"Not_significant"
"EZH1","Mock","ZIKV",14.5377,11.5349,-0.33379,0.0012,"yes",0.00575106382978723,"Not_significant"
"PA2G4","Mock","ZIKV",51.4682,40.96,-0.329466,0.0012,"yes",0.00575106382978723,"Not_significant"
"IMMT","Mock","ZIKV",36.712,29.4367,-0.318633,0.0012,"yes",0.00575106382978723,"Not_significant"
"EXOC7","Mock","ZIKV",47.8902,38.4118,-0.318182,0.0012,"yes",0.00575106382978723,"Not_significant"
"KLF7","Mock","ZIKV",18.783,23.3043,0.311166,0.0012,"yes",0.00575106382978723,"Not_significant"
"TWF1","Mock","ZIKV",23.1122,28.8973,0.322282,0.0012,"yes",0.00575106382978723,"Not_significant"
"AXL","Mock","ZIKV",11.6163,14.6698,0.336697,0.0012,"yes",0.00575106382978723,"Not_significant"
"TRIM71","Mock","ZIKV",10.8941,13.9942,0.361274,0.0012,"yes",0.00575106382978723,"Not_significant"
"PTPRJ","Mock","ZIKV",5.41005,7.0149,0.374781,0.0012,"yes",0.00575106382978723,"Not_significant"
"ILKAP","Mock","ZIKV",19.2543,25.0246,0.378168,0.0012,"yes",0.00575106382978723,"Not_significant"
"ZNF426","Mock","ZIKV",6.98355,9.35468,0.421728,0.0012,"yes",0.00575106382978723,"Not_significant"
"VPS53","Mock","ZIKV",8.26054,11.5895,0.488507,0.0012,"yes",0.00575106382978723,"Not_significant"
"TTC39B","Mock","ZIKV",0.740832,1.29147,0.801793,0.0012,"yes",0.00575106382978723,"Not_significant"
"ZNF503-AS2","Mock","ZIKV",12.3347,4.78962,-1.36474,0.00125,"yes",0.00596025613886537,"Down_in_ZIKV"
"C6orf163","Mock","ZIKV",1.86788,0.805159,-1.21405,0.00125,"yes",0.00596025613886537,"Down_in_ZIKV"
"LOC100287015","Mock","ZIKV",1.72765,0.996727,-0.793541,0.00125,"yes",0.00596025613886537,"Not_significant"
"VAMP1","Mock","ZIKV",7.75189,4.98639,-0.636554,0.00125,"yes",0.00596025613886537,"Not_significant"
"HSPA2","Mock","ZIKV",2.68643,1.77951,-0.594215,0.00125,"yes",0.00596025613886537,"Not_significant"
"POLE4","Mock","ZIKV",17.2822,11.7989,-0.550634,0.00125,"yes",0.00596025613886537,"Not_significant"
"PRIM2","Mock","ZIKV",6.52006,4.69144,-0.474853,0.00125,"yes",0.00596025613886537,"Not_significant"
"GCSH","Mock","ZIKV",31.544,24.5756,-0.360141,0.00125,"yes",0.00596025613886537,"Not_significant"
"MTMR3","Mock","ZIKV",17.434,21.6215,0.310561,0.00125,"yes",0.00596025613886537,"Not_significant"
"ASXL3","Mock","ZIKV",6.19363,7.78119,0.329205,0.00125,"yes",0.00596025613886537,"Not_significant"
"PJA1","Mock","ZIKV",47.04,59.1169,0.329684,0.00125,"yes",0.00596025613886537,"Not_significant"
"MARK4","Mock","ZIKV",15.2056,19.1312,0.331329,0.00125,"yes",0.00596025613886537,"Not_significant"
"RIT1","Mock","ZIKV",16.0914,20.3351,0.337687,0.00125,"yes",0.00596025613886537,"Not_significant"
"EPB49","Mock","ZIKV",17.1546,21.857,0.349501,0.00125,"yes",0.00596025613886537,"Not_significant"
"MBNL1","Mock","ZIKV",8.65308,11.0689,0.355221,0.00125,"yes",0.00596025613886537,"Not_significant"
"RSPRY1","Mock","ZIKV",17.9412,22.9822,0.357236,0.00125,"yes",0.00596025613886537,"Not_significant"
"NKRF","Mock","ZIKV",6.1758,8.07395,0.386649,0.00125,"yes",0.00596025613886537,"Not_significant"
"C1orf109","Mock","ZIKV",7.48116,9.95984,0.41286,0.00125,"yes",0.00596025613886537,"Not_significant"
"PFKFB4","Mock","ZIKV",5.07538,6.79294,0.42052,0.00125,"yes",0.00596025613886537,"Not_significant"
"KCNJ9","Mock","ZIKV",2.69638,3.80926,0.498483,0.00125,"yes",0.00596025613886537,"Not_significant"
"COMMD8","Mock","ZIKV",6.38604,9.0554,0.503856,0.00125,"yes",0.00596025613886537,"Not_significant"
"ZNF221","Mock","ZIKV",2.87867,4.20305,0.546033,0.00125,"yes",0.00596025613886537,"Not_significant"
"HOOK1","Mock","ZIKV",1.02256,1.50903,0.561435,0.00125,"yes",0.00596025613886537,"Not_significant"
"KCNAB1","Mock","ZIKV",0.736154,1.22856,0.738887,0.00125,"yes",0.00596025613886537,"Not_significant"
"CNKSR1","Mock","ZIKV",2.21501,1.38981,-0.672427,0.0013,"yes",0.00618296030405405,"Not_significant"
"LIMD1","Mock","ZIKV",3.32876,2.23223,-0.576501,0.0013,"yes",0.00618296030405405,"Not_significant"
"ANXA1","Mock","ZIKV",8.6972,6.12836,-0.50505,0.0013,"yes",0.00618296030405405,"Not_significant"
"SYNGR2","Mock","ZIKV",9.49116,6.92506,-0.454759,0.0013,"yes",0.00618296030405405,"Not_significant"
"FRMD4A","Mock","ZIKV",17.5927,14.1734,-0.311798,0.0013,"yes",0.00618296030405405,"Not_significant"
"TMED10","Mock","ZIKV",57.2268,71.07,0.312549,0.0013,"yes",0.00618296030405405,"Not_significant"
"KLHL29","Mock","ZIKV",17.9132,22.3782,0.321073,0.0013,"yes",0.00618296030405405,"Not_significant"
"HNRPLL","Mock","ZIKV",23.8486,30.2018,0.340733,0.0013,"yes",0.00618296030405405,"Not_significant"
"PAK3","Mock","ZIKV",15.9905,20.3637,0.348786,0.0013,"yes",0.00618296030405405,"Not_significant"
"SLC25A44","Mock","ZIKV",8.81624,11.2701,0.354266,0.0013,"yes",0.00618296030405405,"Not_significant"
"CACNB1","Mock","ZIKV",12.4592,16.1309,0.372613,0.0013,"yes",0.00618296030405405,"Not_significant"
"HIST1H1C","Mock","ZIKV",10.9111,16.1476,0.565522,0.0013,"yes",0.00618296030405405,"Not_significant"
"LOC100287042","Mock","ZIKV",1.10965,0.359933,-1.6243,0.00135,"yes",0.00638570978580428,"Down_in_ZIKV"
"CEBPA-AS1","Mock","ZIKV",0.660439,0.21957,-1.58874,0.00135,"yes",0.00638570978580428,"Down_in_ZIKV"
"LOC100131089","Mock","ZIKV",3.09202,1.37021,-1.17416,0.00135,"yes",0.00638570978580428,"Down_in_ZIKV"
"LAMA4","Mock","ZIKV",1.39315,0.675739,-1.04381,0.00135,"yes",0.00638570978580428,"Down_in_ZIKV"
"TGFB1I1","Mock","ZIKV",1.71372,0.898743,-0.931152,0.00135,"yes",0.00638570978580428,"Not_significant"
"TRMT2A","Mock","ZIKV",9.89128,5.52449,-0.840316,0.00135,"yes",0.00638570978580428,"Not_significant"
"SCUBE2","Mock","ZIKV",0.821857,0.463262,-0.827058,0.00135,"yes",0.00638570978580428,"Not_significant"
"ATP2A3","Mock","ZIKV",0.802708,0.464005,-0.790734,0.00135,"yes",0.00638570978580428,"Not_significant"
"MTRNR2L6","Mock","ZIKV",9.5183,5.99111,-0.66788,0.00135,"yes",0.00638570978580428,"Not_significant"
"NDUFB2","Mock","ZIKV",73.8189,55.2964,-0.416804,0.00135,"yes",0.00638570978580428,"Not_significant"
"ZNF839","Mock","ZIKV",7.23499,5.44541,-0.409949,0.00135,"yes",0.00638570978580428,"Not_significant"
"DRG2","Mock","ZIKV",15.4168,11.8107,-0.384407,0.00135,"yes",0.00638570978580428,"Not_significant"
"LSM2","Mock","ZIKV",53.939,41.9872,-0.361377,0.00135,"yes",0.00638570978580428,"Not_significant"
"NLGN3","Mock","ZIKV",22.5552,17.9115,-0.332572,0.00135,"yes",0.00638570978580428,"Not_significant"
"ELMOD2","Mock","ZIKV",21.0183,16.7053,-0.331342,0.00135,"yes",0.00638570978580428,"Not_significant"
"EEF1D","Mock","ZIKV",207.295,164.887,-0.330211,0.00135,"yes",0.00638570978580428,"Not_significant"
"DCTN1","Mock","ZIKV",99.443,122.617,0.302218,0.00135,"yes",0.00638570978580428,"Not_significant"
"WASF1","Mock","ZIKV",45.6344,56.7993,0.315749,0.00135,"yes",0.00638570978580428,"Not_significant"
"AP2A2","Mock","ZIKV",32.4819,40.4915,0.317985,0.00135,"yes",0.00638570978580428,"Not_significant"
"ATXN7","Mock","ZIKV",10.513,13.1111,0.318612,0.00135,"yes",0.00638570978580428,"Not_significant"
"MAP2K1","Mock","ZIKV",17.8034,22.7899,0.356243,0.00135,"yes",0.00638570978580428,"Not_significant"
"CEP89","Mock","ZIKV",9.96169,12.9182,0.374943,0.00135,"yes",0.00638570978580428,"Not_significant"
"PCSK5","Mock","ZIKV",3.59511,4.93228,0.456219,0.00135,"yes",0.00638570978580428,"Not_significant"
"PRPF39","Mock","ZIKV",24.3318,34.4646,0.502275,0.00135,"yes",0.00638570978580428,"Not_significant"
"RPAP2","Mock","ZIKV",4.86444,7.16772,0.55924,0.00135,"yes",0.00638570978580428,"Not_significant"
"FAM22F","Mock","ZIKV",0.198738,0.65644,1.7238,0.00135,"yes",0.00638570978580428,"Up_in_ZIKV"
"ARHGEF19","Mock","ZIKV",1.19642,0.687365,-0.799572,0.0014,"yes",0.00659038662486938,"Not_significant"
"GCNT1","Mock","ZIKV",2.33216,1.65461,-0.495173,0.0014,"yes",0.00659038662486938,"Not_significant"
"GLI4","Mock","ZIKV",10.6976,7.68455,-0.477249,0.0014,"yes",0.00659038662486938,"Not_significant"
"CYB5A","Mock","ZIKV",18.4246,13.3192,-0.468118,0.0014,"yes",0.00659038662486938,"Not_significant"
"AGTRAP","Mock","ZIKV",16.0618,11.9151,-0.430853,0.0014,"yes",0.00659038662486938,"Not_significant"
"WRAP73","Mock","ZIKV",14.4011,10.9419,-0.396316,0.0014,"yes",0.00659038662486938,"Not_significant"
"PIGM","Mock","ZIKV",6.0457,4.61408,-0.389867,0.0014,"yes",0.00659038662486938,"Not_significant"
"POLR2L","Mock","ZIKV",50.986,39.4768,-0.369096,0.0014,"yes",0.00659038662486938,"Not_significant"
"CPSF3","Mock","ZIKV",31.515,24.9608,-0.336374,0.0014,"yes",0.00659038662486938,"Not_significant"
"BAALC","Mock","ZIKV",28.0426,22.4001,-0.324116,0.0014,"yes",0.00659038662486938,"Not_significant"
"HSPA4","Mock","ZIKV",55.7338,68.6646,0.301015,0.0014,"yes",0.00659038662486938,"Not_significant"
"SNRPN","Mock","ZIKV",191.499,239.125,0.320432,0.0014,"yes",0.00659038662486938,"Not_significant"
"GPBP1L1","Mock","ZIKV",27.7238,34.6836,0.323127,0.0014,"yes",0.00659038662486938,"Not_significant"
"FZR1","Mock","ZIKV",19.6945,24.8794,0.337162,0.0014,"yes",0.00659038662486938,"Not_significant"
"MRPS5","Mock","ZIKV",32.3817,40.9561,0.3389,0.0014,"yes",0.00659038662486938,"Not_significant"
"NCKAP5L","Mock","ZIKV",12.3936,15.6892,0.340176,0.0014,"yes",0.00659038662486938,"Not_significant"
"GPS2","Mock","ZIKV",44.3094,56.1379,0.341362,0.0014,"yes",0.00659038662486938,"Not_significant"
"TMEM192","Mock","ZIKV",3.47949,4.67793,0.426994,0.0014,"yes",0.00659038662486938,"Not_significant"
"KRI1","Mock","ZIKV",13.901,18.955,0.447386,0.0014,"yes",0.00659038662486938,"Not_significant"
"MBLAC2","Mock","ZIKV",2.25648,3.1341,0.473978,0.0014,"yes",0.00659038662486938,"Not_significant"
"CPNE1","Mock","ZIKV",65.0166,91.0608,0.486022,0.0014,"yes",0.00659038662486938,"Not_significant"
"STON2","Mock","ZIKV",3.38101,4.81366,0.509678,0.0014,"yes",0.00659038662486938,"Not_significant"
"CCDC160","Mock","ZIKV",3.29585,5.12985,0.638268,0.0014,"yes",0.00659038662486938,"Not_significant"
"FBLN5","Mock","ZIKV",0.641181,0.231263,-1.4712,0.00145,"yes",0.00679876144879267,"Down_in_ZIKV"
"MRPL23-AS1","Mock","ZIKV",0.97944,0.422521,-1.21293,0.00145,"yes",0.00679876144879267,"Down_in_ZIKV"
"STARD13","Mock","ZIKV",1.05105,0.642406,-0.710275,0.00145,"yes",0.00679876144879267,"Not_significant"
"ZFAT","Mock","ZIKV",1.62285,1.0821,-0.584695,0.00145,"yes",0.00679876144879267,"Not_significant"
"HEATR2","Mock","ZIKV",11.0983,8.00566,-0.471244,0.00145,"yes",0.00679876144879267,"Not_significant"
"MATN2","Mock","ZIKV",3.93444,2.87073,-0.454741,0.00145,"yes",0.00679876144879267,"Not_significant"
"COIL","Mock","ZIKV",15.0866,11.7794,-0.356995,0.00145,"yes",0.00679876144879267,"Not_significant"
"CAMKK2","Mock","ZIKV",12.5021,9.82317,-0.347904,0.00145,"yes",0.00679876144879267,"Not_significant"
"HIPK2","Mock","ZIKV",31.0745,25.0479,-0.311043,0.00145,"yes",0.00679876144879267,"Not_significant"
"KPNA6","Mock","ZIKV",11.8494,14.6159,0.302721,0.00145,"yes",0.00679876144879267,"Not_significant"
"DENND5A","Mock","ZIKV",31.6817,39.252,0.309115,0.00145,"yes",0.00679876144879267,"Not_significant"
"USP9X","Mock","ZIKV",24.1288,30.0114,0.314754,0.00145,"yes",0.00679876144879267,"Not_significant"
"CDIPT","Mock","ZIKV",28.981,36.4702,0.331614,0.00145,"yes",0.00679876144879267,"Not_significant"
"AMMECR1L","Mock","ZIKV",11.4075,14.3973,0.335825,0.00145,"yes",0.00679876144879267,"Not_significant"
"ATP6V0B","Mock","ZIKV",78.7619,99.5215,0.337511,0.00145,"yes",0.00679876144879267,"Not_significant"
"SYT5","Mock","ZIKV",12.5875,16.4055,0.38219,0.00145,"yes",0.00679876144879267,"Not_significant"
"PORCN","Mock","ZIKV",8.15902,10.8472,0.41085,0.00145,"yes",0.00679876144879267,"Not_significant"
"EDN1","Mock","ZIKV",0.934141,1.67728,0.844413,0.00145,"yes",0.00679876144879267,"Not_significant"
"FOXI3","Mock","ZIKV",0.422506,1.24563,1.55983,0.00145,"yes",0.00679876144879267,"Up_in_ZIKV"
"CXCL14","Mock","ZIKV",0.739516,0.146885,-2.33189,0.0015,"yes",0.00701422046917168,"Down_in_ZIKV"
"DAW1","Mock","ZIKV",0.77965,0.162946,-2.25843,0.0015,"yes",0.00701422046917168,"Down_in_ZIKV"
"LOC100505738","Mock","ZIKV",2.14174,1.41848,-0.59444,0.0015,"yes",0.00701422046917168,"Not_significant"
"FN3KRP","Mock","ZIKV",16.5384,12.7055,-0.38036,0.0015,"yes",0.00701422046917168,"Not_significant"
"ST8SIA1","Mock","ZIKV",6.906,5.46053,-0.338811,0.0015,"yes",0.00701422046917168,"Not_significant"
"OTX1","Mock","ZIKV",20.5546,16.2827,-0.336121,0.0015,"yes",0.00701422046917168,"Not_significant"
"EPB41","Mock","ZIKV",113.696,90.1698,-0.334462,0.0015,"yes",0.00701422046917168,"Not_significant"
"B4GALT2","Mock","ZIKV",40.803,32.4186,-0.331854,0.0015,"yes",0.00701422046917168,"Not_significant"
"MYH10","Mock","ZIKV",90.3431,72.9392,-0.308721,0.0015,"yes",0.00701422046917168,"Not_significant"
"HSP90AA1","Mock","ZIKV",448.709,362.828,-0.306492,0.0015,"yes",0.00701422046917168,"Not_significant"
"KDELR2","Mock","ZIKV",44.902,56.1031,0.321301,0.0015,"yes",0.00701422046917168,"Not_significant"
"PITPNC1","Mock","ZIKV",7.15374,9.05983,0.340786,0.0015,"yes",0.00701422046917168,"Not_significant"
"ZNF835","Mock","ZIKV",1.17087,1.86337,0.670339,0.0015,"yes",0.00701422046917168,"Not_significant"
"YBX2","Mock","ZIKV",2.49703,1.40974,-0.824784,0.00155,"yes",0.00721656676312526,"Not_significant"
"ADCK2","Mock","ZIKV",3.27869,2.18943,-0.582566,0.00155,"yes",0.00721656676312526,"Not_significant"
"IDUA","Mock","ZIKV",4.49662,3.0227,-0.573004,0.00155,"yes",0.00721656676312526,"Not_significant"
"HCN3","Mock","ZIKV",12.8015,9.57338,-0.419213,0.00155,"yes",0.00721656676312526,"Not_significant"
"PLA2G15","Mock","ZIKV",7.2829,5.45164,-0.417823,0.00155,"yes",0.00721656676312526,"Not_significant"
"UST","Mock","ZIKV",4.46818,3.36523,-0.408979,0.00155,"yes",0.00721656676312526,"Not_significant"
"SUMF2","Mock","ZIKV",17.3499,13.1487,-0.400007,0.00155,"yes",0.00721656676312526,"Not_significant"
"TPPP3","Mock","ZIKV",43.7211,34.2839,-0.350801,0.00155,"yes",0.00721656676312526,"Not_significant"
"SNRPG","Mock","ZIKV",101.856,80.1318,-0.346089,0.00155,"yes",0.00721656676312526,"Not_significant"
"CEP41","Mock","ZIKV",10.2704,8.11196,-0.340376,0.00155,"yes",0.00721656676312526,"Not_significant"
"GAA","Mock","ZIKV",19.4429,15.5209,-0.325034,0.00155,"yes",0.00721656676312526,"Not_significant"
"SOX2","Mock","ZIKV",88.8802,70.9677,-0.3247,0.00155,"yes",0.00721656676312526,"Not_significant"
"ST8SIA2","Mock","ZIKV",16.5291,13.229,-0.321308,0.00155,"yes",0.00721656676312526,"Not_significant"
"NAP1L1","Mock","ZIKV",299.249,241.311,-0.310455,0.00155,"yes",0.00721656676312526,"Not_significant"
"FLNA","Mock","ZIKV",130.794,106.448,-0.297142,0.00155,"yes",0.00721656676312526,"Not_significant"
"ZSCAN18","Mock","ZIKV",66.4879,82.2661,0.307205,0.00155,"yes",0.00721656676312526,"Not_significant"
"ZKSCAN5","Mock","ZIKV",7.99327,10.148,0.344336,0.00155,"yes",0.00721656676312526,"Not_significant"
"RBM7","Mock","ZIKV",9.61794,12.6987,0.400886,0.00155,"yes",0.00721656676312526,"Not_significant"
"ZNF543","Mock","ZIKV",3.42269,4.6085,0.429165,0.00155,"yes",0.00721656676312526,"Not_significant"
"DYNC1I1","Mock","ZIKV",2.87609,4.06812,0.500253,0.00155,"yes",0.00721656676312526,"Not_significant"
"ZNF425","Mock","ZIKV",2.3421,3.33033,0.507862,0.00155,"yes",0.00721656676312526,"Not_significant"
"OLFML3","Mock","ZIKV",0.625658,0.139187,-2.16835,0.0016,"yes",0.00742021824171299,"Down_in_ZIKV"
"LINC00565","Mock","ZIKV",0.666498,0.247093,-1.43154,0.0016,"yes",0.00742021824171299,"Down_in_ZIKV"
"NRTN","Mock","ZIKV",3.36709,1.81334,-0.892851,0.0016,"yes",0.00742021824171299,"Not_significant"
"DNAJC27-AS1","Mock","ZIKV",0.907009,0.537792,-0.754069,0.0016,"yes",0.00742021824171299,"Not_significant"
"VSIG10L","Mock","ZIKV",1.76944,1.13943,-0.634984,0.0016,"yes",0.00742021824171299,"Not_significant"
"LOC619207","Mock","ZIKV",1.60523,1.08287,-0.567914,0.0016,"yes",0.00742021824171299,"Not_significant"
"FCHSD1","Mock","ZIKV",5.52273,3.90997,-0.498222,0.0016,"yes",0.00742021824171299,"Not_significant"
"CASP7","Mock","ZIKV",4.05722,2.87963,-0.49461,0.0016,"yes",0.00742021824171299,"Not_significant"
"DHX37","Mock","ZIKV",3.40815,2.50102,-0.446469,0.0016,"yes",0.00742021824171299,"Not_significant"
"CROCCP3","Mock","ZIKV",4.32586,3.25907,-0.408526,0.0016,"yes",0.00742021824171299,"Not_significant"
"CTDSP1","Mock","ZIKV",10.8985,8.26914,-0.398323,0.0016,"yes",0.00742021824171299,"Not_significant"
"PLEC","Mock","ZIKV",18.7057,23.0038,0.298394,0.0016,"yes",0.00742021824171299,"Not_significant"
"PSME4","Mock","ZIKV",16.5348,20.4938,0.309676,0.0016,"yes",0.00742021824171299,"Not_significant"
"UBE2H","Mock","ZIKV",29.8325,37.0968,0.314407,0.0016,"yes",0.00742021824171299,"Not_significant"
"FLOT1","Mock","ZIKV",57.6982,71.9606,0.318681,0.0016,"yes",0.00742021824171299,"Not_significant"
"TMOD3","Mock","ZIKV",8.6454,10.8983,0.334103,0.0016,"yes",0.00742021824171299,"Not_significant"
"TMEM198","Mock","ZIKV",11.1629,14.6428,0.391477,0.0016,"yes",0.00742021824171299,"Not_significant"
"GAD1","Mock","ZIKV",4.21788,5.8097,0.461944,0.0016,"yes",0.00742021824171299,"Not_significant"
"ISY1","Mock","ZIKV",5.37534,7.80566,0.538163,0.0016,"yes",0.00742021824171299,"Not_significant"
"LOC100506190","Mock","ZIKV",1.03789,0.486137,-1.09422,0.00165,"yes",0.00763324091189156,"Down_in_ZIKV"
"KIAA1524","Mock","ZIKV",8.93827,5.15399,-0.794307,0.00165,"yes",0.00763324091189156,"Not_significant"
"COL25A1","Mock","ZIKV",1.00669,0.591921,-0.766145,0.00165,"yes",0.00763324091189156,"Not_significant"
"POTEM","Mock","ZIKV",0.710137,0.426453,-0.735708,0.00165,"yes",0.00763324091189156,"Not_significant"
"GRM8","Mock","ZIKV",2.3591,1.62328,-0.539327,0.00165,"yes",0.00763324091189156,"Not_significant"
"ABHD2","Mock","ZIKV",15.465,12.4595,-0.311763,0.00165,"yes",0.00763324091189156,"Not_significant"
"EPB41L4A","Mock","ZIKV",22.0207,17.7889,-0.307877,0.00165,"yes",0.00763324091189156,"Not_significant"
"MRC2","Mock","ZIKV",11.7406,14.5522,0.309721,0.00165,"yes",0.00763324091189156,"Not_significant"
"SQLE","Mock","ZIKV",77.5531,96.148,0.310072,0.00165,"yes",0.00763324091189156,"Not_significant"
"NCOR1","Mock","ZIKV",24.176,30.26,0.323838,0.00165,"yes",0.00763324091189156,"Not_significant"
"ZFP30","Mock","ZIKV",8.73185,10.9907,0.331919,0.00165,"yes",0.00763324091189156,"Not_significant"
"TRAPPC2P1","Mock","ZIKV",7.99918,12.7439,0.671879,0.00165,"yes",0.00763324091189156,"Not_significant"
"FLJ16779","Mock","ZIKV",1.85894,0.691823,-1.42601,0.0017,"yes",0.00783398117839607,"Down_in_ZIKV"
"WDFY3-AS2","Mock","ZIKV",2.6632,1.56322,-0.768639,0.0017,"yes",0.00783398117839607,"Not_significant"
"ZSCAN5A","Mock","ZIKV",2.1702,1.27886,-0.762974,0.0017,"yes",0.00783398117839607,"Not_significant"
"AP5S1","Mock","ZIKV",2.8635,1.77072,-0.69344,0.0017,"yes",0.00783398117839607,"Not_significant"
"WDR4","Mock","ZIKV",3.797,2.45508,-0.629091,0.0017,"yes",0.00783398117839607,"Not_significant"
"MAL2","Mock","ZIKV",3.17542,2.17239,-0.547668,0.0017,"yes",0.00783398117839607,"Not_significant"
"DUSP5","Mock","ZIKV",3.621,2.5016,-0.533537,0.0017,"yes",0.00783398117839607,"Not_significant"
"CACNA1G","Mock","ZIKV",1.00204,0.698078,-0.521483,0.0017,"yes",0.00783398117839607,"Not_significant"
"TMEM8B","Mock","ZIKV",27.0986,21.2274,-0.352289,0.0017,"yes",0.00783398117839607,"Not_significant"
"MYL12A","Mock","ZIKV",48.7766,38.6116,-0.337155,0.0017,"yes",0.00783398117839607,"Not_significant"
"RNF44","Mock","ZIKV",35.8856,28.9459,-0.310046,0.0017,"yes",0.00783398117839607,"Not_significant"
"PBX2","Mock","ZIKV",70.5549,57.1699,-0.303491,0.0017,"yes",0.00783398117839607,"Not_significant"
"USP24","Mock","ZIKV",19.1635,23.596,0.300181,0.0017,"yes",0.00783398117839607,"Not_significant"
"UBA6","Mock","ZIKV",17.6338,21.8414,0.308721,0.0017,"yes",0.00783398117839607,"Not_significant"
"JAG1","Mock","ZIKV",41.1385,50.9635,0.308976,0.0017,"yes",0.00783398117839607,"Not_significant"
"TRMT10C","Mock","ZIKV",12.7135,16.5305,0.378771,0.0017,"yes",0.00783398117839607,"Not_significant"
"ABHD6","Mock","ZIKV",6.15121,8.22679,0.41946,0.0017,"yes",0.00783398117839607,"Not_significant"
"ZNF788","Mock","ZIKV",2.45452,3.43744,0.485894,0.0017,"yes",0.00783398117839607,"Not_significant"
"SLC1A1","Mock","ZIKV",0.654543,1.10017,0.74917,0.0017,"yes",0.00783398117839607,"Not_significant"
"C16orf55","Mock","ZIKV",11.765,5.00009,-1.23447,0.00175,"yes",0.00803808115823817,"Down_in_ZIKV"
"FUT2","Mock","ZIKV",0.711923,0.335592,-1.08501,0.00175,"yes",0.00803808115823817,"Down_in_ZIKV"
"CRTAC1","Mock","ZIKV",2.88433,1.88728,-0.611931,0.00175,"yes",0.00803808115823817,"Not_significant"
"CC2D2A","Mock","ZIKV",7.75885,5.31416,-0.546001,0.00175,"yes",0.00803808115823817,"Not_significant"
"TRIM68","Mock","ZIKV",3.97752,2.89035,-0.460624,0.00175,"yes",0.00803808115823817,"Not_significant"
"ZFP14","Mock","ZIKV",3.67587,2.82424,-0.380222,0.00175,"yes",0.00803808115823817,"Not_significant"
"NDUFA7","Mock","ZIKV",77.9109,60.1672,-0.372848,0.00175,"yes",0.00803808115823817,"Not_significant"
"CNIH2","Mock","ZIKV",67.2855,53.921,-0.31945,0.00175,"yes",0.00803808115823817,"Not_significant"
"CAD","Mock","ZIKV",15.1661,12.215,-0.312195,0.00175,"yes",0.00803808115823817,"Not_significant"
"GNB4","Mock","ZIKV",15.911,12.8785,-0.305065,0.00175,"yes",0.00803808115823817,"Not_significant"
"PRTG","Mock","ZIKV",7.93813,9.82486,0.307639,0.00175,"yes",0.00803808115823817,"Not_significant"
"NRF1","Mock","ZIKV",9.52842,12.1252,0.347702,0.00175,"yes",0.00803808115823817,"Not_significant"
"ARFIP2","Mock","ZIKV",10.0205,13.9203,0.474239,0.00175,"yes",0.00803808115823817,"Not_significant"
"AMZ2P1","Mock","ZIKV",2.39064,3.35538,0.489082,0.00175,"yes",0.00803808115823817,"Not_significant"
"OPRL1","Mock","ZIKV",2.27237,3.25062,0.516522,0.00175,"yes",0.00803808115823817,"Not_significant"
"CCDC51","Mock","ZIKV",5.07088,7.26553,0.518833,0.00175,"yes",0.00803808115823817,"Not_significant"
"LOC100133315","Mock","ZIKV",1.46192,0.621743,-1.23347,0.0018,"yes",0.00823583180987203,"Down_in_ZIKV"
"PRICKLE4","Mock","ZIKV",3.14344,1.94433,-0.69307,0.0018,"yes",0.00823583180987203,"Not_significant"
"WDR52","Mock","ZIKV",4.92348,3.16321,-0.638288,0.0018,"yes",0.00823583180987203,"Not_significant"
"PBX4","Mock","ZIKV",7.48025,5.36638,-0.479137,0.0018,"yes",0.00823583180987203,"Not_significant"
"FUK","Mock","ZIKV",3.48743,2.53274,-0.461464,0.0018,"yes",0.00823583180987203,"Not_significant"
"PALD1","Mock","ZIKV",3.57767,2.6268,-0.44571,0.0018,"yes",0.00823583180987203,"Not_significant"
"DNAH5","Mock","ZIKV",0.988525,0.728075,-0.441191,0.0018,"yes",0.00823583180987203,"Not_significant"
"CROT","Mock","ZIKV",14.1261,10.5863,-0.41616,0.0018,"yes",0.00823583180987203,"Not_significant"
"QRSL1","Mock","ZIKV",6.55346,5.04563,-0.377223,0.0018,"yes",0.00823583180987203,"Not_significant"
"SSRP1","Mock","ZIKV",109.516,88.5679,-0.306281,0.0018,"yes",0.00823583180987203,"Not_significant"
"DNER","Mock","ZIKV",81.5365,100.26,0.29823,0.0018,"yes",0.00823583180987203,"Not_significant"
"CCDC92","Mock","ZIKV",29.842,37.7024,0.337311,0.0018,"yes",0.00823583180987203,"Not_significant"
"BAI3","Mock","ZIKV",7.25005,9.21074,0.345327,0.0018,"yes",0.00823583180987203,"Not_significant"
"NHLH2","Mock","ZIKV",12.2626,15.6295,0.350001,0.0018,"yes",0.00823583180987203,"Not_significant"
"AZI2","Mock","ZIKV",21.7536,27.9621,0.362215,0.0018,"yes",0.00823583180987203,"Not_significant"
"CDK20","Mock","ZIKV",11.1987,14.4351,0.366248,0.0018,"yes",0.00823583180987203,"Not_significant"
"HBEGF","Mock","ZIKV",8.85148,11.6067,0.390972,0.0018,"yes",0.00823583180987203,"Not_significant"
"RNF214","Mock","ZIKV",12.2667,19.1591,0.643283,0.0018,"yes",0.00823583180987203,"Not_significant"
"LOC401127","Mock","ZIKV",0.59779,1.31492,1.13726,0.0018,"yes",0.00823583180987203,"Up_in_ZIKV"
"LOC158696","Mock","ZIKV",0.775554,0.365995,-1.0834,0.00185,"yes",0.00843035605907344,"Down_in_ZIKV"
"KBTBD4","Mock","ZIKV",16.1202,10.6988,-0.591423,0.00185,"yes",0.00843035605907344,"Not_significant"
"MND1","Mock","ZIKV",12.9541,9.10169,-0.509199,0.00185,"yes",0.00843035605907344,"Not_significant"
"ZNF90","Mock","ZIKV",2.85315,2.01289,-0.503292,0.00185,"yes",0.00843035605907344,"Not_significant"
"DLX1","Mock","ZIKV",4.87571,3.46443,-0.492994,0.00185,"yes",0.00843035605907344,"Not_significant"
"LRRC37A3","Mock","ZIKV",3.00615,2.2484,-0.419019,0.00185,"yes",0.00843035605907344,"Not_significant"
"PDXDC2P","Mock","ZIKV",11.1175,8.79726,-0.337702,0.00185,"yes",0.00843035605907344,"Not_significant"
"FAM195B","Mock","ZIKV",99.9509,79.667,-0.327238,0.00185,"yes",0.00843035605907344,"Not_significant"
"GRIPAP1","Mock","ZIKV",30.9826,24.8726,-0.316902,0.00185,"yes",0.00843035605907344,"Not_significant"
"BRK1","Mock","ZIKV",118.179,95.471,-0.307842,0.00185,"yes",0.00843035605907344,"Not_significant"
"TNKS1BP1","Mock","ZIKV",25.4226,31.1615,0.293653,0.00185,"yes",0.00843035605907344,"Not_significant"
"APC2","Mock","ZIKV",64.3193,79.2366,0.300917,0.00185,"yes",0.00843035605907344,"Not_significant"
"NUAK1","Mock","ZIKV",24.8186,30.5853,0.301417,0.00185,"yes",0.00843035605907344,"Not_significant"
"ALKBH5","Mock","ZIKV",26.7262,33.1138,0.309175,0.00185,"yes",0.00843035605907344,"Not_significant"
"SLC1A2","Mock","ZIKV",5.71626,7.13842,0.320533,0.00185,"yes",0.00843035605907344,"Not_significant"
"KIAA1432","Mock","ZIKV",6.61334,8.35493,0.33725,0.00185,"yes",0.00843035605907344,"Not_significant"
"PHF17","Mock","ZIKV",13.4692,17.0272,0.338175,0.00185,"yes",0.00843035605907344,"Not_significant"
"ITGA3","Mock","ZIKV",2.42097,3.25967,0.42914,0.00185,"yes",0.00843035605907344,"Not_significant"
"ATG4A","Mock","ZIKV",3.90521,5.49279,0.492136,0.00185,"yes",0.00843035605907344,"Not_significant"
"THAP3","Mock","ZIKV",8.55031,17.0131,0.992598,0.00185,"yes",0.00843035605907344,"Not_significant"
"MIR181A2HG","Mock","ZIKV",5.91467,1.91336,-1.62819,0.0019,"yes",0.00863549233252623,"Down_in_ZIKV"
"C8orf48","Mock","ZIKV",2.35023,1.28532,-0.870679,0.0019,"yes",0.00863549233252623,"Not_significant"
"MCM9","Mock","ZIKV",3.96934,2.27461,-0.803277,0.0019,"yes",0.00863549233252623,"Not_significant"
"PCYOX1L","Mock","ZIKV",12.3421,9.57043,-0.366932,0.0019,"yes",0.00863549233252623,"Not_significant"
"C9orf69","Mock","ZIKV",11.0623,8.61197,-0.361232,0.0019,"yes",0.00863549233252623,"Not_significant"
"SLC35A4","Mock","ZIKV",18.7326,14.8562,-0.334486,0.0019,"yes",0.00863549233252623,"Not_significant"
"LRP4","Mock","ZIKV",12.4029,9.99518,-0.311368,0.0019,"yes",0.00863549233252623,"Not_significant"
"CYTH2","Mock","ZIKV",62.7622,50.7875,-0.305424,0.0019,"yes",0.00863549233252623,"Not_significant"
"SMPD3","Mock","ZIKV",13.1808,16.3522,0.311041,0.0019,"yes",0.00863549233252623,"Not_significant"
"PPM1L","Mock","ZIKV",12.5618,15.8034,0.331185,0.0019,"yes",0.00863549233252623,"Not_significant"
"IDH3A","Mock","ZIKV",9.06361,11.6984,0.368148,0.0019,"yes",0.00863549233252623,"Not_significant"
"SLC25A42","Mock","ZIKV",3.82827,5.15525,0.429351,0.0019,"yes",0.00863549233252623,"Not_significant"
"LAG3","Mock","ZIKV",3.2802,4.74951,0.533995,0.0019,"yes",0.00863549233252623,"Not_significant"
"NSUN5P2","Mock","ZIKV",7.26251,2.24779,-1.69196,0.00195,"yes",0.00883066948130277,"Down_in_ZIKV"
"NR2E3","Mock","ZIKV",0.899306,0.394612,-1.18838,0.00195,"yes",0.00883066948130277,"Down_in_ZIKV"
"TPM2","Mock","ZIKV",2.87749,1.58503,-0.860299,0.00195,"yes",0.00883066948130277,"Not_significant"
"CRYBB2P1","Mock","ZIKV",10.481,7.59278,-0.465074,0.00195,"yes",0.00883066948130277,"Not_significant"
"LOC100862671","Mock","ZIKV",6.26687,4.54325,-0.464019,0.00195,"yes",0.00883066948130277,"Not_significant"
"SLC25A15","Mock","ZIKV",4.85978,3.60272,-0.431805,0.00195,"yes",0.00883066948130277,"Not_significant"
"ROBO3","Mock","ZIKV",15.8701,12.6576,-0.326305,0.00195,"yes",0.00883066948130277,"Not_significant"
"ITSN1","Mock","ZIKV",31.7426,25.681,-0.305719,0.00195,"yes",0.00883066948130277,"Not_significant"
"NT5C2","Mock","ZIKV",32.6073,40.5209,0.313471,0.00195,"yes",0.00883066948130277,"Not_significant"
"USP10","Mock","ZIKV",32.5958,40.6459,0.318422,0.00195,"yes",0.00883066948130277,"Not_significant"
"TUBGCP3","Mock","ZIKV",16.9141,21.1589,0.323035,0.00195,"yes",0.00883066948130277,"Not_significant"
"TOMM70A","Mock","ZIKV",19.4382,24.5,0.333887,0.00195,"yes",0.00883066948130277,"Not_significant"
"NRXN1","Mock","ZIKV",5.44913,6.96385,0.353858,0.00195,"yes",0.00883066948130277,"Not_significant"
"ZCCHC12","Mock","ZIKV",13.2701,17.0391,0.360667,0.00195,"yes",0.00883066948130277,"Not_significant"
"RIMS1","Mock","ZIKV",2.53225,3.47877,0.458158,0.00195,"yes",0.00883066948130277,"Not_significant"
"HBP1","Mock","ZIKV",13.4911,20.5912,0.610016,0.00195,"yes",0.00883066948130277,"Not_significant"
"HERC2P3","Mock","ZIKV",0.792586,1.25951,0.668225,0.00195,"yes",0.00883066948130277,"Not_significant"
"MARCH3","Mock","ZIKV",0.504012,0.85753,0.766729,0.00195,"yes",0.00883066948130277,"Not_significant"
"LOC400043","Mock","ZIKV",0.927252,0.275606,-1.75036,0.002,"yes",0.00902624724504107,"Down_in_ZIKV"
"WDR77","Mock","ZIKV",18.0139,10.5799,-0.767781,0.002,"yes",0.00902624724504107,"Not_significant"
"UMODL1","Mock","ZIKV",1.64688,1.14016,-0.530499,0.002,"yes",0.00902624724504107,"Not_significant"
"PABPC1L","Mock","ZIKV",5.27333,3.76926,-0.484433,0.002,"yes",0.00902624724504107,"Not_significant"
"GTDC2","Mock","ZIKV",12.0303,9.37815,-0.359296,0.002,"yes",0.00902624724504107,"Not_significant"
"PPP1R14B","Mock","ZIKV",123.421,98.6205,-0.323631,0.002,"yes",0.00902624724504107,"Not_significant"
"CTCF","Mock","ZIKV",28.7913,23.1317,-0.315761,0.002,"yes",0.00902624724504107,"Not_significant"
"EXT2","Mock","ZIKV",23.033,18.522,-0.314463,0.002,"yes",0.00902624724504107,"Not_significant"
"CKAP5","Mock","ZIKV",76.8426,62.527,-0.297427,0.002,"yes",0.00902624724504107,"Not_significant"
"NBR1","Mock","ZIKV",32.6571,39.9978,0.292524,0.002,"yes",0.00902624724504107,"Not_significant"
"GNA13","Mock","ZIKV",19.2143,23.6504,0.299683,0.002,"yes",0.00902624724504107,"Not_significant"
"UBXN2B","Mock","ZIKV",16.1261,19.9413,0.306365,0.002,"yes",0.00902624724504107,"Not_significant"
"FNTA","Mock","ZIKV",31.7647,39.8444,0.326951,0.002,"yes",0.00902624724504107,"Not_significant"
"ARHGAP1","Mock","ZIKV",11.6641,14.7129,0.335009,0.002,"yes",0.00902624724504107,"Not_significant"
"INPP4A","Mock","ZIKV",14.7142,18.7021,0.345997,0.002,"yes",0.00902624724504107,"Not_significant"
"KIF26B","Mock","ZIKV",2.47607,3.23557,0.385967,0.002,"yes",0.00902624724504107,"Not_significant"
"BMP4","Mock","ZIKV",0.185096,0.621732,1.74802,0.002,"yes",0.00902624724504107,"Up_in_ZIKV"
"ZNF818P","Mock","ZIKV",1.14165,0.649168,-0.814458,0.00205,"yes",0.00922418098282062,"Not_significant"
"SBSPON","Mock","ZIKV",1.09605,0.66022,-0.731293,0.00205,"yes",0.00922418098282062,"Not_significant"
"C6orf226","Mock","ZIKV",11.5407,6.9921,-0.722939,0.00205,"yes",0.00922418098282062,"Not_significant"
"EGFL7","Mock","ZIKV",4.12098,2.61971,-0.653583,0.00205,"yes",0.00922418098282062,"Not_significant"
"SUPT16H","Mock","ZIKV",63.4562,51.7422,-0.294421,0.00205,"yes",0.00922418098282062,"Not_significant"
"HERC1","Mock","ZIKV",17.5927,21.6092,0.296664,0.00205,"yes",0.00922418098282062,"Not_significant"
"PNMAL1","Mock","ZIKV",34.4266,42.4287,0.301519,0.00205,"yes",0.00922418098282062,"Not_significant"
"SUCO","Mock","ZIKV",30.7365,37.9026,0.302346,0.00205,"yes",0.00922418098282062,"Not_significant"
"GNAQ","Mock","ZIKV",35.1679,43.797,0.316572,0.00205,"yes",0.00922418098282062,"Not_significant"
"SHANK2","Mock","ZIKV",4.74615,5.9261,0.320326,0.00205,"yes",0.00922418098282062,"Not_significant"
"ZMYM6","Mock","ZIKV",5.36694,6.85985,0.354077,0.00205,"yes",0.00922418098282062,"Not_significant"
"PTCH2","Mock","ZIKV",4.34269,5.72395,0.398424,0.00205,"yes",0.00922418098282062,"Not_significant"
"RBMX2","Mock","ZIKV",11.4537,15.1167,0.40033,0.00205,"yes",0.00922418098282062,"Not_significant"
"TMEM50B","Mock","ZIKV",18.1416,24.1343,0.411789,0.00205,"yes",0.00922418098282062,"Not_significant"
"CPZ","Mock","ZIKV",0.340624,0.809137,1.2482,0.00205,"yes",0.00922418098282062,"Up_in_ZIKV"
"GNRHR2","Mock","ZIKV",26.4755,12.3459,-1.10062,0.0021,"yes",0.00942468619246862,"Down_in_ZIKV"
"THG1L","Mock","ZIKV",5.03959,3.28779,-0.616189,0.0021,"yes",0.00942468619246862,"Not_significant"
"GNG10","Mock","ZIKV",33.338,22.9291,-0.539986,0.0021,"yes",0.00942468619246862,"Not_significant"
"ITFG2","Mock","ZIKV",9.43532,7.149,-0.40033,0.0021,"yes",0.00942468619246862,"Not_significant"
"PRPS1","Mock","ZIKV",24.5635,19.5974,-0.325857,0.0021,"yes",0.00942468619246862,"Not_significant"
"CHPF2","Mock","ZIKV",12.4978,9.9951,-0.322381,0.0021,"yes",0.00942468619246862,"Not_significant"
"SOX11","Mock","ZIKV",98.3072,121.064,0.300401,0.0021,"yes",0.00942468619246862,"Not_significant"
"PLEKHG1","Mock","ZIKV",14.4389,17.7921,0.301276,0.0021,"yes",0.00942468619246862,"Not_significant"
"IDI1","Mock","ZIKV",104.803,129.518,0.305474,0.0021,"yes",0.00942468619246862,"Not_significant"
"GLS","Mock","ZIKV",14.8086,18.4253,0.315253,0.0021,"yes",0.00942468619246862,"Not_significant"
"APPL1","Mock","ZIKV",9.69974,12.1707,0.327393,0.0021,"yes",0.00942468619246862,"Not_significant"
"KIAA1107","Mock","ZIKV",5.15439,6.63911,0.365186,0.0021,"yes",0.00942468619246862,"Not_significant"
"GAL3ST2","Mock","ZIKV",0.152439,0.759013,2.31589,0.0021,"yes",0.00942468619246862,"Up_in_ZIKV"
"LOC100270746","Mock","ZIKV",1.91536,0.704209,-1.44354,0.00215,"yes",0.00962033174413985,"Down_in_ZIKV"
"CTF1","Mock","ZIKV",1.24051,0.557673,-1.15345,0.00215,"yes",0.00962033174413985,"Down_in_ZIKV"
"FAM154B","Mock","ZIKV",0.786879,0.417888,-0.913026,0.00215,"yes",0.00962033174413985,"Not_significant"
"C1orf53","Mock","ZIKV",8.55559,5.22782,-0.710659,0.00215,"yes",0.00962033174413985,"Not_significant"
"SPHK1","Mock","ZIKV",2.70537,1.6941,-0.675308,0.00215,"yes",0.00962033174413985,"Not_significant"
"RASSF7","Mock","ZIKV",9.24367,6.72941,-0.457985,0.00215,"yes",0.00962033174413985,"Not_significant"
"GRM2","Mock","ZIKV",13.5566,10.4988,-0.36877,0.00215,"yes",0.00962033174413985,"Not_significant"
"PDCD5","Mock","ZIKV",83.9343,65.8169,-0.350802,0.00215,"yes",0.00962033174413985,"Not_significant"
"ELP2","Mock","ZIKV",27.021,33.5379,0.311712,0.00215,"yes",0.00962033174413985,"Not_significant"
"IFT172","Mock","ZIKV",9.22639,11.5303,0.321586,0.00215,"yes",0.00962033174413985,"Not_significant"
"CALB2","Mock","ZIKV",25.1371,31.5797,0.329176,0.00215,"yes",0.00962033174413985,"Not_significant"
"SLC35F5","Mock","ZIKV",13.738,17.3023,0.332794,0.00215,"yes",0.00962033174413985,"Not_significant"
"C1orf52","Mock","ZIKV",11.2126,14.1365,0.334301,0.00215,"yes",0.00962033174413985,"Not_significant"
"RAB11FIP1","Mock","ZIKV",4.05507,5.21286,0.362348,0.00215,"yes",0.00962033174413985,"Not_significant"
"ZNF415","Mock","ZIKV",5.06422,6.83921,0.43349,0.00215,"yes",0.00962033174413985,"Not_significant"
"CRADD","Mock","ZIKV",8.404,5.84746,-0.523267,0.0022,"yes",0.00982065001981768,"Not_significant"
"TMEM126B","Mock","ZIKV",19.6721,14.7867,-0.411851,0.0022,"yes",0.00982065001981768,"Not_significant"
"RNF215","Mock","ZIKV",13.9243,10.6833,-0.382248,0.0022,"yes",0.00982065001981768,"Not_significant"
"NEK2","Mock","ZIKV",18.9652,14.8208,-0.355723,0.0022,"yes",0.00982065001981768,"Not_significant"
"LDLRAD3","Mock","ZIKV",21.8307,17.5051,-0.318586,0.0022,"yes",0.00982065001981768,"Not_significant"
"SEC11A","Mock","ZIKV",99.8619,80.9225,-0.303393,0.0022,"yes",0.00982065001981768,"Not_significant"
"SMC3","Mock","ZIKV",56.0866,68.7338,0.293363,0.0022,"yes",0.00982065001981768,"Not_significant"
"LDLR","Mock","ZIKV",30.2983,37.3181,0.300639,0.0022,"yes",0.00982065001981768,"Not_significant"
"PI4K2A","Mock","ZIKV",8.90679,11.2462,0.336466,0.0022,"yes",0.00982065001981768,"Not_significant"
"LRRTM4","Mock","ZIKV",6.58488,8.52415,0.3724,0.0022,"yes",0.00982065001981768,"Not_significant"
"ENTHD2","Mock","ZIKV",9.75689,12.6582,0.375582,0.0022,"yes",0.00982065001981768,"Not_significant"
"CNTNAP5","Mock","ZIKV",1.59757,2.2287,0.48033,0.0022,"yes",0.00982065001981768,"Not_significant"
"FAM47E","Mock","ZIKV",2.27395,0.833844,-1.44735,0.00225,"yes",0.0100101224570413,"Down_in_ZIKV"
"METTL21B","Mock","ZIKV",1.17451,0.655465,-0.841465,0.00225,"yes",0.0100101224570413,"Not_significant"
"FAM182A","Mock","ZIKV",1.14639,0.746756,-0.618394,0.00225,"yes",0.0100101224570413,"Not_significant"
"NDUFA11","Mock","ZIKV",83.8524,66.5959,-0.332419,0.00225,"yes",0.0100101224570413,"Not_significant"
"U2AF2","Mock","ZIKV",60.5579,49.2789,-0.297346,0.00225,"yes",0.0100101224570413,"Not_significant"
"WDFY3","Mock","ZIKV",12.7856,15.6776,0.294186,0.00225,"yes",0.0100101224570413,"Not_significant"
"ARHGEF2","Mock","ZIKV",18.1935,22.6281,0.314689,0.00225,"yes",0.0100101224570413,"Not_significant"
"ERCC3","Mock","ZIKV",24.8623,30.9317,0.315125,0.00225,"yes",0.0100101224570413,"Not_significant"
"THAP9-AS1","Mock","ZIKV",35.0153,44.2401,0.337372,0.00225,"yes",0.0100101224570413,"Not_significant"
"ZC3H3","Mock","ZIKV",9.26661,11.7848,0.346818,0.00225,"yes",0.0100101224570413,"Not_significant"
"PSME2","Mock","ZIKV",34.457,44.3421,0.363878,0.00225,"yes",0.0100101224570413,"Not_significant"
"SCO1","Mock","ZIKV",10.5853,13.9491,0.398115,0.00225,"yes",0.0100101224570413,"Not_significant"
"AARSD1","Mock","ZIKV",19.0239,25.2174,0.406605,0.00225,"yes",0.0100101224570413,"Not_significant"
"ZNF408","Mock","ZIKV",5.44343,7.35417,0.434048,0.00225,"yes",0.0100101224570413,"Not_significant"
"BMS1P4","Mock","ZIKV",5.66118,7.66791,0.437732,0.00225,"yes",0.0100101224570413,"Not_significant"
"ITPR1","Mock","ZIKV",0.610117,0.873737,0.518112,0.00225,"yes",0.0100101224570413,"Not_significant"
"PRKRIP1","Mock","ZIKV",13.7432,20.6144,0.584935,0.00225,"yes",0.0100101224570413,"Not_significant"
"LINC00535","Mock","ZIKV",1.04858,0.474332,-1.14446,0.0023,"yes",0.0102123989749655,"Down_in_ZIKV"
"NUDT7","Mock","ZIKV",3.04684,1.6301,-0.902351,0.0023,"yes",0.0102123989749655,"Not_significant"
"WDR67","Mock","ZIKV",5.83132,4.42487,-0.398188,0.0023,"yes",0.0102123989749655,"Not_significant"
"HIST2H2BE","Mock","ZIKV",26.8413,21.4477,-0.323633,0.0023,"yes",0.0102123989749655,"Not_significant"
"WLS","Mock","ZIKV",544.402,441.225,-0.303157,0.0023,"yes",0.0102123989749655,"Not_significant"
"WDR7","Mock","ZIKV",5.20552,6.5831,0.338727,0.0023,"yes",0.0102123989749655,"Not_significant"
"DLAT","Mock","ZIKV",10.0665,12.7653,0.342664,0.0023,"yes",0.0102123989749655,"Not_significant"
"MAST3","Mock","ZIKV",4.3337,5.56973,0.362008,0.0023,"yes",0.0102123989749655,"Not_significant"
"ZNF304","Mock","ZIKV",4.62554,5.97032,0.368187,0.0023,"yes",0.0102123989749655,"Not_significant"
"PMM2","Mock","ZIKV",6.30304,8.35405,0.406427,0.0023,"yes",0.0102123989749655,"Not_significant"
"LOC400940","Mock","ZIKV",0.830864,0.464759,-0.83813,0.00235,"yes",0.0104056909770002,"Not_significant"
"RHOC","Mock","ZIKV",21.0469,16.1209,-0.384675,0.00235,"yes",0.0104056909770002,"Not_significant"
"RRAGD","Mock","ZIKV",4.76263,3.6782,-0.372761,0.00235,"yes",0.0104056909770002,"Not_significant"
"HNRNPU-AS1","Mock","ZIKV",31.1882,24.3898,-0.354727,0.00235,"yes",0.0104056909770002,"Not_significant"
"LSM7","Mock","ZIKV",133.17,105.602,-0.334627,0.00235,"yes",0.0104056909770002,"Not_significant"
"MPDZ","Mock","ZIKV",30.0318,24.466,-0.295711,0.00235,"yes",0.0104056909770002,"Not_significant"
"EP300","Mock","ZIKV",27.1141,33.0791,0.286877,0.00235,"yes",0.0104056909770002,"Not_significant"
"RAB2A","Mock","ZIKV",33.2117,40.8688,0.299309,0.00235,"yes",0.0104056909770002,"Not_significant"
"KLF3","Mock","ZIKV",13.4638,16.8004,0.319409,0.00235,"yes",0.0104056909770002,"Not_significant"
"SPRED2","Mock","ZIKV",10.0381,12.6472,0.333328,0.00235,"yes",0.0104056909770002,"Not_significant"
"DBT","Mock","ZIKV",2.66264,3.39185,0.349219,0.00235,"yes",0.0104056909770002,"Not_significant"
"NDUFAF1","Mock","ZIKV",9.65295,12.7762,0.404421,0.00235,"yes",0.0104056909770002,"Not_significant"
"FAM46B","Mock","ZIKV",0.946874,1.58492,0.743161,0.00235,"yes",0.0104056909770002,"Not_significant"
"HAS1","Mock","ZIKV",0.458493,0.99239,1.11401,0.00235,"yes",0.0104056909770002,"Up_in_ZIKV"
"FAM72B","Mock","ZIKV",1.84005,1.13014,-0.703243,0.0024,"yes",0.010602078838988,"Not_significant"
"C15orf59","Mock","ZIKV",11.2861,8.22542,-0.456388,0.0024,"yes",0.010602078838988,"Not_significant"
"NUDCD2","Mock","ZIKV",23.8293,17.9926,-0.405334,0.0024,"yes",0.010602078838988,"Not_significant"
"KIAA1967","Mock","ZIKV",59.8411,48.1632,-0.313204,0.0024,"yes",0.010602078838988,"Not_significant"
"GPC4","Mock","ZIKV",52.8809,43.0686,-0.296109,0.0024,"yes",0.010602078838988,"Not_significant"
"SMG1","Mock","ZIKV",15.1974,18.6081,0.2921,0.0024,"yes",0.010602078838988,"Not_significant"
"HIAT1","Mock","ZIKV",37.1608,45.5745,0.294444,0.0024,"yes",0.010602078838988,"Not_significant"
"NUMB","Mock","ZIKV",17.3111,21.5682,0.317207,0.0024,"yes",0.010602078838988,"Not_significant"
"SPATS2L","Mock","ZIKV",6.42231,8.10589,0.33588,0.0024,"yes",0.010602078838988,"Not_significant"
"RNF208","Mock","ZIKV",5.02474,7.4156,0.561514,0.0024,"yes",0.010602078838988,"Not_significant"
"CALY","Mock","ZIKV",2.63161,4.54286,0.787659,0.0024,"yes",0.010602078838988,"Not_significant"
"ST8SIA6","Mock","ZIKV",0.801502,1.63274,1.02651,0.0024,"yes",0.010602078838988,"Up_in_ZIKV"
"ARHGAP22","Mock","ZIKV",0.632628,0.284045,-1.15524,0.00245,"yes",0.0107975445118372,"Down_in_ZIKV"
"C20orf195","Mock","ZIKV",2.43772,1.2419,-0.972989,0.00245,"yes",0.0107975445118372,"Not_significant"
"CPVL","Mock","ZIKV",2.63319,1.56431,-0.75129,0.00245,"yes",0.0107975445118372,"Not_significant"
"PYGL","Mock","ZIKV",2.10641,1.38521,-0.60468,0.00245,"yes",0.0107975445118372,"Not_significant"
"PM20D2","Mock","ZIKV",4.57107,3.48589,-0.391003,0.00245,"yes",0.0107975445118372,"Not_significant"
"ACAD9","Mock","ZIKV",11.6161,8.97715,-0.371793,0.00245,"yes",0.0107975445118372,"Not_significant"
"SPPL2A","Mock","ZIKV",12.3168,9.52696,-0.370541,0.00245,"yes",0.0107975445118372,"Not_significant"
"PLIN3","Mock","ZIKV",16.2866,12.8826,-0.338257,0.00245,"yes",0.0107975445118372,"Not_significant"
"TTYH3","Mock","ZIKV",114.804,94.1168,-0.286649,0.00245,"yes",0.0107975445118372,"Not_significant"
"RFWD2","Mock","ZIKV",18.1168,22.7609,0.329231,0.00245,"yes",0.0107975445118372,"Not_significant"
"LARP4","Mock","ZIKV",10.676,13.7035,0.360172,0.00245,"yes",0.0107975445118372,"Not_significant"
"OBFC1","Mock","ZIKV",3.26264,4.19134,0.361369,0.00245,"yes",0.0107975445118372,"Not_significant"
"ARL9","Mock","ZIKV",1.91831,0.679574,-1.49713,0.0025,"yes",0.0110028331379445,"Down_in_ZIKV"
"NOX4","Mock","ZIKV",1.14315,0.729859,-0.647329,0.0025,"yes",0.0110028331379445,"Not_significant"
"LOC441666","Mock","ZIKV",4.17825,3.24224,-0.365908,0.0025,"yes",0.0110028331379445,"Not_significant"
"TEAD1","Mock","ZIKV",33.6622,41.2015,0.291566,0.0025,"yes",0.0110028331379445,"Not_significant"
"FXR1","Mock","ZIKV",21.8755,26.8955,0.298049,0.0025,"yes",0.0110028331379445,"Not_significant"
"CDK7","Mock","ZIKV",9.6783,12.8345,0.407206,0.0025,"yes",0.0110028331379445,"Not_significant"
"POPDC2","Mock","ZIKV",0.700392,1.4619,1.06161,0.0025,"yes",0.0110028331379445,"Up_in_ZIKV"
"CX3CL1","Mock","ZIKV",7.70803,5.96773,-0.36918,0.00255,"yes",0.0112010042901716,"Not_significant"
"ATF6","Mock","ZIKV",10.6255,8.59627,-0.305746,0.00255,"yes",0.0112010042901716,"Not_significant"
"NAPB","Mock","ZIKV",22.4285,27.6461,0.301742,0.00255,"yes",0.0112010042901716,"Not_significant"
"CTDSPL2","Mock","ZIKV",15.0527,18.638,0.308218,0.00255,"yes",0.0112010042901716,"Not_significant"
"MYNN","Mock","ZIKV",4.70212,6.0701,0.368409,0.00255,"yes",0.0112010042901716,"Not_significant"
"YPEL3","Mock","ZIKV",25.2238,32.9689,0.386321,0.00255,"yes",0.0112010042901716,"Not_significant"
"PIK3CB","Mock","ZIKV",2.52268,3.31957,0.396042,0.00255,"yes",0.0112010042901716,"Not_significant"
"GRPEL1","Mock","ZIKV",8.39486,11.2996,0.428695,0.00255,"yes",0.0112010042901716,"Not_significant"
"CCDC85A","Mock","ZIKV",1.99802,2.77915,0.476068,0.00255,"yes",0.0112010042901716,"Not_significant"
"LPPR5","Mock","ZIKV",0.826264,1.3046,0.658932,0.00255,"yes",0.0112010042901716,"Not_significant"
"SPAG8","Mock","ZIKV",2.04259,0.732733,-1.47904,0.0026,"yes",0.0113917525773196,"Down_in_ZIKV"
"TMEM198B","Mock","ZIKV",8.31525,4.70002,-0.823093,0.0026,"yes",0.0113917525773196,"Not_significant"
"TRPM3","Mock","ZIKV",7.61679,5.2893,-0.526105,0.0026,"yes",0.0113917525773196,"Not_significant"
"LIMA1","Mock","ZIKV",4.40845,3.30185,-0.416997,0.0026,"yes",0.0113917525773196,"Not_significant"
"SLCO3A1","Mock","ZIKV",6.53269,4.96931,-0.394633,0.0026,"yes",0.0113917525773196,"Not_significant"
"CABLES2","Mock","ZIKV",16.9364,13.6817,-0.307885,0.0026,"yes",0.0113917525773196,"Not_significant"
"DMRTA2","Mock","ZIKV",31.9216,25.9253,-0.300174,0.0026,"yes",0.0113917525773196,"Not_significant"
"CLTC","Mock","ZIKV",46.5686,57.0049,0.291727,0.0026,"yes",0.0113917525773196,"Not_significant"
"KPNA1","Mock","ZIKV",27.2472,33.3949,0.293519,0.0026,"yes",0.0113917525773196,"Not_significant"
"TTC1","Mock","ZIKV",21.1396,26.8915,0.347202,0.0026,"yes",0.0113917525773196,"Not_significant"
"DOHH","Mock","ZIKV",4.34013,6.07523,0.485202,0.0026,"yes",0.0113917525773196,"Not_significant"
"ELF1","Mock","ZIKV",2.06233,2.89238,0.487982,0.0026,"yes",0.0113917525773196,"Not_significant"
"TFAP2E","Mock","ZIKV",2.60859,3.78123,0.535582,0.0026,"yes",0.0113917525773196,"Not_significant"
"LINC00173","Mock","ZIKV",3.30737,0.828424,-1.99724,0.00265,"yes",0.0115748012410316,"Down_in_ZIKV"
"TEX21P","Mock","ZIKV",1.36082,0.423312,-1.68468,0.00265,"yes",0.0115748012410316,"Down_in_ZIKV"
"NOSTRIN","Mock","ZIKV",0.88574,0.388606,-1.18858,0.00265,"yes",0.0115748012410316,"Down_in_ZIKV"
"LOC100128822","Mock","ZIKV",8.50989,6.10222,-0.479806,0.00265,"yes",0.0115748012410316,"Not_significant"
"LOC645212","Mock","ZIKV",7.71392,5.53398,-0.479146,0.00265,"yes",0.0115748012410316,"Not_significant"
"ZNF708","Mock","ZIKV",13.0981,10.4686,-0.32329,0.00265,"yes",0.0115748012410316,"Not_significant"
"MYEF2","Mock","ZIKV",52.8764,42.8773,-0.302409,0.00265,"yes",0.0115748012410316,"Not_significant"
"CSE1L","Mock","ZIKV",42.75,34.7308,-0.299708,0.00265,"yes",0.0115748012410316,"Not_significant"
"PHF21A","Mock","ZIKV",21.6758,26.6547,0.298305,0.00265,"yes",0.0115748012410316,"Not_significant"
"PACSIN2","Mock","ZIKV",20.2804,25.1549,0.310756,0.00265,"yes",0.0115748012410316,"Not_significant"
"DNAJC21","Mock","ZIKV",7.44645,9.28642,0.318569,0.00265,"yes",0.0115748012410316,"Not_significant"
"CDC40","Mock","ZIKV",8.5222,10.7786,0.338866,0.00265,"yes",0.0115748012410316,"Not_significant"
"SDHB","Mock","ZIKV",27.1057,34.4908,0.347611,0.00265,"yes",0.0115748012410316,"Not_significant"
"WDR25","Mock","ZIKV",5.01634,6.85639,0.450816,0.00265,"yes",0.0115748012410316,"Not_significant"
"FBXO16","Mock","ZIKV",5.39123,7.6137,0.497984,0.00265,"yes",0.0115748012410316,"Not_significant"
"SPSB1","Mock","ZIKV",1.23304,1.89081,0.616783,0.00265,"yes",0.0115748012410316,"Not_significant"
"LINC00441","Mock","ZIKV",1.35347,0.479789,-1.4962,0.0027,"yes",0.0117703696535707,"Down_in_ZIKV"
"LOC100129794","Mock","ZIKV",2.82411,1.67776,-0.751258,0.0027,"yes",0.0117703696535707,"Not_significant"
"BBIP1","Mock","ZIKV",22.0805,14.0171,-0.655587,0.0027,"yes",0.0117703696535707,"Not_significant"
"PSMC3IP","Mock","ZIKV",19.0389,12.6213,-0.593091,0.0027,"yes",0.0117703696535707,"Not_significant"
"CASP2","Mock","ZIKV",20.7747,16.7804,-0.308049,0.0027,"yes",0.0117703696535707,"Not_significant"
"HIP1","Mock","ZIKV",39.9739,32.7229,-0.288757,0.0027,"yes",0.0117703696535707,"Not_significant"
"KIAA2018","Mock","ZIKV",5.48791,6.7338,0.295163,0.0027,"yes",0.0117703696535707,"Not_significant"
"PLTP","Mock","ZIKV",46.8545,59.4523,0.343544,0.0027,"yes",0.0117703696535707,"Not_significant"
"ARFIP1","Mock","ZIKV",9.78785,12.4483,0.346884,0.0027,"yes",0.0117703696535707,"Not_significant"
"MSS51","Mock","ZIKV",2.37648,3.45278,0.538928,0.0027,"yes",0.0117703696535707,"Not_significant"
"IFI44","Mock","ZIKV",0.697663,0.18257,-1.93408,0.00275,"yes",0.0119628717651603,"Down_in_ZIKV"
"LGI1","Mock","ZIKV",1.08126,0.583923,-0.888858,0.00275,"yes",0.0119628717651603,"Not_significant"
"ADORA1","Mock","ZIKV",1.19117,0.691703,-0.784153,0.00275,"yes",0.0119628717651603,"Not_significant"
"SNCAIP","Mock","ZIKV",12.2209,9.58166,-0.350999,0.00275,"yes",0.0119628717651603,"Not_significant"
"ARVCF","Mock","ZIKV",28.6392,22.6033,-0.341454,0.00275,"yes",0.0119628717651603,"Not_significant"
"FAM181A","Mock","ZIKV",33.7429,26.8361,-0.330408,0.00275,"yes",0.0119628717651603,"Not_significant"
"FUT8","Mock","ZIKV",17.6614,14.1977,-0.314947,0.00275,"yes",0.0119628717651603,"Not_significant"
"SEZ6L2","Mock","ZIKV",26.0122,32.1842,0.307161,0.00275,"yes",0.0119628717651603,"Not_significant"
"ZNF25","Mock","ZIKV",10.7858,13.5521,0.329382,0.00275,"yes",0.0119628717651603,"Not_significant"
"AUP1","Mock","ZIKV",43.8525,59.235,0.433792,0.00275,"yes",0.0119628717651603,"Not_significant"
"GPRC5C","Mock","ZIKV",2.63477,3.86765,0.553779,0.00275,"yes",0.0119628717651603,"Not_significant"
"FXYD1","Mock","ZIKV",3.36018,1.14113,-1.55808,0.0028,"yes",0.0121686282076018,"Down_in_ZIKV"
"MSH5-SAPCD1","Mock","ZIKV",4.52786,1.75719,-1.36555,0.0028,"yes",0.0121686282076018,"Down_in_ZIKV"
"GMPR2","Mock","ZIKV",22.0434,17.3753,-0.34331,0.0028,"yes",0.0121686282076018,"Not_significant"
"VPS4B","Mock","ZIKV",11.8957,14.8447,0.319505,0.0028,"yes",0.0121686282076018,"Not_significant"
"N4BP3","Mock","ZIKV",2.21173,2.90839,0.395045,0.0028,"yes",0.0121686282076018,"Not_significant"
"LOC144486","Mock","ZIKV",0.750806,0.346204,-1.11682,0.00285,"yes",0.012359693877551,"Down_in_ZIKV"
"LOC100216545","Mock","ZIKV",1.64617,1.08478,-0.601712,0.00285,"yes",0.012359693877551,"Not_significant"
"C2orf44","Mock","ZIKV",5.02392,3.83581,-0.389284,0.00285,"yes",0.012359693877551,"Not_significant"
"FIZ1","Mock","ZIKV",8.96538,6.88781,-0.380319,0.00285,"yes",0.012359693877551,"Not_significant"
"FAM129B","Mock","ZIKV",8.34537,6.55699,-0.347941,0.00285,"yes",0.012359693877551,"Not_significant"
"ZNF337","Mock","ZIKV",32.6226,26.5345,-0.298001,0.00285,"yes",0.012359693877551,"Not_significant"
"ARNT2","Mock","ZIKV",24.2315,19.7733,-0.293333,0.00285,"yes",0.012359693877551,"Not_significant"
"DYNLL2","Mock","ZIKV",113.606,138.162,0.282328,0.00285,"yes",0.012359693877551,"Not_significant"
"ZNF131","Mock","ZIKV",13.3447,16.7753,0.33007,0.00285,"yes",0.012359693877551,"Not_significant"
"HNRNPUL2-BSCL2","Mock","ZIKV",37.0599,54.0234,0.543726,0.00285,"yes",0.012359693877551,"Not_significant"
"TXNDC11","Mock","ZIKV",6.96727,14.6747,1.07467,0.00285,"yes",0.012359693877551,"Up_in_ZIKV"
"LOC100130155","Mock","ZIKV",1.44176,0.519413,-1.47288,0.0029,"yes",0.012542722734255,"Down_in_ZIKV"
"FAM13A","Mock","ZIKV",5.2796,4.06479,-0.377246,0.0029,"yes",0.012542722734255,"Not_significant"
"C14orf2","Mock","ZIKV",99.4033,79.3299,-0.325429,0.0029,"yes",0.012542722734255,"Not_significant"
"C2CD5","Mock","ZIKV",37.9485,30.9932,-0.292089,0.0029,"yes",0.012542722734255,"Not_significant"
"CDK5RAP2","Mock","ZIKV",28.9606,23.7146,-0.288316,0.0029,"yes",0.012542722734255,"Not_significant"
"MMP15","Mock","ZIKV",32.7753,26.8853,-0.285791,0.0029,"yes",0.012542722734255,"Not_significant"
"CRAMP1L","Mock","ZIKV",14.7019,17.975,0.289985,0.0029,"yes",0.012542722734255,"Not_significant"
"ECH1","Mock","ZIKV",40.5385,50.6232,0.320507,0.0029,"yes",0.012542722734255,"Not_significant"
"CHUK","Mock","ZIKV",12.6332,15.8161,0.32417,0.0029,"yes",0.012542722734255,"Not_significant"
"PNPLA2","Mock","ZIKV",16.6728,20.8804,0.324648,0.0029,"yes",0.012542722734255,"Not_significant"
"PPP2R2D","Mock","ZIKV",21.7601,27.3533,0.330026,0.0029,"yes",0.012542722734255,"Not_significant"
"MRPL47","Mock","ZIKV",26.1612,33.1788,0.342834,0.0029,"yes",0.012542722734255,"Not_significant"
"HELQ","Mock","ZIKV",2.66911,3.62691,0.442381,0.0029,"yes",0.012542722734255,"Not_significant"
"PLA2G16","Mock","ZIKV",2.82754,4.49406,0.668474,0.0029,"yes",0.012542722734255,"Not_significant"
"C11orf75","Mock","ZIKV",10.1632,7.03289,-0.531163,0.00295,"yes",0.012746738921926,"Not_significant"
"SLC39A11","Mock","ZIKV",4.56876,3.35254,-0.446551,0.00295,"yes",0.012746738921926,"Not_significant"
"ZNF706","Mock","ZIKV",26.5548,21.4804,-0.305951,0.00295,"yes",0.012746738921926,"Not_significant"
"MAGT1","Mock","ZIKV",16.8543,20.7944,0.303081,0.00295,"yes",0.012746738921926,"Not_significant"
"ACOX3","Mock","ZIKV",5.01987,6.6332,0.402056,0.00295,"yes",0.012746738921926,"Not_significant"
"TMEM44-AS1","Mock","ZIKV",2.223,0.79773,-1.47854,0.003,"yes",0.0129255929609793,"Down_in_ZIKV"
"NUDT18","Mock","ZIKV",1.23384,0.562369,-1.13356,0.003,"yes",0.0129255929609793,"Down_in_ZIKV"
"AKAP3","Mock","ZIKV",0.847729,0.452478,-0.905754,0.003,"yes",0.0129255929609793,"Not_significant"
"MSN","Mock","ZIKV",5.47433,4.18457,-0.387603,0.003,"yes",0.0129255929609793,"Not_significant"
"FAM109A","Mock","ZIKV",8.84474,6.87538,-0.363379,0.003,"yes",0.0129255929609793,"Not_significant"
"RFT1","Mock","ZIKV",6.15498,4.8096,-0.355836,0.003,"yes",0.0129255929609793,"Not_significant"
"NEDD8","Mock","ZIKV",159.575,125.937,-0.341525,0.003,"yes",0.0129255929609793,"Not_significant"
"TMED4","Mock","ZIKV",65.3627,52.3872,-0.319253,0.003,"yes",0.0129255929609793,"Not_significant"
"INPP5F","Mock","ZIKV",70.1242,57.0468,-0.297765,0.003,"yes",0.0129255929609793,"Not_significant"
"RBM10","Mock","ZIKV",37.4255,46.077,0.300026,0.003,"yes",0.0129255929609793,"Not_significant"
"USP8","Mock","ZIKV",9.65469,12,0.31373,0.003,"yes",0.0129255929609793,"Not_significant"
"SYCP2L","Mock","ZIKV",1.57916,2.29046,0.536481,0.003,"yes",0.0129255929609793,"Not_significant"
"KCNK3","Mock","ZIKV",1.17642,1.7332,0.559043,0.003,"yes",0.0129255929609793,"Not_significant"
"LOC285593","Mock","ZIKV",0.475121,1.03786,1.12725,0.003,"yes",0.0129255929609793,"Up_in_ZIKV"
"LOC93432","Mock","ZIKV",0.211778,0.717988,1.7614,0.003,"yes",0.0129255929609793,"Up_in_ZIKV"
"DDT","Mock","ZIKV",19.0046,12.4658,-0.60838,0.00305,"yes",0.0131034236124356,"Not_significant"
"ALG14","Mock","ZIKV",6.03219,3.95873,-0.607643,0.00305,"yes",0.0131034236124356,"Not_significant"
"PLIN2","Mock","ZIKV",7.15271,5.33975,-0.421719,0.00305,"yes",0.0131034236124356,"Not_significant"
"ORC2","Mock","ZIKV",7.32586,5.64904,-0.374995,0.00305,"yes",0.0131034236124356,"Not_significant"
"DPH3","Mock","ZIKV",14.4082,11.574,-0.316006,0.00305,"yes",0.0131034236124356,"Not_significant"
"PGRMC2","Mock","ZIKV",18.6454,15.0554,-0.308534,0.00305,"yes",0.0131034236124356,"Not_significant"
"VCL","Mock","ZIKV",40.288,33.0573,-0.285381,0.00305,"yes",0.0131034236124356,"Not_significant"
"GTF2I","Mock","ZIKV",39.8104,32.677,-0.284869,0.00305,"yes",0.0131034236124356,"Not_significant"
"EP400","Mock","ZIKV",26.5287,32.3384,0.285697,0.00305,"yes",0.0131034236124356,"Not_significant"
"WRB","Mock","ZIKV",51.0772,63.0915,0.304766,0.00305,"yes",0.0131034236124356,"Not_significant"
"CXorf38","Mock","ZIKV",4.03974,5.25033,0.378148,0.00305,"yes",0.0131034236124356,"Not_significant"
"ARL6","Mock","ZIKV",6.41881,8.87643,0.467674,0.00305,"yes",0.0131034236124356,"Not_significant"
"C22orf42","Mock","ZIKV",4.28562,6.76853,0.659337,0.00305,"yes",0.0131034236124356,"Not_significant"
"CACNG3","Mock","ZIKV",0.596693,1.07667,0.851512,0.00305,"yes",0.0131034236124356,"Not_significant"
"ASB12","Mock","ZIKV",0.874785,1.80172,1.04237,0.00305,"yes",0.0131034236124356,"Up_in_ZIKV"
"DNM1P41","Mock","ZIKV",10.947,8.24657,-0.408665,0.0031,"yes",0.013297943248905,"Not_significant"
"BOP1","Mock","ZIKV",18.2482,14.5372,-0.328005,0.0031,"yes",0.013297943248905,"Not_significant"
"DKC1","Mock","ZIKV",23.3895,18.8498,-0.311312,0.0031,"yes",0.013297943248905,"Not_significant"
"PRDX5","Mock","ZIKV",139.1,171.535,0.302375,0.0031,"yes",0.013297943248905,"Not_significant"
"SH3PXD2A","Mock","ZIKV",4.32834,5.34976,0.305661,0.0031,"yes",0.013297943248905,"Not_significant"
"EEFSEC","Mock","ZIKV",8.17233,10.6303,0.379368,0.0031,"yes",0.013297943248905,"Not_significant"
"PTPDC1","Mock","ZIKV",2.85452,3.77952,0.404951,0.0031,"yes",0.013297943248905,"Not_significant"
"C2orf66","Mock","ZIKV",1.8857,2.82335,0.58231,0.0031,"yes",0.013297943248905,"Not_significant"
"RMDN2","Mock","ZIKV",1.16332,0.530263,-1.13346,0.00315,"yes",0.0134790558510638,"Down_in_ZIKV"
"SMOC2","Mock","ZIKV",0.658361,0.321398,-1.03452,0.00315,"yes",0.0134790558510638,"Down_in_ZIKV"
"CYP2D6","Mock","ZIKV",2.25137,1.29213,-0.801053,0.00315,"yes",0.0134790558510638,"Not_significant"
"PFDN6","Mock","ZIKV",38.5757,29.1171,-0.405826,0.00315,"yes",0.0134790558510638,"Not_significant"
"SEC22B","Mock","ZIKV",25.1777,20.0867,-0.325909,0.00315,"yes",0.0134790558510638,"Not_significant"
"GATS","Mock","ZIKV",57.3859,46.4573,-0.304792,0.00315,"yes",0.0134790558510638,"Not_significant"
"UBN1","Mock","ZIKV",15.5666,19.051,0.291416,0.00315,"yes",0.0134790558510638,"Not_significant"
"CNOT6L","Mock","ZIKV",5.1006,6.331,0.311768,0.00315,"yes",0.0134790558510638,"Not_significant"
"TIMM17A","Mock","ZIKV",22.9552,28.7174,0.323103,0.00315,"yes",0.0134790558510638,"Not_significant"
"LPCAT4","Mock","ZIKV",20.1545,25.3581,0.331348,0.00315,"yes",0.0134790558510638,"Not_significant"
"ITGA8","Mock","ZIKV",1.98664,2.80028,0.495239,0.00315,"yes",0.0134790558510638,"Not_significant"
"GNL3","Mock","ZIKV",29.4075,41.9518,0.51255,0.00315,"yes",0.0134790558510638,"Not_significant"
"LOC440354","Mock","ZIKV",0.508133,0.870439,0.776537,0.00315,"yes",0.0134790558510638,"Not_significant"
"ZNF511","Mock","ZIKV",20.7455,9.66252,-1.10233,0.0032,"yes",0.0136618650492798,"Down_in_ZIKV"
"PICK1","Mock","ZIKV",10.0151,7.60967,-0.396273,0.0032,"yes",0.0136618650492798,"Not_significant"
"CDCA7L","Mock","ZIKV",10.8406,8.40491,-0.367136,0.0032,"yes",0.0136618650492798,"Not_significant"
"FNDC5","Mock","ZIKV",14.9086,11.6696,-0.353391,0.0032,"yes",0.0136618650492798,"Not_significant"
"DVL3","Mock","ZIKV",45.0943,54.9107,0.284143,0.0032,"yes",0.0136618650492798,"Not_significant"
"ARL6IP5","Mock","ZIKV",46.2509,56.4163,0.28663,0.0032,"yes",0.0136618650492798,"Not_significant"
"TCF25","Mock","ZIKV",48.8945,59.8147,0.29083,0.0032,"yes",0.0136618650492798,"Not_significant"
"U2AF1","Mock","ZIKV",98.4173,121.221,0.300655,0.0032,"yes",0.0136618650492798,"Not_significant"
"FCHO1","Mock","ZIKV",13.5646,16.9434,0.320875,0.0032,"yes",0.0136618650492798,"Not_significant"
"LRCH1","Mock","ZIKV",4.39184,5.65502,0.364705,0.0032,"yes",0.0136618650492798,"Not_significant"
"RGS7BP","Mock","ZIKV",2.16654,2.94791,0.4443,0.0032,"yes",0.0136618650492798,"Not_significant"
"C17orf59","Mock","ZIKV",3.55481,5.0733,0.513151,0.0032,"yes",0.0136618650492798,"Not_significant"
"LOC100507250","Mock","ZIKV",0.731852,0.2526,-1.5347,0.00325,"yes",0.0138621946601023,"Down_in_ZIKV"
"PPIP5K2","Mock","ZIKV",22.3066,18.1275,-0.299296,0.00325,"yes",0.0138621946601023,"Not_significant"
"ATP1A1","Mock","ZIKV",52.4176,42.8632,-0.290312,0.00325,"yes",0.0138621946601023,"Not_significant"
"CD81","Mock","ZIKV",135.55,111.367,-0.283502,0.00325,"yes",0.0138621946601023,"Not_significant"
"KDELR1","Mock","ZIKV",106.313,129.456,0.284144,0.00325,"yes",0.0138621946601023,"Not_significant"
"MTMR9LP","Mock","ZIKV",1.44017,0.848337,-0.763529,0.0033,"yes",0.0140568267776097,"Not_significant"
"LOC401321","Mock","ZIKV",4.04634,3.08084,-0.393292,0.0033,"yes",0.0140568267776097,"Not_significant"
"PDZD11","Mock","ZIKV",21.367,16.5113,-0.371933,0.0033,"yes",0.0140568267776097,"Not_significant"
"LSM3","Mock","ZIKV",48.2784,37.4046,-0.368164,0.0033,"yes",0.0140568267776097,"Not_significant"
"ZNF649","Mock","ZIKV",6.67593,8.52562,0.352837,0.0033,"yes",0.0140568267776097,"Not_significant"
"DNAJC4","Mock","ZIKV",19.3176,24.7988,0.360357,0.0033,"yes",0.0140568267776097,"Not_significant"
"GUCA1B","Mock","ZIKV",2.97677,4.18665,0.492045,0.0033,"yes",0.0140568267776097,"Not_significant"
"TCEANC2","Mock","ZIKV",3.35901,2.50359,-0.424036,0.00335,"yes",0.0142401868277033,"Not_significant"
"BZRAP1","Mock","ZIKV",12.8064,9.75896,-0.392061,0.00335,"yes",0.0142401868277033,"Not_significant"
"SCP2","Mock","ZIKV",41.6228,33.2632,-0.323449,0.00335,"yes",0.0142401868277033,"Not_significant"
"MAN2C1","Mock","ZIKV",30.7937,24.9561,-0.303244,0.00335,"yes",0.0142401868277033,"Not_significant"
"TENM3","Mock","ZIKV",27.3882,22.5072,-0.283168,0.00335,"yes",0.0142401868277033,"Not_significant"
"LDHB","Mock","ZIKV",534.839,440.772,-0.279073,0.00335,"yes",0.0142401868277033,"Not_significant"
"MAGED2","Mock","ZIKV",193.207,234.877,0.281752,0.00335,"yes",0.0142401868277033,"Not_significant"
"FEZ1","Mock","ZIKV",76.3864,93.2208,0.287335,0.00335,"yes",0.0142401868277033,"Not_significant"
"GMCL1","Mock","ZIKV",9.46922,12.1991,0.365457,0.00335,"yes",0.0142401868277033,"Not_significant"
"ZNF526","Mock","ZIKV",3.45827,4.56779,0.401449,0.00335,"yes",0.0142401868277033,"Not_significant"
"HPX","Mock","ZIKV",0.941416,1.72533,0.873971,0.00335,"yes",0.0142401868277033,"Not_significant"
"VSTM2B","Mock","ZIKV",4.26464,2.77298,-0.620987,0.0034,"yes",0.0144255038613675,"Not_significant"
"NBPF3","Mock","ZIKV",3.33007,2.48617,-0.421628,0.0034,"yes",0.0144255038613675,"Not_significant"
"SLC11A2","Mock","ZIKV",14.6305,11.7924,-0.311123,0.0034,"yes",0.0144255038613675,"Not_significant"
"TIA1","Mock","ZIKV",90.6126,74.6006,-0.280524,0.0034,"yes",0.0144255038613675,"Not_significant"
"CEP350","Mock","ZIKV",10.002,12.1779,0.283975,0.0034,"yes",0.0144255038613675,"Not_significant"
"RETSAT","Mock","ZIKV",9.75077,12.2287,0.326686,0.0034,"yes",0.0144255038613675,"Not_significant"
"SH3GL2","Mock","ZIKV",8.3409,10.6612,0.354099,0.0034,"yes",0.0144255038613675,"Not_significant"
"ZNF567","Mock","ZIKV",4.52832,6.00658,0.407567,0.0034,"yes",0.0144255038613675,"Not_significant"
"PSMD5","Mock","ZIKV",3.12327,4.17567,0.41895,0.0034,"yes",0.0144255038613675,"Not_significant"
"ZNF878","Mock","ZIKV",1.2307,2.08783,0.762522,0.0034,"yes",0.0144255038613675,"Not_significant"
"GUCA1A","Mock","ZIKV",1.37043,0.735117,-0.898577,0.00345,"yes",0.0146101240834743,"Not_significant"
"DLX5","Mock","ZIKV",2.19853,1.27292,-0.788396,0.00345,"yes",0.0146101240834743,"Not_significant"
"CCNJL","Mock","ZIKV",1.30445,0.818797,-0.67186,0.00345,"yes",0.0146101240834743,"Not_significant"
"LOC90784","Mock","ZIKV",5.95457,4.58529,-0.376984,0.00345,"yes",0.0146101240834743,"Not_significant"
"NEFH","Mock","ZIKV",5.71571,4.40426,-0.376034,0.00345,"yes",0.0146101240834743,"Not_significant"
"VASH1","Mock","ZIKV",23.6139,19.3332,-0.288551,0.00345,"yes",0.0146101240834743,"Not_significant"
"ACAP2","Mock","ZIKV",12.1015,14.8795,0.298136,0.00345,"yes",0.0146101240834743,"Not_significant"
"TARSL2","Mock","ZIKV",6.96216,8.87051,0.349481,0.00345,"yes",0.0146101240834743,"Not_significant"
"IMP4","Mock","ZIKV",12.5749,16.6616,0.405984,0.00345,"yes",0.0146101240834743,"Not_significant"
"ZNF547","Mock","ZIKV",1.13485,1.92311,0.76094,0.00345,"yes",0.0146101240834743,"Not_significant"
"APOBEC3C","Mock","ZIKV",1.41532,0.543224,-1.3815,0.0035,"yes",0.0147885012192834,"Down_in_ZIKV"
"PAR1","Mock","ZIKV",0.744476,0.352561,-1.07835,0.0035,"yes",0.0147885012192834,"Down_in_ZIKV"
"DNAAF3","Mock","ZIKV",1.76382,1.07486,-0.714549,0.0035,"yes",0.0147885012192834,"Not_significant"
"OXLD1","Mock","ZIKV",12.3028,8.08773,-0.605175,0.0035,"yes",0.0147885012192834,"Not_significant"
"TMEM256","Mock","ZIKV",83.2777,56.5559,-0.558253,0.0035,"yes",0.0147885012192834,"Not_significant"
"RFNG","Mock","ZIKV",21.8261,17.2293,-0.341192,0.0035,"yes",0.0147885012192834,"Not_significant"
"WBSCR17","Mock","ZIKV",14.5128,11.6636,-0.315315,0.0035,"yes",0.0147885012192834,"Not_significant"
"IGLON5","Mock","ZIKV",22.8282,18.4277,-0.308943,0.0035,"yes",0.0147885012192834,"Not_significant"
"HIC2","Mock","ZIKV",16.5821,20.1601,0.281874,0.0035,"yes",0.0147885012192834,"Not_significant"
"GPCPD1","Mock","ZIKV",20.9105,25.5369,0.288355,0.0035,"yes",0.0147885012192834,"Not_significant"
"SEC62","Mock","ZIKV",20.7963,25.4332,0.290384,0.0035,"yes",0.0147885012192834,"Not_significant"
"LOC399744","Mock","ZIKV",2.5416,3.34811,0.39761,0.0035,"yes",0.0147885012192834,"Not_significant"
"TPH1","Mock","ZIKV",0.699925,0.222101,-1.65598,0.00355,"yes",0.0149857102698651,"Down_in_ZIKV"
"CACNA2D2","Mock","ZIKV",14.0676,17.2747,0.296283,0.00355,"yes",0.0149857102698651,"Not_significant"
"ILK","Mock","ZIKV",56.0063,70.8759,0.339705,0.00355,"yes",0.0149857102698651,"Not_significant"
"HINFP","Mock","ZIKV",10.216,13.0677,0.355172,0.00355,"yes",0.0149857102698651,"Not_significant"
"TBCE","Mock","ZIKV",11.9085,17.4818,0.553859,0.00355,"yes",0.0149857102698651,"Not_significant"
"ITM2A","Mock","ZIKV",0.905308,0.381287,-1.24753,0.0036,"yes",0.0151683501683502,"Down_in_ZIKV"
"MTTP","Mock","ZIKV",0.879,0.535351,-0.715377,0.0036,"yes",0.0151683501683502,"Not_significant"
"SLC35D2","Mock","ZIKV",3.26958,2.11195,-0.630532,0.0036,"yes",0.0151683501683502,"Not_significant"
"MIPEP","Mock","ZIKV",4.25985,3.06802,-0.473495,0.0036,"yes",0.0151683501683502,"Not_significant"
"MAMLD1","Mock","ZIKV",2.23218,1.60856,-0.472686,0.0036,"yes",0.0151683501683502,"Not_significant"
"METTL13","Mock","ZIKV",5.39898,4.11697,-0.391105,0.0036,"yes",0.0151683501683502,"Not_significant"
"GPATCH8","Mock","ZIKV",23.4603,28.3775,0.274526,0.0036,"yes",0.0151683501683502,"Not_significant"
"CYP51A1","Mock","ZIKV",56.7704,68.9714,0.280861,0.0036,"yes",0.0151683501683502,"Not_significant"
"TP53BP1","Mock","ZIKV",50.0471,67.0974,0.422969,0.0036,"yes",0.0151683501683502,"Not_significant"
"FARS2","Mock","ZIKV",6.03857,8.13033,0.429106,0.0036,"yes",0.0151683501683502,"Not_significant"
"TTLL9","Mock","ZIKV",0.701874,0.233228,-1.58947,0.00365,"yes",0.0153359914195113,"Down_in_ZIKV"
"C1orf112","Mock","ZIKV",5.00732,3.44507,-0.539504,0.00365,"yes",0.0153359914195113,"Not_significant"
"POLR3K","Mock","ZIKV",15.8579,11.4275,-0.472689,0.00365,"yes",0.0153359914195113,"Not_significant"
"ACTA2","Mock","ZIKV",14.4799,10.4618,-0.468914,0.00365,"yes",0.0153359914195113,"Not_significant"
"ANTXR2","Mock","ZIKV",8.98488,6.65635,-0.432767,0.00365,"yes",0.0153359914195113,"Not_significant"
"STK11IP","Mock","ZIKV",11.3584,9.01784,-0.332902,0.00365,"yes",0.0153359914195113,"Not_significant"
"GPM6B","Mock","ZIKV",128.682,102.669,-0.32581,0.00365,"yes",0.0153359914195113,"Not_significant"
"C3orf58","Mock","ZIKV",26.3542,21.316,-0.3061,0.00365,"yes",0.0153359914195113,"Not_significant"
"CNOT7","Mock","ZIKV",49.9555,40.5598,-0.300593,0.00365,"yes",0.0153359914195113,"Not_significant"
"ZC3H13","Mock","ZIKV",23.2247,28.3466,0.287513,0.00365,"yes",0.0153359914195113,"Not_significant"
"PDE4DIP","Mock","ZIKV",19.7828,24.3299,0.298485,0.00365,"yes",0.0153359914195113,"Not_significant"
"E4F1","Mock","ZIKV",12.783,16.0466,0.328038,0.00365,"yes",0.0153359914195113,"Not_significant"
"MAD2L1BP","Mock","ZIKV",14.7468,19.0506,0.369436,0.00365,"yes",0.0153359914195113,"Not_significant"
"ASB3","Mock","ZIKV",11.5923,18.0631,0.639882,0.00365,"yes",0.0153359914195113,"Not_significant"
"CDK11A","Mock","ZIKV",8.20317,15.9386,0.95827,0.00365,"yes",0.0153359914195113,"Not_significant"
"TTC23L","Mock","ZIKV",1.24177,0.520509,-1.25441,0.0037,"yes",0.0155229092940957,"Down_in_ZIKV"
"CYBRD1","Mock","ZIKV",1.6428,1.13773,-0.529999,0.0037,"yes",0.0155229092940957,"Not_significant"
"FEZF1","Mock","ZIKV",105.086,73.7323,-0.511199,0.0037,"yes",0.0155229092940957,"Not_significant"
"NCOA2","Mock","ZIKV",13.318,16.31,0.292371,0.0037,"yes",0.0155229092940957,"Not_significant"
"CAMSAP3","Mock","ZIKV",15.6568,19.3422,0.304968,0.0037,"yes",0.0155229092940957,"Not_significant"
"SAT1","Mock","ZIKV",54.6267,67.5754,0.306893,0.0037,"yes",0.0155229092940957,"Not_significant"
"SLBP","Mock","ZIKV",23.2638,28.9239,0.314176,0.0037,"yes",0.0155229092940957,"Not_significant"
"RNF166","Mock","ZIKV",9.94685,12.8509,0.369561,0.0037,"yes",0.0155229092940957,"Not_significant"
"LRRC4","Mock","ZIKV",15.6374,8.43071,-0.891274,0.00375,"yes",0.0156946767001115,"Not_significant"
"CAMTA1","Mock","ZIKV",41.5131,27.2536,-0.607118,0.00375,"yes",0.0156946767001115,"Not_significant"
"KITLG","Mock","ZIKV",5.53127,4.342,-0.349252,0.00375,"yes",0.0156946767001115,"Not_significant"
"DBI","Mock","ZIKV",112.871,90.765,-0.314464,0.00375,"yes",0.0156946767001115,"Not_significant"
"MRPS27","Mock","ZIKV",30.0013,24.3117,-0.303376,0.00375,"yes",0.0156946767001115,"Not_significant"
"COX8A","Mock","ZIKV",295.619,241.014,-0.294626,0.00375,"yes",0.0156946767001115,"Not_significant"
"DSG2","Mock","ZIKV",19.5624,15.9773,-0.292054,0.00375,"yes",0.0156946767001115,"Not_significant"
"CD24","Mock","ZIKV",264.379,216.877,-0.285728,0.00375,"yes",0.0156946767001115,"Not_significant"
"GABBR1","Mock","ZIKV",33.2952,27.3402,-0.284293,0.00375,"yes",0.0156946767001115,"Not_significant"
"DPYSL5","Mock","ZIKV",162.885,134.276,-0.278651,0.00375,"yes",0.0156946767001115,"Not_significant"
"CLASP1","Mock","ZIKV",37.3972,45.4982,0.282882,0.00375,"yes",0.0156946767001115,"Not_significant"
"GAS1","Mock","ZIKV",16.5452,20.5502,0.312735,0.00375,"yes",0.0156946767001115,"Not_significant"
"ARAP3","Mock","ZIKV",1.57207,2.15882,0.457582,0.00375,"yes",0.0156946767001115,"Not_significant"
"CPOX","Mock","ZIKV",6.7946,5.20381,-0.38482,0.0038,"yes",0.0158803339517625,"Not_significant"
"TRIM52","Mock","ZIKV",9.6045,7.4165,-0.372973,0.0038,"yes",0.0158803339517625,"Not_significant"
"TSKU","Mock","ZIKV",10.5721,8.33546,-0.342934,0.0038,"yes",0.0158803339517625,"Not_significant"
"IER3IP1","Mock","ZIKV",28.3383,22.5117,-0.332084,0.0038,"yes",0.0158803339517625,"Not_significant"
"FPGS","Mock","ZIKV",15.8636,12.6106,-0.331082,0.0038,"yes",0.0158803339517625,"Not_significant"
"TTLL12","Mock","ZIKV",14.3961,11.558,-0.316789,0.0038,"yes",0.0158803339517625,"Not_significant"
"SRSF11","Mock","ZIKV",117.427,143.056,0.284823,0.0038,"yes",0.0158803339517625,"Not_significant"
"SSH1","Mock","ZIKV",6.56196,8.05448,0.295666,0.0038,"yes",0.0158803339517625,"Not_significant"
"FAM86B3P","Mock","ZIKV",2.39224,1.37844,-0.795321,0.00385,"yes",0.0160535449833395,"Not_significant"
"RBM4B","Mock","ZIKV",28.0751,16.9896,-0.724636,0.00385,"yes",0.0160535449833395,"Not_significant"
"ZNF747","Mock","ZIKV",2.18418,1.4203,-0.620897,0.00385,"yes",0.0160535449833395,"Not_significant"
"ST6GALNAC5","Mock","ZIKV",14.2591,11.1887,-0.34984,0.00385,"yes",0.0160535449833395,"Not_significant"
"JKAMP","Mock","ZIKV",26.2789,21.1183,-0.31541,0.00385,"yes",0.0160535449833395,"Not_significant"
"MGC2752","Mock","ZIKV",19.5009,15.852,-0.29888,0.00385,"yes",0.0160535449833395,"Not_significant"
"NAP1L4","Mock","ZIKV",72.836,59.773,-0.285156,0.00385,"yes",0.0160535449833395,"Not_significant"
"CREBBP","Mock","ZIKV",23.1004,27.9647,0.275691,0.00385,"yes",0.0160535449833395,"Not_significant"
"CIZ1","Mock","ZIKV",47.1103,59.8324,0.344886,0.00385,"yes",0.0160535449833395,"Not_significant"
"PIGA","Mock","ZIKV",6.45474,8.25258,0.354485,0.00385,"yes",0.0160535449833395,"Not_significant"
"ZNF557","Mock","ZIKV",2.75888,3.57716,0.374736,0.00385,"yes",0.0160535449833395,"Not_significant"
"BUD31","Mock","ZIKV",35.4901,57.4855,0.695782,0.00385,"yes",0.0160535449833395,"Not_significant"
"N6AMT1","Mock","ZIKV",7.82268,5.33969,-0.550908,0.0039,"yes",0.0162469946365822,"Not_significant"
"DNAJC30","Mock","ZIKV",3.28941,2.30466,-0.513275,0.0039,"yes",0.0162469946365822,"Not_significant"
"MPST","Mock","ZIKV",37.5454,29.5352,-0.346203,0.0039,"yes",0.0162469946365822,"Not_significant"
"GID4","Mock","ZIKV",4.06239,5.25124,0.37033,0.0039,"yes",0.0162469946365822,"Not_significant"
"ACSL6","Mock","ZIKV",1.25936,1.70988,0.441197,0.0039,"yes",0.0162469946365822,"Not_significant"
"PTRH1","Mock","ZIKV",4.33989,2.39619,-0.856913,0.00395,"yes",0.0164370496951783,"Not_significant"
"ADAT2","Mock","ZIKV",2.28999,1.72259,-0.41076,0.00395,"yes",0.0164370496951783,"Not_significant"
"DDX46","Mock","ZIKV",20.8257,17.1327,-0.281612,0.00395,"yes",0.0164370496951783,"Not_significant"
"PRR14L","Mock","ZIKV",8.85234,10.8252,0.290264,0.00395,"yes",0.0164370496951783,"Not_significant"
"TRPC4AP","Mock","ZIKV",41.2083,50.4293,0.291329,0.00395,"yes",0.0164370496951783,"Not_significant"
"BET1","Mock","ZIKV",5.38773,7.01593,0.380958,0.00395,"yes",0.0164370496951783,"Not_significant"
"ZNF345","Mock","ZIKV",4.5513,1.76234,-1.36879,0.004,"yes",0.0166297526762643,"Down_in_ZIKV"
"MGEA5","Mock","ZIKV",95.3395,115.186,0.272813,0.004,"yes",0.0166297526762643,"Not_significant"
"ARIH2","Mock","ZIKV",30.4571,37.1881,0.288061,0.004,"yes",0.0166297526762643,"Not_significant"
"KLC2","Mock","ZIKV",32.8934,40.2559,0.291404,0.004,"yes",0.0166297526762643,"Not_significant"
"RSC1A1","Mock","ZIKV",6.28128,8.99819,0.518576,0.004,"yes",0.0166297526762643,"Not_significant"
"PROS1","Mock","ZIKV",1.91947,1.32977,-0.529526,0.00405,"yes",0.0168252028771671,"Not_significant"
"TMEM186","Mock","ZIKV",5.93595,4.16098,-0.512556,0.00405,"yes",0.0168252028771671,"Not_significant"
"ASTN1","Mock","ZIKV",31.4585,25.0191,-0.330416,0.00405,"yes",0.0168252028771671,"Not_significant"
"CDC5L","Mock","ZIKV",12.8416,10.4587,-0.296119,0.00405,"yes",0.0168252028771671,"Not_significant"
"MT2A","Mock","ZIKV",4.59374,1.28015,-1.84335,0.0041,"yes",0.0170140935887988,"Down_in_ZIKV"
"DYDC2","Mock","ZIKV",0.850095,0.374354,-1.18322,0.0041,"yes",0.0170140935887988,"Down_in_ZIKV"
"PLEKHH1","Mock","ZIKV",2.37118,1.59756,-0.56973,0.0041,"yes",0.0170140935887988,"Not_significant"
"ATRAID","Mock","ZIKV",73.7571,54.2712,-0.442593,0.0041,"yes",0.0170140935887988,"Not_significant"
"ZNF197","Mock","ZIKV",24.1594,29.5582,0.290974,0.0041,"yes",0.0170140935887988,"Not_significant"
"BRAP","Mock","ZIKV",9.04831,11.2775,0.317726,0.0041,"yes",0.0170140935887988,"Not_significant"
"LINGO3","Mock","ZIKV",1.42526,0.806025,-0.822332,0.00415,"yes",0.0172057334805816,"Not_significant"
"ZNF248","Mock","ZIKV",6.47689,4.31416,-0.586222,0.00415,"yes",0.0172057334805816,"Not_significant"
"ANKZF1","Mock","ZIKV",19.656,24.3297,0.307749,0.00415,"yes",0.0172057334805816,"Not_significant"
"RP9P","Mock","ZIKV",6.78577,9.27744,0.451214,0.00415,"yes",0.0172057334805816,"Not_significant"
"WNT9A","Mock","ZIKV",2.0993,3.42309,0.705392,0.00415,"yes",0.0172057334805816,"Not_significant"
"UPK3B","Mock","ZIKV",1.16158,0.528134,-1.13711,0.0042,"yes",0.0173938223938224,"Down_in_ZIKV"
"GHDC","Mock","ZIKV",1.76914,1.12278,-0.655978,0.0042,"yes",0.0173938223938224,"Not_significant"
"TMEM120B","Mock","ZIKV",2.99753,2.17198,-0.464765,0.0042,"yes",0.0173938223938224,"Not_significant"
"WDR54","Mock","ZIKV",48.6757,39.3204,-0.307925,0.0042,"yes",0.0173938223938224,"Not_significant"
"C16orf80","Mock","ZIKV",43.0181,53.2067,0.306666,0.0042,"yes",0.0173938223938224,"Not_significant"
"ASNSD1","Mock","ZIKV",15.9008,19.7866,0.315428,0.0042,"yes",0.0173938223938224,"Not_significant"
"PCNA-AS1","Mock","ZIKV",156.804,60.0125,-1.38563,0.00425,"yes",0.0175814967860422,"Down_in_ZIKV"
"PROM2","Mock","ZIKV",2.14728,1.48669,-0.530404,0.00425,"yes",0.0175814967860422,"Not_significant"
"SLC39A6","Mock","ZIKV",70.841,58.1638,-0.284463,0.00425,"yes",0.0175814967860422,"Not_significant"
"MRPL42","Mock","ZIKV",23.0737,28.2952,0.294307,0.00425,"yes",0.0175814967860422,"Not_significant"
"LCMT1","Mock","ZIKV",32.7759,40.5757,0.30798,0.00425,"yes",0.0175814967860422,"Not_significant"
"PCID2","Mock","ZIKV",20.4678,25.4043,0.31172,0.00425,"yes",0.0175814967860422,"Not_significant"
"SEPT2","Mock","ZIKV",189.766,140.058,-0.438201,0.0043,"yes",0.0177720183486239,"Not_significant"
"ZNF638","Mock","ZIKV",51.5588,42.5837,-0.275919,0.0043,"yes",0.0177720183486239,"Not_significant"
"CDC34","Mock","ZIKV",55.0485,67.3317,0.290583,0.0043,"yes",0.0177720183486239,"Not_significant"
"SELO","Mock","ZIKV",12.3637,15.5441,0.330264,0.0043,"yes",0.0177720183486239,"Not_significant"
"ZNF223","Mock","ZIKV",4.26935,5.6771,0.411136,0.0043,"yes",0.0177720183486239,"Not_significant"
"CHODL","Mock","ZIKV",2.35357,1.54981,-0.602755,0.00435,"yes",0.0179457417582418,"Not_significant"
"C4orf21","Mock","ZIKV",6.15374,4.51915,-0.445411,0.00435,"yes",0.0179457417582418,"Not_significant"
"ZNF784","Mock","ZIKV",7.89209,5.99536,-0.39656,0.00435,"yes",0.0179457417582418,"Not_significant"
"ZNF273","Mock","ZIKV",4.60902,3.55285,-0.375484,0.00435,"yes",0.0179457417582418,"Not_significant"
"SETD5-AS1","Mock","ZIKV",13.9845,10.9083,-0.358396,0.00435,"yes",0.0179457417582418,"Not_significant"
"PRKCSH","Mock","ZIKV",143.298,118.131,-0.278622,0.00435,"yes",0.0179457417582418,"Not_significant"
"KPNB1","Mock","ZIKV",85.0386,70.4272,-0.271985,0.00435,"yes",0.0179457417582418,"Not_significant"
"HIRA","Mock","ZIKV",21.3869,25.9463,0.278799,0.00435,"yes",0.0179457417582418,"Not_significant"
"CCDC82","Mock","ZIKV",26.2972,32.1397,0.289444,0.00435,"yes",0.0179457417582418,"Not_significant"
"ING1","Mock","ZIKV",14.1972,17.9087,0.335047,0.00435,"yes",0.0179457417582418,"Not_significant"
"C9orf116","Mock","ZIKV",12.092,8.35464,-0.533408,0.0044,"yes",0.0181155181868031,"Not_significant"
"ADI1","Mock","ZIKV",8.70037,6.4953,-0.42168,0.0044,"yes",0.0181155181868031,"Not_significant"
"PIGU","Mock","ZIKV",23.8748,19.1909,-0.315064,0.0044,"yes",0.0181155181868031,"Not_significant"
"MRPL51","Mock","ZIKV",89.8676,72.3067,-0.313671,0.0044,"yes",0.0181155181868031,"Not_significant"
"FAM89B","Mock","ZIKV",52.2449,42.272,-0.305586,0.0044,"yes",0.0181155181868031,"Not_significant"
"BRAT1","Mock","ZIKV",19.629,15.9257,-0.301631,0.0044,"yes",0.0181155181868031,"Not_significant"
"CLCN4","Mock","ZIKV",7.17353,8.82153,0.298345,0.0044,"yes",0.0181155181868031,"Not_significant"
"FOXJ2","Mock","ZIKV",6.68143,8.30152,0.313218,0.0044,"yes",0.0181155181868031,"Not_significant"
"STXBP4","Mock","ZIKV",3.01276,3.88292,0.366056,0.0044,"yes",0.0181155181868031,"Not_significant"
"ZNF121","Mock","ZIKV",10.5308,13.6033,0.36934,0.0044,"yes",0.0181155181868031,"Not_significant"
"C4orf29","Mock","ZIKV",3.01363,5.37545,0.834882,0.0044,"yes",0.0181155181868031,"Not_significant"
"CCNE2","Mock","ZIKV",5.27316,2.7049,-0.963093,0.00445,"yes",0.0182879492793286,"Not_significant"
"PDE5A","Mock","ZIKV",1.13493,0.706804,-0.683221,0.00445,"yes",0.0182879492793286,"Not_significant"
"FLNB","Mock","ZIKV",20.7106,17.0984,-0.276511,0.00445,"yes",0.0182879492793286,"Not_significant"
"MAST2","Mock","ZIKV",20.2379,24.5738,0.28006,0.00445,"yes",0.0182879492793286,"Not_significant"
"MYO9B","Mock","ZIKV",19.4729,23.6603,0.281002,0.00445,"yes",0.0182879492793286,"Not_significant"
"TTC4","Mock","ZIKV",9.51366,12.0641,0.34265,0.00445,"yes",0.0182879492793286,"Not_significant"
"GTF2B","Mock","ZIKV",15.5248,19.6924,0.343059,0.00445,"yes",0.0182879492793286,"Not_significant"
"KCNJ4","Mock","ZIKV",9.28414,11.9642,0.365882,0.00445,"yes",0.0182879492793286,"Not_significant"
"FAM195A","Mock","ZIKV",6.50415,9.34487,0.522814,0.00445,"yes",0.0182879492793286,"Not_significant"
"AURKC","Mock","ZIKV",0.83751,1.73329,1.04934,0.00445,"yes",0.0182879492793286,"Up_in_ZIKV"
"TMEM27","Mock","ZIKV",0.747223,0.232239,-1.68593,0.0045,"yes",0.0184732094040459,"Down_in_ZIKV"
"LOC100268168","Mock","ZIKV",2.10902,1.10438,-0.933343,0.0045,"yes",0.0184732094040459,"Not_significant"
"ABRACL","Mock","ZIKV",26.8466,20.6733,-0.37697,0.0045,"yes",0.0184732094040459,"Not_significant"
"LAS1L","Mock","ZIKV",23.1398,18.7437,-0.303973,0.0045,"yes",0.0184732094040459,"Not_significant"
"NTN1","Mock","ZIKV",9.81263,7.96906,-0.30023,0.0045,"yes",0.0184732094040459,"Not_significant"
"AKAP8","Mock","ZIKV",12.1711,15.0339,0.304763,0.0045,"yes",0.0184732094040459,"Not_significant"
"COL24A1","Mock","ZIKV",0.905621,0.614634,-0.559179,0.00455,"yes",0.0186580648097579,"Not_significant"
"PIFO","Mock","ZIKV",4.94595,3.62962,-0.44643,0.00455,"yes",0.0186580648097579,"Not_significant"
"EMC4","Mock","ZIKV",60.2646,44.6191,-0.43365,0.00455,"yes",0.0186580648097579,"Not_significant"
"AMIGO2","Mock","ZIKV",5.35534,4.09017,-0.388819,0.00455,"yes",0.0186580648097579,"Not_significant"
"SDHC","Mock","ZIKV",29.3564,23.615,-0.313973,0.00455,"yes",0.0186580648097579,"Not_significant"
"SCHIP1","Mock","ZIKV",44.9777,55.7924,0.310857,0.00455,"yes",0.0186580648097579,"Not_significant"
"NKAPP1","Mock","ZIKV",0.719643,0.336443,-1.09692,0.0046,"yes",0.0188219800181653,"Down_in_ZIKV"
"ME3","Mock","ZIKV",2.58946,1.70204,-0.605391,0.0046,"yes",0.0188219800181653,"Not_significant"
"LHPP","Mock","ZIKV",3.57513,2.39856,-0.57583,0.0046,"yes",0.0188219800181653,"Not_significant"
"TANGO6","Mock","ZIKV",2.87426,2.16073,-0.411672,0.0046,"yes",0.0188219800181653,"Not_significant"
"SALL2","Mock","ZIKV",75.4602,62.5009,-0.271839,0.0046,"yes",0.0188219800181653,"Not_significant"
"NCOR2","Mock","ZIKV",18.4799,22.4472,0.280576,0.0046,"yes",0.0188219800181653,"Not_significant"
"LIMCH1","Mock","ZIKV",11.6759,14.2785,0.290305,0.0046,"yes",0.0188219800181653,"Not_significant"
"HERPUD2","Mock","ZIKV",13.5272,16.6963,0.303665,0.0046,"yes",0.0188219800181653,"Not_significant"
"CSTB","Mock","ZIKV",41.8135,52.213,0.320441,0.0046,"yes",0.0188219800181653,"Not_significant"
"DGKE","Mock","ZIKV",2.77151,3.49815,0.335923,0.0046,"yes",0.0188219800181653,"Not_significant"
"RMND1","Mock","ZIKV",9.79593,12.7388,0.378975,0.0046,"yes",0.0188219800181653,"Not_significant"
"TRMT44","Mock","ZIKV",3.37516,4.56509,0.435689,0.0046,"yes",0.0188219800181653,"Not_significant"
"SRRM1","Mock","ZIKV",44.2869,53.3987,0.269926,0.00465,"yes",0.0190127518605918,"Not_significant"
"WNK1","Mock","ZIKV",36.5795,44.1182,0.270338,0.00465,"yes",0.0190127518605918,"Not_significant"
"CCDC88B","Mock","ZIKV",1.33027,1.84845,0.474601,0.00465,"yes",0.0190127518605918,"Not_significant"
"CCDC134","Mock","ZIKV",3.23813,4.84203,0.580451,0.00465,"yes",0.0190127518605918,"Not_significant"
"LRRC29","Mock","ZIKV",1.41156,0.690999,-1.03054,0.0047,"yes",0.0191997642364889,"Down_in_ZIKV"
"HTATSF1P2","Mock","ZIKV",1.38593,0.949157,-0.546135,0.0047,"yes",0.0191997642364889,"Not_significant"
"SRGAP2","Mock","ZIKV",19.352,15.1362,-0.354485,0.0047,"yes",0.0191997642364889,"Not_significant"
"RAB2B","Mock","ZIKV",20.0084,24.6142,0.298889,0.0047,"yes",0.0191997642364889,"Not_significant"
"LOC613037","Mock","ZIKV",4.00714,5.30071,0.403613,0.0047,"yes",0.0191997642364889,"Not_significant"
"TAS2R4","Mock","ZIKV",1.55164,0.598666,-1.37397,0.00475,"yes",0.0193653846153846,"Down_in_ZIKV"
"PEX10","Mock","ZIKV",16.295,10.5443,-0.62797,0.00475,"yes",0.0193653846153846,"Not_significant"
"SAMD10","Mock","ZIKV",3.08918,2.10838,-0.551093,0.00475,"yes",0.0193653846153846,"Not_significant"
"RAB15","Mock","ZIKV",26.849,19.732,-0.444333,0.00475,"yes",0.0193653846153846,"Not_significant"
"RECQL5","Mock","ZIKV",7.88787,6.11945,-0.366233,0.00475,"yes",0.0193653846153846,"Not_significant"
"PHF5A","Mock","ZIKV",32.5593,25.8711,-0.331731,0.00475,"yes",0.0193653846153846,"Not_significant"
"RPL7A","Mock","ZIKV",1442.44,1192.64,-0.274353,0.00475,"yes",0.0193653846153846,"Not_significant"
"SDK2","Mock","ZIKV",32.2016,26.7398,-0.268143,0.00475,"yes",0.0193653846153846,"Not_significant"
"UBE2M","Mock","ZIKV",48.7638,59.577,0.288944,0.00475,"yes",0.0193653846153846,"Not_significant"
"TMTC2","Mock","ZIKV",8.95493,11.0498,0.303266,0.00475,"yes",0.0193653846153846,"Not_significant"
"TTC9B","Mock","ZIKV",12.9461,17.3492,0.422345,0.00475,"yes",0.0193653846153846,"Not_significant"
"SHPK","Mock","ZIKV",5.39803,3.74941,-0.525768,0.0048,"yes",0.019540936200976,"Not_significant"
"MBD2","Mock","ZIKV",13.8363,10.4343,-0.407128,0.0048,"yes",0.019540936200976,"Not_significant"
"LAMTOR4","Mock","ZIKV",68.2121,54.0909,-0.334642,0.0048,"yes",0.019540936200976,"Not_significant"
"B4GALT6","Mock","ZIKV",11.0317,8.92791,-0.305265,0.0048,"yes",0.019540936200976,"Not_significant"
"HMGCS1","Mock","ZIKV",266.77,321.687,0.27006,0.0048,"yes",0.019540936200976,"Not_significant"
"PPP2CA","Mock","ZIKV",72.1393,87.1027,0.271932,0.0048,"yes",0.019540936200976,"Not_significant"
"NEFM","Mock","ZIKV",229.833,277.537,0.272091,0.0048,"yes",0.019540936200976,"Not_significant"
"LOC731275","Mock","ZIKV",5.74256,7.25337,0.336956,0.0048,"yes",0.019540936200976,"Not_significant"
"C15orf38","Mock","ZIKV",6.90415,2.92043,-1.24128,0.00485,"yes",0.019733787933526,"Down_in_ZIKV"
"CASK","Mock","ZIKV",19.6732,23.8655,0.278698,0.00485,"yes",0.019733787933526,"Not_significant"
"HIBADH","Mock","ZIKV",13.1235,16.4507,0.325997,0.00485,"yes",0.019733787933526,"Not_significant"
"CISH","Mock","ZIKV",1.58349,0.945088,-0.744589,0.0049,"yes",0.0199192384046201,"Not_significant"
"KLHDC3","Mock","ZIKV",50.1467,41.031,-0.289439,0.0049,"yes",0.0199192384046201,"Not_significant"
"MAPK10","Mock","ZIKV",32.7016,39.658,0.278249,0.0049,"yes",0.0199192384046201,"Not_significant"
"RPAP3","Mock","ZIKV",13.3691,16.4437,0.29863,0.0049,"yes",0.0199192384046201,"Not_significant"
"KCTD9","Mock","ZIKV",10.1282,12.5941,0.314368,0.0049,"yes",0.0199192384046201,"Not_significant"
"EGR4","Mock","ZIKV",0.676109,0.301836,-1.16349,0.00495,"yes",0.0201007301243916,"Down_in_ZIKV"
"SH2D7","Mock","ZIKV",0.940117,0.463086,-1.02156,0.00495,"yes",0.0201007301243916,"Down_in_ZIKV"
"SPATA5","Mock","ZIKV",1.9784,1.51333,-0.386606,0.00495,"yes",0.0201007301243916,"Not_significant"
"IGDCC4","Mock","ZIKV",15.7044,12.8929,-0.284593,0.00495,"yes",0.0201007301243916,"Not_significant"
"PHF3","Mock","ZIKV",16.0401,19.4489,0.278004,0.00495,"yes",0.0201007301243916,"Not_significant"
"SLAIN2","Mock","ZIKV",11.6462,14.2383,0.289911,0.00495,"yes",0.0201007301243916,"Not_significant"
"SRPX","Mock","ZIKV",0.929706,0.454902,-1.03122,0.005,"yes",0.0202672305200648,"Down_in_ZIKV"
"C17orf62","Mock","ZIKV",34.3607,25.0291,-0.457157,0.005,"yes",0.0202672305200648,"Not_significant"
"DIAPH3","Mock","ZIKV",3.53571,2.63096,-0.42641,0.005,"yes",0.0202672305200648,"Not_significant"
"TCFL5","Mock","ZIKV",8.78595,6.7105,-0.388778,0.005,"yes",0.0202672305200648,"Not_significant"
"LSM5","Mock","ZIKV",19.0007,15.2288,-0.319245,0.005,"yes",0.0202672305200648,"Not_significant"
"CASP8AP2","Mock","ZIKV",9.44778,7.66585,-0.301529,0.005,"yes",0.0202672305200648,"Not_significant"
"MOAP1","Mock","ZIKV",23.0764,18.809,-0.294995,0.005,"yes",0.0202672305200648,"Not_significant"
"CDH4","Mock","ZIKV",21.4659,17.6575,-0.281771,0.005,"yes",0.0202672305200648,"Not_significant"
"ZC3H14","Mock","ZIKV",27.0078,32.8983,0.284638,0.005,"yes",0.0202672305200648,"Not_significant"
"NOSIP","Mock","ZIKV",37.6084,46.4589,0.304899,0.005,"yes",0.0202672305200648,"Not_significant"
"ARSG","Mock","ZIKV",3.30199,2.06078,-0.680145,0.00505,"yes",0.0204368038088394,"Not_significant"
"EIF2B1","Mock","ZIKV",24.8588,18.2444,-0.446307,0.00505,"yes",0.0204368038088394,"Not_significant"
"NCAPD3","Mock","ZIKV",11.0074,8.97077,-0.295173,0.00505,"yes",0.0204368038088394,"Not_significant"
"SRSF1","Mock","ZIKV",76.9046,63.62,-0.27359,0.00505,"yes",0.0204368038088394,"Not_significant"
"PIP5K1A","Mock","ZIKV",29.864,36.1495,0.275572,0.00505,"yes",0.0204368038088394,"Not_significant"
"DHDDS","Mock","ZIKV",10.0941,12.5636,0.315735,0.00505,"yes",0.0204368038088394,"Not_significant"
"FAM120B","Mock","ZIKV",5.81882,7.41413,0.349551,0.00505,"yes",0.0204368038088394,"Not_significant"
"CYB5R4","Mock","ZIKV",6.15372,8.00359,0.379188,0.00505,"yes",0.0204368038088394,"Not_significant"
"CCDC151","Mock","ZIKV",1.70882,2.55454,0.58006,0.00505,"yes",0.0204368038088394,"Not_significant"
"HSPA6","Mock","ZIKV",0.382759,0.752736,0.97571,0.0051,"yes",0.0206317349137931,"Not_significant"
"IFIT2","Mock","ZIKV",0.0314251,1.17914,5.22967,0.0051,"yes",0.0206317349137931,"Up_in_ZIKV"
"AMY2B","Mock","ZIKV",12.5084,8.85702,-0.498006,0.00515,"yes",0.0208153149111789,"Not_significant"
"PIN4","Mock","ZIKV",17.3737,12.6525,-0.457485,0.00515,"yes",0.0208153149111789,"Not_significant"
"ZC3H10","Mock","ZIKV",5.1375,3.76514,-0.448363,0.00515,"yes",0.0208153149111789,"Not_significant"
"PEMT","Mock","ZIKV",25.9147,20.3209,-0.350805,0.00515,"yes",0.0208153149111789,"Not_significant"
"MAGI3","Mock","ZIKV",13.6237,16.5906,0.284243,0.00515,"yes",0.0208153149111789,"Not_significant"
"DEGS1","Mock","ZIKV",23.5931,19.0055,-0.31195,0.0052,"yes",0.0209985657941915,"Not_significant"
"CDK13","Mock","ZIKV",14.128,17.1958,0.283499,0.0052,"yes",0.0209985657941915,"Not_significant"
"SYP","Mock","ZIKV",30.025,36.6007,0.285707,0.0052,"yes",0.0209985657941915,"Not_significant"
"ABCA7","Mock","ZIKV",6.05387,7.47065,0.303375,0.0052,"yes",0.0209985657941915,"Not_significant"
"CLEC16A","Mock","ZIKV",11.5669,14.3583,0.311883,0.0052,"yes",0.0209985657941915,"Not_significant"
"WDR63","Mock","ZIKV",1.34739,0.863108,-0.642553,0.00525,"yes",0.021173903312444,"Not_significant"
"DTD2","Mock","ZIKV",6.54733,5.037,-0.378343,0.00525,"yes",0.021173903312444,"Not_significant"
"IRAK1","Mock","ZIKV",6.12885,4.78698,-0.356502,0.00525,"yes",0.021173903312444,"Not_significant"
"ZNF335","Mock","ZIKV",7.55734,6.04504,-0.322125,0.00525,"yes",0.021173903312444,"Not_significant"
"SLC17A6","Mock","ZIKV",23.8978,28.9038,0.274381,0.00525,"yes",0.021173903312444,"Not_significant"
"MARK2","Mock","ZIKV",12.6005,15.4532,0.294432,0.00525,"yes",0.021173903312444,"Not_significant"
"TAF4B","Mock","ZIKV",0.456033,0.730447,0.67964,0.00525,"yes",0.021173903312444,"Not_significant"
"IL21R-AS1","Mock","ZIKV",0.869683,0.303053,-1.52092,0.0053,"yes",0.0213488018597997,"Down_in_ZIKV"
"SYNE2","Mock","ZIKV",40.1474,29.3051,-0.454155,0.0053,"yes",0.0213488018597997,"Not_significant"
"FIGNL1","Mock","ZIKV",5.16663,4.00185,-0.368554,0.0053,"yes",0.0213488018597997,"Not_significant"
"HIRIP3","Mock","ZIKV",10.2132,8.07192,-0.339451,0.0053,"yes",0.0213488018597997,"Not_significant"
"CPT1C","Mock","ZIKV",45.7646,55.4533,0.27704,0.0053,"yes",0.0213488018597997,"Not_significant"
"CRTC3","Mock","ZIKV",9.37463,11.4878,0.293274,0.0053,"yes",0.0213488018597997,"Not_significant"
"SVOP","Mock","ZIKV",5.31503,6.81248,0.358101,0.0053,"yes",0.0213488018597997,"Not_significant"
"SAMD13","Mock","ZIKV",0.75992,0.29966,-1.34252,0.00535,"yes",0.0215309540825442,"Down_in_ZIKV"
"FAM189A1","Mock","ZIKV",5.41394,3.60557,-0.586453,0.00535,"yes",0.0215309540825442,"Not_significant"
"TEAD3","Mock","ZIKV",12.0304,9.61312,-0.323609,0.00535,"yes",0.0215309540825442,"Not_significant"
"UGGT1","Mock","ZIKV",15.2037,18.3187,0.268891,0.00535,"yes",0.0215309540825442,"Not_significant"
"RAB6B","Mock","ZIKV",18.1599,21.9299,0.272149,0.00535,"yes",0.0215309540825442,"Not_significant"
"COX6B1","Mock","ZIKV",170.714,139.827,-0.287936,0.0054,"yes",0.0217127811495894,"Not_significant"
"GNG4","Mock","ZIKV",20.1621,16.553,-0.284549,0.0054,"yes",0.0217127811495894,"Not_significant"
"PIH1D1","Mock","ZIKV",31.676,39.1994,0.307441,0.0054,"yes",0.0217127811495894,"Not_significant"
"ATG3","Mock","ZIKV",16.4274,20.9895,0.353564,0.0054,"yes",0.0217127811495894,"Not_significant"
"IRX2","Mock","ZIKV",0.434597,0.848001,0.964388,0.0054,"yes",0.0217127811495894,"Not_significant"
"NAPEPLD","Mock","ZIKV",4.28095,2.76578,-0.630244,0.00545,"yes",0.0218981894398858,"Not_significant"
"TOMM34","Mock","ZIKV",11.0817,8.72076,-0.34565,0.00545,"yes",0.0218981894398858,"Not_significant"
"ITGA6","Mock","ZIKV",27.895,23.1339,-0.27,0.00545,"yes",0.0218981894398858,"Not_significant"
"USP4","Mock","ZIKV",16.9554,20.7857,0.29385,0.00545,"yes",0.0218981894398858,"Not_significant"
"DARC","Mock","ZIKV",7.23066,5.3959,-0.422264,0.0055,"yes",0.0220558127114118,"Not_significant"
"MRPL33","Mock","ZIKV",82.9613,64.4065,-0.365232,0.0055,"yes",0.0220558127114118,"Not_significant"
"SHD","Mock","ZIKV",11.0253,8.68422,-0.344349,0.0055,"yes",0.0220558127114118,"Not_significant"
"ACAA2","Mock","ZIKV",21.4327,17.2904,-0.309839,0.0055,"yes",0.0220558127114118,"Not_significant"
"ULK1","Mock","ZIKV",31.3884,37.8088,0.268489,0.0055,"yes",0.0220558127114118,"Not_significant"
"SCAMP3","Mock","ZIKV",35.0706,43.0065,0.294295,0.0055,"yes",0.0220558127114118,"Not_significant"
"NIPAL3","Mock","ZIKV",4.04127,5.09084,0.333097,0.0055,"yes",0.0220558127114118,"Not_significant"
"GAREM","Mock","ZIKV",1.82877,2.37744,0.378531,0.0055,"yes",0.0220558127114118,"Not_significant"
"BLVRB","Mock","ZIKV",9.61382,13.1871,0.455948,0.0055,"yes",0.0220558127114118,"Not_significant"
"AGAP7","Mock","ZIKV",0.582286,1.04845,0.848458,0.0055,"yes",0.0220558127114118,"Not_significant"
"HS3ST3A1","Mock","ZIKV",0.288059,0.642156,1.15656,0.0055,"yes",0.0220558127114118,"Up_in_ZIKV"
"COX7B","Mock","ZIKV",186.476,152.002,-0.294899,0.00555,"yes",0.0222325715810066,"Not_significant"
"RAB11A","Mock","ZIKV",35.7686,29.4959,-0.278182,0.00555,"yes",0.0222325715810066,"Not_significant"
"SLC12A7","Mock","ZIKV",23.1414,19.1238,-0.275107,0.00555,"yes",0.0222325715810066,"Not_significant"
"LMAN1","Mock","ZIKV",40.9915,49.3611,0.268047,0.00555,"yes",0.0222325715810066,"Not_significant"
"SNORA40","Mock","ZIKV",40.242,151.669,1.91416,0.00555,"yes",0.0222325715810066,"Up_in_ZIKV"
"LOC115110","Mock","ZIKV",0.0443954,1.19746,4.75342,0.00555,"yes",0.0222325715810066,"Up_in_ZIKV"
"BCRP2","Mock","ZIKV",3.9649,2.86299,-0.469759,0.0056,"yes",0.0223890663826766,"Not_significant"
"DTWD1","Mock","ZIKV",8.02144,6.25239,-0.359454,0.0056,"yes",0.0223890663826766,"Not_significant"
"MAP2K3","Mock","ZIKV",11.8597,9.28748,-0.352704,0.0056,"yes",0.0223890663826766,"Not_significant"
"ZNF280D","Mock","ZIKV",16.6754,13.486,-0.306257,0.0056,"yes",0.0223890663826766,"Not_significant"
"H2AFY2","Mock","ZIKV",79.1811,65.6292,-0.270819,0.0056,"yes",0.0223890663826766,"Not_significant"
"DYNLL1","Mock","ZIKV",309.697,374.566,0.274364,0.0056,"yes",0.0223890663826766,"Not_significant"
"ZC3H7A","Mock","ZIKV",28.8036,34.8591,0.275286,0.0056,"yes",0.0223890663826766,"Not_significant"
"C9orf78","Mock","ZIKV",19.9164,24.6017,0.304802,0.0056,"yes",0.0223890663826766,"Not_significant"
"JAK1","Mock","ZIKV",13.3569,17.0377,0.351143,0.0056,"yes",0.0223890663826766,"Not_significant"
"NDNL2","Mock","ZIKV",25.347,32.6883,0.366956,0.0056,"yes",0.0223890663826766,"Not_significant"
"CIDECP","Mock","ZIKV",7.8143,11.0164,0.495465,0.0056,"yes",0.0223890663826766,"Not_significant"
"CCDC108","Mock","ZIKV",0.77664,0.349205,-1.15317,0.00565,"yes",0.0225529416976785,"Down_in_ZIKV"
"CYP26C1","Mock","ZIKV",1.4336,0.743287,-0.947648,0.00565,"yes",0.0225529416976785,"Not_significant"
"AKT1S1","Mock","ZIKV",12.3551,9.62665,-0.360004,0.00565,"yes",0.0225529416976785,"Not_significant"
"PNMA2","Mock","ZIKV",46.3312,38.5921,-0.263681,0.00565,"yes",0.0225529416976785,"Not_significant"
"DDX42","Mock","ZIKV",51.1571,61.4329,0.264077,0.00565,"yes",0.0225529416976785,"Not_significant"
"ADIPOR1","Mock","ZIKV",26.6945,32.5213,0.284841,0.00565,"yes",0.0225529416976785,"Not_significant"
"ZNF780A","Mock","ZIKV",5.235,6.63121,0.341082,0.00565,"yes",0.0225529416976785,"Not_significant"
"C1D","Mock","ZIKV",17.8388,22.6551,0.344815,0.00565,"yes",0.0225529416976785,"Not_significant"
"PMS2","Mock","ZIKV",5.98254,7.64526,0.353808,0.00565,"yes",0.0225529416976785,"Not_significant"
"PVRL3-AS1","Mock","ZIKV",0.901288,0.243544,-1.8878,0.0057,"yes",0.0227162951167728,"Down_in_ZIKV"
"TNFAIP2","Mock","ZIKV",0.989787,0.633392,-0.644019,0.0057,"yes",0.0227162951167728,"Not_significant"
"LOC400657","Mock","ZIKV",4.7329,3.64761,-0.375771,0.0057,"yes",0.0227162951167728,"Not_significant"
"CDH23","Mock","ZIKV",27.3455,21.1919,-0.367792,0.0057,"yes",0.0227162951167728,"Not_significant"
"NOP56","Mock","ZIKV",54.7139,45.214,-0.275137,0.0057,"yes",0.0227162951167728,"Not_significant"
"GRIK5","Mock","ZIKV",15.6225,19.0638,0.287209,0.0057,"yes",0.0227162951167728,"Not_significant"
"APAF1","Mock","ZIKV",10.856,13.6289,0.32818,0.0057,"yes",0.0227162951167728,"Not_significant"
"PKNOX2","Mock","ZIKV",5.64162,7.128,0.337389,0.0057,"yes",0.0227162951167728,"Not_significant"
"PFKFB2","Mock","ZIKV",3.22669,4.20422,0.381785,0.0057,"yes",0.0227162951167728,"Not_significant"
"CHRNB1","Mock","ZIKV",3.15458,2.25019,-0.487401,0.00575,"yes",0.0228953066996641,"Not_significant"
"LEPRE1","Mock","ZIKV",23.386,28.4892,0.284769,0.00575,"yes",0.0228953066996641,"Not_significant"
"PPFIA2","Mock","ZIKV",6.33288,7.84867,0.309586,0.00575,"yes",0.0228953066996641,"Not_significant"
"MTHFSD","Mock","ZIKV",5.60841,7.16188,0.352747,0.00575,"yes",0.0228953066996641,"Not_significant"
"GGA3","Mock","ZIKV",15.1619,19.7203,0.379234,0.00575,"yes",0.0228953066996641,"Not_significant"
"SLC35F4","Mock","ZIKV",0.267711,0.714726,1.41672,0.0058,"yes",0.0230903145987982,"Up_in_ZIKV"
"LIMS2","Mock","ZIKV",0.706927,0.278962,-1.34149,0.00585,"yes",0.0232646980932203,"Down_in_ZIKV"
"TP53INP1","Mock","ZIKV",28.4399,34.2881,0.26979,0.00585,"yes",0.0232646980932203,"Not_significant"
"CNR1","Mock","ZIKV",19.1696,23.1551,0.272507,0.00585,"yes",0.0232646980932203,"Not_significant"
"SPPL3","Mock","ZIKV",22.3845,27.1135,0.276512,0.00585,"yes",0.0232646980932203,"Not_significant"
"STX8","Mock","ZIKV",25.7826,32.5816,0.337659,0.00585,"yes",0.0232646980932203,"Not_significant"
"LOC100288069","Mock","ZIKV",11.3387,14.6131,0.366,0.00585,"yes",0.0232646980932203,"Not_significant"
"LYRM2","Mock","ZIKV",19.7526,14.255,-0.470572,0.0059,"yes",0.023426317644985,"Not_significant"
"SCPEP1","Mock","ZIKV",15.8211,12.5785,-0.330888,0.0059,"yes",0.023426317644985,"Not_significant"
"TONSL","Mock","ZIKV",12.424,10.1493,-0.291756,0.0059,"yes",0.023426317644985,"Not_significant"
"PHLDB1","Mock","ZIKV",28.8713,34.7582,0.267715,0.0059,"yes",0.023426317644985,"Not_significant"
"GPBP1","Mock","ZIKV",40.6967,49.0904,0.270527,0.0059,"yes",0.023426317644985,"Not_significant"
"EPS15L1","Mock","ZIKV",18.1047,22.1487,0.290856,0.0059,"yes",0.023426317644985,"Not_significant"
"BRPF1","Mock","ZIKV",8.60855,10.5807,0.297588,0.0059,"yes",0.023426317644985,"Not_significant"
"ZNF281","Mock","ZIKV",13.0042,16.0104,0.300033,0.0059,"yes",0.023426317644985,"Not_significant"
"MCC","Mock","ZIKV",2.74258,4.3781,0.674771,0.0059,"yes",0.023426317644985,"Not_significant"
"MMP14","Mock","ZIKV",0.761813,0.43768,-0.799559,0.00595,"yes",0.0235915771871149,"Not_significant"
"P2RY1","Mock","ZIKV",1.35959,0.879511,-0.628399,0.00595,"yes",0.0235915771871149,"Not_significant"
"STX17","Mock","ZIKV",3.89952,3.10524,-0.328594,0.00595,"yes",0.0235915771871149,"Not_significant"
"WDR18","Mock","ZIKV",24.6737,19.7893,-0.318256,0.00595,"yes",0.0235915771871149,"Not_significant"
"DYNLT1","Mock","ZIKV",123.484,101.556,-0.282045,0.00595,"yes",0.0235915771871149,"Not_significant"
"SETD1B","Mock","ZIKV",10.4052,12.5729,0.273013,0.00595,"yes",0.0235915771871149,"Not_significant"
"DDX31","Mock","ZIKV",4.60639,7.24985,0.654313,0.00595,"yes",0.0235915771871149,"Not_significant"
"MVP","Mock","ZIKV",2.44021,5.41799,1.15075,0.00595,"yes",0.0235915771871149,"Up_in_ZIKV"
"ZNF524","Mock","ZIKV",3.49176,2.16349,-0.690594,0.006,"yes",0.0237563719458604,"Not_significant"
"C6orf120","Mock","ZIKV",12.343,9.0584,-0.446362,0.006,"yes",0.0237563719458604,"Not_significant"
"TAPBP","Mock","ZIKV",3.14874,2.34064,-0.427875,0.006,"yes",0.0237563719458604,"Not_significant"
"PEX3","Mock","ZIKV",4.70474,3.52905,-0.414838,0.006,"yes",0.0237563719458604,"Not_significant"
"BRWD3","Mock","ZIKV",7.03631,8.49081,0.271082,0.006,"yes",0.0237563719458604,"Not_significant"
"ARNT","Mock","ZIKV",12.2129,14.8783,0.28481,0.006,"yes",0.0237563719458604,"Not_significant"
"ARMCX1","Mock","ZIKV",12.4304,15.5922,0.326951,0.006,"yes",0.0237563719458604,"Not_significant"
"SELM","Mock","ZIKV",10.5032,14.7251,0.487446,0.006,"yes",0.0237563719458604,"Not_significant"
"NOD1","Mock","ZIKV",1.57283,1.11801,-0.492431,0.00605,"yes",0.0239291044776119,"Not_significant"
"WBP1","Mock","ZIKV",77.2046,61.5158,-0.327731,0.00605,"yes",0.0239291044776119,"Not_significant"
"CUTA","Mock","ZIKV",141.436,115.978,-0.286298,0.00605,"yes",0.0239291044776119,"Not_significant"
"LTN1","Mock","ZIKV",12.2375,14.7783,0.272168,0.00605,"yes",0.0239291044776119,"Not_significant"
"MPP5","Mock","ZIKV",8.98967,11.0147,0.293087,0.00605,"yes",0.0239291044776119,"Not_significant"
"SYCE2","Mock","ZIKV",2.45046,5.31619,1.11734,0.00605,"yes",0.0239291044776119,"Up_in_ZIKV"
"LOC283761","Mock","ZIKV",0.777946,0.406933,-0.93488,0.0061,"yes",0.0240887973352034,"Not_significant"
"MPHOSPH6","Mock","ZIKV",18.4928,14.3296,-0.367969,0.0061,"yes",0.0240887973352034,"Not_significant"
"HIATL1","Mock","ZIKV",16.4218,13.4602,-0.286905,0.0061,"yes",0.0240887973352034,"Not_significant"
"SNRPC","Mock","ZIKV",59.6323,48.8786,-0.286892,0.0061,"yes",0.0240887973352034,"Not_significant"
"CMIP","Mock","ZIKV",37.315,44.9933,0.269953,0.0061,"yes",0.0240887973352034,"Not_significant"
"GATAD2A","Mock","ZIKV",17.2922,20.8881,0.272562,0.0061,"yes",0.0240887973352034,"Not_significant"
"ZHX1","Mock","ZIKV",9.89413,12.3852,0.323974,0.0061,"yes",0.0240887973352034,"Not_significant"
"TNIP1","Mock","ZIKV",9.52869,12.0175,0.334786,0.0061,"yes",0.0240887973352034,"Not_significant"
"ALG3","Mock","ZIKV",14.8955,18.95,0.347323,0.0061,"yes",0.0240887973352034,"Not_significant"
"COPS7B","Mock","ZIKV",26.6529,21.7052,-0.296252,0.00615,"yes",0.0242734799369196,"Not_significant"
"DSCR3","Mock","ZIKV",12.6017,15.4874,0.297479,0.00615,"yes",0.0242734799369196,"Not_significant"
"RNF180","Mock","ZIKV",2.55521,3.79507,0.570684,0.00615,"yes",0.0242734799369196,"Not_significant"
"GPX7","Mock","ZIKV",2.0277,1.11031,-0.868888,0.0062,"yes",0.0244579684763573,"Not_significant"
"HP1BP3","Mock","ZIKV",106.568,88.9232,-0.261143,0.0062,"yes",0.0244579684763573,"Not_significant"
"MTRR","Mock","ZIKV",8.05727,10.0878,0.324252,0.0062,"yes",0.0244579684763573,"Not_significant"
"RNPC3","Mock","ZIKV",19.2917,14.4558,-0.416338,0.00625,"yes",0.0246379506475324,"Not_significant"
"RBBP8","Mock","ZIKV",8.75734,6.98714,-0.325792,0.00625,"yes",0.0246379506475324,"Not_significant"
"PSMA4","Mock","ZIKV",126.45,104.217,-0.278976,0.00625,"yes",0.0246379506475324,"Not_significant"
"R3HDM1","Mock","ZIKV",18.2407,22.0091,0.270938,0.00625,"yes",0.0246379506475324,"Not_significant"
"MYD88","Mock","ZIKV",0.876676,0.488392,-0.844006,0.0063,"yes",0.0248133414932681,"Not_significant"
"ROGDI","Mock","ZIKV",17.73,14.1475,-0.325644,0.0063,"yes",0.0248133414932681,"Not_significant"
"WDR26","Mock","ZIKV",26.2877,31.6362,0.26719,0.0063,"yes",0.0248133414932681,"Not_significant"
"MED30","Mock","ZIKV",14.1227,18.4023,0.381873,0.0063,"yes",0.0248133414932681,"Not_significant"
"LOC729737","Mock","ZIKV",2.26672,2.96124,0.385593,0.0063,"yes",0.0248133414932681,"Not_significant"
"TUSC3","Mock","ZIKV",45.068,37.4741,-0.266209,0.00635,"yes",0.0249884259259259,"Not_significant"
"ATP5G2","Mock","ZIKV",342.255,285.896,-0.259579,0.00635,"yes",0.0249884259259259,"Not_significant"
"ODC1","Mock","ZIKV",399.517,478.35,0.259809,0.00635,"yes",0.0249884259259259,"Not_significant"
"FTL","Mock","ZIKV",545.085,655.836,0.266855,0.00635,"yes",0.0249884259259259,"Not_significant"
"METAP2","Mock","ZIKV",29.5617,35.6634,0.270717,0.00635,"yes",0.0249884259259259,"Not_significant"
"TBC1D16","Mock","ZIKV",33.4597,25.0808,-0.415841,0.0064,"yes",0.0251632047477745,"Not_significant"
"DDX54","Mock","ZIKV",10.2036,8.29315,-0.299081,0.0064,"yes",0.0251632047477745,"Not_significant"
"PARP8","Mock","ZIKV",3.49668,4.36656,0.320515,0.0064,"yes",0.0251632047477745,"Not_significant"
"TGFBRAP1","Mock","ZIKV",6.30394,8.02238,0.347776,0.0064,"yes",0.0251632047477745,"Not_significant"
"RAPGEF4","Mock","ZIKV",0.480213,0.778158,0.696388,0.0064,"yes",0.0251632047477745,"Not_significant"
"OLIG1","Mock","ZIKV",1.40186,0.860427,-0.704214,0.00645,"yes",0.0253288441422594,"Not_significant"
"LOC643406","Mock","ZIKV",2.31019,1.61758,-0.514176,0.00645,"yes",0.0253288441422594,"Not_significant"
"DNALI1","Mock","ZIKV",29.2278,22.4788,-0.378773,0.00645,"yes",0.0253288441422594,"Not_significant"
"ARL10","Mock","ZIKV",7.71726,6.00907,-0.360947,0.00645,"yes",0.0253288441422594,"Not_significant"
"DOCK1","Mock","ZIKV",10.435,8.5175,-0.292925,0.00645,"yes",0.0253288441422594,"Not_significant"
"ANAPC1","Mock","ZIKV",7.46211,6.09611,-0.291694,0.00645,"yes",0.0253288441422594,"Not_significant"
"CDC14A","Mock","ZIKV",5.54577,7.04248,0.344696,0.00645,"yes",0.0253288441422594,"Not_significant"
"AKR7L","Mock","ZIKV",1.58253,0.983618,-0.686063,0.0065,"yes",0.0254985196795542,"Not_significant"
"TNFRSF21","Mock","ZIKV",5.13536,4.00605,-0.358282,0.0065,"yes",0.0254985196795542,"Not_significant"
"HS2ST1","Mock","ZIKV",16.0666,12.6095,-0.349558,0.0065,"yes",0.0254985196795542,"Not_significant"
"EFTUD2","Mock","ZIKV",28.0394,23.1262,-0.27793,0.0065,"yes",0.0254985196795542,"Not_significant"
"NELFCD","Mock","ZIKV",47.8497,39.7246,-0.268475,0.0065,"yes",0.0254985196795542,"Not_significant"
"FCHO2","Mock","ZIKV",7.69353,9.49,0.302761,0.0065,"yes",0.0254985196795542,"Not_significant"
"SYNC","Mock","ZIKV",30.9559,18.1492,-0.770308,0.00655,"yes",0.0256812445604874,"Not_significant"
"NMU","Mock","ZIKV",21.7776,16.5953,-0.392069,0.00655,"yes",0.0256812445604874,"Not_significant"
"HIST1H1E","Mock","ZIKV",0.52335,1.48956,1.50904,0.00655,"yes",0.0256812445604874,"Up_in_ZIKV"
"CA13","Mock","ZIKV",0.691563,0.401704,-0.783727,0.0066,"yes",0.0258368091762252,"Not_significant"
"TP53TG1","Mock","ZIKV",23.8542,18.1931,-0.390855,0.0066,"yes",0.0258368091762252,"Not_significant"
"LOC96610","Mock","ZIKV",9.76125,7.63316,-0.354785,0.0066,"yes",0.0258368091762252,"Not_significant"
"WASH5P","Mock","ZIKV",22.8088,17.9685,-0.344121,0.0066,"yes",0.0258368091762252,"Not_significant"
"CBX3","Mock","ZIKV",108.412,90.611,-0.258767,0.0066,"yes",0.0258368091762252,"Not_significant"
"KIF3A","Mock","ZIKV",20.5329,24.7048,0.266855,0.0066,"yes",0.0258368091762252,"Not_significant"
"AGO4","Mock","ZIKV",15.2629,18.3725,0.267518,0.0066,"yes",0.0258368091762252,"Not_significant"
"SENP7","Mock","ZIKV",28.1576,34.053,0.274259,0.0066,"yes",0.0258368091762252,"Not_significant"
"INPP1","Mock","ZIKV",1.12397,1.79388,0.674476,0.0066,"yes",0.0258368091762252,"Not_significant"
"PLAGL2","Mock","ZIKV",14.4218,17.3692,0.268282,0.00665,"yes",0.0260099409619726,"Not_significant"
"LPPR1","Mock","ZIKV",16.6266,20.3649,0.29259,0.00665,"yes",0.0260099409619726,"Not_significant"
"CCDC59","Mock","ZIKV",11.3184,14.6898,0.376143,0.00665,"yes",0.0260099409619726,"Not_significant"
"ARHGAP42","Mock","ZIKV",1.0478,1.48067,0.498885,0.00665,"yes",0.0260099409619726,"Not_significant"
"LYG1","Mock","ZIKV",3.09513,4.73344,0.612889,0.00665,"yes",0.0260099409619726,"Not_significant"
"CCDC103","Mock","ZIKV",2.58021,1.69377,-0.607248,0.0067,"yes",0.0261964068738066,"Not_significant"
"JUNB","Mock","ZIKV",59.1813,49.136,-0.26836,0.0067,"yes",0.0261964068738066,"Not_significant"
"ASCC3","Mock","ZIKV",17.8616,21.7227,0.282345,0.00675,"yes",0.0263827433628319,"Not_significant"
"TAOK3","Mock","ZIKV",7.12291,8.83092,0.310097,0.00675,"yes",0.0263827433628319,"Not_significant"
"TSPAN4","Mock","ZIKV",40.6145,33.111,-0.294685,0.0068,"yes",0.0265459272097054,"Not_significant"
"LRRN2","Mock","ZIKV",20.7972,17.1213,-0.280601,0.0068,"yes",0.0265459272097054,"Not_significant"
"KDM5B","Mock","ZIKV",53.4409,63.8607,0.256984,0.0068,"yes",0.0265459272097054,"Not_significant"
"SPAST","Mock","ZIKV",24.37,29.3316,0.267351,0.0068,"yes",0.0265459272097054,"Not_significant"
"IVD","Mock","ZIKV",11.3109,13.7212,0.278692,0.0068,"yes",0.0265459272097054,"Not_significant"
"CYB5R1","Mock","ZIKV",14.7794,18.481,0.322451,0.0068,"yes",0.0265459272097054,"Not_significant"
"SAMD11","Mock","ZIKV",3.43315,6.39495,0.897402,0.0068,"yes",0.0265459272097054,"Not_significant"
"TOPBP1","Mock","ZIKV",15.6435,12.9156,-0.276454,0.00685,"yes",0.0267179653679654,"Not_significant"
"HDAC9","Mock","ZIKV",15.6101,18.9698,0.28122,0.00685,"yes",0.0267179653679654,"Not_significant"
"MTMR14","Mock","ZIKV",14.3057,17.7078,0.307798,0.00685,"yes",0.0267179653679654,"Not_significant"
"WDR44","Mock","ZIKV",5.93378,7.3753,0.31375,0.00685,"yes",0.0267179653679654,"Not_significant"
"DGCR14","Mock","ZIKV",3.10868,3.98651,0.358823,0.00685,"yes",0.0267179653679654,"Not_significant"
"ASPRV1","Mock","ZIKV",1.51901,0.68744,-1.14383,0.0069,"yes",0.0268711099585062,"Down_in_ZIKV"
"MRP63","Mock","ZIKV",9.98525,7.61705,-0.390566,0.0069,"yes",0.0268711099585062,"Not_significant"
"ASNA1","Mock","ZIKV",30.7173,24.8195,-0.30758,0.0069,"yes",0.0268711099585062,"Not_significant"
"ABCC1","Mock","ZIKV",12.0728,9.98089,-0.274514,0.0069,"yes",0.0268711099585062,"Not_significant"
"FDFT1","Mock","ZIKV",232.133,278.058,0.260437,0.0069,"yes",0.0268711099585062,"Not_significant"
"LZTS2","Mock","ZIKV",33.7079,40.9021,0.279089,0.0069,"yes",0.0268711099585062,"Not_significant"
"CAST","Mock","ZIKV",9.85402,12.8029,0.377683,0.0069,"yes",0.0268711099585062,"Not_significant"
"CDADC1","Mock","ZIKV",2.45065,3.44426,0.491028,0.0069,"yes",0.0268711099585062,"Not_significant"
"HS3ST3B1","Mock","ZIKV",1.1122,1.85044,0.734455,0.0069,"yes",0.0268711099585062,"Not_significant"
"PSTK","Mock","ZIKV",2.92765,1.95128,-0.585323,0.00695,"yes",0.0270237786984291,"Not_significant"
"C17orf100","Mock","ZIKV",5.90566,4.26611,-0.469179,0.00695,"yes",0.0270237786984291,"Not_significant"
"BCAP29","Mock","ZIKV",4.91557,3.92384,-0.325094,0.00695,"yes",0.0270237786984291,"Not_significant"
"CBL","Mock","ZIKV",14.4384,17.2489,0.256593,0.00695,"yes",0.0270237786984291,"Not_significant"
"USP33","Mock","ZIKV",37.2532,44.9636,0.271392,0.00695,"yes",0.0270237786984291,"Not_significant"
"MRPL21","Mock","ZIKV",41.6536,52.1785,0.325012,0.00695,"yes",0.0270237786984291,"Not_significant"
"MCPH1","Mock","ZIKV",7.80309,9.92805,0.347466,0.00695,"yes",0.0270237786984291,"Not_significant"
"THAP10","Mock","ZIKV",3.04652,4.22302,0.471116,0.00695,"yes",0.0270237786984291,"Not_significant"
"MACROD2","Mock","ZIKV",1.83407,3.09796,0.756272,0.00695,"yes",0.0270237786984291,"Not_significant"
"LOC284385","Mock","ZIKV",3.5145,2.44708,-0.522257,0.007,"yes",0.0271806585071539,"Not_significant"
"ELMO1","Mock","ZIKV",3.14021,2.40204,-0.386603,0.007,"yes",0.0271806585071539,"Not_significant"
"QSOX1","Mock","ZIKV",12.9461,10.3086,-0.328664,0.007,"yes",0.0271806585071539,"Not_significant"
"LOC146880","Mock","ZIKV",9.31691,7.42514,-0.327433,0.007,"yes",0.0271806585071539,"Not_significant"
"CRELD1","Mock","ZIKV",13.6806,16.9131,0.306016,0.007,"yes",0.0271806585071539,"Not_significant"
"ABCB6","Mock","ZIKV",8.50951,10.6253,0.320355,0.007,"yes",0.0271806585071539,"Not_significant"
"ZNF225","Mock","ZIKV",2.07528,2.90515,0.485309,0.007,"yes",0.0271806585071539,"Not_significant"
"LUC7L2","Mock","ZIKV",38.0886,54.4737,0.516203,0.007,"yes",0.0271806585071539,"Not_significant"
"LOC100507634","Mock","ZIKV",0.66214,0.295418,-1.16438,0.00705,"yes",0.027351231484671,"Down_in_ZIKV"
"D2HGDH","Mock","ZIKV",3.7895,2.77988,-0.446985,0.00705,"yes",0.027351231484671,"Not_significant"
"TECPR1","Mock","ZIKV",12.1987,10.0391,-0.281102,0.00705,"yes",0.027351231484671,"Not_significant"
"ISG20L2","Mock","ZIKV",13.9195,17.2713,0.311267,0.00705,"yes",0.027351231484671,"Not_significant"
"TMEM37","Mock","ZIKV",0.537651,1.06276,0.983075,0.00705,"yes",0.027351231484671,"Not_significant"
"KANK1","Mock","ZIKV",2.34022,1.76182,-0.409575,0.0071,"yes",0.0275167756366139,"Not_significant"
"PLCB3","Mock","ZIKV",6.25818,5.06892,-0.304066,0.0071,"yes",0.0275167756366139,"Not_significant"
"ADD3","Mock","ZIKV",19.3387,15.9757,-0.275609,0.0071,"yes",0.0275167756366139,"Not_significant"
"SUPV3L1","Mock","ZIKV",10.2771,12.777,0.314125,0.0071,"yes",0.0275167756366139,"Not_significant"
"SMYD3","Mock","ZIKV",11.4703,14.6191,0.349952,0.0071,"yes",0.0275167756366139,"Not_significant"
"SYT6","Mock","ZIKV",1.7931,2.40786,0.425292,0.0071,"yes",0.0275167756366139,"Not_significant"
"ARMC5","Mock","ZIKV",6.42798,5.09784,-0.334481,0.00715,"yes",0.0276914975928473,"Not_significant"
"RNF130","Mock","ZIKV",74.2177,61.8413,-0.263192,0.00715,"yes",0.0276914975928473,"Not_significant"
"SLK","Mock","ZIKV",14.536,17.5797,0.274273,0.00715,"yes",0.0276914975928473,"Not_significant"
"NVL","Mock","ZIKV",14.5558,17.8089,0.291007,0.00715,"yes",0.0276914975928473,"Not_significant"
"SPATA6","Mock","ZIKV",7.52568,6.06806,-0.310586,0.0072,"yes",0.0278516228748068,"Not_significant"
"PPIL1","Mock","ZIKV",29.4517,24.1104,-0.288694,0.0072,"yes",0.0278516228748068,"Not_significant"
"CPSF3L","Mock","ZIKV",43.5396,53.1289,0.287171,0.0072,"yes",0.0278516228748068,"Not_significant"
"DSE","Mock","ZIKV",7.67797,9.48853,0.305461,0.0072,"yes",0.0278516228748068,"Not_significant"
"MYH14","Mock","ZIKV",1.11689,1.50536,0.430626,0.0072,"yes",0.0278516228748068,"Not_significant"
"GPA33","Mock","ZIKV",1.10214,1.65951,0.590452,0.0072,"yes",0.0278516228748068,"Not_significant"
"KCNJ5","Mock","ZIKV",0.347986,0.735741,1.08017,0.0072,"yes",0.0278516228748068,"Up_in_ZIKV"
"FAM86EP","Mock","ZIKV",0.867294,0.526444,-0.72024,0.00725,"yes",0.02802578513815,"Not_significant"
"RANBP9","Mock","ZIKV",25.325,30.5046,0.268465,0.00725,"yes",0.02802578513815,"Not_significant"
"ZNF266","Mock","ZIKV",16.5143,19.982,0.274983,0.00725,"yes",0.02802578513815,"Not_significant"
"NUB1","Mock","ZIKV",19.2544,23.3458,0.277972,0.00725,"yes",0.02802578513815,"Not_significant"
"COBLL1","Mock","ZIKV",1.50097,1.06947,-0.489005,0.0073,"yes",0.028214224433768,"Not_significant"
"SH3BP2","Mock","ZIKV",9.2868,7.65953,-0.277926,0.00735,"yes",0.0283831218926796,"Not_significant"
"TAF2","Mock","ZIKV",11.9105,14.4288,0.276715,0.00735,"yes",0.0283831218926796,"Not_significant"
"GTF3C4","Mock","ZIKV",15.0975,18.7639,0.313653,0.00735,"yes",0.0283831218926796,"Not_significant"
"GTPBP10","Mock","ZIKV",3.30225,4.1066,0.314495,0.00735,"yes",0.0283831218926796,"Not_significant"
"RAB33A","Mock","ZIKV",6.8757,9.38684,0.449134,0.00735,"yes",0.0283831218926796,"Not_significant"
"PIGF","Mock","ZIKV",33.218,21.4251,-0.63266,0.0074,"yes",0.0285713061364416,"Not_significant"
"VPS13A","Mock","ZIKV",10.4395,8.64401,-0.272275,0.00745,"yes",0.0287544979437971,"Not_significant"
"SIMC1","Mock","ZIKV",9.54485,12.0212,0.332789,0.00745,"yes",0.0287544979437971,"Not_significant"
"SPIN2B","Mock","ZIKV",3.02773,1.88963,-0.68013,0.0075,"yes",0.028932608323343,"Not_significant"
"OCLN","Mock","ZIKV",5.03733,4.02647,-0.323143,0.0075,"yes",0.028932608323343,"Not_significant"
"GANC","Mock","ZIKV",2.36524,3.0749,0.378552,0.0075,"yes",0.028932608323343,"Not_significant"
"ATP6V1E2","Mock","ZIKV",0.750765,0.35122,-1.09599,0.00755,"yes",0.0290806686046512,"Down_in_ZIKV"
"GLYATL2","Mock","ZIKV",1.77788,0.981159,-0.857602,0.00755,"yes",0.0290806686046512,"Not_significant"
"AGBL5","Mock","ZIKV",28.949,22.1517,-0.3861,0.00755,"yes",0.0290806686046512,"Not_significant"
"PSME3","Mock","ZIKV",28.832,23.9454,-0.267925,0.00755,"yes",0.0290806686046512,"Not_significant"
"FAM192A","Mock","ZIKV",39.7936,33.1688,-0.26271,0.00755,"yes",0.0290806686046512,"Not_significant"
"GHITM","Mock","ZIKV",57.7497,69.251,0.262022,0.00755,"yes",0.0290806686046512,"Not_significant"
"SH3RF1","Mock","ZIKV",8.47722,10.3398,0.286541,0.00755,"yes",0.0290806686046512,"Not_significant"
"ACTL6B","Mock","ZIKV",25.4555,31.2636,0.296503,0.00755,"yes",0.0290806686046512,"Not_significant"
"SWT1","Mock","ZIKV",4.45861,6.10493,0.453382,0.00755,"yes",0.0290806686046512,"Not_significant"
"AGXT2L2","Mock","ZIKV",9.28361,3.65544,-1.34464,0.0076,"yes",0.0292632478632479,"Down_in_ZIKV"
"PLK1S1","Mock","ZIKV",7.21493,9.20008,0.350661,0.0076,"yes",0.0292632478632479,"Not_significant"
"DDAH1","Mock","ZIKV",29.7834,35.7902,0.265058,0.00765,"yes",0.0294306148590948,"Not_significant"
"MRPL46","Mock","ZIKV",12.622,16.4214,0.379632,0.00765,"yes",0.0294306148590948,"Not_significant"
"DPH1","Mock","ZIKV",10.4645,14.1337,0.433645,0.00765,"yes",0.0294306148590948,"Not_significant"
"FAM114A1","Mock","ZIKV",0.581478,0.914749,0.653652,0.00765,"yes",0.0294306148590948,"Not_significant"
"MOB4","Mock","ZIKV",15.4936,25.068,0.694175,0.00765,"yes",0.0294306148590948,"Not_significant"
"MMP19","Mock","ZIKV",5.41167,2.56159,-1.07904,0.0077,"yes",0.0296027479091995,"Down_in_ZIKV"
"FAM105A","Mock","ZIKV",2.06954,1.59513,-0.375637,0.0077,"yes",0.0296027479091995,"Not_significant"
"LONRF2","Mock","ZIKV",4.58025,5.5391,0.274226,0.0077,"yes",0.0296027479091995,"Not_significant"
"TES","Mock","ZIKV",2.39112,3.2528,0.443993,0.0077,"yes",0.0296027479091995,"Not_significant"
"POMC","Mock","ZIKV",3.55875,2.30082,-0.629222,0.00775,"yes",0.0297746460856217,"Not_significant"
"CASC2","Mock","ZIKV",1.56836,1.05646,-0.570018,0.00775,"yes",0.0297746460856217,"Not_significant"
"DYRK1B","Mock","ZIKV",16.0139,19.6145,0.292594,0.00775,"yes",0.0297746460856217,"Not_significant"
"PDE4D","Mock","ZIKV",3.28436,4.07566,0.31142,0.00775,"yes",0.0297746460856217,"Not_significant"
"RALY","Mock","ZIKV",45.085,37.5588,-0.263497,0.0078,"yes",0.0299565217391304,"Not_significant"
"PEA15","Mock","ZIKV",59.2443,49.4002,-0.262159,0.0078,"yes",0.0299565217391304,"Not_significant"
"RAB7L1","Mock","ZIKV",1.39006,0.919408,-0.596372,0.00785,"yes",0.030128003066962,"Not_significant"
"QPCTL","Mock","ZIKV",5.1469,3.88167,-0.407028,0.00785,"yes",0.030128003066962,"Not_significant"
"PSMC4","Mock","ZIKV",41.4982,49.9625,0.267799,0.00785,"yes",0.030128003066962,"Not_significant"
"SLC25A30","Mock","ZIKV",1.40637,1.97048,0.486569,0.00785,"yes",0.030128003066962,"Not_significant"
"TMEM161B","Mock","ZIKV",9.49643,11.7976,0.31304,0.0079,"yes",0.0303095724748765,"Not_significant"
"CBY1","Mock","ZIKV",26.0595,32.3904,0.313759,0.0079,"yes",0.0303095724748765,"Not_significant"
"DKFZP686I15217","Mock","ZIKV",1.38349,0.726644,-0.928994,0.00795,"yes",0.0304650816604287,"Not_significant"
"GFM2","Mock","ZIKV",16.8548,12.0163,-0.488168,0.00795,"yes",0.0304650816604287,"Not_significant"
"APOO","Mock","ZIKV",22.321,17.5865,-0.343934,0.00795,"yes",0.0304650816604287,"Not_significant"
"ABCA3","Mock","ZIKV",22.8548,27.3193,0.257422,0.00795,"yes",0.0304650816604287,"Not_significant"
"TRIP6","Mock","ZIKV",12.3823,15.4808,0.322201,0.00795,"yes",0.0304650816604287,"Not_significant"
"RPP38","Mock","ZIKV",9.74961,12.8348,0.396639,0.00795,"yes",0.0304650816604287,"Not_significant"
"LEPR","Mock","ZIKV",3.01372,4.88518,0.696866,0.00795,"yes",0.0304650816604287,"Not_significant"
"ZNF311","Mock","ZIKV",1.41181,0.900284,-0.649098,0.008,"yes",0.030635838150289,"Not_significant"
"EIF5A","Mock","ZIKV",143.253,119.619,-0.260117,0.008,"yes",0.030635838150289,"Not_significant"
"ZNF598","Mock","ZIKV",15.0912,18.3348,0.28088,0.008,"yes",0.030635838150289,"Not_significant"
"OSBP2","Mock","ZIKV",1.90439,2.52936,0.409445,0.008,"yes",0.030635838150289,"Not_significant"
"GHRL","Mock","ZIKV",0.852387,0.166263,-2.35804,0.00805,"yes",0.0307802155830929,"Down_in_ZIKV"
"GNG11","Mock","ZIKV",1.68815,0.799826,-1.07768,0.00805,"yes",0.0307802155830929,"Down_in_ZIKV"
"BARD1","Mock","ZIKV",7.98469,6.28843,-0.344537,0.00805,"yes",0.0307802155830929,"Not_significant"
"HDDC2","Mock","ZIKV",16.0692,12.8327,-0.324472,0.00805,"yes",0.0307802155830929,"Not_significant"
"HOMER3","Mock","ZIKV",28.8336,23.4773,-0.296486,0.00805,"yes",0.0307802155830929,"Not_significant"
"GAP43","Mock","ZIKV",149.095,177.953,0.255263,0.00805,"yes",0.0307802155830929,"Not_significant"
"RAP2A","Mock","ZIKV",21.0718,25.2228,0.259416,0.00805,"yes",0.0307802155830929,"Not_significant"
"TPRG1L","Mock","ZIKV",13.3405,16.4509,0.302353,0.00805,"yes",0.0307802155830929,"Not_significant"
"ABHD14A-ACY1","Mock","ZIKV",1.82904,3.90126,1.09286,0.00805,"yes",0.0307802155830929,"Up_in_ZIKV"
"SHISA4","Mock","ZIKV",1.52966,0.835661,-0.87222,0.0081,"yes",0.0309661405295316,"Not_significant"
"RTN4","Mock","ZIKV",212.58,176.368,-0.269417,0.00815,"yes",0.0311467170003393,"Not_significant"
"FTO","Mock","ZIKV",17.9755,21.6262,0.266747,0.00815,"yes",0.0311467170003393,"Not_significant"
"LSM14A","Mock","ZIKV",50.1034,59.8259,0.25586,0.0082,"yes",0.0313059322033898,"Not_significant"
"RAB7A","Mock","ZIKV",75.6973,90.6723,0.26042,0.0082,"yes",0.0313059322033898,"Not_significant"
"PSMD8","Mock","ZIKV",59.9507,72.2177,0.268577,0.0082,"yes",0.0313059322033898,"Not_significant"
"CDK5RAP1","Mock","ZIKV",16.0194,19.6757,0.296593,0.0082,"yes",0.0313059322033898,"Not_significant"
"TUT1","Mock","ZIKV",9.28831,11.5125,0.309718,0.0082,"yes",0.0313059322033898,"Not_significant"
"ERCC6","Mock","ZIKV",2.23862,2.87333,0.360113,0.0082,"yes",0.0313059322033898,"Not_significant"
"ISG15","Mock","ZIKV",7.70044,4.97341,-0.630706,0.00825,"yes",0.0314594972067039,"Not_significant"
"C9orf114","Mock","ZIKV",8.4714,6.58807,-0.362745,0.00825,"yes",0.0314594972067039,"Not_significant"
"MTERFD1","Mock","ZIKV",15.9213,12.5131,-0.347519,0.00825,"yes",0.0314594972067039,"Not_significant"
"LOC550643","Mock","ZIKV",71.1083,86.7543,0.286917,0.00825,"yes",0.0314594972067039,"Not_significant"
"ZNF579","Mock","ZIKV",14.87,18.2816,0.29799,0.00825,"yes",0.0314594972067039,"Not_significant"
"MTHFR","Mock","ZIKV",9.36321,12.6558,0.434728,0.00825,"yes",0.0314594972067039,"Not_significant"
"HIST2H2BF","Mock","ZIKV",1.50288,3.50502,1.22169,0.00825,"yes",0.0314594972067039,"Up_in_ZIKV"
"PRPF40A","Mock","ZIKV",26.8479,31.9877,0.252709,0.0083,"yes",0.0316340947546531,"Not_significant"
"EPC1","Mock","ZIKV",19.3253,23.346,0.272683,0.0083,"yes",0.0316340947546531,"Not_significant"
"PDRG1","Mock","ZIKV",18.882,23.4527,0.312744,0.0083,"yes",0.0316340947546531,"Not_significant"
"AGPAT3","Mock","ZIKV",4.08923,3.28783,-0.314695,0.00835,"yes",0.0317977599323753,"Not_significant"
"CACUL1","Mock","ZIKV",12.2329,14.6779,0.262884,0.00835,"yes",0.0317977599323753,"Not_significant"
"MOSPD1","Mock","ZIKV",6.30265,8.04316,0.351803,0.00835,"yes",0.0317977599323753,"Not_significant"
"CAMK2N2","Mock","ZIKV",8.51919,11.2278,0.398283,0.00835,"yes",0.0317977599323753,"Not_significant"
"MAB21L2","Mock","ZIKV",13.1726,18.6901,0.504729,0.00835,"yes",0.0317977599323753,"Not_significant"
"GSTO1","Mock","ZIKV",4.51052,2.93576,-0.619556,0.0084,"yes",0.0319665484034465,"Not_significant"
"CTPS2","Mock","ZIKV",7.41669,5.97057,-0.312907,0.0084,"yes",0.0319665484034465,"Not_significant"
"SH3BGRL","Mock","ZIKV",58.6617,48.4599,-0.275628,0.0084,"yes",0.0319665484034465,"Not_significant"
"PEG10","Mock","ZIKV",223.733,267.929,0.260072,0.0084,"yes",0.0319665484034465,"Not_significant"
"CECR5","Mock","ZIKV",14.6604,11.6641,-0.329843,0.00845,"yes",0.0321188407019912,"Not_significant"
"CCT5","Mock","ZIKV",61.0933,51.1116,-0.257362,0.00845,"yes",0.0321188407019912,"Not_significant"
"TTC28","Mock","ZIKV",14.4509,17.3579,0.264436,0.00845,"yes",0.0321188407019912,"Not_significant"
"LRRC47","Mock","ZIKV",25.4236,30.6686,0.270596,0.00845,"yes",0.0321188407019912,"Not_significant"
"DOPEY1","Mock","ZIKV",10.8883,14.1629,0.379336,0.00845,"yes",0.0321188407019912,"Not_significant"
"C7orf10","Mock","ZIKV",1.59534,2.44648,0.616842,0.00845,"yes",0.0321188407019912,"Not_significant"
"SRGAP2C","Mock","ZIKV",13.2736,21.0309,0.663949,0.00845,"yes",0.0321188407019912,"Not_significant"
"KLRG1","Mock","ZIKV",0.84947,0.405367,-1.06733,0.0085,"yes",0.032265335355578,"Down_in_ZIKV"
"CALHM2","Mock","ZIKV",1.30051,0.751701,-0.790846,0.0085,"yes",0.032265335355578,"Not_significant"
"EED","Mock","ZIKV",12.5076,9.97876,-0.325874,0.0085,"yes",0.032265335355578,"Not_significant"
"FANCG","Mock","ZIKV",13.5931,11.0304,-0.301385,0.0085,"yes",0.032265335355578,"Not_significant"
"SMC6","Mock","ZIKV",11.5686,9.53743,-0.278539,0.0085,"yes",0.032265335355578,"Not_significant"
"BZW1","Mock","ZIKV",103.252,85.8246,-0.266705,0.0085,"yes",0.032265335355578,"Not_significant"
"MAP4K4","Mock","ZIKV",110.421,92.5199,-0.255179,0.0085,"yes",0.032265335355578,"Not_significant"
"SHISA7","Mock","ZIKV",4.89859,6.02594,0.298821,0.0085,"yes",0.032265335355578,"Not_significant"
"LOC389895","Mock","ZIKV",3.95173,2.63276,-0.585908,0.00855,"yes",0.0324223484848485,"Not_significant"
"BYSL","Mock","ZIKV",8.67876,6.74419,-0.363844,0.00855,"yes",0.0324223484848485,"Not_significant"
"ARL6IP6","Mock","ZIKV",30.3176,24.0546,-0.333841,0.00855,"yes",0.0324223484848485,"Not_significant"
"NDUFS5","Mock","ZIKV",293.255,245.098,-0.258799,0.00855,"yes",0.0324223484848485,"Not_significant"
"KARS","Mock","ZIKV",53.1187,63.7274,0.262693,0.00855,"yes",0.0324223484848485,"Not_significant"
"RIT2","Mock","ZIKV",0.575977,1.2742,1.14551,0.00855,"yes",0.0324223484848485,"Up_in_ZIKV"
"SLC24A1","Mock","ZIKV",1.10565,0.775566,-0.511575,0.0086,"yes",0.0325680901143241,"Not_significant"
"SMYD5","Mock","ZIKV",11.1694,8.97739,-0.315182,0.0086,"yes",0.0325680901143241,"Not_significant"
"TXNDC12","Mock","ZIKV",30.3914,24.8337,-0.291364,0.0086,"yes",0.0325680901143241,"Not_significant"
"C20orf194","Mock","ZIKV",21.5949,25.7046,0.251334,0.0086,"yes",0.0325680901143241,"Not_significant"
"MAPRE2","Mock","ZIKV",34.7706,41.4775,0.254459,0.0086,"yes",0.0325680901143241,"Not_significant"
"HK1","Mock","ZIKV",36.4344,43.5358,0.256901,0.0086,"yes",0.0325680901143241,"Not_significant"
"DIS3","Mock","ZIKV",11.0543,13.7752,0.31746,0.0086,"yes",0.0325680901143241,"Not_significant"
"IGHMBP2","Mock","ZIKV",5.77496,7.19725,0.317634,0.0086,"yes",0.0325680901143241,"Not_significant"
"NDUFB3","Mock","ZIKV",43.5753,34.9979,-0.316242,0.00865,"yes",0.0327354250672043,"Not_significant"
"FASTK","Mock","ZIKV",22.5932,18.3188,-0.302563,0.00865,"yes",0.0327354250672043,"Not_significant"
"EIF4ENIF1","Mock","ZIKV",13.5215,16.385,0.277122,0.00865,"yes",0.0327354250672043,"Not_significant"
"PDE3A","Mock","ZIKV",1.96223,2.50539,0.352539,0.00865,"yes",0.0327354250672043,"Not_significant"
"TSPAN18","Mock","ZIKV",65.9125,47.9493,-0.459042,0.0087,"yes",0.0328859708004699,"Not_significant"
"CCDC164","Mock","ZIKV",6.68537,5.23415,-0.353053,0.0087,"yes",0.0328859708004699,"Not_significant"
"SORCS2","Mock","ZIKV",77.5521,65.1111,-0.252264,0.0087,"yes",0.0328859708004699,"Not_significant"
"TBC1D20","Mock","ZIKV",15.1851,18.3062,0.269679,0.0087,"yes",0.0328859708004699,"Not_significant"
"EXT1","Mock","ZIKV",17.5089,21.2206,0.277382,0.0087,"yes",0.0328859708004699,"Not_significant"
"ZFP28","Mock","ZIKV",6.69483,8.27328,0.305413,0.0087,"yes",0.0328859708004699,"Not_significant"
"DIRC2","Mock","ZIKV",5.37719,6.77589,0.333557,0.0087,"yes",0.0328859708004699,"Not_significant"
"NAAA","Mock","ZIKV",1.6377,0.982693,-0.736859,0.00875,"yes",0.0330472417840376,"Not_significant"
"KCNQ1OT1","Mock","ZIKV",2.35548,1.94523,-0.276086,0.00875,"yes",0.0330472417840376,"Not_significant"
"INTS12","Mock","ZIKV",13.4819,16.8541,0.322075,0.00875,"yes",0.0330472417840376,"Not_significant"
"SLC35A2","Mock","ZIKV",8.80284,11.4489,0.379165,0.00875,"yes",0.0330472417840376,"Not_significant"
"SARNP","Mock","ZIKV",87.3094,116.797,0.419795,0.00875,"yes",0.0330472417840376,"Not_significant"
"ADC","Mock","ZIKV",4.23068,3.10675,-0.445484,0.0088,"yes",0.0332249413342273,"Not_significant"
"ACTR3","Mock","ZIKV",70.617,83.9944,0.250278,0.0088,"yes",0.0332249413342273,"Not_significant"
"ULBP3","Mock","ZIKV",3.08354,1.63203,-0.917918,0.00885,"yes",0.0333913316582915,"Not_significant"
"PRPF6","Mock","ZIKV",41.5991,49.5046,0.251008,0.00885,"yes",0.0333913316582915,"Not_significant"
"SPOCK2","Mock","ZIKV",1.67088,2.20522,0.400318,0.00885,"yes",0.0333913316582915,"Not_significant"
"TPTE2","Mock","ZIKV",0.998189,1.83374,0.877401,0.00885,"yes",0.0333913316582915,"Not_significant"
"LOC100289230","Mock","ZIKV",2.02903,1.30129,-0.640841,0.0089,"yes",0.0335518828451883,"Not_significant"
"STX10","Mock","ZIKV",18.213,14.4041,-0.338487,0.0089,"yes",0.0335518828451883,"Not_significant"
"SF3B5","Mock","ZIKV",79.5333,65.1951,-0.286795,0.0089,"yes",0.0335518828451883,"Not_significant"
"PLEKHA1","Mock","ZIKV",14.416,17.4506,0.275607,0.0089,"yes",0.0335518828451883,"Not_significant"
"ARL13B","Mock","ZIKV",6.26321,7.78466,0.313731,0.0089,"yes",0.0335518828451883,"Not_significant"
"PIGZ","Mock","ZIKV",0.665419,0.348893,-0.931478,0.00895,"yes",0.033706529008527,"Not_significant"
"NTHL1","Mock","ZIKV",10.2053,7.58541,-0.428017,0.00895,"yes",0.033706529008527,"Not_significant"
"RPL23AP53","Mock","ZIKV",8.94058,7.17214,-0.317964,0.00895,"yes",0.033706529008527,"Not_significant"
"CELF4","Mock","ZIKV",13.1039,15.921,0.280939,0.00895,"yes",0.033706529008527,"Not_significant"
"CCDC85C","Mock","ZIKV",16.6296,20.8746,0.327997,0.00895,"yes",0.033706529008527,"Not_significant"
"MGARP","Mock","ZIKV",0.296399,0.822173,1.4719,0.00895,"yes",0.033706529008527,"Up_in_ZIKV"
"CNN1","Mock","ZIKV",3.64464,2.51521,-0.5351,0.009,"yes",0.0338665218843969,"Not_significant"
"MICALL1","Mock","ZIKV",10.0177,12.1176,0.274557,0.009,"yes",0.0338665218843969,"Not_significant"
"BRCC3","Mock","ZIKV",8.6237,10.709,0.312447,0.009,"yes",0.0338665218843969,"Not_significant"
"SLC12A4","Mock","ZIKV",3.41275,4.37047,0.356855,0.009,"yes",0.0338665218843969,"Not_significant"
"NUFIP1","Mock","ZIKV",3.33799,4.30123,0.365772,0.009,"yes",0.0338665218843969,"Not_significant"
"LOC100506274","Mock","ZIKV",1.14099,0.395278,-1.52935,0.00905,"yes",0.034037610619469,"Down_in_ZIKV"
"TUBD1","Mock","ZIKV",5.57227,4.18209,-0.414039,0.00905,"yes",0.034037610619469,"Not_significant"
"IL10RB","Mock","ZIKV",5.389,4.04861,-0.412591,0.00905,"yes",0.034037610619469,"Not_significant"
"FAM110B","Mock","ZIKV",2.93939,3.74948,0.351174,0.0091,"yes",0.0342142380237022,"Not_significant"
"DHRS3","Mock","ZIKV",1.00721,1.64214,0.705221,0.0091,"yes",0.0342142380237022,"Not_significant"
"ZNF491","Mock","ZIKV",5.04761,3.8969,-0.373273,0.00915,"yes",0.03438501001001,"Not_significant"
"CHCHD3","Mock","ZIKV",36.1607,43.7078,0.273467,0.00915,"yes",0.03438501001001,"Not_significant"
"KIAA1522","Mock","ZIKV",17.5318,22.0797,0.332745,0.00915,"yes",0.03438501001001,"Not_significant"
"FGGY","Mock","ZIKV",2.60782,1.73031,-0.591818,0.0092,"yes",0.0345556111389028,"Not_significant"
"SH3BP5L","Mock","ZIKV",13.512,16.4499,0.283837,0.0092,"yes",0.0345556111389028,"Not_significant"
"SLC7A5P2","Mock","ZIKV",1.48787,2.13716,0.522451,0.0092,"yes",0.0345556111389028,"Not_significant"
"GOLIM4","Mock","ZIKV",21.6325,17.9298,-0.27084,0.00925,"yes",0.0347202549575071,"Not_significant"
"MAPK8IP1","Mock","ZIKV",42.3153,50.4679,0.254187,0.00925,"yes",0.0347202549575071,"Not_significant"
"GRIP1","Mock","ZIKV",10.6475,12.7978,0.265382,0.00925,"yes",0.0347202549575071,"Not_significant"
"CCDC43","Mock","ZIKV",12.5462,15.5569,0.310302,0.00925,"yes",0.0347202549575071,"Not_significant"
"GON4L","Mock","ZIKV",13.3717,16.1537,0.272681,0.0093,"yes",0.0348730647577826,"Not_significant"
"SP4","Mock","ZIKV",6.68741,8.14629,0.284695,0.0093,"yes",0.0348730647577826,"Not_significant"
"MEMO1","Mock","ZIKV",15.7991,19.4145,0.297292,0.0093,"yes",0.0348730647577826,"Not_significant"
"GRHL1","Mock","ZIKV",1.86281,2.53383,0.443836,0.0093,"yes",0.0348730647577826,"Not_significant"
"PCDHB8","Mock","ZIKV",0.752897,1.20339,0.676579,0.0093,"yes",0.0348730647577826,"Not_significant"
"SNORA18","Mock","ZIKV",27.5156,111.236,2.0153,0.0093,"yes",0.0348730647577826,"Up_in_ZIKV"
"MMP11","Mock","ZIKV",1.38122,0.860591,-0.682548,0.00935,"yes",0.0350313955422488,"Not_significant"
"FAM208B","Mock","ZIKV",10.8717,12.9611,0.253604,0.00935,"yes",0.0350313955422488,"Not_significant"
"SMAP2","Mock","ZIKV",14.9781,18.2273,0.283243,0.00935,"yes",0.0350313955422488,"Not_significant"
"DMAP1","Mock","ZIKV",22.3654,27.3301,0.289227,0.00935,"yes",0.0350313955422488,"Not_significant"
"TP53RK","Mock","ZIKV",9.64008,12.361,0.358682,0.00935,"yes",0.0350313955422488,"Not_significant"
"BPHL","Mock","ZIKV",10.2661,7.96241,-0.366606,0.0094,"yes",0.035189463187635,"Not_significant"
"SLC29A4","Mock","ZIKV",18.6872,15.3745,-0.281509,0.0094,"yes",0.035189463187635,"Not_significant"
"GDI2","Mock","ZIKV",121.731,102.415,-0.249281,0.0094,"yes",0.035189463187635,"Not_significant"
"TBR1","Mock","ZIKV",87.5274,104.039,0.24932,0.0094,"yes",0.035189463187635,"Not_significant"
"ZNF23","Mock","ZIKV",8.81405,10.8547,0.300439,0.0094,"yes",0.035189463187635,"Not_significant"
"THADA","Mock","ZIKV",5.42991,4.4243,-0.295478,0.00945,"yes",0.0353531390134529,"Not_significant"
"POLR1A","Mock","ZIKV",7.97688,6.56145,-0.281809,0.00945,"yes",0.0353531390134529,"Not_significant"
"MAPRE1","Mock","ZIKV",94.2499,79.3032,-0.249112,0.00945,"yes",0.0353531390134529,"Not_significant"
"REEP1","Mock","ZIKV",6.3724,7.88998,0.308184,0.00945,"yes",0.0353531390134529,"Not_significant"
"NTRK1","Mock","ZIKV",2.04463,1.35626,-0.592207,0.0095,"yes",0.0355107036176568,"Not_significant"
"MRPS33","Mock","ZIKV",29.6974,23.1513,-0.359245,0.0095,"yes",0.0355107036176568,"Not_significant"
"WAC-AS1","Mock","ZIKV",17.9359,14.9735,-0.260438,0.0095,"yes",0.0355107036176568,"Not_significant"
"PLCL2","Mock","ZIKV",8.11134,9.91587,0.2898,0.0095,"yes",0.0355107036176568,"Not_significant"
"STON1","Mock","ZIKV",8.12521,9.99738,0.299144,0.0095,"yes",0.0355107036176568,"Not_significant"
"ZNF485","Mock","ZIKV",0.898512,0.485637,-0.887658,0.00955,"yes",0.0356739220563847,"Not_significant"
"ZSCAN12P1","Mock","ZIKV",0.748874,0.471172,-0.668469,0.00955,"yes",0.0356739220563847,"Not_significant"
"SMG7","Mock","ZIKV",35.1566,41.8699,0.252119,0.00955,"yes",0.0356739220563847,"Not_significant"
"ST7","Mock","ZIKV",18.3539,22.5701,0.298325,0.00955,"yes",0.0356739220563847,"Not_significant"
"TELO2","Mock","ZIKV",13.5992,9.38311,-0.535383,0.0096,"yes",0.035830985915493,"Not_significant"
"TSPAN33","Mock","ZIKV",4.8404,3.73396,-0.37442,0.0096,"yes",0.035830985915493,"Not_significant"
"KIAA1598","Mock","ZIKV",11.5225,9.37894,-0.296952,0.0096,"yes",0.035830985915493,"Not_significant"
"MAP7D3","Mock","ZIKV",3.29482,4.17241,0.340681,0.0096,"yes",0.035830985915493,"Not_significant"
"SSSCA1","Mock","ZIKV",19.8673,25.8683,0.380796,0.0096,"yes",0.035830985915493,"Not_significant"
"LOC149134","Mock","ZIKV",1.88274,1.02814,-0.872797,0.00965,"yes",0.0359997101689301,"Not_significant"
"BAHCC1","Mock","ZIKV",14.9186,17.7305,0.249122,0.00965,"yes",0.0359997101689301,"Not_significant"
"AP4E1","Mock","ZIKV",4.22717,5.18922,0.295826,0.00965,"yes",0.0359997101689301,"Not_significant"
"PPP2R5D","Mock","ZIKV",29.9234,24.1947,-0.306583,0.0097,"yes",0.0361622807017544,"Not_significant"
"ZFP36L1","Mock","ZIKV",70.886,59.6045,-0.250079,0.0097,"yes",0.0361622807017544,"Not_significant"
"IDS","Mock","ZIKV",45.3574,54.5312,0.265744,0.0097,"yes",0.0361622807017544,"Not_significant"
"NACC2","Mock","ZIKV",1.67625,2.15161,0.360183,0.0097,"yes",0.0361622807017544,"Not_significant"
"FBXW11","Mock","ZIKV",25.6847,30.6379,0.254408,0.00975,"yes",0.0363426692040377,"Not_significant"
"LOC645166","Mock","ZIKV",5.28605,3.07053,-0.783704,0.0098,"yes",0.036504878452125,"Not_significant"
"GIGYF1","Mock","ZIKV",31.273,26.2547,-0.252341,0.0098,"yes",0.036504878452125,"Not_significant"
"RALGAPB","Mock","ZIKV",15.0948,17.9361,0.248816,0.0098,"yes",0.036504878452125,"Not_significant"
"ADAP1","Mock","ZIKV",10.3523,12.7847,0.304468,0.0098,"yes",0.036504878452125,"Not_significant"
"BAIAP2L1","Mock","ZIKV",2.53561,1.47746,-0.77921,0.00985,"yes",0.0366729338842975,"Not_significant"
"PGM5P2","Mock","ZIKV",2.95134,2.00712,-0.556243,0.00985,"yes",0.0366729338842975,"Not_significant"
"HHIP","Mock","ZIKV",1.04775,1.56439,0.578303,0.00985,"yes",0.0366729338842975,"Not_significant"
"FLJ42875","Mock","ZIKV",3.05724,1.35381,-1.17521,0.0099,"yes",0.0368286540049546,"Down_in_ZIKV"
"SLC45A4","Mock","ZIKV",3.54189,2.69986,-0.391637,0.0099,"yes",0.0368286540049546,"Not_significant"
"NPDC1","Mock","ZIKV",56.493,46.8937,-0.268676,0.0099,"yes",0.0368286540049546,"Not_significant"
"BIRC6","Mock","ZIKV",14.9266,17.6973,0.245646,0.0099,"yes",0.0368286540049546,"Not_significant"
"SNX25","Mock","ZIKV",9.39582,11.6336,0.308207,0.0099,"yes",0.0368286540049546,"Not_significant"
"ICAM2","Mock","ZIKV",0.660578,0.148137,-2.1568,0.00995,"yes",0.0369963271706834,"Down_in_ZIKV"
"GPAM","Mock","ZIKV",6.27336,5.14654,-0.285634,0.00995,"yes",0.0369963271706834,"Not_significant"
"PTMS","Mock","ZIKV",618.503,519.83,-0.250741,0.00995,"yes",0.0369963271706834,"Not_significant"
"GATAD1","Mock","ZIKV",16.5884,19.8411,0.258314,0.01,"yes",0.0371699669966997,"Not_significant"
"CSNK2A2","Mock","ZIKV",18.9504,23.2331,0.29395,0.01,"yes",0.0371699669966997,"Not_significant"
"ANGPTL2","Mock","ZIKV",2.83852,1.10962,-1.35507,0.01005,"yes",0.0373004201680672,"Down_in_ZIKV"
"INCA1","Mock","ZIKV",1.2943,0.677161,-0.934604,0.01005,"yes",0.0373004201680672,"Not_significant"
"TPM3P9,ZNF761","Mock","ZIKV",3.16077,2.00977,-0.653248,0.01005,"yes",0.0373004201680672,"Not_significant"
"GRB14","Mock","ZIKV",2.62548,1.86199,-0.495734,0.01005,"yes",0.0373004201680672,"Not_significant"
"HGSNAT","Mock","ZIKV",13.0093,10.7827,-0.270822,0.01005,"yes",0.0373004201680672,"Not_significant"
"TPM3","Mock","ZIKV",56.4782,47.5431,-0.24846,0.01005,"yes",0.0373004201680672,"Not_significant"
"SPIN1","Mock","ZIKV",40.2068,33.8894,-0.246605,0.01005,"yes",0.0373004201680672,"Not_significant"
"ZNF623","Mock","ZIKV",10.3025,12.4969,0.27857,0.01005,"yes",0.0373004201680672,"Not_significant"
"COG5","Mock","ZIKV",10.8855,14.5427,0.41789,0.01005,"yes",0.0373004201680672,"Not_significant"
"EPG5","Mock","ZIKV",6.37826,7.62566,0.257698,0.0101,"yes",0.0374674736495389,"Not_significant"
"FHL3","Mock","ZIKV",5.8881,7.76208,0.398641,0.0101,"yes",0.0374674736495389,"Not_significant"
"MAP6D1","Mock","ZIKV",2.15385,3.03683,0.495647,0.0101,"yes",0.0374674736495389,"Not_significant"
"HAPLN2","Mock","ZIKV",1.58281,0.964551,-0.714556,0.01015,"yes",0.037628168202765,"Not_significant"
"DNASE2","Mock","ZIKV",1.92471,1.26581,-0.604578,0.01015,"yes",0.037628168202765,"Not_significant"
"USP32P1","Mock","ZIKV",2.12409,1.53661,-0.467089,0.01015,"yes",0.037628168202765,"Not_significant"
"POLR3C","Mock","ZIKV",11.0247,13.7481,0.318491,0.01015,"yes",0.037628168202765,"Not_significant"
"TEKT1","Mock","ZIKV",0.697294,0.176746,-1.98009,0.0102,"yes",0.0378010858835143,"Down_in_ZIKV"
"MCCC1","Mock","ZIKV",11.2339,9.0928,-0.305065,0.0102,"yes",0.0378010858835143,"Not_significant"
"AGK","Mock","ZIKV",13.8065,11.2902,-0.29027,0.01025,"yes",0.0379614024991779,"Not_significant"
"MED24","Mock","ZIKV",38.1752,31.9969,-0.254704,0.01025,"yes",0.0379614024991779,"Not_significant"
"LRRC37B","Mock","ZIKV",11.988,14.6777,0.292026,0.01025,"yes",0.0379614024991779,"Not_significant"
"TWISTNB","Mock","ZIKV",5.99234,7.40982,0.306318,0.01025,"yes",0.0379614024991779,"Not_significant"
"MINOS1","Mock","ZIKV",9.43249,7.39257,-0.351562,0.0103,"yes",0.0381089848883049,"Not_significant"
"EPHB2","Mock","ZIKV",81.192,68.2723,-0.250037,0.0103,"yes",0.0381089848883049,"Not_significant"
"APC","Mock","ZIKV",13.7037,16.3691,0.256411,0.0103,"yes",0.0381089848883049,"Not_significant"
"BRF2","Mock","ZIKV",8.21059,10.5448,0.360975,0.0103,"yes",0.0381089848883049,"Not_significant"
"GRAMD1B","Mock","ZIKV",1.4045,2.01257,0.518989,0.0103,"yes",0.0381089848883049,"Not_significant"
"CALCRL","Mock","ZIKV",0.59537,0.859129,0.529089,0.0103,"yes",0.0381089848883049,"Not_significant"
"ZDHHC2","Mock","ZIKV",9.82587,11.9027,0.276628,0.01035,"yes",0.0382688361785949,"Not_significant"
"PHACTR3","Mock","ZIKV",7.30121,9.23778,0.339409,0.01035,"yes",0.0382688361785949,"Not_significant"
"PPL","Mock","ZIKV",0.757837,1.05649,0.479321,0.01035,"yes",0.0382688361785949,"Not_significant"
"SSC5D","Mock","ZIKV",0.895774,1.26746,0.500738,0.01035,"yes",0.0382688361785949,"Not_significant"
"DNAJA1","Mock","ZIKV",200.714,169.333,-0.24528,0.0104,"yes",0.0384347826086957,"Not_significant"
"CXXC1","Mock","ZIKV",11.3041,13.8096,0.288823,0.0104,"yes",0.0384347826086957,"Not_significant"
"ZNF564","Mock","ZIKV",2.63723,3.49356,0.405677,0.0104,"yes",0.0384347826086957,"Not_significant"
"EWSR1","Mock","ZIKV",177.005,148.344,-0.254846,0.01045,"yes",0.0386005657592653,"Not_significant"
"SCAF8","Mock","ZIKV",28.554,33.828,0.244527,0.01045,"yes",0.0386005657592653,"Not_significant"
"RARS2","Mock","ZIKV",28.6297,34.5638,0.271746,0.01045,"yes",0.0386005657592653,"Not_significant"
"TMEM140","Mock","ZIKV",3.70313,2.34385,-0.659864,0.0105,"yes",0.0387661858711687,"Not_significant"
"ZDHHC14","Mock","ZIKV",2.06421,1.4435,-0.516018,0.0105,"yes",0.0387661858711687,"Not_significant"
"PPP1R10","Mock","ZIKV",26.9076,31.9451,0.24758,0.0105,"yes",0.0387661858711687,"Not_significant"
"CATSPER2","Mock","ZIKV",1.63588,0.978961,-0.740745,0.01055,"yes",0.0389316431847969,"Not_significant"
"FAM101B","Mock","ZIKV",4.73014,3.71378,-0.348994,0.01055,"yes",0.0389316431847969,"Not_significant"
"ZNF687","Mock","ZIKV",11.4975,14.6983,0.354323,0.01055,"yes",0.0389316431847969,"Not_significant"
"MYLK-AS1","Mock","ZIKV",3.48962,1.03697,-1.7507,0.0106,"yes",0.0390841381568178,"Down_in_ZIKV"
"RBMXL1","Mock","ZIKV",6.15306,4.56378,-0.431074,0.0106,"yes",0.0390841381568178,"Not_significant"
"ZBTB39","Mock","ZIKV",9.58995,11.5136,0.263738,0.0106,"yes",0.0390841381568178,"Not_significant"
"LONP2","Mock","ZIKV",13.4055,17.3293,0.370389,0.0106,"yes",0.0390841381568178,"Not_significant"
"LSM1","Mock","ZIKV",21.797,28.8586,0.404872,0.0106,"yes",0.0390841381568178,"Not_significant"
"CAMK1G","Mock","ZIKV",4.05624,5.27856,0.380002,0.01065,"yes",0.0392556455571919,"Not_significant"
"SLC10A5","Mock","ZIKV",0.276688,0.753935,1.44618,0.01065,"yes",0.0392556455571919,"Up_in_ZIKV"
"ZNF239","Mock","ZIKV",1.124,0.650997,-0.787915,0.0107,"yes",0.0394205920837422,"Not_significant"
"NDUFB6","Mock","ZIKV",35.5869,28.6677,-0.311923,0.0107,"yes",0.0394205920837422,"Not_significant"
"DEPDC7","Mock","ZIKV",1.12656,1.79559,0.672533,0.0107,"yes",0.0394205920837422,"Not_significant"
"RBX1","Mock","ZIKV",63.3412,52.2282,-0.278316,0.01075,"yes",0.0395659722222222,"Not_significant"
"PLEKHO1","Mock","ZIKV",43.4758,36.0448,-0.270422,0.01075,"yes",0.0395659722222222,"Not_significant"
"ATMIN","Mock","ZIKV",22.6596,27.0693,0.256537,0.01075,"yes",0.0395659722222222,"Not_significant"
"MEAF6","Mock","ZIKV",24.4724,29.2623,0.257885,0.01075,"yes",0.0395659722222222,"Not_significant"
"CIRH1A","Mock","ZIKV",15.3294,18.6655,0.284073,0.01075,"yes",0.0395659722222222,"Not_significant"
"SORBS1","Mock","ZIKV",4.88272,6.00529,0.298549,0.01075,"yes",0.0395659722222222,"Not_significant"
"NT5DC2","Mock","ZIKV",96.888,81.2447,-0.254044,0.0108,"yes",0.0397370140476968,"Not_significant"
"HARS2","Mock","ZIKV",15.8679,20.9736,0.402468,0.0108,"yes",0.0397370140476968,"Not_significant"
"PCBD1","Mock","ZIKV",4.45357,2.9681,-0.585426,0.01085,"yes",0.0398818945822454,"Not_significant"
"NPR2","Mock","ZIKV",2.73335,1.98472,-0.46174,0.01085,"yes",0.0398818945822454,"Not_significant"
"SORL1","Mock","ZIKV",12.4949,10.5187,-0.248384,0.01085,"yes",0.0398818945822454,"Not_significant"
"CNN3","Mock","ZIKV",291.248,245.797,-0.244783,0.01085,"yes",0.0398818945822454,"Not_significant"
"HERC2","Mock","ZIKV",15.3016,18.1674,0.247672,0.01085,"yes",0.0398818945822454,"Not_significant"
"PGM2L1","Mock","ZIKV",14.5125,17.2869,0.252385,0.01085,"yes",0.0398818945822454,"Not_significant"
"FAM132A","Mock","ZIKV",1.0084,1.89426,0.90956,0.0109,"yes",0.0400591450481318,"Not_significant"
"CBX3P2","Mock","ZIKV",0.841553,0.370091,-1.18517,0.01095,"yes",0.0402035452322738,"Down_in_ZIKV"
"LRRC43","Mock","ZIKV",0.730853,0.376094,-0.958487,0.01095,"yes",0.0402035452322738,"Not_significant"
"SMIM4","Mock","ZIKV",6.29581,3.26806,-0.945957,0.01095,"yes",0.0402035452322738,"Not_significant"
"FOXP2","Mock","ZIKV",4.97785,3.82564,-0.379822,0.01095,"yes",0.0402035452322738,"Not_significant"
"ADAM22","Mock","ZIKV",9.81472,8.0756,-0.281378,0.01095,"yes",0.0402035452322738,"Not_significant"
"FAM102A","Mock","ZIKV",10.6186,12.8217,0.271993,0.01095,"yes",0.0402035452322738,"Not_significant"
"UCK2","Mock","ZIKV",10.916,9.0569,-0.269353,0.011,"yes",0.0403410941061543,"Not_significant"
"IVNS1ABP","Mock","ZIKV",52.6825,44.3845,-0.247267,0.011,"yes",0.0403410941061543,"Not_significant"
"ATF4","Mock","ZIKV",263.737,313.708,0.250322,0.011,"yes",0.0403410941061543,"Not_significant"
"KIF26A","Mock","ZIKV",9.67644,11.5998,0.261548,0.011,"yes",0.0403410941061543,"Not_significant"
"MED21","Mock","ZIKV",11.6918,14.2512,0.285589,0.011,"yes",0.0403410941061543,"Not_significant"
"KCNN2","Mock","ZIKV",2.66143,3.67326,0.46486,0.011,"yes",0.0403410941061543,"Not_significant"
"ZNF571","Mock","ZIKV",2.60159,4.01937,0.627575,0.011,"yes",0.0403410941061543,"Not_significant"
"SREK1","Mock","ZIKV",35.928,43.8012,0.285862,0.01105,"yes",0.0405178658635846,"Not_significant"
"VAT1L","Mock","ZIKV",7.22477,5.83217,-0.308919,0.0111,"yes",0.0406813374552555,"Not_significant"
"ACVR2B","Mock","ZIKV",28.439,23.9825,-0.245888,0.0111,"yes",0.0406813374552555,"Not_significant"
"NBEAL2","Mock","ZIKV",4.19495,5.25706,0.325602,0.0111,"yes",0.0406813374552555,"Not_significant"
"SNRNP25","Mock","ZIKV",24.1525,19.3558,-0.31941,0.01115,"yes",0.0408512931034483,"Not_significant"
"TATDN3","Mock","ZIKV",8.864,10.9464,0.304429,0.01115,"yes",0.0408512931034483,"Not_significant"
"GRTP1","Mock","ZIKV",2.98745,1.97386,-0.597895,0.0112,"yes",0.0410078023407022,"Not_significant"
"PTP4A3","Mock","ZIKV",5.09033,3.63585,-0.485466,0.0112,"yes",0.0410078023407022,"Not_significant"
"KXD1","Mock","ZIKV",39.2755,32.5889,-0.26925,0.0112,"yes",0.0410078023407022,"Not_significant"
"ANKRD10","Mock","ZIKV",53.7372,63.7872,0.247347,0.0112,"yes",0.0410078023407022,"Not_significant"
"CUEDC1","Mock","ZIKV",20.0716,16.712,-0.264273,0.01125,"yes",0.0411707961007311,"Not_significant"
"TCOF1","Mock","ZIKV",18.0055,15.0226,-0.261305,0.01125,"yes",0.0411707961007311,"Not_significant"
"UBAP1","Mock","ZIKV",18.5405,23.1029,0.317397,0.01125,"yes",0.0411707961007311,"Not_significant"
"HEXDC","Mock","ZIKV",13.1255,8.43936,-0.637161,0.0113,"yes",0.0412933971447112,"Not_significant"
"SIPA1","Mock","ZIKV",3.04508,2.30604,-0.40106,0.0113,"yes",0.0412933971447112,"Not_significant"
"MCTS1","Mock","ZIKV",7.07277,5.88033,-0.266378,0.0113,"yes",0.0412933971447112,"Not_significant"
"PKD2","Mock","ZIKV",19.4394,16.2793,-0.255949,0.0113,"yes",0.0412933971447112,"Not_significant"
"DPY19L3","Mock","ZIKV",28.2759,23.8111,-0.247942,0.0113,"yes",0.0412933971447112,"Not_significant"
"IER2","Mock","ZIKV",162.49,137.191,-0.244165,0.0113,"yes",0.0412933971447112,"Not_significant"
"CSDE1","Mock","ZIKV",190.444,161.213,-0.2404,0.0113,"yes",0.0412933971447112,"Not_significant"
"SEPT7","Mock","ZIKV",51.1685,60.703,0.246513,0.0113,"yes",0.0412933971447112,"Not_significant"
"PCNXL2","Mock","ZIKV",6.80888,8.20292,0.268721,0.0113,"yes",0.0412933971447112,"Not_significant"
"TPI1P2","Mock","ZIKV",0.652426,0.304625,-1.09878,0.01135,"yes",0.0414290633608815,"Down_in_ZIKV"
"MRM1","Mock","ZIKV",1.01395,0.555915,-0.867048,0.01135,"yes",0.0414290633608815,"Not_significant"
"DNAJC19","Mock","ZIKV",14.9605,11.9007,-0.33011,0.01135,"yes",0.0414290633608815,"Not_significant"
"FAM160B1","Mock","ZIKV",9.81662,11.7763,0.262592,0.01135,"yes",0.0414290633608815,"Not_significant"
"ELOVL5","Mock","ZIKV",63.1564,76.1342,0.269615,0.01135,"yes",0.0414290633608815,"Not_significant"
"DTNB","Mock","ZIKV",8.87005,11.0264,0.313951,0.01135,"yes",0.0414290633608815,"Not_significant"
"STARD4","Mock","ZIKV",24.3047,51.9258,1.09522,0.01135,"yes",0.0414290633608815,"Up_in_ZIKV"
"SNHG16","Mock","ZIKV",15.8977,13.0077,-0.28945,0.0114,"yes",0.0415778821243523,"Not_significant"
"ZNF326","Mock","ZIKV",29.3716,35.4072,0.269622,0.0114,"yes",0.0415778821243523,"Not_significant"
"RBCK1","Mock","ZIKV",17.4975,21.1233,0.271683,0.0114,"yes",0.0415778821243523,"Not_significant"
"BROX","Mock","ZIKV",11.9057,14.7867,0.312649,0.0114,"yes",0.0415778821243523,"Not_significant"
"MON1A","Mock","ZIKV",4.99318,6.54232,0.389845,0.0114,"yes",0.0415778821243523,"Not_significant"
"CSPG5","Mock","ZIKV",5.76054,4.41109,-0.385067,0.01145,"yes",0.0417197104496927,"Not_significant"
"DIDO1","Mock","ZIKV",26.2368,21.3732,-0.29579,0.01145,"yes",0.0417197104496927,"Not_significant"
"PLXNB1","Mock","ZIKV",52.1408,44.0713,-0.242572,0.01145,"yes",0.0417197104496927,"Not_significant"
"CHGB","Mock","ZIKV",20.5756,24.6732,0.262014,0.01145,"yes",0.0417197104496927,"Not_significant"
"AQR","Mock","ZIKV",12.4065,14.8917,0.263417,0.01145,"yes",0.0417197104496927,"Not_significant"
"ETS2","Mock","ZIKV",1.037,1.47272,0.506064,0.01145,"yes",0.0417197104496927,"Not_significant"
"FAHD2B","Mock","ZIKV",5.46805,3.91448,-0.482205,0.0115,"yes",0.0418815683104285,"Not_significant"
"ARL6IP4","Mock","ZIKV",62.6818,52.2516,-0.26257,0.0115,"yes",0.0418815683104285,"Not_significant"
"REPS2","Mock","ZIKV",0.698671,0.946367,0.437788,0.0115,"yes",0.0418815683104285,"Not_significant"
"DCAF5","Mock","ZIKV",22.057,26.1379,0.244903,0.01155,"yes",0.0420296849757674,"Not_significant"
"ARL2BP","Mock","ZIKV",32.8585,39.2967,0.258141,0.01155,"yes",0.0420296849757674,"Not_significant"
"C6orf48","Mock","ZIKV",102.307,122.811,0.26354,0.01155,"yes",0.0420296849757674,"Not_significant"
"SLC25A11","Mock","ZIKV",30.4282,36.5721,0.265338,0.01155,"yes",0.0420296849757674,"Not_significant"
"ERCC5","Mock","ZIKV",10.9196,15.6899,0.522921,0.01155,"yes",0.0420296849757674,"Not_significant"
"PDCD6","Mock","ZIKV",53.86,43.8476,-0.296716,0.0116,"yes",0.0421979974160207,"Not_significant"
"FAM188A","Mock","ZIKV",15.6577,18.9878,0.278203,0.0116,"yes",0.0421979974160207,"Not_significant"
"BRWD1-IT2","Mock","ZIKV",0.86736,0.237567,-1.8683,0.01165,"yes",0.0423388593094547,"Down_in_ZIKV"
"AVPR1B","Mock","ZIKV",1.28944,0.734108,-0.812684,0.01165,"yes",0.0423388593094547,"Not_significant"
"PDLIM4","Mock","ZIKV",1.00008,0.588987,-0.763806,0.01165,"yes",0.0423388593094547,"Not_significant"
"TRAF2","Mock","ZIKV",7.28642,5.74122,-0.343852,0.01165,"yes",0.0423388593094547,"Not_significant"
"LOC100506548","Mock","ZIKV",32.4532,27.2903,-0.249974,0.01165,"yes",0.0423388593094547,"Not_significant"
"MLL5","Mock","ZIKV",36.5835,43.2121,0.24024,0.01165,"yes",0.0423388593094547,"Not_significant"
"LOC644656","Mock","ZIKV",2.02168,1.1688,-0.790522,0.0117,"yes",0.0424862969530872,"Not_significant"
"DMXL1","Mock","ZIKV",6.51376,5.43538,-0.261111,0.0117,"yes",0.0424862969530872,"Not_significant"
"ZNF195","Mock","ZIKV",29.2388,24.4575,-0.257611,0.0117,"yes",0.0424862969530872,"Not_significant"
"BAD","Mock","ZIKV",42.7194,56.0788,0.392565,0.0117,"yes",0.0424862969530872,"Not_significant"
"ZNF823","Mock","ZIKV",2.83825,3.80328,0.422242,0.0117,"yes",0.0424862969530872,"Not_significant"
"NSUN7","Mock","ZIKV",4.32412,3.40763,-0.343637,0.01175,"yes",0.0426266306973748,"Not_significant"
"MTCH2","Mock","ZIKV",33.4936,28.1065,-0.252979,0.01175,"yes",0.0426266306973748,"Not_significant"
"NLGN2","Mock","ZIKV",78.1558,65.9535,-0.244902,0.01175,"yes",0.0426266306973748,"Not_significant"
"LSM14B","Mock","ZIKV",42.0277,49.8791,0.247096,0.01175,"yes",0.0426266306973748,"Not_significant"
"RBBP5","Mock","ZIKV",8.55067,10.3713,0.278488,0.01175,"yes",0.0426266306973748,"Not_significant"
"LOC652276","Mock","ZIKV",5.15894,6.53003,0.340014,0.01175,"yes",0.0426266306973748,"Not_significant"
"UHRF2","Mock","ZIKV",18.0928,21.5835,0.254511,0.0118,"yes",0.0428011272141707,"Not_significant"
"AEBP1","Mock","ZIKV",8.3476,6.81474,-0.292702,0.01185,"yes",0.0429686493882807,"Not_significant"
"XPC","Mock","ZIKV",27.1044,32.2754,0.251911,0.01185,"yes",0.0429686493882807,"Not_significant"
"LPHN2","Mock","ZIKV",66.9062,56.5336,-0.243032,0.0119,"yes",0.0431360637270679,"Not_significant"
"WBP5","Mock","ZIKV",48.4579,58.5596,0.273174,0.0119,"yes",0.0431360637270679,"Not_significant"
"LRRC48","Mock","ZIKV",2.08858,1.41017,-0.56665,0.01195,"yes",0.0432894419427469,"Not_significant"
"ZNF17","Mock","ZIKV",3.94507,2.99582,-0.3971,0.01195,"yes",0.0432894419427469,"Not_significant"
"STAG1","Mock","ZIKV",11.3438,9.43552,-0.265725,0.01195,"yes",0.0432894419427469,"Not_significant"
"ARHGEF10","Mock","ZIKV",11.526,9.59456,-0.264598,0.01195,"yes",0.0432894419427469,"Not_significant"
"SLC35E3","Mock","ZIKV",6.22572,4.8428,-0.362398,0.012,"yes",0.0434496061726411,"Not_significant"
"TNKS","Mock","ZIKV",28.1553,33.2083,0.238141,0.012,"yes",0.0434496061726411,"Not_significant"
"ZNF384","Mock","ZIKV",24.4434,29.2156,0.257293,0.012,"yes",0.0434496061726411,"Not_significant"
"DNAJB12","Mock","ZIKV",11.5203,9.42235,-0.290015,0.01205,"yes",0.0436096160025707,"Not_significant"
"GSKIP","Mock","ZIKV",12.7651,15.5922,0.288622,0.01205,"yes",0.0436096160025707,"Not_significant"
"C1orf43","Mock","ZIKV",81.9053,108.329,0.403394,0.01205,"yes",0.0436096160025707,"Not_significant"
"KIDINS220","Mock","ZIKV",68.4072,80.7984,0.240178,0.0121,"yes",0.0437835341365462,"Not_significant"
"SNRNP35","Mock","ZIKV",16.0006,12.3376,-0.375065,0.01215,"yes",0.0439291733547352,"Not_significant"
"SMEK1","Mock","ZIKV",35.8298,42.4019,0.242969,0.01215,"yes",0.0439291733547352,"Not_significant"
"ZEB1","Mock","ZIKV",32.1054,38.1606,0.249271,0.01215,"yes",0.0439291733547352,"Not_significant"
"ZNF287","Mock","ZIKV",4.39403,5.48278,0.31936,0.01215,"yes",0.0439291733547352,"Not_significant"
"LRIG3","Mock","ZIKV",3.46222,4.3822,0.33996,0.01215,"yes",0.0439291733547352,"Not_significant"
"IQCC","Mock","ZIKV",4.90811,3.70373,-0.406186,0.0122,"yes",0.0440887213219958,"Not_significant"
"SPATA2","Mock","ZIKV",5.27346,6.52332,0.306856,0.0122,"yes",0.0440887213219958,"Not_significant"
"RGS7","Mock","ZIKV",0.966159,1.47053,0.606001,0.0122,"yes",0.0440887213219958,"Not_significant"
"KCNK1","Mock","ZIKV",0.993484,0.575002,-0.78893,0.01225,"yes",0.0442552125100241,"Not_significant"
"UCHL1","Mock","ZIKV",365.189,431.195,0.239698,0.01225,"yes",0.0442552125100241,"Not_significant"
"LOC100294362","Mock","ZIKV",4.11554,2.25591,-0.867374,0.0123,"yes",0.0444215969215969,"Not_significant"
"ZSWIM6","Mock","ZIKV",23.1617,27.4103,0.242979,0.0123,"yes",0.0444215969215969,"Not_significant"
"FLVCR1-AS1","Mock","ZIKV",1.65751,0.746835,-1.15015,0.01235,"yes",0.0445664450496636,"Down_in_ZIKV"
"MASP2","Mock","ZIKV",3.68096,2.75682,-0.417078,0.01235,"yes",0.0445664450496636,"Not_significant"
"MSRB1","Mock","ZIKV",9.61546,7.39773,-0.378273,0.01235,"yes",0.0445664450496636,"Not_significant"
"WWP2","Mock","ZIKV",11.741,9.71446,-0.273345,0.01235,"yes",0.0445664450496636,"Not_significant"
"NUDT16L1","Mock","ZIKV",25.0627,30.565,0.286336,0.01235,"yes",0.0445664450496636,"Not_significant"
"TIFA","Mock","ZIKV",1.15777,0.759465,-0.608288,0.0124,"yes",0.0447325432415119,"Not_significant"
"WSCD1","Mock","ZIKV",18.7879,15.8364,-0.246564,0.0124,"yes",0.0447325432415119,"Not_significant"
"LOC253039","Mock","ZIKV",0.659274,0.400309,-0.719763,0.01245,"yes",0.0448913478469665,"Not_significant"
"NIPBL","Mock","ZIKV",22.8508,26.9737,0.239312,0.01245,"yes",0.0448913478469665,"Not_significant"
"RRAGB","Mock","ZIKV",16.8771,20.495,0.280201,0.01245,"yes",0.0448913478469665,"Not_significant"
"NTAN1","Mock","ZIKV",14.1571,10.956,-0.369814,0.0125,"yes",0.0450427931530955,"Not_significant"
"HSDL2","Mock","ZIKV",12.2933,10.1298,-0.279269,0.0125,"yes",0.0450427931530955,"Not_significant"
"XKR7","Mock","ZIKV",4.2685,5.41072,0.342092,0.0125,"yes",0.0450427931530955,"Not_significant"
"MAGI2","Mock","ZIKV",8.87217,11.3465,0.354887,0.0125,"yes",0.0450427931530955,"Not_significant"
"C1orf189","Mock","ZIKV",1.23248,0.272864,-2.17531,0.01255,"yes",0.0452084999200384,"Down_in_ZIKV"
"ARHGAP11B","Mock","ZIKV",4.20621,2.77729,-0.598842,0.01255,"yes",0.0452084999200384,"Not_significant"
"RSU1","Mock","ZIKV",10.1574,12.3254,0.279104,0.0126,"yes",0.0453741007194245,"Not_significant"
"STK10","Mock","ZIKV",2.25223,2.83561,0.332306,0.0126,"yes",0.0453741007194245,"Not_significant"
"MSH5","Mock","ZIKV",5.71745,2.51121,-1.18699,0.0128,"yes",0.0460575079872204,"Down_in_ZIKV"
"CCDC112","Mock","ZIKV",21.6763,26.0925,0.267517,0.0128,"yes",0.0460575079872204,"Not_significant"
"ASXL2","Mock","ZIKV",4.60436,5.57094,0.27492,0.0128,"yes",0.0460575079872204,"Not_significant"
"TMEM182","Mock","ZIKV",0.974016,1.3881,0.511093,0.0128,"yes",0.0460575079872204,"Not_significant"
"KLHDC1","Mock","ZIKV",0.778849,1.20723,0.632288,0.0128,"yes",0.0460575079872204,"Not_significant"
"PLD5","Mock","ZIKV",0.778214,0.467829,-0.734186,0.01285,"yes",0.0462226525071862,"Not_significant"
"ZNF580","Mock","ZIKV",30.9758,25.3096,-0.291458,0.01285,"yes",0.0462226525071862,"Not_significant"
"NSUN4","Mock","ZIKV",4.00253,4.95794,0.308829,0.0129,"yes",0.0463950981957528,"Not_significant"
"CDK4","Mock","ZIKV",55.4117,45.4244,-0.286725,0.01295,"yes",0.0465303477428617,"Not_significant"
"OFD1","Mock","ZIKV",12.5101,10.3281,-0.276521,0.01295,"yes",0.0465303477428617,"Not_significant"
"NEK6","Mock","ZIKV",19.1578,15.8891,-0.269895,0.01295,"yes",0.0465303477428617,"Not_significant"
"HUWE1","Mock","ZIKV",37.4316,44.1649,0.238647,0.01295,"yes",0.0465303477428617,"Not_significant"
"TRAPPC10","Mock","ZIKV",13.6846,16.2253,0.245691,0.01295,"yes",0.0465303477428617,"Not_significant"
"C6orf106","Mock","ZIKV",16.896,20.1765,0.255994,0.01295,"yes",0.0465303477428617,"Not_significant"
"PDLIM2","Mock","ZIKV",4.37983,3.13247,-0.483576,0.013,"yes",0.0466727765380937,"Not_significant"
"C12orf75","Mock","ZIKV",21.2254,17.1726,-0.30568,0.013,"yes",0.0466727765380937,"Not_significant"
"KIFAP3","Mock","ZIKV",27.8279,33.1068,0.250597,0.013,"yes",0.0466727765380937,"Not_significant"
"PEX5","Mock","ZIKV",15.5105,18.5919,0.261435,0.013,"yes",0.0466727765380937,"Not_significant"
"ZNF506","Mock","ZIKV",8.07758,9.8673,0.288732,0.013,"yes",0.0466727765380937,"Not_significant"
"C19orf18","Mock","ZIKV",1.12701,0.377961,-1.57619,0.01305,"yes",0.0468448207171315,"Down_in_ZIKV"
"PCNX","Mock","ZIKV",14.8292,17.4878,0.237907,0.0131,"yes",0.0469943462334767,"Not_significant"
"KIAA2026","Mock","ZIKV",9.78032,11.6214,0.248829,0.0131,"yes",0.0469943462334767,"Not_significant"
"GLTSCR1","Mock","ZIKV",8.5182,10.224,0.263335,0.0131,"yes",0.0469943462334767,"Not_significant"
"KIAA0319","Mock","ZIKV",3.51663,4.33698,0.302499,0.0131,"yes",0.0469943462334767,"Not_significant"
"RIBC1","Mock","ZIKV",2.5599,1.58439,-0.692158,0.01315,"yes",0.0471436813624065,"Not_significant"
"SHQ1","Mock","ZIKV",4.75509,3.71971,-0.354284,0.01315,"yes",0.0471436813624065,"Not_significant"
"RNF38","Mock","ZIKV",35.7511,42.2494,0.240943,0.01315,"yes",0.0471436813624065,"Not_significant"
"ZNF674","Mock","ZIKV",1.2014,1.64313,0.451735,0.01315,"yes",0.0471436813624065,"Not_significant"
"CSAD","Mock","ZIKV",20.0132,15.1699,-0.399743,0.0132,"yes",0.047277786611544,"Not_significant"
"FAM213B","Mock","ZIKV",18.3357,14.8783,-0.301439,0.0132,"yes",0.047277786611544,"Not_significant"
"MALT1","Mock","ZIKV",5.5757,6.79247,0.284784,0.0132,"yes",0.047277786611544,"Not_significant"
"ASGR1","Mock","ZIKV",9.10566,11.5325,0.340864,0.0132,"yes",0.047277786611544,"Not_significant"
"TPD52L1","Mock","ZIKV",2.169,3.21735,0.568841,0.0132,"yes",0.047277786611544,"Not_significant"
"BDNF","Mock","ZIKV",0.48383,0.779319,0.687713,0.0132,"yes",0.047277786611544,"Not_significant"
"GLTPD2","Mock","ZIKV",1.16395,0.562922,-1.04802,0.01325,"yes",0.047441781910666,"Down_in_ZIKV"
"WIBG","Mock","ZIKV",12.7275,16.1814,0.346384,0.01325,"yes",0.047441781910666,"Not_significant"
"GOT2","Mock","ZIKV",49.6677,41.9508,-0.24361,0.0133,"yes",0.0475981093104544,"Not_significant"
"CMPK1","Mock","ZIKV",31.4539,37.3981,0.249727,0.0133,"yes",0.0475981093104544,"Not_significant"
"ACD","Mock","ZIKV",14.9823,18.4552,0.30077,0.0133,"yes",0.0475981093104544,"Not_significant"
"SRP72","Mock","ZIKV",38.6091,45.5254,0.237733,0.01335,"yes",0.0477618726175349,"Not_significant"
"MRPL34","Mock","ZIKV",13.7039,17.4309,0.34706,0.01335,"yes",0.0477618726175349,"Not_significant"
"CLSTN1","Mock","ZIKV",75.3152,63.6042,-0.24382,0.01345,"yes",0.0480890873015873,"Not_significant"
"PBRM1","Mock","ZIKV",36.2349,30.6598,-0.241031,0.01345,"yes",0.0480890873015873,"Not_significant"
"ZNF484","Mock","ZIKV",4.1123,5.12883,0.318685,0.01345,"yes",0.0480890873015873,"Not_significant"
"MAK16","Mock","ZIKV",2.72296,3.96812,0.543279,0.01345,"yes",0.0480890873015873,"Not_significant"
"MITD1","Mock","ZIKV",14.9015,11.462,-0.378598,0.0135,"yes",0.0482601967941597,"Not_significant"
"FAM108A1","Mock","ZIKV",32.1698,38.6227,0.263746,0.01355,"yes",0.0484235681421545,"Not_significant"
"COASY","Mock","ZIKV",19.8795,24.0105,0.272379,0.01355,"yes",0.0484235681421545,"Not_significant"
"PDCL3P4","Mock","ZIKV",1.85758,0.985768,-0.914102,0.0136,"yes",0.0485560310667301,"Not_significant"
"MYH3","Mock","ZIKV",1.12766,0.82573,-0.449596,0.0136,"yes",0.0485560310667301,"Not_significant"
"SPTBN1","Mock","ZIKV",24.8784,29.368,0.239351,0.0136,"yes",0.0485560310667301,"Not_significant"
"TTBK1","Mock","ZIKV",5.37637,6.45143,0.262987,0.0136,"yes",0.0485560310667301,"Not_significant"
"UBASH3B","Mock","ZIKV",1.1676,1.52703,0.387186,0.0136,"yes",0.0485560310667301,"Not_significant"
"BATF3","Mock","ZIKV",0.202628,0.766213,1.91891,0.0136,"yes",0.0485560310667301,"Up_in_ZIKV"
"RBM4","Mock","ZIKV",86.2596,63.4539,-0.442976,0.01365,"yes",0.0487191015686896,"Not_significant"
"SLC36A4","Mock","ZIKV",14.8139,12.1981,-0.28029,0.01365,"yes",0.0487191015686896,"Not_significant"
"TXLNG2P","Mock","ZIKV",16.4578,11.8945,-0.468478,0.0137,"yes",0.0488665874901029,"Not_significant"
"CORO2B","Mock","ZIKV",10.5982,8.65719,-0.291846,0.0137,"yes",0.0488665874901029,"Not_significant"
"IGSF8","Mock","ZIKV",29.257,24.4323,-0.259996,0.0137,"yes",0.0488665874901029,"Not_significant"
"LAMP2","Mock","ZIKV",31.9592,26.8688,-0.250301,0.0137,"yes",0.0488665874901029,"Not_significant"
"TTC37","Mock","ZIKV",31.9514,37.734,0.239986,0.0138,"yes",0.0492076935254076,"Not_significant"
"ABCF2","Mock","ZIKV",16.4029,19.8177,0.272844,0.0138,"yes",0.0492076935254076,"Not_significant"
"SAPCD1","Mock","ZIKV",8.76946,2.14182,-2.03365,0.01385,"yes",0.0493547302641987,"Down_in_ZIKV"
"LRRC37BP1","Mock","ZIKV",12.3491,10.281,-0.264419,0.01385,"yes",0.0493547302641987,"Not_significant"
"LAPTM4B","Mock","ZIKV",102.908,87.5106,-0.233818,0.01385,"yes",0.0493547302641987,"Not_significant"
"RNF25","Mock","ZIKV",13.4894,19.7559,0.550454,0.01385,"yes",0.0493547302641987,"Not_significant"
"UROD","Mock","ZIKV",24.5932,20.1936,-0.284359,0.0139,"yes",0.0495172386525383,"Not_significant"
"ZNF737","Mock","ZIKV",9.43688,11.2252,0.250364,0.0139,"yes",0.0495172386525383,"Not_significant"
"C2orf62","Mock","ZIKV",0.664905,0.243057,-1.45185,0.01395,"yes",0.0496560919721871,"Down_in_ZIKV"
"PEX19","Mock","ZIKV",26.2045,22.0357,-0.249973,0.01395,"yes",0.0496560919721871,"Not_significant"
"SPTBN2","Mock","ZIKV",29.7288,25.2338,-0.236503,0.01395,"yes",0.0496560919721871,"Not_significant"
"KIAA1429","Mock","ZIKV",14.0002,16.8281,0.265421,0.01395,"yes",0.0496560919721871,"Not_significant"
"COX18","Mock","ZIKV",5.39882,6.5969,0.289144,0.01395,"yes",0.0496560919721871,"Not_significant"
"KIAA0825","Mock","ZIKV",0.867003,1.35437,0.643513,0.014,"yes",0.0498261968715437,"Not_significant"
"ZBTB12","Mock","ZIKV",22.5706,18.4822,-0.288307,0.01405,"yes",0.0499804564118762,"Not_significant"
"JARID2","Mock","ZIKV",15.7006,18.6113,0.245363,0.01405,"yes",0.0499804564118762,"Not_significant"
"PPID","Mock","ZIKV",20.361,24.5542,0.270159,0.01405,"yes",0.0499804564118762,"Not_significant"
"MYO19","Mock","ZIKV",8.66368,6.5449,-0.40461,0.0141,"yes",0.0501029342167534,"Not_significant"
"LRRC17","Mock","ZIKV",5.98864,4.5913,-0.383327,0.0141,"yes",0.0501029342167534,"Not_significant"
"POMT2","Mock","ZIKV",13.8938,11.6365,-0.255779,0.0141,"yes",0.0501029342167534,"Not_significant"
"NXN","Mock","ZIKV",49.6937,41.9486,-0.244439,0.0141,"yes",0.0501029342167534,"Not_significant"
"EPB41L1","Mock","ZIKV",15.54,18.4212,0.245379,0.0141,"yes",0.0501029342167534,"Not_significant"
"DAGLB","Mock","ZIKV",13.2582,15.9861,0.269936,0.0141,"yes",0.0501029342167534,"Not_significant"
"KIAA1324","Mock","ZIKV",2.7188,3.35848,0.304835,0.0141,"yes",0.0501029342167534,"Not_significant"
"NANOS3","Mock","ZIKV",1.2627,0.496405,-1.34692,0.01415,"yes",0.0502409757250946,"Not_significant"
"LOC441204","Mock","ZIKV",11.0925,8.80662,-0.332925,0.01415,"yes",0.0502409757250946,"Not_significant"
"ZNF529","Mock","ZIKV",11.4036,9.36822,-0.283648,0.01415,"yes",0.0502409757250946,"Not_significant"
"RANBP3","Mock","ZIKV",26.4844,31.5835,0.254026,0.01415,"yes",0.0502409757250946,"Not_significant"
"TMED8","Mock","ZIKV",8.47306,11.2149,0.404466,0.01415,"yes",0.0502409757250946,"Not_significant"
"MARCH8","Mock","ZIKV",10.1112,12.5468,0.311374,0.0142,"yes",0.0504105594956659,"Not_significant"
"ZFP112","Mock","ZIKV",4.33003,3.43163,-0.335486,0.01425,"yes",0.0505641540642722,"Not_significant"
"ZFP37","Mock","ZIKV",7.42228,9.1451,0.301138,0.01425,"yes",0.0505641540642722,"Not_significant"
"ZNF41","Mock","ZIKV",2.11136,2.73707,0.374461,0.01425,"yes",0.0505641540642722,"Not_significant"
"UPF3B","Mock","ZIKV",23.8891,19.9253,-0.261751,0.01435,"yes",0.0508949378050701,"Not_significant"
"TARBP1","Mock","ZIKV",19.3669,16.3111,-0.247735,0.01435,"yes",0.0508949378050701,"Not_significant"
"LRRC59","Mock","ZIKV",33.6043,40.3892,0.265322,0.01435,"yes",0.0508949378050701,"Not_significant"
"LOC100129534","Mock","ZIKV",1.27263,0.541851,-1.23185,0.0144,"yes",0.0510320956576463,"Not_significant"
"ARPP19","Mock","ZIKV",69.151,58.7677,-0.234726,0.0144,"yes",0.0510320956576463,"Not_significant"
"EIF4B","Mock","ZIKV",121.975,143.192,0.231367,0.0144,"yes",0.0510320956576463,"Not_significant"
"CLPP","Mock","ZIKV",29.014,35.2416,0.280528,0.0144,"yes",0.0510320956576463,"Not_significant"
"MTM1","Mock","ZIKV",4.74036,5.92067,0.320763,0.0144,"yes",0.0510320956576463,"Not_significant"
"ALDH3A2","Mock","ZIKV",13.2436,10.9722,-0.271447,0.01445,"yes",0.0511931818181818,"Not_significant"
"CDK11B","Mock","ZIKV",13.9368,21.8785,0.650611,0.01445,"yes",0.0511931818181818,"Not_significant"
"RRS1","Mock","ZIKV",7.30302,5.64132,-0.372459,0.0145,"yes",0.0513299544240138,"Not_significant"
"GNG5","Mock","ZIKV",136.022,111.711,-0.284076,0.0145,"yes",0.0513299544240138,"Not_significant"
"ATXN7L3","Mock","ZIKV",28.1876,23.8193,-0.24293,0.0145,"yes",0.0513299544240138,"Not_significant"
"MB21D2","Mock","ZIKV",3.01934,3.86605,0.356625,0.0145,"yes",0.0513299544240138,"Not_significant"
"CCDC154","Mock","ZIKV",1.56607,2.26088,0.529731,0.0145,"yes",0.0513299544240138,"Not_significant"
"EFHB","Mock","ZIKV",1.14709,0.745389,-0.621914,0.01455,"yes",0.0514826814326107,"Not_significant"
"HDHD2","Mock","ZIKV",34.1896,28.6999,-0.252509,0.01455,"yes",0.0514826814326107,"Not_significant"
"LINC00693","Mock","ZIKV",0.299192,0.686017,1.19718,0.01455,"yes",0.0514826814326107,"Not_significant"
"ROMO1","Mock","ZIKV",72.7459,54.7217,-0.410754,0.0146,"yes",0.0516352645627257,"Not_significant"
"SNUPN","Mock","ZIKV",7.04068,5.32764,-0.402219,0.0146,"yes",0.0516352645627257,"Not_significant"
"H3F3AP4","Mock","ZIKV",1249.93,1059.23,-0.23884,0.0146,"yes",0.0516352645627257,"Not_significant"
"B3GNT8","Mock","ZIKV",2.06354,1.37743,-0.583139,0.01465,"yes",0.0517795779067943,"Not_significant"
"NUP88","Mock","ZIKV",17.9198,12.2995,-0.542961,0.01465,"yes",0.0517795779067943,"Not_significant"
"ID1","Mock","ZIKV",38.8079,46.813,0.270562,0.01465,"yes",0.0517795779067943,"Not_significant"
"C3orf38","Mock","ZIKV",11.6939,18.7085,0.677939,0.01465,"yes",0.0517795779067943,"Not_significant"
"HELT","Mock","ZIKV",0.820654,0.282396,-1.53905,0.0147,"yes",0.05194,"Not_significant"
"USP13","Mock","ZIKV",7.04944,5.87378,-0.263219,0.0147,"yes",0.05194,"Not_significant"
"APLN","Mock","ZIKV",0.881528,0.558527,-0.658379,0.01475,"yes",0.0521003214677748,"Not_significant"
"NRG3","Mock","ZIKV",3.422,4.32212,0.336896,0.01475,"yes",0.0521003214677748,"Not_significant"
"FAM72A","Mock","ZIKV",1.53856,0.974416,-0.658973,0.0148,"yes",0.0522523510971787,"Not_significant"
"NANP","Mock","ZIKV",2.36382,3.04908,0.367258,0.0148,"yes",0.0522523510971787,"Not_significant"
"LRP5L","Mock","ZIKV",2.63494,3.69694,0.488561,0.0148,"yes",0.0522523510971787,"Not_significant"
"SFMBT2","Mock","ZIKV",2.00289,2.48781,0.312794,0.01485,"yes",0.0524206629055007,"Not_significant"
"MRPS16","Mock","ZIKV",28.9414,23.9817,-0.271203,0.0149,"yes",0.0525642129992169,"Not_significant"
"CALM3","Mock","ZIKV",217.544,185.131,-0.23276,0.0149,"yes",0.0525642129992169,"Not_significant"
"CTR9","Mock","ZIKV",20.721,24.5483,0.24453,0.0149,"yes",0.0525642129992169,"Not_significant"
"CASKIN2","Mock","ZIKV",8.38783,12.3432,0.557346,0.0149,"yes",0.0525642129992169,"Not_significant"
"YBX1","Mock","ZIKV",639.883,545.038,-0.231453,0.01495,"yes",0.0527240879912322,"Not_significant"
"PLAU","Mock","ZIKV",0.695145,1.11854,0.686229,0.01495,"yes",0.0527240879912322,"Not_significant"
"NUP62","Mock","ZIKV",30.7527,25.2761,-0.282937,0.015,"yes",0.0528755868544601,"Not_significant"
"PPM1E","Mock","ZIKV",12.8461,16.1089,0.326522,0.015,"yes",0.0528755868544601,"Not_significant"
"DDI2","Mock","ZIKV",4.66937,6.23595,0.41738,0.015,"yes",0.0528755868544601,"Not_significant"
"FLYWCH2","Mock","ZIKV",20.4193,25.2504,0.306374,0.01505,"yes",0.0530435377875137,"Not_significant"
"SMARCE1","Mock","ZIKV",134.247,114.131,-0.234202,0.0151,"yes",0.0532031127796027,"Not_significant"
"DLGAP1","Mock","ZIKV",2.09385,2.72544,0.380335,0.0151,"yes",0.0532031127796027,"Not_significant"
"EIF3K","Mock","ZIKV",112.097,94.5899,-0.244988,0.0152,"yes",0.0535387021110242,"Not_significant"
"C1orf21","Mock","ZIKV",10.8689,9.18369,-0.243062,0.0152,"yes",0.0535387021110242,"Not_significant"
"ZNF702P","Mock","ZIKV",3.79862,2.91627,-0.38135,0.01525,"yes",0.0536728515625,"Not_significant"
"C1orf123","Mock","ZIKV",29.2191,22.5499,-0.373792,0.01525,"yes",0.0536728515625,"Not_significant"
"L3MBTL3","Mock","ZIKV",8.76833,7.22933,-0.278441,0.01525,"yes",0.0536728515625,"Not_significant"
"NET1","Mock","ZIKV",8.35046,10.0822,0.271889,0.01525,"yes",0.0536728515625,"Not_significant"
"FAM65B","Mock","ZIKV",13.513,16.5231,0.290133,0.01525,"yes",0.0536728515625,"Not_significant"
"ROPN1L","Mock","ZIKV",0.943291,0.369876,-1.35066,0.0153,"yes",0.0537983921323759,"Not_significant"
"DYNLRB2","Mock","ZIKV",4.10783,2.09343,-0.972504,0.0153,"yes",0.0537983921323759,"Not_significant"
"FBXO17","Mock","ZIKV",1.72838,1.16161,-0.5733,0.0153,"yes",0.0537983921323759,"Not_significant"
"ITGA2B","Mock","ZIKV",1.71455,1.22787,-0.481682,0.0153,"yes",0.0537983921323759,"Not_significant"
"STK38L","Mock","ZIKV",11.5475,13.7524,0.252105,0.0153,"yes",0.0537983921323759,"Not_significant"
"TGS1","Mock","ZIKV",7.28445,9.55175,0.390944,0.0153,"yes",0.0537983921323759,"Not_significant"
"SGK494","Mock","ZIKV",8.09424,4.57803,-0.822169,0.01535,"yes",0.0539152892561984,"Not_significant"
"GEMIN8P4","Mock","ZIKV",2.8409,1.96834,-0.529368,0.01535,"yes",0.0539152892561984,"Not_significant"
"LAP3","Mock","ZIKV",11.1444,9.0245,-0.3044,0.01535,"yes",0.0539152892561984,"Not_significant"
"CETN3","Mock","ZIKV",29.8462,24.2638,-0.298741,0.01535,"yes",0.0539152892561984,"Not_significant"
"DMXL2","Mock","ZIKV",20.2957,23.914,0.236683,0.01535,"yes",0.0539152892561984,"Not_significant"
"UBA3","Mock","ZIKV",29.5216,35.2801,0.257084,0.01535,"yes",0.0539152892561984,"Not_significant"
"AMBRA1","Mock","ZIKV",11.6596,13.9453,0.258262,0.01535,"yes",0.0539152892561984,"Not_significant"
"LOC100270804","Mock","ZIKV",1.23425,0.738436,-0.741084,0.0154,"yes",0.0540656172069825,"Not_significant"
"FUNDC2","Mock","ZIKV",25.7129,21.5922,-0.251981,0.0154,"yes",0.0540656172069825,"Not_significant"
"PANK2","Mock","ZIKV",15.396,18.8172,0.289496,0.0154,"yes",0.0540656172069825,"Not_significant"
"ZNF618","Mock","ZIKV",27.7441,23.618,-0.232297,0.01545,"yes",0.054224252103459,"Not_significant"
"LOC100134259","Mock","ZIKV",0.553632,1.14821,1.05239,0.01545,"yes",0.054224252103459,"Not_significant"
"LOC113230","Mock","ZIKV",1.10718,0.567524,-0.964135,0.0155,"yes",0.0543743186419561,"Not_significant"
"NUDT9","Mock","ZIKV",7.90779,6.36909,-0.312188,0.0155,"yes",0.0543743186419561,"Not_significant"
"KDM2B","Mock","ZIKV",21.205,17.9271,-0.242262,0.0155,"yes",0.0543743186419561,"Not_significant"
"C1orf213","Mock","ZIKV",2.41723,1.01229,-1.25574,0.0156,"yes",0.0546995641344956,"Not_significant"
"TMEM159","Mock","ZIKV",4.99528,3.77826,-0.402843,0.0156,"yes",0.0546995641344956,"Not_significant"
"PCDHB13","Mock","ZIKV",3.26213,2.5314,-0.365876,0.0156,"yes",0.0546995641344956,"Not_significant"
"LOC254128","Mock","ZIKV",6.02741,3.04602,-0.984613,0.01565,"yes",0.0548492687101291,"Not_significant"
"ZNF43","Mock","ZIKV",13.7642,11.5788,-0.24943,0.01565,"yes",0.0548492687101291,"Not_significant"
"BPGM","Mock","ZIKV",17.3799,20.9781,0.271462,0.01565,"yes",0.0548492687101291,"Not_significant"
"B9D2","Mock","ZIKV",6.98998,4.44458,-0.653243,0.0157,"yes",0.054998833592535,"Not_significant"
"RNF40","Mock","ZIKV",25.2816,30.1844,0.255718,0.0157,"yes",0.054998833592535,"Not_significant"
"PMS2P3","Mock","ZIKV",3.84013,5.21795,0.442327,0.0157,"yes",0.054998833592535,"Not_significant"
"PRKAR2B","Mock","ZIKV",30.1242,35.5457,0.23875,0.01575,"yes",0.0551654097341005,"Not_significant"
"LOC100505549","Mock","ZIKV",0.770334,0.301157,-1.35497,0.0158,"yes",0.0553147342244327,"Not_significant"
"CCDC90B","Mock","ZIKV",44.9323,53.4276,0.249833,0.0158,"yes",0.0553147342244327,"Not_significant"
"NF2","Mock","ZIKV",6.30621,7.77855,0.302729,0.0158,"yes",0.0553147342244327,"Not_significant"
"TNC","Mock","ZIKV",4.58774,3.8076,-0.2689,0.01585,"yes",0.0554725372902424,"Not_significant"
"ATAD2B","Mock","ZIKV",9.65564,11.4517,0.24612,0.01585,"yes",0.0554725372902424,"Not_significant"
"TMEM9B-AS1","Mock","ZIKV",1.27923,0.623196,-1.03752,0.0159,"yes",0.0556216027333437,"Not_significant"
"KCNC3","Mock","ZIKV",2.76412,2.08356,-0.407772,0.0159,"yes",0.0556216027333437,"Not_significant"
"UBE2R2","Mock","ZIKV",52.3476,44.6028,-0.23099,0.0159,"yes",0.0556216027333437,"Not_significant"
"NOL6","Mock","ZIKV",6.73693,8.11701,0.268857,0.01595,"yes",0.0557791880142835,"Not_significant"
"ABHD8","Mock","ZIKV",7.91001,9.82462,0.312722,0.01595,"yes",0.0557791880142835,"Not_significant"
"CPD","Mock","ZIKV",23.2469,19.7727,-0.23353,0.016,"yes",0.0559193173002327,"Not_significant"
"LIMK2","Mock","ZIKV",13.9941,16.7459,0.258998,0.016,"yes",0.0559193173002327,"Not_significant"
"IFIT5","Mock","ZIKV",6.31314,7.68391,0.283482,0.016,"yes",0.0559193173002327,"Not_significant"
"TBC1D26","Mock","ZIKV",1.07429,1.66945,0.635994,0.016,"yes",0.0559193173002327,"Not_significant"
"SLC25A39","Mock","ZIKV",36.6472,30.6022,-0.260065,0.01605,"yes",0.0560679668114144,"Not_significant"
"STK25","Mock","ZIKV",73.6658,61.7281,-0.255067,0.01605,"yes",0.0560679668114144,"Not_significant"
"NBPF1","Mock","ZIKV",14.0235,11.7937,-0.249831,0.01605,"yes",0.0560679668114144,"Not_significant"
"RWDD4","Mock","ZIKV",13.3097,16.0309,0.268375,0.0161,"yes",0.0562251937984496,"Not_significant"
"DGCR6L","Mock","ZIKV",14.6231,18.1555,0.312154,0.0161,"yes",0.0562251937984496,"Not_significant"
"SAP30L","Mock","ZIKV",8.90837,7.45414,-0.257119,0.01615,"yes",0.0563735859290253,"Not_significant"
"STMN2","Mock","ZIKV",361.651,424.376,0.230746,0.01615,"yes",0.0563735859290253,"Not_significant"
"EHBP1","Mock","ZIKV",22.1006,26.2671,0.249167,0.01615,"yes",0.0563735859290253,"Not_significant"
"DEPDC5","Mock","ZIKV",3.84705,3.09614,-0.313283,0.0162,"yes",0.0565130865727118,"Not_significant"
"RAB13","Mock","ZIKV",31.3868,25.9044,-0.276961,0.0162,"yes",0.0565130865727118,"Not_significant"
"SNRNP200","Mock","ZIKV",86.3898,73.6448,-0.230276,0.0162,"yes",0.0565130865727118,"Not_significant"
"GOLGA8S","Mock","ZIKV",2.02262,2.56154,0.340784,0.0162,"yes",0.0565130865727118,"Not_significant"
"RAC3","Mock","ZIKV",38.5088,31.7599,-0.27798,0.01625,"yes",0.0566699566496362,"Not_significant"
"ARHGAP17","Mock","ZIKV",21.0185,25.0278,0.251871,0.01625,"yes",0.0566699566496362,"Not_significant"
"KIF9","Mock","ZIKV",2.02644,0.827516,-1.29209,0.0163,"yes",0.0568003558168317,"Not_significant"
"HSF2BP","Mock","ZIKV",0.913655,0.504838,-0.855828,0.0163,"yes",0.0568003558168317,"Not_significant"
"ALKBH7","Mock","ZIKV",35.2859,42.1626,0.25687,0.0163,"yes",0.0568003558168317,"Not_significant"
"ZFYVE9","Mock","ZIKV",8.44186,10.1147,0.260815,0.0163,"yes",0.0568003558168317,"Not_significant"
"TRIQK","Mock","ZIKV",8.43193,10.1871,0.272811,0.0163,"yes",0.0568003558168317,"Not_significant"
"ZDHHC8","Mock","ZIKV",12.9768,10.7656,-0.269505,0.01635,"yes",0.0569305534085639,"Not_significant"
"BTBD9","Mock","ZIKV",5.43417,4.5449,-0.257812,0.01635,"yes",0.0569305534085639,"Not_significant"
"BAP1","Mock","ZIKV",30.9713,26.1878,-0.242039,0.01635,"yes",0.0569305534085639,"Not_significant"
"ATP2B1","Mock","ZIKV",20.7027,17.5621,-0.237353,0.01635,"yes",0.0569305534085639,"Not_significant"
"RABGGTB","Mock","ZIKV",19.5896,23.7654,0.278778,0.01635,"yes",0.0569305534085639,"Not_significant"
"SNX19","Mock","ZIKV",21.429,18.1771,-0.237445,0.0164,"yes",0.0570870035543193,"Not_significant"
"CHGA","Mock","ZIKV",13.0792,15.9137,0.282992,0.0164,"yes",0.0570870035543193,"Not_significant"
"PRDM5","Mock","ZIKV",1.20499,0.777595,-0.631926,0.01645,"yes",0.0572080052493438,"Not_significant"
"JRKL","Mock","ZIKV",3.94248,3.08731,-0.352752,0.01645,"yes",0.0572080052493438,"Not_significant"
"OSBPL8","Mock","ZIKV",21.7338,25.5948,0.235912,0.01645,"yes",0.0572080052493438,"Not_significant"
"BACH1","Mock","ZIKV",12.919,15.4008,0.253507,0.01645,"yes",0.0572080052493438,"Not_significant"
"OSGEP","Mock","ZIKV",15.4003,18.7566,0.284436,0.01645,"yes",0.0572080052493438,"Not_significant"
"LOC728407","Mock","ZIKV",5.69855,9.11993,0.678428,0.01645,"yes",0.0572080052493438,"Not_significant"
"ERLEC1","Mock","ZIKV",23.0605,28.8275,0.322028,0.0165,"yes",0.0573641765704584,"Not_significant"
"NPRL2","Mock","ZIKV",12.8893,16.1429,0.324723,0.0165,"yes",0.0573641765704584,"Not_significant"
"DDX11L2","Mock","ZIKV",1.76089,0.707565,-1.31537,0.01655,"yes",0.0574936381863047,"Not_significant"
"MGC16275","Mock","ZIKV",0.626462,0.344577,-0.862402,0.01655,"yes",0.0574936381863047,"Not_significant"
"CHRM4","Mock","ZIKV",2.21048,1.43549,-0.622821,0.01655,"yes",0.0574936381863047,"Not_significant"
"ADNP2","Mock","ZIKV",12.8201,15.2003,0.245699,0.01655,"yes",0.0574936381863047,"Not_significant"
"TTC25","Mock","ZIKV",4.62761,5.94135,0.360524,0.01655,"yes",0.0574936381863047,"Not_significant"
"HOOK2","Mock","ZIKV",5.50809,6.91252,0.327658,0.0166,"yes",0.0576317817509248,"Not_significant"
"FABP3","Mock","ZIKV",7.01124,9.23108,0.39683,0.0166,"yes",0.0576317817509248,"Not_significant"
"XRCC6BP1","Mock","ZIKV",4.22435,5.87831,0.476674,0.0166,"yes",0.0576317817509248,"Not_significant"
"SALL3","Mock","ZIKV",0.422988,0.631307,0.577726,0.0166,"yes",0.0576317817509248,"Not_significant"
"P4HTM","Mock","ZIKV",24.5028,29.2543,0.255703,0.01665,"yes",0.0577964632454924,"Not_significant"
"PPP1R32","Mock","ZIKV",5.33051,3.96249,-0.427867,0.0167,"yes",0.0579521645355107,"Not_significant"
"ATP2B4","Mock","ZIKV",18.9487,16.1145,-0.233733,0.0167,"yes",0.0579521645355107,"Not_significant"
"GLRX5","Mock","ZIKV",49.282,41.2694,-0.255988,0.01675,"yes",0.0581167205791744,"Not_significant"
"ARNTL2","Mock","ZIKV",1.44786,1.12097,-0.369179,0.0168,"yes",0.0582363804247461,"Not_significant"
"ATG4C","Mock","ZIKV",5.16368,4.06236,-0.346082,0.0168,"yes",0.0582363804247461,"Not_significant"
"GPR153","Mock","ZIKV",41.5501,35.3841,-0.231752,0.0168,"yes",0.0582363804247461,"Not_significant"
"LGALSL","Mock","ZIKV",10.8208,12.9125,0.254952,0.0168,"yes",0.0582363804247461,"Not_significant"
"COG7","Mock","ZIKV",12.6569,15.1892,0.263121,0.0168,"yes",0.0582363804247461,"Not_significant"
"VASP","Mock","ZIKV",12.8522,15.5668,0.27646,0.0168,"yes",0.0582363804247461,"Not_significant"
"UROS","Mock","ZIKV",16.3658,13.1931,-0.310897,0.01685,"yes",0.058355819495695,"Not_significant"
"MTUS1","Mock","ZIKV",5.71352,4.62378,-0.305309,0.01685,"yes",0.058355819495695,"Not_significant"
"HMG20A","Mock","ZIKV",18.1976,15.3448,-0.245999,0.01685,"yes",0.058355819495695,"Not_significant"
"CBX1","Mock","ZIKV",148.28,126.701,-0.226892,0.01685,"yes",0.058355819495695,"Not_significant"
"BBS4","Mock","ZIKV",21.0245,25.0886,0.254955,0.01685,"yes",0.058355819495695,"Not_significant"
"ZNF707","Mock","ZIKV",5.2212,6.64006,0.346816,0.01685,"yes",0.058355819495695,"Not_significant"
"LENG9","Mock","ZIKV",5.76185,1.9611,-1.55487,0.0169,"yes",0.058484022123214,"Not_significant"
"TSPAN31","Mock","ZIKV",19.6509,13.2834,-0.564964,0.0169,"yes",0.058484022123214,"Not_significant"
"TMEM143","Mock","ZIKV",2.91128,2.12728,-0.452642,0.0169,"yes",0.058484022123214,"Not_significant"
"FRMD8","Mock","ZIKV",3.85019,3.05371,-0.334367,0.0169,"yes",0.058484022123214,"Not_significant"
"CDC42SE2","Mock","ZIKV",15.8229,18.8278,0.250854,0.0169,"yes",0.058484022123214,"Not_significant"
"SPATA25","Mock","ZIKV",1.90922,0.915368,-1.06056,0.01695,"yes",0.0586480414746544,"Not_significant"
"METTL25","Mock","ZIKV",1.9544,0.95626,-1.03125,0.017,"yes",0.0588029791154791,"Not_significant"
"SEPT8","Mock","ZIKV",24.1956,20.3684,-0.248408,0.017,"yes",0.0588029791154791,"Not_significant"
"AIM2","Mock","ZIKV",1.73631,1.08008,-0.684883,0.01705,"yes",0.0589397252915899,"Not_significant"
"FHL1","Mock","ZIKV",56.3322,47.8506,-0.235424,0.01705,"yes",0.0589397252915899,"Not_significant"
"LARS","Mock","ZIKV",36.4183,42.715,0.23008,0.01705,"yes",0.0589397252915899,"Not_significant"
"NRD1","Mock","ZIKV",60.8825,74.2719,0.286788,0.01705,"yes",0.0589397252915899,"Not_significant"
"RNF213","Mock","ZIKV",5.25194,4.1441,-0.341795,0.0171,"yes",0.059094430806996,"Not_significant"
"PSMB3","Mock","ZIKV",73.9751,61.6136,-0.26379,0.0171,"yes",0.059094430806996,"Not_significant"
"SYT1","Mock","ZIKV",58.4283,68.6481,0.232552,0.01715,"yes",0.0592581300813008,"Not_significant"
"ZNF721","Mock","ZIKV",10.8844,13.6923,0.331103,0.0172,"yes",0.0594126667689005,"Not_significant"
"CXCL3","Mock","ZIKV",0.312412,0.812203,1.37839,0.0172,"yes",0.0594126667689005,"Not_significant"
"TCP10L","Mock","ZIKV",4.10993,3.17756,-0.371195,0.01725,"yes",0.0595488505747126,"Not_significant"
"NIF3L1","Mock","ZIKV",15.7006,12.7098,-0.304875,0.01725,"yes",0.0595488505747126,"Not_significant"
"MPC1","Mock","ZIKV",17.8726,22.2368,0.315201,0.01725,"yes",0.0595488505747126,"Not_significant"
"ACOT9","Mock","ZIKV",2.09411,2.96409,0.501253,0.01725,"yes",0.0595488505747126,"Not_significant"
"BDH1","Mock","ZIKV",1.40229,0.992947,-0.497996,0.0173,"yes",0.0596848675141676,"Not_significant"
"TOR2A","Mock","ZIKV",25.6569,21.1421,-0.279224,0.0173,"yes",0.0596848675141676,"Not_significant"
"PSMC3","Mock","ZIKV",61.2994,51.8402,-0.241802,0.0173,"yes",0.0596848675141676,"Not_significant"
"ZNF556","Mock","ZIKV",0.314248,0.693148,1.14126,0.0173,"yes",0.0596848675141676,"Not_significant"
"HADH","Mock","ZIKV",17.1323,14.1517,-0.275745,0.01735,"yes",0.0597841135077253,"Not_significant"
"C9orf16","Mock","ZIKV",60.2336,49.8347,-0.273418,0.01735,"yes",0.0597841135077253,"Not_significant"
"APH1A","Mock","ZIKV",52.4298,44.3172,-0.242521,0.01735,"yes",0.0597841135077253,"Not_significant"
"B4GALT5","Mock","ZIKV",25.7465,21.8218,-0.238605,0.01735,"yes",0.0597841135077253,"Not_significant"
"CADM2","Mock","ZIKV",8.92511,10.5046,0.235073,0.01735,"yes",0.0597841135077253,"Not_significant"
"FAM50A","Mock","ZIKV",59.9933,70.9139,0.241267,0.01735,"yes",0.0597841135077253,"Not_significant"
"GRHPR","Mock","ZIKV",53.5648,63.5392,0.246361,0.01735,"yes",0.0597841135077253,"Not_significant"
"FAM174A","Mock","ZIKV",4.55367,6.18894,0.442664,0.01735,"yes",0.0597841135077253,"Not_significant"
"NEK5","Mock","ZIKV",0.762596,0.466974,-0.707577,0.0174,"yes",0.0599380639241474,"Not_significant"
"GALM","Mock","ZIKV",2.93118,2.17552,-0.43012,0.0174,"yes",0.0599380639241474,"Not_significant"
"ZNF69","Mock","ZIKV",15.5197,12.6732,-0.29232,0.01745,"yes",0.0600919201956887,"Not_significant"
"PPP1R21","Mock","ZIKV",9.99932,12.1043,0.275618,0.01745,"yes",0.0600919201956887,"Not_significant"
"FAM163B","Mock","ZIKV",0.625571,0.168718,-1.89056,0.0175,"yes",0.0602180721051024,"Not_significant"
"EFCAB4A","Mock","ZIKV",3.50845,2.55497,-0.457525,0.0175,"yes",0.0602180721051024,"Not_significant"
"DCAF13","Mock","ZIKV",18.4916,14.731,-0.328015,0.0175,"yes",0.0602180721051024,"Not_significant"
"FBXO34","Mock","ZIKV",7.48863,9.12968,0.285861,0.0175,"yes",0.0602180721051024,"Not_significant"
"PCP4L1","Mock","ZIKV",6.54635,8.48205,0.37372,0.0175,"yes",0.0602180721051024,"Not_significant"
"SLC22A5","Mock","ZIKV",1.214,0.783872,-0.63108,0.01755,"yes",0.0603532442748092,"Not_significant"
"NIT1","Mock","ZIKV",22.9017,16.3727,-0.484168,0.01755,"yes",0.0603532442748092,"Not_significant"
"TRIM24","Mock","ZIKV",52.7683,61.7765,0.227387,0.01755,"yes",0.0603532442748092,"Not_significant"
"NFKBIZ","Mock","ZIKV",1.26113,2.27039,0.848216,0.01755,"yes",0.0603532442748092,"Not_significant"
"ADAMTS13","Mock","ZIKV",2.67571,1.77597,-0.591315,0.0176,"yes",0.0604882514494965,"Not_significant"
"CCDC102B","Mock","ZIKV",1.54516,1.0684,-0.532294,0.0176,"yes",0.0604882514494965,"Not_significant"
"GCA","Mock","ZIKV",6.18337,4.99673,-0.30741,0.0176,"yes",0.0604882514494965,"Not_significant"
"PITPNA","Mock","ZIKV",38.036,32.2708,-0.237139,0.0176,"yes",0.0604882514494965,"Not_significant"
"CDC25C","Mock","ZIKV",11.937,9.70282,-0.29896,0.01765,"yes",0.0606508390541571,"Not_significant"
"FUOM","Mock","ZIKV",3.43425,1.88838,-0.862843,0.0177,"yes",0.0607948307410796,"Not_significant"
"AMOTL1","Mock","ZIKV",12.8002,10.8985,-0.232034,0.0177,"yes",0.0607948307410796,"Not_significant"
"PLCH1","Mock","ZIKV",20.3186,23.8304,0.230005,0.0177,"yes",0.0607948307410796,"Not_significant"
"THTPA","Mock","ZIKV",15.31,8.70272,-0.814937,0.01775,"yes",0.0608922860188852,"Not_significant"
"MTMR11","Mock","ZIKV",0.790069,0.467157,-0.758071,0.01775,"yes",0.0608922860188852,"Not_significant"
"FHOD3","Mock","ZIKV",23.7207,18.4095,-0.365697,0.01775,"yes",0.0608922860188852,"Not_significant"
"PAQR3","Mock","ZIKV",22.4434,18.9903,-0.241023,0.01775,"yes",0.0608922860188852,"Not_significant"
"PLXNA3","Mock","ZIKV",29.3492,34.3561,0.227246,0.01775,"yes",0.0608922860188852,"Not_significant"
"PPP1R12B","Mock","ZIKV",5.46057,6.53349,0.258802,0.01775,"yes",0.0608922860188852,"Not_significant"
"ADAMTS10","Mock","ZIKV",7.93741,9.53701,0.264869,0.01775,"yes",0.0608922860188852,"Not_significant"
"FAM134C","Mock","ZIKV",18.0531,22.2043,0.298594,0.01775,"yes",0.0608922860188852,"Not_significant"
"TNPO2","Mock","ZIKV",43.0108,50.408,0.228955,0.0178,"yes",0.0610545149992386,"Not_significant"
"IPO7","Mock","ZIKV",38.8362,33.1093,-0.230169,0.01785,"yes",0.0612073755518344,"Not_significant"
"SYN3","Mock","ZIKV",2.99707,4.69007,0.646054,0.01785,"yes",0.0612073755518344,"Not_significant"
"TEX15","Mock","ZIKV",0.621251,0.45796,-0.439954,0.01795,"yes",0.0615315401004413,"Not_significant"
"SGK196","Mock","ZIKV",4.85895,6.33954,0.383734,0.01795,"yes",0.0615315401004413,"Not_significant"
"KDM5B-AS1","Mock","ZIKV",8.9169,6.35466,-0.488727,0.018,"yes",0.0616560218978102,"Not_significant"
"ROCK1","Mock","ZIKV",16.0976,18.9043,0.23187,0.018,"yes",0.0616560218978102,"Not_significant"
"LMO2","Mock","ZIKV",28.4702,34.0576,0.258522,0.018,"yes",0.0616560218978102,"Not_significant"
"CHM","Mock","ZIKV",6.15703,7.48936,0.282609,0.018,"yes",0.0616560218978102,"Not_significant"
"CADPS2","Mock","ZIKV",3.04759,3.75439,0.300908,0.018,"yes",0.0616560218978102,"Not_significant"
"PKD1","Mock","ZIKV",35.4158,42.4783,0.262332,0.01805,"yes",0.0618178880948761,"Not_significant"
"MPHOSPH9","Mock","ZIKV",9.88777,8.19983,-0.270051,0.0181,"yes",0.0619702842377261,"Not_significant"
"EPB41L5","Mock","ZIKV",17.3721,20.4277,0.233752,0.0181,"yes",0.0619702842377261,"Not_significant"
"BEX1","Mock","ZIKV",102.411,86.298,-0.246973,0.01815,"yes",0.0621320288753799,"Not_significant"
"NOXO1","Mock","ZIKV",0.79042,0.411587,-0.941421,0.0182,"yes",0.062274798723986,"Not_significant"
"SMARCD3","Mock","ZIKV",60.5022,71.2569,0.236043,0.0182,"yes",0.062274798723986,"Not_significant"
"TSHZ1","Mock","ZIKV",4.17286,5.11041,0.292404,0.0182,"yes",0.062274798723986,"Not_significant"
"TM9SF1","Mock","ZIKV",17.5602,14.6147,-0.264891,0.01825,"yes",0.0624269172361427,"Not_significant"
"MUM1","Mock","ZIKV",23.1518,19.6403,-0.237308,0.01825,"yes",0.0624269172361427,"Not_significant"
"ACTA1","Mock","ZIKV",1.38101,0.828234,-0.737609,0.0183,"yes",0.0625884451867598,"Not_significant"
"ANXA9","Mock","ZIKV",1.57887,1.01126,-0.64274,0.01835,"yes",0.0627213581183612,"Not_significant"
"TAGLN3","Mock","ZIKV",411.403,351.349,-0.227648,0.01835,"yes",0.0627213581183612,"Not_significant"
"NDFIP1","Mock","ZIKV",65.549,76.8853,0.230135,0.01835,"yes",0.0627213581183612,"Not_significant"
"ZNF585A","Mock","ZIKV",3.1846,3.96987,0.317976,0.01835,"yes",0.0627213581183612,"Not_significant"
"IFT20","Mock","ZIKV",24.8181,15.6991,-0.660712,0.0184,"yes",0.0628636432580009,"Not_significant"
"INSIG2","Mock","ZIKV",10.6191,12.8353,0.273452,0.0184,"yes",0.0628636432580009,"Not_significant"
"PARS2","Mock","ZIKV",1.28659,1.84272,0.518282,0.0184,"yes",0.0628636432580009,"Not_significant"
"HSPA1B","Mock","ZIKV",10.3849,12.6059,0.279613,0.01845,"yes",0.0630153525398029,"Not_significant"
"CNIH4","Mock","ZIKV",43.5549,53.232,0.289459,0.01845,"yes",0.0630153525398029,"Not_significant"
"SPAG1","Mock","ZIKV",2.82131,2.19392,-0.362852,0.0185,"yes",0.0631669698347734,"Not_significant"
"NSMF","Mock","ZIKV",35.9729,30.5646,-0.23505,0.0185,"yes",0.0631669698347734,"Not_significant"
"RELL1","Mock","ZIKV",1.96154,1.4255,-0.460517,0.01855,"yes",0.0632993107104984,"Not_significant"
"ZNF592","Mock","ZIKV",9.39977,11.0455,0.232757,0.01855,"yes",0.0632993107104984,"Not_significant"
"C5orf42","Mock","ZIKV",6.84751,8.07062,0.237101,0.01855,"yes",0.0632993107104984,"Not_significant"
"KIN","Mock","ZIKV",3.82679,4.78224,0.321549,0.01855,"yes",0.0632993107104984,"Not_significant"
"SCFD2","Mock","ZIKV",2.21641,1.65313,-0.42303,0.0186,"yes",0.0634122899954594,"Not_significant"
"KIF17","Mock","ZIKV",3.42405,2.69265,-0.346676,0.0186,"yes",0.0634122899954594,"Not_significant"
"ANKRD32","Mock","ZIKV",17.3834,14.6625,-0.245579,0.0186,"yes",0.0634122899954594,"Not_significant"
"NPEPPS","Mock","ZIKV",33.6072,39.2796,0.225009,0.0186,"yes",0.0634122899954594,"Not_significant"
"PHACTR1","Mock","ZIKV",6.2851,7.92974,0.335337,0.0186,"yes",0.0634122899954594,"Not_significant"
"PRH1-PRR4","Mock","ZIKV",3.77333,7.63664,1.0171,0.0186,"yes",0.0634122899954594,"Not_significant"
"NT5C","Mock","ZIKV",27.7958,21.7912,-0.351119,0.01865,"yes",0.0635346718088324,"Not_significant"
"AGPAT5","Mock","ZIKV",20.1197,17.1319,-0.231922,0.01865,"yes",0.0635346718088324,"Not_significant"
"EIF4G1","Mock","ZIKV",51.0784,59.7426,0.226048,0.01865,"yes",0.0635346718088324,"Not_significant"
"UBP1","Mock","ZIKV",27.9658,32.94,0.236176,0.01865,"yes",0.0635346718088324,"Not_significant"
"WDR20","Mock","ZIKV",11.2493,13.6119,0.275033,0.01865,"yes",0.0635346718088324,"Not_significant"
"LOC100506071","Mock","ZIKV",1.83798,0.935998,-0.973545,0.0187,"yes",0.0636664903264813,"Not_significant"
"AKR1A1","Mock","ZIKV",48.8074,41.2249,-0.243585,0.0187,"yes",0.0636664903264813,"Not_significant"
"MAFK","Mock","ZIKV",6.29053,7.95846,0.339307,0.0187,"yes",0.0636664903264813,"Not_significant"
"ARNTL","Mock","ZIKV",1.44901,2.00335,0.467341,0.0187,"yes",0.0636664903264813,"Not_significant"
"ATP6V1D","Mock","ZIKV",30.3659,36.0893,0.249121,0.01875,"yes",0.0638077881855265,"Not_significant"
"NBPF10","Mock","ZIKV",2.78725,3.35199,0.266177,0.01875,"yes",0.0638077881855265,"Not_significant"
"C2orf49","Mock","ZIKV",10.537,13.6875,0.377403,0.01875,"yes",0.0638077881855265,"Not_significant"
"ERMP1","Mock","ZIKV",4.11219,3.35825,-0.292198,0.0188,"yes",0.0639393024309225,"Not_significant"
"SNX3","Mock","ZIKV",45.3265,53.7157,0.24499,0.0188,"yes",0.0639393024309225,"Not_significant"
"NRXN3","Mock","ZIKV",2.27027,2.76329,0.283521,0.0188,"yes",0.0639393024309225,"Not_significant"
"LAMB2P1","Mock","ZIKV",2.18955,3.11335,0.507833,0.0188,"yes",0.0639393024309225,"Not_significant"
"H1F0","Mock","ZIKV",53.4042,45.53,-0.230134,0.01885,"yes",0.06409,"Not_significant"
"NT5C3","Mock","ZIKV",24.4593,29.2144,0.256297,0.01885,"yes",0.06409,"Not_significant"
"CTSZ","Mock","ZIKV",1.31299,0.764232,-0.780778,0.0189,"yes",0.0642309143029571,"Not_significant"
"MGME1","Mock","ZIKV",13.3746,11.0387,-0.276924,0.0189,"yes",0.0642309143029571,"Not_significant"
"AHI1","Mock","ZIKV",12.0336,10.1274,-0.248808,0.0189,"yes",0.0642309143029571,"Not_significant"
"NEDD1","Mock","ZIKV",11.862,14.1543,0.254898,0.01895,"yes",0.0643911223412279,"Not_significant"
"DCAF17","Mock","ZIKV",6.74474,8.34441,0.307047,0.019,"yes",0.064551282051282,"Not_significant"
"SHISA9","Mock","ZIKV",6.13728,5.10262,-0.26636,0.01905,"yes",0.0647113934549842,"Not_significant"
"LIMK1","Mock","ZIKV",34.6287,29.3831,-0.236985,0.0191,"yes",0.0648616764661541,"Not_significant"
"IFT52","Mock","ZIKV",42.1092,49.7259,0.239864,0.0191,"yes",0.0648616764661541,"Not_significant"
"SNRPA1","Mock","ZIKV",34.5205,41.5002,0.265664,0.01915,"yes",0.0650118688771665,"Not_significant"
"LOC100134229","Mock","ZIKV",0.50002,0.838284,0.745452,0.01915,"yes",0.0650118688771665,"Not_significant"
"CRHR1-IT1","Mock","ZIKV",10.6565,7.21807,-0.562045,0.0192,"yes",0.0651619707699262,"Not_significant"
"HINT1","Mock","ZIKV",287.634,244.925,-0.231896,0.0192,"yes",0.0651619707699262,"Not_significant"
"LOC100129083","Mock","ZIKV",2.41317,0.227106,-3.4095,0.0193,"yes",0.0654816237385148,"Not_significant"
"SART3","Mock","ZIKV",20.0844,23.6014,0.232794,0.0193,"yes",0.0654816237385148,"Not_significant"
"PIH1D2","Mock","ZIKV",4.86102,2.26676,-1.10063,0.01935,"yes",0.0656216124661247,"Not_significant"
"SYTL3","Mock","ZIKV",0.759152,0.456986,-0.732239,0.01935,"yes",0.0656216124661247,"Not_significant"
"CRYGS","Mock","ZIKV",1.8902,3.11058,0.718646,0.01935,"yes",0.0656216124661247,"Not_significant"
"GSDMB","Mock","ZIKV",10.4325,8.34643,-0.32186,0.0194,"yes",0.0657515798976828,"Not_significant"
"LRRIQ1","Mock","ZIKV",3.46565,2.79994,-0.307731,0.0194,"yes",0.0657515798976828,"Not_significant"
"ZNF334","Mock","ZIKV",13.2206,11.0856,-0.254104,0.0194,"yes",0.0657515798976828,"Not_significant"
"AP1S2","Mock","ZIKV",22.5748,26.7702,0.245917,0.0194,"yes",0.0657515798976828,"Not_significant"
"RALA","Mock","ZIKV",24.6972,29.1616,0.239721,0.01945,"yes",0.0659012108904934,"Not_significant"
"ZNF280C","Mock","ZIKV",6.81576,8.17207,0.261827,0.01945,"yes",0.0659012108904934,"Not_significant"
"RNF145","Mock","ZIKV",48.1927,41.1645,-0.227412,0.0195,"yes",0.0660507518796992,"Not_significant"
"SMC5","Mock","ZIKV",15.9572,18.7473,0.232476,0.0195,"yes",0.0660507518796992,"Not_significant"
"IL17RC","Mock","ZIKV",0.78825,0.47509,-0.730452,0.01955,"yes",0.0662002029464823,"Not_significant"
"SLC35F6","Mock","ZIKV",7.37554,8.85528,0.263791,0.01955,"yes",0.0662002029464823,"Not_significant"
"ROR1","Mock","ZIKV",2.07825,1.51271,-0.458235,0.0196,"yes",0.0663097026133974,"Not_significant"
"MGRN1","Mock","ZIKV",27.234,32.0751,0.236042,0.0196,"yes",0.0663097026133974,"Not_significant"
"ZNF697","Mock","ZIKV",9.90905,11.781,0.249639,0.0196,"yes",0.0663097026133974,"Not_significant"
"EGLN2","Mock","ZIKV",27.1531,32.9766,0.280327,0.0196,"yes",0.0663097026133974,"Not_significant"
"FBXO41","Mock","ZIKV",1.89909,2.3553,0.310599,0.0196,"yes",0.0663097026133974,"Not_significant"
"ZNF283","Mock","ZIKV",1.96832,2.65232,0.430293,0.0196,"yes",0.0663097026133974,"Not_significant"
"COA6","Mock","ZIKV",15.178,19.6445,0.372144,0.01965,"yes",0.066448919081219,"Not_significant"
"SRP19","Mock","ZIKV",22.5133,30.676,0.446335,0.01965,"yes",0.066448919081219,"Not_significant"
"NETO1","Mock","ZIKV",1.43913,2.02357,0.491711,0.01965,"yes",0.066448919081219,"Not_significant"
"RAD51D","Mock","ZIKV",3.78057,2.21618,-0.77053,0.0197,"yes",0.0665880102040816,"Not_significant"
"ZNF93","Mock","ZIKV",6.61279,5.33564,-0.309597,0.0197,"yes",0.0665880102040816,"Not_significant"
"HIST1H3E","Mock","ZIKV",2.04609,4.05574,0.987091,0.0197,"yes",0.0665880102040816,"Not_significant"
"PANX1","Mock","ZIKV",23.1243,19.5217,-0.244329,0.01975,"yes",0.0667369861986199,"Not_significant"
"GRIA2","Mock","ZIKV",8.82549,10.4948,0.249921,0.01975,"yes",0.0667369861986199,"Not_significant"
"PTCHD1","Mock","ZIKV",0.519566,0.75053,0.530604,0.0198,"yes",0.0668959052047398,"Not_significant"
"LOC643669","Mock","ZIKV",1.51829,0.823293,-0.88297,0.01985,"yes",0.0670246214960276,"Not_significant"
"TMEM160","Mock","ZIKV",28.5695,22.6533,-0.334755,0.01985,"yes",0.0670246214960276,"Not_significant"
"ADAT1","Mock","ZIKV",6.6952,5.4813,-0.288607,0.01985,"yes",0.0670246214960276,"Not_significant"
"KIAA1958","Mock","ZIKV",10.5535,12.7191,0.269276,0.01985,"yes",0.0670246214960276,"Not_significant"
"C16orf52","Mock","ZIKV",6.78446,5.62894,-0.269371,0.0199,"yes",0.067163245430027,"Not_significant"
"COL9A1","Mock","ZIKV",14.1988,11.8796,-0.257282,0.0199,"yes",0.067163245430027,"Not_significant"
"COX10","Mock","ZIKV",4.76468,6.16626,0.372017,0.0199,"yes",0.067163245430027,"Not_significant"
"ZNF677","Mock","ZIKV",2.65262,2.03713,-0.38088,0.01995,"yes",0.0673118259436788,"Not_significant"
"HIGD1A","Mock","ZIKV",45.0696,38.4148,-0.230492,0.01995,"yes",0.0673118259436788,"Not_significant"
"ARHGEF18","Mock","ZIKV",10.6128,12.5241,0.2389,0.02,"yes",0.0674603174603175,"Not_significant"
"SUPT3H","Mock","ZIKV",6.86846,8.24975,0.264364,0.02,"yes",0.0674603174603175,"Not_significant"
"ZC3H6","Mock","ZIKV",3.66752,4.35746,0.248683,0.0201,"yes",0.0677874681838599,"Not_significant"
"PCDHB16","Mock","ZIKV",2.0457,1.58472,-0.368366,0.02015,"yes",0.0679255836575876,"Not_significant"
"RPLP0","Mock","ZIKV",1287.07,1101.56,-0.224535,0.02015,"yes",0.0679255836575876,"Not_significant"
"ZNF624","Mock","ZIKV",3.18272,3.94619,0.310198,0.02015,"yes",0.0679255836575876,"Not_significant"
"CTU2","Mock","ZIKV",6.17531,7.99141,0.371938,0.0202,"yes",0.0680737582286056,"Not_significant"
"ZBED6","Mock","ZIKV",7.1666,12.1236,0.758452,0.0202,"yes",0.0680737582286056,"Not_significant"
"DPY19L2P4","Mock","ZIKV",1.20028,0.74368,-0.690614,0.02025,"yes",0.0682014428827751,"Not_significant"
"SHH","Mock","ZIKV",4.41416,3.26031,-0.437129,0.02025,"yes",0.0682014428827751,"Not_significant"
"CCP110","Mock","ZIKV",12.2448,14.4885,0.242735,0.02025,"yes",0.0682014428827751,"Not_significant"
"WWOX","Mock","ZIKV",6.47402,7.99436,0.304321,0.02025,"yes",0.0682014428827751,"Not_significant"
"C10orf76","Mock","ZIKV",8.90283,10.6119,0.253344,0.0203,"yes",0.0683391869675684,"Not_significant"
"RBM34","Mock","ZIKV",16.4894,20.3992,0.306976,0.0203,"yes",0.0683391869675684,"Not_significant"
"TXNDC5","Mock","ZIKV",29.3965,37.0802,0.335003,0.0203,"yes",0.0683391869675684,"Not_significant"
"PUS10","Mock","ZIKV",1.08745,1.88817,0.796034,0.02035,"yes",0.0684972728631201,"Not_significant"
"DDX1","Mock","ZIKV",58.6882,68.6599,0.226398,0.0204,"yes",0.0686245519713262,"Not_significant"
"ANKRD13D","Mock","ZIKV",19.6547,23.3811,0.250465,0.0204,"yes",0.0686245519713262,"Not_significant"
"UTP11L","Mock","ZIKV",13.3951,16.1434,0.269245,0.0204,"yes",0.0686245519713262,"Not_significant"
"HRK","Mock","ZIKV",0.554578,1.01016,0.865129,0.0204,"yes",0.0686245519713262,"Not_significant"
"SGOL1","Mock","ZIKV",4.91332,3.76885,-0.382574,0.02045,"yes",0.0687516791044776,"Not_significant"
"SNX10","Mock","ZIKV",5.34567,4.20667,-0.345693,0.02045,"yes",0.0687516791044776,"Not_significant"
"TRAM1L1","Mock","ZIKV",6.40986,5.05904,-0.34143,0.02045,"yes",0.0687516791044776,"Not_significant"
"SGSM1","Mock","ZIKV",1.29181,1.6644,0.365606,0.02045,"yes",0.0687516791044776,"Not_significant"
"SMKR1","Mock","ZIKV",1.10568,0.53357,-1.05119,0.0205,"yes",0.0688992091912862,"Not_significant"
"GNAI1","Mock","ZIKV",16.2683,19.2313,0.241395,0.0205,"yes",0.0688992091912862,"Not_significant"
"C9orf9","Mock","ZIKV",8.37196,5.96906,-0.488062,0.02055,"yes",0.0690569521109951,"Not_significant"
"EIF4G2","Mock","ZIKV",451.777,527.035,0.222289,0.02065,"yes",0.0693722967934377,"Not_significant"
"MYH7B","Mock","ZIKV",0.590815,1.3747,1.21834,0.02065,"yes",0.0693722967934377,"Not_significant"
"TRIM44","Mock","ZIKV",32.802,28.0952,-0.223462,0.0207,"yes",0.0695195318324139,"Not_significant"
"PPP1R7","Mock","ZIKV",28.6103,34.2548,0.259771,0.0207,"yes",0.0695195318324139,"Not_significant"
"LTB4R","Mock","ZIKV",2.19099,1.40862,-0.637301,0.02075,"yes",0.0696562965722802,"Not_significant"
"TGM1","Mock","ZIKV",1.02929,0.676389,-0.60572,0.02075,"yes",0.0696562965722802,"Not_significant"
"CDHR5","Mock","ZIKV",0.429206,0.689057,0.682955,0.02075,"yes",0.0696562965722802,"Not_significant"
"PMCH","Mock","ZIKV",4.07632,1.34158,-1.60333,0.02085,"yes",0.0699294594997022,"Not_significant"
"SLC2A10","Mock","ZIKV",1.51924,1.12303,-0.435953,0.02085,"yes",0.0699294594997022,"Not_significant"
"APEX2","Mock","ZIKV",4.46465,3.4208,-0.384213,0.02085,"yes",0.0699294594997022,"Not_significant"
"DHX57","Mock","ZIKV",13.5598,15.9909,0.237921,0.02085,"yes",0.0699294594997022,"Not_significant"
"RBM48","Mock","ZIKV",9.07118,11.2077,0.30513,0.02085,"yes",0.0699294594997022,"Not_significant"
"EOGT","Mock","ZIKV",1.09906,1.4925,0.441465,0.02085,"yes",0.0699294594997022,"Not_significant"
"UBE2Z","Mock","ZIKV",19.3048,22.8249,0.241652,0.0209,"yes",0.0700867202620217,"Not_significant"
"SLC25A5","Mock","ZIKV",140.507,119.943,-0.228293,0.02095,"yes",0.0702125799732183,"Not_significant"
"SMIM13","Mock","ZIKV",10.5152,12.4401,0.242525,0.02095,"yes",0.0702125799732183,"Not_significant"
"TANC1","Mock","ZIKV",2.70789,3.2975,0.284202,0.02095,"yes",0.0702125799732183,"Not_significant"
"HYDIN","Mock","ZIKV",4.14791,5.29414,0.352013,0.02095,"yes",0.0702125799732183,"Not_significant"
"MGAT5B","Mock","ZIKV",7.329,6.05675,-0.275073,0.02105,"yes",0.0705267365759334,"Not_significant"
"DUSP16","Mock","ZIKV",17.2816,20.2015,0.225231,0.02105,"yes",0.0705267365759334,"Not_significant"
"ZNF471","Mock","ZIKV",6.22881,5.1688,-0.269127,0.0211,"yes",0.0706522223873941,"Not_significant"
"ATP9A","Mock","ZIKV",45.1254,38.789,-0.21829,0.0211,"yes",0.0706522223873941,"Not_significant"
"TRAPPC11","Mock","ZIKV",17.6622,20.7291,0.230994,0.0211,"yes",0.0706522223873941,"Not_significant"
"KIRREL2","Mock","ZIKV",7.78417,9.45425,0.280421,0.0211,"yes",0.0706522223873941,"Not_significant"
"NPHP1","Mock","ZIKV",4.76439,3.75074,-0.345117,0.02115,"yes",0.0707775590551181,"Not_significant"
"ZW10","Mock","ZIKV",7.51885,6.13282,-0.293962,0.02115,"yes",0.0707775590551181,"Not_significant"
"IFNGR1","Mock","ZIKV",20.1652,23.9401,0.247556,0.02115,"yes",0.0707775590551181,"Not_significant"
"SHARPIN","Mock","ZIKV",19.1031,22.8528,0.258563,0.02115,"yes",0.0707775590551181,"Not_significant"
"SDK1","Mock","ZIKV",12.734,10.6611,-0.256325,0.0212,"yes",0.0709238081093123,"Not_significant"
"ZNF83","Mock","ZIKV",36.9345,31.2807,-0.2397,0.0212,"yes",0.0709238081093123,"Not_significant"
"SOGA3","Mock","ZIKV",31.0183,36.1911,0.222514,0.02125,"yes",0.0710488719014398,"Not_significant"
"IP6K1","Mock","ZIKV",20.7106,24.3034,0.230787,0.02125,"yes",0.0710488719014398,"Not_significant"
"PRKXP1","Mock","ZIKV",1.47436,1.80979,0.295734,0.02125,"yes",0.0710488719014398,"Not_significant"
"ICT1","Mock","ZIKV",14.9849,18.8538,0.331352,0.02125,"yes",0.0710488719014398,"Not_significant"
"SMARCAD1","Mock","ZIKV",31.4978,26.9195,-0.226598,0.0213,"yes",0.0711949102240688,"Not_significant"
"SON","Mock","ZIKV",62.1933,72.5271,0.221762,0.0213,"yes",0.0711949102240688,"Not_significant"
"ANGPTL1","Mock","ZIKV",4.55971,2.76755,-0.720331,0.02135,"yes",0.0713408618899273,"Not_significant"
"CEL","Mock","ZIKV",1.17133,1.68358,0.52338,0.02135,"yes",0.0713408618899273,"Not_significant"
"LOC100508120","Mock","ZIKV",1.1878,0.690332,-0.782927,0.0214,"yes",0.0714867269761234,"Not_significant"
"C19orf52","Mock","ZIKV",9.16719,11.4922,0.326102,0.0214,"yes",0.0714867269761234,"Not_significant"
"CAMSAP2","Mock","ZIKV",21.337,24.9691,0.226789,0.02145,"yes",0.0716325055596738,"Not_significant"
"NIM1","Mock","ZIKV",0.647718,1.01667,0.650418,0.02145,"yes",0.0716325055596738,"Not_significant"
"SIT1","Mock","ZIKV",0.917463,0.430955,-1.09011,0.0215,"yes",0.0717675607587433,"Not_significant"
"TMEM106B","Mock","ZIKV",16.8788,19.7518,0.226767,0.0215,"yes",0.0717675607587433,"Not_significant"
"ANKRD42","Mock","ZIKV",2.22761,2.9755,0.417634,0.0215,"yes",0.0717675607587433,"Not_significant"
"KGFLP2","Mock","ZIKV",1.31272,1.71402,0.384823,0.0216,"yes",0.0720906801007557,"Not_significant"
"CCDC159","Mock","ZIKV",4.45755,3.11988,-0.514761,0.02165,"yes",0.0722147564045609,"Not_significant"
"TBL1XR1","Mock","ZIKV",27.6969,32.2938,0.221535,0.02165,"yes",0.0722147564045609,"Not_significant"
"SLC39A9","Mock","ZIKV",16.5055,19.5708,0.245754,0.02165,"yes",0.0722147564045609,"Not_significant"
"GUSBP4","Mock","ZIKV",2.84603,4.3802,0.622044,0.02165,"yes",0.0722147564045609,"Not_significant"
"ACAT1","Mock","ZIKV",10.1326,8.2507,-0.296423,0.0217,"yes",0.0723708172934557,"Not_significant"
"SRSF12","Mock","ZIKV",7.35386,6.06293,-0.278485,0.02175,"yes",0.072505364806867,"Not_significant"
"C2orf47","Mock","ZIKV",6.5757,9.27483,0.496177,0.02175,"yes",0.072505364806867,"Not_significant"
"LEFTY1","Mock","ZIKV",0.404991,0.770983,0.928809,0.02175,"yes",0.072505364806867,"Not_significant"
"WARS2","Mock","ZIKV",3.96927,3.11081,-0.351585,0.0218,"yes",0.0726505400207131,"Not_significant"
"GLRX3","Mock","ZIKV",41.3135,34.8007,-0.247496,0.0218,"yes",0.0726505400207131,"Not_significant"
"OPA3","Mock","ZIKV",4.33178,3.28095,-0.400844,0.02195,"yes",0.0730855506282336,"Not_significant"
"MEG3","Mock","ZIKV",37.318,29.3803,-0.345025,0.02195,"yes",0.0730855506282336,"Not_significant"
"RNPEPL1","Mock","ZIKV",10.3097,8.56623,-0.267274,0.02195,"yes",0.0730855506282336,"Not_significant"
"PITHD1","Mock","ZIKV",30.7371,36.4868,0.247394,0.02195,"yes",0.0730855506282336,"Not_significant"
"ABHD14A","Mock","ZIKV",15.3378,19.4677,0.343986,0.02195,"yes",0.0730855506282336,"Not_significant"
"ZKSCAN4","Mock","ZIKV",3.14947,4.09656,0.379307,0.02195,"yes",0.0730855506282336,"Not_significant"
"LOC400752","Mock","ZIKV",0.617879,0.298596,-1.04913,0.022,"yes",0.0732303827397665,"Not_significant"
"LRRC39","Mock","ZIKV",4.79315,6.80412,0.505434,0.022,"yes",0.0732303827397665,"Not_significant"
"SERPINE1","Mock","ZIKV",0.818835,0.524846,-0.641678,0.02205,"yes",0.0733426240401654,"Not_significant"
"LNX1","Mock","ZIKV",1.60656,1.13581,-0.500251,0.02205,"yes",0.0733426240401654,"Not_significant"
"ERP29","Mock","ZIKV",66.6911,78.5157,0.235487,0.02205,"yes",0.0733426240401654,"Not_significant"
"ZNF496","Mock","ZIKV",12.7819,15.2907,0.258554,0.02205,"yes",0.0733426240401654,"Not_significant"
"SLC12A5","Mock","ZIKV",1.49039,1.89079,0.3433,0.02205,"yes",0.0733426240401654,"Not_significant"
"POLR3H","Mock","ZIKV",16.4486,12.2287,-0.427689,0.0221,"yes",0.0734980806142035,"Not_significant"
"ANG","Mock","ZIKV",1.20956,0.274755,-2.13826,0.02215,"yes",0.0736317517709563,"Not_significant"
"RPSAP58","Mock","ZIKV",21.3798,17.6103,-0.279826,0.02215,"yes",0.0736317517709563,"Not_significant"
"FLII","Mock","ZIKV",23.5314,32.2078,0.452823,0.02215,"yes",0.0736317517709563,"Not_significant"
"DECR1","Mock","ZIKV",15.7451,12.7983,-0.29896,0.0222,"yes",0.0737761876659782,"Not_significant"
"EXOC6B","Mock","ZIKV",9.82711,11.8366,0.268415,0.0222,"yes",0.0737761876659782,"Not_significant"
"LOC439994","Mock","ZIKV",11.917,8.55302,-0.478514,0.02225,"yes",0.0739205383480826,"Not_significant"
"PIK3IP1","Mock","ZIKV",5.98889,7.4124,0.307653,0.02225,"yes",0.0739205383480826,"Not_significant"
"CASD1","Mock","ZIKV",34.0554,29.1212,-0.225813,0.0223,"yes",0.0740757262940569,"Not_significant"
"LOC255512","Mock","ZIKV",0.723207,0.226214,-1.67672,0.0224,"yes",0.074375,"Not_significant"
"SENP2","Mock","ZIKV",16.8502,19.8906,0.239324,0.0224,"yes",0.074375,"Not_significant"
"TASP1","Mock","ZIKV",3.06147,3.97031,0.375029,0.0224,"yes",0.074375,"Not_significant"
"EPHB6","Mock","ZIKV",4.45422,3.61885,-0.299644,0.02245,"yes",0.0745080668925888,"Not_significant"
"MAPKAPK2","Mock","ZIKV",65.31,55.9927,-0.222067,0.02245,"yes",0.0745080668925888,"Not_significant"
"PTPN11","Mock","ZIKV",29.833,34.8919,0.225983,0.02245,"yes",0.0745080668925888,"Not_significant"
"CGGBP1","Mock","ZIKV",39.6592,47.7123,0.266704,0.0225,"yes",0.0746630082498527,"Not_significant"
"KIRREL3","Mock","ZIKV",1.62619,2.13438,0.392319,0.02255,"yes",0.0748179039622919,"Not_significant"
"MYL5","Mock","ZIKV",4.4181,2.73873,-0.689922,0.0226,"yes",0.0749396437509201,"Not_significant"
"LOXL3","Mock","ZIKV",13.9473,10.1019,-0.465362,0.0226,"yes",0.0749396437509201,"Not_significant"
"AGPAT2","Mock","ZIKV",6.32907,4.89144,-0.371736,0.0226,"yes",0.0749396437509201,"Not_significant"
"SEC13","Mock","ZIKV",49.3422,58.0586,0.234689,0.0226,"yes",0.0749396437509201,"Not_significant"
"ZCCHC6","Mock","ZIKV",6.97779,8.2601,0.243389,0.02265,"yes",0.0750833333333333,"Not_significant"
"GPN2","Mock","ZIKV",9.00394,11.2307,0.318814,0.02265,"yes",0.0750833333333333,"Not_significant"
"ABHD14B","Mock","ZIKV",1.98177,1.39989,-0.501475,0.0227,"yes",0.0752269383551567,"Not_significant"
"SLC5A6","Mock","ZIKV",16.2653,12.6443,-0.363305,0.0227,"yes",0.0752269383551567,"Not_significant"
"ERV3-1","Mock","ZIKV",24.6148,17.4878,-0.493183,0.02275,"yes",0.0753704588910134,"Not_significant"
"LOC646214","Mock","ZIKV",2.50232,2.02407,-0.306008,0.02275,"yes",0.0753704588910134,"Not_significant"
"WDFY1","Mock","ZIKV",25.2026,29.3838,0.221445,0.0228,"yes",0.075525,"Not_significant"
"RABL5","Mock","ZIKV",19.8181,16.66,-0.250429,0.02285,"yes",0.0756572468028811,"Not_significant"
"SLC22A17","Mock","ZIKV",130.712,152.378,0.221261,0.02285,"yes",0.0756572468028811,"Not_significant"
"LRCH3","Mock","ZIKV",15.3065,18.2614,0.254649,0.02285,"yes",0.0756572468028811,"Not_significant"
"SLCO4A1","Mock","ZIKV",1.01092,0.128567,-2.97508,0.0229,"yes",0.0758005143277002,"Not_significant"
"SNX4","Mock","ZIKV",28.4369,33.356,0.23018,0.0229,"yes",0.0758005143277002,"Not_significant"
"UCK1","Mock","ZIKV",18.4273,13.5147,-0.447314,0.02295,"yes",0.0759436976641692,"Not_significant"
"DPCD","Mock","ZIKV",34.3812,28.2515,-0.283292,0.02295,"yes",0.0759436976641692,"Not_significant"
"GALNT13","Mock","ZIKV",2.34135,1.85734,-0.334102,0.023,"yes",0.076075624082232,"Not_significant"
"FKBP3","Mock","ZIKV",85.0296,68.2724,-0.316662,0.023,"yes",0.076075624082232,"Not_significant"
"MARCH1","Mock","ZIKV",4.45851,5.35977,0.26561,0.023,"yes",0.076075624082232,"Not_significant"
"UBQLN2","Mock","ZIKV",29.175,34.0625,0.223455,0.0231,"yes",0.0763839547856723,"Not_significant"
"NUAK2","Mock","ZIKV",30.6661,35.823,0.224241,0.0231,"yes",0.0763839547856723,"Not_significant"
"UBB","Mock","ZIKV",558.319,479.272,-0.220244,0.02315,"yes",0.0765268197828001,"Not_significant"
"TMEM167B","Mock","ZIKV",16.6264,19.6879,0.243834,0.02315,"yes",0.0765268197828001,"Not_significant"
"ZDHHC12","Mock","ZIKV",6.10886,3.51658,-0.796729,0.0232,"yes",0.0766471105896157,"Not_significant"
"ZBTB24","Mock","ZIKV",3.39224,2.53125,-0.422387,0.0232,"yes",0.0766471105896157,"Not_significant"
"SLC2A6","Mock","ZIKV",8.50771,6.96576,-0.288491,0.0232,"yes",0.0766471105896157,"Not_significant"
"ELAVL3","Mock","ZIKV",53.6931,62.5165,0.219502,0.0232,"yes",0.0766471105896157,"Not_significant"
"FAM218A","Mock","ZIKV",1.15671,0.64641,-0.839508,0.02325,"yes",0.0767785148805161,"Not_significant"
"RPP30","Mock","ZIKV",10.2865,12.4483,0.275191,0.02325,"yes",0.0767785148805161,"Not_significant"
"FAM155B","Mock","ZIKV",3.08726,3.83432,0.312644,0.02325,"yes",0.0767785148805161,"Not_significant"
"DIABLO","Mock","ZIKV",24.2879,28.6496,0.238275,0.0233,"yes",0.0769210757731203,"Not_significant"
"PAAF1","Mock","ZIKV",18.7312,22.9548,0.293353,0.0233,"yes",0.0769210757731203,"Not_significant"
"PLRG1","Mock","ZIKV",19.3991,22.8056,0.233399,0.02335,"yes",0.0770635531135531,"Not_significant"
"HAUS2","Mock","ZIKV",9.09031,10.8131,0.250375,0.02335,"yes",0.0770635531135531,"Not_significant"
"STAC","Mock","ZIKV",1.22344,0.840271,-0.542019,0.0234,"yes",0.0772059469752454,"Not_significant"
"NEK3","Mock","ZIKV",12.4466,10.3083,-0.271943,0.0234,"yes",0.0772059469752454,"Not_significant"
"PRAM1","Mock","ZIKV",0.72687,0.418607,-0.796102,0.02345,"yes",0.0773256111843068,"Not_significant"
"SNX24","Mock","ZIKV",13.2995,11.0271,-0.270323,0.02345,"yes",0.0773256111843068,"Not_significant"
"GAS2L1","Mock","ZIKV",2.55338,3.33389,0.384799,0.02345,"yes",0.0773256111843068,"Not_significant"
"FUT5","Mock","ZIKV",0.78536,1.23111,0.648531,0.02345,"yes",0.0773256111843068,"Not_significant"
"MACF1","Mock","ZIKV",45.7318,39.2147,-0.221803,0.0235,"yes",0.0774678033074784,"Not_significant"
"SDCBP","Mock","ZIKV",98.0527,114.43,0.222838,0.0235,"yes",0.0774678033074784,"Not_significant"
"HAGHL","Mock","ZIKV",3.80697,5.11699,0.426651,0.02355,"yes",0.0776212686567164,"Not_significant"
"SLC25A19","Mock","ZIKV",2.21308,1.41379,-0.646483,0.0236,"yes",0.0777405674173735,"Not_significant"
"SCN3A","Mock","ZIKV",15.1238,17.6799,0.225294,0.0236,"yes",0.0777405674173735,"Not_significant"
"TMEM134","Mock","ZIKV",12.3159,15.6025,0.341256,0.0236,"yes",0.0777405674173735,"Not_significant"
"POU4F2","Mock","ZIKV",1.21736,1.67124,0.457164,0.0236,"yes",0.0777405674173735,"Not_significant"
"COMMD2","Mock","ZIKV",16.7745,14.1996,-0.240421,0.02365,"yes",0.0778938806843106,"Not_significant"
"YIPF2","Mock","ZIKV",16.9442,23.8937,0.495839,0.0238,"yes",0.0783764619883041,"Not_significant"
"ZNF765","Mock","ZIKV",2.36486,1.85647,-0.349196,0.02385,"yes",0.0785181598947676,"Not_significant"
"MCMBP","Mock","ZIKV",21.1569,18.0383,-0.230062,0.02385,"yes",0.0785181598947676,"Not_significant"
"TWSG1","Mock","ZIKV",15.0376,12.7318,-0.240141,0.0239,"yes",0.0786712699108578,"Not_significant"
"KLC4","Mock","ZIKV",24.1178,20.367,-0.243866,0.02395,"yes",0.0788243351841029,"Not_significant"
"HS3ST4","Mock","ZIKV",4.57938,3.68308,-0.314239,0.02405,"yes",0.0790956709008614,"Not_significant"
"CLTA","Mock","ZIKV",92.1211,107.916,0.228303,0.02405,"yes",0.0790956709008614,"Not_significant"
"PRR14","Mock","ZIKV",29.9851,35.2446,0.233155,0.02405,"yes",0.0790956709008614,"Not_significant"
"RPRD1B","Mock","ZIKV",14.7437,17.4068,0.239551,0.02405,"yes",0.0790956709008614,"Not_significant"
"MYO16","Mock","ZIKV",3.01351,3.64249,0.273481,0.02405,"yes",0.0790956709008614,"Not_significant"
"GOLGA7","Mock","ZIKV",30.2055,35.5953,0.236874,0.0241,"yes",0.0792485401459854,"Not_significant"
"METTL8","Mock","ZIKV",2.55936,1.83357,-0.481128,0.02415,"yes",0.0793781920326864,"Not_significant"
"FAM114A2","Mock","ZIKV",8.91981,10.6956,0.261928,0.02415,"yes",0.0793781920326864,"Not_significant"
"ARPC5L","Mock","ZIKV",21.5744,26.2119,0.280904,0.02415,"yes",0.0793781920326864,"Not_significant"
"CRH","Mock","ZIKV",9.69525,7.72711,-0.32735,0.0242,"yes",0.0795077304550758,"Not_significant"
"LIN9","Mock","ZIKV",5.64596,4.56596,-0.3063,0.0242,"yes",0.0795077304550758,"Not_significant"
"TMEM200A","Mock","ZIKV",13.5756,16.1216,0.247973,0.0242,"yes",0.0795077304550758,"Not_significant"
"FAM53C","Mock","ZIKV",26.6475,31.0493,0.22056,0.02425,"yes",0.0796603835496573,"Not_significant"
"RPP25L","Mock","ZIKV",11.8322,9.13351,-0.373478,0.02435,"yes",0.0799538994169096,"Not_significant"
"TOP1MT","Mock","ZIKV",5.08984,3.96561,-0.360076,0.02435,"yes",0.0799538994169096,"Not_significant"
"STK35","Mock","ZIKV",7.73349,9.12155,0.238161,0.02435,"yes",0.0799538994169096,"Not_significant"
"PTRHD1","Mock","ZIKV",31.8026,19.8014,-0.683543,0.0244,"yes",0.0800713869463869,"Not_significant"
"ARMC9","Mock","ZIKV",11.4093,9.28138,-0.297793,0.0244,"yes",0.0800713869463869,"Not_significant"
"PELP1","Mock","ZIKV",26.1485,30.6238,0.227924,0.0244,"yes",0.0800713869463869,"Not_significant"
"ZNF286B","Mock","ZIKV",2.42437,3.37894,0.47896,0.0244,"yes",0.0800713869463869,"Not_significant"
"POLR2J4","Mock","ZIKV",2.75596,2.01384,-0.452605,0.02445,"no",0.0801887376237624,"Not_significant"
"FAM98B","Mock","ZIKV",38.6344,31.991,-0.27222,0.02445,"no",0.0801887376237624,"Not_significant"
"DLL1","Mock","ZIKV",73.182,62.9678,-0.216875,0.02445,"no",0.0801887376237624,"Not_significant"
"CTDSP2","Mock","ZIKV",54.4902,47.0041,-0.21321,0.02445,"no",0.0801887376237624,"Not_significant"
"C1orf192","Mock","ZIKV",12.6416,5.30034,-1.25402,0.0245,"no",0.0802825865580448,"Not_significant"
"C14orf142","Mock","ZIKV",6.37054,3.30132,-0.948372,0.0245,"no",0.0802825865580448,"Not_significant"
"C15orf39","Mock","ZIKV",2.31062,1.80904,-0.353057,0.0245,"no",0.0802825865580448,"Not_significant"
"SATB1","Mock","ZIKV",16.7284,19.8454,0.246505,0.0245,"no",0.0802825865580448,"Not_significant"
"EIF2B3","Mock","ZIKV",10.8904,13.3748,0.296466,0.0245,"no",0.0802825865580448,"Not_significant"
"ANKHD1-EIF4EBP3","Mock","ZIKV",6.5885,10.9493,0.732813,0.0245,"no",0.0802825865580448,"Not_significant"
"ANGEL1","Mock","ZIKV",7.13997,5.94393,-0.264501,0.02455,"no",0.0803996437917999,"Not_significant"
"RND2","Mock","ZIKV",34.1588,29.2869,-0.222003,0.02455,"no",0.0803996437917999,"Not_significant"
"PCBP2","Mock","ZIKV",228.572,267.355,0.226107,0.02455,"no",0.0803996437917999,"Not_significant"
"CWC27","Mock","ZIKV",20.0408,23.7178,0.243031,0.02455,"no",0.0803996437917999,"Not_significant"
"WDR85","Mock","ZIKV",18.689,22.2321,0.250452,0.0246,"no",0.0805516790231138,"Not_significant"
"TIMM8B","Mock","ZIKV",36.4872,26.0473,-0.486253,0.02465,"no",0.080691941578259,"Not_significant"
"GCN1L1","Mock","ZIKV",20.8086,24.2189,0.218954,0.02465,"no",0.080691941578259,"Not_significant"
"TOM1","Mock","ZIKV",9.83053,11.8504,0.269598,0.02475,"no",0.0810075196163906,"Not_significant"
"LOC100129034","Mock","ZIKV",19.6709,15.9802,-0.299775,0.0248,"no",0.08115937817812,"Not_significant"
"PSTPIP2","Mock","ZIKV",4.58448,3.65612,-0.326443,0.02485,"no",0.0812875762416497,"Not_significant"
"GABRB3","Mock","ZIKV",11.0968,13.0182,0.23038,0.02485,"no",0.0812875762416497,"Not_significant"
"EIF2AK2","Mock","ZIKV",3.84981,4.71301,0.29186,0.02485,"no",0.0812875762416497,"Not_significant"
"SOD1","Mock","ZIKV",129.517,110.984,-0.222795,0.0249,"no",0.0814038461538461,"Not_significant"
"SMARCD1","Mock","ZIKV",69.4182,59.7668,-0.21597,0.0249,"no",0.0814038461538461,"Not_significant"
"DNAL1","Mock","ZIKV",7.90147,9.25824,0.228618,0.0249,"no",0.0814038461538461,"Not_significant"
"EMD","Mock","ZIKV",50.0632,58.7115,0.229891,0.0249,"no",0.0814038461538461,"Not_significant"
"DIP2B","Mock","ZIKV",14.8421,17.2515,0.217019,0.02505,"no",0.0818704657573999,"Not_significant"
"MYL12B","Mock","ZIKV",118.708,138.122,0.218524,0.02505,"no",0.0818704657573999,"Not_significant"
"CIRBP","Mock","ZIKV",280.422,329.619,0.233198,0.0251,"no",0.0820100812300551,"Not_significant"
"SHROOM2","Mock","ZIKV",5.76624,6.82102,0.242357,0.0251,"no",0.0820100812300551,"Not_significant"
"TTR","Mock","ZIKV",0.842802,0.33064,-1.34993,0.02515,"no",0.082137704799188,"Not_significant"
"IFI16","Mock","ZIKV",0.727112,0.44772,-0.699583,0.02515,"no",0.082137704799188,"Not_significant"
"DPYD","Mock","ZIKV",3.92779,4.84255,0.302048,0.02515,"no",0.082137704799188,"Not_significant"
"NUBPL","Mock","ZIKV",5.71788,4.64086,-0.301089,0.0252,"no",0.0822771416147268,"Not_significant"
"NNMT","Mock","ZIKV",0.401514,0.777343,0.9531,0.0252,"no",0.0822771416147268,"Not_significant"
"SRRM2","Mock","ZIKV",134.25,115.556,-0.216333,0.02525,"no",0.0823926191510937,"Not_significant"
"CDS2","Mock","ZIKV",21.285,24.6987,0.214596,0.02525,"no",0.0823926191510937,"Not_significant"
"RNF149","Mock","ZIKV",11.5761,13.7504,0.248328,0.02525,"no",0.0823926191510937,"Not_significant"
"APBA3","Mock","ZIKV",4.99252,6.3314,0.342756,0.02525,"no",0.0823926191510937,"Not_significant"
"AS3MT","Mock","ZIKV",5.42405,3.20578,-0.758692,0.0253,"no",0.082543815179606,"Not_significant"
"ERC1","Mock","ZIKV",8.76823,10.238,0.223575,0.02535,"no",0.0826829930495222,"Not_significant"
"RAI2","Mock","ZIKV",1.50357,2.09578,0.479098,0.02535,"no",0.0826829930495222,"Not_significant"
"CCDC77","Mock","ZIKV",8.67351,4.45138,-0.962363,0.0254,"no",0.0828340813667294,"Not_significant"
"TMEM14A","Mock","ZIKV",28.0399,23.1623,-0.275705,0.02545,"no",0.082973114777826,"Not_significant"
"CELSR1","Mock","ZIKV",21.0289,18.1471,-0.212633,0.02545,"no",0.082973114777826,"Not_significant"
"XPO1","Mock","ZIKV",81.818,95.0696,0.216566,0.0255,"no",0.0831120677181305,"Not_significant"
"ZNF230","Mock","ZIKV",0.965301,1.3126,0.443381,0.0255,"no",0.0831120677181305,"Not_significant"
"LIMD1-AS1","Mock","ZIKV",4.49593,2.51672,-0.837075,0.02555,"no",0.0832388993346832,"Not_significant"
"LINC00265","Mock","ZIKV",9.45187,11.1513,0.238544,0.02555,"no",0.0832388993346832,"Not_significant"
"ZNF226","Mock","ZIKV",17.4429,21.5396,0.304348,0.02555,"no",0.0832388993346832,"Not_significant"
"RGS12","Mock","ZIKV",16.0042,13.4364,-0.252304,0.0256,"no",0.0833535703960682,"Not_significant"
"TRAPPC12","Mock","ZIKV",20.7521,24.3843,0.232696,0.0256,"no",0.0833535703960682,"Not_significant"
"REXO1","Mock","ZIKV",12.0291,14.1813,0.237469,0.0256,"no",0.0833535703960682,"Not_significant"
"POLR1C","Mock","ZIKV",10.5898,13.117,0.308754,0.0256,"no",0.0833535703960682,"Not_significant"
"BID","Mock","ZIKV",6.69243,5.34509,-0.324316,0.02565,"no",0.0834681089280555,"Not_significant"
"FAM199X","Mock","ZIKV",10.4279,12.2222,0.229066,0.02565,"no",0.0834681089280555,"Not_significant"
"PCSK7","Mock","ZIKV",15.7959,18.5537,0.232155,0.02565,"no",0.0834681089280555,"Not_significant"
"ACTN2","Mock","ZIKV",0.700113,0.973145,0.475068,0.02565,"no",0.0834681089280555,"Not_significant"
"PTPRF","Mock","ZIKV",98.6703,85.2072,-0.21164,0.0257,"no",0.0836066580011554,"Not_significant"
"KRT10","Mock","ZIKV",6.6372,8.36989,0.334633,0.0257,"no",0.0836066580011554,"Not_significant"
"FGD6","Mock","ZIKV",5.3841,4.56705,-0.237442,0.02575,"no",0.0837330373899235,"Not_significant"
"SGK223","Mock","ZIKV",17.3989,20.2988,0.222396,0.02575,"no",0.0837330373899235,"Not_significant"
"EIF2B5","Mock","ZIKV",16.519,19.4765,0.23761,0.02575,"no",0.0837330373899235,"Not_significant"
"PGAP2","Mock","ZIKV",10.892,5.54404,-0.974254,0.0258,"no",0.0838714100158753,"Not_significant"
"ARID3A","Mock","ZIKV",10.0407,12.0048,0.257755,0.0258,"no",0.0838714100158753,"Not_significant"
"RFC4","Mock","ZIKV",31.3012,14.9868,-1.06253,0.02585,"no",0.084009702784591,"Not_significant"
"CDK6","Mock","ZIKV",28.4424,24.4919,-0.215735,0.02585,"no",0.084009702784591,"Not_significant"
"PHOSPHO2","Mock","ZIKV",5.51666,2.40567,-1.19736,0.0259,"no",0.0841600548182343,"Not_significant"
"GAL3ST1","Mock","ZIKV",1.23023,0.766207,-0.683124,0.02595,"no",0.0842982044995674,"Not_significant"
"NDUFA3","Mock","ZIKV",163.841,136.623,-0.262091,0.02595,"no",0.0842982044995674,"Not_significant"
"FAM228B","Mock","ZIKV",3.76058,2.70765,-0.473914,0.026,"no",0.0844362745098039,"Not_significant"
"ZNF362","Mock","ZIKV",16.3736,13.8347,-0.243077,0.026,"no",0.0844362745098039,"Not_significant"
"ZNF826P","Mock","ZIKV",1.8418,0.871787,-1.07907,0.02605,"no",0.0845864566815626,"Not_significant"
"GYS1","Mock","ZIKV",13.3545,11.309,-0.239854,0.0262,"no",0.0850489984147572,"Not_significant"
"CORO1B","Mock","ZIKV",28.7098,33.7151,0.231851,0.0262,"no",0.0850489984147572,"Not_significant"
"ZNF285","Mock","ZIKV",5.06144,4.05584,-0.319545,0.0263,"no",0.0853490131105028,"Not_significant"
"VBP1","Mock","ZIKV",61.3307,71.3389,0.218079,0.0263,"no",0.0853490131105028,"Not_significant"
"MAN1C1","Mock","ZIKV",2.5956,3.30417,0.348221,0.02635,"no",0.0854989556323826,"Not_significant"
"CTBP1-AS1","Mock","ZIKV",6.80226,5.57785,-0.286305,0.0264,"no",0.0856241900647948,"Not_significant"
"NEUROD1","Mock","ZIKV",25.1328,21.4674,-0.227424,0.0264,"no",0.0856241900647948,"Not_significant"
"PCMT1","Mock","ZIKV",63.8751,74.9277,0.230245,0.0264,"no",0.0856241900647948,"Not_significant"
"NELFB","Mock","ZIKV",29.9275,25.5125,-0.230269,0.02645,"no",0.085761659709227,"Not_significant"
"IFT74","Mock","ZIKV",14.0773,18.5118,0.395079,0.02645,"no",0.085761659709227,"Not_significant"
"AUTS2","Mock","ZIKV",45.4672,52.8698,0.217617,0.0265,"no",0.085886690647482,"Not_significant"
"BRD8","Mock","ZIKV",32.0831,37.5142,0.225623,0.0265,"no",0.085886690647482,"Not_significant"
"ZSCAN22","Mock","ZIKV",1.69666,2.16096,0.348972,0.0265,"no",0.085886690647482,"Not_significant"
"C1QTNF4","Mock","ZIKV",9.33335,7.4325,-0.328547,0.02655,"no",0.0860239859033372,"Not_significant"
"RPL23A","Mock","ZIKV",549.856,474.657,-0.212169,0.02655,"no",0.0860239859033372,"Not_significant"
"SDF2","Mock","ZIKV",18.2163,14.9801,-0.282185,0.0266,"no",0.0861735941320293,"Not_significant"
"ELP3","Mock","ZIKV",11.3432,13.4555,0.246365,0.02665,"no",0.0863231593327581,"Not_significant"
"POLR2M","Mock","ZIKV",15.2477,17.886,0.230235,0.02675,"no",0.0866221607245543,"Not_significant"
"C1orf226","Mock","ZIKV",26.291,32.2489,0.294679,0.02675,"no",0.0866221607245543,"Not_significant"
"MRPS25","Mock","ZIKV",12.1739,7.40692,-0.716844,0.02685,"no",0.0869084997844518,"Not_significant"
"RASSF1","Mock","ZIKV",11.9162,14.4029,0.273435,0.02685,"no",0.0869084997844518,"Not_significant"
"C7orf61","Mock","ZIKV",0.358589,0.88385,1.30147,0.02685,"no",0.0869084997844518,"Not_significant"
"FUT8-AS1","Mock","ZIKV",2.47471,0.809206,-1.61268,0.0269,"no",0.0870453239477087,"Not_significant"
"HIST2H2AC","Mock","ZIKV",2.46768,0.924866,-1.41584,0.0269,"no",0.0870453239477087,"Not_significant"
"LASP1","Mock","ZIKV",46.4205,53.8441,0.214024,0.02695,"no",0.0871570351758794,"Not_significant"
"BCAP31","Mock","ZIKV",68.4772,80.2631,0.229113,0.02695,"no",0.0871570351758794,"Not_significant"
"HADHB","Mock","ZIKV",20.2986,23.9514,0.238729,0.02695,"no",0.0871570351758794,"Not_significant"
"LOC728323","Mock","ZIKV",2.58968,3.70001,0.514756,0.02695,"no",0.0871570351758794,"Not_significant"
"PRDM13","Mock","ZIKV",1.68425,1.24202,-0.439418,0.027,"no",0.0872686181661644,"Not_significant"
"CDO1","Mock","ZIKV",96.4495,83.0779,-0.215309,0.027,"no",0.0872686181661644,"Not_significant"
"CFL1","Mock","ZIKV",670.846,578.827,-0.212848,0.027,"no",0.0872686181661644,"Not_significant"
"RHBDF1","Mock","ZIKV",9.88643,11.7618,0.250588,0.027,"no",0.0872686181661644,"Not_significant"
"OR2H2","Mock","ZIKV",0.64585,0.129416,-2.31919,0.02705,"no",0.0874051427341845,"Not_significant"
"KIAA1257","Mock","ZIKV",2.08387,1.4241,-0.549216,0.02705,"no",0.0874051427341845,"Not_significant"
"RWDD3","Mock","ZIKV",11.9928,9.19504,-0.383244,0.0271,"no",0.0875541451520367,"Not_significant"
"C14orf93","Mock","ZIKV",4.54077,3.56844,-0.347646,0.02715,"no",0.087703104832927,"Not_significant"
"TOB2","Mock","ZIKV",15.0911,17.6654,0.227225,0.0272,"no",0.0878394265232975,"Not_significant"
"CC2D1B","Mock","ZIKV",6.13414,7.26317,0.243739,0.0272,"no",0.0878394265232975,"Not_significant"
"ALMS1P","Mock","ZIKV",0.807974,0.432797,-0.900619,0.02725,"no",0.0879504585184124,"Not_significant"
"TIRAP","Mock","ZIKV",1.59065,1.04281,-0.609141,0.02725,"no",0.0879504585184124,"Not_significant"
"WDR59","Mock","ZIKV",16.2078,18.9873,0.22834,0.02725,"no",0.0879504585184124,"Not_significant"
"CUL2","Mock","ZIKV",11.2029,13.1784,0.234308,0.02725,"no",0.0879504585184124,"Not_significant"
"MCF2L2","Mock","ZIKV",1.38883,2.3712,0.771751,0.0273,"no",0.088099212034384,"Not_significant"
"ZNF680","Mock","ZIKV",8.23683,6.80152,-0.276231,0.0274,"no",0.0883965912346033,"Not_significant"
"FRAT2","Mock","ZIKV",9.08401,10.9767,0.273047,0.0274,"no",0.0883965912346033,"Not_significant"
"ARMC12","Mock","ZIKV",1.73647,1.07207,-0.695767,0.02745,"no",0.0885198639942734,"Not_significant"
"FBXW9","Mock","ZIKV",10.3711,8.42084,-0.300538,0.02745,"no",0.0885198639942734,"Not_significant"
"PIP5K1C","Mock","ZIKV",18.2659,21.3311,0.223804,0.02745,"no",0.0885198639942734,"Not_significant"
"ZNF473","Mock","ZIKV",4.79015,3.95679,-0.275741,0.02755,"no",0.0888169099756691,"Not_significant"
"ZNF318","Mock","ZIKV",10.1312,11.7998,0.219946,0.02755,"no",0.0888169099756691,"Not_significant"
"VLDLR","Mock","ZIKV",28.8888,33.7133,0.22281,0.0276,"no",0.0889653692043503,"Not_significant"
"LOC100130705","Mock","ZIKV",0.635742,0.412821,-0.622927,0.02765,"no",0.089113785949349,"Not_significant"
"NCAPG","Mock","ZIKV",14.2729,10.8912,-0.390112,0.0277,"no",0.0892366275743707,"Not_significant"
"TMEM87B","Mock","ZIKV",3.77993,4.56427,0.272025,0.0277,"no",0.0892366275743707,"Not_significant"
"SURF2","Mock","ZIKV",16.4583,20.4855,0.315787,0.0277,"no",0.0892366275743707,"Not_significant"
"USP45","Mock","ZIKV",5.54628,6.56297,0.242828,0.02775,"no",0.0893849206349206,"Not_significant"
"ZNF587","Mock","ZIKV",9.26773,7.89547,-0.231191,0.02785,"no",0.0896813795568263,"Not_significant"
"CAAP1","Mock","ZIKV",8.2205,9.88228,0.265616,0.02785,"no",0.0896813795568263,"Not_significant"
"MDH1","Mock","ZIKV",76.9964,65.2014,-0.239887,0.0279,"no",0.0898167071602115,"Not_significant"
"PKDCC","Mock","ZIKV",8.54271,10.2756,0.266454,0.0279,"no",0.0898167071602115,"Not_significant"
"ONECUT2","Mock","ZIKV",7.90459,9.16664,0.213703,0.02805,"no",0.0902866890540154,"Not_significant"
"ALG10","Mock","ZIKV",2.20787,1.67284,-0.400361,0.0281,"no",0.0904088701614055,"Not_significant"
"TRIM2","Mock","ZIKV",54.7122,63.3507,0.211499,0.0281,"no",0.0904088701614055,"Not_significant"
"SLC12A8","Mock","ZIKV",0.105818,0.620691,2.55229,0.0281,"no",0.0904088701614055,"Not_significant"
"HMGN5","Mock","ZIKV",7.88335,4.84309,-0.70288,0.0282,"no",0.0907046979865772,"Not_significant"
"ZNF585B","Mock","ZIKV",2.90758,3.51504,0.273726,0.0282,"no",0.0907046979865772,"Not_significant"
"EXOSC10","Mock","ZIKV",34.3293,39.9026,0.21704,0.02825,"no",0.0908525485436893,"Not_significant"
"AZU1","Mock","ZIKV",1.32734,0.667838,-0.990963,0.02835,"no",0.0911351148851149,"Not_significant"
"ASPHD1","Mock","ZIKV",6.01994,7.62856,0.341661,0.02835,"no",0.0911351148851149,"Not_significant"
"LOC100289187","Mock","ZIKV",1.37569,2.17782,0.662736,0.02835,"no",0.0911351148851149,"Not_significant"
"CCDC3","Mock","ZIKV",0.764995,0.481018,-0.669358,0.0284,"no",0.0912437598060191,"Not_significant"
"COG4","Mock","ZIKV",28.9562,33.733,0.220287,0.0284,"no",0.0912437598060191,"Not_significant"
"NADSYN1","Mock","ZIKV",15.3609,18.1467,0.240449,0.0284,"no",0.0912437598060191,"Not_significant"
"GJC2","Mock","ZIKV",0.512289,0.829817,0.695835,0.0284,"no",0.0912437598060191,"Not_significant"
"DUSP3","Mock","ZIKV",18.8591,22.0205,0.223585,0.02845,"no",0.0913913648031945,"Not_significant"
"ZNF573","Mock","ZIKV",2.28823,1.66507,-0.458651,0.0285,"no",0.091525876817793,"Not_significant"
"EEPD1","Mock","ZIKV",2.68732,2.14971,-0.322024,0.0285,"no",0.091525876817793,"Not_significant"
"TTL","Mock","ZIKV",17.3667,14.9109,-0.219948,0.02855,"no",0.0916733784746971,"Not_significant"
"EMP3","Mock","ZIKV",4.62352,3.14627,-0.555351,0.0286,"no",0.091794670846395,"Not_significant"
"LOC100507433,ZNF540","Mock","ZIKV",4.04058,2.83944,-0.508954,0.0286,"no",0.091794670846395,"Not_significant"
"CABP7","Mock","ZIKV",18.966,15.6744,-0.275011,0.0286,"no",0.091794670846395,"Not_significant"
"DCXR","Mock","ZIKV",48.9839,57.8891,0.240982,0.02875,"no",0.092262964809802,"Not_significant"
"ZNF883","Mock","ZIKV",2.47546,1.84047,-0.42762,0.0288,"no",0.0923707817172149,"Not_significant"
"ANK1","Mock","ZIKV",2.91124,2.39782,-0.279909,0.0288,"no",0.0923707817172149,"Not_significant"
"STMN1","Mock","ZIKV",892.673,770.965,-0.211467,0.0288,"no",0.0923707817172149,"Not_significant"
"RAB40B","Mock","ZIKV",7.6612,9.45963,0.304214,0.0288,"no",0.0923707817172149,"Not_significant"
"C19orf70","Mock","ZIKV",15.3027,10.4325,-0.552703,0.02885,"no",0.0925048042704626,"Not_significant"
"APPL2","Mock","ZIKV",20.089,17.1643,-0.226995,0.02885,"no",0.0925048042704626,"Not_significant"
"GSX2","Mock","ZIKV",1.27736,0.720683,-0.825723,0.0289,"no",0.0926387505336559,"Not_significant"
"NDUFS7","Mock","ZIKV",58.3554,68.9229,0.240117,0.0289,"no",0.0926387505336559,"Not_significant"
"TACC2","Mock","ZIKV",23.2611,27.1872,0.225008,0.02895,"no",0.0927726205719163,"Not_significant"
"ZNF773","Mock","ZIKV",2.72857,3.56926,0.387483,0.02895,"no",0.0927726205719163,"Not_significant"
"PAFAH1B1","Mock","ZIKV",71.9563,83.1404,0.208429,0.02905,"no",0.0930798364153627,"Not_significant"
"LOC100129480","Mock","ZIKV",0.802518,0.358197,-1.16378,0.0291,"no",0.0931870201876599,"Not_significant"
"RGS8","Mock","ZIKV",1.74526,0.947773,-0.880831,0.0291,"no",0.0931870201876599,"Not_significant"
"DHCR24","Mock","ZIKV",111.128,95.9892,-0.211272,0.0291,"no",0.0931870201876599,"Not_significant"
"KLLN","Mock","ZIKV",0.456529,0.677864,0.57029,0.0291,"no",0.0931870201876599,"Not_significant"
"CCKBR","Mock","ZIKV",1.0877,0.709675,-0.616049,0.0292,"no",0.0934806708357021,"Not_significant"
"DUSP28","Mock","ZIKV",2.80019,2.00324,-0.483193,0.0292,"no",0.0934806708357021,"Not_significant"
"HNRNPK","Mock","ZIKV",355.429,307.782,-0.20765,0.02925,"no",0.0936274335654398,"Not_significant"
"SBF1","Mock","ZIKV",34.3229,40.5509,0.240561,0.0293,"no",0.093774154589372,"Not_significant"
"CP","Mock","ZIKV",0.92391,0.463544,-0.995046,0.02935,"no",0.0939074928977273,"Not_significant"
"CAPZA1","Mock","ZIKV",44.7491,51.8964,0.213777,0.02935,"no",0.0939074928977273,"Not_significant"
"DNAJB13","Mock","ZIKV",0.745865,0.42096,-0.82523,0.0294,"no",0.0940541116318705,"Not_significant"
"FNBP1L","Mock","ZIKV",80.7875,93.5812,0.212087,0.02945,"no",0.0941873136447537,"Not_significant"
"C15orf57","Mock","ZIKV",3.92533,5.12895,0.385848,0.02945,"no",0.0941873136447537,"Not_significant"
"LOC730183","Mock","ZIKV",5.08085,3.1938,-0.669795,0.0295,"no",0.0943338302101079,"Not_significant"
"HEBP1","Mock","ZIKV",20.5667,17.0055,-0.274314,0.02955,"no",0.0944668961112688,"Not_significant"
"OTUB1","Mock","ZIKV",55.4441,47.6779,-0.217711,0.02955,"no",0.0944668961112688,"Not_significant"
"NDUFC2","Mock","ZIKV",27.3952,22.6641,-0.273512,0.0296,"no",0.0946133106286363,"Not_significant"
"NUBP2","Mock","ZIKV",27.1905,32.1623,0.242271,0.02965,"no",0.0947462406015038,"Not_significant"
"TBC1D25","Mock","ZIKV",4.58371,5.54787,0.275418,0.02965,"no",0.0947462406015038,"Not_significant"
"PDE1B","Mock","ZIKV",1.6875,1.25046,-0.432431,0.0298,"no",0.0952120567375886,"Not_significant"
"TTC18","Mock","ZIKV",2.64505,1.51178,-0.807044,0.0299,"no",0.0954909258471572,"Not_significant"
"EXO5","Mock","ZIKV",2.27844,1.6738,-0.444921,0.0299,"no",0.0954909258471572,"Not_significant"
"DOCK9","Mock","ZIKV",0.841949,1.1062,0.393807,0.0299,"no",0.0954909258471572,"Not_significant"
"ZDHHC1","Mock","ZIKV",6.56843,5.27796,-0.315569,0.02995,"no",0.0956234939759036,"Not_significant"
"TMED7-TICAM2","Mock","ZIKV",0.84521,2.02809,1.26274,0.02995,"no",0.0956234939759036,"Not_significant"
"HSPD1","Mock","ZIKV",128.037,107.044,-0.258361,0.03,"no",0.0957559869632988,"Not_significant"
"OTUD6B","Mock","ZIKV",6.48992,7.80002,0.265278,0.03,"no",0.0957559869632988,"Not_significant"
"VPS36","Mock","ZIKV",16.8291,14.3889,-0.226007,0.03005,"no",0.095901990648909,"Not_significant"
"POC1B","Mock","ZIKV",5.29752,4.15007,-0.35218,0.0301,"no",0.0960479529678425,"Not_significant"
"LGI2","Mock","ZIKV",0.783672,0.57855,-0.43781,0.03015,"no",0.0961938739376771,"Not_significant"
"SWAP70","Mock","ZIKV",4.46197,5.35824,0.264077,0.0302,"no",0.0963397535759807,"Not_significant"
"APBB2","Mock","ZIKV",17.6501,20.6026,0.223148,0.03025,"no",0.0964446213729653,"Not_significant"
"HPS6","Mock","ZIKV",2.8259,3.60288,0.350441,0.03025,"no",0.0964446213729653,"Not_significant"
"OSTCP1","Mock","ZIKV",0.412098,0.851517,1.04705,0.03025,"no",0.0964446213729653,"Not_significant"
"MIR219-1","Mock","ZIKV",63.3487,209.966,1.72877,0.03025,"no",0.0964446213729653,"Not_significant"
"LOC100499489","Mock","ZIKV",2.90678,2.21189,-0.394144,0.03035,"no",0.0967497523351259,"Not_significant"
"DDX59","Mock","ZIKV",6.64605,5.39614,-0.30057,0.0305,"no",0.0971729137199434,"Not_significant"
"CRAT","Mock","ZIKV",13.169,11.0985,-0.246772,0.0305,"no",0.0971729137199434,"Not_significant"
"USP2","Mock","ZIKV",0.885322,1.24187,0.488235,0.0305,"no",0.0971729137199434,"Not_significant"
"AAED1","Mock","ZIKV",1.23041,1.93318,0.65183,0.0305,"no",0.0971729137199434,"Not_significant"
"USP34","Mock","ZIKV",26.0333,30.4376,0.225499,0.03055,"no",0.0973046875,"Not_significant"
"RAF1","Mock","ZIKV",53.4996,63.3007,0.242694,0.03055,"no",0.0973046875,"Not_significant"
"GPR3","Mock","ZIKV",3.04078,2.27778,-0.416816,0.0306,"no",0.0974226148409894,"Not_significant"
"OGFOD2","Mock","ZIKV",4.02271,3.10295,-0.374525,0.0306,"no",0.0974226148409894,"Not_significant"
"IRF3","Mock","ZIKV",18.0901,14.4548,-0.323656,0.0306,"no",0.0974226148409894,"Not_significant"
"ZNF432","Mock","ZIKV",9.99221,11.9421,0.25718,0.03065,"no",0.0975680115884681,"Not_significant"
"STAT5B","Mock","ZIKV",27.0606,23.3697,-0.211553,0.0307,"no",0.0977133672460082,"Not_significant"
"ARAF","Mock","ZIKV",16.0635,12.273,-0.388299,0.03075,"no",0.0978448580307953,"Not_significant"
"CHFR","Mock","ZIKV",16.216,19.0341,0.231171,0.03075,"no",0.0978448580307953,"Not_significant"
"HNRNPA1P10","Mock","ZIKV",446.686,273.292,-0.70882,0.0308,"no",0.0979762745374947,"Not_significant"
"YAE1D1","Mock","ZIKV",18.2141,14.6733,-0.311863,0.0308,"no",0.0979762745374947,"Not_significant"
"DDX27","Mock","ZIKV",16.8589,19.7771,0.230324,0.03085,"no",0.0981214699237504,"Not_significant"
"IFNAR2","Mock","ZIKV",7.2438,5.36042,-0.434401,0.0309,"no",0.0982527526821005,"Not_significant"
"LOC100289019","Mock","ZIKV",4.16717,3.40189,-0.292733,0.0309,"no",0.0982527526821005,"Not_significant"
"RUNX1T1","Mock","ZIKV",11.6057,13.5062,0.218786,0.03095,"no",0.0983978475652788,"Not_significant"
"PDE4B","Mock","ZIKV",2.88464,2.30505,-0.323594,0.031,"no",0.0985150959367946,"Not_significant"
"HIST1H2BK","Mock","ZIKV",15.4524,19.1926,0.312713,0.031,"no",0.0985150959367946,"Not_significant"
"PACRG","Mock","ZIKV",4.43813,6.09721,0.458197,0.031,"no",0.0985150959367946,"Not_significant"
"MTCP1","Mock","ZIKV",0.971385,0.502228,-0.951701,0.03105,"no",0.0986322450994218,"Not_significant"
"SCAMP5","Mock","ZIKV",28.5372,24.4244,-0.224521,0.03105,"no",0.0986322450994218,"Not_significant"
"TMEM86B","Mock","ZIKV",3.86121,4.98793,0.369387,0.03105,"no",0.0986322450994218,"Not_significant"
"C22orf29","Mock","ZIKV",5.86431,6.97093,0.24939,0.0311,"no",0.0987771432600113,"Not_significant"
"WNT2B","Mock","ZIKV",3.60565,2.76232,-0.38438,0.03115,"no",0.0988941155743481,"Not_significant"
"HDHD3","Mock","ZIKV",4.67398,3.60383,-0.375122,0.03115,"no",0.0988941155743481,"Not_significant"
"NPY1R","Mock","ZIKV",1.07492,1.49154,0.472568,0.03115,"no",0.0988941155743481,"Not_significant"
"LINC00235","Mock","ZIKV",1.29656,0.402065,-1.68919,0.0312,"no",0.0990249401155418,"Not_significant"
"ZFPM2","Mock","ZIKV",1.25212,1.62313,0.374411,0.0312,"no",0.0990249401155418,"Not_significant"
"ATG10","Mock","ZIKV",3.35053,2.58303,-0.375326,0.03125,"no",0.0991556909423863,"Not_significant"
"TMEM178A","Mock","ZIKV",41.8679,35.5274,-0.236912,0.03125,"no",0.0991556909423863,"Not_significant"
"MRPL37","Mock","ZIKV",28.3704,33.4665,0.238332,0.0313,"no",0.0993003521126761,"Not_significant"
"CHMP4B","Mock","ZIKV",60.0096,69.6044,0.213984,0.03135,"no",0.0994169717020977,"Not_significant"
"RAD54L2","Mock","ZIKV",13.0643,15.2238,0.220692,0.03135,"no",0.0994169717020977,"Not_significant"
"NDUFS4","Mock","ZIKV",94.3182,110.474,0.228099,0.03135,"no",0.0994169717020977,"Not_significant"
"MRPL14","Mock","ZIKV",29.4655,24.1954,-0.284297,0.0314,"no",0.0995334928229665,"Not_significant"
"PFN1","Mock","ZIKV",145.947,125.771,-0.214648,0.0314,"no",0.0995334928229665,"Not_significant"
"ZNF696","Mock","ZIKV",4.94599,5.90897,0.256647,0.0314,"no",0.0995334928229665,"Not_significant"
"SLC25A51","Mock","ZIKV",5.08052,6.53041,0.362196,0.03145,"no",0.0996779583509216,"Not_significant"
"SUMO1","Mock","ZIKV",83.8907,72.2557,-0.215399,0.0315,"no",0.0998223832301632,"Not_significant"
"ATG13","Mock","ZIKV",18.1098,21.0071,0.214102,0.03155,"no",0.099966767477845,"Not_significant"
"NAV1","Mock","ZIKV",36.0634,31.2132,-0.20838,0.0316,"no",0.100111111111111,"Not_significant"
"ADRM1","Mock","ZIKV",48.9692,57.0948,0.221484,0.03165,"no",0.100241317491564,"Not_significant"
"NDFIP2","Mock","ZIKV",6.15199,7.3119,0.249192,0.03165,"no",0.100241317491564,"Not_significant"
"ISCA1","Mock","ZIKV",17.5849,20.8119,0.24307,0.0317,"no",0.100371450660669,"Not_significant"
"FBXO33","Mock","ZIKV",2.8718,3.50092,0.285778,0.0317,"no",0.100371450660669,"Not_significant"
"METAP1D","Mock","ZIKV",2.66613,1.88553,-0.499775,0.03175,"no",0.100501510680157,"Not_significant"
"GAS5","Mock","ZIKV",217,252.439,0.218241,0.03175,"no",0.100501510680157,"Not_significant"
"PYROXD2","Mock","ZIKV",0.678317,0.39082,-0.795454,0.0318,"no",0.100617361989043,"Not_significant"
"AMER2","Mock","ZIKV",10.828,12.791,0.240359,0.0318,"no",0.100617361989043,"Not_significant"
"MTHFD2L","Mock","ZIKV",2.88296,3.71392,0.365395,0.0318,"no",0.100617361989043,"Not_significant"
"ZNF75A","Mock","ZIKV",18.7228,15.2257,-0.29829,0.032,"no",0.101221738519871,"Not_significant"
"ZNF423","Mock","ZIKV",41.5878,36.0018,-0.20809,0.032,"no",0.101221738519871,"Not_significant"
"NCKAP1","Mock","ZIKV",62.003,71.6005,0.207632,0.0321,"no",0.101509546539379,"Not_significant"
"PUS7L","Mock","ZIKV",4.63087,5.58939,0.271405,0.0321,"no",0.101509546539379,"Not_significant"
"SLC16A10","Mock","ZIKV",2.38749,1.81037,-0.399208,0.03215,"no",0.101610600533184,"Not_significant"
"SLC25A14","Mock","ZIKV",10.1592,8.27603,-0.295779,0.03215,"no",0.101610600533184,"Not_significant"
"SLC35B4","Mock","ZIKV",15.3474,13.2517,-0.211817,0.03215,"no",0.101610600533184,"Not_significant"
"PPP1R8","Mock","ZIKV",25.5426,29.8236,0.223548,0.03215,"no",0.101610600533184,"Not_significant"
"LOC100132215","Mock","ZIKV",7.17809,3.7821,-0.924413,0.0322,"no",0.101725806451613,"Not_significant"
"CBX8","Mock","ZIKV",15.3401,18.369,0.259959,0.0322,"no",0.101725806451613,"Not_significant"
"IRF9","Mock","ZIKV",4.21633,5.43272,0.365686,0.0322,"no",0.101725806451613,"Not_significant"
"CCDC88C","Mock","ZIKV",12.9922,11.2065,-0.213313,0.0323,"no",0.102027415509746,"Not_significant"
"SNHG9","Mock","ZIKV",34.0214,21.2866,-0.676498,0.0324,"no",0.102300252312868,"Not_significant"
"PTRH2","Mock","ZIKV",10.7815,8.24143,-0.387589,0.0324,"no",0.102300252312868,"Not_significant"
"SF3B2","Mock","ZIKV",85.203,98.3234,0.20663,0.0324,"no",0.102300252312868,"Not_significant"
"WHSC1L1","Mock","ZIKV",42.1006,48.6976,0.210009,0.03245,"no",0.102443763139453,"Not_significant"
"PFDN2","Mock","ZIKV",69.4988,90.5087,0.38107,0.0325,"no",0.102587233744395,"Not_significant"
"BORA","Mock","ZIKV",7.53538,4.67879,-0.687544,0.0326,"no",0.102859644207872,"Not_significant"
"HERC2P4","Mock","ZIKV",2.90053,1.97866,-0.551793,0.0326,"no",0.102859644207872,"Not_significant"
"C11orf63","Mock","ZIKV",1.40945,1.01251,-0.477202,0.0326,"no",0.102859644207872,"Not_significant"
"SEMA4D","Mock","ZIKV",9.20827,7.81356,-0.236951,0.03265,"no",0.102988552023526,"Not_significant"
"ANKIB1","Mock","ZIKV",16.6865,19.3144,0.211002,0.03265,"no",0.102988552023526,"Not_significant"
"ITPA","Mock","ZIKV",18.8956,15.4457,-0.290847,0.0327,"no",0.103088523442967,"Not_significant"
"RHOB","Mock","ZIKV",51.5221,59.5528,0.208978,0.0327,"no",0.103088523442967,"Not_significant"
"RNF13","Mock","ZIKV",13.8549,16.2808,0.232779,0.0327,"no",0.103088523442967,"Not_significant"
"METTL21D","Mock","ZIKV",9.27163,11.2865,0.283707,0.0327,"no",0.103088523442967,"Not_significant"
"TAF5L","Mock","ZIKV",9.74084,8.19418,-0.249448,0.03275,"no",0.103188382990628,"Not_significant"
"VDAC2","Mock","ZIKV",118.028,136.899,0.213981,0.03275,"no",0.103188382990628,"Not_significant"
"EPN1","Mock","ZIKV",52.0672,60.4073,0.214348,0.03275,"no",0.103188382990628,"Not_significant"
"DTX1","Mock","ZIKV",2.47836,3.13527,0.339206,0.03275,"no",0.103188382990628,"Not_significant"
"LOC285540","Mock","ZIKV",0.783926,0.369985,-1.08325,0.0328,"no",0.103317018598797,"Not_significant"
"NBR2","Mock","ZIKV",3.1514,2.26825,-0.474415,0.0328,"no",0.103317018598797,"Not_significant"
"DENND6A","Mock","ZIKV",12.2809,10.4947,-0.22676,0.03285,"no",0.103445582273172,"Not_significant"
"MTFMT","Mock","ZIKV",2.79754,3.56156,0.34835,0.03285,"no",0.103445582273172,"Not_significant"
"CDK3","Mock","ZIKV",7.42013,4.5756,-0.697484,0.0329,"no",0.10354513064133,"Not_significant"
"THEM4","Mock","ZIKV",1.94807,1.54283,-0.336467,0.0329,"no",0.10354513064133,"Not_significant"
"C15orf41","Mock","ZIKV",6.66467,5.41442,-0.299725,0.0329,"no",0.10354513064133,"Not_significant"
"FAM133B","Mock","ZIKV",14.0684,19.2819,0.454793,0.0329,"no",0.10354513064133,"Not_significant"
"SLC39A4","Mock","ZIKV",1.0055,0.649864,-0.629705,0.03305,"no",0.103959118838151,"Not_significant"
"UBL5","Mock","ZIKV",227.731,195.421,-0.220747,0.03305,"no",0.103959118838151,"Not_significant"
"ZNF439","Mock","ZIKV",9.16411,10.958,0.257922,0.03305,"no",0.103959118838151,"Not_significant"
"ISG20","Mock","ZIKV",1.12055,1.89832,0.760515,0.03305,"no",0.103959118838151,"Not_significant"
"KIAA1324L","Mock","ZIKV",21.6779,25.0272,0.207275,0.03315,"no",0.104259110583636,"Not_significant"
"NDUFA9","Mock","ZIKV",20.9905,24.8059,0.240949,0.0332,"no",0.104401786960771,"Not_significant"
"LOC100507118","Mock","ZIKV",7.14843,3.22009,-1.15052,0.03325,"no",0.104544423506421,"Not_significant"
"COX16","Mock","ZIKV",24.488,19.2234,-0.34921,0.0333,"no",0.104687020237264,"Not_significant"
"CACNG4","Mock","ZIKV",51.5589,44.6525,-0.207481,0.03335,"no",0.10481495046742,"Not_significant"
"UBE2D2","Mock","ZIKV",39.6968,45.9427,0.210813,0.03335,"no",0.10481495046742,"Not_significant"
"AGAP4","Mock","ZIKV",2.85692,3.67035,0.361456,0.0334,"no",0.104957449776786,"Not_significant"
"ZSCAN16","Mock","ZIKV",10.771,8.65826,-0.315008,0.03345,"no",0.105070596848417,"Not_significant"
"VEZT","Mock","ZIKV",33.6362,38.9189,0.210456,0.03345,"no",0.105070596848417,"Not_significant"
"FGF12","Mock","ZIKV",0.777553,1.01991,0.391423,0.03345,"no",0.105070596848417,"Not_significant"
"RPL39L","Mock","ZIKV",12.7607,9.76792,-0.385589,0.0335,"no",0.105212981037368,"Not_significant"
"DCTN4","Mock","ZIKV",51.956,44.9235,-0.20982,0.03355,"no",0.105340639810427,"Not_significant"
"TUBB4A","Mock","ZIKV",21.6715,25.4225,0.230309,0.03355,"no",0.105340639810427,"Not_significant"
"AMOTL2","Mock","ZIKV",58.9736,51.1307,-0.205881,0.0336,"no",0.105482926829268,"Not_significant"
"ATP5SL","Mock","ZIKV",35.5616,30.3923,-0.226612,0.03365,"no",0.10562517419175,"Not_significant"
"LRP8","Mock","ZIKV",22.0322,18.8504,-0.225018,0.0337,"no",0.105767381914449,"Not_significant"
"GIPC1","Mock","ZIKV",28.8007,33.8037,0.231078,0.03375,"no",0.105894797325533,"Not_significant"
"POLDIP2","Mock","ZIKV",29.4937,36.215,0.296181,0.03375,"no",0.105894797325533,"Not_significant"
"CTDP1","Mock","ZIKV",9.86409,11.6162,0.235882,0.0338,"no",0.106022141762986,"Not_significant"
"MYO1D","Mock","ZIKV",3.69894,4.4502,0.26676,0.0338,"no",0.106022141762986,"Not_significant"
"AFMID","Mock","ZIKV",6.15472,8.00316,0.378876,0.03385,"no",0.106149415286092,"Not_significant"
"TNFRSF10C","Mock","ZIKV",0.450225,0.999041,1.1499,0.03385,"no",0.106149415286092,"Not_significant"
"ACP2","Mock","ZIKV",20.7301,17.2552,-0.2647,0.0339,"no",0.106291411469933,"Not_significant"
"POP7","Mock","ZIKV",15.623,12.5488,-0.316125,0.03395,"no",0.106403749826075,"Not_significant"
"ATF7IP","Mock","ZIKV",39.9958,46.0589,0.203632,0.03395,"no",0.106403749826075,"Not_significant"
"MORF4L2","Mock","ZIKV",139.327,160.655,0.205496,0.03395,"no",0.106403749826075,"Not_significant"
"ZNF611","Mock","ZIKV",4.47115,3.70089,-0.272773,0.034,"no",0.106530810961191,"Not_significant"
"ATP7B","Mock","ZIKV",5.74654,4.86158,-0.241268,0.034,"no",0.106530810961191,"Not_significant"
"TOX","Mock","ZIKV",39.5182,34.2445,-0.206646,0.03405,"no",0.10665780141844,"Not_significant"
"CHST11","Mock","ZIKV",3.84084,4.58402,0.255191,0.03405,"no",0.10665780141844,"Not_significant"
"LINC00487","Mock","ZIKV",0.742804,0.441973,-0.749025,0.0341,"no",0.106784721256777,"Not_significant"
"GNAZ","Mock","ZIKV",25.2121,29.2626,0.214942,0.0341,"no",0.106784721256777,"Not_significant"
"JMJD7-PLA2G4B","Mock","ZIKV",1.70106,4.33405,1.34928,0.03415,"no",0.106926431748679,"Not_significant"
"SLC46A3","Mock","ZIKV",0.683575,0.444967,-0.619401,0.0342,"no",0.107038349312213,"Not_significant"
"MPP2","Mock","ZIKV",14.4385,16.8173,0.220021,0.0342,"no",0.107038349312213,"Not_significant"
"EML6","Mock","ZIKV",0.718938,0.928093,0.368403,0.0342,"no",0.107038349312213,"Not_significant"
"TMEM179","Mock","ZIKV",1.05287,0.634933,-0.729657,0.03425,"no",0.107179945818283,"Not_significant"
"METTL10","Mock","ZIKV",8.21302,6.82793,-0.266465,0.03435,"no",0.107477948326156,"Not_significant"
"SYS1","Mock","ZIKV",8.52503,6.84147,-0.317398,0.0344,"no",0.107604499375087,"Not_significant"
"MGAT4C","Mock","ZIKV",1.39188,1.95802,0.492359,0.0344,"no",0.107604499375087,"Not_significant"
"FARSB","Mock","ZIKV",18.0605,21.1951,0.230894,0.0345,"no",0.107902318800333,"Not_significant"
"GSK3A","Mock","ZIKV",37.9812,44.0262,0.213076,0.03455,"no",0.108043697070665,"Not_significant"
"IFFO1","Mock","ZIKV",9.79806,11.6439,0.249001,0.0346,"no",0.108170020818876,"Not_significant"
"C12orf52","Mock","ZIKV",6.59415,8.12751,0.301628,0.0346,"no",0.108170020818876,"Not_significant"
"DCAF12","Mock","ZIKV",23.1409,26.8024,0.211916,0.03475,"no",0.108623889814044,"Not_significant"
"MOSPD3","Mock","ZIKV",21.5302,17.7374,-0.279562,0.0348,"no",0.108765089496323,"Not_significant"
"CALD1","Mock","ZIKV",27.5593,23.7818,-0.212683,0.0349,"no",0.109047371341379,"Not_significant"
"LDB1","Mock","ZIKV",76.6219,66.2413,-0.210025,0.0349,"no",0.109047371341379,"Not_significant"
"CTSK","Mock","ZIKV",5.49367,6.83219,0.314578,0.03495,"no",0.109188453536755,"Not_significant"
"RMND5B","Mock","ZIKV",19.1042,22.4561,0.233219,0.035,"no",0.109329496602413,"Not_significant"
"MAPK12","Mock","ZIKV",11.8218,9.77215,-0.274699,0.03505,"no",0.109470500554631,"Not_significant"
"ANAPC15","Mock","ZIKV",32.0016,11.6184,-1.46173,0.0351,"no",0.109596271139451,"Not_significant"
"MASP1","Mock","ZIKV",1.84981,1.40459,-0.397232,0.0351,"no",0.109596271139451,"Not_significant"
"LOC645513","Mock","ZIKV",11.8873,9.1236,-0.38175,0.0352,"no",0.109847603214187,"Not_significant"
"ZNF207","Mock","ZIKV",81.4115,93.6885,0.20264,0.0352,"no",0.109847603214187,"Not_significant"
"POLR2C","Mock","ZIKV",39.6023,48.2032,0.283546,0.0352,"no",0.109847603214187,"Not_significant"
"ZNF343","Mock","ZIKV",3.26176,3.99444,0.292342,0.0352,"no",0.109847603214187,"Not_significant"
"EID2B","Mock","ZIKV",4.72464,3.69436,-0.35488,0.03525,"no",0.109942709775685,"Not_significant"
"AGER","Mock","ZIKV",12.3541,10.1743,-0.28006,0.03525,"no",0.109942709775685,"Not_significant"
"HECW2","Mock","ZIKV",9.88478,8.48723,-0.219915,0.03525,"no",0.109942709775685,"Not_significant"
"PRKAA1","Mock","ZIKV",10.7736,12.5384,0.218857,0.03525,"no",0.109942709775685,"Not_significant"
"AKAP12","Mock","ZIKV",14.2321,16.4104,0.205454,0.0353,"no",0.110068175526024,"Not_significant"
"NSFL1C","Mock","ZIKV",22.5503,26.114,0.211674,0.0353,"no",0.110068175526024,"Not_significant"
"POLR3B","Mock","ZIKV",3.76524,2.40102,-0.64909,0.03535,"no",0.110163081073603,"Not_significant"
"ZNF813","Mock","ZIKV",1.69898,1.31128,-0.373685,0.03535,"no",0.110163081073603,"Not_significant"
"RNF219","Mock","ZIKV",11.3268,13.5834,0.262103,0.03535,"no",0.110163081073603,"Not_significant"
"DLG4","Mock","ZIKV",44.3256,54.022,0.285406,0.03535,"no",0.110163081073603,"Not_significant"
"PRELID2","Mock","ZIKV",0.83432,0.520935,-0.679499,0.0354,"no",0.110288381742739,"Not_significant"
"EFTUD1","Mock","ZIKV",7.91526,6.6625,-0.248573,0.0354,"no",0.110288381742739,"Not_significant"
"CNP","Mock","ZIKV",14.0963,10.7076,-0.396679,0.03555,"no",0.110725076050885,"Not_significant"
"MAP3K11","Mock","ZIKV",6.4951,5.43538,-0.25697,0.03555,"no",0.110725076050885,"Not_significant"
"SRSF9","Mock","ZIKV",149.426,119.46,-0.322907,0.0356,"no",0.110850152059718,"Not_significant"
"GABPA","Mock","ZIKV",15.8449,12.8539,-0.301818,0.0356,"no",0.110850152059718,"Not_significant"
"SNTA1","Mock","ZIKV",4.19718,5.22563,0.316186,0.03565,"no",0.110990497581202,"Not_significant"
"ATG9B","Mock","ZIKV",0.729213,0.496874,-0.553459,0.0357,"no",0.111084749274762,"Not_significant"
"DLG5-AS1","Mock","ZIKV",1.11624,0.785151,-0.507604,0.0357,"no",0.111084749274762,"Not_significant"
"ZNF235","Mock","ZIKV",2.6811,2.09926,-0.35294,0.0357,"no",0.111084749274762,"Not_significant"
"CCDC66","Mock","ZIKV",12.8876,17.3412,0.428221,0.0357,"no",0.111084749274762,"Not_significant"
"PHKA1","Mock","ZIKV",1.07053,0.825904,-0.374274,0.03575,"no",0.11120960502693,"Not_significant"
"MON2","Mock","ZIKV",10.1086,11.6594,0.205912,0.03575,"no",0.11120960502693,"Not_significant"
"L3MBTL2","Mock","ZIKV",11.3623,13.3736,0.235133,0.03585,"no",0.111489886787243,"Not_significant"
"STUB1","Mock","ZIKV",21.5359,28.8315,0.420901,0.03585,"no",0.111489886787243,"Not_significant"
"C6orf89","Mock","ZIKV",14.9977,12.9869,-0.207681,0.03595,"no",0.111754588738614,"Not_significant"
"TRAK1","Mock","ZIKV",31.2425,36.0331,0.205811,0.03595,"no",0.111754588738614,"Not_significant"
"WTAP","Mock","ZIKV",60.2095,69.7667,0.212548,0.03595,"no",0.111754588738614,"Not_significant"
"CDKN2AIPNL","Mock","ZIKV",22.2166,18.6474,-0.252661,0.03605,"no",0.112034526766004,"Not_significant"
"USP46","Mock","ZIKV",9.32424,8.03537,-0.214622,0.03605,"no",0.112034526766004,"Not_significant"
"MRPL32","Mock","ZIKV",32.5159,27.2187,-0.25655,0.0361,"no",0.112174437853497,"Not_significant"
"ZNF155","Mock","ZIKV",4.52913,5.55966,0.295763,0.03615,"no",0.112314310344828,"Not_significant"
"COPS5","Mock","ZIKV",27.6931,23.5304,-0.235005,0.0362,"no",0.112423135254378,"Not_significant"
"UBA7","Mock","ZIKV",0.84025,1.1709,0.478729,0.0362,"no",0.112423135254378,"Not_significant"
"CABP1","Mock","ZIKV",1.3938,2.14171,0.619741,0.0362,"no",0.112423135254378,"Not_significant"
"CDK16","Mock","ZIKV",56.6373,65.2071,0.203277,0.03625,"no",0.112562896333058,"Not_significant"
"NOL9","Mock","ZIKV",4.72234,5.55794,0.235048,0.0363,"no",0.112702618883529,"Not_significant"
"FAM66D","Mock","ZIKV",0.874414,0.3623,-1.27113,0.03635,"no",0.112811208321852,"Not_significant"
"PDIA3P","Mock","ZIKV",1.59079,1.11068,-0.518305,0.03635,"no",0.112811208321852,"Not_significant"
"TOP3B","Mock","ZIKV",12.1112,14.2085,0.230408,0.03635,"no",0.112811208321852,"Not_significant"
"CHST9","Mock","ZIKV",0.623733,0.305941,-1.02768,0.0364,"no",0.112904158633985,"Not_significant"
"UBE2E1","Mock","ZIKV",48.617,41.5366,-0.227078,0.0364,"no",0.112904158633985,"Not_significant"
"PINK1","Mock","ZIKV",22.1493,25.7879,0.219431,0.0364,"no",0.112904158633985,"Not_significant"
"SNX8","Mock","ZIKV",3.56663,4.29452,0.267936,0.0364,"no",0.112904158633985,"Not_significant"
"PRDM8","Mock","ZIKV",6.30455,5.22289,-0.271544,0.03645,"no",0.11302811811674,"Not_significant"
"MAML2","Mock","ZIKV",7.31508,8.5692,0.228286,0.03645,"no",0.11302811811674,"Not_significant"
"GOSR1","Mock","ZIKV",12.7965,14.8607,0.215753,0.0365,"no",0.113136438695473,"Not_significant"
"GOLGA8B","Mock","ZIKV",7.01498,8.29991,0.242657,0.0365,"no",0.113136438695473,"Not_significant"
"SMPD1","Mock","ZIKV",7.47577,8.9801,0.264509,0.0365,"no",0.113136438695473,"Not_significant"
"FNDC3A","Mock","ZIKV",36.4664,41.9784,0.203082,0.03655,"no",0.11327583241607,"Not_significant"
"ZBTB18","Mock","ZIKV",59.7733,51.9642,-0.201984,0.0366,"no",0.113399587345254,"Not_significant"
"IQSEC3","Mock","ZIKV",1.66617,2.09595,0.331065,0.0366,"no",0.113399587345254,"Not_significant"
"FAM22D","Mock","ZIKV",2.87465,2.35516,-0.287559,0.03665,"no",0.113492060764366,"Not_significant"
"AMFR","Mock","ZIKV",32.3846,37.3064,0.204117,0.03665,"no",0.113492060764366,"Not_significant"
"ZMYND11","Mock","ZIKV",32.1972,37.2449,0.210109,0.03665,"no",0.113492060764366,"Not_significant"
"EMC9","Mock","ZIKV",11.5681,16.4408,0.507119,0.03665,"no",0.113492060764366,"Not_significant"
"LOC388849","Mock","ZIKV",0.917942,0.261412,-1.81208,0.0367,"no",0.113615654205607,"Not_significant"
"SH3GL3","Mock","ZIKV",8.15915,9.93648,0.284316,0.0367,"no",0.113615654205607,"Not_significant"
"C9orf171","Mock","ZIKV",3.17854,2.38267,-0.415786,0.03675,"no",0.113754809674316,"Not_significant"
"ADORA2A","Mock","ZIKV",4.73783,5.94778,0.328126,0.0368,"no",0.113893926902995,"Not_significant"
"STK33","Mock","ZIKV",12.9858,11.0082,-0.238358,0.03685,"no",0.114017342032967,"Not_significant"
"NAPG","Mock","ZIKV",11.9125,13.911,0.223741,0.03685,"no",0.114017342032967,"Not_significant"
"GPR98","Mock","ZIKV",41.3277,35.9099,-0.202726,0.0369,"no",0.114140689371052,"Not_significant"
"C16orf70","Mock","ZIKV",6.44868,7.81025,0.276366,0.0369,"no",0.114140689371052,"Not_significant"
"LINC00493","Mock","ZIKV",41.5413,33.7509,-0.29962,0.03695,"no",0.114263968973092,"Not_significant"
"APH1B","Mock","ZIKV",7.4409,6.29197,-0.241965,0.03695,"no",0.114263968973092,"Not_significant"
"MED6","Mock","ZIKV",19.6342,16.4571,-0.254663,0.03705,"no",0.114526039522437,"Not_significant"
"WDR73","Mock","ZIKV",26.2153,22.4184,-0.225722,0.03705,"no",0.114526039522437,"Not_significant"
"ZNRD1","Mock","ZIKV",17.4207,21.4487,0.300089,0.03705,"no",0.114526039522437,"Not_significant"
"LPIN3","Mock","ZIKV",0.830978,0.383651,-1.11502,0.0371,"no",0.114649128824256,"Not_significant"
"GTPBP2","Mock","ZIKV",14.1999,11.0635,-0.360071,0.0371,"no",0.114649128824256,"Not_significant"
"PIGP","Mock","ZIKV",11.4528,8.88333,-0.366533,0.03715,"no",0.114772150596626,"Not_significant"
"ZNF607","Mock","ZIKV",5.01113,5.98284,0.255693,0.03715,"no",0.114772150596626,"Not_significant"
"SEMA4G","Mock","ZIKV",7.23754,5.77275,-0.326241,0.0372,"no",0.114910861217773,"Not_significant"
"LINC00086","Mock","ZIKV",2.53838,1.99064,-0.350678,0.0374,"no",0.115481151473612,"Not_significant"
"KLHL18","Mock","ZIKV",7.1621,8.59921,0.26382,0.0374,"no",0.115481151473612,"Not_significant"
"EHD3","Mock","ZIKV",3.46202,4.20658,0.281033,0.0374,"no",0.115481151473612,"Not_significant"
"GLIPR1L2","Mock","ZIKV",0.871107,0.529173,-0.719109,0.03745,"no",0.115603844045498,"Not_significant"
"TNPO3","Mock","ZIKV",26.3004,22.7934,-0.206467,0.03745,"no",0.115603844045498,"Not_significant"
"CCDC122","Mock","ZIKV",0.768205,0.351838,-1.12658,0.0375,"no",0.11574232666484,"Not_significant"
"MAN2A2","Mock","ZIKV",17.3645,15.0595,-0.205465,0.03755,"no",0.115864897260274,"Not_significant"
"RNF216","Mock","ZIKV",11.4295,13.2684,0.215234,0.03755,"no",0.115864897260274,"Not_significant"
"ZXDC","Mock","ZIKV",18.462,22.1604,0.263427,0.0376,"no",0.115987400712134,"Not_significant"
"SORCS3","Mock","ZIKV",0.508214,0.698744,0.459329,0.0376,"no",0.115987400712134,"Not_significant"
"KCNQ1DN","Mock","ZIKV",1.68181,1.03428,-0.701388,0.03765,"no",0.116093942505133,"Not_significant"
"PPP1R9A","Mock","ZIKV",8.77084,10.1547,0.211361,0.03765,"no",0.116093942505133,"Not_significant"
"LOC728743","Mock","ZIKV",2.00256,2.55108,0.349265,0.03765,"no",0.116093942505133,"Not_significant"
"PDCD4","Mock","ZIKV",18.5372,22.3175,0.267757,0.0377,"no",0.116232206405694,"Not_significant"
"CMC2","Mock","ZIKV",36.1767,28.2536,-0.356625,0.03775,"no",0.116354508757526,"Not_significant"
"XYLT1","Mock","ZIKV",26.0227,29.866,0.198733,0.03775,"no",0.116354508757526,"Not_significant"
"TANGO2","Mock","ZIKV",5.57405,4.49603,-0.310075,0.0378,"no",0.116492680257217,"Not_significant"
"SLC29A1","Mock","ZIKV",15.0914,12.758,-0.242326,0.03785,"no",0.116598912746171,"Not_significant"
"IFT80","Mock","ZIKV",19.5066,16.8228,-0.213548,0.03785,"no",0.116598912746171,"Not_significant"
"MYH7","Mock","ZIKV",1.52319,1.88413,0.306803,0.03785,"no",0.116598912746171,"Not_significant"
"SERBP1","Mock","ZIKV",57.1717,49.744,-0.200778,0.0379,"no",0.116736975249556,"Not_significant"
"NFYA","Mock","ZIKV",10.1229,8.65614,-0.225827,0.03795,"no",0.116859022556391,"Not_significant"
"ARHGEF40","Mock","ZIKV",29.5682,25.7421,-0.199919,0.03795,"no",0.116859022556391,"Not_significant"
"SIM2","Mock","ZIKV",2.76657,2.20853,-0.325015,0.038,"no",0.116996992892291,"Not_significant"
"ASB16","Mock","ZIKV",0.947291,0.463171,-1.03226,0.03805,"no",0.11711891910358,"Not_significant"
"FP588","Mock","ZIKV",3.82771,3.18194,-0.266574,0.03805,"no",0.11711891910358,"Not_significant"
"ZMIZ2","Mock","ZIKV",29.9589,25.9919,-0.204925,0.0381,"no",0.117240778688525,"Not_significant"
"TRRAP","Mock","ZIKV",18.9698,16.5043,-0.200866,0.0381,"no",0.117240778688525,"Not_significant"
"ZDHHC18","Mock","ZIKV",16.9094,14.504,-0.22138,0.0382,"no",0.117516388964764,"Not_significant"
"LMBRD1","Mock","ZIKV",24.4693,28.4258,0.216229,0.0382,"no",0.117516388964764,"Not_significant"
"PARP11","Mock","ZIKV",9.70063,8.27267,-0.229725,0.03825,"no",0.117654137648505,"Not_significant"
"TIMM10B","Mock","ZIKV",15.9004,12.6907,-0.325284,0.0383,"no",0.117791848716548,"Not_significant"
"MORN5","Mock","ZIKV",1.34516,0.629745,-1.09494,0.0384,"no",0.118034934497817,"Not_significant"
"CNN2","Mock","ZIKV",88.6036,77.1847,-0.199051,0.0384,"no",0.118034934497817,"Not_significant"
"ANKS3","Mock","ZIKV",9.73478,11.6144,0.254695,0.0384,"no",0.118034934497817,"Not_significant"
"SLC20A2","Mock","ZIKV",7.57647,9.28137,0.292813,0.0384,"no",0.118034934497817,"Not_significant"
"LTBP3","Mock","ZIKV",9.43939,7.44012,-0.343368,0.03845,"no",0.118140260537444,"Not_significant"
"ABCC9","Mock","ZIKV",6.05059,5.1568,-0.2306,0.03845,"no",0.118140260537444,"Not_significant"
"C17orf76-AS1","Mock","ZIKV",396.023,339.115,-0.22381,0.03845,"no",0.118140260537444,"Not_significant"
"KIAA1704","Mock","ZIKV",11.5606,9.44915,-0.290957,0.0385,"no",0.118261625528433,"Not_significant"
"TP53I11","Mock","ZIKV",142.801,119.237,-0.260178,0.0385,"no",0.118261625528433,"Not_significant"
"KLHL7","Mock","ZIKV",44.8489,38.1474,-0.233488,0.03855,"no",0.118382924335378,"Not_significant"
"FAM133A","Mock","ZIKV",0.580972,0.840962,0.533573,0.03855,"no",0.118382924335378,"Not_significant"
"RBM38","Mock","ZIKV",12.6938,16.2391,0.355356,0.0386,"no",0.118520310796074,"Not_significant"
"NOS1AP","Mock","ZIKV",11.0967,12.902,0.217463,0.03865,"no",0.118641489506678,"Not_significant"
"PPHLN1","Mock","ZIKV",31.4334,36.9626,0.233771,0.03865,"no",0.118641489506678,"Not_significant"
"DDA1","Mock","ZIKV",10.907,8.06014,-0.436381,0.0387,"no",0.118746424192889,"Not_significant"
"SHCBP1","Mock","ZIKV",4.18324,3.39594,-0.300812,0.0387,"no",0.118746424192889,"Not_significant"
"VASN","Mock","ZIKV",4.51575,6.5051,0.526605,0.0387,"no",0.118746424192889,"Not_significant"
"RBM17","Mock","ZIKV",30.5425,35.176,0.203775,0.03875,"no",0.118883648869518,"Not_significant"
"NPEPL1","Mock","ZIKV",13.7507,8.88333,-0.63033,0.0388,"no",0.118988427501702,"Not_significant"
"PCDP1","Mock","ZIKV",1.70395,1.23725,-0.46174,0.0388,"no",0.118988427501702,"Not_significant"
"LRRC6","Mock","ZIKV",5.25724,4.17389,-0.332912,0.0388,"no",0.118988427501702,"Not_significant"
"ORMDL3","Mock","ZIKV",36.1661,31.1861,-0.213737,0.0389,"no",0.119278859243126,"Not_significant"
"TMEM212","Mock","ZIKV",4.18489,3.18225,-0.395142,0.03895,"no",0.119383419512859,"Not_significant"
"SHPRH","Mock","ZIKV",10.1699,8.14892,-0.319623,0.03895,"no",0.119383419512859,"Not_significant"
"TRPC1","Mock","ZIKV",10.8371,9.26476,-0.226157,0.03895,"no",0.119383419512859,"Not_significant"
"MAP3K9","Mock","ZIKV",3.87163,4.59669,0.247656,0.039,"no",0.119520408163265,"Not_significant"
"RAD23A","Mock","ZIKV",32.6531,38.0121,0.219237,0.03905,"no",0.119657359542919,"Not_significant"
"SLC27A4","Mock","ZIKV",10.6314,9.0399,-0.233954,0.0391,"no",0.119777981776146,"Not_significant"
"UCHL5","Mock","ZIKV",10.7258,14.3126,0.416196,0.0391,"no",0.119777981776146,"Not_significant"
"IPW","Mock","ZIKV",22.7284,26.1596,0.202842,0.0392,"no",0.12006799020941,"Not_significant"
"UGDH-AS1","Mock","ZIKV",54.3731,43.8849,-0.309168,0.0393,"no",0.12032520048933,"Not_significant"
"XRCC6","Mock","ZIKV",186.25,162.317,-0.19842,0.0393,"no",0.12032520048933,"Not_significant"
"RNF123","Mock","ZIKV",13.5217,16.185,0.259376,0.0393,"no",0.12032520048933,"Not_significant"
"MTRNR2L10","Mock","ZIKV",1.40998,0.768362,-0.875822,0.0394,"no",0.120549443086118,"Not_significant"
"CBR1","Mock","ZIKV",8.14748,6.40046,-0.348177,0.0394,"no",0.120549443086118,"Not_significant"
"AR","Mock","ZIKV",1.76431,1.45118,-0.281882,0.0394,"no",0.120549443086118,"Not_significant"
"MED14","Mock","ZIKV",17.2935,15.0442,-0.201018,0.0394,"no",0.120549443086118,"Not_significant"
"CSNK2A1","Mock","ZIKV",52.9334,61.0448,0.20569,0.0394,"no",0.120549443086118,"Not_significant"
"AUNIP","Mock","ZIKV",2.41112,1.79317,-0.427194,0.03945,"no",0.120686031508896,"Not_significant"
"ANKDD1A","Mock","ZIKV",2.41416,3.04058,0.332826,0.03955,"no",0.120975522813688,"Not_significant"
"FGF13","Mock","ZIKV",22.9828,26.9186,0.228049,0.03965,"no",0.121248472712463,"Not_significant"
"RAET1K","Mock","ZIKV",0.697308,1.08079,0.632221,0.03965,"no",0.121248472712463,"Not_significant"
"AMZ2","Mock","ZIKV",43.7078,51.1656,0.227283,0.0397,"no",0.121368417480999,"Not_significant"
"STON1-GTF2A1L","Mock","ZIKV",0.659762,1.66253,1.33336,0.0397,"no",0.121368417480999,"Not_significant"
"ZNF358","Mock","ZIKV",53.9274,46.7354,-0.2065,0.03975,"no",0.121504783552721,"Not_significant"
"CDYL2","Mock","ZIKV",2.74027,3.51864,0.360698,0.0398,"no",0.121641112618725,"Not_significant"
"SH3GL1","Mock","ZIKV",37.7552,43.7815,0.213647,0.03995,"no",0.122082994166327,"Not_significant"
"LOC284648","Mock","ZIKV",1.65666,1.10371,-0.58592,0.04,"no",0.122186059126661,"Not_significant"
"ABHD15","Mock","ZIKV",1.46352,1.08956,-0.425698,0.04,"no",0.122186059126661,"Not_significant"
"SNHG5","Mock","ZIKV",98.9958,116.177,0.23088,0.04,"no",0.122186059126661,"Not_significant"
"WBSCR16","Mock","ZIKV",13.9668,11.8414,-0.238167,0.0401,"no",0.122458310737527,"Not_significant"
"PANX2","Mock","ZIKV",1.54501,2.0133,0.381952,0.0401,"no",0.122458310737527,"Not_significant"
"TSNAXIP1","Mock","ZIKV",3.06513,2.38464,-0.362176,0.04015,"no",0.122594381184763,"Not_significant"
"LOC100129250","Mock","ZIKV",9.51293,3.68871,-1.36677,0.0402,"no",0.122730414746544,"Not_significant"
"NODAL","Mock","ZIKV",1.24394,0.840494,-0.56561,0.04025,"no",0.122849762872629,"Not_significant"
"FAM217B","Mock","ZIKV",17.1804,14.7023,-0.224718,0.04025,"no",0.122849762872629,"Not_significant"
"RNLS","Mock","ZIKV",0.754273,0.474226,-0.669512,0.0403,"no",0.12293573943662,"Not_significant"
"LOC100132832","Mock","ZIKV",1.74432,1.26701,-0.461237,0.0403,"no",0.12293573943662,"Not_significant"
"PGM1","Mock","ZIKV",3.15299,2.46618,-0.35444,0.0403,"no",0.12293573943662,"Not_significant"
"TPCN2","Mock","ZIKV",2.68164,2.1947,-0.289087,0.0403,"no",0.12293573943662,"Not_significant"
"MSANTD2","Mock","ZIKV",16.2633,13.8155,-0.235333,0.04035,"no",0.123054935012185,"Not_significant"
"GFER","Mock","ZIKV",10.8129,12.7806,0.241199,0.04035,"no",0.123054935012185,"Not_significant"
"ARID1B","Mock","ZIKV",15.4629,17.7645,0.200187,0.0404,"no",0.12319074049005,"Not_significant"
"TBC1D9","Mock","ZIKV",14.4216,16.6489,0.207193,0.04045,"no",0.123309818649344,"Not_significant"
"ANKRD55","Mock","ZIKV",1.0648,1.48024,0.475245,0.04045,"no",0.123309818649344,"Not_significant"
"GALNT10","Mock","ZIKV",8.10336,6.94094,-0.223388,0.0405,"no",0.123428832363686,"Not_significant"
"UPF2","Mock","ZIKV",11.8981,13.7738,0.211191,0.0405,"no",0.123428832363686,"Not_significant"
"GRIK2","Mock","ZIKV",8.33026,9.74185,0.225835,0.04055,"no",0.123564495400433,"Not_significant"
"MIR7-3HG","Mock","ZIKV",6.75544,8.94423,0.404906,0.0406,"no",0.123700121736778,"Not_significant"
"THEMIS2","Mock","ZIKV",1.44968,0.885143,-0.711749,0.04065,"no",0.123818965517241,"Not_significant"
"HIST1H3D","Mock","ZIKV",0.258708,0.983338,1.92636,0.04065,"no",0.123818965517241,"Not_significant"
"HSD11B2","Mock","ZIKV",1.23864,0.819455,-0.596017,0.04075,"no",0.124106780692266,"Not_significant"
"POLR2K","Mock","ZIKV",42.4349,36.0691,-0.234487,0.04085,"no",0.124394518047857,"Not_significant"
"NUP214","Mock","ZIKV",15.0605,13.0751,-0.203943,0.0409,"no",0.124513109879713,"Not_significant"
"DMTF1","Mock","ZIKV",50.1781,43.7001,-0.199421,0.0409,"no",0.124513109879713,"Not_significant"
"SLIT1","Mock","ZIKV",143.274,164.868,0.202536,0.04095,"no",0.12464847972973,"Not_significant"
"S100A16","Mock","ZIKV",0.64684,0.27223,-1.24858,0.0411,"no",0.125054369850061,"Not_significant"
"MAPRE3","Mock","ZIKV",34.561,29.7455,-0.216471,0.0411,"no",0.125054369850061,"Not_significant"
"ZC3H11A","Mock","ZIKV",47.3386,54.6344,0.206793,0.0411,"no",0.125054369850061,"Not_significant"
"UFD1L","Mock","ZIKV",19.2614,16.3235,-0.238764,0.0412,"no",0.12532478055368,"Not_significant"
"CA8","Mock","ZIKV",15.5691,18.2322,0.227807,0.0412,"no",0.12532478055368,"Not_significant"
"ZNF740","Mock","ZIKV",12.9624,10.5377,-0.298778,0.04125,"no",0.125426059665227,"Not_significant"
"TCF12","Mock","ZIKV",52.2826,60.0075,0.198812,0.04125,"no",0.125426059665227,"Not_significant"
"CLPTM1L","Mock","ZIKV",35.3213,40.8227,0.208835,0.04125,"no",0.125426059665227,"Not_significant"
"ABCD3","Mock","ZIKV",17.0549,20.0649,0.234485,0.0413,"no",0.125561141854501,"Not_significant"
"ACY1","Mock","ZIKV",2.66059,0.762878,-1.80222,0.04135,"no",0.125696187584345,"Not_significant"
"EIF3A","Mock","ZIKV",58.7061,67.0925,0.192641,0.04145,"no",0.125983166914047,"Not_significant"
"ZNF92","Mock","ZIKV",11.9402,13.9483,0.224267,0.0415,"no",0.126118119266055,"Not_significant"
"C3orf62","Mock","ZIKV",6.81063,5.72989,-0.24928,0.0416,"no",0.126370869858395,"Not_significant"
"DDX47","Mock","ZIKV",24.2506,20.7397,-0.225629,0.0416,"no",0.126370869858395,"Not_significant"
"SNX5","Mock","ZIKV",24.6384,28.616,0.215913,0.0416,"no",0.126370869858395,"Not_significant"
"MEGF9","Mock","ZIKV",13.1276,11.3844,-0.205555,0.04165,"no",0.126488640959957,"Not_significant"
"EVL","Mock","ZIKV",138.307,120.725,-0.196153,0.04165,"no",0.126488640959957,"Not_significant"
"VTI1B","Mock","ZIKV",30.8154,25.1767,-0.291564,0.0417,"no",0.126606348564497,"Not_significant"
"AKAP5","Mock","ZIKV",1.59408,1.96289,0.300255,0.0417,"no",0.126606348564497,"Not_significant"
"PPARA","Mock","ZIKV",0.724301,0.568872,-0.348484,0.04175,"no",0.126741071428571,"Not_significant"
"MOK","Mock","ZIKV",12.6183,15.1533,0.26411,0.0418,"no",0.126841573487808,"Not_significant"
"MAP3K6","Mock","ZIKV",1.69588,2.12956,0.328522,0.0418,"no",0.126841573487808,"Not_significant"
"SLC45A1","Mock","ZIKV",3.01268,3.81094,0.339099,0.0418,"no",0.126841573487808,"Not_significant"
"SEC14L1P1","Mock","ZIKV",0.98766,0.450391,-1.13284,0.0419,"no",0.127093657419876,"Not_significant"
"FAM69B","Mock","ZIKV",35.0925,29.6101,-0.245071,0.0419,"no",0.127093657419876,"Not_significant"
"SIRT7","Mock","ZIKV",6.92395,8.4465,0.286757,0.0419,"no",0.127093657419876,"Not_significant"
"KLHL25","Mock","ZIKV",8.53162,7.25427,-0.23399,0.04195,"no",0.127228187693551,"Not_significant"
"PHKG1","Mock","ZIKV",2.87851,1.57597,-0.869085,0.04205,"no",0.127497139588101,"Not_significant"
"SAE1","Mock","ZIKV",63.2274,55.1086,-0.198273,0.04205,"no",0.127497139588101,"Not_significant"
"DERL1","Mock","ZIKV",24.5403,21.2532,-0.20747,0.0421,"no",0.127631561238223,"Not_significant"
"FJX1","Mock","ZIKV",45.3039,39.4578,-0.199326,0.0422,"no",0.127917507737855,"Not_significant"
"FAM219A","Mock","ZIKV",35.3645,40.7392,0.204118,0.04225,"no",0.128051836652314,"Not_significant"
"FAM104A","Mock","ZIKV",10.5609,13.2856,0.33113,0.04235,"no",0.12832038606403,"Not_significant"
"GPR6","Mock","ZIKV",2.69096,3.54429,0.397375,0.04235,"no",0.12832038606403,"Not_significant"
"ALB","Mock","ZIKV",0.897612,0.583726,-0.620802,0.0424,"no",0.128420061852898,"Not_significant"
"ACTR3B","Mock","ZIKV",7.57322,9.11338,0.267079,0.0424,"no",0.128420061852898,"Not_significant"
"PRRG1","Mock","ZIKV",1.92485,2.41658,0.328221,0.0424,"no",0.128420061852898,"Not_significant"
"EFHD2","Mock","ZIKV",10.9411,9.24597,-0.242858,0.0425,"no",0.128705633234741,"Not_significant"
"KIAA0753","Mock","ZIKV",14.5319,17.1238,0.236779,0.04265,"no",0.129142525877134,"Not_significant"
"VKORC1","Mock","ZIKV",36.8397,31.2134,-0.239095,0.0427,"no",0.129276545698925,"Not_significant"
"OLIG2","Mock","ZIKV",3.22596,4.04377,0.325972,0.04275,"no",0.129410529498723,"Not_significant"
"PCDH18","Mock","ZIKV",7.81517,9.06348,0.213788,0.0428,"no",0.129544477291051,"Not_significant"
"RBM26-AS1","Mock","ZIKV",0.74905,0.474862,-0.657552,0.04285,"no",0.129660968565287,"Not_significant"
"PCDHB7","Mock","ZIKV",1.10291,1.45389,0.398599,0.04285,"no",0.129660968565287,"Not_significant"
"LOC728537","Mock","ZIKV",2.14008,1.47276,-0.539147,0.04295,"no",0.129893763426423,"Not_significant"
"UG0898H09","Mock","ZIKV",6.77658,5.77387,-0.231018,0.04295,"no",0.129893763426423,"Not_significant"
"RYK","Mock","ZIKV",33.3359,38.3366,0.201647,0.04295,"no",0.129893763426423,"Not_significant"
"MARCH9","Mock","ZIKV",8.30435,9.79775,0.238583,0.04295,"no",0.129893763426423,"Not_significant"
"GCK","Mock","ZIKV",2.16386,2.76097,0.351569,0.0431,"no",0.130329910055041,"Not_significant"
"FUZ","Mock","ZIKV",12.1662,7.89397,-0.624059,0.04315,"no",0.130463590604027,"Not_significant"
"ERP44","Mock","ZIKV",12.7118,14.6991,0.209557,0.0432,"no",0.130597235270433,"Not_significant"
"DGCR10","Mock","ZIKV",1.26857,0.685743,-0.887461,0.04325,"no",0.130695767373222,"Not_significant"
"MFSD5","Mock","ZIKV",10.2351,8.47235,-0.272692,0.04325,"no",0.130695767373222,"Not_significant"
"DIO3","Mock","ZIKV",5.49208,6.71518,0.290074,0.04325,"no",0.130695767373222,"Not_significant"
"NUTF2","Mock","ZIKV",104.905,84.7161,-0.30837,0.0433,"no",0.130829309188464,"Not_significant"
"FGD4","Mock","ZIKV",9.34283,10.7695,0.205021,0.0434,"no",0.131113868025751,"Not_significant"
"HAPLN3","Mock","ZIKV",1.427,0.97124,-0.55509,0.04345,"no",0.131247317956283,"Not_significant"
"TP53I3","Mock","ZIKV",7.8254,5.83841,-0.422588,0.0435,"no",0.13131030554811,"Not_significant"
"DOM3Z","Mock","ZIKV",12.3453,9.72418,-0.344317,0.0435,"no",0.13131030554811,"Not_significant"
"ATAD3A","Mock","ZIKV",12.2514,10.3782,-0.23939,0.0435,"no",0.13131030554811,"Not_significant"
"KIAA0368","Mock","ZIKV",16.9912,19.4925,0.19813,0.0435,"no",0.13131030554811,"Not_significant"
"MRPL50","Mock","ZIKV",18.1238,21.7007,0.259858,0.0435,"no",0.13131030554811,"Not_significant"
"STAG3L3","Mock","ZIKV",0.909435,0.572647,-0.667324,0.0437,"no",0.131861018084394,"Not_significant"
"LOC729970","Mock","ZIKV",7.25713,5.54396,-0.388482,0.0437,"no",0.131861018084394,"Not_significant"
"TADA1","Mock","ZIKV",14.8222,17.3264,0.225217,0.0437,"no",0.131861018084394,"Not_significant"
"ZNF880","Mock","ZIKV",6.41361,5.25348,-0.287863,0.04385,"no",0.132278190705772,"Not_significant"
"CCNI","Mock","ZIKV",274.767,314.353,0.194178,0.04385,"no",0.132278190705772,"Not_significant"
"FAM22A","Mock","ZIKV",3.96377,4.79459,0.274532,0.04395,"no",0.13256209828602,"Not_significant"
"ZNF726","Mock","ZIKV",1.08743,0.715828,-0.603241,0.044,"no",0.132677376171352,"Not_significant"
"PKIG","Mock","ZIKV",46.7767,40.1702,-0.219666,0.044,"no",0.132677376171352,"Not_significant"
"WDR55","Mock","ZIKV",8.14722,9.8418,0.272615,0.0441,"no",0.132961116316423,"Not_significant"
"RTKN","Mock","ZIKV",6.48411,5.30473,-0.289628,0.04415,"no",0.133094051124197,"Not_significant"
"PRUNE2","Mock","ZIKV",3.23601,2.78215,-0.218015,0.0442,"no",0.133173488496522,"Not_significant"
"CDC14B","Mock","ZIKV",10.0893,8.67665,-0.21761,0.0442,"no",0.133173488496522,"Not_significant"
"ITM2B","Mock","ZIKV",118.372,135.471,0.194652,0.0442,"no",0.133173488496522,"Not_significant"
"BAK1","Mock","ZIKV",8.92145,10.628,0.252515,0.0442,"no",0.133173488496522,"Not_significant"
"SHOX2","Mock","ZIKV",0.516409,0.758594,0.554814,0.04425,"no",0.133306306005082,"Not_significant"
"LOC729732","Mock","ZIKV",1.91191,1.21016,-0.659822,0.04435,"no",0.133553977272727,"Not_significant"
"RMDN3","Mock","ZIKV",16.8718,14.418,-0.226746,0.04435,"no",0.133553977272727,"Not_significant"
"TOMM22","Mock","ZIKV",43.8808,37.8442,-0.213516,0.04435,"no",0.133553977272727,"Not_significant"
"ACO1","Mock","ZIKV",9.24676,10.8124,0.225673,0.04445,"no",0.133837220959765,"Not_significant"
"TMEM52","Mock","ZIKV",1.84198,1.13165,-0.702825,0.0445,"no",0.133969860999733,"Not_significant"
"PLXNB2","Mock","ZIKV",69.7083,79.5388,0.190329,0.04455,"no",0.134102465588668,"Not_significant"
"SEPSECS","Mock","ZIKV",3.00583,3.58719,0.255089,0.0446,"no",0.13423503474078,"Not_significant"
"SLC25A20","Mock","ZIKV",4.87704,3.86411,-0.33587,0.0447,"no",0.134500066791344,"Not_significant"
"TRIM13","Mock","ZIKV",9.88197,8.4614,-0.223903,0.0447,"no",0.134500066791344,"Not_significant"
"NHLRC4","Mock","ZIKV",1.2151,0.824007,-0.560344,0.04475,"no",0.134596574976632,"Not_significant"
"ESF1","Mock","ZIKV",10.6494,12.4469,0.225022,0.04475,"no",0.134596574976632,"Not_significant"
"STIM2","Mock","ZIKV",5.23947,6.15831,0.233114,0.04475,"no",0.134596574976632,"Not_significant"
"LINC00634","Mock","ZIKV",2.24091,1.58702,-0.497763,0.0448,"no",0.134728971962617,"Not_significant"
"PHYHIP","Mock","ZIKV",1.06737,0.770175,-0.470805,0.04485,"no",0.134825336981182,"Not_significant"
"TMBIM6","Mock","ZIKV",250.967,219.513,-0.193188,0.04485,"no",0.134825336981182,"Not_significant"
"PRR5L","Mock","ZIKV",1.51454,1.93871,0.356211,0.04485,"no",0.134825336981182,"Not_significant"
"TOP2B","Mock","ZIKV",125.114,109.537,-0.191821,0.0449,"no",0.134939626417612,"Not_significant"
"ACADS","Mock","ZIKV",0.891923,1.31322,0.55812,0.0449,"no",0.134939626417612,"Not_significant"
"FZD8","Mock","ZIKV",2.69546,3.3379,0.308412,0.04495,"no",0.135071871664888,"Not_significant"
"NECAP2","Mock","ZIKV",12.4957,14.76,0.240256,0.045,"no",0.13518604961323,"Not_significant"
"TRUB2","Mock","ZIKV",10.668,12.825,0.265676,0.045,"no",0.13518604961323,"Not_significant"
"MKI67IP","Mock","ZIKV",17.0341,20.2766,0.251393,0.0451,"no",0.135468395786105,"Not_significant"
"USF1","Mock","ZIKV",29.8132,25.6619,-0.216322,0.04515,"no",0.1356005,"Not_significant"
"ACVR2A","Mock","ZIKV",29.4264,23.4737,-0.326064,0.0453,"no",0.136014729405492,"Not_significant"
"AZIN1","Mock","ZIKV",66.3282,75.6861,0.190408,0.0453,"no",0.136014729405492,"Not_significant"
"URB2","Mock","ZIKV",4.21814,3.5574,-0.245782,0.0454,"no",0.136278651385928,"Not_significant"
"RNF141","Mock","ZIKV",22.6337,19.6702,-0.20246,0.0454,"no",0.136278651385928,"Not_significant"
"GLRA4","Mock","ZIKV",0.450274,0.808503,0.84445,0.04545,"no",0.136410559626915,"Not_significant"
"CCDC23","Mock","ZIKV",81.6198,69.8547,-0.224561,0.04555,"no",0.136692479349853,"Not_significant"
"YIPF3","Mock","ZIKV",97.6793,111.675,0.193184,0.0456,"no",0.136806073521577,"Not_significant"
"KLHL12","Mock","ZIKV",15.7393,18.2,0.209565,0.0456,"no",0.136806073521577,"Not_significant"
"MECOM","Mock","ZIKV",2.64683,2.17014,-0.286477,0.0457,"no",0.137087827939806,"Not_significant"
"ZNF232","Mock","ZIKV",7.31491,6.04266,-0.275655,0.04575,"no",0.137201271468513,"Not_significant"
"INTS6","Mock","ZIKV",10.3935,12.2315,0.234916,0.04575,"no",0.137201271468513,"Not_significant"
"RARRES2","Mock","ZIKV",7.48544,5.56437,-0.427869,0.0458,"no",0.137314654598696,"Not_significant"
"EHMT1","Mock","ZIKV",29.2699,33.5491,0.196856,0.0458,"no",0.137314654598696,"Not_significant"
"YTHDF2","Mock","ZIKV",46.1532,53.0963,0.202181,0.04585,"no",0.137446266968326,"Not_significant"
"M6PR","Mock","ZIKV",58.6289,45.4218,-0.368228,0.0459,"no",0.137577844311377,"Not_significant"
"RIMS3","Mock","ZIKV",17.9766,20.5764,0.194864,0.04595,"no",0.137691066914993,"Not_significant"
"C6orf203","Mock","ZIKV",11.5775,14.3726,0.312007,0.04595,"no",0.137691066914993,"Not_significant"
"UTP18","Mock","ZIKV",18.5789,15.8269,-0.231291,0.046,"no",0.137804229285809,"Not_significant"
"TTTY15","Mock","ZIKV",12.627,10.9216,-0.209322,0.046,"no",0.137804229285809,"Not_significant"
"ZNF233","Mock","ZIKV",1.0674,1.44745,0.439417,0.0461,"no",0.138085438829787,"Not_significant"
"CDH22","Mock","ZIKV",2.31085,1.84921,-0.321516,0.04615,"no",0.138198451209785,"Not_significant"
"CHCHD7","Mock","ZIKV",17.0901,14.4123,-0.24586,0.04615,"no",0.138198451209785,"Not_significant"
"PDK2","Mock","ZIKV",16.0981,12.2133,-0.398437,0.04625,"no",0.138479496211618,"Not_significant"
"CUL7","Mock","ZIKV",22.4265,19.554,-0.197743,0.04635,"no",0.138742026578073,"Not_significant"
"ACADSB","Mock","ZIKV",7.23845,8.40525,0.21561,0.04635,"no",0.138742026578073,"Not_significant"
"KIAA0319L","Mock","ZIKV",22.1545,19.3043,-0.198678,0.04645,"no",0.139004417430583,"Not_significant"
"PNPLA6","Mock","ZIKV",10.364,12.0283,0.214844,0.04645,"no",0.139004417430583,"Not_significant"
"CORO1C","Mock","ZIKV",75.5871,66.2813,-0.189539,0.0465,"no",0.139135560573858,"Not_significant"
"C10orf107","Mock","ZIKV",0.824166,0.443016,-0.895578,0.04655,"no",0.139266668880329,"Not_significant"
"C22orf15","Mock","ZIKV",1.38403,0.318329,-2.12029,0.0466,"no",0.139379232505643,"Not_significant"
"EPM2AIP1","Mock","ZIKV",14.8489,17.0133,0.196307,0.0466,"no",0.139379232505643,"Not_significant"
"TMEM38A","Mock","ZIKV",2.11118,2.83715,0.426389,0.0467,"no",0.139659784917685,"Not_significant"
"MRPL2","Mock","ZIKV",9.58335,11.6589,0.282833,0.04675,"no",0.139790754015664,"Not_significant"
"DACT2","Mock","ZIKV",0.69839,0.461581,-0.597447,0.0468,"no",0.139921688346164,"Not_significant"
"ERI3","Mock","ZIKV",36.0618,31.1596,-0.210794,0.04685,"no",0.140052587923026,"Not_significant"
"ZNF229","Mock","ZIKV",4.48611,5.28705,0.236998,0.0469,"no",0.140183452760085,"Not_significant"
"SIL1","Mock","ZIKV",11.4957,13.616,0.244207,0.04705,"no",0.140613141833621,"Not_significant"
"KRBA2","Mock","ZIKV",7.2403,5.93711,-0.286288,0.0471,"no",0.140725228810187,"Not_significant"
"ZADH2","Mock","ZIKV",6.71106,5.75413,-0.221943,0.0471,"no",0.140725228810187,"Not_significant"
"HSPE1","Mock","ZIKV",57.7757,37.2645,-0.632659,0.04715,"no",0.140855935013263,"Not_significant"
"LGMN","Mock","ZIKV",23.907,20.5792,-0.216248,0.0472,"no",0.140967913020419,"Not_significant"
"CCDC127","Mock","ZIKV",10.5147,12.6886,0.271122,0.0472,"no",0.140967913020419,"Not_significant"
"ERO1L","Mock","ZIKV",11.0457,12.8503,0.218319,0.04755,"no",0.14195675944334,"Not_significant"
"NDST3","Mock","ZIKV",1.93902,2.34792,0.276057,0.04755,"no",0.14195675944334,"Not_significant"
"SLC24A3","Mock","ZIKV",1.83488,2.29576,0.323284,0.04755,"no",0.14195675944334,"Not_significant"
"DHPS","Mock","ZIKV",47.9526,38.7657,-0.306828,0.0476,"no",0.14206837153836,"Not_significant"
"RPL22","Mock","ZIKV",244.782,214.769,-0.18871,0.0476,"no",0.14206837153836,"Not_significant"
"PNKP","Mock","ZIKV",17.8758,15.2032,-0.233629,0.0477,"no",0.142347972972973,"Not_significant"
"HLTF","Mock","ZIKV",28.6326,32.7978,0.195939,0.04775,"no",0.142478308385217,"Not_significant"
"SLC46A1","Mock","ZIKV",12.2212,9.40034,-0.378595,0.0478,"no",0.142608609271523,"Not_significant"
"NRAS","Mock","ZIKV",33.3136,29.1087,-0.194662,0.04785,"no",0.142719974841102,"Not_significant"
"CPEB1","Mock","ZIKV",0.754246,1.40683,0.899342,0.04785,"no",0.142719974841102,"Not_significant"
"FAM149A","Mock","ZIKV",2.38295,1.83666,-0.375663,0.04795,"no",0.142961449371277,"Not_significant"
"NUP160","Mock","ZIKV",20.79,23.7642,0.192901,0.04795,"no",0.142961449371277,"Not_significant"
"FBXO8","Mock","ZIKV",5.09343,6.99925,0.458563,0.04795,"no",0.142961449371277,"Not_significant"
"SNAI1","Mock","ZIKV",0.889461,1.33401,0.584761,0.048,"no",0.143091582848068,"Not_significant"
"NR2C2AP","Mock","ZIKV",5.89861,3.37743,-0.804448,0.0481,"no",0.143351746493781,"Not_significant"
"SMN2","Mock","ZIKV",0.0556543,0.91149,4.03366,0.0481,"no",0.143351746493781,"Not_significant"
"C1QTNF3-AMACR","Mock","ZIKV",3.0058,4.42028,0.556391,0.04815,"no",0.143481776690038,"Not_significant"
"WDR89","Mock","ZIKV",5.00776,5.99512,0.259623,0.0482,"no",0.143611772486772,"Not_significant"
"MIRLET7DHG","Mock","ZIKV",4.12096,3.10087,-0.410308,0.04825,"no",0.143722725469453,"Not_significant"
"USP3","Mock","ZIKV",12.9195,11.1378,-0.214087,0.04825,"no",0.143722725469453,"Not_significant"
"ACTN4","Mock","ZIKV",60.0852,52.3953,-0.197572,0.0483,"no",0.143852637842126,"Not_significant"
"RHPN2","Mock","ZIKV",1.43877,1.8499,0.362606,0.04835,"no",0.143982515864622,"Not_significant"
"C11orf35","Mock","ZIKV",1.46103,0.859415,-0.765554,0.0484,"no",0.14405523255814,"Not_significant"
"KCNH8","Mock","ZIKV",5.98777,5.10857,-0.229101,0.0484,"no",0.14405523255814,"Not_significant"
"CALU","Mock","ZIKV",39.8153,34.8462,-0.19232,0.0484,"no",0.14405523255814,"Not_significant"
"TOR1AIP1","Mock","ZIKV",8.85948,10.3047,0.218015,0.0484,"no",0.14405523255814,"Not_significant"
"CETN4P","Mock","ZIKV",1.21232,0.53327,-1.18483,0.04845,"no",0.144165951122853,"Not_significant"
"HRAS","Mock","ZIKV",32.933,38.5239,0.226222,0.04845,"no",0.144165951122853,"Not_significant"
"ADAM23","Mock","ZIKV",15.6287,13.4615,-0.215354,0.04855,"no",0.144425349973587,"Not_significant"
"ZNF81","Mock","ZIKV",2.48884,2.94828,0.244401,0.04855,"no",0.144425349973587,"Not_significant"
"LOC148413","Mock","ZIKV",8.92572,6.52806,-0.451315,0.0486,"no",0.144535912331661,"Not_significant"
"ZDHHC22","Mock","ZIKV",3.93981,3.23626,-0.283798,0.0486,"no",0.144535912331661,"Not_significant"
"C11orf74","Mock","ZIKV",22.3525,18.4529,-0.276584,0.04865,"no",0.144646416314678,"Not_significant"
"CD2BP2","Mock","ZIKV",24.3685,21.1462,-0.204621,0.04865,"no",0.144646416314678,"Not_significant"
"RAB11FIP3","Mock","ZIKV",34.4471,39.5384,0.198875,0.0487,"no",0.144775966741454,"Not_significant"
"CCDC167","Mock","ZIKV",61.8705,52.4815,-0.237443,0.0489,"no",0.145293826671943,"Not_significant"
"LDOC1","Mock","ZIKV",35.5138,30.5966,-0.215008,0.0489,"no",0.145293826671943,"Not_significant"
"TRIP12","Mock","ZIKV",34.8034,39.6893,0.189522,0.0489,"no",0.145293826671943,"Not_significant"
"MORC4","Mock","ZIKV",5.53181,6.52473,0.238166,0.0489,"no",0.145293826671943,"Not_significant"
"ATM","Mock","ZIKV",14.1306,12.3809,-0.190703,0.04895,"no",0.145404028748516,"Not_significant"
"ZNF26","Mock","ZIKV",4.90924,5.865,0.256633,0.04895,"no",0.145404028748516,"Not_significant"
"FLAD1","Mock","ZIKV",18.556,15.8056,-0.231456,0.04905,"no",0.145643455048774,"Not_significant"
"KRCC1","Mock","ZIKV",12.498,14.8096,0.244826,0.04905,"no",0.145643455048774,"Not_significant"
"DGKA","Mock","ZIKV",0.930005,1.28366,0.464955,0.04905,"no",0.145643455048774,"Not_significant"
"LRRC34","Mock","ZIKV",0.800962,0.490305,-0.708056,0.0491,"no",0.145753492356352,"Not_significant"
"GLB1","Mock","ZIKV",21.4775,18.4944,-0.215736,0.0491,"no",0.145753492356352,"Not_significant"
"KIAA0430","Mock","ZIKV",15.9622,18.2575,0.19383,0.04915,"no",0.145882692054289,"Not_significant"
"CAP2","Mock","ZIKV",12.336,14.2997,0.213109,0.0492,"no",0.14601185770751,"Not_significant"
"CDON","Mock","ZIKV",8.63241,7.49805,-0.203249,0.04925,"no",0.146140989329469,"Not_significant"
"UBXN1","Mock","ZIKV",83.5305,95.7197,0.196513,0.04935,"no",0.146418433877766,"Not_significant"
"CCDC11","Mock","ZIKV",1.06643,1.526,0.516959,0.0494,"no",0.146547477940208,"Not_significant"
"PPP4C","Mock","ZIKV",67.8768,59.1184,-0.199311,0.0495,"no",0.146824795891493,"Not_significant"
"CCT4","Mock","ZIKV",81.714,93.3037,0.191352,0.04955,"no",0.146953752468729,"Not_significant"
"UBE2Q2","Mock","ZIKV",10.9122,12.693,0.218083,0.0496,"no",0.147082675092154,"Not_significant"
"THAP11","Mock","ZIKV",18.7032,24.8866,0.412083,0.04975,"no",0.14750806239305,"Not_significant"
"AMOT","Mock","ZIKV",11.9344,10.3675,-0.203057,0.0498,"no",0.14761744966443,"Not_significant"
"SEMA6D","Mock","ZIKV",12.5591,14.55,0.212287,0.0498,"no",0.14761744966443,"Not_significant"
"YIF1B","Mock","ZIKV",11.3981,13.3095,0.223667,0.04985,"no",0.147746217105263,"Not_significant"
"FAM53B","Mock","ZIKV",13.6585,11.8709,-0.202369,0.0499,"no",0.147836051558595,"Not_significant"
"FRYL","Mock","ZIKV",19.1259,21.7881,0.188013,0.0499,"no",0.147836051558595,"Not_significant"
"LOC388796","Mock","ZIKV",30.5878,35.8106,0.227431,0.0499,"no",0.147836051558595,"Not_significant"
"MESDC1","Mock","ZIKV",12.732,14.7586,0.213091,0.04995,"no",0.147964722514466,"Not_significant"
