gsm,cell line,barcode,experiment,virus,n_dengue_molecules,time[h],moi,index,virus-qpcr,n_zika_molecules,cell_title,time_h,n_dengue_mol,n_zika_mol,viral_molecules,condition,timepoint,tsv_path,n_genes_by_counts,total_counts,total_counts_mt,pct_counts_mt,S_score,G2M_score,phase,infection_state,pseudotime
GSM2992421,huh7,Barcode_701-502EX1,10017006,dengue,0,4,0,TAAGGCGA-CTCTATACGT,,,1001700601_A2,4,0,0,0,Control,4h,e:\Zika_antigravity\00_raw_data\GSE110496\GSM2992421_1001700601_A2_counts.tsv,6148,720998.0,27440.0,3.805836,-0.1304548585565672,1.598033944947729,G2M,Bystander_DENV,0.0
GSM2992422,huh7,Barcode_701-513EX1,10017006,dengue,0,4,0,TAAGGCGA-GACTAGACGT,,,1001700601_A4,4,0,0,0,Control,4h,e:\Zika_antigravity\00_raw_data\GSE110496\GSM2992422_1001700601_A4_counts.tsv,5946,584657.0,25751.0,4.404463,-0.22581082835261312,-0.33162197848261976,G1,Bystander_DENV,0.175665944814682
GSM2992423,huh7,Barcode_701-503EX1,10017006,dengue,0,4,0,TAAGGCGA-TCCTCTACGT,,,1001700601_A6,4,0,0,0,Control,4h,e:\Zika_antigravity\00_raw_data\GSE110496\GSM2992423_1001700601_A6_counts.tsv,5458,582013.0,29535.0,5.074629,-0.45377350964006924,-0.49206552278522175,G1,Bystander_DENV,0.19108133018016815
GSM2992424,huh7,Barcode_701-515EX1,10017006,dengue,0,4,0,TAAGGCGA-CTAGCTACGT,,,1001700601_A8,4,0,0,0,Control,4h,e:\Zika_antigravity\00_raw_data\GSE110496\GSM2992424_1001700601_A8_counts.tsv,5711,651846.0,24607.0,3.7749715,-0.46009974152825417,0.0813399448248304,G2M,Bystander_DENV,0.1742500513792038
GSM2992425,huh7,Barcode_701-505EX1,10017006,dengue,0,4,0,TAAGGCGA-AAGGAGACGT,,,1001700601_B3,4,0,0,0,Control,4h,e:\Zika_antigravity\00_raw_data\GSE110496\GSM2992425_1001700601_B3_counts.tsv,5574,594798.0,12446.0,2.0924752,0.10768863966222852,0.4375845358603261,G2M,Bystander_DENV,0.0859362781047821
GSM2992426,huh7,Barcode_701-516EX1,10017006,dengue,0,4,0,TAAGGCGA-TAGAGTACGT,,,1001700601_B7,4,0,0,0,Control,4h,e:\Zika_antigravity\00_raw_data\GSE110496\GSM2992426_1001700601_B7_counts.tsv,5840,755335.0,15804.0,2.0923166,0.5080158113734796,0.6030194446373299,G2M,Bystander_DENV,0.092242531478405
GSM2992427,huh7,Barcode_701-506EX1,10017006,dengue,0,4,0,TAAGGCGA-TGCATAACGT,,,1001700601_B8,4,0,0,0,Control,4h,e:\Zika_antigravity\00_raw_data\GSE110496\GSM2992427_1001700601_B8_counts.tsv,5324,729749.0,22607.0,3.0979145,0.9204097057936624,-0.09777513080383012,S,Bystander_DENV,0.13441237807273865
GSM2992428,huh7,Barcode_701-517EX1,10017006,dengue,0,4,0,TAAGGCGA-GTAAGAACGT,,,1001700601_B10,4,0,0,0,Control,4h,e:\Zika_antigravity\00_raw_data\GSE110496\GSM2992428_1001700601_B10_counts.tsv,5427,575342.0,18860.0,3.2780502,0.18387572519436834,-0.2915517688148612,S,Bystander_DENV,0.16237887740135193
GSM2992429,huh7,Barcode_701-507EX1,10017006,dengue,0,4,0,TAAGGCGA-GGAGTAACGT,,,1001700601_B13,4,0,0,0,Control,4h,e:\Zika_antigravity\00_raw_data\GSE110496\GSM2992429_1001700601_B13_counts.tsv,5780,511666.0,15108.0,2.9527073,0.16453619329037056,-0.21047880080303932,S,Bystander_DENV,0.17858612537384033
GSM2992430,huh7,Barcode_701-518EX1,10017006,dengue,0,4,0,TAAGGCGA-ATTAAGACGT,,,1001700601_C8,4,0,0,0,Control,4h,e:\Zika_antigravity\00_raw_data\GSE110496\GSM2992430_1001700601_C8_counts.tsv,5621,636443.0,18508.0,2.9080374,0.017456906426343177,0.8106293482781587,G2M,Bystander_DENV,0.07535947114229202
GSM2992431,huh7,Barcode_701-508EX1,10017006,dengue,0,4,0,TAAGGCGA-AAGCCTACGT,,,1001700601_D3,4,0,0,0,Control,4h,e:\Zika_antigravity\00_raw_data\GSE110496\GSM2992431_1001700601_D3_counts.tsv,5555,631136.0,21583.0,3.4197066,-0.5016823597163671,-0.7397806627928202,G1,Bystander_DENV,0.1986199915409088
GSM2992432,huh7,Barcode_701-520EX1,10017006,dengue,0,4,0,TAAGGCGA-GGCTATACGT,,,1001700601_D6,4,0,0,0,Control,4h,e:\Zika_antigravity\00_raw_data\GSE110496\GSM2992432_1001700601_D6_counts.tsv,5653,639193.0,18723.0,2.9291623,-0.07559170612089691,0.4887701297613273,G2M,Bystander_DENV,0.0814373642206192
GSM2992433,huh7,Barcode_701-510EX1,10017006,dengue,0,4,0,TAAGGCGA-TCTAATACGT,,,1001700601_D9,4,0,0,0,Control,4h,e:\Zika_antigravity\00_raw_data\GSE110496\GSM2992433_1001700601_D9_counts.tsv,6024,606613.0,22119.0,3.6463115,0.2571128244378737,-0.5906070036808765,S,Bystander_DENV,0.21705493330955505
GSM2992434,huh7,Barcode_701-521EX1,10017006,dengue,0,4,0,TAAGGCGA-GCCTTAACGT,,,1001700601_D12,4,0,0,0,Control,4h,e:\Zika_antigravity\00_raw_data\GSE110496\GSM2992434_1001700601_D12_counts.tsv,5700,481229.0,15241.0,3.1670992,0.16877692229158822,-0.39868816943029173,S,Bystander_DENV,0.1894386261701584
GSM2992435,huh7,Barcode_701-511EX1,10017006,dengue,0,4,0,TAAGGCGA-TCTCCGACGT,,,1001700601_D16,4,0,0,0,Control,4h,e:\Zika_antigravity\00_raw_data\GSE110496\GSM2992435_1001700601_D16_counts.tsv,6344,489321.0,15770.0,3.2228332,-0.4314732894889035,-0.4544756295687984,G1,Bystander_DENV,0.17599628865718842
GSM2992436,huh7,Barcode_701-522EX1,10017006,dengue,0,4,0,TAAGGCGA-ATGCGAACGT,,,1001700601_D19,4,0,0,0,Control,4h,e:\Zika_antigravity\00_raw_data\GSE110496\GSM2992436_1001700601_D19_counts.tsv,7070,308390.0,12566.0,4.074711,-0.2932943656597109,-0.6234362694859239,G1,Bystander_DENV,0.19482260942459106
GSM2992437,huh7,Barcode_702-502EX1,10017006,dengue,0,4,0,CGTACTAG-CTCTATACGT,,,1001700601_E8,4,0,0,0,Control,4h,e:\Zika_antigravity\00_raw_data\GSE110496\GSM2992437_1001700601_E8_counts.tsv,4945,849476.0,28312.0,3.3328784,-0.17336800329919372,-0.1809821725413266,G1,Bystander_DENV,0.14890913665294647
GSM2992438,huh7,Barcode_702-513EX1,10017006,dengue,0,4,0,CGTACTAG-GACTAGACGT,,,1001700601_E13,4,0,0,0,Control,4h,e:\Zika_antigravity\00_raw_data\GSE110496\GSM2992438_1001700601_E13_counts.tsv,4678,720757.0,6533.0,0.90640813,0.30567906339918927,0.26745782588671924,S,Bystander_DENV,0.09023725241422653
GSM2992439,huh7,Barcode_702-503EX1,10017006,dengue,0,4,0,CGTACTAG-TCCTCTACGT,,,1001700601_E15,4,0,0,0,Control,4h,e:\Zika_antigravity\00_raw_data\GSE110496\GSM2992439_1001700601_E15_counts.tsv,6477,1.098337e+06,27614.0,2.5141644,0.585253964555228,0.5333028447420692,S,Bystander_DENV,0.05979856103658676
GSM2992440,huh7,Barcode_702-515EX1,10017006,dengue,0,4,0,CGTACTAG-CTAGCTACGT,,,1001700601_E22,4,0,0,0,Control,4h,e:\Zika_antigravity\00_raw_data\GSE110496\GSM2992440_1001700601_E22_counts.tsv,6958,652652.0,30475.0,4.66941,-0.4623913381514805,-0.5300950073470669,G1,Bystander_DENV,0.15708477795124054
GSM2992441,huh7,Barcode_702-505EX1,10017006,dengue,0,4,0,CGTACTAG-AAGGAGACGT,,,1001700601_F3,4,0,0,0,Control,4h,e:\Zika_antigravity\00_raw_data\GSE110496\GSM2992441_1001700601_F3_counts.tsv,6110,822077.0,19232.0,2.33944,0.07454401473102432,-0.2332960662779941,S,Bystander_DENV,0.18985936045646667
GSM2992442,huh7,Barcode_702-516EX1,10017006,dengue,0,4,0,CGTACTAG-TAGAGTACGT,,,1001700601_F8,4,0,0,0,Control,4h,e:\Zika_antigravity\00_raw_data\GSE110496\GSM2992442_1001700601_F8_counts.tsv,5598,631151.0,19351.0,3.065986,-0.46401405039997334,-0.5946555976465361,G1,Bystander_DENV,0.1805265247821808
GSM2992443,huh7,Barcode_702-506EX1,10017006,dengue,0,4,0,CGTACTAG-TGCATAACGT,,,1001700601_F14,4,0,0,0,Control,4h,e:\Zika_antigravity\00_raw_data\GSE110496\GSM2992443_1001700601_F14_counts.tsv,6532,744229.0,26380.0,3.5446076,-0.014263852878606747,0.32689661031166206,G2M,Bystander_DENV,0.06515013426542282
GSM2992444,huh7,Barcode_702-517EX1,10017006,dengue,0,4,0,CGTACTAG-GTAAGAACGT,,,1001700601_F15,4,0,0,0,Control,4h,e:\Zika_antigravity\00_raw_data\GSE110496\GSM2992444_1001700601_F15_counts.tsv,5001,590442.0,17146.0,2.9039261,-0.45106051975107264,-0.5237548842913706,G1,Bystander_DENV,0.19944824278354645
GSM2992445,huh7,Barcode_702-507EX1,10017006,dengue,0,4,0,CGTACTAG-GGAGTAACGT,,,1001700601_F18,4,0,0,0,Control,4h,e:\Zika_antigravity\00_raw_data\GSE110496\GSM2992445_1001700601_F18_counts.tsv,6717,320667.0,10945.0,3.4131982,1.705156145546408,0.009559061385625817,S,Bystander_DENV,0.15458530187606812
GSM2992446,huh7,Barcode_702-518EX1,10017006,dengue,0,4,0,CGTACTAG-ATTAAGACGT,,,1001700601_F21,4,0,0,0,Control,4h,e:\Zika_antigravity\00_raw_data\GSE110496\GSM2992446_1001700601_F21_counts.tsv,5151,658396.0,16201.0,2.4606771,-0.7093913111214837,-0.6630000755980889,G1,Bystander_DENV,0.19891570508480072
GSM2992447,huh7,Barcode_702-508EX1,10017006,dengue,0,4,0,CGTACTAG-AAGCCTACGT,,,1001700601_G2,4,0,0,0,Control,4h,e:\Zika_antigravity\00_raw_data\GSE110496\GSM2992447_1001700601_G2_counts.tsv,6293,640132.0,23364.0,3.649872,-0.3555689196678854,-0.3809849679489471,G1,Bystander_DENV,0.19085226953029633
GSM2992448,huh7,Barcode_702-520EX1,10017006,dengue,0,4,0,CGTACTAG-GGCTATACGT,,,1001700601_G4,4,0,0,0,Control,4h,e:\Zika_antigravity\00_raw_data\GSE110496\GSM2992448_1001700601_G4_counts.tsv,5579,709271.0,15849.0,2.2345479,0.8822246539849965,0.19234441825218274,S,Bystander_DENV,0.12397070229053497
GSM2992449,huh7,Barcode_702-510EX1,10017006,dengue,0,4,0,CGTACTAG-TCTAATACGT,,,1001700601_G7,4,0,0,0,Control,4h,e:\Zika_antigravity\00_raw_data\GSE110496\GSM2992449_1001700601_G7_counts.tsv,5785,786716.0,28002.0,3.559353,-0.5695071861835286,-0.356861197041451,G1,Bystander_DENV,0.1966538429260254
GSM2992450,huh7,Barcode_702-521EX1,10017006,dengue,0,4,0,CGTACTAG-GCCTTAACGT,,,1001700601_G12,4,0,0,0,Control,4h,e:\Zika_antigravity\00_raw_data\GSE110496\GSM2992450_1001700601_G12_counts.tsv,5063,588143.0,20794.0,3.5355349,0.4823260689132093,-0.5206977235229096,S,Bystander_DENV,0.15322619676589966
GSM2992451,huh7,Barcode_702-511EX1,10017006,dengue,0,4,0,CGTACTAG-TCTCCGACGT,,,1001700601_G14,4,0,0,0,Control,4h,e:\Zika_antigravity\00_raw_data\GSE110496\GSM2992451_1001700601_G14_counts.tsv,6361,405105.0,13142.0,3.2440972,0.7393688264025731,-0.05666013337954179,S,Bystander_DENV,0.16457952558994293
GSM2992452,huh7,Barcode_702-522EX1,10017006,dengue,0,4,0,CGTACTAG-ATGCGAACGT,,,1001700601_G17,4,0,0,0,Control,4h,e:\Zika_antigravity\00_raw_data\GSE110496\GSM2992452_1001700601_G17_counts.tsv,5878,401094.0,18734.0,4.6707253,1.409309647491734,0.7039407382655284,S,Bystander_DENV,0.10005766898393631
GSM2992453,huh7,Barcode_703-502EX1,10017006,dengue,0,4,0,AGGCAGAA-CTCTATACGT,,,1001700601_G20,4,0,0,0,Control,4h,e:\Zika_antigravity\00_raw_data\GSE110496\GSM2992453_1001700601_G20_counts.tsv,6782,521157.0,19507.0,3.743018,0.02190323376340703,1.8570625876309705,G2M,Bystander_DENV,0.04144184663891792
GSM2992454,huh7,Barcode_703-513EX1,10017006,dengue,0,4,0,AGGCAGAA-GACTAGACGT,,,1001700601_H3,4,0,0,0,Control,4h,e:\Zika_antigravity\00_raw_data\GSE110496\GSM2992454_1001700601_H3_counts.tsv,5301,846306.0,26653.0,3.1493335,-0.661672623845793,-0.727794970247516,G1,Bystander_DENV,0.24567483365535736
GSM2992455,huh7,Barcode_703-503EX1,10017006,dengue,0,4,0,AGGCAGAA-TCCTCTACGT,,,1001700601_I3,4,0,0,0,Control,4h,e:\Zika_antigravity\00_raw_data\GSE110496\GSM2992455_1001700601_I3_counts.tsv,5933,728105.0,17506.0,2.4043236,0.2315958162370537,-0.36525626338840245,S,Bystander_DENV,0.20093287527561188
GSM2992456,huh7,Barcode_703-515EX1,10017006,dengue,0,4,0,AGGCAGAA-CTAGCTACGT,,,1001700601_I7,4,0,0,0,Control,4h,e:\Zika_antigravity\00_raw_data\GSE110496\GSM2992456_1001700601_I7_counts.tsv,5554,989576.0,21311.0,2.1535487,0.5741450470606131,-0.27899007263119296,S,Bystander_DENV,0.1369740068912506
GSM2992457,huh7,Barcode_703-505EX1,10017006,dengue,0,4,0,AGGCAGAA-AAGGAGACGT,,,1001700601_I15,4,0,0,0,Control,4h,e:\Zika_antigravity\00_raw_data\GSE110496\GSM2992457_1001700601_I15_counts.tsv,7221,461612.0,14780.0,3.2018232,-0.2920446512452881,2.1627176155387504,G2M,Bystander_DENV,0.08102739602327347
GSM2992458,huh7,Barcode_703-516EX1,10017006,dengue,0,4,0,AGGCAGAA-TAGAGTACGT,,,1001700601_I21,4,0,0,0,Control,4h,e:\Zika_antigravity\00_raw_data\GSE110496\GSM2992458_1001700601_I21_counts.tsv,6239,662607.0,24421.0,3.6855936,-0.4649722770411504,-0.5694130114649305,G1,Bystander_DENV,0.2084619402885437
GSM2992459,huh7,Barcode_703-506EX1,10017006,dengue,0,4,0,AGGCAGAA-TGCATAACGT,,,1001700601_I22,4,0,0,0,Control,4h,e:\Zika_antigravity\00_raw_data\GSE110496\GSM2992459_1001700601_I22_counts.tsv,6792,694476.0,32080.0,4.61931,-0.10274337452082408,-0.4893513380698552,G1,Bystander_DENV,0.18093238770961761
GSM2992460,huh7,Barcode_703-517EX1,10017006,dengue,0,4,0,AGGCAGAA-GTAAGAACGT,,,1001700601_J8,4,0,0,0,Control,4h,e:\Zika_antigravity\00_raw_data\GSE110496\GSM2992460_1001700601_J8_counts.tsv,5944,699248.0,16927.0,2.4207435,-0.369604394879813,2.2678310499719787,G2M,Bystander_DENV,0.04834257811307907
GSM2992461,huh7,Barcode_703-507EX1,10017006,dengue,0,4,0,AGGCAGAA-GGAGTAACGT,,,1001700601_J9,4,0,0,0,Control,4h,e:\Zika_antigravity\00_raw_data\GSE110496\GSM2992461_1001700601_J9_counts.tsv,5888,468905.0,20182.0,4.30407,-0.9176101843870821,-0.7074865751461376,G1,Bystander_DENV,0.2479301393032074
GSM2992462,huh7,Barcode_703-518EX1,10017006,dengue,0,4,0,AGGCAGAA-ATTAAGACGT,,,1001700601_J11,4,0,0,0,Control,4h,e:\Zika_antigravity\00_raw_data\GSE110496\GSM2992462_1001700601_J11_counts.tsv,3085,1.189405e+06,1266.0,0.10643978,-0.7186295516367647,-0.6777560487345324,G1,Bystander_DENV,0.2398645281791687
GSM2992463,huh7,Barcode_703-508EX1,10017006,dengue,0,4,0,AGGCAGAA-AAGCCTACGT,,,1001700601_J12,4,0,0,0,Control,4h,e:\Zika_antigravity\00_raw_data\GSE110496\GSM2992463_1001700601_J12_counts.tsv,7918,405134.0,14625.0,3.6099167,-0.45210440914989225,2.2031896030892812,G2M,Bystander_DENV,0.04545433074235916
GSM2992464,huh7,Barcode_703-520EX1,10017006,dengue,0,4,0,AGGCAGAA-GGCTATACGT,,,1001700601_J13,4,0,0,0,Control,4h,e:\Zika_antigravity\00_raw_data\GSE110496\GSM2992464_1001700601_J13_counts.tsv,7457,597432.0,18528.0,3.1012735,1.2403621180082804,0.0060020359832401865,S,Bystander_DENV,0.1379755735397339
GSM2992465,huh7,Barcode_703-510EX1,10017006,dengue,0,4,0,AGGCAGAA-TCTAATACGT,,,1001700601_J15,4,0,0,0,Control,4h,e:\Zika_antigravity\00_raw_data\GSE110496\GSM2992465_1001700601_J15_counts.tsv,5961,697879.0,23615.0,3.3838246,0.31638320769582473,-0.22774031556203134,S,Bystander_DENV,0.18753516674041748
GSM2992466,huh7,Barcode_703-521EX1,10017006,dengue,0,4,0,AGGCAGAA-GCCTTAACGT,,,1001700601_J22,4,0,0,0,Control,4h,e:\Zika_antigravity\00_raw_data\GSE110496\GSM2992466_1001700601_J22_counts.tsv,6454,436025.0,18139.0,4.160083,-0.42099681910393494,-0.3683044719511207,G1,Bystander_DENV,0.1849013715982437
GSM2992467,huh7,Barcode_703-511EX1,10017006,dengue,0,4,0,AGGCAGAA-TCTCCGACGT,,,1001700601_K3,4,0,0,0,Control,4h,e:\Zika_antigravity\00_raw_data\GSE110496\GSM2992467_1001700601_K3_counts.tsv,6085,621925.0,16542.0,2.6598063,-0.812767486201067,-0.7347700891058996,G1,Bystander_DENV,0.1734948605298996
GSM2992468,huh7,Barcode_703-522EX1,10017006,dengue,0,4,0,AGGCAGAA-ATGCGAACGT,,,1001700601_K6,4,0,0,0,Control,4h,e:\Zika_antigravity\00_raw_data\GSE110496\GSM2992468_1001700601_K6_counts.tsv,6054,526453.0,18920.0,3.5938632,-0.23852277528383725,-0.5960422343934948,G1,Bystander_DENV,0.1645205169916153
GSM2992469,huh7,Barcode_704-502EX1,10017006,dengue,0,4,0,TCCTGAGC-CTCTATACGT,,,1001700601_K9,4,0,0,0,Control,4h,e:\Zika_antigravity\00_raw_data\GSE110496\GSM2992469_1001700601_K9_counts.tsv,6286,688751.0,18149.0,2.6350596,0.3436909199115776,-0.39962855219119464,S,Bystander_DENV,0.15324097871780396
GSM2992470,huh7,Barcode_704-513EX1,10017006,dengue,0,4,0,TCCTGAGC-GACTAGACGT,,,1001700601_K13,4,0,0,0,Control,4h,e:\Zika_antigravity\00_raw_data\GSE110496\GSM2992470_1001700601_K13_counts.tsv,7363,649485.0,25015.0,3.8515131,-0.5457483839066256,-0.3700993861726231,G1,Bystander_DENV,0.1698816865682602
GSM2992471,huh7,Barcode_704-503EX1,10017006,dengue,0,4,0,TCCTGAGC-TCCTCTACGT,,,1001700601_K14,4,0,0,0,Control,4h,e:\Zika_antigravity\00_raw_data\GSE110496\GSM2992471_1001700601_K14_counts.tsv,7469,537061.0,14291.0,2.660964,0.02560618869250729,0.6203353070166479,G2M,Bystander_DENV,0.09293424338102341
GSM2992472,huh7,Barcode_704-515EX1,10017006,dengue,0,4,0,TCCTGAGC-CTAGCTACGT,,,1001700601_K18,4,0,0,0,Control,4h,e:\Zika_antigravity\00_raw_data\GSE110496\GSM2992472_1001700601_K18_counts.tsv,6287,459685.0,14543.0,3.1636882,-0.9072432365964189,-0.37375483394709197,G1,Bystander_DENV,0.20247119665145874
GSM2992473,huh7,Barcode_704-505EX1,10017006,dengue,0,4,0,TCCTGAGC-AAGGAGACGT,,,1001700601_L12,4,0,0,0,Control,4h,e:\Zika_antigravity\00_raw_data\GSE110496\GSM2992473_1001700601_L12_counts.tsv,7185,571604.0,12279.0,2.1481655,0.541303306356782,0.9681991897467747,G2M,Bystander_DENV,0.11890994012355804
GSM2992474,huh7,Barcode_704-516EX1,10017006,dengue,0,4,0,TCCTGAGC-TAGAGTACGT,,,1001700601_L14,4,0,0,0,Control,4h,e:\Zika_antigravity\00_raw_data\GSE110496\GSM2992474_1001700601_L14_counts.tsv,6472,693779.0,16735.0,2.4121513,0.3491884491894217,-0.5198867625539475,S,Bystander_DENV,0.18551351130008698
GSM2992475,huh7,Barcode_704-506EX1,10017006,dengue,0,4,0,TCCTGAGC-TGCATAACGT,,,1001700601_L19,4,0,0,0,Control,4h,e:\Zika_antigravity\00_raw_data\GSE110496\GSM2992475_1001700601_L19_counts.tsv,6911,562190.0,20705.0,3.6829185,-0.37122005850431467,-0.35390016740712316,G1,Bystander_DENV,0.15394270420074463
GSM2992476,huh7,Barcode_704-517EX1,10017006,dengue,0,4,0,TCCTGAGC-GTAAGAACGT,,,1001700601_M9,4,0,0,0,Control,4h,e:\Zika_antigravity\00_raw_data\GSE110496\GSM2992476_1001700601_M9_counts.tsv,5807,684046.0,14604.0,2.1349442,0.8831700604542025,0.03790036406952556,S,Bystander_DENV,0.10176410526037216
GSM2992477,huh7,Barcode_704-507EX1,10017006,dengue,0,4,0,TCCTGAGC-GGAGTAACGT,,,1001700601_M13,4,0,0,0,Control,4h,e:\Zika_antigravity\00_raw_data\GSE110496\GSM2992477_1001700601_M13_counts.tsv,6162,470000.0,19223.0,4.09,0.4704597772187775,-0.3828770050501522,S,Bystander_DENV,0.17958258092403412
GSM2992478,huh7,Barcode_704-518EX1,10017006,dengue,0,4,0,TCCTGAGC-ATTAAGACGT,,,1001700601_M15,4,0,0,0,Control,4h,e:\Zika_antigravity\00_raw_data\GSE110496\GSM2992478_1001700601_M15_counts.tsv,6662,517133.0,19140.0,3.7011755,-0.7614613965475222,-0.5611662161007062,G1,Bystander_DENV,0.18429188430309296
GSM2992479,huh7,Barcode_704-508EX1,10017006,dengue,0,4,0,TCCTGAGC-AAGCCTACGT,,,1001700601_M20,4,0,0,0,Control,4h,e:\Zika_antigravity\00_raw_data\GSE110496\GSM2992479_1001700601_M20_counts.tsv,6832,603712.0,28890.0,4.785394,-0.4998936850577593,-0.4959168044752902,G1,Bystander_DENV,0.20410524308681488
GSM2992480,huh7,Barcode_704-520EX1,10017006,dengue,0,4,0,TCCTGAGC-GGCTATACGT,,,1001700601_N8,4,0,0,0,Control,4h,e:\Zika_antigravity\00_raw_data\GSE110496\GSM2992480_1001700601_N8_counts.tsv,6859,594602.0,14403.0,2.4222925,0.5010920047937405,-0.3305935932657562,S,Bystander_DENV,0.1688455045223236
GSM2992481,huh7,Barcode_704-510EX1,10017006,dengue,0,4,0,TCCTGAGC-TCTAATACGT,,,1001700601_N12,4,0,0,0,Control,4h,e:\Zika_antigravity\00_raw_data\GSE110496\GSM2992481_1001700601_N12_counts.tsv,6961,623393.0,23886.0,3.8316119,1.19547451151801,-0.27539915452807473,S,Bystander_DENV,0.11956322193145752
GSM2992482,huh7,Barcode_704-521EX1,10017006,dengue,0,4,0,TCCTGAGC-GCCTTAACGT,,,1001700601_N17,4,0,0,0,Control,4h,e:\Zika_antigravity\00_raw_data\GSE110496\GSM2992482_1001700601_N17_counts.tsv,6392,635640.0,28852.0,4.5390472,0.4643173397163905,-0.28310801650507655,S,Bystander_DENV,0.1783427894115448
GSM2992483,huh7,Barcode_704-511EX1,10017006,dengue,0,4,0,TCCTGAGC-TCTCCGACGT,,,1001700601_N19,4,0,0,0,Control,4h,e:\Zika_antigravity\00_raw_data\GSE110496\GSM2992483_1001700601_N19_counts.tsv,6558,513799.0,20867.0,4.061316,-0.45762004195934247,0.5377667381149828,G2M,Bystander_DENV,0.10279608517885208
GSM2992484,huh7,Barcode_704-522EX1,10017006,dengue,0,4,0,TCCTGAGC-ATGCGAACGT,,,1001700601_N22,4,0,0,0,Control,4h,e:\Zika_antigravity\00_raw_data\GSE110496\GSM2992484_1001700601_N22_counts.tsv,6962,482485.0,27009.0,5.597894,-0.13238256775907106,1.9405598636919823,G2M,Bystander_DENV,0.07677550613880157
GSM2992485,huh7,Barcode_705-502EX1,10017006,dengue,0,4,0,GGACTCCT-CTCTATACGT,,,1001700601_O3,4,0,0,0,Control,4h,e:\Zika_antigravity\00_raw_data\GSE110496\GSM2992485_1001700601_O3_counts.tsv,6371,797259.0,21303.0,2.67203,0.557498036057777,-0.27954983769325464,S,Bystander_DENV,0.163930281996727
GSM2992486,huh7,Barcode_705-513EX1,10017006,dengue,0,4,0,GGACTCCT-GACTAGACGT,,,1001700601_O5,4,0,0,0,Control,4h,e:\Zika_antigravity\00_raw_data\GSE110496\GSM2992486_1001700601_O5_counts.tsv,5509,877438.0,26210.0,2.9871056,0.4274688496049272,1.0212350557233396,G2M,Bystander_DENV,0.03046247735619545
GSM2992487,huh7,Barcode_705-503EX1,10017006,dengue,0,4,0,GGACTCCT-TCCTCTACGT,,,1001700601_O7,4,0,0,0,Control,4h,e:\Zika_antigravity\00_raw_data\GSE110496\GSM2992487_1001700601_O7_counts.tsv,5650,680534.0,16123.0,2.369169,0.059076250052575704,-0.4462425021916072,S,Bystander_DENV,0.17078597843647003
GSM2992488,huh7,Barcode_705-515EX1,10017006,dengue,0,4,0,GGACTCCT-CTAGCTACGT,,,1001700601_O10,4,0,0,0,Control,4h,e:\Zika_antigravity\00_raw_data\GSE110496\GSM2992488_1001700601_O10_counts.tsv,5379,740696.0,31980.0,4.3175607,-0.4714281423039557,0.21255710228482433,G2M,Bystander_DENV,0.18679845333099365
GSM2992489,huh7,Barcode_705-505EX1,10017006,dengue,0,4,0,GGACTCCT-AAGGAGACGT,,,1001700601_O14,4,0,0,0,Control,4h,e:\Zika_antigravity\00_raw_data\GSE110496\GSM2992489_1001700601_O14_counts.tsv,5750,579141.0,12754.0,2.202227,0.9270380248803468,0.09277042983827066,S,Bystander_DENV,0.13230843842029572
GSM2992490,huh7,Barcode_705-516EX1,10017006,dengue,0,4,0,GGACTCCT-TAGAGTACGT,,,1001700601_O16,4,0,0,0,Control,4h,e:\Zika_antigravity\00_raw_data\GSE110496\GSM2992490_1001700601_O16_counts.tsv,5673,610308.0,25937.0,4.249821,-0.22189440971262578,0.3464439014554277,G2M,Bystander_DENV,0.15429042279720306
GSM2992491,huh7,Barcode_705-506EX1,10017006,dengue,0,4,0,GGACTCCT-TGCATAACGT,,,1001700601_O17,4,0,0,0,Control,4h,e:\Zika_antigravity\00_raw_data\GSE110496\GSM2992491_1001700601_O17_counts.tsv,5780,767904.0,5671.0,0.7385038,-0.5438715731237261,-0.7463311301461537,G1,Bystander_DENV,0.22241225838661194
GSM2992492,huh7,Barcode_705-517EX1,10017006,dengue,0,4,0,GGACTCCT-GTAAGAACGT,,,1001700601_O19,4,0,0,0,Control,4h,e:\Zika_antigravity\00_raw_data\GSE110496\GSM2992492_1001700601_O19_counts.tsv,6778,559462.0,7317.0,1.3078636,0.4431597209047703,-0.36668433774032333,S,Bystander_DENV,0.15204021334648132
GSM2992493,huh7,Barcode_705-507EX1,10017006,dengue,0,4,0,GGACTCCT-GGAGTAACGT,,,1001700601_O21,4,0,0,0,Control,4h,e:\Zika_antigravity\00_raw_data\GSE110496\GSM2992493_1001700601_O21_counts.tsv,5193,773125.0,13146.0,1.7003719,-0.7696896145829841,-0.6834689231223011,G1,Bystander_DENV,0.29138830304145813
GSM2992494,huh7,Barcode_705-518EX1,10017006,dengue,0,4,0,GGACTCCT-ATTAAGACGT,,,1001700601_P6,4,0,0,0,Control,4h,e:\Zika_antigravity\00_raw_data\GSE110496\GSM2992494_1001700601_P6_counts.tsv,5694,596013.0,21132.0,3.5455604,0.9404112708222654,-0.2676673213010263,S,Bystander_DENV,0.13478660583496094
GSM2992495,huh7,Barcode_705-508EX1,10017006,dengue,0,4,0,GGACTCCT-AAGCCTACGT,,,1001700601_P8,4,0,0,0,Control,4h,e:\Zika_antigravity\00_raw_data\GSE110496\GSM2992495_1001700601_P8_counts.tsv,6994,620599.0,31818.0,5.126982,0.5803075412964626,-0.1670115307264442,S,Bystander_DENV,0.1689274162054062
GSM2992496,huh7,Barcode_705-520EX1,10017006,dengue,0,4,0,GGACTCCT-GGCTATACGT,,,1001700601_P11,4,0,0,0,Control,4h,e:\Zika_antigravity\00_raw_data\GSE110496\GSM2992496_1001700601_P11_counts.tsv,5964,544193.0,20432.0,3.7545502,0.7826685788109898,0.19812430966921765,S,Bystander_DENV,0.11222916841506958
GSM2992497,huh7,Barcode_705-510EX1,10017006,dengue,0,4,0,GGACTCCT-TCTAATACGT,,,1001700601_P15,4,0,0,0,Control,4h,e:\Zika_antigravity\00_raw_data\GSE110496\GSM2992497_1001700601_P15_counts.tsv,7481,531847.0,27603.0,5.1900263,1.2859827464224682,0.518542198708843,S,Bystander_DENV,0.10736416280269623
GSM2992498,huh7,Barcode_705-521EX1,10017006,dengue,0,4,0,GGACTCCT-GCCTTAACGT,,,1001700601_P18,4,0,0,0,Control,4h,e:\Zika_antigravity\00_raw_data\GSE110496\GSM2992498_1001700601_P18_counts.tsv,5662,568456.0,19244.0,3.3853102,-0.04965819501362386,-0.6418950134123939,G1,Bystander_DENV,0.18402662873268127
GSM2992499,huh7,Barcode_705-511EX1,10017006,dengue,0,4,0,GGACTCCT-TCTCCGACGT,,,1001700601_P20,4,0,0,0,Control,4h,e:\Zika_antigravity\00_raw_data\GSE110496\GSM2992499_1001700601_P20_counts.tsv,6785,507517.0,25049.0,4.9355984,0.18099819230625316,1.3086129313223795,G2M,Bystander_DENV,0.058795250952243805
GSM2992500,huh7,Barcode_705-522EX1,10017006,dengue,0,4,0,GGACTCCT-ATGCGAACGT,,,1001700601_P22,4,0,0,0,Control,4h,e:\Zika_antigravity\00_raw_data\GSE110496\GSM2992500_1001700601_P22_counts.tsv,5481,447141.0,20411.0,4.5647793,-0.5841422137227796,-0.5613108681856791,G1,Bystander_DENV,0.23934222757816315
GSM2992501,huh7,Barcode_706-502EX1,10017006,dengue,0,4,1,TAGGCATG-CTCTATACGT,0,,1001700602_A1,4,0,0,0,DENV,4h,e:\Zika_antigravity\00_raw_data\GSE110496\GSM2992501_1001700602_A1_counts.tsv,6575,625514.0,34957.0,5.588524,0.5307033081317232,0.6212182654755164,G2M,Bystander_DENV,0.12311416119337082
GSM2992502,huh7,Barcode_706-513EX1,10017006,dengue,214,4,1,TAGGCATG-GACTAGACGT,0,,1001700602_A6,4,214,0,214,DENV,4h,e:\Zika_antigravity\00_raw_data\GSE110496\GSM2992502_1001700602_A6_counts.tsv,6988,577211.0,32975.0,5.7128158,-0.0661403135507412,-0.2859008189591451,G1,High_DENV,0.1714964210987091
GSM2992503,huh7,Barcode_706-503EX1,10017006,dengue,5,4,1,TAGGCATG-TCCTCTACGT,0,,1001700602_A8,4,5,0,5,DENV,4h,e:\Zika_antigravity\00_raw_data\GSE110496\GSM2992503_1001700602_A8_counts.tsv,6909,614180.0,32641.0,5.3145657,-0.32463619059694576,0.8863674012845347,G2M,Low_DENV,0.1880902200937271
GSM2992504,huh7,Barcode_706-515EX1,10017006,dengue,40,4,1,TAGGCATG-CTAGCTACGT,0,,1001700602_A18,4,40,0,40,DENV,4h,e:\Zika_antigravity\00_raw_data\GSE110496\GSM2992504_1001700602_A18_counts.tsv,7009,690774.0,37904.0,5.4871783,1.1133127793381434,0.17759368637750766,S,High_DENV,0.15752719342708588
GSM2992505,huh7,Barcode_706-505EX1,10017006,dengue,252,4,1,TAGGCATG-AAGGAGACGT,0,,1001700602_B1,4,252,0,252,DENV,4h,e:\Zika_antigravity\00_raw_data\GSE110496\GSM2992505_1001700602_B1_counts.tsv,6775,694114.0,22051.0,3.1768556,0.6703805625704782,-0.3372094797885986,S,High_DENV,0.15111978352069855
GSM2992506,huh7,Barcode_706-516EX1,10017006,dengue,50,4,1,TAGGCATG-TAGAGTACGT,0,,1001700602_B2,4,50,0,50,DENV,4h,e:\Zika_antigravity\00_raw_data\GSE110496\GSM2992506_1001700602_B2_counts.tsv,7871,808928.0,22854.0,2.8252206,1.3428857095484135,-0.02446688305605986,S,High_DENV,0.1392931044101715
GSM2992507,huh7,Barcode_706-506EX1,10017006,dengue,57,4,1,TAGGCATG-TGCATAACGT,0,,1001700602_B4,4,57,0,57,DENV,4h,e:\Zika_antigravity\00_raw_data\GSE110496\GSM2992507_1001700602_B4_counts.tsv,7429,809605.0,25405.0,3.13795,-0.27237964458763597,-0.5443657599418809,G1,High_DENV,0.17621144652366638
GSM2992508,huh7,Barcode_706-517EX1,10017006,dengue,4,4,1,TAGGCATG-GTAAGAACGT,0,,1001700602_B6,4,4,0,4,DENV,4h,e:\Zika_antigravity\00_raw_data\GSE110496\GSM2992508_1001700602_B6_counts.tsv,7273,869029.0,24052.0,2.7676868,0.28575240616198805,-0.48313387574228694,S,Low_DENV,0.2067239135503769
GSM2992509,huh7,Barcode_706-507EX1,10017006,dengue,31,4,1,TAGGCATG-GGAGTAACGT,0,,1001700602_B8,4,31,0,31,DENV,4h,e:\Zika_antigravity\00_raw_data\GSE110496\GSM2992509_1001700602_B8_counts.tsv,7179,684845.0,15275.0,2.2304318,0.5785122154857076,-0.4840677273115802,S,High_DENV,0.16585884988307953
GSM2992510,huh7,Barcode_706-518EX1,10017006,dengue,51,4,1,TAGGCATG-ATTAAGACGT,0,,1001700602_B9,4,51,0,51,DENV,4h,e:\Zika_antigravity\00_raw_data\GSE110496\GSM2992510_1001700602_B9_counts.tsv,7232,657506.0,22284.0,3.3891706,-0.10431932738228213,-0.610963512739439,G1,High_DENV,0.19102685153484344
GSM2992511,huh7,Barcode_706-508EX1,10017006,dengue,22,4,1,TAGGCATG-AAGCCTACGT,0,,1001700602_B12,4,22,0,22,DENV,4h,e:\Zika_antigravity\00_raw_data\GSE110496\GSM2992511_1001700602_B12_counts.tsv,7281,515013.0,18091.0,3.5127268,-0.25171441524067806,0.7771961858834007,G2M,High_DENV,0.07089883089065552
GSM2992512,huh7,Barcode_706-520EX1,10017006,dengue,203,4,1,TAGGCATG-GGCTATACGT,0,,1001700602_C8,4,203,0,203,DENV,4h,e:\Zika_antigravity\00_raw_data\GSE110496\GSM2992512_1001700602_C8_counts.tsv,7794,860126.0,20819.0,2.4204593,-0.3369607504812025,0.963593099931888,G2M,High_DENV,0.07763365656137466
GSM2992513,huh7,Barcode_706-510EX1,10017006,dengue,28,4,1,TAGGCATG-TCTAATACGT,0,,1001700602_C9,4,28,0,28,DENV,4h,e:\Zika_antigravity\00_raw_data\GSE110496\GSM2992513_1001700602_C9_counts.tsv,7887,622178.0,19490.0,3.132544,0.4265119282972245,0.8914120737116452,G2M,High_DENV,0.09090453386306763
GSM2992514,huh7,Barcode_706-521EX1,10017006,dengue,15,4,1,TAGGCATG-GCCTTAACGT,0,,1001700602_C10,4,15,0,15,DENV,4h,e:\Zika_antigravity\00_raw_data\GSE110496\GSM2992514_1001700602_C10_counts.tsv,7563,811845.0,22798.0,2.8081715,0.38928038787895014,-0.5154231459813577,S,High_DENV,0.18074695765972137
GSM2992515,huh7,Barcode_706-511EX1,10017006,dengue,47,4,1,TAGGCATG-TCTCCGACGT,0,,1001700602_C18,4,47,0,47,DENV,4h,e:\Zika_antigravity\00_raw_data\GSE110496\GSM2992515_1001700602_C18_counts.tsv,6493,546038.0,21698.0,3.973716,0.46837268122693615,-0.18976972375117607,S,High_DENV,0.17351029813289642
GSM2992516,huh7,Barcode_706-522EX1,10017006,dengue,11,4,1,TAGGCATG-ATGCGAACGT,0,,1001700602_C21,4,11,0,11,DENV,4h,e:\Zika_antigravity\00_raw_data\GSE110496\GSM2992516_1001700602_C21_counts.tsv,7099,489931.0,21869.0,4.46369,0.45413800386013464,-0.1375031684505831,S,High_DENV,0.16313473880290985
GSM2992517,huh7,Barcode_707-502EX1,10017006,dengue,0,4,1,CTCTCTAC-CTCTATACGT,0,,1001700602_D7,4,0,0,0,DENV,4h,e:\Zika_antigravity\00_raw_data\GSE110496\GSM2992517_1001700602_D7_counts.tsv,7390,1.066501e+06,34715.0,3.2550368,-0.44230635584487266,-0.5919338782632468,G1,Bystander_DENV,0.16854862868785858
GSM2992520,huh7,Barcode_707-515EX1,10017006,dengue,127,4,1,CTCTCTAC-CTAGCTACGT,0,,1001700602_D11,4,127,0,127,DENV,4h,e:\Zika_antigravity\00_raw_data\GSE110496\GSM2992520_1001700602_D11_counts.tsv,7410,888903.0,29734.0,3.345022,0.9329246095559073,0.5584267826771996,S,High_DENV,0.07049715518951416
GSM2992521,huh7,Barcode_707-505EX1,10017006,dengue,77,4,1,CTCTCTAC-AAGGAGACGT,0,,1001700602_D12,4,77,0,77,DENV,4h,e:\Zika_antigravity\00_raw_data\GSE110496\GSM2992521_1001700602_D12_counts.tsv,7558,645852.0,11956.0,1.8511981,0.9156481459226814,-0.12341998763644449,S,High_DENV,0.16893261671066284
GSM2992522,huh7,Barcode_707-516EX1,10017006,dengue,96,4,1,CTCTCTAC-TAGAGTACGT,0,,1001700602_D16,4,96,0,96,DENV,4h,e:\Zika_antigravity\00_raw_data\GSE110496\GSM2992522_1001700602_D16_counts.tsv,7648,686970.0,25147.0,3.6605675,1.2245067272290941,-0.24432224642463687,S,High_DENV,0.15380609035491943
GSM2992523,huh7,Barcode_707-506EX1,10017006,dengue,0,4,1,CTCTCTAC-TGCATAACGT,0,,1001700602_D17,4,0,0,0,DENV,4h,e:\Zika_antigravity\00_raw_data\GSE110496\GSM2992523_1001700602_D17_counts.tsv,6075,815178.0,20811.0,2.5529394,0.347395435352588,-0.375915313228894,S,Bystander_DENV,0.1716744601726532
GSM2992524,huh7,Barcode_707-517EX1,10017006,dengue,33,4,1,CTCTCTAC-GTAAGAACGT,0,,1001700602_D18,4,33,0,33,DENV,4h,e:\Zika_antigravity\00_raw_data\GSE110496\GSM2992524_1001700602_D18_counts.tsv,7492,671533.0,21833.0,3.2512176,0.8189196024387673,-0.4133442195741459,S,High_DENV,0.17613334953784943
GSM2992526,huh7,Barcode_707-518EX1,10017006,dengue,53,4,1,CTCTCTAC-ATTAAGACGT,0,,1001700602_E7,4,53,0,53,DENV,4h,e:\Zika_antigravity\00_raw_data\GSE110496\GSM2992526_1001700602_E7_counts.tsv,7791,2.144933e+06,47188.0,2.1999755,0.35194127816662546,0.17843039188247675,S,High_DENV,0.10937489569187164
GSM2992527,huh7,Barcode_707-508EX1,10017006,dengue,23,4,1,CTCTCTAC-AAGCCTACGT,0,,1001700602_E8,4,23,0,23,DENV,4h,e:\Zika_antigravity\00_raw_data\GSE110496\GSM2992527_1001700602_E8_counts.tsv,7053,1.261182e+06,24582.0,1.9491239,0.7905615033759248,-0.37504890750386644,S,High_DENV,0.1688884198665619
GSM2992528,huh7,Barcode_707-520EX1,10017006,dengue,0,4,1,CTCTCTAC-GGCTATACGT,0,,1001700602_E13,4,0,0,0,DENV,4h,e:\Zika_antigravity\00_raw_data\GSE110496\GSM2992528_1001700602_E13_counts.tsv,7937,745550.0,19916.0,2.6713164,0.5701317172946542,0.4474989768470016,S,Bystander_DENV,0.12731961905956268
GSM2992530,huh7,Barcode_707-521EX1,10017006,dengue,82,4,1,CTCTCTAC-GCCTTAACGT,0,,1001700602_E16,4,82,0,82,DENV,4h,e:\Zika_antigravity\00_raw_data\GSE110496\GSM2992530_1001700602_E16_counts.tsv,7129,710597.0,25639.0,3.608093,0.19019436498305625,-0.2736334847491489,S,High_DENV,0.1467713564634323
GSM2992531,huh7,Barcode_707-511EX1,10017006,dengue,12,4,1,CTCTCTAC-TCTCCGACGT,0,,1001700602_E20,4,12,0,12,DENV,4h,e:\Zika_antigravity\00_raw_data\GSE110496\GSM2992531_1001700602_E20_counts.tsv,4502,93566.0,1321.0,1.4118376,0.06349483540370351,-0.641928570698393,S,High_DENV,0.15275472402572632
GSM2992532,huh7,Barcode_707-522EX1,10017006,dengue,1,4,1,CTCTCTAC-ATGCGAACGT,0,,1001700602_F4,4,1,0,1,DENV,4h,e:\Zika_antigravity\00_raw_data\GSE110496\GSM2992532_1001700602_F4_counts.tsv,6799,940861.0,17037.0,1.8107882,-0.648741749904695,-0.6594932000038599,G1,Low_DENV,0.22163169085979462
GSM2992533,huh7,Barcode_710-502EX1,10017006,dengue,8,4,1,CGAGGCTG-CTCTATACGT,0,,1001700602_F7,4,8,0,8,DENV,4h,e:\Zika_antigravity\00_raw_data\GSE110496\GSM2992533_1001700602_F7_counts.tsv,7407,1.047548e+06,29505.0,2.8165774,-0.06087819417229012,-0.17107521093125397,G1,Low_DENV,0.16481341421604156
GSM2992534,huh7,Barcode_710-513EX1,10017006,dengue,72,4,1,CGAGGCTG-GACTAGACGT,0,,1001700602_F10,4,72,0,72,DENV,4h,e:\Zika_antigravity\00_raw_data\GSE110496\GSM2992534_1001700602_F10_counts.tsv,7112,857073.0,26237.0,3.0612328,-0.43400926269768253,-0.4099293562444911,G1,High_DENV,0.20447668433189392
GSM2992535,huh7,Barcode_710-503EX1,10017006,dengue,23,4,1,CGAGGCTG-TCCTCTACGT,0,,1001700602_F11,4,23,0,23,DENV,4h,e:\Zika_antigravity\00_raw_data\GSE110496\GSM2992535_1001700602_F11_counts.tsv,7627,951993.0,32620.0,3.426496,0.5083118650913959,-0.28208407642451944,S,High_DENV,0.14186401665210724
GSM2992536,huh7,Barcode_710-515EX1,10017006,dengue,28,4,1,CGAGGCTG-CTAGCTACGT,0,,1001700602_F12,4,28,0,28,DENV,4h,e:\Zika_antigravity\00_raw_data\GSE110496\GSM2992536_1001700602_F12_counts.tsv,6330,851472.0,17160.0,2.0153334,-0.5203180600024229,-0.6214200490554769,G1,High_DENV,0.17362095415592194
GSM2992537,huh7,Barcode_710-505EX1,10017006,dengue,14,4,1,CGAGGCTG-AAGGAGACGT,0,,1001700602_F13,4,14,0,14,DENV,4h,e:\Zika_antigravity\00_raw_data\GSE110496\GSM2992537_1001700602_F13_counts.tsv,6711,742356.0,16993.0,2.2890635,0.6662574720081119,0.34261728463071667,S,High_DENV,0.10572069138288498
GSM2992538,huh7,Barcode_710-516EX1,10017006,dengue,53,4,1,CGAGGCTG-TAGAGTACGT,0,,1001700602_F15,4,53,0,53,DENV,4h,e:\Zika_antigravity\00_raw_data\GSE110496\GSM2992538_1001700602_F15_counts.tsv,7895,731715.0,19115.0,2.612356,0.6349254880100489,-0.3709202493520107,S,High_DENV,0.17826031148433685
GSM2992540,huh7,Barcode_710-517EX1,10017006,dengue,99,4,1,CGAGGCTG-GTAAGAACGT,0,,1001700602_F20,4,99,0,99,DENV,4h,e:\Zika_antigravity\00_raw_data\GSE110496\GSM2992540_1001700602_F20_counts.tsv,6694,583373.0,22613.0,3.8762505,-0.002880233774582547,-0.5338215215241242,G1,High_DENV,0.1579444408416748
GSM2992541,huh7,Barcode_710-507EX1,10017006,dengue,0,4,1,CGAGGCTG-GGAGTAACGT,0,,1001700602_F21,4,0,0,0,DENV,4h,e:\Zika_antigravity\00_raw_data\GSE110496\GSM2992541_1001700602_F21_counts.tsv,6221,1.256482e+06,22009.0,1.7516367,0.6619843834124151,0.08037540941563964,S,Bystander_DENV,0.1129305362701416
GSM2992542,huh7,Barcode_710-518EX1,10017006,dengue,12,4,1,CGAGGCTG-ATTAAGACGT,0,,1001700602_F22,4,12,0,12,DENV,4h,e:\Zika_antigravity\00_raw_data\GSE110496\GSM2992542_1001700602_F22_counts.tsv,5573,899433.0,28154.0,3.1301942,-0.3761435623458099,-0.5466625621383071,G1,High_DENV,0.1950402706861496
GSM2992543,huh7,Barcode_710-508EX1,10017006,dengue,141,4,1,CGAGGCTG-AAGCCTACGT,0,,1001700602_G3,4,141,0,141,DENV,4h,e:\Zika_antigravity\00_raw_data\GSE110496\GSM2992543_1001700602_G3_counts.tsv,7256,1.162823e+06,29862.0,2.5680606,0.5307258040333788,-0.38070065655755647,S,High_DENV,0.16694265604019165
GSM2992544,huh7,Barcode_710-520EX1,10017006,dengue,63,4,1,CGAGGCTG-GGCTATACGT,0,,1001700602_G8,4,63,0,63,DENV,4h,e:\Zika_antigravity\00_raw_data\GSE110496\GSM2992544_1001700602_G8_counts.tsv,7621,756336.0,21581.0,2.8533616,-0.644537833177795,-0.6075882412459834,G1,High_DENV,0.23971067368984222
GSM2992545,huh7,Barcode_710-510EX1,10017006,dengue,113,4,1,CGAGGCTG-TCTAATACGT,0,,1001700602_G13,4,113,0,113,DENV,4h,e:\Zika_antigravity\00_raw_data\GSE110496\GSM2992545_1001700602_G13_counts.tsv,7326,911813.0,31037.0,3.4038777,-0.4528601507722799,-0.53244181255357,G1,High_DENV,0.17169561982154846
GSM2992546,huh7,Barcode_710-521EX1,10017006,dengue,11,4,1,CGAGGCTG-GCCTTAACGT,0,,1001700602_G14,4,11,0,11,DENV,4h,e:\Zika_antigravity\00_raw_data\GSE110496\GSM2992546_1001700602_G14_counts.tsv,6771,658917.0,21602.0,3.2784097,-0.26134464314395917,-0.4893303925081302,G1,High_DENV,0.18389543890953064
GSM2992547,huh7,Barcode_710-511EX1,10017006,dengue,33,4,1,CGAGGCTG-TCTCCGACGT,0,,1001700602_G19,4,33,0,33,DENV,4h,e:\Zika_antigravity\00_raw_data\GSE110496\GSM2992547_1001700602_G19_counts.tsv,6862,530925.0,17823.0,3.3569713,-0.37140387069611325,0.6549050209473235,G2M,High_DENV,0.0803244560956955
GSM2992548,huh7,Barcode_710-522EX1,10017006,dengue,7,4,1,CGAGGCTG-ATGCGAACGT,0,,1001700602_G22,4,7,0,7,DENV,4h,e:\Zika_antigravity\00_raw_data\GSE110496\GSM2992548_1001700602_G22_counts.tsv,7318,635883.0,22325.0,3.510866,0.7769809962361164,0.26591267901319476,S,Low_DENV,0.13318286836147308
GSM2992549,huh7,Barcode_711-502EX1,10017006,dengue,30,4,1,AAGAGGCA-CTCTATACGT,0,,1001700602_I4,4,30,0,30,DENV,4h,e:\Zika_antigravity\00_raw_data\GSE110496\GSM2992549_1001700602_I4_counts.tsv,7412,1.182603e+06,25896.0,2.1897457,0.20397301265703782,-0.2601841898828259,S,High_DENV,0.17330487072467804
GSM2992550,huh7,Barcode_711-513EX1,10017006,dengue,0,4,1,AAGAGGCA-GACTAGACGT,0,,1001700602_I9,4,0,0,0,DENV,4h,e:\Zika_antigravity\00_raw_data\GSE110496\GSM2992550_1001700602_I9_counts.tsv,6187,799744.0,24831.0,3.1048684,-0.5302968306300629,-0.5712482177764018,G1,Bystander_DENV,0.19246914982795715
GSM2992552,huh7,Barcode_711-515EX1,10017006,dengue,130,4,1,AAGAGGCA-CTAGCTACGT,0,,1001700602_I11,4,130,0,130,DENV,4h,e:\Zika_antigravity\00_raw_data\GSE110496\GSM2992552_1001700602_I11_counts.tsv,7628,749517.0,24587.0,3.2803793,-0.03305454909790395,-0.5159967082720723,G1,High_DENV,0.17766830325126648
GSM2992553,huh7,Barcode_711-505EX1,10017006,dengue,11,4,1,AAGAGGCA-AAGGAGACGT,0,,1001700602_I15,4,11,0,11,DENV,4h,e:\Zika_antigravity\00_raw_data\GSE110496\GSM2992553_1001700602_I15_counts.tsv,6991,561699.0,17246.0,3.0703278,0.3182471777689422,-0.452330818487696,S,High_DENV,0.17004255950450897
GSM2992554,huh7,Barcode_711-516EX1,10017006,dengue,8,4,1,AAGAGGCA-TAGAGTACGT,0,,1001700602_I17,4,8,0,8,DENV,4h,e:\Zika_antigravity\00_raw_data\GSE110496\GSM2992554_1001700602_I17_counts.tsv,7270,1.700156e+06,42512.0,2.5004766,-0.4894759886898101,-0.48938832691934275,G1,Low_DENV,0.21436214447021484
GSM2992555,huh7,Barcode_711-506EX1,10017006,dengue,102,4,1,AAGAGGCA-TGCATAACGT,0,,1001700602_I18,4,102,0,102,DENV,4h,e:\Zika_antigravity\00_raw_data\GSE110496\GSM2992555_1001700602_I18_counts.tsv,7659,795492.0,29507.0,3.7092767,0.4458208753666397,-0.38663027332833083,S,High_DENV,0.18941612541675568
GSM2992556,huh7,Barcode_711-517EX1,10017006,dengue,100,4,1,AAGAGGCA-GTAAGAACGT,0,,1001700602_I19,4,100,0,100,DENV,4h,e:\Zika_antigravity\00_raw_data\GSE110496\GSM2992556_1001700602_I19_counts.tsv,6053,924253.0,22953.0,2.4834108,0.5338543359278922,-0.29515319117785893,S,High_DENV,0.12743166089057922
GSM2992557,huh7,Barcode_711-507EX1,10017006,dengue,72,4,1,AAGAGGCA-GGAGTAACGT,0,,1001700602_I20,4,72,0,72,DENV,4h,e:\Zika_antigravity\00_raw_data\GSE110496\GSM2992557_1001700602_I20_counts.tsv,7278,775532.0,24385.0,3.1442933,-0.23792902144071248,-0.554934051847545,G1,High_DENV,0.19310791790485382
GSM2992558,huh7,Barcode_711-518EX1,10017006,dengue,22,4,1,AAGAGGCA-ATTAAGACGT,0,,1001700602_I21,4,22,0,22,DENV,4h,e:\Zika_antigravity\00_raw_data\GSE110496\GSM2992558_1001700602_I21_counts.tsv,7206,716079.0,22980.0,3.2091432,0.3886797573883086,-0.265162712101129,S,High_DENV,0.17313003540039062
GSM2992560,huh7,Barcode_711-520EX1,10017006,dengue,71,4,1,AAGAGGCA-GGCTATACGT,0,,1001700602_J10,4,71,0,71,DENV,4h,e:\Zika_antigravity\00_raw_data\GSE110496\GSM2992560_1001700602_J10_counts.tsv,7518,743287.0,24453.0,3.2898464,0.6601781006093093,-0.28944463426243106,S,High_DENV,0.16902047395706177
GSM2992561,huh7,Barcode_711-510EX1,10017006,dengue,24,4,1,AAGAGGCA-TCTAATACGT,0,,1001700602_J11,4,24,0,24,DENV,4h,e:\Zika_antigravity\00_raw_data\GSE110496\GSM2992561_1001700602_J11_counts.tsv,7860,833145.0,25863.0,3.1042614,0.7512282249074251,0.03978679651024011,S,High_DENV,0.13346484303474426
GSM2992562,huh7,Barcode_711-521EX1,10017006,dengue,64,4,1,AAGAGGCA-GCCTTAACGT,0,,1001700602_K3,4,64,0,64,DENV,4h,e:\Zika_antigravity\00_raw_data\GSE110496\GSM2992562_1001700602_K3_counts.tsv,7724,834088.0,22516.0,2.6994753,-0.2008580432938678,-0.6412156398382142,G1,High_DENV,0.18436099588871002
GSM2992563,huh7,Barcode_711-511EX1,10017006,dengue,101,4,1,AAGAGGCA-TCTCCGACGT,0,,1001700602_K4,4,101,0,101,DENV,4h,e:\Zika_antigravity\00_raw_data\GSE110496\GSM2992563_1001700602_K4_counts.tsv,6471,828640.0,17404.0,2.100309,-0.3065455301176934,0.2551517327563314,G2M,High_DENV,0.1490115225315094
GSM2992564,huh7,Barcode_711-522EX1,10017006,dengue,18,4,1,AAGAGGCA-ATGCGAACGT,0,,1001700602_K5,4,18,0,18,DENV,4h,e:\Zika_antigravity\00_raw_data\GSE110496\GSM2992564_1001700602_K5_counts.tsv,7120,743328.0,19427.0,2.6135166,-0.5332252598101539,-0.5965566061841855,G1,High_DENV,0.18361340463161469
GSM2992565,huh7,Barcode_712-502EX1,10017006,dengue,171,4,1,GTAGAGGA-CTCTATACGT,0,,1001700602_K9,4,171,0,171,DENV,4h,e:\Zika_antigravity\00_raw_data\GSE110496\GSM2992565_1001700602_K9_counts.tsv,7343,737491.0,18738.0,2.5407767,0.2275923313129516,-0.5195395709387901,S,High_DENV,0.15930548310279846
GSM2992566,huh7,Barcode_712-513EX1,10017006,dengue,10,4,1,GTAGAGGA-GACTAGACGT,0,,1001700602_K11,4,10,0,10,DENV,4h,e:\Zika_antigravity\00_raw_data\GSE110496\GSM2992566_1001700602_K11_counts.tsv,7836,813790.0,23991.0,2.948058,0.7825981333009189,0.5613714789154269,S,Low_DENV,0.11122402548789978
GSM2992567,huh7,Barcode_712-503EX1,10017006,dengue,0,4,1,GTAGAGGA-TCCTCTACGT,0,,1001700602_K14,4,0,0,0,DENV,4h,e:\Zika_antigravity\00_raw_data\GSE110496\GSM2992567_1001700602_K14_counts.tsv,3043,20791.0,368.0,1.7699966,0.1983470426694978,0.8860858404250268,G2M,Bystander_DENV,0.11267439275979996
GSM2992568,huh7,Barcode_712-515EX1,10017006,dengue,67,4,1,GTAGAGGA-CTAGCTACGT,0,,1001700602_K15,4,67,0,67,DENV,4h,e:\Zika_antigravity\00_raw_data\GSE110496\GSM2992568_1001700602_K15_counts.tsv,7876,638701.0,24483.0,3.833249,0.5706822476360858,0.5613480004822475,S,High_DENV,0.08140987157821655
GSM2992569,huh7,Barcode_712-505EX1,10017006,dengue,40,4,1,GTAGAGGA-AAGGAGACGT,0,,1001700602_K18,4,40,0,40,DENV,4h,e:\Zika_antigravity\00_raw_data\GSE110496\GSM2992569_1001700602_K18_counts.tsv,7060,440050.0,17643.0,4.0093174,-0.1675834953164061,1.8112845327576708,G2M,High_DENV,0.031110141426324844
GSM2992571,huh7,Barcode_712-506EX1,10017006,dengue,0,4,1,GTAGAGGA-TGCATAACGT,0,,1001700602_L3,4,0,0,0,DENV,4h,e:\Zika_antigravity\00_raw_data\GSE110496\GSM2992571_1001700602_L3_counts.tsv,7466,1.049624e+06,21796.0,2.076553,-0.2480174772668674,-0.6726761884111688,G1,Bystander_DENV,0.1953989565372467
GSM2992572,huh7,Barcode_712-517EX1,10017006,dengue,69,4,1,GTAGAGGA-GTAAGAACGT,0,,1001700602_L6,4,69,0,69,DENV,4h,e:\Zika_antigravity\00_raw_data\GSE110496\GSM2992572_1001700602_L6_counts.tsv,7111,892624.0,16779.0,1.8797388,-0.1957145162591977,0.12307870671880317,G2M,High_DENV,0.14925621449947357
GSM2992573,huh7,Barcode_712-507EX1,10017006,dengue,0,4,1,GTAGAGGA-GGAGTAACGT,0,,1001700602_L12,4,0,0,0,DENV,4h,e:\Zika_antigravity\00_raw_data\GSE110496\GSM2992573_1001700602_L12_counts.tsv,6996,762901.0,24418.0,3.2006774,-0.3940675265732265,-0.6297079323967714,G1,Bystander_DENV,0.17372897267341614
GSM2992574,huh7,Barcode_712-518EX1,10017006,dengue,12,4,1,GTAGAGGA-ATTAAGACGT,0,,1001700602_L13,4,12,0,12,DENV,4h,e:\Zika_antigravity\00_raw_data\GSE110496\GSM2992574_1001700602_L13_counts.tsv,7351,972234.0,31447.0,3.2345095,0.29297202529518734,-0.45050178060962853,S,High_DENV,0.17290258407592773
GSM2992576,huh7,Barcode_712-520EX1,10017006,dengue,4,4,1,GTAGAGGA-GGCTATACGT,0,,1001700602_L16,4,4,0,4,DENV,4h,e:\Zika_antigravity\00_raw_data\GSE110496\GSM2992576_1001700602_L16_counts.tsv,6946,748651.0,30441.0,4.066114,-0.548422611824658,0.3548733949928978,G2M,Low_DENV,0.18088047206401825
GSM2992577,huh7,Barcode_712-510EX1,10017006,dengue,38,4,1,GTAGAGGA-TCTAATACGT,0,,1001700602_L18,4,38,0,38,DENV,4h,e:\Zika_antigravity\00_raw_data\GSE110496\GSM2992577_1001700602_L18_counts.tsv,7698,699320.0,31010.0,4.4343076,-0.030277804014760823,-0.4478577875811635,G1,High_DENV,0.1692662388086319
GSM2992578,huh7,Barcode_712-521EX1,10017006,dengue,0,4,1,GTAGAGGA-GCCTTAACGT,0,,1001700602_L19,4,0,0,0,DENV,4h,e:\Zika_antigravity\00_raw_data\GSE110496\GSM2992578_1001700602_L19_counts.tsv,6732,577780.0,23398.0,4.0496383,-0.176086645924841,-0.34365531384552184,G1,Bystander_DENV,0.17499928176403046
GSM2992579,huh7,Barcode_712-511EX1,10017006,dengue,1,4,1,GTAGAGGA-TCTCCGACGT,0,,1001700602_L20,4,1,0,1,DENV,4h,e:\Zika_antigravity\00_raw_data\GSE110496\GSM2992579_1001700602_L20_counts.tsv,6707,576102.0,18000.0,3.1244469,-0.35985739682357576,0.11312871062869809,G2M,Low_DENV,0.14840146899223328
GSM2992580,huh7,Barcode_712-522EX1,10017006,dengue,0,4,1,GTAGAGGA-ATGCGAACGT,0,,1001700602_M2,4,0,0,0,DENV,4h,e:\Zika_antigravity\00_raw_data\GSE110496\GSM2992580_1001700602_M2_counts.tsv,7406,828817.0,18970.0,2.2888043,0.8363628827567611,0.21021010516835886,S,Bystander_DENV,0.1433715969324112
GSM2992581,huh7,Barcode_714-502EX1,10017006,dengue,49,4,1,GCTCATGA-CTCTATACGT,0,,1001700602_M3,4,49,0,49,DENV,4h,e:\Zika_antigravity\00_raw_data\GSE110496\GSM2992581_1001700602_M3_counts.tsv,7187,1.30904e+06,28003.0,2.1392012,-0.39088240357648046,-0.12362731306728628,G1,High_DENV,0.16249820590019226
GSM2992582,huh7,Barcode_714-513EX1,10017006,dengue,12,4,1,GCTCATGA-GACTAGACGT,0,,1001700602_M5,4,12,0,12,DENV,4h,e:\Zika_antigravity\00_raw_data\GSE110496\GSM2992582_1001700602_M5_counts.tsv,7422,1.017551e+06,24930.0,2.45,0.3444339876040994,-0.4328388182948413,S,High_DENV,0.1654152125120163
GSM2992583,huh7,Barcode_714-503EX1,10017006,dengue,0,4,1,GCTCATGA-TCCTCTACGT,0,,1001700602_M7,4,0,0,0,DENV,4h,e:\Zika_antigravity\00_raw_data\GSE110496\GSM2992583_1001700602_M7_counts.tsv,7547,1.036213e+06,26851.0,2.5912626,0.5314005772051003,-0.4321666961067581,S,Bystander_DENV,0.16656067967414856
GSM2992584,huh7,Barcode_714-515EX1,10017006,dengue,0,4,1,GCTCATGA-CTAGCTACGT,0,,1001700602_M10,4,0,0,0,DENV,4h,e:\Zika_antigravity\00_raw_data\GSE110496\GSM2992584_1001700602_M10_counts.tsv,7814,930881.0,21896.0,2.3521802,0.15584919102201683,0.08486667970603598,S,Bystander_DENV,0.12433727830648422
GSM2992585,huh7,Barcode_714-505EX1,10017006,dengue,2,4,1,GCTCATGA-AAGGAGACGT,0,,1001700602_M11,4,2,0,2,DENV,4h,e:\Zika_antigravity\00_raw_data\GSE110496\GSM2992585_1001700602_M11_counts.tsv,7262,589322.0,17665.0,2.9975123,-0.7509715087623113,-0.6310792076571237,G1,Low_DENV,0.18102183938026428
GSM2992586,huh7,Barcode_714-516EX1,10017006,dengue,0,4,1,GCTCATGA-TAGAGTACGT,0,,1001700602_M12,4,0,0,0,DENV,4h,e:\Zika_antigravity\00_raw_data\GSE110496\GSM2992586_1001700602_M12_counts.tsv,7510,821466.0,31427.0,3.8257215,0.20481567544227888,-0.5184750981027232,S,Bystander_DENV,0.16870275139808655
GSM2992587,huh7,Barcode_714-506EX1,10017006,dengue,0,4,1,GCTCATGA-TGCATAACGT,0,,1001700602_M14,4,0,0,0,DENV,4h,e:\Zika_antigravity\00_raw_data\GSE110496\GSM2992587_1001700602_M14_counts.tsv,7935,757476.0,32339.0,4.26931,0.9246272439663742,0.33352774672244184,S,Bystander_DENV,0.13517813384532928
GSM2992588,huh7,Barcode_714-517EX1,10017006,dengue,126,4,1,GCTCATGA-GTAAGAACGT,0,,1001700602_M15,4,126,0,126,DENV,4h,e:\Zika_antigravity\00_raw_data\GSE110496\GSM2992588_1001700602_M15_counts.tsv,7683,713683.0,20397.0,2.8579915,0.33587693886421177,0.16570993552196067,S,High_DENV,0.11542116850614548
GSM2992589,huh7,Barcode_714-507EX1,10017006,dengue,36,4,1,GCTCATGA-GGAGTAACGT,0,,1001700602_M17,4,36,0,36,DENV,4h,e:\Zika_antigravity\00_raw_data\GSE110496\GSM2992589_1001700602_M17_counts.tsv,6663,971657.0,35605.0,3.664359,0.13525280537793324,-0.38947168907400764,S,High_DENV,0.16891294717788696
GSM2992590,huh7,Barcode_714-518EX1,10017006,dengue,1,4,1,GCTCATGA-ATTAAGACGT,0,,1001700602_M19,4,1,0,1,DENV,4h,e:\Zika_antigravity\00_raw_data\GSE110496\GSM2992590_1001700602_M19_counts.tsv,5602,829738.0,39535.0,4.764757,0.011586210610611075,1.0837866817940318,G2M,Low_DENV,0.09973756968975067
GSM2992591,huh7,Barcode_714-508EX1,10017006,dengue,3,4,1,GCTCATGA-AAGCCTACGT,0,,1001700602_M21,4,3,0,3,DENV,4h,e:\Zika_antigravity\00_raw_data\GSE110496\GSM2992591_1001700602_M21_counts.tsv,5960,1.010802e+06,18194.0,1.7999569,-0.9749560067518837,-0.6798332813829514,G1,Low_DENV,0.2544722855091095
GSM2992593,huh7,Barcode_714-510EX1,10017006,dengue,74,4,1,GCTCATGA-TCTAATACGT,0,,1001700602_N6,4,74,0,74,DENV,4h,e:\Zika_antigravity\00_raw_data\GSE110496\GSM2992593_1001700602_N6_counts.tsv,7783,859909.0,24497.0,2.84879,-0.1741108711986315,0.25662835152494945,G2M,High_DENV,0.13847191631793976
GSM2992594,huh7,Barcode_714-521EX1,10017006,dengue,13,4,1,GCTCATGA-GCCTTAACGT,0,,1001700602_N8,4,13,0,13,DENV,4h,e:\Zika_antigravity\00_raw_data\GSE110496\GSM2992594_1001700602_N8_counts.tsv,7366,823732.0,21812.0,2.6479487,-0.07040385660671053,-0.45165202343936894,G1,High_DENV,0.18386296927928925
GSM2992595,huh7,Barcode_714-511EX1,10017006,dengue,190,4,1,GCTCATGA-TCTCCGACGT,0,,1001700602_N9,4,190,0,190,DENV,4h,e:\Zika_antigravity\00_raw_data\GSE110496\GSM2992595_1001700602_N9_counts.tsv,7392,671678.0,17624.0,2.6238763,-0.20193773158825934,-0.6907466010918651,G1,High_DENV,0.17163139581680298
GSM2992596,huh7,Barcode_714-522EX1,10017006,dengue,39,4,1,GCTCATGA-ATGCGAACGT,0,,1001700602_N11,4,39,0,39,DENV,4h,e:\Zika_antigravity\00_raw_data\GSE110496\GSM2992596_1001700602_N11_counts.tsv,7375,598418.0,20221.0,3.3790762,0.6369553925558216,-0.047233694022432327,S,High_DENV,0.11543986201286316
GSM2992597,huh7,Barcode_715-502EX1,10017006,dengue,25,4,1,ATCTCAGG-CTCTATACGT,0,,1001700602_N13,4,25,0,25,DENV,4h,e:\Zika_antigravity\00_raw_data\GSE110496\GSM2992597_1001700602_N13_counts.tsv,7715,878659.0,28998.0,3.3002563,1.1968315106913603,0.16750422728165454,S,High_DENV,0.14552021026611328
GSM2992598,huh7,Barcode_715-513EX1,10017006,dengue,51,4,1,ATCTCAGG-GACTAGACGT,0,,1001700602_N14,4,51,0,51,DENV,4h,e:\Zika_antigravity\00_raw_data\GSE110496\GSM2992598_1001700602_N14_counts.tsv,7341,872891.0,31632.0,3.62382,0.1288169780335877,-0.48828794875260983,S,High_DENV,0.1810038983821869
GSM2992599,huh7,Barcode_715-503EX1,10017006,dengue,0,4,1,ATCTCAGG-TCCTCTACGT,0,,1001700602_N15,4,0,0,0,DENV,4h,e:\Zika_antigravity\00_raw_data\GSE110496\GSM2992599_1001700602_N15_counts.tsv,7039,816752.0,27242.0,3.3354065,-0.7389438027604706,-0.6489284911125595,G1,Bystander_DENV,0.20618771016597748
GSM2992600,huh7,Barcode_715-515EX1,10017006,dengue,112,4,1,ATCTCAGG-CTAGCTACGT,0,,1001700602_N16,4,112,0,112,DENV,4h,e:\Zika_antigravity\00_raw_data\GSE110496\GSM2992600_1001700602_N16_counts.tsv,7465,1.006943e+06,37712.0,3.745197,0.0026859691033938107,0.2741899641448763,G2M,High_DENV,0.14599747955799103
GSM2992601,huh7,Barcode_715-505EX1,10017006,dengue,0,4,1,ATCTCAGG-AAGGAGACGT,0,,1001700602_N18,4,0,0,0,DENV,4h,e:\Zika_antigravity\00_raw_data\GSE110496\GSM2992601_1001700602_N18_counts.tsv,5944,621873.0,11778.0,1.8939558,-0.6477399479991403,-0.20326701234097083,G1,Bystander_DENV,0.17827282845973969
GSM2992602,huh7,Barcode_715-516EX1,10017006,dengue,0,4,1,ATCTCAGG-TAGAGTACGT,0,,1001700602_N21,4,0,0,0,DENV,4h,e:\Zika_antigravity\00_raw_data\GSE110496\GSM2992602_1001700602_N21_counts.tsv,4062,1.263943e+06,3260.0,0.25792304,-0.49445564184958735,-0.8519574479112036,G1,Bystander_DENV,0.16716508567333221
GSM2992603,huh7,Barcode_715-506EX1,10017006,dengue,0,4,1,ATCTCAGG-TGCATAACGT,0,,1001700602_N22,4,0,0,0,DENV,4h,e:\Zika_antigravity\00_raw_data\GSE110496\GSM2992603_1001700602_N22_counts.tsv,7641,939811.0,36194.0,3.8511999,-0.6217958130396991,-0.569551803150371,G1,Bystander_DENV,0.1971757560968399
GSM2992604,huh7,Barcode_715-517EX1,10017006,dengue,12,4,1,ATCTCAGG-GTAAGAACGT,0,,1001700602_O3,4,12,0,12,DENV,4h,e:\Zika_antigravity\00_raw_data\GSE110496\GSM2992604_1001700602_O3_counts.tsv,7810,1.051967e+06,25293.0,2.4043531,0.8947346581323515,0.11387964336137614,S,High_DENV,0.1545407623052597
GSM2992605,huh7,Barcode_715-507EX1,10017006,dengue,0,4,1,ATCTCAGG-GGAGTAACGT,0,,1001700602_O4,4,0,0,0,DENV,4h,e:\Zika_antigravity\00_raw_data\GSE110496\GSM2992605_1001700602_O4_counts.tsv,7736,953162.0,18714.0,1.9633598,0.19076895662001336,0.3043123671655203,G2M,Bystander_DENV,0.1291215717792511
GSM2992606,huh7,Barcode_715-518EX1,10017006,dengue,1,4,1,ATCTCAGG-ATTAAGACGT,0,,1001700602_O6,4,1,0,1,DENV,4h,e:\Zika_antigravity\00_raw_data\GSE110496\GSM2992606_1001700602_O6_counts.tsv,7744,856057.0,22840.0,2.6680465,0.9117156515640783,-0.006052656600824352,S,Low_DENV,0.1653018444776535
GSM2992607,huh7,Barcode_715-508EX1,10017006,dengue,63,4,1,ATCTCAGG-AAGCCTACGT,0,,1001700602_O8,4,63,0,63,DENV,4h,e:\Zika_antigravity\00_raw_data\GSE110496\GSM2992607_1001700602_O8_counts.tsv,7474,893805.0,39504.0,4.419756,0.318048965565062,-0.2831898362842385,S,High_DENV,0.1783796101808548
GSM2992609,huh7,Barcode_715-510EX1,10017006,dengue,17,4,1,ATCTCAGG-TCTAATACGT,0,,1001700602_O12,4,17,0,17,DENV,4h,e:\Zika_antigravity\00_raw_data\GSE110496\GSM2992609_1001700602_O12_counts.tsv,6286,1.183472e+06,22370.0,1.8902011,-0.13918842132025885,-0.5671093912274011,G1,High_DENV,0.14736491441726685
GSM2992610,huh7,Barcode_715-521EX1,10017006,dengue,10,4,1,ATCTCAGG-GCCTTAACGT,0,,1001700602_O13,4,10,0,10,DENV,4h,e:\Zika_antigravity\00_raw_data\GSE110496\GSM2992610_1001700602_O13_counts.tsv,7275,762010.0,21282.0,2.7928767,0.5706972123356535,-0.42617426231290173,S,Low_DENV,0.16415119171142578
GSM2992611,huh7,Barcode_715-511EX1,10017006,dengue,9,4,1,ATCTCAGG-TCTCCGACGT,0,,1001700602_O14,4,9,0,9,DENV,4h,e:\Zika_antigravity\00_raw_data\GSE110496\GSM2992611_1001700602_O14_counts.tsv,7364,668032.0,19198.0,2.8738146,-0.4872128476876588,-0.5947039224547905,G1,Low_DENV,0.22800661623477936
GSM2992612,huh7,Barcode_715-522EX1,10017006,dengue,65,4,1,ATCTCAGG-ATGCGAACGT,0,,1001700602_O16,4,65,0,65,DENV,4h,e:\Zika_antigravity\00_raw_data\GSE110496\GSM2992612_1001700602_O16_counts.tsv,6927,703026.0,41528.0,5.907036,-0.4338823668924826,-0.32105191667873034,G1,High_DENV,0.18724755942821503
GSM2992613,huh7,Barcode_716-502EX1,10017006,dengue,13,4,1,ACTCGCTA-CTCTATACGT,0,,1001700602_O17,4,13,0,13,DENV,4h,e:\Zika_antigravity\00_raw_data\GSE110496\GSM2992613_1001700602_O17_counts.tsv,7418,824978.0,26616.0,3.2262678,-0.12127611198673202,-0.5443840978882346,G1,High_DENV,0.16884097456932068
GSM2992614,huh7,Barcode_716-513EX1,10017006,dengue,6,4,1,ACTCGCTA-GACTAGACGT,0,,1001700602_O18,4,6,0,6,DENV,4h,e:\Zika_antigravity\00_raw_data\GSE110496\GSM2992614_1001700602_O18_counts.tsv,7483,834393.0,25813.0,3.0936263,0.2430638602579988,-0.49439939062344296,S,Low_DENV,0.16838639974594116
GSM2992615,huh7,Barcode_716-503EX1,10017006,dengue,42,4,1,ACTCGCTA-TCCTCTACGT,0,,1001700602_P8,4,42,0,42,DENV,4h,e:\Zika_antigravity\00_raw_data\GSE110496\GSM2992615_1001700602_P8_counts.tsv,7583,1.17573e+06,38885.0,3.3073068,0.7190389630196261,-0.03819996799141684,S,High_DENV,0.13502709567546844
GSM2992617,huh7,Barcode_716-505EX1,10017006,dengue,0,4,1,ACTCGCTA-AAGGAGACGT,0,,1001700602_P16,4,0,0,0,DENV,4h,e:\Zika_antigravity\00_raw_data\GSE110496\GSM2992617_1001700602_P16_counts.tsv,6860,611884.0,22588.0,3.6915493,0.9580560125587952,0.10725810247489972,S,Bystander_DENV,0.13225899636745453
GSM2992618,huh7,Barcode_716-516EX1,10017006,dengue,55,4,1,ACTCGCTA-TAGAGTACGT,0,,1001700602_P17,4,55,0,55,DENV,4h,e:\Zika_antigravity\00_raw_data\GSE110496\GSM2992618_1001700602_P17_counts.tsv,7903,884499.0,31621.0,3.575018,-0.02538466934624705,1.0002867192705827,G2M,High_DENV,0.02165381610393524
GSM2992619,huh7,Barcode_716-506EX1,10017006,dengue,24,4,1,ACTCGCTA-TGCATAACGT,0,,1001700602_P18,4,24,0,24,DENV,4h,e:\Zika_antigravity\00_raw_data\GSE110496\GSM2992619_1001700602_P18_counts.tsv,7798,1.172692e+06,34717.0,2.9604533,-0.511878103053286,-0.5854547002542293,G1,High_DENV,0.18231245875358582
GSM2992620,huh7,Barcode_716-517EX1,10017006,dengue,51,4,1,ACTCGCTA-GTAAGAACGT,0,,1001700602_P19,4,51,0,51,DENV,4h,e:\Zika_antigravity\00_raw_data\GSE110496\GSM2992620_1001700602_P19_counts.tsv,6960,607478.0,27524.0,4.530864,0.6352811891799016,-0.12534594510874872,S,High_DENV,0.14860890805721283
GSM2992622,huh7,Barcode_716-518EX1,10017006,dengue,3517,4,10,ACTCGCTA-ATTAAGACGT,0,,1001700603_A2,4,3517,0,3517,DENV,4h,e:\Zika_antigravity\00_raw_data\GSE110496\GSM2992622_1001700603_A2_counts.tsv,7039,560811.0,25823.0,4.604582,-0.5154518586672132,-0.38630649188319793,G1,High_DENV,0.18826664984226227
GSM2992623,huh7,Barcode_716-508EX1,10017006,dengue,2534,4,10,ACTCGCTA-AAGCCTACGT,0,,1001700603_A4,4,2534,0,2534,DENV,4h,e:\Zika_antigravity\00_raw_data\GSE110496\GSM2992623_1001700603_A4_counts.tsv,7737,629949.0,25291.0,4.0147696,-0.020059753335191916,-0.3608267620922852,G1,High_DENV,0.22325298190116882
GSM2992624,huh7,Barcode_716-520EX1,10017006,dengue,3757,4,10,ACTCGCTA-GGCTATACGT,0,,1001700603_A6,4,3757,0,3757,DENV,4h,e:\Zika_antigravity\00_raw_data\GSE110496\GSM2992624_1001700603_A6_counts.tsv,7178,562174.0,26488.0,4.7117085,0.8831272830377288,0.9213938078111813,G2M,High_DENV,0.0821947380900383
GSM2992625,huh7,Barcode_716-510EX1,10017006,dengue,581,4,10,ACTCGCTA-TCTAATACGT,0,,1001700603_A7,4,581,0,581,DENV,4h,e:\Zika_antigravity\00_raw_data\GSE110496\GSM2992625_1001700603_A7_counts.tsv,7030,565645.0,29243.0,5.1698503,1.1123420482479214,0.4338211522880317,S,High_DENV,0.0804705023765564
GSM2992626,huh7,Barcode_716-521EX1,10017006,dengue,598,4,10,ACTCGCTA-GCCTTAACGT,0,,1001700603_A9,4,598,0,598,DENV,4h,e:\Zika_antigravity\00_raw_data\GSE110496\GSM2992626_1001700603_A9_counts.tsv,6368,479296.0,21731.0,4.5339413,0.4820038125706127,-0.14305120838842852,S,High_DENV,0.10615506768226624
GSM2992627,huh7,Barcode_716-511EX1,10017006,dengue,411,4,10,ACTCGCTA-TCTCCGACGT,0,,1001700603_A11,4,411,0,411,DENV,4h,e:\Zika_antigravity\00_raw_data\GSE110496\GSM2992627_1001700603_A11_counts.tsv,6676,351337.0,15701.0,4.468929,-0.266527003753886,2.343899883132822,G2M,High_DENV,0.086328886449337
GSM2992628,huh7,Barcode_716-522EX1,10017006,dengue,580,4,10,ACTCGCTA-ATGCGAACGT,0,,1001700603_A16,4,580,0,580,DENV,4h,e:\Zika_antigravity\00_raw_data\GSE110496\GSM2992628_1001700603_A16_counts.tsv,7850,472013.0,25786.0,5.462985,1.1943028525959345,0.4703458045435047,S,High_DENV,0.08991578966379166
GSM2992629,huh7,Barcode_718-502EX1,10017006,dengue,1718,4,10,GGAGCTAC-CTCTATACGT,0,,1001700603_A17,4,1718,0,1718,DENV,4h,e:\Zika_antigravity\00_raw_data\GSE110496\GSM2992629_1001700603_A17_counts.tsv,6231,506652.0,39074.0,7.7121973,-0.3723578615513231,-0.18111280224951332,G1,High_DENV,0.21705956757068634
GSM2992630,huh7,Barcode_718-513EX1,10017006,dengue,2159,4,10,GGAGCTAC-GACTAGACGT,0,,1001700603_A19,4,2159,0,2159,DENV,4h,e:\Zika_antigravity\00_raw_data\GSE110496\GSM2992630_1001700603_A19_counts.tsv,6839,498504.0,29346.0,5.886813,-0.3380051250170384,-0.2527545797718334,G1,High_DENV,0.1724669188261032
GSM2992631,huh7,Barcode_718-503EX1,10017006,dengue,2566,4,10,GGAGCTAC-TCCTCTACGT,0.002,,1001700603_A22,4,2566,0,2566,DENV,4h,e:\Zika_antigravity\00_raw_data\GSE110496\GSM2992631_1001700603_A22_counts.tsv,6127,462417.0,26530.0,5.737246,0.19068450150080024,1.0702656840511953,G2M,High_DENV,0.06268810480833054
GSM2992632,huh7,Barcode_718-515EX1,10017006,dengue,1107,4,10,GGAGCTAC-CTAGCTACGT,0,,1001700603_B1,4,1107,0,1107,DENV,4h,e:\Zika_antigravity\00_raw_data\GSE110496\GSM2992632_1001700603_B1_counts.tsv,7022,881318.0,31621.0,3.5879216,0.11700452537791403,-0.54870388521186,S,High_DENV,0.21787633001804352
GSM2992633,huh7,Barcode_718-505EX1,10017006,dengue,549,4,10,GGAGCTAC-AAGGAGACGT,0,,1001700603_B4,4,549,0,549,DENV,4h,e:\Zika_antigravity\00_raw_data\GSE110496\GSM2992633_1001700603_B4_counts.tsv,6987,442883.0,14232.0,3.2134898,-0.02734491298476877,-0.28662203726050606,G1,High_DENV,0.19711506366729736
GSM2992634,huh7,Barcode_718-516EX1,10017006,dengue,1641,4,10,GGAGCTAC-TAGAGTACGT,0,,1001700603_B6,4,1641,0,1641,DENV,4h,e:\Zika_antigravity\00_raw_data\GSE110496\GSM2992634_1001700603_B6_counts.tsv,7308,702299.0,27332.0,3.8917894,-0.1591116642756831,-0.4846982994097434,G1,High_DENV,0.20447465777397156
GSM2992635,huh7,Barcode_718-506EX1,10017006,dengue,2107,4,10,GGAGCTAC-TGCATAACGT,0,,1001700603_B8,4,2107,0,2107,DENV,4h,e:\Zika_antigravity\00_raw_data\GSE110496\GSM2992635_1001700603_B8_counts.tsv,7527,571455.0,19729.0,3.4524155,0.8857254124823071,0.8888992403231055,G2M,High_DENV,0.09096027910709381
GSM2992636,huh7,Barcode_718-517EX1,10017006,dengue,225,4,10,GGAGCTAC-GTAAGAACGT,0,,1001700603_B10,4,225,0,225,DENV,4h,e:\Zika_antigravity\00_raw_data\GSE110496\GSM2992636_1001700603_B10_counts.tsv,6453,646443.0,23089.0,3.5716991,-0.54451344551829,-0.5471964074878711,G1,High_DENV,0.20041963458061218
GSM2992637,huh7,Barcode_718-507EX1,10017006,dengue,483,4,10,GGAGCTAC-GGAGTAACGT,0,,1001700603_B12,4,483,0,483,DENV,4h,e:\Zika_antigravity\00_raw_data\GSE110496\GSM2992637_1001700603_B12_counts.tsv,7177,558449.0,22689.0,4.0628595,0.8235301395257314,-0.0900278282510913,S,High_DENV,0.11803102493286133
GSM2992638,huh7,Barcode_718-518EX1,10017006,dengue,276,4,10,GGAGCTAC-ATTAAGACGT,0,,1001700603_B20,4,276,0,276,DENV,4h,e:\Zika_antigravity\00_raw_data\GSE110496\GSM2992638_1001700603_B20_counts.tsv,6751,486551.0,26902.0,5.5291224,-0.4201831694847594,-0.5787422979125536,G1,High_DENV,0.21446198225021362
GSM2992639,huh7,Barcode_718-508EX1,10017006,dengue,698,4,10,GGAGCTAC-AAGCCTACGT,0,,1001700603_B21,4,698,0,698,DENV,4h,e:\Zika_antigravity\00_raw_data\GSE110496\GSM2992639_1001700603_B21_counts.tsv,6216,559809.0,27952.0,4.9931316,-0.3470444318217536,-0.38527157499256265,G1,High_DENV,0.18544556200504303
GSM2992640,huh7,Barcode_718-520EX1,10017006,dengue,2824,4,10,GGAGCTAC-GGCTATACGT,0,,1001700603_C3,4,2824,0,2824,DENV,4h,e:\Zika_antigravity\00_raw_data\GSE110496\GSM2992640_1001700603_C3_counts.tsv,6938,767320.0,22752.0,2.9651256,-0.4685652287482905,-0.08160269571884375,G1,High_DENV,0.15594814717769623
GSM2992642,huh7,Barcode_718-521EX1,10017006,dengue,171,4,10,GGAGCTAC-GCCTTAACGT,0,,1001700603_C7,4,171,0,171,DENV,4h,e:\Zika_antigravity\00_raw_data\GSE110496\GSM2992642_1001700603_C7_counts.tsv,7034,579862.0,19505.0,3.3637314,-0.09858361053324881,-0.5269945057264838,G1,High_DENV,0.21228532493114471
GSM2992643,huh7,Barcode_718-511EX1,10017006,dengue,1490,4,10,GGAGCTAC-TCTCCGACGT,0,,1001700603_C9,4,1490,0,1490,DENV,4h,e:\Zika_antigravity\00_raw_data\GSE110496\GSM2992643_1001700603_C9_counts.tsv,6012,473622.0,21256.0,4.487967,-0.38719150464360913,-0.26213825346935266,G1,High_DENV,0.19841384887695312
GSM2992644,huh7,Barcode_718-522EX1,10017006,dengue,732,4,10,GGAGCTAC-ATGCGAACGT,0,,1001700603_C11,4,732,0,732,DENV,4h,e:\Zika_antigravity\00_raw_data\GSE110496\GSM2992644_1001700603_C11_counts.tsv,6130,527476.0,21734.0,4.120377,-0.6095284032724089,-0.49331453440910983,G1,High_DENV,0.18333081901073456
GSM2992645,huh7,Barcode_719-502EX1,10017006,dengue,2544,4,10,GCGTAGTA-CTCTATACGT,0,,1001700603_C13,4,2544,0,2544,DENV,4h,e:\Zika_antigravity\00_raw_data\GSE110496\GSM2992645_1001700603_C13_counts.tsv,7448,586638.0,22727.0,3.8741097,0.20397898577198031,-0.24102175858261654,S,High_DENV,0.1302308589220047
GSM2992646,huh7,Barcode_719-513EX1,10017006,dengue,36,4,10,GCGTAGTA-GACTAGACGT,0,,1001700603_C16,4,36,0,36,DENV,4h,e:\Zika_antigravity\00_raw_data\GSE110496\GSM2992646_1001700603_C16_counts.tsv,2131,12385.0,348.0,2.8098507,-0.10865562124443905,0.5492994022032476,G2M,High_DENV,0.10293601453304291
GSM2992647,huh7,Barcode_719-503EX1,10017006,dengue,5287,4,10,GCGTAGTA-TCCTCTACGT,0,,1001700603_D2,4,5287,0,5287,DENV,4h,e:\Zika_antigravity\00_raw_data\GSE110496\GSM2992647_1001700603_D2_counts.tsv,7481,716199.0,26724.0,3.7313652,-0.3611070643400862,-0.3802945720972456,G1,High_DENV,0.1603287309408188
GSM2992648,huh7,Barcode_719-515EX1,10017006,dengue,325,4,10,GCGTAGTA-CTAGCTACGT,0,,1001700603_D3,4,325,0,325,DENV,4h,e:\Zika_antigravity\00_raw_data\GSE110496\GSM2992648_1001700603_D3_counts.tsv,7530,836130.0,30487.0,3.6462035,-0.16584758382578868,0.10450322350882132,G2M,High_DENV,0.15080295503139496
GSM2992649,huh7,Barcode_719-505EX1,10017006,dengue,616,4,10,GCGTAGTA-AAGGAGACGT,0,,1001700603_D4,4,616,0,616,DENV,4h,e:\Zika_antigravity\00_raw_data\GSE110496\GSM2992649_1001700603_D4_counts.tsv,7116,672147.0,19879.0,2.9575377,-0.7860873469448139,-0.7164221066519746,G1,High_DENV,0.23862561583518982
GSM2992651,huh7,Barcode_719-506EX1,10017006,dengue,926,4,10,GCGTAGTA-TGCATAACGT,0,,1001700603_D8,4,926,0,926,DENV,4h,e:\Zika_antigravity\00_raw_data\GSE110496\GSM2992651_1001700603_D8_counts.tsv,7423,664007.0,26170.0,3.9412234,0.04906142371751014,-0.21414016502024041,S,High_DENV,0.17648960649967194
GSM2992652,huh7,Barcode_719-517EX1,10017006,dengue,461,4,10,GCGTAGTA-GTAAGAACGT,0,,1001700603_D10,4,461,0,461,DENV,4h,e:\Zika_antigravity\00_raw_data\GSE110496\GSM2992652_1001700603_D10_counts.tsv,7159,639296.0,18413.0,2.8801994,-0.3267030304519548,-0.5523441312053999,G1,High_DENV,0.15724898874759674
GSM2992653,huh7,Barcode_719-507EX1,10017006,dengue,1325,4,10,GCGTAGTA-GGAGTAACGT,0,,1001700603_D11,4,1325,0,1325,DENV,4h,e:\Zika_antigravity\00_raw_data\GSE110496\GSM2992653_1001700603_D11_counts.tsv,7604,578486.0,18271.0,3.158417,0.8403122807764226,0.30906101724933777,S,High_DENV,0.07083586603403091
GSM2992654,huh7,Barcode_719-518EX1,10017006,dengue,1880,4,10,GCGTAGTA-ATTAAGACGT,0,,1001700603_D12,4,1880,0,1880,DENV,4h,e:\Zika_antigravity\00_raw_data\GSE110496\GSM2992654_1001700603_D12_counts.tsv,7798,638651.0,24471.0,3.83167,0.17754062414945412,0.9563470401902064,G2M,High_DENV,0.06169141083955765
GSM2992655,huh7,Barcode_719-508EX1,10017006,dengue,2870,4,10,GCGTAGTA-AAGCCTACGT,0,,1001700603_D17,4,2870,0,2870,DENV,4h,e:\Zika_antigravity\00_raw_data\GSE110496\GSM2992655_1001700603_D17_counts.tsv,7158,505882.0,24848.0,4.911817,-0.7033887385501572,-0.6227849297130716,G1,High_DENV,0.18366578221321106
GSM2992656,huh7,Barcode_719-520EX1,10017006,dengue,2073,4,10,GCGTAGTA-GGCTATACGT,0,,1001700603_D20,4,2073,0,2073,DENV,4h,e:\Zika_antigravity\00_raw_data\GSE110496\GSM2992656_1001700603_D20_counts.tsv,7176,537924.0,21176.0,3.9366155,-0.5077871910784216,-0.5499790221919516,G1,High_DENV,0.20658482611179352
GSM2992658,huh7,Barcode_719-521EX1,10017006,dengue,2274,4,10,GCGTAGTA-GCCTTAACGT,0,,1001700603_E1,4,2274,0,2274,DENV,4h,e:\Zika_antigravity\00_raw_data\GSE110496\GSM2992658_1001700603_E1_counts.tsv,6142,688415.0,33570.0,4.876419,-0.09973617884693557,0.1801732899735297,G2M,High_DENV,0.13675647974014282
GSM2992659,huh7,Barcode_719-511EX1,10017006,dengue,377,4,10,GCGTAGTA-TCTCCGACGT,0,,1001700603_E3,4,377,0,377,DENV,4h,e:\Zika_antigravity\00_raw_data\GSE110496\GSM2992659_1001700603_E3_counts.tsv,6152,530055.0,20427.0,3.853751,0.1010254806218048,-0.564424578851666,S,High_DENV,0.19995172321796417
GSM2992660,huh7,Barcode_719-522EX1,10017006,dengue,8250,4,10,GCGTAGTA-ATGCGAACGT,0,,1001700603_E5,4,8250,0,8250,DENV,4h,e:\Zika_antigravity\00_raw_data\GSE110496\GSM2992660_1001700603_E5_counts.tsv,7537,501829.0,19424.0,3.870641,-0.6690218762982459,-0.5198592440054075,G1,High_DENV,0.2323751002550125
GSM2992661,huh7,Barcode_720-502EX1,10017006,dengue,459,4,10,CGGAGCCT-CTCTATACGT,0,,1001700603_E7,4,459,0,459,DENV,4h,e:\Zika_antigravity\00_raw_data\GSE110496\GSM2992661_1001700603_E7_counts.tsv,5802,713476.0,23062.0,3.2323442,0.9242036354816741,-0.00021506143042289427,S,High_DENV,0.117839016020298
GSM2992662,huh7,Barcode_720-513EX1,10017006,dengue,1612,4,10,CGGAGCCT-GACTAGACGT,0,,1001700603_E9,4,1612,0,1612,DENV,4h,e:\Zika_antigravity\00_raw_data\GSE110496\GSM2992662_1001700603_E9_counts.tsv,7207,585365.0,25291.0,4.3205523,1.0066601030262452,0.2927819039677465,S,High_DENV,0.0784137174487114
GSM2992663,huh7,Barcode_720-503EX1,10017006,dengue,1745,4,10,CGGAGCCT-TCCTCTACGT,0,,1001700603_E11,4,1745,0,1745,DENV,4h,e:\Zika_antigravity\00_raw_data\GSE110496\GSM2992663_1001700603_E11_counts.tsv,6761,609604.0,24028.0,3.941575,-0.21166446185892537,0.5153340356351812,G2M,High_DENV,0.1514568328857422
GSM2992664,huh7,Barcode_720-515EX1,10017006,dengue,841,4,10,CGGAGCCT-CTAGCTACGT,0,,1001700603_E15,4,841,0,841,DENV,4h,e:\Zika_antigravity\00_raw_data\GSE110496\GSM2992664_1001700603_E15_counts.tsv,6569,591510.0,24221.0,4.0947742,0.12646609813950602,-0.018839545173438794,S,High_DENV,0.16863101720809937
GSM2992665,huh7,Barcode_720-505EX1,10017006,dengue,1609,4,10,CGGAGCCT-AAGGAGACGT,0,,1001700603_E16,4,1609,0,1609,DENV,4h,e:\Zika_antigravity\00_raw_data\GSE110496\GSM2992665_1001700603_E16_counts.tsv,4720,299892.0,41266.0,13.760286,0.49444174011060527,0.5787447322606116,G2M,High_DENV,0.19801601767539978
GSM2992666,huh7,Barcode_720-516EX1,10017006,dengue,1094,4,10,CGGAGCCT-TAGAGTACGT,0,,1001700603_E18,4,1094,0,1094,DENV,4h,e:\Zika_antigravity\00_raw_data\GSE110496\GSM2992666_1001700603_E18_counts.tsv,7344,490287.0,24255.0,4.9471025,0.18959840023003166,1.1285621043593788,G2M,High_DENV,0.1664188802242279
GSM2992667,huh7,Barcode_720-506EX1,10017006,dengue,1009,4,10,CGGAGCCT-TGCATAACGT,0,,1001700603_E20,4,1009,0,1009,DENV,4h,e:\Zika_antigravity\00_raw_data\GSE110496\GSM2992667_1001700603_E20_counts.tsv,7362,548694.0,21737.0,3.9615889,-0.17287291883535327,0.30205129517126433,G2M,High_DENV,0.11474678665399551
GSM2992668,huh7,Barcode_720-517EX1,10017006,dengue,176,4,10,CGGAGCCT-GTAAGAACGT,0,,1001700603_E22,4,176,0,176,DENV,4h,e:\Zika_antigravity\00_raw_data\GSE110496\GSM2992668_1001700603_E22_counts.tsv,7531,307613.0,14862.0,4.831395,-0.5655833709624685,-0.4196745547496805,G1,High_DENV,0.18802998960018158
GSM2992669,huh7,Barcode_720-507EX1,10017006,dengue,587,4,10,CGGAGCCT-GGAGTAACGT,0,,1001700603_F2,4,587,0,587,DENV,4h,e:\Zika_antigravity\00_raw_data\GSE110496\GSM2992669_1001700603_F2_counts.tsv,7137,683604.0,14502.0,2.1214037,0.7800144372164228,0.014103334557982586,S,High_DENV,0.09119574725627899
GSM2992670,huh7,Barcode_720-518EX1,10017006,dengue,2562,4,10,CGGAGCCT-ATTAAGACGT,0,,1001700603_F3,4,2562,0,2562,DENV,4h,e:\Zika_antigravity\00_raw_data\GSE110496\GSM2992670_1001700603_F3_counts.tsv,7183,860117.0,38796.0,4.510549,-0.6707079780066297,-0.5852239442150241,G1,High_DENV,0.23454301059246063
GSM2992671,huh7,Barcode_720-508EX1,10017006,dengue,3646,4,10,CGGAGCCT-AAGCCTACGT,0,,1001700603_F5,4,3646,0,3646,DENV,4h,e:\Zika_antigravity\00_raw_data\GSE110496\GSM2992671_1001700603_F5_counts.tsv,7071,601936.0,22465.0,3.7321243,-0.20153961796313524,-0.5048174884832038,G1,High_DENV,0.19975994527339935
GSM2992672,huh7,Barcode_720-520EX1,10017006,dengue,18,4,10,CGGAGCCT-GGCTATACGT,0,,1001700603_F7,4,18,0,18,DENV,4h,e:\Zika_antigravity\00_raw_data\GSE110496\GSM2992672_1001700603_F7_counts.tsv,5472,856082.0,48857.0,5.707047,-0.581043466180563,-0.4001513400283184,G1,High_DENV,0.18103796243667603
GSM2992673,huh7,Barcode_720-510EX1,10017006,dengue,4256,4,10,CGGAGCCT-TCTAATACGT,0,,1001700603_F9,4,4256,0,4256,DENV,4h,e:\Zika_antigravity\00_raw_data\GSE110496\GSM2992673_1001700603_F9_counts.tsv,7191,683265.0,19855.0,2.9059005,-0.29569094289022146,-0.11799501696810366,G1,High_DENV,0.2012060284614563
GSM2992674,huh7,Barcode_720-521EX1,10017006,dengue,1600,4,10,CGGAGCCT-GCCTTAACGT,0,,1001700603_F10,4,1600,0,1600,DENV,4h,e:\Zika_antigravity\00_raw_data\GSE110496\GSM2992674_1001700603_F10_counts.tsv,7075,523561.0,19481.0,3.7208655,-0.5837941531579764,-0.5583634758348155,G1,High_DENV,0.20450359582901
GSM2992675,huh7,Barcode_720-511EX1,10017006,dengue,442,4,10,CGGAGCCT-TCTCCGACGT,0,,1001700603_F12,4,442,0,442,DENV,4h,e:\Zika_antigravity\00_raw_data\GSE110496\GSM2992675_1001700603_F12_counts.tsv,5743,494981.0,11680.0,2.3596866,0.09087359224157851,0.48220485285199366,G2M,High_DENV,0.14803056418895721
GSM2992676,huh7,Barcode_720-522EX1,10017006,dengue,388,4,10,CGGAGCCT-ATGCGAACGT,0,,1001700603_F15,4,388,0,388,DENV,4h,e:\Zika_antigravity\00_raw_data\GSE110496\GSM2992676_1001700603_F15_counts.tsv,6785,460718.0,24560.0,5.3308096,0.6403911368221521,-0.21945152102038834,S,High_DENV,0.16534137725830078
GSM2992677,huh7,Barcode_721-502EX1,10017006,dengue,2576,4,10,TACGCTGC-CTCTATACGT,0,,1001700603_F17,4,2576,0,2576,DENV,4h,e:\Zika_antigravity\00_raw_data\GSE110496\GSM2992677_1001700603_F17_counts.tsv,7169,480887.0,21412.0,4.4526052,1.0798970035942537,1.0608505381161644,S,High_DENV,0.09272412210702896
GSM2992678,huh7,Barcode_721-513EX1,10017006,dengue,1977,4,10,TACGCTGC-GACTAGACGT,0,,1001700603_F18,4,1977,0,1977,DENV,4h,e:\Zika_antigravity\00_raw_data\GSE110496\GSM2992678_1001700603_F18_counts.tsv,6546,491044.0,25770.0,5.2480025,-0.4126205952671756,-0.3387002906178167,G1,High_DENV,0.16190579533576965
GSM2992679,huh7,Barcode_721-503EX1,10017006,dengue,251,4,10,TACGCTGC-TCCTCTACGT,0,,1001700603_F21,4,251,0,251,DENV,4h,e:\Zika_antigravity\00_raw_data\GSE110496\GSM2992679_1001700603_F21_counts.tsv,4865,581922.0,15536.0,2.6697736,0.06547770679351829,-0.2274686797614627,S,High_DENV,0.1257902979850769
GSM2992681,huh7,Barcode_721-505EX1,10017006,dengue,226,4,10,TACGCTGC-AAGGAGACGT,0,,1001700603_G2,4,226,0,226,DENV,4h,e:\Zika_antigravity\00_raw_data\GSE110496\GSM2992681_1001700603_G2_counts.tsv,7272,610518.0,11425.0,1.8713617,-0.2920550361555624,0.6766320969526968,G2M,High_DENV,0.1045287474989891
GSM2992682,huh7,Barcode_721-516EX1,10017006,dengue,6316,4,10,TACGCTGC-TAGAGTACGT,0,,1001700603_G3,4,6316,0,6316,DENV,4h,e:\Zika_antigravity\00_raw_data\GSE110496\GSM2992682_1001700603_G3_counts.tsv,7699,716642.0,27480.0,3.8345504,0.20133287277782247,0.8565011050787171,G2M,High_DENV,0.06354518234729767
GSM2992683,huh7,Barcode_721-506EX1,10017006,dengue,8693,4,10,TACGCTGC-TGCATAACGT,0.294,,1001700603_G4,4,8693,0,8693,DENV,4h,e:\Zika_antigravity\00_raw_data\GSE110496\GSM2992683_1001700603_G4_counts.tsv,7902,690981.0,22740.0,3.2909732,-0.8070028209848152,-0.5683480951806044,G1,High_DENV,0.20603474974632263
GSM2992684,huh7,Barcode_721-517EX1,10017006,dengue,1074,4,10,TACGCTGC-GTAAGAACGT,0,,1001700603_G6,4,1074,0,1074,DENV,4h,e:\Zika_antigravity\00_raw_data\GSE110496\GSM2992684_1001700603_G6_counts.tsv,6254,305307.0,16858.0,5.521655,0.1861795316849436,2.2651263743573633,G2M,High_DENV,0.05952369421720505
GSM2992685,huh7,Barcode_721-507EX1,10017006,dengue,3833,4,10,TACGCTGC-GGAGTAACGT,0,,1001700603_G8,4,3833,0,3833,DENV,4h,e:\Zika_antigravity\00_raw_data\GSE110496\GSM2992685_1001700603_G8_counts.tsv,7506,528005.0,21042.0,3.9851897,-0.032711419806305674,1.9701496443293869,G2M,High_DENV,0.037088967859745026
GSM2992686,huh7,Barcode_721-518EX1,10017006,dengue,559,4,10,TACGCTGC-ATTAAGACGT,0,,1001700603_G10,4,559,0,559,DENV,4h,e:\Zika_antigravity\00_raw_data\GSE110496\GSM2992686_1001700603_G10_counts.tsv,7342,630015.0,27172.0,4.312913,-0.6153358460847466,-0.38334043450534244,G1,High_DENV,0.21031108498573303
GSM2992687,huh7,Barcode_721-508EX1,10017006,dengue,3936,4,10,TACGCTGC-AAGCCTACGT,0,,1001700603_G12,4,3936,0,3936,DENV,4h,e:\Zika_antigravity\00_raw_data\GSE110496\GSM2992687_1001700603_G12_counts.tsv,6559,643127.0,26207.0,4.0749335,-0.894934141733462,-0.6427900950018935,G1,High_DENV,0.1563156694173813
GSM2992688,huh7,Barcode_721-520EX1,10017006,dengue,386,4,10,TACGCTGC-GGCTATACGT,0,,1001700603_H1,4,386,0,386,DENV,4h,e:\Zika_antigravity\00_raw_data\GSE110496\GSM2992688_1001700603_H1_counts.tsv,6306,606622.0,36356.0,5.9931884,-0.4928989998197981,-0.3349216297847412,G1,High_DENV,0.23286260664463043
GSM2992689,huh7,Barcode_721-510EX1,10017006,dengue,514,4,10,TACGCTGC-TCTAATACGT,0,,1001700603_H3,4,514,0,514,DENV,4h,e:\Zika_antigravity\00_raw_data\GSE110496\GSM2992689_1001700603_H3_counts.tsv,6460,802199.0,23535.0,2.9338107,0.38594168551873215,-0.3632921372557991,S,High_DENV,0.17061308026313782
GSM2992690,huh7,Barcode_721-521EX1,10017006,dengue,495,4,10,TACGCTGC-GCCTTAACGT,0,,1001700603_H5,4,495,0,495,DENV,4h,e:\Zika_antigravity\00_raw_data\GSE110496\GSM2992690_1001700603_H5_counts.tsv,7899,504507.0,21351.0,4.2320523,-0.25962724042169394,2.5018763687784706,G2M,High_DENV,0.06273532658815384
GSM2992691,huh7,Barcode_721-511EX1,10017006,dengue,2809,4,10,TACGCTGC-TCTCCGACGT,0,,1001700603_H7,4,2809,0,2809,DENV,4h,e:\Zika_antigravity\00_raw_data\GSE110496\GSM2992691_1001700603_H7_counts.tsv,6100,415580.0,12337.0,2.9686222,-0.541606059577316,0.944937077826066,G2M,High_DENV,0.15108534693717957
GSM2992692,huh7,Barcode_721-522EX1,10017006,dengue,27,4,10,TACGCTGC-ATGCGAACGT,0,,1001700603_H9,4,27,0,27,DENV,4h,e:\Zika_antigravity\00_raw_data\GSE110496\GSM2992692_1001700603_H9_counts.tsv,7240,528936.0,21217.0,4.0112605,0.23420728842472838,-0.4667019315973798,S,High_DENV,0.13459888100624084
GSM2992693,huh7,Barcode_722-502EX1,10017006,dengue,2088,4,10,ATGCGCAG-CTCTATACGT,0,,1001700603_H11,4,2088,0,2088,DENV,4h,e:\Zika_antigravity\00_raw_data\GSE110496\GSM2992693_1001700603_H11_counts.tsv,7338,598437.0,25747.0,4.3023744,-0.013874130188265728,-0.32871857177753855,G1,High_DENV,0.14312352240085602
GSM2992694,huh7,Barcode_722-513EX1,10017006,dengue,1225,4,10,ATGCGCAG-GACTAGACGT,0,,1001700603_I2,4,1225,0,1225,DENV,4h,e:\Zika_antigravity\00_raw_data\GSE110496\GSM2992694_1001700603_I2_counts.tsv,7589,736521.0,24060.0,3.2667093,0.35629911358701066,0.5101568581520857,G2M,High_DENV,0.07891342788934708
GSM2992695,huh7,Barcode_722-503EX1,10017006,dengue,944,4,10,ATGCGCAG-TCCTCTACGT,0,,1001700603_I4,4,944,0,944,DENV,4h,e:\Zika_antigravity\00_raw_data\GSE110496\GSM2992695_1001700603_I4_counts.tsv,7402,791643.0,28979.0,3.6606147,0.591721240337938,-0.15525247635439132,S,High_DENV,0.15850374102592468
GSM2992697,huh7,Barcode_722-505EX1,10017006,dengue,162,4,10,ATGCGCAG-AAGGAGACGT,0,,1001700603_I8,4,162,0,162,DENV,4h,e:\Zika_antigravity\00_raw_data\GSE110496\GSM2992697_1001700603_I8_counts.tsv,7961,377976.0,9652.0,2.5536013,-0.33659151981008195,1.8743697290612458,G2M,High_DENV,0.06575950235128403
GSM2992698,huh7,Barcode_722-516EX1,10017006,dengue,3344,4,10,ATGCGCAG-TAGAGTACGT,0,,1001700603_I10,4,3344,0,3344,DENV,4h,e:\Zika_antigravity\00_raw_data\GSE110496\GSM2992698_1001700603_I10_counts.tsv,7832,587863.0,20308.0,3.4545462,0.18980660113461673,0.8155084100591576,G2M,High_DENV,0.08519282191991806
GSM2992699,huh7,Barcode_722-506EX1,10017006,dengue,3413,4,10,ATGCGCAG-TGCATAACGT,0,,1001700603_J1,4,3413,0,3413,DENV,4h,e:\Zika_antigravity\00_raw_data\GSE110496\GSM2992699_1001700603_J1_counts.tsv,6771,537056.0,31515.0,5.868103,-0.40377213277277496,-0.45847501354651665,G1,High_DENV,0.16835550963878632
GSM2992700,huh7,Barcode_722-517EX1,10017006,dengue,2874,4,10,ATGCGCAG-GTAAGAACGT,0,,1001700603_J3,4,2874,0,2874,DENV,4h,e:\Zika_antigravity\00_raw_data\GSE110496\GSM2992700_1001700603_J3_counts.tsv,7203,495297.0,19866.0,4.0109267,0.6329846320008593,0.8450048788457223,G2M,High_DENV,0.06420310586690903
GSM2992701,huh7,Barcode_722-507EX1,10017006,dengue,1519,4,10,ATGCGCAG-GGAGTAACGT,0,,1001700603_J5,4,1519,0,1519,DENV,4h,e:\Zika_antigravity\00_raw_data\GSE110496\GSM2992701_1001700603_J5_counts.tsv,7703,617018.0,18413.0,2.9841917,-0.02323385309538848,0.5584916437767813,G2M,High_DENV,0.09718643873929977
GSM2992702,huh7,Barcode_722-518EX1,10017006,dengue,567,4,10,ATGCGCAG-ATTAAGACGT,0,,1001700603_J7,4,567,0,567,DENV,4h,e:\Zika_antigravity\00_raw_data\GSE110496\GSM2992702_1001700603_J7_counts.tsv,6242,642549.0,34562.0,5.378889,0.9766381890657135,0.08206910612615331,S,High_DENV,0.13347573578357697
GSM2992703,huh7,Barcode_722-508EX1,10017006,dengue,1074,4,10,ATGCGCAG-AAGCCTACGT,0,,1001700603_J8,4,1074,0,1074,DENV,4h,e:\Zika_antigravity\00_raw_data\GSE110496\GSM2992703_1001700603_J8_counts.tsv,6900,634410.0,25464.0,4.0138083,-0.211672609547774,-0.4465936029883894,G1,High_DENV,0.20977629721164703
GSM2992705,huh7,Barcode_722-510EX1,10017006,dengue,4996,4,10,ATGCGCAG-TCTAATACGT,0,,1001700603_J11,4,4996,0,4996,DENV,4h,e:\Zika_antigravity\00_raw_data\GSE110496\GSM2992705_1001700603_J11_counts.tsv,7193,617724.0,25580.0,4.141008,-0.1683103693139163,-0.3970962787953805,G1,High_DENV,0.16002187132835388
GSM2992706,huh7,Barcode_722-521EX1,10017006,dengue,196,4,10,ATGCGCAG-GCCTTAACGT,0,,1001700603_J12,4,196,0,196,DENV,4h,e:\Zika_antigravity\00_raw_data\GSE110496\GSM2992706_1001700603_J12_counts.tsv,7409,479969.0,18275.0,3.8075376,0.7265478230813253,0.738377812490683,G2M,High_DENV,0.07160710543394089
GSM2992707,huh7,Barcode_722-511EX1,10017006,dengue,99,4,10,ATGCGCAG-TCTCCGACGT,0,,1001700603_K2,4,99,0,99,DENV,4h,e:\Zika_antigravity\00_raw_data\GSE110496\GSM2992707_1001700603_K2_counts.tsv,7118,432273.0,18328.0,4.239913,-0.09941145820277078,-0.3532988956369205,G1,High_DENV,0.21190117299556732
GSM2992708,huh7,Barcode_722-522EX1,10017006,dengue,1546,4,10,ATGCGCAG-ATGCGAACGT,0,,1001700603_K4,4,1546,0,1546,DENV,4h,e:\Zika_antigravity\00_raw_data\GSE110496\GSM2992708_1001700603_K4_counts.tsv,6639,513550.0,20899.0,4.069516,-0.14846970681101085,-0.13954003107866175,G1,High_DENV,0.14034973084926605
GSM2992709,huh7,Barcode_723-502EX1,10017006,dengue,232,4,10,TAGCGCTC-CTCTATACGT,0,,1001700603_K6,4,232,0,232,DENV,4h,e:\Zika_antigravity\00_raw_data\GSE110496\GSM2992709_1001700603_K6_counts.tsv,7010,669056.0,26256.0,3.9243352,-0.21469508908533802,-0.4706438885433597,G1,High_DENV,0.20319382846355438
GSM2992710,huh7,Barcode_723-513EX1,10017006,dengue,1603,4,10,TAGCGCTC-GACTAGACGT,0,,1001700603_K8,4,1603,0,1603,DENV,4h,e:\Zika_antigravity\00_raw_data\GSE110496\GSM2992710_1001700603_K8_counts.tsv,7109,655404.0,27184.0,4.1476707,-0.18069282525352068,-0.2631042151895405,G1,High_DENV,0.13826680183410645
GSM2992711,huh7,Barcode_723-503EX1,10017006,dengue,1239,4,10,TAGCGCTC-TCCTCTACGT,0.342,,1001700603_K10,4,1239,0,1239,DENV,4h,e:\Zika_antigravity\00_raw_data\GSE110496\GSM2992711_1001700603_K10_counts.tsv,6901,499671.0,16553.0,3.31278,-0.174147388452409,0.3734483696556934,G2M,High_DENV,0.12117098271846771
GSM2992713,huh7,Barcode_723-505EX1,10017006,dengue,911,4,10,TAGCGCTC-AAGGAGACGT,0,,1001700603_L5,4,911,0,911,DENV,4h,e:\Zika_antigravity\00_raw_data\GSE110496\GSM2992713_1001700603_L5_counts.tsv,6877,425529.0,13638.0,3.2049518,-0.5672249860795481,-0.2109059310929066,G1,High_DENV,0.14273174107074738
GSM2992714,huh7,Barcode_723-516EX1,10017006,dengue,4642,4,10,TAGCGCTC-TAGAGTACGT,0,,1001700603_L7,4,4642,0,4642,DENV,4h,e:\Zika_antigravity\00_raw_data\GSE110496\GSM2992714_1001700603_L7_counts.tsv,7654,689404.0,27849.0,4.039576,-0.07026009016359847,1.4433995572150975,G2M,High_DENV,0.046186868101358414
GSM2992715,huh7,Barcode_723-506EX1,10017006,dengue,368,4,10,TAGCGCTC-TGCATAACGT,0,,1001700603_L10,4,368,0,368,DENV,4h,e:\Zika_antigravity\00_raw_data\GSE110496\GSM2992715_1001700603_L10_counts.tsv,6759,513422.0,15271.0,2.9743564,-0.5710570955028137,-0.5135738372744508,G1,High_DENV,0.18907928466796875
GSM2992716,huh7,Barcode_723-517EX1,10017006,dengue,130,4,10,TAGCGCTC-GTAAGAACGT,0,,1001700603_L12,4,130,0,130,DENV,4h,e:\Zika_antigravity\00_raw_data\GSE110496\GSM2992716_1001700603_L12_counts.tsv,5398,372386.0,32633.0,8.763219,-0.08736000761744521,-0.28796250394132816,G1,High_DENV,0.18373915553092957
GSM2992717,huh7,Barcode_723-507EX1,10017006,dengue,1913,4,10,TAGCGCTC-GGAGTAACGT,0,,1001700603_L16,4,1913,0,1913,DENV,4h,e:\Zika_antigravity\00_raw_data\GSE110496\GSM2992717_1001700603_L16_counts.tsv,5998,403144.0,27579.0,6.84098,0.641689547634728,-0.08578975809726053,S,High_DENV,0.104242704808712
GSM2992718,huh7,Barcode_723-518EX1,10017006,dengue,253,4,10,TAGCGCTC-ATTAAGACGT,0,,1001700603_L18,4,253,0,253,DENV,4h,e:\Zika_antigravity\00_raw_data\GSE110496\GSM2992718_1001700603_L18_counts.tsv,5248,559543.0,10026.0,1.7918193,0.1260598513516708,-0.6703909905924563,S,High_DENV,0.1434478461742401
GSM2992719,huh7,Barcode_723-508EX1,10017006,dengue,795,4,10,TAGCGCTC-AAGCCTACGT,0,,1001700603_M1,4,795,0,795,DENV,4h,e:\Zika_antigravity\00_raw_data\GSE110496\GSM2992719_1001700603_M1_counts.tsv,6080,610206.0,23609.0,3.8690214,-0.16908120426496245,-0.13994710939658805,G1,High_DENV,0.18914875388145447
GSM2992720,huh7,Barcode_723-520EX1,10017006,dengue,5941,4,10,TAGCGCTC-GGCTATACGT,0.001,,1001700603_M4,4,5941,0,5941,DENV,4h,e:\Zika_antigravity\00_raw_data\GSE110496\GSM2992720_1001700603_M4_counts.tsv,7285,792428.0,33648.0,4.24619,1.4076001174481851,0.3758405259012071,S,High_DENV,0.09645843505859375
GSM2992721,huh7,Barcode_723-510EX1,10017006,dengue,2068,4,10,TAGCGCTC-TCTAATACGT,0,,1001700603_M5,4,2068,0,2068,DENV,4h,e:\Zika_antigravity\00_raw_data\GSE110496\GSM2992721_1001700603_M5_counts.tsv,7342,782005.0,30403.0,3.887827,0.13288784449299176,-0.2323025668840804,S,High_DENV,0.22431568801403046
GSM2992722,huh7,Barcode_723-521EX1,10017006,dengue,926,4,10,TAGCGCTC-GCCTTAACGT,0,,1001700603_M7,4,926,0,926,DENV,4h,e:\Zika_antigravity\00_raw_data\GSE110496\GSM2992722_1001700603_M7_counts.tsv,6832,521438.0,21857.0,4.1916776,0.49689009482972324,-0.13070857692355764,S,High_DENV,0.19603680074214935
GSM2992723,huh7,Barcode_723-511EX1,10017006,dengue,711,4,10,TAGCGCTC-TCTCCGACGT,0,,1001700603_M10,4,711,0,711,DENV,4h,e:\Zika_antigravity\00_raw_data\GSE110496\GSM2992723_1001700603_M10_counts.tsv,5843,424560.0,18193.0,4.2851424,-0.1342937882778989,-0.08160549455397588,G1,High_DENV,0.16156134009361267
GSM2992724,huh7,Barcode_723-522EX1,10017006,dengue,693,4,10,TAGCGCTC-ATGCGAACGT,0,,1001700603_M13,4,693,0,693,DENV,4h,e:\Zika_antigravity\00_raw_data\GSE110496\GSM2992724_1001700603_M13_counts.tsv,7293,491257.0,22744.0,4.629756,-0.3530907724407457,-0.06944908490453007,G1,High_DENV,0.14184528589248657
GSM2992725,huh7,Barcode_724-502EX1,10017006,dengue,970,4,10,ACTGAGCG-CTCTATACGT,0,,1001700603_M16,4,970,0,970,DENV,4h,e:\Zika_antigravity\00_raw_data\GSE110496\GSM2992725_1001700603_M16_counts.tsv,6262,490774.0,39658.0,8.080706,0.08089034910358134,1.7345928037674698,G2M,High_DENV,0.0685027614235878
GSM2992726,huh7,Barcode_724-513EX1,10017006,dengue,45,4,10,ACTGAGCG-GACTAGACGT,0,,1001700603_M17,4,45,0,45,DENV,4h,e:\Zika_antigravity\00_raw_data\GSE110496\GSM2992726_1001700603_M17_counts.tsv,4846,631610.0,25635.0,4.0586753,-0.24268576791953475,0.9517645154097963,G2M,High_DENV,0.09870946407318115
GSM2992727,huh7,Barcode_724-503EX1,10017006,dengue,4776,4,10,ACTGAGCG-TCCTCTACGT,0,,1001700603_M19,4,4776,0,4776,DENV,4h,e:\Zika_antigravity\00_raw_data\GSE110496\GSM2992727_1001700603_M19_counts.tsv,5608,538649.0,30767.0,5.711883,0.18661473251191812,-0.16951547198488776,S,High_DENV,0.16887706518173218
GSM2992728,huh7,Barcode_724-515EX1,10017006,dengue,2864,4,10,ACTGAGCG-CTAGCTACGT,0,,1001700603_M20,4,2864,0,2864,DENV,4h,e:\Zika_antigravity\00_raw_data\GSE110496\GSM2992728_1001700603_M20_counts.tsv,6339,889955.0,52887.0,5.9426603,0.9682654866860025,0.9068530673768415,S,High_DENV,0.07653062045574188
GSM2992729,huh7,Barcode_724-505EX1,10017006,dengue,622,4,10,ACTGAGCG-AAGGAGACGT,0,,1001700603_M22,4,622,0,622,DENV,4h,e:\Zika_antigravity\00_raw_data\GSE110496\GSM2992729_1001700603_M22_counts.tsv,4516,387501.0,18408.0,4.7504396,-0.4610946438319626,-0.25408570238035444,G1,High_DENV,0.14517588913440704
GSM2992730,huh7,Barcode_724-516EX1,10017006,dengue,3575,4,10,ACTGAGCG-TAGAGTACGT,0,,1001700603_N1,4,3575,0,3575,DENV,4h,e:\Zika_antigravity\00_raw_data\GSE110496\GSM2992730_1001700603_N1_counts.tsv,6720,643917.0,29603.0,4.5973315,1.01924729457879,0.182744219669986,S,High_DENV,0.0909477174282074
GSM2992731,huh7,Barcode_724-506EX1,10017006,dengue,1964,4,10,ACTGAGCG-TGCATAACGT,0,,1001700603_N3,4,1964,0,1964,DENV,4h,e:\Zika_antigravity\00_raw_data\GSE110496\GSM2992731_1001700603_N3_counts.tsv,6676,750409.0,23748.0,3.1646743,-0.01684989920107738,-0.42270061537619696,G1,High_DENV,0.17543646693229675
GSM2992732,huh7,Barcode_724-517EX1,10017006,dengue,626,4,10,ACTGAGCG-GTAAGAACGT,0,,1001700603_N6,4,626,0,626,DENV,4h,e:\Zika_antigravity\00_raw_data\GSE110496\GSM2992732_1001700603_N6_counts.tsv,6919,448291.0,21301.0,4.751601,-0.3162348039891748,-0.13722461154581672,G1,High_DENV,0.14398904144763947
GSM2992733,huh7,Barcode_724-507EX1,10017006,dengue,3579,4,10,ACTGAGCG-GGAGTAACGT,0,,1001700603_N10,4,3579,0,3579,DENV,4h,e:\Zika_antigravity\00_raw_data\GSE110496\GSM2992733_1001700603_N10_counts.tsv,7128,496336.0,22868.0,4.6073627,0.36340371920017617,-0.2769724955057187,S,High_DENV,0.13195446133613586
GSM2992734,huh7,Barcode_724-518EX1,10017006,dengue,127,4,10,ACTGAGCG-ATTAAGACGT,0,,1001700603_N12,4,127,0,127,DENV,4h,e:\Zika_antigravity\00_raw_data\GSE110496\GSM2992734_1001700603_N12_counts.tsv,4627,854766.0,14345.0,1.6782371,0.22025224902622756,-0.4216748403604055,S,High_DENV,0.1675521731376648
GSM2992735,huh7,Barcode_724-508EX1,10017006,dengue,8,4,10,ACTGAGCG-AAGCCTACGT,0,,1001700603_N16,4,8,0,8,DENV,4h,e:\Zika_antigravity\00_raw_data\GSE110496\GSM2992735_1001700603_N16_counts.tsv,5152,489074.0,21476.0,4.3911552,-0.26935596354305746,1.6068008047207967,G2M,Low_DENV,0.1320624053478241
GSM2992736,huh7,Barcode_724-520EX1,10017006,dengue,568,4,10,ACTGAGCG-GGCTATACGT,0,,1001700603_N17,4,568,0,568,DENV,4h,e:\Zika_antigravity\00_raw_data\GSE110496\GSM2992736_1001700603_N17_counts.tsv,6924,517172.0,36984.0,7.1511993,1.2210190638123701,0.4561093232934864,S,High_DENV,0.14256544411182404
GSM2992737,huh7,Barcode_724-510EX1,10017006,dengue,706,4,10,ACTGAGCG-TCTAATACGT,0,,1001700603_N19,4,706,0,706,DENV,4h,e:\Zika_antigravity\00_raw_data\GSE110496\GSM2992737_1001700603_N19_counts.tsv,6680,509393.0,28142.0,5.5246143,-0.0704031621682502,0.5780840261175446,G2M,High_DENV,0.08677525073289871
GSM2992739,huh7,Barcode_724-511EX1,10017006,dengue,715,4,10,ACTGAGCG-TCTCCGACGT,0,,1001700603_O1,4,715,0,715,DENV,4h,e:\Zika_antigravity\00_raw_data\GSE110496\GSM2992739_1001700603_O1_counts.tsv,7318,504506.0,20469.0,4.057236,0.36005463849620095,-0.24276262628219375,S,High_DENV,0.21357788145542145
GSM2992740,huh7,Barcode_724-522EX1,10017006,dengue,5230,4,10,ACTGAGCG-ATGCGAACGT,0,,1001700603_O2,4,5230,0,5230,DENV,4h,e:\Zika_antigravity\00_raw_data\GSE110496\GSM2992740_1001700603_O2_counts.tsv,6305,624582.0,24293.0,3.8894813,-0.2913436788799508,0.49930717133525593,G2M,High_DENV,0.10164030641317368
GSM2992741,huh7,Barcode_726-502EX1,10017006,dengue,908,4,10,CCTAAGAC-CTCTATACGT,0,,1001700603_O4,4,908,0,908,DENV,4h,e:\Zika_antigravity\00_raw_data\GSE110496\GSM2992741_1001700603_O4_counts.tsv,7696,687969.0,25746.0,3.7423198,-0.14804463277604166,0.55520053722171,G2M,High_DENV,0.1216631680727005
GSM2992742,huh7,Barcode_726-513EX1,10017006,dengue,160,4,10,CCTAAGAC-GACTAGACGT,0,,1001700603_O5,4,160,0,160,DENV,4h,e:\Zika_antigravity\00_raw_data\GSE110496\GSM2992742_1001700603_O5_counts.tsv,5697,685065.0,22411.0,3.2713685,-0.28978724715610343,-0.26382318413285516,G1,High_DENV,0.14392630755901337
GSM2992743,huh7,Barcode_726-503EX1,10017006,dengue,378,4,10,CCTAAGAC-TCCTCTACGT,0,,1001700603_O10,4,378,0,378,DENV,4h,e:\Zika_antigravity\00_raw_data\GSE110496\GSM2992743_1001700603_O10_counts.tsv,7458,549392.0,25588.0,4.657512,-0.6395895361201838,-0.4312137861671471,G1,High_DENV,0.23121683299541473
GSM2992744,huh7,Barcode_726-515EX1,10017006,dengue,206,4,10,CCTAAGAC-CTAGCTACGT,0,,1001700603_O17,4,206,0,206,DENV,4h,e:\Zika_antigravity\00_raw_data\GSE110496\GSM2992744_1001700603_O17_counts.tsv,5769,580709.0,40347.0,6.947886,0.6455896358619655,-0.15151056580455563,S,High_DENV,0.11921373009681702
GSM2992745,huh7,Barcode_726-505EX1,10017006,dengue,533,4,10,CCTAAGAC-AAGGAGACGT,0,,1001700603_O22,4,533,0,533,DENV,4h,e:\Zika_antigravity\00_raw_data\GSE110496\GSM2992745_1001700603_O22_counts.tsv,4161,375287.0,29857.0,7.9557776,-0.13518355428019452,-0.2593866041115014,G1,High_DENV,0.1534501612186432
GSM2992747,huh7,Barcode_726-506EX1,10017006,dengue,3269,4,10,CCTAAGAC-TGCATAACGT,0,,1001700603_P6,4,3269,0,3269,DENV,4h,e:\Zika_antigravity\00_raw_data\GSE110496\GSM2992747_1001700603_P6_counts.tsv,6218,613617.0,18165.0,2.9603157,-0.6544852930963749,-0.7858967156535619,G1,High_DENV,0.20646251738071442
GSM2992748,huh7,Barcode_726-517EX1,10017006,dengue,3507,4,10,CCTAAGAC-GTAAGAACGT,0,,1001700603_P13,4,3507,0,3507,DENV,4h,e:\Zika_antigravity\00_raw_data\GSE110496\GSM2992748_1001700603_P13_counts.tsv,6545,346338.0,23077.0,6.6631446,0.16977726692954698,1.6896284370429968,G2M,High_DENV,0.062325622886419296
GSM2992749,huh7,Barcode_726-507EX1,10017006,dengue,671,4,10,CCTAAGAC-GGAGTAACGT,0,,1001700603_P17,4,671,0,671,DENV,4h,e:\Zika_antigravity\00_raw_data\GSE110496\GSM2992749_1001700603_P17_counts.tsv,6341,468199.0,26459.0,5.65123,0.9287852361437953,0.8384949265479177,S,High_DENV,0.07856213301420212
GSM2992750,huh7,Barcode_726-518EX1,10017006,dengue,742,4,10,CCTAAGAC-ATTAAGACGT,0,,1001700603_P21,4,742,0,742,DENV,4h,e:\Zika_antigravity\00_raw_data\GSE110496\GSM2992750_1001700603_P21_counts.tsv,4157,512457.0,38208.0,7.4558454,-0.36514485043783984,-0.11465132655704308,G1,High_DENV,0.3770727515220642
GSM2992751,huh7,Barcode_701-502EX2,10017006,dengue,0,12,0,TAAGGCGA-CTCTATTGCA,,,1001700604_A13,12,0,0,0,Control,12h,e:\Zika_antigravity\00_raw_data\GSE110496\GSM2992751_1001700604_A13_counts.tsv,7174,321426.0,11622.0,3.6157622,0.3031329922710678,-0.23594005827855782,S,Bystander_DENV,0.14607292413711548
GSM2992752,huh7,Barcode_701-513EX2,10017006,dengue,0,12,0,TAAGGCGA-GACTAGTGCA,,,1001700604_A16,12,0,0,0,Control,12h,e:\Zika_antigravity\00_raw_data\GSE110496\GSM2992752_1001700604_A16_counts.tsv,6174,414648.0,21466.0,5.1769214,-0.12221035572168018,0.2593374366249371,G2M,Bystander_DENV,0.16913717985153198
GSM2992753,huh7,Barcode_701-503EX2,10017006,dengue,0,12,0,TAAGGCGA-TCCTCTTGCA,,,1001700604_A20,12,0,0,0,Control,12h,e:\Zika_antigravity\00_raw_data\GSE110496\GSM2992753_1001700604_A20_counts.tsv,6375,430747.0,23509.0,5.457728,0.8078859097945194,-0.28706619814295864,S,Bystander_DENV,0.14045558869838715
GSM2992754,huh7,Barcode_701-515EX2,10017006,dengue,0,12,0,TAAGGCGA-CTAGCTTGCA,,,1001700604_C10,12,0,0,0,Control,12h,e:\Zika_antigravity\00_raw_data\GSE110496\GSM2992754_1001700604_C10_counts.tsv,6412,437890.0,19948.0,4.555482,1.140904327721468,0.8305436190492592,S,Bystander_DENV,0.0974690318107605
GSM2992755,huh7,Barcode_701-505EX2,10017006,dengue,0,12,0,TAAGGCGA-AAGGAGTGCA,,,1001700604_C21,12,0,0,0,Control,12h,e:\Zika_antigravity\00_raw_data\GSE110496\GSM2992755_1001700604_C21_counts.tsv,6262,470090.0,19906.0,4.2345085,0.0163870598588671,-0.23121860689191598,S,Bystander_DENV,0.1751406043767929
GSM2992756,huh7,Barcode_701-516EX2,10017006,dengue,0,12,0,TAAGGCGA-TAGAGTTGCA,,,1001700604_D6,12,0,0,0,Control,12h,e:\Zika_antigravity\00_raw_data\GSE110496\GSM2992756_1001700604_D6_counts.tsv,7001,432205.0,15863.0,3.6702492,0.6005647224501618,-0.35786164102935936,S,Bystander_DENV,0.25872349739074707
GSM2992757,huh7,Barcode_701-506EX2,10017006,dengue,0,12,0,TAAGGCGA-TGCATATGCA,,,1001700604_D8,12,0,0,0,Control,12h,e:\Zika_antigravity\00_raw_data\GSE110496\GSM2992757_1001700604_D8_counts.tsv,6624,365069.0,14904.0,4.0825157,0.2790071900224402,0.9217125952770117,G2M,Bystander_DENV,0.0753999575972557
GSM2992758,huh7,Barcode_701-517EX2,10017006,dengue,0,12,0,TAAGGCGA-GTAAGATGCA,,,1001700604_D11,12,0,0,0,Control,12h,e:\Zika_antigravity\00_raw_data\GSE110496\GSM2992758_1001700604_D11_counts.tsv,7189,422015.0,13744.0,3.2567565,1.0473695803322784,0.1354452512389188,S,Bystander_DENV,0.16786186397075653
GSM2992759,huh7,Barcode_701-507EX2,10017006,dengue,0,12,0,TAAGGCGA-GGAGTATGCA,,,1001700604_E3,12,0,0,0,Control,12h,e:\Zika_antigravity\00_raw_data\GSE110496\GSM2992759_1001700604_E3_counts.tsv,6405,548688.0,30300.0,5.522264,-0.6733823622842985,-0.6715689083019576,G1,Bystander_DENV,0.28734636306762695
GSM2992760,huh7,Barcode_701-518EX2,10017006,dengue,0,12,0,TAAGGCGA-ATTAAGTGCA,,,1001700604_E10,12,0,0,0,Control,12h,e:\Zika_antigravity\00_raw_data\GSE110496\GSM2992760_1001700604_E10_counts.tsv,6634,653486.0,22720.0,3.4767385,-0.5735073015138152,-0.2547191753018781,G1,Bystander_DENV,0.16554385423660278
GSM2992761,huh7,Barcode_701-508EX2,10017006,dengue,0,12,0,TAAGGCGA-AAGCCTTGCA,,,1001700604_E12,12,0,0,0,Control,12h,e:\Zika_antigravity\00_raw_data\GSE110496\GSM2992761_1001700604_E12_counts.tsv,6501,617811.0,18696.0,3.0261683,-0.6746078634191127,-0.6043493567902847,G1,Bystander_DENV,0.19147798418998718
GSM2992762,huh7,Barcode_701-520EX2,10017006,dengue,0,12,0,TAAGGCGA-GGCTATTGCA,,,1001700604_E21,12,0,0,0,Control,12h,e:\Zika_antigravity\00_raw_data\GSE110496\GSM2992762_1001700604_E21_counts.tsv,7248,566425.0,20091.0,3.5469835,0.8778278928338772,0.2544956959617346,S,Bystander_DENV,0.1667521893978119
GSM2992763,huh7,Barcode_701-510EX2,10017006,dengue,0,12,0,TAAGGCGA-TCTAATTGCA,,,1001700604_F2,12,0,0,0,Control,12h,e:\Zika_antigravity\00_raw_data\GSE110496\GSM2992763_1001700604_F2_counts.tsv,6341,519152.0,18324.0,3.5296023,-0.1498778467643119,-0.300762819757203,G1,Bystander_DENV,0.14620529115200043
GSM2992764,huh7,Barcode_701-521EX2,10017006,dengue,0,12,0,TAAGGCGA-GCCTTATGCA,,,1001700604_F8,12,0,0,0,Control,12h,e:\Zika_antigravity\00_raw_data\GSE110496\GSM2992764_1001700604_F8_counts.tsv,6399,489112.0,17942.0,3.6682804,-0.057584089963209066,-0.12334110370356649,G1,Bystander_DENV,0.15791912376880646
GSM2992765,huh7,Barcode_701-511EX2,10017006,dengue,0,12,0,TAAGGCGA-TCTCCGTGCA,,,1001700604_F9,12,0,0,0,Control,12h,e:\Zika_antigravity\00_raw_data\GSE110496\GSM2992765_1001700604_F9_counts.tsv,6495,601570.0,23678.0,3.936034,0.4037162456439719,-0.2832153447340846,S,Bystander_DENV,0.18278954923152924
GSM2992766,huh7,Barcode_701-522EX2,10017006,dengue,0,12,0,TAAGGCGA-ATGCGATGCA,,,1001700604_F11,12,0,0,0,Control,12h,e:\Zika_antigravity\00_raw_data\GSE110496\GSM2992766_1001700604_F11_counts.tsv,6325,663473.0,26332.0,3.9688125,0.1503505896139402,-0.5200719054683602,S,Bystander_DENV,0.22219255566596985
GSM2992767,huh7,Barcode_702-502EX2,10017006,dengue,0,12,0,CGTACTAG-CTCTATTGCA,,,1001700604_F20,12,0,0,0,Control,12h,e:\Zika_antigravity\00_raw_data\GSE110496\GSM2992767_1001700604_F20_counts.tsv,5476,464393.0,14899.0,3.2082741,0.44098325066401495,0.49551572742176375,G2M,Bystander_DENV,0.11666731536388397
GSM2992768,huh7,Barcode_702-513EX2,10017006,dengue,0,12,0,CGTACTAG-GACTAGTGCA,,,1001700604_G3,12,0,0,0,Control,12h,e:\Zika_antigravity\00_raw_data\GSE110496\GSM2992768_1001700604_G3_counts.tsv,7197,426328.0,13384.0,3.1393669,0.6627543294979703,-0.201170959257836,S,Bystander_DENV,0.18604403734207153
GSM2992769,huh7,Barcode_702-503EX2,10017006,dengue,0,12,0,CGTACTAG-TCCTCTTGCA,,,1001700604_G6,12,0,0,0,Control,12h,e:\Zika_antigravity\00_raw_data\GSE110496\GSM2992769_1001700604_G6_counts.tsv,7249,378697.0,15601.0,4.1196527,0.2992701774763797,0.8637532022599859,G2M,Bystander_DENV,0.09044240415096283
GSM2992770,huh7,Barcode_702-515EX2,10017006,dengue,0,12,0,CGTACTAG-CTAGCTTGCA,,,1001700604_G11,12,0,0,0,Control,12h,e:\Zika_antigravity\00_raw_data\GSE110496\GSM2992770_1001700604_G11_counts.tsv,5957,505990.0,20085.0,3.9694462,-0.6659823585301639,-0.7094303196249858,G1,Bystander_DENV,0.22401605546474457
GSM2992771,huh7,Barcode_702-505EX2,10017006,dengue,0,12,0,CGTACTAG-AAGGAGTGCA,,,1001700604_G12,12,0,0,0,Control,12h,e:\Zika_antigravity\00_raw_data\GSE110496\GSM2992771_1001700604_G12_counts.tsv,6475,375254.0,14869.0,3.9623828,-0.7767911444562265,-0.7326430919240655,G1,Bystander_DENV,0.22905385494232178
GSM2992772,huh7,Barcode_702-516EX2,10017006,dengue,0,12,0,CGTACTAG-TAGAGTTGCA,,,1001700604_H8,12,0,0,0,Control,12h,e:\Zika_antigravity\00_raw_data\GSE110496\GSM2992772_1001700604_H8_counts.tsv,6507,407845.0,15146.0,3.713666,-0.2956692169331724,0.30130641054835283,G2M,Bystander_DENV,0.12221939861774445
GSM2992773,huh7,Barcode_702-506EX2,10017006,dengue,0,12,0,CGTACTAG-TGCATATGCA,,,1001700604_H9,12,0,0,0,Control,12h,e:\Zika_antigravity\00_raw_data\GSE110496\GSM2992773_1001700604_H9_counts.tsv,6598,318098.0,13364.0,4.201221,0.20709985586193702,0.45457320670285295,G2M,Bystander_DENV,0.11550524830818176
GSM2992774,huh7,Barcode_702-517EX2,10017006,dengue,0,12,0,CGTACTAG-GTAAGATGCA,,,1001700604_H13,12,0,0,0,Control,12h,e:\Zika_antigravity\00_raw_data\GSE110496\GSM2992774_1001700604_H13_counts.tsv,5808,397484.0,15464.0,3.8904712,-0.36987647977546745,0.5951535375569927,G2M,Bystander_DENV,0.1776309311389923
GSM2992775,huh7,Barcode_702-507EX2,10017006,dengue,0,12,0,CGTACTAG-GGAGTATGCA,,,1001700604_H14,12,0,0,0,Control,12h,e:\Zika_antigravity\00_raw_data\GSE110496\GSM2992775_1001700604_H14_counts.tsv,6390,295653.0,14591.0,4.9351773,0.28378968618898875,0.7966428604787554,G2M,Bystander_DENV,0.17033377289772034
GSM2992776,huh7,Barcode_702-518EX2,10017006,dengue,0,12,0,CGTACTAG-ATTAAGTGCA,,,1001700604_H18,12,0,0,0,Control,12h,e:\Zika_antigravity\00_raw_data\GSE110496\GSM2992776_1001700604_H18_counts.tsv,6616,571001.0,29927.0,5.2411466,0.44863708195071444,-0.16704144064153112,S,Bystander_DENV,0.13539692759513855
GSM2992777,huh7,Barcode_702-508EX2,10017006,dengue,0,12,0,CGTACTAG-AAGCCTTGCA,,,1001700604_H21,12,0,0,0,Control,12h,e:\Zika_antigravity\00_raw_data\GSE110496\GSM2992777_1001700604_H21_counts.tsv,7257,451685.0,19348.0,4.283516,0.6569203600370591,1.1604120157759095,G2M,Bystander_DENV,0.1812608689069748
GSM2992778,huh7,Barcode_702-520EX2,10017006,dengue,0,12,0,CGTACTAG-GGCTATTGCA,,,1001700604_I4,12,0,0,0,Control,12h,e:\Zika_antigravity\00_raw_data\GSE110496\GSM2992778_1001700604_I4_counts.tsv,6947,509710.0,22272.0,4.3695436,-0.49762501647208063,0.20605151775967212,G2M,Bystander_DENV,0.19926923513412476
GSM2992779,huh7,Barcode_702-510EX2,10017006,dengue,0,12,0,CGTACTAG-TCTAATTGCA,,,1001700604_I5,12,0,0,0,Control,12h,e:\Zika_antigravity\00_raw_data\GSE110496\GSM2992779_1001700604_I5_counts.tsv,6314,533988.0,28108.0,5.2637887,-0.0038691064076764245,1.4557022389165493,G2M,Bystander_DENV,0.07657567411661148
GSM2992780,huh7,Barcode_702-521EX2,10017006,dengue,0,12,0,CGTACTAG-GCCTTATGCA,,,1001700604_I6,12,0,0,0,Control,12h,e:\Zika_antigravity\00_raw_data\GSE110496\GSM2992780_1001700604_I6_counts.tsv,6950,416049.0,23859.0,5.734661,-0.3235501462238885,1.1294443168686807,G2M,Bystander_DENV,0.08283350616693497
GSM2992781,huh7,Barcode_702-511EX2,10017006,dengue,0,12,0,CGTACTAG-TCTCCGTGCA,,,1001700604_I7,12,0,0,0,Control,12h,e:\Zika_antigravity\00_raw_data\GSE110496\GSM2992781_1001700604_I7_counts.tsv,6998,533882.0,16004.0,2.9976661,-0.4894873704783441,0.13038081461489498,G2M,Bystander_DENV,0.1780848354101181
GSM2992782,huh7,Barcode_702-522EX2,10017006,dengue,0,12,0,CGTACTAG-ATGCGATGCA,,,1001700604_I10,12,0,0,0,Control,12h,e:\Zika_antigravity\00_raw_data\GSE110496\GSM2992782_1001700604_I10_counts.tsv,6790,448633.0,19356.0,4.31444,-0.31486035049449473,1.9303389874928,G2M,Bystander_DENV,0.03996342048048973
GSM2992783,huh7,Barcode_703-502EX2,10017006,dengue,0,12,0,AGGCAGAA-CTCTATTGCA,,,1001700604_I15,12,0,0,0,Control,12h,e:\Zika_antigravity\00_raw_data\GSE110496\GSM2992783_1001700604_I15_counts.tsv,6713,382281.0,17969.0,4.700469,0.5286985906969113,0.9597980459552151,G2M,Bystander_DENV,0.09215067327022552
GSM2992784,huh7,Barcode_703-513EX2,10017006,dengue,0,12,0,AGGCAGAA-GACTAGTGCA,,,1001700604_I20,12,0,0,0,Control,12h,e:\Zika_antigravity\00_raw_data\GSE110496\GSM2992784_1001700604_I20_counts.tsv,7071,441676.0,25351.0,5.7397275,0.104277488965142,-0.22480930557598366,S,Bystander_DENV,0.2046753317117691
GSM2992785,huh7,Barcode_703-503EX2,10017006,dengue,0,12,0,AGGCAGAA-TCCTCTTGCA,,,1001700604_I21,12,0,0,0,Control,12h,e:\Zika_antigravity\00_raw_data\GSE110496\GSM2992785_1001700604_I21_counts.tsv,6917,443833.0,20480.0,4.6143484,-0.6720554251287554,-0.53372270106719,G1,Bystander_DENV,0.1804640293121338
GSM2992786,huh7,Barcode_703-515EX2,10017006,dengue,0,12,0,AGGCAGAA-CTAGCTTGCA,,,1001700604_J3,12,0,0,0,Control,12h,e:\Zika_antigravity\00_raw_data\GSE110496\GSM2992786_1001700604_J3_counts.tsv,6633,548676.0,27319.0,4.979077,0.2885681015042272,0.8351106478002378,G2M,Bystander_DENV,0.13109798729419708
GSM2992787,huh7,Barcode_703-505EX2,10017006,dengue,0,12,0,AGGCAGAA-AAGGAGTGCA,,,1001700604_J9,12,0,0,0,Control,12h,e:\Zika_antigravity\00_raw_data\GSE110496\GSM2992787_1001700604_J9_counts.tsv,6876,501687.0,24947.0,4.9726224,1.011309759505093,0.2743876460659079,S,Bystander_DENV,0.16144661605358124
GSM2992788,huh7,Barcode_703-516EX2,10017006,dengue,0,12,0,AGGCAGAA-TAGAGTTGCA,,,1001700604_J16,12,0,0,0,Control,12h,e:\Zika_antigravity\00_raw_data\GSE110496\GSM2992788_1001700604_J16_counts.tsv,7231,332510.0,13670.0,4.1111546,0.5952103984520017,0.2792612175213004,S,Bystander_DENV,0.1516745388507843
GSM2992789,huh7,Barcode_703-506EX2,10017006,dengue,0,12,0,AGGCAGAA-TGCATATGCA,,,1001700604_K6,12,0,0,0,Control,12h,e:\Zika_antigravity\00_raw_data\GSE110496\GSM2992789_1001700604_K6_counts.tsv,6559,451239.0,16143.0,3.5774834,0.06927017935862145,-0.35031364078471083,S,Bystander_DENV,0.18891216814517975
GSM2992790,huh7,Barcode_703-517EX2,10017006,dengue,0,12,0,AGGCAGAA-GTAAGATGCA,,,1001700604_K8,12,0,0,0,Control,12h,e:\Zika_antigravity\00_raw_data\GSE110496\GSM2992790_1001700604_K8_counts.tsv,6230,444323.0,22775.0,5.1257753,-0.19011272410598828,0.44697769302248314,G2M,Bystander_DENV,0.1824382245540619
GSM2992791,huh7,Barcode_703-507EX2,10017006,dengue,0,12,0,AGGCAGAA-GGAGTATGCA,,,1001700604_K14,12,0,0,0,Control,12h,e:\Zika_antigravity\00_raw_data\GSE110496\GSM2992791_1001700604_K14_counts.tsv,6272,475835.0,22304.0,4.687339,-0.5187830006371119,-0.40973496268047555,G1,Bystander_DENV,0.18785135447978973
GSM2992792,huh7,Barcode_703-518EX2,10017006,dengue,0,12,0,AGGCAGAA-ATTAAGTGCA,,,1001700604_K15,12,0,0,0,Control,12h,e:\Zika_antigravity\00_raw_data\GSE110496\GSM2992792_1001700604_K15_counts.tsv,6704,646313.0,35455.0,5.485732,-0.733877165712017,-0.47818591287476614,G1,Bystander_DENV,0.22177106142044067
GSM2992793,huh7,Barcode_703-508EX2,10017006,dengue,0,12,0,AGGCAGAA-AAGCCTTGCA,,,1001700604_K20,12,0,0,0,Control,12h,e:\Zika_antigravity\00_raw_data\GSE110496\GSM2992793_1001700604_K20_counts.tsv,6381,580746.0,26888.0,4.629907,-0.10575764209054232,-0.02997863900344254,G1,Bystander_DENV,0.17241497337818146
GSM2992794,huh7,Barcode_703-520EX2,10017006,dengue,0,12,0,AGGCAGAA-GGCTATTGCA,,,1001700604_K21,12,0,0,0,Control,12h,e:\Zika_antigravity\00_raw_data\GSE110496\GSM2992794_1001700604_K21_counts.tsv,7521,593477.0,24190.0,4.075979,0.9996555633210977,0.43638352034464,S,Bystander_DENV,0.2017352133989334
GSM2992795,huh7,Barcode_703-510EX2,10017006,dengue,0,12,0,AGGCAGAA-TCTAATTGCA,,,1001700604_L2,12,0,0,0,Control,12h,e:\Zika_antigravity\00_raw_data\GSE110496\GSM2992795_1001700604_L2_counts.tsv,6319,588271.0,22768.0,3.870325,-0.22096149014042957,1.0664572231311704,G2M,Bystander_DENV,0.15456810593605042
GSM2992796,huh7,Barcode_703-521EX2,10017006,dengue,0,12,0,AGGCAGAA-GCCTTATGCA,,,1001700604_L8,12,0,0,0,Control,12h,e:\Zika_antigravity\00_raw_data\GSE110496\GSM2992796_1001700604_L8_counts.tsv,6820,530003.0,15328.0,2.892059,-0.4029406525904224,1.2673954001863048,G2M,Bystander_DENV,0.21834398806095123
GSM2992797,huh7,Barcode_703-511EX2,10017006,dengue,0,12,0,AGGCAGAA-TCTCCGTGCA,,,1001700604_L12,12,0,0,0,Control,12h,e:\Zika_antigravity\00_raw_data\GSE110496\GSM2992797_1001700604_L12_counts.tsv,6651,605005.0,22855.0,3.777655,-0.7763999099177974,-0.7473754858534749,G1,Bystander_DENV,0.26062822341918945
GSM2992798,huh7,Barcode_703-522EX2,10017006,dengue,0,12,0,AGGCAGAA-ATGCGATGCA,,,1001700604_L14,12,0,0,0,Control,12h,e:\Zika_antigravity\00_raw_data\GSE110496\GSM2992798_1001700604_L14_counts.tsv,2982,25769.0,585.0,2.2701695,-0.15056426915384474,-0.2871683995290669,G1,Bystander_DENV,0.16779224574565887
GSM2992799,huh7,Barcode_704-502EX2,10017006,dengue,0,12,0,TCCTGAGC-CTCTATTGCA,,,1001700604_L16,12,0,0,0,Control,12h,e:\Zika_antigravity\00_raw_data\GSE110496\GSM2992799_1001700604_L16_counts.tsv,6924,320817.0,12032.0,3.7504249,1.0583715463001724,0.3331419510767292,S,Bystander_DENV,0.1388729065656662
GSM2992800,huh7,Barcode_704-513EX2,10017006,dengue,1,12,0,TCCTGAGC-GACTAGTGCA,,,1001700604_L19,12,1,0,1,Control,12h,e:\Zika_antigravity\00_raw_data\GSE110496\GSM2992800_1001700604_L19_counts.tsv,6604,406303.0,14205.0,3.4961593,0.5036264192285238,0.8512469044210942,G2M,Low_DENV,0.13404613733291626
GSM2992801,huh7,Barcode_704-503EX2,10017006,dengue,0,12,0,TCCTGAGC-TCCTCTTGCA,,,1001700604_M3,12,0,0,0,Control,12h,e:\Zika_antigravity\00_raw_data\GSE110496\GSM2992801_1001700604_M3_counts.tsv,6616,466980.0,15032.0,3.2189817,-0.3351374290683972,-0.30352471702938505,G1,Bystander_DENV,0.1627333164215088
GSM2992802,huh7,Barcode_704-515EX2,10017006,dengue,0,12,0,TCCTGAGC-CTAGCTTGCA,,,1001700604_M4,12,0,0,0,Control,12h,e:\Zika_antigravity\00_raw_data\GSE110496\GSM2992802_1001700604_M4_counts.tsv,6841,483337.0,16838.0,3.483698,0.21080805319583132,-0.42357808408714714,S,Bystander_DENV,0.19628950953483582
GSM2992803,huh7,Barcode_704-505EX2,10017006,dengue,0,12,0,TCCTGAGC-AAGGAGTGCA,,,1001700604_M6,12,0,0,0,Control,12h,e:\Zika_antigravity\00_raw_data\GSE110496\GSM2992803_1001700604_M6_counts.tsv,6358,491591.0,20455.0,4.1609793,0.18611879938592513,-0.3860049883913793,S,Bystander_DENV,0.2015995979309082
GSM2992804,huh7,Barcode_704-516EX2,10017006,dengue,0,12,0,TCCTGAGC-TAGAGTTGCA,,,1001700604_M8,12,0,0,0,Control,12h,e:\Zika_antigravity\00_raw_data\GSE110496\GSM2992804_1001700604_M8_counts.tsv,6710,494713.0,19855.0,4.013438,1.0027584343261662,-0.29244660073605866,S,Bystander_DENV,0.16002267599105835
GSM2992805,huh7,Barcode_704-506EX2,10017006,dengue,0,12,0,TCCTGAGC-TGCATATGCA,,,1001700604_M10,12,0,0,0,Control,12h,e:\Zika_antigravity\00_raw_data\GSE110496\GSM2992805_1001700604_M10_counts.tsv,7080,347406.0,13182.0,3.7944078,0.46641577708401855,0.7574251497137539,G2M,Bystander_DENV,0.11703000962734222
GSM2992806,huh7,Barcode_704-517EX2,10017006,dengue,0,12,0,TCCTGAGC-GTAAGATGCA,,,1001700604_M13,12,0,0,0,Control,12h,e:\Zika_antigravity\00_raw_data\GSE110496\GSM2992806_1001700604_M13_counts.tsv,6495,397302.0,17788.0,4.4771986,-0.35217722488478537,-0.4849460003946069,G1,Bystander_DENV,0.18232735991477966
GSM2992807,huh7,Barcode_704-507EX2,10017006,dengue,1,12,0,TCCTGAGC-GGAGTATGCA,,,1001700604_M18,12,1,0,1,Control,12h,e:\Zika_antigravity\00_raw_data\GSE110496\GSM2992807_1001700604_M18_counts.tsv,7282,430603.0,19750.0,4.5865912,0.7691106002755641,-0.12120054494658067,S,Low_DENV,0.20807787775993347
GSM2992808,huh7,Barcode_704-518EX2,10017006,dengue,2,12,0,TCCTGAGC-ATTAAGTGCA,,,1001700604_M20,12,2,0,2,Control,12h,e:\Zika_antigravity\00_raw_data\GSE110496\GSM2992808_1001700604_M20_counts.tsv,6350,598555.0,32935.0,5.5024185,0.5450563075518446,-0.34942390588393313,S,Low_DENV,0.15923073887825012
GSM2992809,huh7,Barcode_704-508EX2,10017006,dengue,0,12,0,TCCTGAGC-AAGCCTTGCA,,,1001700604_N4,12,0,0,0,Control,12h,e:\Zika_antigravity\00_raw_data\GSE110496\GSM2992809_1001700604_N4_counts.tsv,6685,602904.0,30396.0,5.0415983,0.7654674785921262,0.4982412588061069,S,Bystander_DENV,0.11955901235342026
GSM2992810,huh7,Barcode_704-520EX2,10017006,dengue,0,12,0,TCCTGAGC-GGCTATTGCA,,,1001700604_N9,12,0,0,0,Control,12h,e:\Zika_antigravity\00_raw_data\GSE110496\GSM2992810_1001700604_N9_counts.tsv,6630,646787.0,23784.0,3.6772537,-0.3842035937233872,-0.519244446181568,G1,Bystander_DENV,0.19298455119132996
GSM2992811,huh7,Barcode_704-510EX2,10017006,dengue,0,12,0,TCCTGAGC-TCTAATTGCA,,,1001700604_N10,12,0,0,0,Control,12h,e:\Zika_antigravity\00_raw_data\GSE110496\GSM2992811_1001700604_N10_counts.tsv,6706,609737.0,27954.0,4.5845995,0.7499596508696587,-0.2609126783520385,S,Bystander_DENV,0.1775125414133072
GSM2992812,huh7,Barcode_704-521EX2,10017006,dengue,0,12,0,TCCTGAGC-GCCTTATGCA,,,1001700604_N12,12,0,0,0,Control,12h,e:\Zika_antigravity\00_raw_data\GSE110496\GSM2992812_1001700604_N12_counts.tsv,6834,497412.0,17622.0,3.5427372,-0.4524085003261765,-0.5797780568587588,G1,Bystander_DENV,0.18969498574733734
GSM2992813,huh7,Barcode_704-511EX2,10017006,dengue,1,12,0,TCCTGAGC-TCTCCGTGCA,,,1001700604_N17,12,1,0,1,Control,12h,e:\Zika_antigravity\00_raw_data\GSE110496\GSM2992813_1001700604_N17_counts.tsv,7065,545312.0,20188.0,3.7021008,0.9441054114096222,-0.2969521010410187,S,Low_DENV,0.17714804410934448
GSM2992814,huh7,Barcode_704-522EX2,10017006,dengue,0,12,0,TCCTGAGC-ATGCGATGCA,,,1001700604_N19,12,0,0,0,Control,12h,e:\Zika_antigravity\00_raw_data\GSE110496\GSM2992814_1001700604_N19_counts.tsv,6719,500538.0,20380.0,4.071619,0.8432267528204691,0.30853996379529286,S,Bystander_DENV,0.14975595474243164
GSM2992815,huh7,Barcode_705-502EX2,10017006,dengue,0,12,0,GGACTCCT-CTCTATTGCA,,,1001700604_O4,12,0,0,0,Control,12h,e:\Zika_antigravity\00_raw_data\GSE110496\GSM2992815_1001700604_O4_counts.tsv,6436,427782.0,21154.0,4.945042,0.7408432623593225,-0.2641225215978733,S,Bystander_DENV,0.15819105505943298
GSM2992816,huh7,Barcode_705-513EX2,10017006,dengue,0,12,0,GGACTCCT-GACTAGTGCA,,,1001700604_O9,12,0,0,0,Control,12h,e:\Zika_antigravity\00_raw_data\GSE110496\GSM2992816_1001700604_O9_counts.tsv,6100,448262.0,19991.0,4.4596686,-0.13760329971001262,-0.5170122045724488,G1,Bystander_DENV,0.21683700382709503
GSM2992817,huh7,Barcode_705-503EX2,10017006,dengue,0,12,0,GGACTCCT-TCCTCTTGCA,,,1001700604_O11,12,0,0,0,Control,12h,e:\Zika_antigravity\00_raw_data\GSE110496\GSM2992817_1001700604_O11_counts.tsv,6425,409798.0,18487.0,4.5112467,-0.2562217765243813,-0.5880714996751835,G1,Bystander_DENV,0.1635546088218689
GSM2992818,huh7,Barcode_705-515EX2,10017006,dengue,0,12,0,GGACTCCT-CTAGCTTGCA,,,1001700604_O13,12,0,0,0,Control,12h,e:\Zika_antigravity\00_raw_data\GSE110496\GSM2992818_1001700604_O13_counts.tsv,7129,408608.0,16207.0,3.9663932,1.0702718803570384,0.30916140039760454,S,Bystander_DENV,0.12234926968812943
GSM2992819,huh7,Barcode_705-505EX2,10017006,dengue,0,12,0,GGACTCCT-AAGGAGTGCA,,,1001700604_O16,12,0,0,0,Control,12h,e:\Zika_antigravity\00_raw_data\GSE110496\GSM2992819_1001700604_O16_counts.tsv,6485,476617.0,22617.0,4.7453194,-0.011229144988049354,1.0788036409960708,G2M,Bystander_DENV,0.09813500940799713
GSM2992820,huh7,Barcode_705-516EX2,10017006,dengue,0,12,0,GGACTCCT-TAGAGTTGCA,,,1001700604_O18,12,0,0,0,Control,12h,e:\Zika_antigravity\00_raw_data\GSE110496\GSM2992820_1001700604_O18_counts.tsv,7027,350901.0,17146.0,4.8862786,0.017670803367426352,0.2602693613270686,G2M,Bystander_DENV,0.15681149065494537
GSM2992821,huh7,Barcode_705-506EX2,10017006,dengue,0,12,0,GGACTCCT-TGCATATGCA,,,1001700604_O20,12,0,0,0,Control,12h,e:\Zika_antigravity\00_raw_data\GSE110496\GSM2992821_1001700604_O20_counts.tsv,5897,353997.0,14777.0,4.1743293,-0.33490975056885786,-0.5564415181624933,G1,Bystander_DENV,0.17784728109836578
GSM2992822,huh7,Barcode_705-517EX2,10017006,dengue,0,12,0,GGACTCCT-GTAAGATGCA,,,1001700604_P5,12,0,0,0,Control,12h,e:\Zika_antigravity\00_raw_data\GSE110496\GSM2992822_1001700604_P5_counts.tsv,5268,405575.0,18109.0,4.4650187,-0.4290626351145052,1.7139635043092576,G2M,Bystander_DENV,0.11507400870323181
GSM2992823,huh7,Barcode_705-507EX2,10017006,dengue,0,12,0,GGACTCCT-GGAGTATGCA,,,1001700604_P7,12,0,0,0,Control,12h,e:\Zika_antigravity\00_raw_data\GSE110496\GSM2992823_1001700604_P7_counts.tsv,6197,409034.0,17740.0,4.3370476,0.17053324496373534,-0.2828938132878353,S,Bystander_DENV,0.1611303985118866
GSM2992824,huh7,Barcode_705-518EX2,10017006,dengue,0,12,0,GGACTCCT-ATTAAGTGCA,,,1001700604_P8,12,0,0,0,Control,12h,e:\Zika_antigravity\00_raw_data\GSE110496\GSM2992824_1001700604_P8_counts.tsv,6349,618569.0,35711.0,5.773164,0.0023159236469793877,-0.39305256410207773,S,Bystander_DENV,0.1699800193309784
GSM2992825,huh7,Barcode_705-508EX2,10017006,dengue,0,12,0,GGACTCCT-AAGCCTTGCA,,,1001700604_P9,12,0,0,0,Control,12h,e:\Zika_antigravity\00_raw_data\GSE110496\GSM2992825_1001700604_P9_counts.tsv,5683,465188.0,23374.0,5.024635,-0.2337919714769149,-0.3491732127653533,G1,Bystander_DENV,0.22272475063800812
GSM2992826,huh7,Barcode_705-520EX2,10017006,dengue,0,12,0,GGACTCCT-GGCTATTGCA,,,1001700604_P11,12,0,0,0,Control,12h,e:\Zika_antigravity\00_raw_data\GSE110496\GSM2992826_1001700604_P11_counts.tsv,4095,579091.0,32683.0,5.6438456,0.176284101853768,-0.18144826742030115,S,Bystander_DENV,0.6470181345939636
GSM2992827,huh7,Barcode_705-510EX2,10017006,dengue,0,12,0,GGACTCCT-TCTAATTGCA,,,1001700604_P12,12,0,0,0,Control,12h,e:\Zika_antigravity\00_raw_data\GSE110496\GSM2992827_1001700604_P12_counts.tsv,6466,471076.0,23409.0,4.969262,0.47827758369412987,0.6424933810321054,G2M,Bystander_DENV,0.12184499204158783
GSM2992828,huh7,Barcode_705-521EX2,10017006,dengue,0,12,0,GGACTCCT-GCCTTATGCA,,,1001700604_P14,12,0,0,0,Control,12h,e:\Zika_antigravity\00_raw_data\GSE110496\GSM2992828_1001700604_P14_counts.tsv,5731,537970.0,24670.0,4.5857573,0.5169106715713583,-0.23908400510951827,S,Bystander_DENV,0.13047432899475098
GSM2992829,huh7,Barcode_705-511EX2,10017006,dengue,0,12,0,GGACTCCT-TCTCCGTGCA,,,1001700604_P18,12,0,0,0,Control,12h,e:\Zika_antigravity\00_raw_data\GSE110496\GSM2992829_1001700604_P18_counts.tsv,5680,582299.0,36501.0,6.268429,-0.1427567682450726,-0.25443046177832174,G1,Bystander_DENV,0.14079061150550842
GSM2992830,huh7,Barcode_705-522EX2,10017006,dengue,0,12,0,GGACTCCT-ATGCGATGCA,,,1001700604_P21,12,0,0,0,Control,12h,e:\Zika_antigravity\00_raw_data\GSE110496\GSM2992830_1001700604_P21_counts.tsv,4862,487862.0,28386.0,5.8184485,-0.18485991074301725,1.1187697737414928,G2M,Bystander_DENV,0.6438214182853699
GSM2992831,huh7,Barcode_706-502EX2,10017006,dengue,2,12,1,TAGGCATG-CTCTATTGCA,0,,1001700605_A1,12,2,0,2,DENV,12h,e:\Zika_antigravity\00_raw_data\GSE110496\GSM2992831_1001700605_A1_counts.tsv,3146,181919.0,6319.0,3.473524,-0.6009368382394313,-0.3583435821922058,G1,Low_DENV,0.6708958745002747
GSM2992832,huh7,Barcode_706-513EX2,10017006,dengue,2,12,1,TAGGCATG-GACTAGTGCA,0,,1001700605_A6,12,2,0,2,DENV,12h,e:\Zika_antigravity\00_raw_data\GSE110496\GSM2992832_1001700605_A6_counts.tsv,7172,382378.0,20156.0,5.271224,0.2975977155246905,-0.016852381156538844,S,Low_DENV,0.14884008467197418
GSM2992833,huh7,Barcode_706-503EX2,10017006,dengue,40,12,1,TAGGCATG-TCCTCTTGCA,0,,1001700605_A8,12,40,0,40,DENV,12h,e:\Zika_antigravity\00_raw_data\GSE110496\GSM2992833_1001700605_A8_counts.tsv,6480,401640.0,23213.0,5.779554,0.3558443750432205,0.03224063794626082,S,High_DENV,0.17978353798389435
GSM2992834,huh7,Barcode_706-515EX2,10017006,dengue,81,12,1,TAGGCATG-CTAGCTTGCA,0,,1001700605_A11,12,81,0,81,DENV,12h,e:\Zika_antigravity\00_raw_data\GSE110496\GSM2992834_1001700605_A11_counts.tsv,6567,427384.0,20839.0,4.875943,-0.13773561129635795,-0.45823919823799375,G1,High_DENV,0.2062758505344391
GSM2992835,huh7,Barcode_706-505EX2,10017006,dengue,67,12,1,TAGGCATG-AAGGAGTGCA,0,,1001700605_A14,12,67,0,67,DENV,12h,e:\Zika_antigravity\00_raw_data\GSE110496\GSM2992835_1001700605_A14_counts.tsv,6485,380094.0,12633.0,3.3236516,-0.6773919563563098,-0.5359760929857915,G1,High_DENV,0.28384268283843994
GSM2992836,huh7,Barcode_706-516EX2,10017006,dengue,218,12,1,TAGGCATG-TAGAGTTGCA,0,,1001700605_A16,12,218,0,218,DENV,12h,e:\Zika_antigravity\00_raw_data\GSE110496\GSM2992836_1001700605_A16_counts.tsv,7089,417392.0,18618.0,4.460555,0.8476329411202598,-0.3541573855190798,S,High_DENV,0.14184905588626862
GSM2992837,huh7,Barcode_706-506EX2,10017006,dengue,17,12,1,TAGGCATG-TGCATATGCA,0,,1001700605_A18,12,17,0,17,DENV,12h,e:\Zika_antigravity\00_raw_data\GSE110496\GSM2992837_1001700605_A18_counts.tsv,6739,383780.0,19617.0,5.111522,0.698545459436164,0.24234879041136848,S,High_DENV,0.1141258031129837
GSM2992838,huh7,Barcode_706-517EX2,10017006,dengue,6,12,1,TAGGCATG-GTAAGATGCA,0,,1001700605_A20,12,6,0,6,DENV,12h,e:\Zika_antigravity\00_raw_data\GSE110496\GSM2992838_1001700605_A20_counts.tsv,5924,399818.0,16852.0,4.2149177,-0.5947977053533707,-0.607132199930054,G1,Low_DENV,0.1976945698261261
GSM2992839,huh7,Barcode_706-507EX2,10017006,dengue,20,12,1,TAGGCATG-GGAGTATGCA,0,,1001700605_A21,12,20,0,20,DENV,12h,e:\Zika_antigravity\00_raw_data\GSE110496\GSM2992839_1001700605_A21_counts.tsv,7042,376277.0,21171.0,5.62644,0.9851973634834091,0.34185010149568057,S,High_DENV,0.19351151585578918
GSM2992840,huh7,Barcode_706-518EX2,10017006,dengue,0,12,1,TAGGCATG-ATTAAGTGCA,0,,1001700605_A22,12,0,0,0,DENV,12h,e:\Zika_antigravity\00_raw_data\GSE110496\GSM2992840_1001700605_A22_counts.tsv,6909,500313.0,24760.0,4.948902,-0.42710152766778176,0.3847635660230328,G2M,Bystander_DENV,0.170376718044281
GSM2992841,huh7,Barcode_706-508EX2,10017006,dengue,26,12,1,TAGGCATG-AAGCCTTGCA,0,,1001700605_B1,12,26,0,26,DENV,12h,e:\Zika_antigravity\00_raw_data\GSE110496\GSM2992841_1001700605_B1_counts.tsv,4746,397807.0,18549.0,4.662814,-0.2116975987950961,0.34969041614951724,G2M,High_DENV,0.7157211303710938
GSM2992842,huh7,Barcode_706-520EX2,10017006,dengue,0,12,1,TAGGCATG-GGCTATTGCA,0,,1001700605_B4,12,0,0,0,DENV,12h,e:\Zika_antigravity\00_raw_data\GSE110496\GSM2992842_1001700605_B4_counts.tsv,7241,616730.0,34756.0,5.6355295,-0.24709273545248875,-0.1019191510548017,G1,Bystander_DENV,0.15253926813602448
GSM2992843,huh7,Barcode_706-510EX2,10017006,dengue,30,12,1,TAGGCATG-TCTAATTGCA,0,,1001700605_B8,12,30,0,30,DENV,12h,e:\Zika_antigravity\00_raw_data\GSE110496\GSM2992843_1001700605_B8_counts.tsv,7127,564994.0,22381.0,3.961281,-0.11820435296921503,-0.34544443829935756,G1,High_DENV,0.18419072031974792
GSM2992844,huh7,Barcode_706-521EX2,10017006,dengue,148,12,1,TAGGCATG-GCCTTATGCA,0,,1001700605_B11,12,148,0,148,DENV,12h,e:\Zika_antigravity\00_raw_data\GSE110496\GSM2992844_1001700605_B11_counts.tsv,6744,523818.0,26009.0,4.965274,-0.38514539663280756,-0.3926478904439921,G1,High_DENV,0.14641836285591125
GSM2992845,huh7,Barcode_706-511EX2,10017006,dengue,11,12,1,TAGGCATG-TCTCCGTGCA,0,,1001700605_B13,12,11,0,11,DENV,12h,e:\Zika_antigravity\00_raw_data\GSE110496\GSM2992845_1001700605_B13_counts.tsv,7168,534117.0,23376.0,4.376569,0.28362830302101516,-0.2699307002187965,S,High_DENV,0.17909905314445496
GSM2992846,huh7,Barcode_706-522EX2,10017006,dengue,20,12,1,TAGGCATG-ATGCGATGCA,0,,1001700605_B14,12,20,0,20,DENV,12h,e:\Zika_antigravity\00_raw_data\GSE110496\GSM2992846_1001700605_B14_counts.tsv,7455,537167.0,24402.0,4.5427213,-0.2885440565224382,1.1829617348206471,G2M,High_DENV,0.20638293027877808
GSM2992847,huh7,Barcode_707-502EX2,10017006,dengue,33,12,1,CTCTCTAC-CTCTATTGCA,0,,1001700605_B15,12,33,0,33,DENV,12h,e:\Zika_antigravity\00_raw_data\GSE110496\GSM2992847_1001700605_B15_counts.tsv,6141,407386.0,18509.0,4.543357,-0.3137721620677483,0.08599818637885742,G2M,High_DENV,0.1834375560283661
GSM2992848,huh7,Barcode_707-513EX2,10017006,dengue,8,12,1,CTCTCTAC-GACTAGTGCA,0,,1001700605_B18,12,8,0,8,DENV,12h,e:\Zika_antigravity\00_raw_data\GSE110496\GSM2992848_1001700605_B18_counts.tsv,7504,473468.0,14079.0,2.9735906,-0.9606829183542036,-0.7487918514831986,G1,Low_DENV,0.199009507894516
GSM2992849,huh7,Barcode_707-503EX2,10017006,dengue,0,12,1,CTCTCTAC-TCCTCTTGCA,0,,1001700605_C3,12,0,0,0,DENV,12h,e:\Zika_antigravity\00_raw_data\GSE110496\GSM2992849_1001700605_C3_counts.tsv,7166,512432.0,20943.0,4.0869813,-0.5499311503466396,-0.5751577451724318,G1,Bystander_DENV,0.18384671211242676
GSM2992850,huh7,Barcode_707-515EX2,10017006,dengue,0,12,1,CTCTCTAC-CTAGCTTGCA,0,,1001700605_C4,12,0,0,0,DENV,12h,e:\Zika_antigravity\00_raw_data\GSE110496\GSM2992850_1001700605_C4_counts.tsv,7271,591758.0,21634.0,3.6558862,-0.33436179862557247,-0.40370466859758336,G1,Bystander_DENV,0.18264980614185333
GSM2992851,huh7,Barcode_707-505EX2,10017006,dengue,6,12,1,CTCTCTAC-AAGGAGTGCA,0,,1001700605_C7,12,6,0,6,DENV,12h,e:\Zika_antigravity\00_raw_data\GSE110496\GSM2992851_1001700605_C7_counts.tsv,6855,431944.0,18606.0,4.3075027,0.41198434521488486,-0.23390446006729423,S,Low_DENV,0.1674099564552307
GSM2992852,huh7,Barcode_707-516EX2,10017006,dengue,8,12,1,CTCTCTAC-TAGAGTTGCA,0,,1001700605_C9,12,8,0,8,DENV,12h,e:\Zika_antigravity\00_raw_data\GSE110496\GSM2992852_1001700605_C9_counts.tsv,7675,475996.0,16976.0,3.5664163,-0.06529622039802017,0.6141916336147774,G2M,Low_DENV,0.22806525230407715
GSM2992853,huh7,Barcode_707-506EX2,10017006,dengue,3,12,1,CTCTCTAC-TGCATATGCA,0,,1001700605_C11,12,3,0,3,DENV,12h,e:\Zika_antigravity\00_raw_data\GSE110496\GSM2992853_1001700605_C11_counts.tsv,6923,430148.0,20255.0,4.708844,-0.719897857609959,-0.32786704097790836,G1,Low_DENV,0.24590401351451874
GSM2992854,huh7,Barcode_707-517EX2,10017006,dengue,117,12,1,CTCTCTAC-GTAAGATGCA,0,,1001700605_C14,12,117,0,117,DENV,12h,e:\Zika_antigravity\00_raw_data\GSE110496\GSM2992854_1001700605_C14_counts.tsv,7430,441727.0,15435.0,3.4942396,-0.6356452698597596,-0.6851329670124695,G1,High_DENV,0.23508904874324799
GSM2992855,huh7,Barcode_707-507EX2,10017006,dengue,21,12,1,CTCTCTAC-GGAGTATGCA,0,,1001700605_C15,12,21,0,21,DENV,12h,e:\Zika_antigravity\00_raw_data\GSE110496\GSM2992855_1001700605_C15_counts.tsv,7694,450529.0,24560.0,5.4513693,0.7947834112914279,-0.16270126106007793,S,High_DENV,0.19330871105194092
GSM2992856,huh7,Barcode_707-518EX2,10017006,dengue,693,12,1,CTCTCTAC-ATTAAGTGCA,0,,1001700605_C16,12,693,0,693,DENV,12h,e:\Zika_antigravity\00_raw_data\GSE110496\GSM2992856_1001700605_C16_counts.tsv,7520,582587.0,24727.0,4.2443447,-0.25061152023928507,1.0518590923911115,G2M,High_DENV,0.10635429620742798
GSM2992857,huh7,Barcode_707-508EX2,10017006,dengue,27,12,1,CTCTCTAC-AAGCCTTGCA,0,,1001700605_C17,12,27,0,27,DENV,12h,e:\Zika_antigravity\00_raw_data\GSE110496\GSM2992857_1001700605_C17_counts.tsv,7431,612538.0,23710.0,3.8707805,0.46611034719805633,-0.3981368576838351,S,High_DENV,0.18948833644390106
GSM2992858,huh7,Barcode_707-520EX2,10017006,dengue,311,12,1,CTCTCTAC-GGCTATTGCA,0,,1001700605_C18,12,311,0,311,DENV,12h,e:\Zika_antigravity\00_raw_data\GSE110496\GSM2992858_1001700605_C18_counts.tsv,7713,577425.0,28555.0,4.945231,0.3884474513830528,-0.4325210568144743,S,High_DENV,0.15704312920570374
GSM2992859,huh7,Barcode_707-510EX2,10017006,dengue,66,12,1,CTCTCTAC-TCTAATTGCA,0,,1001700605_D1,12,66,0,66,DENV,12h,e:\Zika_antigravity\00_raw_data\GSE110496\GSM2992859_1001700605_D1_counts.tsv,7158,583877.0,35449.0,6.071313,0.6390624676165837,0.05890323305225677,S,High_DENV,0.17465011775493622
GSM2992860,huh7,Barcode_707-521EX2,10017006,dengue,113,12,1,CTCTCTAC-GCCTTATGCA,0,,1001700605_D3,12,113,0,113,DENV,12h,e:\Zika_antigravity\00_raw_data\GSE110496\GSM2992860_1001700605_D3_counts.tsv,7741,754344.0,27190.0,3.6044564,0.9099691884880442,0.4712873242122128,S,High_DENV,0.10147303342819214
GSM2992861,huh7,Barcode_707-511EX2,10017006,dengue,0,12,1,CTCTCTAC-TCTCCGTGCA,0,,1001700605_D4,12,0,0,0,DENV,12h,e:\Zika_antigravity\00_raw_data\GSE110496\GSM2992861_1001700605_D4_counts.tsv,7932,673018.0,28234.0,4.1951327,0.3851153168949255,0.7580142176508384,G2M,Bystander_DENV,0.14419201016426086
GSM2992862,huh7,Barcode_707-522EX2,10017006,dengue,320,12,1,CTCTCTAC-ATGCGATGCA,0,,1001700605_D8,12,320,0,320,DENV,12h,e:\Zika_antigravity\00_raw_data\GSE110496\GSM2992862_1001700605_D8_counts.tsv,7095,568804.0,23068.0,4.0555267,-0.1542295309094091,-0.41493115602049735,G1,High_DENV,0.18324024975299835
GSM2992863,huh7,Barcode_710-502EX2,10017006,dengue,8,12,1,CGAGGCTG-CTCTATTGCA,0,,1001700605_D9,12,8,0,8,DENV,12h,e:\Zika_antigravity\00_raw_data\GSE110496\GSM2992863_1001700605_D9_counts.tsv,7429,432583.0,14912.0,3.4471996,0.2358569783671382,-0.38325860646768545,S,Low_DENV,0.19250169396400452
GSM2992864,huh7,Barcode_710-513EX2,10017006,dengue,33,12,1,CGAGGCTG-GACTAGTGCA,0,,1001700605_D13,12,33,0,33,DENV,12h,e:\Zika_antigravity\00_raw_data\GSE110496\GSM2992864_1001700605_D13_counts.tsv,7911,379416.0,13004.0,3.4273725,-0.12086525587683788,-0.45621979316962535,G1,High_DENV,0.1837395280599594
GSM2992865,huh7,Barcode_710-503EX2,10017006,dengue,0,12,1,CGAGGCTG-TCCTCTTGCA,0,,1001700605_D14,12,0,0,0,DENV,12h,e:\Zika_antigravity\00_raw_data\GSE110496\GSM2992865_1001700605_D14_counts.tsv,7167,347762.0,17311.0,4.97783,-0.495263583601142,2.76434403133477,G2M,Bystander_DENV,0.38377001881599426
GSM2992866,huh7,Barcode_710-515EX2,10017006,dengue,10,12,1,CGAGGCTG-CTAGCTTGCA,0,,1001700605_D17,12,10,0,10,DENV,12h,e:\Zika_antigravity\00_raw_data\GSE110496\GSM2992866_1001700605_D17_counts.tsv,7538,429230.0,14170.0,3.3012602,-0.07543361470812843,0.6495677298895325,G2M,Low_DENV,0.20677579939365387
GSM2992867,huh7,Barcode_710-505EX2,10017006,dengue,79,12,1,CGAGGCTG-AAGGAGTGCA,0,,1001700605_E3,12,79,0,79,DENV,12h,e:\Zika_antigravity\00_raw_data\GSE110496\GSM2992867_1001700605_E3_counts.tsv,7696,380730.0,14136.0,3.7128673,0.4415400850775075,-0.21690846131095584,S,High_DENV,0.19217883050441742
GSM2992868,huh7,Barcode_710-516EX2,10017006,dengue,12,12,1,CGAGGCTG-TAGAGTTGCA,0,,1001700605_E5,12,12,0,12,DENV,12h,e:\Zika_antigravity\00_raw_data\GSE110496\GSM2992868_1001700605_E5_counts.tsv,6819,426484.0,14753.0,3.4592156,0.4641227279922792,-0.48900104168467984,S,High_DENV,0.15992845594882965
GSM2992869,huh7,Barcode_710-506EX2,10017006,dengue,0,12,1,CGAGGCTG-TGCATATGCA,0,,1001700605_E7,12,0,0,0,DENV,12h,e:\Zika_antigravity\00_raw_data\GSE110496\GSM2992869_1001700605_E7_counts.tsv,6341,475432.0,21824.0,4.5903516,0.6528695756702552,-0.3139601680037711,S,Bystander_DENV,0.12175524234771729
GSM2992870,huh7,Barcode_710-517EX2,10017006,dengue,0,12,1,CGAGGCTG-GTAAGATGCA,0,,1001700605_E9,12,0,0,0,DENV,12h,e:\Zika_antigravity\00_raw_data\GSE110496\GSM2992870_1001700605_E9_counts.tsv,7362,462877.0,18579.0,4.013809,0.9755014833085061,0.1411726462443274,S,Bystander_DENV,0.18388278782367706
GSM2992871,huh7,Barcode_710-507EX2,10017006,dengue,49,12,1,CGAGGCTG-GGAGTATGCA,0,,1001700605_E12,12,49,0,49,DENV,12h,e:\Zika_antigravity\00_raw_data\GSE110496\GSM2992871_1001700605_E12_counts.tsv,7692,411036.0,24672.0,6.002394,0.26394446828801715,-0.292137572341326,S,High_DENV,0.21339361369609833
GSM2992872,huh7,Barcode_710-518EX2,10017006,dengue,13,12,1,CGAGGCTG-ATTAAGTGCA,0,,1001700605_E15,12,13,0,13,DENV,12h,e:\Zika_antigravity\00_raw_data\GSE110496\GSM2992872_1001700605_E15_counts.tsv,7119,652558.0,22645.0,3.4701896,-0.7974645845303756,-0.5543800336280948,G1,High_DENV,0.16979554295539856
GSM2992873,huh7,Barcode_710-508EX2,10017006,dengue,247,12,1,CGAGGCTG-AAGCCTTGCA,0,,1001700605_E19,12,247,0,247,DENV,12h,e:\Zika_antigravity\00_raw_data\GSE110496\GSM2992873_1001700605_E19_counts.tsv,7772,555989.0,25612.0,4.606566,0.8106876289871122,-0.2977959664804014,S,High_DENV,0.17806300520896912
GSM2992874,huh7,Barcode_710-520EX2,10017006,dengue,153,12,1,CGAGGCTG-GGCTATTGCA,0,,1001700605_E22,12,153,0,153,DENV,12h,e:\Zika_antigravity\00_raw_data\GSE110496\GSM2992874_1001700605_E22_counts.tsv,7108,567336.0,22686.0,3.9986887,-0.18044497408527171,0.27382274081965857,G2M,High_DENV,0.1480204313993454
GSM2992875,huh7,Barcode_710-510EX2,10017006,dengue,0,12,1,CGAGGCTG-TCTAATTGCA,0,,1001700605_F6,12,0,0,0,DENV,12h,e:\Zika_antigravity\00_raw_data\GSE110496\GSM2992875_1001700605_F6_counts.tsv,7568,570042.0,24572.0,4.3105593,-0.3673035453561516,1.0893661956920184,G2M,Bystander_DENV,0.17049232125282288
GSM2992876,huh7,Barcode_710-521EX2,10017006,dengue,10,12,1,CGAGGCTG-GCCTTATGCA,0,,1001700605_F8,12,10,0,10,DENV,12h,e:\Zika_antigravity\00_raw_data\GSE110496\GSM2992876_1001700605_F8_counts.tsv,7263,494193.0,16343.0,3.3070076,0.37747883570735297,-0.5492229375621767,S,Low_DENV,0.17667414247989655
GSM2992877,huh7,Barcode_710-511EX2,10017006,dengue,0,12,1,CGAGGCTG-TCTCCGTGCA,0,,1001700605_F10,12,0,0,0,DENV,12h,e:\Zika_antigravity\00_raw_data\GSE110496\GSM2992877_1001700605_F10_counts.tsv,6973,596484.0,21395.0,3.586852,-0.6115608340927533,-0.21495991105228318,G1,Bystander_DENV,0.18313738703727722
GSM2992878,huh7,Barcode_710-522EX2,10017006,dengue,32,12,1,CGAGGCTG-ATGCGATGCA,0,,1001700605_F11,12,32,0,32,DENV,12h,e:\Zika_antigravity\00_raw_data\GSE110496\GSM2992878_1001700605_F11_counts.tsv,7658,531070.0,25929.0,4.882407,-0.7171565363272314,-0.6052674725339208,G1,High_DENV,0.25427037477493286
GSM2992879,huh7,Barcode_711-502EX2,10017006,dengue,0,12,1,AAGAGGCA-CTCTATTGCA,0,,1001700605_F14,12,0,0,0,DENV,12h,e:\Zika_antigravity\00_raw_data\GSE110496\GSM2992879_1001700605_F14_counts.tsv,7391,394999.0,15344.0,3.884567,0.6333651689302531,0.6732970942468264,G2M,Bystander_DENV,0.13569185137748718
GSM2992880,huh7,Barcode_711-513EX2,10017006,dengue,22,12,1,AAGAGGCA-GACTAGTGCA,0,,1001700605_F18,12,22,0,22,DENV,12h,e:\Zika_antigravity\00_raw_data\GSE110496\GSM2992880_1001700605_F18_counts.tsv,6968,487798.0,18584.0,3.8097734,1.558939229186979,0.1937007267489616,S,High_DENV,0.19760942459106445
GSM2992881,huh7,Barcode_711-503EX2,10017006,dengue,0,12,1,AAGAGGCA-TCCTCTTGCA,0,,1001700605_F19,12,0,0,0,DENV,12h,e:\Zika_antigravity\00_raw_data\GSE110496\GSM2992881_1001700605_F19_counts.tsv,6159,140295.0,5802.0,4.1355715,0.05116463924225953,-0.19816422262955416,S,Bystander_DENV,0.15104426443576813
GSM2992882,huh7,Barcode_711-515EX2,10017006,dengue,14,12,1,AAGAGGCA-CTAGCTTGCA,0,,1001700605_F21,12,14,0,14,DENV,12h,e:\Zika_antigravity\00_raw_data\GSE110496\GSM2992882_1001700605_F21_counts.tsv,7689,508734.0,19812.0,3.894373,-0.4573599870893217,2.139700448991265,G2M,High_DENV,0.10467134416103363
GSM2992883,huh7,Barcode_711-505EX2,10017006,dengue,349,12,1,AAGAGGCA-AAGGAGTGCA,0,,1001700605_G3,12,349,0,349,DENV,12h,e:\Zika_antigravity\00_raw_data\GSE110496\GSM2992883_1001700605_G3_counts.tsv,7730,468947.0,19235.0,4.1017427,-0.2544523871038109,-0.5475106706952382,G1,High_DENV,0.1920427829027176
GSM2992884,huh7,Barcode_711-516EX2,10017006,dengue,0,12,1,AAGAGGCA-TAGAGTTGCA,0,,1001700605_G6,12,0,0,0,DENV,12h,e:\Zika_antigravity\00_raw_data\GSE110496\GSM2992884_1001700605_G6_counts.tsv,7941,264202.0,10746.0,4.0673423,-0.6493856121490742,-0.6419869822221933,G1,Bystander_DENV,0.1867501139640808
GSM2992885,huh7,Barcode_711-506EX2,10017006,dengue,0,12,1,AAGAGGCA-TGCATATGCA,0,,1001700605_G7,12,0,0,0,DENV,12h,e:\Zika_antigravity\00_raw_data\GSE110496\GSM2992885_1001700605_G7_counts.tsv,7136,435780.0,20523.0,4.7094865,0.5918052935174533,-0.4264283899598593,S,Bystander_DENV,0.14344950020313263
GSM2992886,huh7,Barcode_711-517EX2,10017006,dengue,66,12,1,AAGAGGCA-GTAAGATGCA,0,,1001700605_G8,12,66,0,66,DENV,12h,e:\Zika_antigravity\00_raw_data\GSE110496\GSM2992886_1001700605_G8_counts.tsv,7477,469063.0,16482.0,3.5138137,0.5077991633121633,0.4897785325928484,S,High_DENV,0.18550924956798553
GSM2992887,huh7,Barcode_711-507EX2,10017006,dengue,77,12,1,AAGAGGCA-GGAGTATGCA,0,,1001700605_G9,12,77,0,77,DENV,12h,e:\Zika_antigravity\00_raw_data\GSE110496\GSM2992887_1001700605_G9_counts.tsv,7828,457427.0,13387.0,2.926587,0.4906432171296772,-0.28778397055742955,S,High_DENV,0.21312232315540314
GSM2992889,huh7,Barcode_711-508EX2,10017006,dengue,52,12,1,AAGAGGCA-AAGCCTTGCA,0,,1001700605_G19,12,52,0,52,DENV,12h,e:\Zika_antigravity\00_raw_data\GSE110496\GSM2992889_1001700605_G19_counts.tsv,3307,844597.0,3899.0,0.4616403,-0.4893860998286289,-0.6459821199683871,G1,High_DENV,0.1987105906009674
GSM2992890,huh7,Barcode_711-520EX2,10017006,dengue,60,12,1,AAGAGGCA-GGCTATTGCA,0,,1001700605_H2,12,60,0,60,DENV,12h,e:\Zika_antigravity\00_raw_data\GSE110496\GSM2992890_1001700605_H2_counts.tsv,7951,735130.0,26064.0,3.5454955,0.8998700471594929,0.5663218551611917,S,High_DENV,0.10328728705644608
GSM2992891,huh7,Barcode_711-510EX2,10017006,dengue,51,12,1,AAGAGGCA-TCTAATTGCA,0,,1001700605_H9,12,51,0,51,DENV,12h,e:\Zika_antigravity\00_raw_data\GSE110496\GSM2992891_1001700605_H9_counts.tsv,7534,520322.0,21562.0,4.1439724,1.0033576659696077,-0.10676390207926319,S,High_DENV,0.1838226467370987
GSM2992894,huh7,Barcode_711-522EX2,10017006,dengue,4,12,1,AAGAGGCA-ATGCGATGCA,0,,1001700605_H21,12,4,0,4,DENV,12h,e:\Zika_antigravity\00_raw_data\GSE110496\GSM2992894_1001700605_H21_counts.tsv,6970,279248.0,22918.0,8.207042,-0.7047064073383809,-0.2822434069901885,G1,Low_DENV,0.20654863119125366
GSM2992895,huh7,Barcode_712-502EX2,10017006,dengue,50,12,1,GTAGAGGA-CTCTATTGCA,0,,1001700605_I3,12,50,0,50,DENV,12h,e:\Zika_antigravity\00_raw_data\GSE110496\GSM2992895_1001700605_I3_counts.tsv,7145,394808.0,11644.0,2.9492817,-0.6309304796857759,-0.6996200540598452,G1,High_DENV,0.21266621351242065
GSM2992896,huh7,Barcode_712-513EX2,10017006,dengue,0,12,1,GTAGAGGA-GACTAGTGCA,0,,1001700605_I6,12,0,0,0,DENV,12h,e:\Zika_antigravity\00_raw_data\GSE110496\GSM2992896_1001700605_I6_counts.tsv,7794,264337.0,10125.0,3.830338,-0.003551363607957214,-0.6292825752970287,G1,Bystander_DENV,0.19521555304527283
GSM2992897,huh7,Barcode_712-503EX2,10017006,dengue,1,12,1,GTAGAGGA-TCCTCTTGCA,0,,1001700605_I10,12,1,0,1,DENV,12h,e:\Zika_antigravity\00_raw_data\GSE110496\GSM2992897_1001700605_I10_counts.tsv,7078,497481.0,22374.0,4.497458,0.33421923919813706,-0.18447718544587163,S,Low_DENV,0.18565583229064941
GSM2992898,huh7,Barcode_712-515EX2,10017006,dengue,0,12,1,GTAGAGGA-CTAGCTTGCA,0,,1001700605_I21,12,0,0,0,DENV,12h,e:\Zika_antigravity\00_raw_data\GSE110496\GSM2992898_1001700605_I21_counts.tsv,7350,470934.0,25747.0,5.4672203,-0.004704754852822849,0.2741755765480016,G2M,Bystander_DENV,0.1704540103673935
GSM2992899,huh7,Barcode_712-505EX2,10017006,dengue,130,12,1,GTAGAGGA-AAGGAGTGCA,0,,1001700605_J2,12,130,0,130,DENV,12h,e:\Zika_antigravity\00_raw_data\GSE110496\GSM2992899_1001700605_J2_counts.tsv,7216,443387.0,15507.0,3.497396,0.7198474618140608,0.4290625440813612,S,High_DENV,0.11770127713680267
GSM2992900,huh7,Barcode_712-516EX2,10017006,dengue,87,12,1,GTAGAGGA-TAGAGTTGCA,0,,1001700605_J7,12,87,0,87,DENV,12h,e:\Zika_antigravity\00_raw_data\GSE110496\GSM2992900_1001700605_J7_counts.tsv,7336,528022.0,17620.0,3.336982,-0.792303285832029,-0.7329342012176828,G1,High_DENV,0.17785592377185822
GSM2992901,huh7,Barcode_712-506EX2,10017006,dengue,52,12,1,GTAGAGGA-TGCATATGCA,0,,1001700605_J8,12,52,0,52,DENV,12h,e:\Zika_antigravity\00_raw_data\GSE110496\GSM2992901_1001700605_J8_counts.tsv,6759,492336.0,22106.0,4.490023,1.186278504523493,0.06264618861969501,S,High_DENV,0.19806402921676636
GSM2992902,huh7,Barcode_712-517EX2,10017006,dengue,6,12,1,GTAGAGGA-GTAAGATGCA,0,,1001700605_J9,12,6,0,6,DENV,12h,e:\Zika_antigravity\00_raw_data\GSE110496\GSM2992902_1001700605_J9_counts.tsv,7271,498723.0,15355.0,3.0788634,-0.0013063085354155027,0.3453182704361265,G2M,Low_DENV,0.18092584609985352
GSM2992903,huh7,Barcode_712-507EX2,10017006,dengue,73,12,1,GTAGAGGA-GGAGTATGCA,0,,1001700605_J10,12,73,0,73,DENV,12h,e:\Zika_antigravity\00_raw_data\GSE110496\GSM2992903_1001700605_J10_counts.tsv,6839,488745.0,17455.0,3.5713918,-0.12148554111906075,-0.1200733069567209,G1,High_DENV,0.15290674567222595
GSM2992905,huh7,Barcode_712-508EX2,10017006,dengue,0,12,1,GTAGAGGA-AAGCCTTGCA,0,,1001700605_J14,12,0,0,0,DENV,12h,e:\Zika_antigravity\00_raw_data\GSE110496\GSM2992905_1001700605_J14_counts.tsv,7435,704447.0,22975.0,3.2614236,-0.6422658300559436,0.1389992120659331,G2M,Bystander_DENV,0.13914789259433746
GSM2992906,huh7,Barcode_712-520EX2,10017006,dengue,13,12,1,GTAGAGGA-GGCTATTGCA,0,,1001700605_J15,12,13,0,13,DENV,12h,e:\Zika_antigravity\00_raw_data\GSE110496\GSM2992906_1001700605_J15_counts.tsv,6581,777284.0,5890.0,0.7577668,0.2135524810746401,0.18703862634308208,S,High_DENV,0.11196007579565048
GSM2992908,huh7,Barcode_712-521EX2,10017006,dengue,0,12,1,GTAGAGGA-GCCTTATGCA,0,,1001700605_J17,12,0,0,0,DENV,12h,e:\Zika_antigravity\00_raw_data\GSE110496\GSM2992908_1001700605_J17_counts.tsv,7281,611841.0,21934.0,3.5849185,-0.1706555583580796,1.0630406977229834,G2M,Bystander_DENV,0.16706298291683197
GSM2992910,huh7,Barcode_712-522EX2,10017006,dengue,20,12,1,GTAGAGGA-ATGCGATGCA,0,,1001700605_K9,12,20,0,20,DENV,12h,e:\Zika_antigravity\00_raw_data\GSE110496\GSM2992910_1001700605_K9_counts.tsv,7228,606018.0,27011.0,4.4571285,-0.379473007244191,0.2843565814066627,G2M,High_DENV,0.16073887050151825
GSM2992911,huh7,Barcode_714-502EX2,10017006,dengue,1,12,1,GCTCATGA-CTCTATTGCA,0,,1001700605_K10,12,1,0,1,DENV,12h,e:\Zika_antigravity\00_raw_data\GSE110496\GSM2992911_1001700605_K10_counts.tsv,6656,412096.0,18919.0,4.590921,0.352342246694579,-0.32983212236433745,S,Low_DENV,0.17201925814151764
GSM2992912,huh7,Barcode_714-513EX2,10017006,dengue,0,12,1,GCTCATGA-GACTAGTGCA,0,,1001700605_K11,12,0,0,0,DENV,12h,e:\Zika_antigravity\00_raw_data\GSE110496\GSM2992912_1001700605_K11_counts.tsv,7352,479953.0,18282.0,3.809123,0.7578522463251526,-0.20236320622177428,S,Bystander_DENV,0.19749486446380615
GSM2992914,huh7,Barcode_714-515EX2,10017006,dengue,29,12,1,GCTCATGA-CTAGCTTGCA,0,,1001700605_K21,12,29,0,29,DENV,12h,e:\Zika_antigravity\00_raw_data\GSE110496\GSM2992914_1001700605_K21_counts.tsv,7217,311149.0,15069.0,4.8430176,-0.9191463751657423,-0.5652090339004363,G1,High_DENV,0.2036460041999817
GSM2992915,huh7,Barcode_714-505EX2,10017006,dengue,162,12,1,GCTCATGA-AAGGAGTGCA,0,,1001700605_L8,12,162,0,162,DENV,12h,e:\Zika_antigravity\00_raw_data\GSE110496\GSM2992915_1001700605_L8_counts.tsv,6980,501021.0,23483.0,4.687029,-0.6975265406870417,-0.4955566581302253,G1,High_DENV,0.19198031723499298
GSM2992916,huh7,Barcode_714-516EX2,10017006,dengue,157,12,1,GCTCATGA-TAGAGTTGCA,0,,1001700605_L10,12,157,0,157,DENV,12h,e:\Zika_antigravity\00_raw_data\GSE110496\GSM2992916_1001700605_L10_counts.tsv,7414,428474.0,16716.0,3.9012868,1.0098385618112626,0.5447443726103938,S,High_DENV,0.12646839022636414
GSM2992917,huh7,Barcode_714-506EX2,10017006,dengue,43,12,1,GCTCATGA-TGCATATGCA,0,,1001700605_L12,12,43,0,43,DENV,12h,e:\Zika_antigravity\00_raw_data\GSE110496\GSM2992917_1001700605_L12_counts.tsv,7386,346197.0,16223.0,4.68606,0.7062324395092825,1.0302894045918476,G2M,High_DENV,0.17661909759044647
GSM2992918,huh7,Barcode_714-517EX2,10017006,dengue,666,12,1,GCTCATGA-GTAAGATGCA,0,,1001700605_L14,12,666,0,666,DENV,12h,e:\Zika_antigravity\00_raw_data\GSE110496\GSM2992918_1001700605_L14_counts.tsv,6694,473892.0,18380.0,3.8785207,-0.7766550124809977,-0.7548851575074157,G1,High_DENV,0.20680150389671326
GSM2992919,huh7,Barcode_714-507EX2,10017006,dengue,52,12,1,GCTCATGA-GGAGTATGCA,0,,1001700605_L15,12,52,0,52,DENV,12h,e:\Zika_antigravity\00_raw_data\GSE110496\GSM2992919_1001700605_L15_counts.tsv,6558,487834.0,22281.0,4.5673323,-0.40633385728689886,-0.5204633760482639,G1,High_DENV,0.21270687878131866
GSM2992920,huh7,Barcode_714-518EX2,10017006,dengue,1,12,1,GCTCATGA-ATTAAGTGCA,0,,1001700605_L17,12,1,0,1,DENV,12h,e:\Zika_antigravity\00_raw_data\GSE110496\GSM2992920_1001700605_L17_counts.tsv,7976,545523.0,25526.0,4.6791797,-0.04240716186995131,2.2181875394514403,G2M,Low_DENV,0.09013748914003372
GSM2992922,huh7,Barcode_714-520EX2,10017006,dengue,21,12,1,GCTCATGA-GGCTATTGCA,0,,1001700605_L22,12,21,0,21,DENV,12h,e:\Zika_antigravity\00_raw_data\GSE110496\GSM2992922_1001700605_L22_counts.tsv,7026,641623.0,37564.0,5.8545284,-0.24134398573078214,0.21928013923778902,G2M,High_DENV,0.16792899370193481
GSM2992923,huh7,Barcode_714-510EX2,10017006,dengue,0,12,1,GCTCATGA-TCTAATTGCA,0,,1001700605_M9,12,0,0,0,DENV,12h,e:\Zika_antigravity\00_raw_data\GSE110496\GSM2992923_1001700605_M9_counts.tsv,7109,583968.0,21163.0,3.624,-0.4639146025093006,-0.07517163574049399,G1,Bystander_DENV,0.17303061485290527
GSM2992925,huh7,Barcode_714-511EX2,10017006,dengue,0,12,1,GCTCATGA-TCTCCGTGCA,0,,1001700605_M12,12,0,0,0,DENV,12h,e:\Zika_antigravity\00_raw_data\GSE110496\GSM2992925_1001700605_M12_counts.tsv,7241,562391.0,26775.0,4.7609224,-0.3124578624110048,-0.24405726163585345,G1,Bystander_DENV,0.18356135487556458
GSM2992926,huh7,Barcode_714-522EX2,10017006,dengue,100,12,1,GCTCATGA-ATGCGATGCA,0,,1001700605_M15,12,100,0,100,DENV,12h,e:\Zika_antigravity\00_raw_data\GSE110496\GSM2992926_1001700605_M15_counts.tsv,7616,573403.0,26949.0,4.699836,1.2297399085281149,-0.05636806920610472,S,High_DENV,0.2524208724498749
GSM2992927,huh7,Barcode_715-502EX2,10017006,dengue,0,12,1,ATCTCAGG-CTCTATTGCA,0,,1001700605_M16,12,0,0,0,DENV,12h,e:\Zika_antigravity\00_raw_data\GSE110496\GSM2992927_1001700605_M16_counts.tsv,6728,395408.0,17187.0,4.3466496,-0.36696817975469115,0.40422121223719165,G2M,Bystander_DENV,0.11479306221008301
GSM2992928,huh7,Barcode_715-513EX2,10017006,dengue,18,12,1,ATCTCAGG-GACTAGTGCA,0,,1001700605_M21,12,18,0,18,DENV,12h,e:\Zika_antigravity\00_raw_data\GSE110496\GSM2992928_1001700605_M21_counts.tsv,7916,407690.0,20488.0,5.025387,1.035425472445786,0.17371782964018623,S,High_DENV,0.19113662838935852
GSM2992929,huh7,Barcode_715-503EX2,10017006,dengue,1,12,1,ATCTCAGG-TCCTCTTGCA,0,,1001700605_N6,12,1,0,1,DENV,12h,e:\Zika_antigravity\00_raw_data\GSE110496\GSM2992929_1001700605_N6_counts.tsv,7121,424312.0,17406.0,4.10217,-0.1733964034491995,0.609813460417088,G2M,Low_DENV,0.20072095096111298
GSM2992932,huh7,Barcode_715-516EX2,10017006,dengue,0,12,1,ATCTCAGG-TAGAGTTGCA,0,,1001700605_O1,12,0,0,0,DENV,12h,e:\Zika_antigravity\00_raw_data\GSE110496\GSM2992932_1001700605_O1_counts.tsv,6563,420270.0,18327.0,4.3607683,-0.49099495076973526,-0.48469466729601374,G1,Bystander_DENV,0.1863066852092743
GSM2992933,huh7,Barcode_715-506EX2,10017006,dengue,59,12,1,ATCTCAGG-TGCATATGCA,0,,1001700605_O2,12,59,0,59,DENV,12h,e:\Zika_antigravity\00_raw_data\GSE110496\GSM2992933_1001700605_O2_counts.tsv,6801,426440.0,22414.0,5.2560735,0.28969423802392114,-0.36350107891849004,S,High_DENV,0.1613757461309433
GSM2992934,huh7,Barcode_715-517EX2,10017006,dengue,7,12,1,ATCTCAGG-GTAAGATGCA,0,,1001700605_O3,12,7,0,7,DENV,12h,e:\Zika_antigravity\00_raw_data\GSE110496\GSM2992934_1001700605_O3_counts.tsv,6617,436551.0,19341.0,4.4304104,-0.7938229489273259,-0.632876967332248,G1,Low_DENV,0.16984687745571136
GSM2992935,huh7,Barcode_715-507EX2,10017006,dengue,28,12,1,ATCTCAGG-GGAGTATGCA,0,,1001700605_O5,12,28,0,28,DENV,12h,e:\Zika_antigravity\00_raw_data\GSE110496\GSM2992935_1001700605_O5_counts.tsv,7439,451600.0,18681.0,4.1366253,0.6142678220978096,-0.3982489574303683,S,High_DENV,0.17485274374485016
GSM2992936,huh7,Barcode_715-518EX2,10017006,dengue,98,12,1,ATCTCAGG-ATTAAGTGCA,0,,1001700605_O6,12,98,0,98,DENV,12h,e:\Zika_antigravity\00_raw_data\GSE110496\GSM2992936_1001700605_O6_counts.tsv,6805,658072.0,31960.0,4.8566113,-0.4905897167089972,-0.21764816819966884,G1,High_DENV,0.1709117591381073
GSM2992937,huh7,Barcode_715-508EX2,10017006,dengue,103,12,1,ATCTCAGG-AAGCCTTGCA,0,,1001700605_O8,12,103,0,103,DENV,12h,e:\Zika_antigravity\00_raw_data\GSE110496\GSM2992937_1001700605_O8_counts.tsv,6648,572481.0,31772.0,5.5498786,-0.5168845340166064,-0.5424532792814947,G1,High_DENV,0.16348832845687866
GSM2992938,huh7,Barcode_715-520EX2,10017006,dengue,35,12,1,ATCTCAGG-GGCTATTGCA,0,,1001700605_O9,12,35,0,35,DENV,12h,e:\Zika_antigravity\00_raw_data\GSE110496\GSM2992938_1001700605_O9_counts.tsv,6870,599947.0,21765.0,3.6278203,-0.6123380056892832,-0.11087297148022994,G1,High_DENV,0.19647946953773499
GSM2992939,huh7,Barcode_715-510EX2,10017006,dengue,56,12,1,ATCTCAGG-TCTAATTGCA,0,,1001700605_O11,12,56,0,56,DENV,12h,e:\Zika_antigravity\00_raw_data\GSE110496\GSM2992939_1001700605_O11_counts.tsv,7014,616212.0,28058.0,4.5533032,-0.9328843169867815,-0.5931650284095168,G1,High_DENV,0.29096370935440063
GSM2992940,huh7,Barcode_715-521EX2,10017006,dengue,2,12,1,ATCTCAGG-GCCTTATGCA,0,,1001700605_O12,12,2,0,2,DENV,12h,e:\Zika_antigravity\00_raw_data\GSE110496\GSM2992940_1001700605_O12_counts.tsv,7941,521868.0,14238.0,2.7282763,0.7933868109287384,0.2925180837817344,S,Low_DENV,0.11044245958328247
GSM2992941,huh7,Barcode_715-511EX2,10017006,dengue,5,12,1,ATCTCAGG-TCTCCGTGCA,0,,1001700605_O14,12,5,0,5,DENV,12h,e:\Zika_antigravity\00_raw_data\GSE110496\GSM2992941_1001700605_O14_counts.tsv,7249,544312.0,21167.0,3.8887625,0.8683941125182346,-0.1188935737616211,S,Low_DENV,0.18128006160259247
GSM2992943,huh7,Barcode_716-502EX2,10017006,dengue,0,12,1,ACTCGCTA-CTCTATTGCA,0,,1001700605_O16,12,0,0,0,DENV,12h,e:\Zika_antigravity\00_raw_data\GSE110496\GSM2992943_1001700605_O16_counts.tsv,6825,334452.0,14200.0,4.2457514,0.015537354769185177,-0.42589320610402936,S,Bystander_DENV,0.17756637930870056
GSM2992944,huh7,Barcode_716-513EX2,10017006,dengue,1,12,1,ACTCGCTA-GACTAGTGCA,0,,1001700605_O19,12,1,0,1,DENV,12h,e:\Zika_antigravity\00_raw_data\GSE110496\GSM2992944_1001700605_O19_counts.tsv,7289,364938.0,14969.0,4.101793,0.7311376585492066,0.21857903784115543,S,Low_DENV,0.20887696743011475
GSM2992945,huh7,Barcode_716-503EX2,10017006,dengue,0,12,1,ACTCGCTA-TCCTCTTGCA,0,,1001700605_O20,12,0,0,0,DENV,12h,e:\Zika_antigravity\00_raw_data\GSE110496\GSM2992945_1001700605_O20_counts.tsv,6070,449524.0,9300.0,2.068855,0.6754207991218815,0.6032645196567992,S,Bystander_DENV,0.12715043127536774
GSM2992946,huh7,Barcode_716-515EX2,10017006,dengue,61,12,1,ACTCGCTA-CTAGCTTGCA,0,,1001700605_O21,12,61,0,61,DENV,12h,e:\Zika_antigravity\00_raw_data\GSE110496\GSM2992946_1001700605_O21_counts.tsv,6899,492875.0,23528.0,4.7736244,-0.48590985402420517,-0.5045150246076147,G1,High_DENV,0.21395735442638397
GSM2992947,huh7,Barcode_716-505EX2,10017006,dengue,5,12,1,ACTCGCTA-AAGGAGTGCA,0,,1001700605_O22,12,5,0,5,DENV,12h,e:\Zika_antigravity\00_raw_data\GSE110496\GSM2992947_1001700605_O22_counts.tsv,7111,346787.0,13656.0,3.9378638,0.4331907079976407,-0.2437074674863381,S,Low_DENV,0.1586104929447174
GSM2992948,huh7,Barcode_716-516EX2,10017006,dengue,0,12,1,ACTCGCTA-TAGAGTTGCA,0,,1001700605_P17,12,0,0,0,DENV,12h,e:\Zika_antigravity\00_raw_data\GSE110496\GSM2992948_1001700605_P17_counts.tsv,7806,265790.0,10506.0,3.9527445,0.5638563710131816,-0.10221555927482076,S,Bystander_DENV,0.17907235026359558
GSM2992949,huh7,Barcode_716-506EX2,10017006,dengue,43,12,1,ACTCGCTA-TGCATATGCA,0,,1001700605_P20,12,43,0,43,DENV,12h,e:\Zika_antigravity\00_raw_data\GSE110496\GSM2992949_1001700605_P20_counts.tsv,7799,240736.0,10120.0,4.203775,0.2663630784001379,-0.13291194511436488,S,High_DENV,0.18038639426231384
GSM2992950,huh7,Barcode_716-517EX2,10017006,dengue,0,12,1,ACTCGCTA-GTAAGATGCA,0,,1001700605_P21,12,0,0,0,DENV,12h,e:\Zika_antigravity\00_raw_data\GSE110496\GSM2992950_1001700605_P21_counts.tsv,3669,279948.0,15380.0,5.4938774,-0.2075443272878017,-0.2544935464018735,G1,Bystander_DENV,0.6864654421806335
GSM2992951,huh7,Barcode_716-507EX2,10017006,dengue,128,12,10,ACTCGCTA-GGAGTATGCA,0,,1001700606_A1,12,128,0,128,DENV,12h,e:\Zika_antigravity\00_raw_data\GSE110496\GSM2992951_1001700606_A1_counts.tsv,5497,396413.0,23872.0,6.022002,0.03772868792570773,-0.4925640211102401,S,High_DENV,0.2022874355316162
GSM2992952,huh7,Barcode_716-518EX2,10017006,dengue,1484,12,10,ACTCGCTA-ATTAAGTGCA,0,,1001700606_A5,12,1484,0,1484,DENV,12h,e:\Zika_antigravity\00_raw_data\GSE110496\GSM2992952_1001700606_A5_counts.tsv,6599,592839.0,25343.0,4.2748537,-0.5139032876495981,0.37891569833011546,G2M,High_DENV,0.1644209921360016
GSM2992953,huh7,Barcode_716-508EX2,10017006,dengue,613,12,10,ACTCGCTA-AAGCCTTGCA,0,,1001700606_A8,12,613,0,613,DENV,12h,e:\Zika_antigravity\00_raw_data\GSE110496\GSM2992953_1001700606_A8_counts.tsv,6965,488231.0,21276.0,4.3577733,0.5673222852538207,-0.09835747761752912,S,High_DENV,0.14128291606903076
GSM2992954,huh7,Barcode_716-520EX2,10017006,dengue,621,12,10,ACTCGCTA-GGCTATTGCA,0,,1001700606_A11,12,621,0,621,DENV,12h,e:\Zika_antigravity\00_raw_data\GSE110496\GSM2992954_1001700606_A11_counts.tsv,6261,531803.0,23103.0,4.344278,-0.42746214323810167,-0.5742743731662746,G1,High_DENV,0.17653308808803558
GSM2992955,huh7,Barcode_716-510EX2,10017006,dengue,253,12,10,ACTCGCTA-TCTAATTGCA,0,,1001700606_A13,12,253,0,253,DENV,12h,e:\Zika_antigravity\00_raw_data\GSE110496\GSM2992955_1001700606_A13_counts.tsv,6628,485036.0,19181.0,3.9545517,-0.2580936389881009,-0.4107110262376068,G1,High_DENV,0.1967904269695282
GSM2992956,huh7,Barcode_716-521EX2,10017006,dengue,220,12,10,ACTCGCTA-GCCTTATGCA,0,,1001700606_A21,12,220,0,220,DENV,12h,e:\Zika_antigravity\00_raw_data\GSE110496\GSM2992956_1001700606_A21_counts.tsv,6030,460062.0,24165.0,5.252553,-0.5108129016788943,-0.5980834622680884,G1,High_DENV,0.1914079487323761
GSM2992957,huh7,Barcode_716-511EX2,10017006,dengue,197,12,10,ACTCGCTA-TCTCCGTGCA,0,,1001700606_B4,12,197,0,197,DENV,12h,e:\Zika_antigravity\00_raw_data\GSE110496\GSM2992957_1001700606_B4_counts.tsv,5445,757320.0,32949.0,4.3507366,-0.7034241285884664,-0.6081738727172387,G1,High_DENV,0.21755923330783844
GSM2992958,huh7,Barcode_716-522EX2,10017006,dengue,163,12,10,ACTCGCTA-ATGCGATGCA,0,,1001700606_B7,12,163,0,163,DENV,12h,e:\Zika_antigravity\00_raw_data\GSE110496\GSM2992958_1001700606_B7_counts.tsv,6553,485347.0,21906.0,4.513472,0.5744729751721025,0.5156524475003726,S,High_DENV,0.08965631574392319
GSM2992959,huh7,Barcode_718-502EX2,10017006,dengue,319,12,10,GGAGCTAC-CTCTATTGCA,0,,1001700606_B12,12,319,0,319,DENV,12h,e:\Zika_antigravity\00_raw_data\GSE110496\GSM2992959_1001700606_B12_counts.tsv,6364,391263.0,22990.0,5.875843,-0.09693937871738204,-0.0699661091848274,G1,High_DENV,0.19647595286369324
GSM2992960,huh7,Barcode_718-513EX2,10017006,dengue,122,12,10,GGAGCTAC-GACTAGTGCA,0,,1001700606_B13,12,122,0,122,DENV,12h,e:\Zika_antigravity\00_raw_data\GSE110496\GSM2992960_1001700606_B13_counts.tsv,6426,374803.0,17227.0,4.5962815,0.41817140684330034,-0.2975795353538609,S,High_DENV,0.17952057719230652
GSM2992961,huh7,Barcode_718-503EX2,10017006,dengue,986,12,10,GGAGCTAC-TCCTCTTGCA,0,,1001700606_B14,12,986,0,986,DENV,12h,e:\Zika_antigravity\00_raw_data\GSE110496\GSM2992961_1001700606_B14_counts.tsv,6536,410149.0,17486.0,4.2633286,0.2550766474478656,-0.28449108887554,S,High_DENV,0.17360606789588928
GSM2992962,huh7,Barcode_718-515EX2,10017006,dengue,368,12,10,GGAGCTAC-CTAGCTTGCA,0,,1001700606_B15,12,368,0,368,DENV,12h,e:\Zika_antigravity\00_raw_data\GSE110496\GSM2992962_1001700606_B15_counts.tsv,6498,451215.0,22218.0,4.9240384,0.16770247542465638,-0.29934097930958536,S,High_DENV,0.19176004827022552
GSM2992963,huh7,Barcode_718-505EX2,10017006,dengue,169,12,10,GGAGCTAC-AAGGAGTGCA,0,,1001700606_B16,12,169,0,169,DENV,12h,e:\Zika_antigravity\00_raw_data\GSE110496\GSM2992963_1001700606_B16_counts.tsv,6489,379043.0,17346.0,4.5762615,0.07670822177370568,-0.3586455324811417,S,High_DENV,0.19140097498893738
GSM2992964,huh7,Barcode_718-516EX2,10017006,dengue,1190,12,10,GGAGCTAC-TAGAGTTGCA,0,,1001700606_B19,12,1190,0,1190,DENV,12h,e:\Zika_antigravity\00_raw_data\GSE110496\GSM2992964_1001700606_B19_counts.tsv,6112,429404.0,19593.0,4.5628357,-0.0913702775325094,-0.25149577157422065,G1,High_DENV,0.17973296344280243
GSM2992965,huh7,Barcode_718-506EX2,10017006,dengue,442,12,10,GGAGCTAC-TGCATATGCA,0,,1001700606_B20,12,442,0,442,DENV,12h,e:\Zika_antigravity\00_raw_data\GSE110496\GSM2992965_1001700606_B20_counts.tsv,6652,378791.0,16259.0,4.2923408,0.25761570997890976,0.17995654709221595,S,High_DENV,0.16880840063095093
GSM2992966,huh7,Barcode_718-517EX2,10017006,dengue,516,12,10,GGAGCTAC-GTAAGATGCA,0,,1001700606_B22,12,516,0,516,DENV,12h,e:\Zika_antigravity\00_raw_data\GSE110496\GSM2992966_1001700606_B22_counts.tsv,6117,339397.0,9619.0,2.834144,-0.5874161886805226,-0.14650153248378772,G1,High_DENV,0.16358967125415802
GSM2992967,huh7,Barcode_718-507EX2,10017006,dengue,677,12,10,GGAGCTAC-GGAGTATGCA,0,,1001700606_C1,12,677,0,677,DENV,12h,e:\Zika_antigravity\00_raw_data\GSE110496\GSM2992967_1001700606_C1_counts.tsv,5651,425869.0,19461.0,4.5697155,-0.20340886569493227,-0.2722836651928081,G1,High_DENV,0.16382452845573425
GSM2992968,huh7,Barcode_718-518EX2,10017006,dengue,171,12,10,GGAGCTAC-ATTAAGTGCA,0,,1001700606_C3,12,171,0,171,DENV,12h,e:\Zika_antigravity\00_raw_data\GSE110496\GSM2992968_1001700606_C3_counts.tsv,6755,657225.0,21753.0,3.3098254,0.5720502467182953,-0.13210007619401573,S,High_DENV,0.1414463073015213
GSM2992969,huh7,Barcode_718-508EX2,10017006,dengue,3738,12,10,GGAGCTAC-AAGCCTTGCA,0,,1001700606_C6,12,3738,0,3738,DENV,12h,e:\Zika_antigravity\00_raw_data\GSE110496\GSM2992969_1001700606_C6_counts.tsv,6493,578104.0,31394.0,5.4305105,-0.16824575226997868,0.07733122684838438,G2M,High_DENV,0.17079214751720428
GSM2992970,huh7,Barcode_718-520EX2,10017006,dengue,2577,12,10,GGAGCTAC-GGCTATTGCA,0,,1001700606_C10,12,2577,0,2577,DENV,12h,e:\Zika_antigravity\00_raw_data\GSE110496\GSM2992970_1001700606_C10_counts.tsv,6727,617364.0,33326.0,5.398112,1.7390561791624695,-0.23750058428768683,S,High_DENV,0.12306217104196548
GSM2992971,huh7,Barcode_718-510EX2,10017006,dengue,563,12,10,GGAGCTAC-TCTAATTGCA,0,,1001700606_C13,12,563,0,563,DENV,12h,e:\Zika_antigravity\00_raw_data\GSE110496\GSM2992971_1001700606_C13_counts.tsv,6576,498684.0,35536.0,7.1259556,-0.30315358033847245,-0.33042226420242227,G1,High_DENV,0.19638295471668243
GSM2992972,huh7,Barcode_718-521EX2,10017006,dengue,180,12,10,GGAGCTAC-GCCTTATGCA,0,,1001700606_C16,12,180,0,180,DENV,12h,e:\Zika_antigravity\00_raw_data\GSE110496\GSM2992972_1001700606_C16_counts.tsv,6490,458149.0,23002.0,5.0206375,0.047803690161700135,0.08156468521277305,G2M,High_DENV,0.1613081842660904
GSM2992973,huh7,Barcode_718-511EX2,10017006,dengue,948,12,10,GGAGCTAC-TCTCCGTGCA,0,,1001700606_C18,12,948,0,948,DENV,12h,e:\Zika_antigravity\00_raw_data\GSE110496\GSM2992973_1001700606_C18_counts.tsv,6418,488774.0,27650.0,5.657011,1.2284882413689049,-0.05280889129997386,S,High_DENV,0.11326416581869125
GSM2992974,huh7,Barcode_718-522EX2,10017006,dengue,1312,12,10,GGAGCTAC-ATGCGATGCA,0,,1001700606_C21,12,1312,0,1312,DENV,12h,e:\Zika_antigravity\00_raw_data\GSE110496\GSM2992974_1001700606_C21_counts.tsv,6882,538963.0,18940.0,3.5141559,-0.6279830368557235,-0.6882600073812235,G1,High_DENV,0.2281663417816162
GSM2992975,huh7,Barcode_719-502EX2,10017006,dengue,3215,12,10,GCGTAGTA-CTCTATTGCA,0,,1001700606_C22,12,3215,0,3215,DENV,12h,e:\Zika_antigravity\00_raw_data\GSE110496\GSM2992975_1001700606_C22_counts.tsv,6382,377357.0,22028.0,5.837443,-0.6463534295470232,-0.5864614267598631,G1,High_DENV,0.1907903403043747
GSM2992976,huh7,Barcode_719-513EX2,10017006,dengue,100,12,10,GCGTAGTA-GACTAGTGCA,0,,1001700606_D5,12,100,0,100,DENV,12h,e:\Zika_antigravity\00_raw_data\GSE110496\GSM2992976_1001700606_D5_counts.tsv,5856,357413.0,15671.0,4.3845634,-0.22121067090137375,1.296403138107702,G2M,High_DENV,0.1896553635597229
GSM2992978,huh7,Barcode_719-515EX2,10017006,dengue,886,12,10,GCGTAGTA-CTAGCTTGCA,0,,1001700606_D12,12,886,0,886,DENV,12h,e:\Zika_antigravity\00_raw_data\GSE110496\GSM2992978_1001700606_D12_counts.tsv,6830,391315.0,16577.0,4.236229,0.22023648613539987,-0.31966748953960467,S,High_DENV,0.1819450557231903
GSM2992979,huh7,Barcode_719-505EX2,10017006,dengue,377,12,10,GCGTAGTA-AAGGAGTGCA,0,,1001700606_D14,12,377,0,377,DENV,12h,e:\Zika_antigravity\00_raw_data\GSE110496\GSM2992979_1001700606_D14_counts.tsv,6951,403047.0,18680.0,4.634695,0.40576858731164106,-0.1478749066906651,S,High_DENV,0.16619282960891724
GSM2992980,huh7,Barcode_719-516EX2,10017006,dengue,553,12,10,GCGTAGTA-TAGAGTTGCA,0,,1001700606_D16,12,553,0,553,DENV,12h,e:\Zika_antigravity\00_raw_data\GSE110496\GSM2992980_1001700606_D16_counts.tsv,6701,371126.0,16616.0,4.4771857,-0.683490521749038,-0.6761363946618367,G1,High_DENV,0.18267083168029785
GSM2992981,huh7,Barcode_719-506EX2,10017006,dengue,624,12,10,GCGTAGTA-TGCATATGCA,0,,1001700606_D17,12,624,0,624,DENV,12h,e:\Zika_antigravity\00_raw_data\GSE110496\GSM2992981_1001700606_D17_counts.tsv,5941,358584.0,20048.0,5.5908794,0.8650983539188192,0.0688904520173289,S,High_DENV,0.17603375017642975
GSM2992982,huh7,Barcode_719-517EX2,10017006,dengue,206,12,10,GCGTAGTA-GTAAGATGCA,0,,1001700606_D20,12,206,0,206,DENV,12h,e:\Zika_antigravity\00_raw_data\GSE110496\GSM2992982_1001700606_D20_counts.tsv,7203,385181.0,18806.0,4.88238,0.9076219765319754,-0.13147062784178715,S,High_DENV,0.17311520874500275
GSM2992983,huh7,Barcode_719-507EX2,10017006,dengue,2317,12,10,GCGTAGTA-GGAGTATGCA,0,,1001700606_E2,12,2317,0,2317,DENV,12h,e:\Zika_antigravity\00_raw_data\GSE110496\GSM2992983_1001700606_E2_counts.tsv,5651,423085.0,21716.0,5.132775,-0.4739021058238688,-0.3970399375958125,G1,High_DENV,0.1800830364227295
GSM2992984,huh7,Barcode_719-518EX2,10017006,dengue,112,12,10,GCGTAGTA-ATTAAGTGCA,0,,1001700606_E5,12,112,0,112,DENV,12h,e:\Zika_antigravity\00_raw_data\GSE110496\GSM2992984_1001700606_E5_counts.tsv,6636,540856.0,18285.0,3.380752,-0.4758794257888526,-0.04586328326950236,G1,High_DENV,0.1778615415096283
GSM2992985,huh7,Barcode_719-508EX2,10017006,dengue,543,12,10,GCGTAGTA-AAGCCTTGCA,0,,1001700606_E6,12,543,0,543,DENV,12h,e:\Zika_antigravity\00_raw_data\GSE110496\GSM2992985_1001700606_E6_counts.tsv,7455,498726.0,23053.0,4.622378,1.1017447744662474,-0.25286754686858115,S,High_DENV,0.18141096830368042
GSM2992986,huh7,Barcode_719-520EX2,10017006,dengue,1823,12,10,GCGTAGTA-GGCTATTGCA,0,,1001700606_E10,12,1823,0,1823,DENV,12h,e:\Zika_antigravity\00_raw_data\GSE110496\GSM2992986_1001700606_E10_counts.tsv,6675,586023.0,27489.0,4.6907716,0.018651889876041203,-0.3450049293437134,S,High_DENV,0.1838475465774536
GSM2992987,huh7,Barcode_719-510EX2,10017006,dengue,217,12,10,GCGTAGTA-TCTAATTGCA,0,,1001700606_E12,12,217,0,217,DENV,12h,e:\Zika_antigravity\00_raw_data\GSE110496\GSM2992987_1001700606_E12_counts.tsv,6952,427156.0,22711.0,5.316793,-0.3479673429436627,-0.46563276455544206,G1,High_DENV,0.19327884912490845
GSM2992988,huh7,Barcode_719-521EX2,10017006,dengue,1389,12,10,GCGTAGTA-GCCTTATGCA,0,,1001700606_E15,12,1389,0,1389,DENV,12h,e:\Zika_antigravity\00_raw_data\GSE110496\GSM2992988_1001700606_E15_counts.tsv,6801,475527.0,17037.0,3.5827618,-0.27709535931547485,-0.7203057255045635,G1,High_DENV,0.18282760679721832
GSM2992989,huh7,Barcode_719-511EX2,10017006,dengue,2777,12,10,GCGTAGTA-TCTCCGTGCA,0,,1001700606_E17,12,2777,0,2777,DENV,12h,e:\Zika_antigravity\00_raw_data\GSE110496\GSM2992989_1001700606_E17_counts.tsv,6168,467700.0,27222.0,5.820398,0.6089182243416352,-0.21601402053211044,S,High_DENV,0.1533472090959549
GSM2992990,huh7,Barcode_719-522EX2,10017006,dengue,2140,12,10,GCGTAGTA-ATGCGATGCA,0,,1001700606_E18,12,2140,0,2140,DENV,12h,e:\Zika_antigravity\00_raw_data\GSE110496\GSM2992990_1001700606_E18_counts.tsv,6089,431165.0,21987.0,5.09944,-0.012664444234576966,-0.44338396968679067,G1,High_DENV,0.17858965694904327
GSM2992991,huh7,Barcode_720-502EX2,10017006,dengue,1107,12,10,CGGAGCCT-CTCTATTGCA,0,,1001700606_E19,12,1107,0,1107,DENV,12h,e:\Zika_antigravity\00_raw_data\GSE110496\GSM2992991_1001700606_E19_counts.tsv,6402,364763.0,21734.0,5.9583893,0.20759955685408343,-0.1670644556851775,S,High_DENV,0.1753680557012558
GSM2992993,huh7,Barcode_720-503EX2,10017006,dengue,184,12,10,CGGAGCCT-TCCTCTTGCA,0,,1001700606_E22,12,184,0,184,DENV,12h,e:\Zika_antigravity\00_raw_data\GSE110496\GSM2992993_1001700606_E22_counts.tsv,7033,447702.0,21284.0,4.7540555,0.8788074879729677,0.4595773882152546,S,High_DENV,0.19399166107177734
GSM2992994,huh7,Barcode_720-515EX2,10017006,dengue,8485,12,10,CGGAGCCT-CTAGCTTGCA,0,,1001700606_F1,12,8485,0,8485,DENV,12h,e:\Zika_antigravity\00_raw_data\GSE110496\GSM2992994_1001700606_F1_counts.tsv,5145,530797.0,36968.0,6.964621,-0.591448038023719,-0.42566767163650904,G1,High_DENV,0.188497394323349
GSM2992995,huh7,Barcode_720-505EX2,10017006,dengue,13,12,10,CGGAGCCT-AAGGAGTGCA,0,,1001700606_F3,12,13,0,13,DENV,12h,e:\Zika_antigravity\00_raw_data\GSE110496\GSM2992995_1001700606_F3_counts.tsv,7021,384645.0,17372.0,4.516372,-0.0779658199165992,0.8196092801999808,G2M,High_DENV,0.20568905770778656
GSM2992996,huh7,Barcode_720-516EX2,10017006,dengue,683,12,10,CGGAGCCT-TAGAGTTGCA,0,,1001700606_F4,12,683,0,683,DENV,12h,e:\Zika_antigravity\00_raw_data\GSE110496\GSM2992996_1001700606_F4_counts.tsv,6416,413766.0,17780.0,4.297115,0.7695501015122448,-0.1329817927162138,S,High_DENV,0.1342441737651825
GSM2992997,huh7,Barcode_720-506EX2,10017006,dengue,960,12,10,CGGAGCCT-TGCATATGCA,0,,1001700606_F6,12,960,0,960,DENV,12h,e:\Zika_antigravity\00_raw_data\GSE110496\GSM2992997_1001700606_F6_counts.tsv,6270,398675.0,14541.0,3.647332,0.08487653870224243,0.24881109272259627,G2M,High_DENV,0.16897568106651306
GSM2992998,huh7,Barcode_720-517EX2,10017006,dengue,4660,12,10,CGGAGCCT-GTAAGATGCA,0,,1001700606_F8,12,4660,0,4660,DENV,12h,e:\Zika_antigravity\00_raw_data\GSE110496\GSM2992998_1001700606_F8_counts.tsv,6466,418378.0,25656.0,6.1322536,-0.5145813483212676,-0.5531146044183867,G1,High_DENV,0.23899854719638824
GSM2992999,huh7,Barcode_720-507EX2,10017006,dengue,1084,12,10,CGGAGCCT-GGAGTATGCA,0,,1001700606_F11,12,1084,0,1084,DENV,12h,e:\Zika_antigravity\00_raw_data\GSE110496\GSM2992999_1001700606_F11_counts.tsv,6339,440093.0,17742.0,4.0314207,0.7400799041181537,-0.4604064421766785,S,High_DENV,0.15964266657829285
GSM2993000,huh7,Barcode_720-518EX2,10017006,dengue,828,12,10,CGGAGCCT-ATTAAGTGCA,0,,1001700606_F13,12,828,0,828,DENV,12h,e:\Zika_antigravity\00_raw_data\GSE110496\GSM2993000_1001700606_F13_counts.tsv,7916,640693.0,21222.0,3.3123507,-0.4716267643939881,-0.8292444444164734,G1,High_DENV,0.22659465670585632
GSM2993001,huh7,Barcode_720-508EX2,10017006,dengue,1119,12,10,CGGAGCCT-AAGCCTTGCA,0,,1001700606_F16,12,1119,0,1119,DENV,12h,e:\Zika_antigravity\00_raw_data\GSE110496\GSM2993001_1001700606_F16_counts.tsv,6688,581444.0,24723.0,4.2520003,-0.3378815146221314,-0.5022546841606585,G1,High_DENV,0.17525719106197357
GSM2993002,huh7,Barcode_720-520EX2,10017006,dengue,224,12,10,CGGAGCCT-GGCTATTGCA,0,,1001700606_F18,12,224,0,224,DENV,12h,e:\Zika_antigravity\00_raw_data\GSE110496\GSM2993002_1001700606_F18_counts.tsv,6542,548828.0,29635.0,5.399688,-0.3539524796108405,-0.5262556713144516,G1,High_DENV,0.27290043234825134
GSM2993003,huh7,Barcode_720-510EX2,10017006,dengue,270,12,10,CGGAGCCT-TCTAATTGCA,0,,1001700606_F21,12,270,0,270,DENV,12h,e:\Zika_antigravity\00_raw_data\GSE110496\GSM2993003_1001700606_F21_counts.tsv,6343,578535.0,25423.0,4.3943753,0.08222902245775218,-0.37551637965016443,S,High_DENV,0.1875365823507309
GSM2993004,huh7,Barcode_720-521EX2,10017006,dengue,1796,12,10,CGGAGCCT-GCCTTATGCA,0,,1001700606_G3,12,1796,0,1796,DENV,12h,e:\Zika_antigravity\00_raw_data\GSE110496\GSM2993004_1001700606_G3_counts.tsv,6372,515598.0,24850.0,4.8196464,-0.4129852221408371,-0.4957894208072392,G1,High_DENV,0.2652962803840637
GSM2993005,huh7,Barcode_720-511EX2,10017006,dengue,618,12,10,CGGAGCCT-TCTCCGTGCA,0,,1001700606_G5,12,618,0,618,DENV,12h,e:\Zika_antigravity\00_raw_data\GSE110496\GSM2993005_1001700606_G5_counts.tsv,6699,527756.0,20725.0,3.9270039,0.2518415726144754,-0.6160408181626118,S,High_DENV,0.17538197338581085
GSM2993006,huh7,Barcode_720-522EX2,10017006,dengue,1053,12,10,CGGAGCCT-ATGCGATGCA,0,,1001700606_G7,12,1053,0,1053,DENV,12h,e:\Zika_antigravity\00_raw_data\GSE110496\GSM2993006_1001700606_G7_counts.tsv,7205,502803.0,25569.0,5.085292,-0.36469517888589986,-0.19446003690808372,G1,High_DENV,0.17161321640014648
GSM2993009,huh7,Barcode_721-503EX2,10017006,dengue,176,12,10,TACGCTGC-TCCTCTTGCA,0,,1001700606_G14,12,176,0,176,DENV,12h,e:\Zika_antigravity\00_raw_data\GSE110496\GSM2993009_1001700606_G14_counts.tsv,6693,508218.0,19061.0,3.750556,-0.4692754296408522,-0.5306874420363619,G1,High_DENV,0.19001345336437225
GSM2993013,huh7,Barcode_721-506EX2,10017006,dengue,175,12,10,TACGCTGC-TGCATATGCA,0,,1001700606_H1,12,175,0,175,DENV,12h,e:\Zika_antigravity\00_raw_data\GSE110496\GSM2993013_1001700606_H1_counts.tsv,6003,349379.0,19760.0,5.6557493,0.9395559441741733,-0.003495386683211128,S,High_DENV,0.17200900614261627
GSM2993014,huh7,Barcode_721-517EX2,10017006,dengue,195,12,10,TACGCTGC-GTAAGATGCA,0,,1001700606_H3,12,195,0,195,DENV,12h,e:\Zika_antigravity\00_raw_data\GSE110496\GSM2993014_1001700606_H3_counts.tsv,6703,382654.0,15321.0,4.003878,0.6416488675578009,-0.34594438507795616,S,High_DENV,0.19034840166568756
GSM2993015,huh7,Barcode_721-507EX2,10017006,dengue,1191,12,10,TACGCTGC-GGAGTATGCA,0,,1001700606_H6,12,1191,0,1191,DENV,12h,e:\Zika_antigravity\00_raw_data\GSE110496\GSM2993015_1001700606_H6_counts.tsv,6702,410317.0,14707.0,3.584302,-0.7474557027398121,-0.591369884871879,G1,High_DENV,0.22589412331581116
GSM2993016,huh7,Barcode_721-518EX2,10017006,dengue,397,12,10,TACGCTGC-ATTAAGTGCA,0,,1001700606_H11,12,397,0,397,DENV,12h,e:\Zika_antigravity\00_raw_data\GSE110496\GSM2993016_1001700606_H11_counts.tsv,7007,515016.0,19937.0,3.8711417,0.48103479617053546,0.5414836098980289,G2M,High_DENV,0.16922502219676971
GSM2993017,huh7,Barcode_721-508EX2,10017006,dengue,831,12,10,TACGCTGC-AAGCCTTGCA,0,,1001700606_H15,12,831,0,831,DENV,12h,e:\Zika_antigravity\00_raw_data\GSE110496\GSM2993017_1001700606_H15_counts.tsv,7096,518878.0,21688.0,4.179788,1.172231655877494,0.3097482064765342,S,High_DENV,0.17454949021339417
GSM2993018,huh7,Barcode_721-520EX2,10017006,dengue,34,12,10,TACGCTGC-GGCTATTGCA,0,,1001700606_H17,12,34,0,34,DENV,12h,e:\Zika_antigravity\00_raw_data\GSE110496\GSM2993018_1001700606_H17_counts.tsv,6501,502357.0,24119.0,4.801167,-0.16186819942446337,-0.4534402359145717,G1,High_DENV,0.18575294315814972
GSM2993019,huh7,Barcode_721-510EX2,10017006,dengue,267,12,10,TACGCTGC-TCTAATTGCA,0,,1001700606_I2,12,267,0,267,DENV,12h,e:\Zika_antigravity\00_raw_data\GSE110496\GSM2993019_1001700606_I2_counts.tsv,5341,592767.0,23153.0,3.905919,-0.33658486082477745,-0.49014280131586185,G1,High_DENV,0.1674293428659439
GSM2993020,huh7,Barcode_721-521EX2,10017006,dengue,193,12,10,TACGCTGC-GCCTTATGCA,0,,1001700606_I4,12,193,0,193,DENV,12h,e:\Zika_antigravity\00_raw_data\GSE110496\GSM2993020_1001700606_I4_counts.tsv,7435,576285.0,19407.0,3.3676047,0.03408250510359981,0.5438075327997158,G2M,High_DENV,0.15535737574100494
GSM2993021,huh7,Barcode_721-511EX2,10017006,dengue,350,12,10,TACGCTGC-TCTCCGTGCA,0,,1001700606_I5,12,350,0,350,DENV,12h,e:\Zika_antigravity\00_raw_data\GSE110496\GSM2993021_1001700606_I5_counts.tsv,6737,564462.0,14947.0,2.6480083,1.1803222898305172,0.6575864632534798,S,High_DENV,0.15471260249614716
GSM2993022,huh7,Barcode_721-522EX2,10017006,dengue,808,12,10,TACGCTGC-ATGCGATGCA,0,,1001700606_I7,12,808,0,808,DENV,12h,e:\Zika_antigravity\00_raw_data\GSE110496\GSM2993022_1001700606_I7_counts.tsv,6225,580714.0,38496.0,6.6290812,-0.44289815930560944,-0.4650164710259601,G1,High_DENV,0.21264731884002686
GSM2993023,huh7,Barcode_722-502EX2,10017006,dengue,397,12,10,ATGCGCAG-CTCTATTGCA,0,,1001700606_I8,12,397,0,397,DENV,12h,e:\Zika_antigravity\00_raw_data\GSE110496\GSM2993023_1001700606_I8_counts.tsv,7212,370992.0,11723.0,3.1599064,0.042221601534540576,-0.5408347005534311,S,High_DENV,0.20111136138439178
GSM2993024,huh7,Barcode_722-513EX2,10017006,dengue,310,12,10,ATGCGCAG-GACTAGTGCA,0,,1001700606_I10,12,310,0,310,DENV,12h,e:\Zika_antigravity\00_raw_data\GSE110496\GSM2993024_1001700606_I10_counts.tsv,6872,354208.0,17394.0,4.910674,-0.7531200568895742,-0.6134401185160753,G1,High_DENV,0.18620777130126953
GSM2993025,huh7,Barcode_722-503EX2,10017006,dengue,1023,12,10,ATGCGCAG-TCCTCTTGCA,0,,1001700606_I12,12,1023,0,1023,DENV,12h,e:\Zika_antigravity\00_raw_data\GSE110496\GSM2993025_1001700606_I12_counts.tsv,5898,453942.0,18301.0,4.0315723,0.4790183175177801,-0.38860011923746524,S,High_DENV,0.14856277406215668
GSM2993026,huh7,Barcode_722-515EX2,10017006,dengue,54,12,10,ATGCGCAG-CTAGCTTGCA,0,,1001700606_I14,12,54,0,54,DENV,12h,e:\Zika_antigravity\00_raw_data\GSE110496\GSM2993026_1001700606_I14_counts.tsv,5360,417901.0,21822.0,5.221811,0.46443014125384036,-0.28044720026506026,S,High_DENV,0.18299885094165802
GSM2993027,huh7,Barcode_722-505EX2,10017006,dengue,1701,12,10,ATGCGCAG-AAGGAGTGCA,0,,1001700606_I15,12,1701,0,1701,DENV,12h,e:\Zika_antigravity\00_raw_data\GSE110496\GSM2993027_1001700606_I15_counts.tsv,6117,392096.0,19513.0,4.9765873,0.6336663586752755,-0.3425185347272473,S,High_DENV,0.18526163697242737
GSM2993028,huh7,Barcode_722-516EX2,10017006,dengue,782,12,10,ATGCGCAG-TAGAGTTGCA,0,,1001700606_I21,12,782,0,782,DENV,12h,e:\Zika_antigravity\00_raw_data\GSE110496\GSM2993028_1001700606_I21_counts.tsv,7067,355224.0,14703.0,4.1390786,0.32555596203698467,-0.5308190551758681,S,High_DENV,0.18557336926460266
GSM2993029,huh7,Barcode_722-506EX2,10017006,dengue,1710,12,10,ATGCGCAG-TGCATATGCA,0,,1001700606_I22,12,1710,0,1710,DENV,12h,e:\Zika_antigravity\00_raw_data\GSE110496\GSM2993029_1001700606_I22_counts.tsv,6264,390238.0,15472.0,3.9647598,-0.17131119884461873,0.42467644714661584,G2M,High_DENV,0.1783478707075119
GSM2993030,huh7,Barcode_722-517EX2,10017006,dengue,181,12,10,ATGCGCAG-GTAAGATGCA,0,,1001700606_J3,12,181,0,181,DENV,12h,e:\Zika_antigravity\00_raw_data\GSE110496\GSM2993030_1001700606_J3_counts.tsv,6756,358764.0,14235.0,3.9677896,0.3702549034202959,0.9674414801047065,G2M,High_DENV,0.10282076150178909
GSM2993031,huh7,Barcode_722-507EX2,10017006,dengue,2274,12,10,ATGCGCAG-GGAGTATGCA,0,,1001700606_J5,12,2274,0,2274,DENV,12h,e:\Zika_antigravity\00_raw_data\GSE110496\GSM2993031_1001700606_J5_counts.tsv,6558,433837.0,18761.0,4.324435,1.2306674743049024,0.4889579124197419,S,High_DENV,0.1051858514547348
GSM2993032,huh7,Barcode_722-518EX2,10017006,dengue,439,12,10,ATGCGCAG-ATTAAGTGCA,0,,1001700606_J6,12,439,0,439,DENV,12h,e:\Zika_antigravity\00_raw_data\GSE110496\GSM2993032_1001700606_J6_counts.tsv,7533,527571.0,15957.0,3.0246167,0.707605665106149,0.46877345340791665,S,High_DENV,0.16688956320285797
GSM2993033,huh7,Barcode_722-508EX2,10017006,dengue,189,12,10,ATGCGCAG-AAGCCTTGCA,0,,1001700606_J8,12,189,0,189,DENV,12h,e:\Zika_antigravity\00_raw_data\GSE110496\GSM2993033_1001700606_J8_counts.tsv,7161,450932.0,18851.0,4.180453,0.20375866463319178,1.373057551654901,G2M,High_DENV,0.09447266906499863
GSM2993034,huh7,Barcode_722-520EX2,10017006,dengue,11479,12,10,ATGCGCAG-GGCTATTGCA,0,,1001700606_J11,12,11479,0,11479,DENV,12h,e:\Zika_antigravity\00_raw_data\GSE110496\GSM2993034_1001700606_J11_counts.tsv,6849,543609.0,29574.0,5.4403076,-0.2800036326782512,-0.3771753084737096,G1,High_DENV,0.18845587968826294
GSM2993035,huh7,Barcode_722-510EX2,10017006,dengue,332,12,10,ATGCGCAG-TCTAATTGCA,0,,1001700606_J16,12,332,0,332,DENV,12h,e:\Zika_antigravity\00_raw_data\GSE110496\GSM2993035_1001700606_J16_counts.tsv,7048,507577.0,17683.0,3.4838066,0.07021157215127632,-0.24267617028460325,S,High_DENV,0.17591603100299835
GSM2993036,huh7,Barcode_722-521EX2,10017006,dengue,859,12,10,ATGCGCAG-GCCTTATGCA,0,,1001700606_K1,12,859,0,859,DENV,12h,e:\Zika_antigravity\00_raw_data\GSE110496\GSM2993036_1001700606_K1_counts.tsv,5797,524851.0,25786.0,4.9130135,-0.15932292075206836,-0.1860189878706025,G1,High_DENV,0.1648762971162796
GSM2993037,huh7,Barcode_722-511EX2,10017006,dengue,73,12,10,ATGCGCAG-TCTCCGTGCA,0,,1001700606_K3,12,73,0,73,DENV,12h,e:\Zika_antigravity\00_raw_data\GSE110496\GSM2993037_1001700606_K3_counts.tsv,5763,587547.0,25337.0,4.3123355,-0.19739095219300085,-0.3617646467933757,G1,High_DENV,0.1836828589439392
GSM2993038,huh7,Barcode_722-522EX2,10017006,dengue,261,12,10,ATGCGCAG-ATGCGATGCA,0,,1001700606_K5,12,261,0,261,DENV,12h,e:\Zika_antigravity\00_raw_data\GSE110496\GSM2993038_1001700606_K5_counts.tsv,6626,455963.0,17975.0,3.9422057,-0.5338942404038141,1.477895252276018,G2M,High_DENV,0.09635179489850998
GSM2993039,huh7,Barcode_723-502EX2,10017006,dengue,928,12,10,TAGCGCTC-CTCTATTGCA,0,,1001700606_K6,12,928,0,928,DENV,12h,e:\Zika_antigravity\00_raw_data\GSE110496\GSM2993039_1001700606_K6_counts.tsv,7454,342668.0,12162.0,3.5492082,0.5309752749086502,-0.42425490123052245,S,High_DENV,0.2031293362379074
GSM2993040,huh7,Barcode_723-513EX2,10017006,dengue,598,12,10,TAGCGCTC-GACTAGTGCA,0,,1001700606_K8,12,598,0,598,DENV,12h,e:\Zika_antigravity\00_raw_data\GSE110496\GSM2993040_1001700606_K8_counts.tsv,6183,404594.0,30617.0,7.5673394,1.319040772156413,0.2090149055474269,S,High_DENV,0.14617301523685455
GSM2993041,huh7,Barcode_723-503EX2,10017006,dengue,1392,12,10,TAGCGCTC-TCCTCTTGCA,0,,1001700606_K10,12,1392,0,1392,DENV,12h,e:\Zika_antigravity\00_raw_data\GSE110496\GSM2993041_1001700606_K10_counts.tsv,6561,353716.0,14494.0,4.0976377,0.5932912966857354,-0.5663698990079706,S,High_DENV,0.15751095116138458
GSM2993043,huh7,Barcode_723-505EX2,10017006,dengue,502,12,10,TAGCGCTC-AAGGAGTGCA,0,,1001700606_K16,12,502,0,502,DENV,12h,e:\Zika_antigravity\00_raw_data\GSE110496\GSM2993043_1001700606_K16_counts.tsv,6493,340776.0,11724.0,3.440383,0.07013132164581855,-0.5185440426101442,S,High_DENV,0.1859460324048996
GSM2993044,huh7,Barcode_723-516EX2,10017006,dengue,658,12,10,TAGCGCTC-TAGAGTTGCA,0,,1001700606_K19,12,658,0,658,DENV,12h,e:\Zika_antigravity\00_raw_data\GSE110496\GSM2993044_1001700606_K19_counts.tsv,6615,379952.0,16192.0,4.261591,0.9938884754188448,-0.1506932951443383,S,High_DENV,0.15366315841674805
GSM2993045,huh7,Barcode_723-506EX2,10017006,dengue,452,12,10,TAGCGCTC-TGCATATGCA,0,,1001700606_K22,12,452,0,452,DENV,12h,e:\Zika_antigravity\00_raw_data\GSE110496\GSM2993045_1001700606_K22_counts.tsv,6703,348631.0,17250.0,4.947925,0.12230916728066014,-0.3136836689074125,S,High_DENV,0.15481513738632202
GSM2993046,huh7,Barcode_723-517EX2,10017006,dengue,500,12,10,TAGCGCTC-GTAAGATGCA,0,,1001700606_L1,12,500,0,500,DENV,12h,e:\Zika_antigravity\00_raw_data\GSE110496\GSM2993046_1001700606_L1_counts.tsv,6117,481495.0,15877.0,3.2974381,-0.03789570514733593,0.5169088537937502,G2M,High_DENV,0.16670680046081543
GSM2993047,huh7,Barcode_723-507EX2,10017006,dengue,673,12,10,TAGCGCTC-GGAGTATGCA,0,,1001700606_L4,12,673,0,673,DENV,12h,e:\Zika_antigravity\00_raw_data\GSE110496\GSM2993047_1001700606_L4_counts.tsv,6722,450948.0,21333.0,4.7307005,1.0382113116571592,-0.050605845864527696,S,High_DENV,0.1699916124343872
GSM2993048,huh7,Barcode_723-518EX2,10017006,dengue,1626,12,10,TAGCGCTC-ATTAAGTGCA,0,,1001700606_L7,12,1626,0,1626,DENV,12h,e:\Zika_antigravity\00_raw_data\GSE110496\GSM2993048_1001700606_L7_counts.tsv,6478,592883.0,30598.0,5.1608834,-0.26910127705140485,1.2472339546915294,G2M,High_DENV,0.11305811256170273
GSM2993049,huh7,Barcode_723-508EX2,10017006,dengue,837,12,10,TAGCGCTC-AAGCCTTGCA,0,,1001700606_L11,12,837,0,837,DENV,12h,e:\Zika_antigravity\00_raw_data\GSE110496\GSM2993049_1001700606_L11_counts.tsv,7109,613356.0,20433.0,3.3313441,1.3477196260887598,-0.15296243569079288,S,High_DENV,0.17934775352478027
GSM2993050,huh7,Barcode_723-520EX2,10017006,dengue,2271,12,10,TAGCGCTC-GGCTATTGCA,0,,1001700606_L16,12,2271,0,2271,DENV,12h,e:\Zika_antigravity\00_raw_data\GSE110496\GSM2993050_1001700606_L16_counts.tsv,6429,627182.0,35105.0,5.5972586,-0.5491401868029719,-0.3695801288130562,G1,High_DENV,0.17358216643333435
GSM2993051,huh7,Barcode_723-510EX2,10017006,dengue,86,12,10,TAGCGCTC-TCTAATTGCA,0,,1001700606_L18,12,86,0,86,DENV,12h,e:\Zika_antigravity\00_raw_data\GSE110496\GSM2993051_1001700606_L18_counts.tsv,7245,553856.0,20107.0,3.630366,0.9354423880310995,0.42674801072506496,S,High_DENV,0.158761665225029
GSM2993052,huh7,Barcode_723-521EX2,10017006,dengue,294,12,10,TAGCGCTC-GCCTTATGCA,0,,1001700606_L21,12,294,0,294,DENV,12h,e:\Zika_antigravity\00_raw_data\GSE110496\GSM2993052_1001700606_L21_counts.tsv,5519,564497.0,31609.0,5.5994983,0.8006065247757803,-0.02093667033130724,S,High_DENV,0.1511749029159546
GSM2993053,huh7,Barcode_723-511EX2,10017006,dengue,1039,12,10,TAGCGCTC-TCTCCGTGCA,0,,1001700606_M2,12,1039,0,1039,DENV,12h,e:\Zika_antigravity\00_raw_data\GSE110496\GSM2993053_1001700606_M2_counts.tsv,6574,524989.0,28689.0,5.464686,-0.014308766364341668,-0.4018553429745545,G1,High_DENV,0.23757779598236084
GSM2993054,huh7,Barcode_723-522EX2,10017006,dengue,745,12,10,TAGCGCTC-ATGCGATGCA,0,,1001700606_M4,12,745,0,745,DENV,12h,e:\Zika_antigravity\00_raw_data\GSE110496\GSM2993054_1001700606_M4_counts.tsv,7510,529858.0,19745.0,3.72647,0.037647344542866834,-0.24716287875251738,S,High_DENV,0.1754239946603775
GSM2993055,huh7,Barcode_724-502EX2,10017006,dengue,2094,12,10,ACTGAGCG-CTCTATTGCA,0.342,,1001700606_M5,12,2094,0,2094,DENV,12h,e:\Zika_antigravity\00_raw_data\GSE110496\GSM2993055_1001700606_M5_counts.tsv,6649,396510.0,18153.0,4.5781946,0.9936520972156099,0.0075620410112202385,S,High_DENV,0.21127799153327942
GSM2993056,huh7,Barcode_724-513EX2,10017006,dengue,2678,12,10,ACTGAGCG-GACTAGTGCA,0.048,,1001700606_M9,12,2678,0,2678,DENV,12h,e:\Zika_antigravity\00_raw_data\GSE110496\GSM2993056_1001700606_M9_counts.tsv,7077,400110.0,18053.0,4.512009,0.755492473035563,0.08694008038846768,S,High_DENV,0.18013039231300354
GSM2993057,huh7,Barcode_724-503EX2,10017006,dengue,472,12,10,ACTGAGCG-TCCTCTTGCA,0,,1001700606_M12,12,472,0,472,DENV,12h,e:\Zika_antigravity\00_raw_data\GSE110496\GSM2993057_1001700606_M12_counts.tsv,6576,376362.0,16009.0,4.253618,-0.3660687472715619,0.05770372593590725,G2M,High_DENV,0.17127569019794464
GSM2993058,huh7,Barcode_724-515EX2,10017006,dengue,1081,12,10,ACTGAGCG-CTAGCTTGCA,0,,1001700606_M17,12,1081,0,1081,DENV,12h,e:\Zika_antigravity\00_raw_data\GSE110496\GSM2993058_1001700606_M17_counts.tsv,6873,440889.0,16870.0,3.82636,-0.24783919700199653,-0.27191222461304104,G1,High_DENV,0.19822047650814056
GSM2993059,huh7,Barcode_724-505EX2,10017006,dengue,772,12,10,ACTGAGCG-AAGGAGTGCA,0,,1001700606_M20,12,772,0,772,DENV,12h,e:\Zika_antigravity\00_raw_data\GSE110496\GSM2993059_1001700606_M20_counts.tsv,7271,325459.0,15547.0,4.7769456,-0.703590962898341,-0.498212108459113,G1,High_DENV,0.2566990852355957
GSM2993060,huh7,Barcode_724-516EX2,10017006,dengue,393,12,10,ACTGAGCG-TAGAGTTGCA,0,,1001700606_N1,12,393,0,393,DENV,12h,e:\Zika_antigravity\00_raw_data\GSE110496\GSM2993060_1001700606_N1_counts.tsv,6466,434605.0,26273.0,6.0452595,-0.33926397050243046,-0.44610088847938917,G1,High_DENV,0.21555526554584503
GSM2993061,huh7,Barcode_724-506EX2,10017006,dengue,2360,12,10,ACTGAGCG-TGCATATGCA,0,,1001700606_N7,12,2360,0,2360,DENV,12h,e:\Zika_antigravity\00_raw_data\GSE110496\GSM2993061_1001700606_N7_counts.tsv,6668,354677.0,20968.0,5.911858,-0.3011410119987669,3.10810351925992,G2M,High_DENV,0.06378186494112015
GSM2993062,huh7,Barcode_724-517EX2,10017006,dengue,492,12,10,ACTGAGCG-GTAAGATGCA,0,,1001700606_N10,12,492,0,492,DENV,12h,e:\Zika_antigravity\00_raw_data\GSE110496\GSM2993062_1001700606_N10_counts.tsv,7324,398345.0,18774.0,4.713,0.022144031023517974,-0.34407411760473905,S,High_DENV,0.18558600544929504
GSM2993063,huh7,Barcode_724-507EX2,10017006,dengue,1246,12,10,ACTGAGCG-GGAGTATGCA,0.153,,1001700606_N11,12,1246,0,1246,DENV,12h,e:\Zika_antigravity\00_raw_data\GSE110496\GSM2993063_1001700606_N11_counts.tsv,6980,422723.0,17377.0,4.1107297,0.9799654703077284,0.5873582114991704,S,High_DENV,0.16905124485492706
GSM2993064,huh7,Barcode_724-518EX2,10017006,dengue,2047,12,10,ACTGAGCG-ATTAAGTGCA,0,,1001700606_N13,12,2047,0,2047,DENV,12h,e:\Zika_antigravity\00_raw_data\GSE110496\GSM2993064_1001700606_N13_counts.tsv,7235,586515.0,34651.0,5.907948,0.7398507212904015,0.1266797306341465,S,High_DENV,0.12758906185626984
GSM2993065,huh7,Barcode_724-508EX2,10017006,dengue,1080,12,10,ACTGAGCG-AAGCCTTGCA,0,,1001700606_N16,12,1080,0,1080,DENV,12h,e:\Zika_antigravity\00_raw_data\GSE110496\GSM2993065_1001700606_N16_counts.tsv,7164,525053.0,22526.0,4.2902336,-0.1489001683791035,0.8674071764498105,G2M,High_DENV,0.17414841055870056
GSM2993066,huh7,Barcode_724-520EX2,10017006,dengue,1483,12,10,ACTGAGCG-GGCTATTGCA,0,,1001700606_N19,12,1483,0,1483,DENV,12h,e:\Zika_antigravity\00_raw_data\GSE110496\GSM2993066_1001700606_N19_counts.tsv,7029,547928.0,28573.0,5.2147365,-0.2589573687829432,0.6819840661380492,G2M,High_DENV,0.1459691971540451
GSM2993067,huh7,Barcode_724-510EX2,10017006,dengue,2187,12,10,ACTGAGCG-TCTAATTGCA,0.105,,1001700606_N21,12,2187,0,2187,DENV,12h,e:\Zika_antigravity\00_raw_data\GSE110496\GSM2993067_1001700606_N21_counts.tsv,7817,516176.0,22895.0,4.4355025,1.436694229541657,0.28102129800343634,S,High_DENV,0.19586214423179626
GSM2993068,huh7,Barcode_724-521EX2,10017006,dengue,895,12,10,ACTGAGCG-GCCTTATGCA,0,,1001700606_O3,12,895,0,895,DENV,12h,e:\Zika_antigravity\00_raw_data\GSE110496\GSM2993068_1001700606_O3_counts.tsv,6441,498875.0,22376.0,4.485292,-0.5158974155606258,-0.5939918965713609,G1,High_DENV,0.1947728544473648
GSM2993069,huh7,Barcode_724-511EX2,10017006,dengue,4469,12,10,ACTGAGCG-TCTCCGTGCA,0,,1001700606_O5,12,4469,0,4469,DENV,12h,e:\Zika_antigravity\00_raw_data\GSE110496\GSM2993069_1001700606_O5_counts.tsv,6835,540931.0,21527.0,3.9796205,-0.949397083496054,-0.5536136469782915,G1,High_DENV,0.26718848943710327
GSM2993070,huh7,Barcode_724-522EX2,10017006,dengue,242,12,10,ACTGAGCG-ATGCGATGCA,0,,1001700606_O8,12,242,0,242,DENV,12h,e:\Zika_antigravity\00_raw_data\GSE110496\GSM2993070_1001700606_O8_counts.tsv,6711,549510.0,31587.0,5.748212,-0.10170787022936911,-0.2876271127710831,G1,High_DENV,0.18016856908798218
GSM2993071,huh7,Barcode_726-502EX2,10017006,dengue,601,12,10,CCTAAGAC-CTCTATTGCA,0,,1001700606_O11,12,601,0,601,DENV,12h,e:\Zika_antigravity\00_raw_data\GSE110496\GSM2993071_1001700606_O11_counts.tsv,6867,351781.0,13918.0,3.956439,0.13259797268879733,0.8940918875690932,G2M,High_DENV,0.173770472407341
GSM2993072,huh7,Barcode_726-513EX2,10017006,dengue,1455,12,10,CCTAAGAC-GACTAGTGCA,0,,1001700606_O12,12,1455,0,1455,DENV,12h,e:\Zika_antigravity\00_raw_data\GSE110496\GSM2993072_1001700606_O12_counts.tsv,5707,329424.0,15443.0,4.6878796,-0.5183390404009038,-0.5277557576562121,G1,High_DENV,0.2383616417646408
GSM2993073,huh7,Barcode_726-503EX2,10017006,dengue,371,12,10,CCTAAGAC-TCCTCTTGCA,0,,1001700606_O17,12,371,0,371,DENV,12h,e:\Zika_antigravity\00_raw_data\GSE110496\GSM2993073_1001700606_O17_counts.tsv,5906,353515.0,15601.0,4.4131083,-0.013924406380170866,-0.03228000103668123,G1,High_DENV,0.17500394582748413
GSM2993074,huh7,Barcode_726-515EX2,10017006,dengue,1339,12,10,CCTAAGAC-CTAGCTTGCA,0,,1001700606_O20,12,1339,0,1339,DENV,12h,e:\Zika_antigravity\00_raw_data\GSE110496\GSM2993074_1001700606_O20_counts.tsv,6370,429372.0,23070.0,5.3729634,0.20517015265788707,-0.403978067770751,S,High_DENV,0.153330996632576
GSM2993075,huh7,Barcode_726-505EX2,10017006,dengue,1101,12,10,CCTAAGAC-AAGGAGTGCA,0,,1001700606_P4,12,1101,0,1101,DENV,12h,e:\Zika_antigravity\00_raw_data\GSE110496\GSM2993075_1001700606_P4_counts.tsv,6808,346153.0,22434.0,6.4809494,-0.1781534922575312,-0.243069817710935,G1,High_DENV,0.18666712939739227
GSM2993076,huh7,Barcode_726-516EX2,10017006,dengue,1463,12,10,CCTAAGAC-TAGAGTTGCA,0,,1001700606_P5,12,1463,0,1463,DENV,12h,e:\Zika_antigravity\00_raw_data\GSE110496\GSM2993076_1001700606_P5_counts.tsv,4503,342387.0,20388.0,5.954665,-0.00892479792070977,-0.1926108583396371,G1,High_DENV,0.47782546281814575
GSM2993077,huh7,Barcode_726-506EX2,10017006,dengue,79,12,10,CCTAAGAC-TGCATATGCA,0,,1001700606_P9,12,79,0,79,DENV,12h,e:\Zika_antigravity\00_raw_data\GSE110496\GSM2993077_1001700606_P9_counts.tsv,5811,321273.0,13339.0,4.151921,0.42054933511064435,-0.21380342511786135,S,High_DENV,0.18680988252162933
GSM2993078,huh7,Barcode_726-517EX2,10017006,dengue,925,12,10,CCTAAGAC-GTAAGATGCA,0,,1001700606_P10,12,925,0,925,DENV,12h,e:\Zika_antigravity\00_raw_data\GSE110496\GSM2993078_1001700606_P10_counts.tsv,6135,422375.0,24079.0,5.700858,-0.3349243512199748,0.021745255541477673,G2M,High_DENV,0.1287471354007721
GSM2993079,huh7,Barcode_726-507EX2,10017006,dengue,494,12,10,CCTAAGAC-GGAGTATGCA,0,,1001700606_P12,12,494,0,494,DENV,12h,e:\Zika_antigravity\00_raw_data\GSE110496\GSM2993079_1001700606_P12_counts.tsv,6047,398207.0,20348.0,5.1099052,-0.4473649528221272,-0.448567772775071,G1,High_DENV,0.18069769442081451
GSM2993080,huh7,Barcode_726-518EX2,10017006,dengue,615,12,10,CCTAAGAC-ATTAAGTGCA,0,,1001700606_P18,12,615,0,615,DENV,12h,e:\Zika_antigravity\00_raw_data\GSE110496\GSM2993080_1001700606_P18_counts.tsv,5433,569044.0,36554.0,6.4237566,-0.09738842780657467,-0.4612742358451316,G1,High_DENV,0.1665424406528473
GSM2993081,huh7,Barcode_726-508EX2,10017006,dengue,2142,12,10,CCTAAGAC-AAGCCTTGCA,0,,1001700606_P19,12,2142,0,2142,DENV,12h,e:\Zika_antigravity\00_raw_data\GSE110496\GSM2993081_1001700606_P19_counts.tsv,5393,460731.0,38829.0,8.427694,0.08357359922180574,0.17941404490837545,G2M,High_DENV,0.16516925394535065
GSM2993082,huh7,Barcode_701-502EX3,10017006,dengue,0,24,0,TAAGGCGA-CTCTATCTAG,,,1001700607_A5,24,0,0,0,Control,24h,e:\Zika_antigravity\00_raw_data\GSE110496\GSM2993082_1001700607_A5_counts.tsv,4586,147687.0,7469.0,5.057317,-0.012226811627901735,-0.3342319911861307,G1,Bystander_DENV,0.1695260852575302
GSM2993083,huh7,Barcode_701-513EX3,10017006,dengue,0,24,0,TAAGGCGA-GACTAGCTAG,,,1001700607_A11,24,0,0,0,Control,24h,e:\Zika_antigravity\00_raw_data\GSE110496\GSM2993083_1001700607_A11_counts.tsv,3821,52253.0,1759.0,3.366314,-0.4390371557768612,1.1721884418352286,G2M,Bystander_DENV,0.11256122589111328
GSM2993084,huh7,Barcode_701-503EX3,10017006,dengue,0,24,0,TAAGGCGA-TCCTCTCTAG,,,1001700607_A14,24,0,0,0,Control,24h,e:\Zika_antigravity\00_raw_data\GSE110496\GSM2993084_1001700607_A14_counts.tsv,4236,84701.0,3777.0,4.459215,-0.3553329922258854,-0.49331689446877974,G1,Bystander_DENV,0.2142331451177597
GSM2993085,huh7,Barcode_701-515EX3,10017006,dengue,0,24,0,TAAGGCGA-CTAGCTCTAG,,,1001700607_A20,24,0,0,0,Control,24h,e:\Zika_antigravity\00_raw_data\GSE110496\GSM2993085_1001700607_A20_counts.tsv,3447,44778.0,1834.0,4.0957613,-0.07929670447040171,0.3972685905464548,G2M,Bystander_DENV,0.14136916399002075
GSM2993086,huh7,Barcode_701-505EX3,10017006,dengue,0,24,0,TAAGGCGA-AAGGAGCTAG,,,1001700607_B3,24,0,0,0,Control,24h,e:\Zika_antigravity\00_raw_data\GSE110496\GSM2993086_1001700607_B3_counts.tsv,5530,201919.0,4273.0,2.1161952,-0.8697493046743884,-0.4860207811837095,G1,Bystander_DENV,0.18281477689743042
GSM2993087,huh7,Barcode_701-516EX3,10017006,dengue,0,24,0,TAAGGCGA-TAGAGTCTAG,,,1001700607_B6,24,0,0,0,Control,24h,e:\Zika_antigravity\00_raw_data\GSE110496\GSM2993087_1001700607_B6_counts.tsv,3210,33111.0,822.0,2.4825585,-0.37620466580348355,1.328980549364492,G2M,Bystander_DENV,0.09204532206058502
GSM2993088,huh7,Barcode_701-506EX3,10017006,dengue,0,24,0,TAAGGCGA-TGCATACTAG,,,1001700607_B9,24,0,0,0,Control,24h,e:\Zika_antigravity\00_raw_data\GSE110496\GSM2993088_1001700607_B9_counts.tsv,5819,275248.0,5365.0,1.9491513,-0.22113373368601535,-0.14889742062093375,G1,Bystander_DENV,0.17119142413139343
GSM2993089,huh7,Barcode_701-517EX3,10017006,dengue,0,24,0,TAAGGCGA-GTAAGACTAG,,,1001700607_B12,24,0,0,0,Control,24h,e:\Zika_antigravity\00_raw_data\GSE110496\GSM2993089_1001700607_B12_counts.tsv,5034,94786.0,2418.0,2.5510097,0.6225930647126265,0.5970345844611782,S,Bystander_DENV,0.10534608364105225
GSM2993090,huh7,Barcode_701-507EX3,10017006,dengue,0,24,0,TAAGGCGA-GGAGTACTAG,,,1001700607_B18,24,0,0,0,Control,24h,e:\Zika_antigravity\00_raw_data\GSE110496\GSM2993090_1001700607_B18_counts.tsv,3134,28858.0,836.0,2.8969436,0.5494541727405573,-0.14337484253414312,S,Bystander_DENV,0.16487188637256622
GSM2993091,huh7,Barcode_701-518EX3,10017006,dengue,0,24,0,TAAGGCGA-ATTAAGCTAG,,,1001700607_C8,24,0,0,0,Control,24h,e:\Zika_antigravity\00_raw_data\GSE110496\GSM2993091_1001700607_C8_counts.tsv,5667,256352.0,8740.0,3.4093745,-0.3904662430463802,-0.6067601505730049,G1,Bystander_DENV,0.19438187777996063
GSM2993092,huh7,Barcode_701-508EX3,10017006,dengue,0,24,0,TAAGGCGA-AAGCCTCTAG,,,1001700607_C13,24,0,0,0,Control,24h,e:\Zika_antigravity\00_raw_data\GSE110496\GSM2993092_1001700607_C13_counts.tsv,5799,159093.0,3122.0,1.9623742,-0.2332443609101964,0.4376648006472112,G2M,Bystander_DENV,0.20539794862270355
GSM2993093,huh7,Barcode_701-520EX3,10017006,dengue,0,24,0,TAAGGCGA-GGCTATCTAG,,,1001700607_C14,24,0,0,0,Control,24h,e:\Zika_antigravity\00_raw_data\GSE110496\GSM2993093_1001700607_C14_counts.tsv,5619,166393.0,4398.0,2.64314,0.22637629809656312,0.6473131001279913,G2M,Bystander_DENV,0.11889410763978958
GSM2993094,huh7,Barcode_701-510EX3,10017006,dengue,0,24,0,TAAGGCGA-TCTAATCTAG,,,1001700607_C20,24,0,0,0,Control,24h,e:\Zika_antigravity\00_raw_data\GSE110496\GSM2993094_1001700607_C20_counts.tsv,4546,82167.0,3052.0,3.7143865,-0.5156690788011821,-0.062093874826875194,G1,Bystander_DENV,0.19157738983631134
GSM2993095,huh7,Barcode_701-521EX3,10017006,dengue,0,24,0,TAAGGCGA-GCCTTACTAG,,,1001700607_D1,24,0,0,0,Control,24h,e:\Zika_antigravity\00_raw_data\GSE110496\GSM2993095_1001700607_D1_counts.tsv,6623,1.049366e+06,42651.0,4.064454,-0.5462463285241809,-0.4974199298314278,G1,Bystander_DENV,0.20343616604804993
GSM2993096,huh7,Barcode_701-511EX3,10017006,dengue,0,24,0,TAAGGCGA-TCTCCGCTAG,,,1001700607_D4,24,0,0,0,Control,24h,e:\Zika_antigravity\00_raw_data\GSE110496\GSM2993096_1001700607_D4_counts.tsv,6576,451549.0,13449.0,2.9784143,-0.060042918127562316,-0.056824643659201195,G1,Bystander_DENV,0.15713481605052948
GSM2993097,huh7,Barcode_701-522EX3,10017006,dengue,0,24,0,TAAGGCGA-ATGCGACTAG,,,1001700607_D8,24,0,0,0,Control,24h,e:\Zika_antigravity\00_raw_data\GSE110496\GSM2993097_1001700607_D8_counts.tsv,5526,140294.0,3484.0,2.4833565,0.4773455566504882,-0.15607036368500693,S,Bystander_DENV,0.14218080043792725
GSM2993099,huh7,Barcode_702-513EX3,10017006,dengue,0,24,0,CGTACTAG-GACTAGCTAG,,,1001700607_E10,24,0,0,0,Control,24h,e:\Zika_antigravity\00_raw_data\GSE110496\GSM2993099_1001700607_E10_counts.tsv,3655,41806.0,1093.0,2.6144574,-0.6177960827946662,2.02003074142706,G2M,Bystander_DENV,0.09682592004537582
GSM2993100,huh7,Barcode_702-503EX3,10017006,dengue,0,24,0,CGTACTAG-TCCTCTCTAG,,,1001700607_E16,24,0,0,0,Control,24h,e:\Zika_antigravity\00_raw_data\GSE110496\GSM2993100_1001700607_E16_counts.tsv,4796,101990.0,4057.0,3.9778411,-0.3162132072428774,0.11730329596170361,G2M,Bystander_DENV,0.15541981160640717
GSM2993101,huh7,Barcode_702-515EX3,10017006,dengue,0,24,0,CGTACTAG-CTAGCTCTAG,,,1001700607_E20,24,0,0,0,Control,24h,e:\Zika_antigravity\00_raw_data\GSE110496\GSM2993101_1001700607_E20_counts.tsv,2431,16181.0,522.0,3.2260056,-0.5275806308502242,-0.403202414287724,G1,Bystander_DENV,0.1481419950723648
GSM2993102,huh7,Barcode_702-505EX3,10017006,dengue,0,24,0,CGTACTAG-AAGGAGCTAG,,,1001700607_F2,24,0,0,0,Control,24h,e:\Zika_antigravity\00_raw_data\GSE110496\GSM2993102_1001700607_F2_counts.tsv,3615,37678.0,1385.0,3.6758852,1.0265246148775553,0.10016324180339606,S,Bystander_DENV,0.1553904265165329
GSM2993103,huh7,Barcode_702-516EX3,10017006,dengue,0,24,0,CGTACTAG-TAGAGTCTAG,,,1001700607_F6,24,0,0,0,Control,24h,e:\Zika_antigravity\00_raw_data\GSE110496\GSM2993103_1001700607_F6_counts.tsv,4388,65477.0,2147.0,3.2790139,0.6676653359218367,-0.043601291597521984,S,Bystander_DENV,0.18607109785079956
GSM2993104,huh7,Barcode_702-506EX3,10017006,dengue,0,24,0,CGTACTAG-TGCATACTAG,,,1001700607_F9,24,0,0,0,Control,24h,e:\Zika_antigravity\00_raw_data\GSE110496\GSM2993104_1001700607_F9_counts.tsv,4222,66468.0,2085.0,3.136848,-0.595921426905053,-0.6685268250455292,G1,Bystander_DENV,0.19260486960411072
GSM2993105,huh7,Barcode_702-517EX3,10017006,dengue,0,24,0,CGTACTAG-GTAAGACTAG,,,1001700607_F22,24,0,0,0,Control,24h,e:\Zika_antigravity\00_raw_data\GSE110496\GSM2993105_1001700607_F22_counts.tsv,4287,66751.0,1992.0,2.984225,0.508085479977585,0.8220058466192794,G2M,Bystander_DENV,0.09894789755344391
GSM2993106,huh7,Barcode_702-507EX3,10017006,dengue,0,24,0,CGTACTAG-GGAGTACTAG,,,1001700607_G1,24,0,0,0,Control,24h,e:\Zika_antigravity\00_raw_data\GSE110496\GSM2993106_1001700607_G1_counts.tsv,3963,50337.0,1975.0,3.9235551,-0.3635383422353438,-0.1487008920882709,G1,Bystander_DENV,0.16839002072811127
GSM2993107,huh7,Barcode_702-518EX3,10017006,dengue,0,24,0,CGTACTAG-ATTAAGCTAG,,,1001700607_G3,24,0,0,0,Control,24h,e:\Zika_antigravity\00_raw_data\GSE110496\GSM2993107_1001700607_G3_counts.tsv,5304,107941.0,3445.0,3.1915584,0.6570558965514508,-0.2770483260783414,S,Bystander_DENV,0.20045778155326843
GSM2993108,huh7,Barcode_702-508EX3,10017006,dengue,0,24,0,CGTACTAG-AAGCCTCTAG,,,1001700607_G6,24,0,0,0,Control,24h,e:\Zika_antigravity\00_raw_data\GSE110496\GSM2993108_1001700607_G6_counts.tsv,5284,83618.0,2932.0,3.506422,1.209794938346992,0.03391827911789576,S,Bystander_DENV,0.16538213193416595
GSM2993109,huh7,Barcode_702-520EX3,10017006,dengue,0,24,0,CGTACTAG-GGCTATCTAG,,,1001700607_G15,24,0,0,0,Control,24h,e:\Zika_antigravity\00_raw_data\GSE110496\GSM2993109_1001700607_G15_counts.tsv,6258,287171.0,12556.0,4.372308,1.022846000073921,0.015789548332859754,S,Bystander_DENV,0.12403295934200287
GSM2993110,huh7,Barcode_702-510EX3,10017006,dengue,0,24,0,CGTACTAG-TCTAATCTAG,,,1001700607_G21,24,0,0,0,Control,24h,e:\Zika_antigravity\00_raw_data\GSE110496\GSM2993110_1001700607_G21_counts.tsv,5882,210952.0,10941.0,5.186488,1.1610655231002185,0.04352516983328898,S,Bystander_DENV,0.18428851664066315
GSM2993111,huh7,Barcode_702-521EX3,10017006,dengue,0,24,0,CGTACTAG-GCCTTACTAG,,,1001700607_H5,24,0,0,0,Control,24h,e:\Zika_antigravity\00_raw_data\GSE110496\GSM2993111_1001700607_H5_counts.tsv,5914,325565.0,10464.0,3.214105,-0.2973993258062928,0.7861539820596459,G2M,Bystander_DENV,0.10954542458057404
GSM2993112,huh7,Barcode_702-511EX3,10017006,dengue,0,24,0,CGTACTAG-TCTCCGCTAG,,,1001700607_H7,24,0,0,0,Control,24h,e:\Zika_antigravity\00_raw_data\GSE110496\GSM2993112_1001700607_H7_counts.tsv,6033,262156.0,8659.0,3.3029952,0.8864437418324607,0.5011771956224359,S,Bystander_DENV,0.11235765367746353
GSM2993113,huh7,Barcode_702-522EX3,10017006,dengue,0,24,0,CGTACTAG-ATGCGACTAG,,,1001700607_H12,24,0,0,0,Control,24h,e:\Zika_antigravity\00_raw_data\GSE110496\GSM2993113_1001700607_H12_counts.tsv,5683,193785.0,6149.0,3.1731043,0.1568766135367609,0.6434038125509136,G2M,Bystander_DENV,0.1878143846988678
GSM2993114,huh7,Barcode_703-502EX3,10017006,dengue,0,24,0,AGGCAGAA-CTCTATCTAG,,,1001700607_H17,24,0,0,0,Control,24h,e:\Zika_antigravity\00_raw_data\GSE110496\GSM2993114_1001700607_H17_counts.tsv,4569,160263.0,3908.0,2.4384918,0.3342567125224464,0.3376719257668736,G2M,Bystander_DENV,0.10373936593532562
GSM2993115,huh7,Barcode_703-513EX3,10017006,dengue,0,24,0,AGGCAGAA-GACTAGCTAG,,,1001700607_H20,24,0,0,0,Control,24h,e:\Zika_antigravity\00_raw_data\GSE110496\GSM2993115_1001700607_H20_counts.tsv,6859,408959.0,15027.0,3.6744516,-0.09044383198821118,2.7647748321157497,G2M,Bystander_DENV,0.09693973511457443
GSM2993116,huh7,Barcode_703-503EX3,10017006,dengue,0,24,0,AGGCAGAA-TCCTCTCTAG,,,1001700607_I3,24,0,0,0,Control,24h,e:\Zika_antigravity\00_raw_data\GSE110496\GSM2993116_1001700607_I3_counts.tsv,3912,100799.0,3056.0,3.0317762,-0.42863556662618757,-0.4849129566912651,G1,Bystander_DENV,0.179811492562294
GSM2993117,huh7,Barcode_703-515EX3,10017006,dengue,0,24,0,AGGCAGAA-CTAGCTCTAG,,,1001700607_I9,24,0,0,0,Control,24h,e:\Zika_antigravity\00_raw_data\GSE110496\GSM2993117_1001700607_I9_counts.tsv,4861,82650.0,3034.0,3.6709015,-0.25264593982941563,-0.34114918673023625,G1,Bystander_DENV,0.1922120749950409
GSM2993118,huh7,Barcode_703-505EX3,10017006,dengue,0,24,0,AGGCAGAA-AAGGAGCTAG,,,1001700607_I11,24,0,0,0,Control,24h,e:\Zika_antigravity\00_raw_data\GSE110496\GSM2993118_1001700607_I11_counts.tsv,3394,33337.0,890.0,2.6697063,-0.13582032449720868,2.0392371197836203,G2M,Bystander_DENV,0.10248494893312454
GSM2993119,huh7,Barcode_703-516EX3,10017006,dengue,0,24,0,AGGCAGAA-TAGAGTCTAG,,,1001700607_I14,24,0,0,0,Control,24h,e:\Zika_antigravity\00_raw_data\GSE110496\GSM2993119_1001700607_I14_counts.tsv,5935,469460.0,15715.0,3.3474631,-0.11839498109405949,0.16993117102589078,G2M,Bystander_DENV,0.1546274572610855
GSM2993120,huh7,Barcode_703-506EX3,10017006,dengue,0,24,0,AGGCAGAA-TGCATACTAG,,,1001700607_I16,24,0,0,0,Control,24h,e:\Zika_antigravity\00_raw_data\GSE110496\GSM2993120_1001700607_I16_counts.tsv,5236,124280.0,3586.0,2.88542,0.15283237828740054,-0.3379909361692941,S,Bystander_DENV,0.17096321284770966
GSM2993121,huh7,Barcode_703-517EX3,10017006,dengue,0,24,0,AGGCAGAA-GTAAGACTAG,,,1001700607_I19,24,0,0,0,Control,24h,e:\Zika_antigravity\00_raw_data\GSE110496\GSM2993121_1001700607_I19_counts.tsv,7107,413322.0,13985.0,3.3835604,0.5681415790370443,0.10895897530392042,S,Bystander_DENV,0.16720259189605713
GSM2993122,huh7,Barcode_703-507EX3,10017006,dengue,0,24,0,AGGCAGAA-GGAGTACTAG,,,1001700607_I21,24,0,0,0,Control,24h,e:\Zika_antigravity\00_raw_data\GSE110496\GSM2993122_1001700607_I21_counts.tsv,5653,178907.0,6042.0,3.3771734,0.8977813289057286,0.5156551539984828,S,Bystander_DENV,0.11058738082647324
GSM2993123,huh7,Barcode_703-518EX3,10017006,dengue,0,24,0,AGGCAGAA-ATTAAGCTAG,,,1001700607_J1,24,0,0,0,Control,24h,e:\Zika_antigravity\00_raw_data\GSE110496\GSM2993123_1001700607_J1_counts.tsv,5530,426205.0,23251.0,5.455356,-0.2309411039997247,-0.38073428055494707,G1,Bystander_DENV,0.14534226059913635
GSM2993124,huh7,Barcode_703-508EX3,10017006,dengue,0,24,0,AGGCAGAA-AAGCCTCTAG,,,1001700607_J7,24,0,0,0,Control,24h,e:\Zika_antigravity\00_raw_data\GSE110496\GSM2993124_1001700607_J7_counts.tsv,3874,54131.0,1685.0,3.112819,-0.07339597887171079,0.4900708718426152,G2M,Bystander_DENV,0.1298321932554245
GSM2993125,huh7,Barcode_703-520EX3,10017006,dengue,0,24,0,AGGCAGAA-GGCTATCTAG,,,1001700607_J11,24,0,0,0,Control,24h,e:\Zika_antigravity\00_raw_data\GSE110496\GSM2993125_1001700607_J11_counts.tsv,3757,56271.0,1611.0,2.8629313,0.409598322283654,-0.23778053291240173,S,Bystander_DENV,0.1660628616809845
GSM2993126,huh7,Barcode_703-510EX3,10017006,dengue,0,24,0,AGGCAGAA-TCTAATCTAG,,,1001700607_J13,24,0,0,0,Control,24h,e:\Zika_antigravity\00_raw_data\GSE110496\GSM2993126_1001700607_J13_counts.tsv,4617,78884.0,3365.0,4.265757,0.37978322811956916,0.9393889571720158,G2M,Bystander_DENV,0.09034756571054459
GSM2993127,huh7,Barcode_703-521EX3,10017006,dengue,0,24,0,AGGCAGAA-GCCTTACTAG,,,1001700607_J17,24,0,0,0,Control,24h,e:\Zika_antigravity\00_raw_data\GSE110496\GSM2993127_1001700607_J17_counts.tsv,6481,372746.0,12267.0,3.290981,-0.3959445679216601,0.09215383462030172,G2M,Bystander_DENV,0.16698403656482697
GSM2993128,huh7,Barcode_703-511EX3,10017006,dengue,0,24,0,AGGCAGAA-TCTCCGCTAG,,,1001700607_J22,24,0,0,0,Control,24h,e:\Zika_antigravity\00_raw_data\GSE110496\GSM2993128_1001700607_J22_counts.tsv,3667,36551.0,1605.0,4.3911247,-0.4314713916918706,-0.5051881556521969,G1,Bystander_DENV,0.17989161610603333
GSM2993129,huh7,Barcode_703-522EX3,10017006,dengue,0,24,0,AGGCAGAA-ATGCGACTAG,,,1001700607_K3,24,0,0,0,Control,24h,e:\Zika_antigravity\00_raw_data\GSE110496\GSM2993129_1001700607_K3_counts.tsv,4199,67272.0,2090.0,3.1067903,-0.6015144278428384,1.853383359199657,G2M,Bystander_DENV,0.1482210010290146
GSM2993130,huh7,Barcode_704-502EX3,10017006,dengue,1,24,0,TCCTGAGC-CTCTATCTAG,,,1001700607_K5,24,1,0,1,Control,24h,e:\Zika_antigravity\00_raw_data\GSE110496\GSM2993130_1001700607_K5_counts.tsv,5036,97778.0,2588.0,2.6468122,0.06705356394384233,2.256901972709378,G2M,Low_DENV,0.0990084782242775
GSM2993131,huh7,Barcode_704-513EX3,10017006,dengue,0,24,0,TCCTGAGC-GACTAGCTAG,,,1001700607_K9,24,0,0,0,Control,24h,e:\Zika_antigravity\00_raw_data\GSE110496\GSM2993131_1001700607_K9_counts.tsv,4805,65100.0,2236.0,3.4347157,0.6774426340968126,0.013650420666856386,S,Bystander_DENV,0.16009186208248138
GSM2993132,huh7,Barcode_704-503EX3,10017006,dengue,0,24,0,TCCTGAGC-TCCTCTCTAG,,,1001700607_K12,24,0,0,0,Control,24h,e:\Zika_antigravity\00_raw_data\GSE110496\GSM2993132_1001700607_K12_counts.tsv,5824,205964.0,4143.0,2.0115166,0.5632393808192796,0.3384614921638937,S,Bystander_DENV,0.1377326101064682
GSM2993133,huh7,Barcode_704-515EX3,10017006,dengue,0,24,0,TCCTGAGC-CTAGCTCTAG,,,1001700607_K15,24,0,0,0,Control,24h,e:\Zika_antigravity\00_raw_data\GSE110496\GSM2993133_1001700607_K15_counts.tsv,4283,56838.0,1944.0,3.420247,0.9726828266201275,0.36936505374359097,S,Bystander_DENV,0.17799325287342072
GSM2993134,huh7,Barcode_704-505EX3,10017006,dengue,2,24,0,TCCTGAGC-AAGGAGCTAG,,,1001700607_K18,24,2,0,2,Control,24h,e:\Zika_antigravity\00_raw_data\GSE110496\GSM2993134_1001700607_K18_counts.tsv,5700,155073.0,5136.0,3.3119888,-0.6041494378376575,-0.30462588165086674,G1,Low_DENV,0.16185417771339417
GSM2993135,huh7,Barcode_704-516EX3,10017006,dengue,0,24,0,TCCTGAGC-TAGAGTCTAG,,,1001700607_K20,24,0,0,0,Control,24h,e:\Zika_antigravity\00_raw_data\GSE110496\GSM2993135_1001700607_K20_counts.tsv,4273,75513.0,2297.0,3.0418603,-0.4814832009519229,0.24003086790557776,G2M,Bystander_DENV,0.12650607526302338
GSM2993136,huh7,Barcode_704-506EX3,10017006,dengue,0,24,0,TCCTGAGC-TGCATACTAG,,,1001700607_L7,24,0,0,0,Control,24h,e:\Zika_antigravity\00_raw_data\GSE110496\GSM2993136_1001700607_L7_counts.tsv,4640,87311.0,2076.0,2.3777072,1.1588956776888588,0.22870479455021353,S,Bystander_DENV,0.123453788459301
GSM2993137,huh7,Barcode_704-517EX3,10017006,dengue,0,24,0,TCCTGAGC-GTAAGACTAG,,,1001700607_L8,24,0,0,0,Control,24h,e:\Zika_antigravity\00_raw_data\GSE110496\GSM2993137_1001700607_L8_counts.tsv,4805,85750.0,2587.0,3.0169096,-0.02830139891191806,-0.31761680045559004,G1,Bystander_DENV,0.164288729429245
GSM2993138,huh7,Barcode_704-507EX3,10017006,dengue,0,24,0,TCCTGAGC-GGAGTACTAG,,,1001700607_L11,24,0,0,0,Control,24h,e:\Zika_antigravity\00_raw_data\GSE110496\GSM2993138_1001700607_L11_counts.tsv,4637,84257.0,2329.0,2.764162,0.16056182889179105,1.1656517358696759,G2M,Bystander_DENV,0.0942988395690918
GSM2993139,huh7,Barcode_704-518EX3,10017006,dengue,3,24,0,TCCTGAGC-ATTAAGCTAG,,,1001700607_L13,24,3,0,3,Control,24h,e:\Zika_antigravity\00_raw_data\GSE110496\GSM2993139_1001700607_L13_counts.tsv,5676,172563.0,6668.0,3.8640962,0.7320685642150542,-0.27747746791622513,S,Low_DENV,0.17732280492782593
GSM2993140,huh7,Barcode_704-508EX3,10017006,dengue,0,24,0,TCCTGAGC-AAGCCTCTAG,,,1001700607_L14,24,0,0,0,Control,24h,e:\Zika_antigravity\00_raw_data\GSE110496\GSM2993140_1001700607_L14_counts.tsv,5120,123128.0,4165.0,3.3826585,0.0785927762804065,0.4027698483081763,G2M,Bystander_DENV,0.13438493013381958
GSM2993141,huh7,Barcode_704-520EX3,10017006,dengue,2,24,0,TCCTGAGC-GGCTATCTAG,,,1001700607_L16,24,2,0,2,Control,24h,e:\Zika_antigravity\00_raw_data\GSE110496\GSM2993141_1001700607_L16_counts.tsv,7391,582814.0,14957.0,2.5663419,1.1499543188694155,0.313589126782288,S,Low_DENV,0.13687105476856232
GSM2993142,huh7,Barcode_704-510EX3,10017006,dengue,0,24,0,TCCTGAGC-TCTAATCTAG,,,1001700607_L19,24,0,0,0,Control,24h,e:\Zika_antigravity\00_raw_data\GSE110496\GSM2993142_1001700607_L19_counts.tsv,6286,243746.0,9714.0,3.9852962,0.1435684492589817,1.2521141878889495,G2M,Bystander_DENV,0.05464062839746475
GSM2993143,huh7,Barcode_704-521EX3,10017006,dengue,0,24,0,TCCTGAGC-GCCTTACTAG,,,1001700607_M3,24,0,0,0,Control,24h,e:\Zika_antigravity\00_raw_data\GSE110496\GSM2993143_1001700607_M3_counts.tsv,4837,173830.0,4461.0,2.5663004,-0.3213695089244062,0.5234489497091305,G2M,Bystander_DENV,0.16635601222515106
GSM2993144,huh7,Barcode_704-511EX3,10017006,dengue,1,24,0,TCCTGAGC-TCTCCGCTAG,,,1001700607_M9,24,1,0,1,Control,24h,e:\Zika_antigravity\00_raw_data\GSE110496\GSM2993144_1001700607_M9_counts.tsv,3138,33640.0,1385.0,4.117122,0.19763385532479288,-0.49950894272978696,S,Low_DENV,0.1535908728837967
GSM2993145,huh7,Barcode_704-522EX3,10017006,dengue,0,24,0,TCCTGAGC-ATGCGACTAG,,,1001700607_M16,24,0,0,0,Control,24h,e:\Zika_antigravity\00_raw_data\GSE110496\GSM2993145_1001700607_M16_counts.tsv,6009,181736.0,7939.0,4.3684244,-0.22766587046152423,2.4437900702481894,G2M,Bystander_DENV,0.05250271409749985
GSM2993146,huh7,Barcode_705-502EX3,10017006,dengue,0,24,0,GGACTCCT-CTCTATCTAG,,,1001700607_M17,24,0,0,0,Control,24h,e:\Zika_antigravity\00_raw_data\GSE110496\GSM2993146_1001700607_M17_counts.tsv,6822,363717.0,11620.0,3.1947916,-0.12919578264921994,-0.3868612678204368,G1,Bystander_DENV,0.18874910473823547
GSM2993147,huh7,Barcode_705-513EX3,10017006,dengue,0,24,0,GGACTCCT-GACTAGCTAG,,,1001700607_M20,24,0,0,0,Control,24h,e:\Zika_antigravity\00_raw_data\GSE110496\GSM2993147_1001700607_M20_counts.tsv,4324,65240.0,1309.0,2.0064378,0.6572169537526168,-0.10565841325875082,S,Bystander_DENV,0.15586164593696594
GSM2993148,huh7,Barcode_705-503EX3,10017006,dengue,0,24,0,GGACTCCT-TCCTCTCTAG,,,1001700607_N3,24,0,0,0,Control,24h,e:\Zika_antigravity\00_raw_data\GSE110496\GSM2993148_1001700607_N3_counts.tsv,3426,45379.0,1201.0,2.6465986,-0.3224718514197905,0.20010199342973342,G2M,Bystander_DENV,0.13912297785282135
GSM2993149,huh7,Barcode_705-515EX3,10017006,dengue,1,24,0,GGACTCCT-CTAGCTCTAG,,,1001700607_N10,24,1,0,1,Control,24h,e:\Zika_antigravity\00_raw_data\GSE110496\GSM2993149_1001700607_N10_counts.tsv,4424,70487.0,3289.0,4.6661086,0.8757428983137722,0.3221723780391605,S,Low_DENV,0.16526034474372864
GSM2993150,huh7,Barcode_705-505EX3,10017006,dengue,0,24,0,GGACTCCT-AAGGAGCTAG,,,1001700607_N12,24,0,0,0,Control,24h,e:\Zika_antigravity\00_raw_data\GSE110496\GSM2993150_1001700607_N12_counts.tsv,5957,254298.0,9037.0,3.5537045,0.3510864891510989,0.4244279433806734,G2M,Bystander_DENV,0.12124909460544586
GSM2993151,huh7,Barcode_705-516EX3,10017006,dengue,0,24,0,GGACTCCT-TAGAGTCTAG,,,1001700607_N14,24,0,0,0,Control,24h,e:\Zika_antigravity\00_raw_data\GSE110496\GSM2993151_1001700607_N14_counts.tsv,5838,253460.0,8200.0,3.2352247,0.4509711449256255,-0.3053072987451414,S,Bystander_DENV,0.14217491447925568
GSM2993152,huh7,Barcode_705-506EX3,10017006,dengue,0,24,0,GGACTCCT-TGCATACTAG,,,1001700607_O7,24,0,0,0,Control,24h,e:\Zika_antigravity\00_raw_data\GSE110496\GSM2993152_1001700607_O7_counts.tsv,5594,163385.0,4671.0,2.8588915,0.6762850988656283,-0.11767269533476898,S,Bystander_DENV,0.15896601974964142
GSM2993153,huh7,Barcode_705-517EX3,10017006,dengue,0,24,0,GGACTCCT-GTAAGACTAG,,,1001700607_O10,24,0,0,0,Control,24h,e:\Zika_antigravity\00_raw_data\GSE110496\GSM2993153_1001700607_O10_counts.tsv,5295,172114.0,6509.0,3.781796,-0.18434541803296833,0.41314058965508366,G2M,Bystander_DENV,0.15069091320037842
GSM2993154,huh7,Barcode_705-507EX3,10017006,dengue,0,24,0,GGACTCCT-GGAGTACTAG,,,1001700607_O17,24,0,0,0,Control,24h,e:\Zika_antigravity\00_raw_data\GSE110496\GSM2993154_1001700607_O17_counts.tsv,5754,275874.0,7802.0,2.8281028,0.5550240891896897,-0.2474086463361193,S,Bystander_DENV,0.15893380343914032
GSM2993155,huh7,Barcode_705-518EX3,10017006,dengue,0,24,0,GGACTCCT-ATTAAGCTAG,,,1001700607_O21,24,0,0,0,Control,24h,e:\Zika_antigravity\00_raw_data\GSE110496\GSM2993155_1001700607_O21_counts.tsv,5663,206584.0,5999.0,2.9039035,-0.46805980416635673,-0.4429618859925621,G1,Bystander_DENV,0.16566872596740723
GSM2993156,huh7,Barcode_705-508EX3,10017006,dengue,0,24,0,GGACTCCT-AAGCCTCTAG,,,1001700607_P6,24,0,0,0,Control,24h,e:\Zika_antigravity\00_raw_data\GSE110496\GSM2993156_1001700607_P6_counts.tsv,6549,358527.0,15070.0,4.2033095,0.6569942854078753,0.09983237156548277,S,Bystander_DENV,0.15726621448993683
GSM2993157,huh7,Barcode_705-520EX3,10017006,dengue,0,24,0,GGACTCCT-GGCTATCTAG,,,1001700607_P8,24,0,0,0,Control,24h,e:\Zika_antigravity\00_raw_data\GSE110496\GSM2993157_1001700607_P8_counts.tsv,5865,238364.0,7715.0,3.2366467,-0.5695130745603126,-0.4400781619349975,G1,Bystander_DENV,0.18761947751045227
GSM2993158,huh7,Barcode_705-510EX3,10017006,dengue,0,24,0,GGACTCCT-TCTAATCTAG,,,1001700607_P10,24,0,0,0,Control,24h,e:\Zika_antigravity\00_raw_data\GSE110496\GSM2993158_1001700607_P10_counts.tsv,6141,482516.0,23061.0,4.7793236,-0.15910584917070253,0.7566430154801941,G2M,Bystander_DENV,0.1586080640554428
GSM2993159,huh7,Barcode_705-521EX3,10017006,dengue,0,24,0,GGACTCCT-GCCTTACTAG,,,1001700607_P12,24,0,0,0,Control,24h,e:\Zika_antigravity\00_raw_data\GSE110496\GSM2993159_1001700607_P12_counts.tsv,5809,252313.0,7508.0,2.9756691,-0.3031665095530029,0.6308254255203075,G2M,Bystander_DENV,0.17284803092479706
GSM2993160,huh7,Barcode_705-511EX3,10017006,dengue,0,24,0,GGACTCCT-TCTCCGCTAG,,,1001700607_P14,24,0,0,0,Control,24h,e:\Zika_antigravity\00_raw_data\GSE110496\GSM2993160_1001700607_P14_counts.tsv,6506,387672.0,11909.0,3.0719268,0.5298271530108261,0.5577566663123389,G2M,Bystander_DENV,0.08553913980722427
GSM2993161,huh7,Barcode_705-522EX3,10017006,dengue,0,24,0,GGACTCCT-ATGCGACTAG,,,1001700607_P22,24,0,0,0,Control,24h,e:\Zika_antigravity\00_raw_data\GSE110496\GSM2993161_1001700607_P22_counts.tsv,3904,52430.0,2176.0,4.1502957,-0.2525282179404582,0.21624657779148831,G2M,Bystander_DENV,0.130701944231987
GSM2993162,huh7,Barcode_706-502EX3,10017006,dengue,18,24,1,TAGGCATG-CTCTATCTAG,0,,1001700608_B5,24,18,0,18,DENV,24h,e:\Zika_antigravity\00_raw_data\GSE110496\GSM2993162_1001700608_B5_counts.tsv,5291,144207.0,4860.0,3.3701553,-0.3117675110342957,0.048680755770275405,G2M,High_DENV,0.1787182092666626
GSM2993163,huh7,Barcode_706-513EX3,10017006,dengue,573,24,1,TAGGCATG-GACTAGCTAG,0,,1001700608_B8,24,573,0,573,DENV,24h,e:\Zika_antigravity\00_raw_data\GSE110496\GSM2993163_1001700608_B8_counts.tsv,4295,69317.0,2452.0,3.5373716,-0.05173720096326653,0.1592544741566666,G2M,High_DENV,0.1669687181711197
GSM2993164,huh7,Barcode_706-503EX3,10017006,dengue,1256,24,1,TAGGCATG-TCCTCTCTAG,0,,1001700608_B11,24,1256,0,1256,DENV,24h,e:\Zika_antigravity\00_raw_data\GSE110496\GSM2993164_1001700608_B11_counts.tsv,4793,105978.0,2998.0,2.828889,-0.742128592436867,-0.469872792055896,G1,High_DENV,0.22413048148155212
GSM2993165,huh7,Barcode_706-515EX3,10017006,dengue,435,24,1,TAGGCATG-CTAGCTCTAG,0.076,,1001700608_B12,24,435,0,435,DENV,24h,e:\Zika_antigravity\00_raw_data\GSE110496\GSM2993165_1001700608_B12_counts.tsv,3740,47664.0,1645.0,3.451242,-0.5247415126301348,-0.6062853523409333,G1,High_DENV,0.2339063286781311
GSM2993166,huh7,Barcode_706-505EX3,10017006,dengue,924,24,1,TAGGCATG-AAGGAGCTAG,0,,1001700608_B13,24,924,0,924,DENV,24h,e:\Zika_antigravity\00_raw_data\GSE110496\GSM2993166_1001700608_B13_counts.tsv,4749,96015.0,2923.0,3.044316,-0.16223606124930529,-0.4688086150441841,G1,High_DENV,0.23076801002025604
GSM2993167,huh7,Barcode_706-516EX3,10017006,dengue,2737,24,1,TAGGCATG-TAGAGTCTAG,0.001,,1001700608_B17,24,2737,0,2737,DENV,24h,e:\Zika_antigravity\00_raw_data\GSE110496\GSM2993167_1001700608_B17_counts.tsv,5630,156764.0,4113.0,2.6236892,0.6416121837017792,-0.03476166261741512,S,High_DENV,0.18153685331344604
GSM2993168,huh7,Barcode_706-506EX3,10017006,dengue,231,24,1,TAGGCATG-TGCATACTAG,0,,1001700608_C3,24,231,0,231,DENV,24h,e:\Zika_antigravity\00_raw_data\GSE110496\GSM2993168_1001700608_C3_counts.tsv,4874,108567.0,2681.0,2.4694428,0.31428333443722556,0.6351174691989117,G2M,High_DENV,0.14424102008342743
GSM2993169,huh7,Barcode_706-517EX3,10017006,dengue,11,24,1,TAGGCATG-GTAAGACTAG,0,,1001700608_C4,24,11,0,11,DENV,24h,e:\Zika_antigravity\00_raw_data\GSE110496\GSM2993169_1001700608_C4_counts.tsv,6135,165938.0,6079.0,3.6634166,0.6564395117351696,0.49795669279484533,S,High_DENV,0.10356394946575165
GSM2993170,huh7,Barcode_706-507EX3,10017006,dengue,1621,24,1,TAGGCATG-GGAGTACTAG,0,,1001700608_C6,24,1621,0,1621,DENV,24h,e:\Zika_antigravity\00_raw_data\GSE110496\GSM2993170_1001700608_C6_counts.tsv,5357,194587.0,5630.0,2.8933074,-0.5321511285192433,-0.17395618346634217,G1,High_DENV,0.2124924212694168
GSM2993171,huh7,Barcode_706-518EX3,10017006,dengue,187,24,1,TAGGCATG-ATTAAGCTAG,0,,1001700608_C10,24,187,0,187,DENV,24h,e:\Zika_antigravity\00_raw_data\GSE110496\GSM2993171_1001700608_C10_counts.tsv,6857,341476.0,11237.0,3.2907143,0.2890551956236214,0.40313315593702886,G2M,High_DENV,0.15013299882411957
GSM2993172,huh7,Barcode_706-508EX3,10017006,dengue,27,24,1,TAGGCATG-AAGCCTCTAG,0,,1001700608_C15,24,27,0,27,DENV,24h,e:\Zika_antigravity\00_raw_data\GSE110496\GSM2993172_1001700608_C15_counts.tsv,3640,55693.0,1874.0,3.364875,-0.2401150983137389,0.3136260677928204,G2M,High_DENV,0.12992648780345917
GSM2993173,huh7,Barcode_706-520EX3,10017006,dengue,679,24,1,TAGGCATG-GGCTATCTAG,0,,1001700608_C18,24,679,0,679,DENV,24h,e:\Zika_antigravity\00_raw_data\GSE110496\GSM2993173_1001700608_C18_counts.tsv,5565,174235.0,4147.0,2.3801188,0.14535674875868215,-0.38752466586221224,S,High_DENV,0.1753961443901062
GSM2993174,huh7,Barcode_706-510EX3,10017006,dengue,2,24,1,TAGGCATG-TCTAATCTAG,0,,1001700608_C20,24,2,0,2,DENV,24h,e:\Zika_antigravity\00_raw_data\GSE110496\GSM2993174_1001700608_C20_counts.tsv,4837,178513.0,3986.0,2.2328906,0.15989345150689285,-0.5026521575052052,S,Low_DENV,0.16705848276615143
GSM2993175,huh7,Barcode_706-521EX3,10017006,dengue,1167,24,1,TAGGCATG-GCCTTACTAG,0.14,,1001700608_D6,24,1167,0,1167,DENV,24h,e:\Zika_antigravity\00_raw_data\GSE110496\GSM2993175_1001700608_D6_counts.tsv,4658,82635.0,2121.0,2.566709,-0.5131917478073211,-0.678655893765534,G1,High_DENV,0.2316996455192566
GSM2993176,huh7,Barcode_706-511EX3,10017006,dengue,1884,24,1,TAGGCATG-TCTCCGCTAG,0,,1001700608_D7,24,1884,0,1884,DENV,24h,e:\Zika_antigravity\00_raw_data\GSE110496\GSM2993176_1001700608_D7_counts.tsv,7257,469802.0,12075.0,2.5702317,-0.557308891176113,-0.4938529128885343,G1,High_DENV,0.2314320057630539
GSM2993177,huh7,Barcode_706-522EX3,10017006,dengue,1629,24,1,TAGGCATG-ATGCGACTAG,0,,1001700608_D8,24,1629,0,1629,DENV,24h,e:\Zika_antigravity\00_raw_data\GSE110496\GSM2993177_1001700608_D8_counts.tsv,5624,160871.0,7362.0,4.576338,-0.49860605102564604,0.22639171367067612,G2M,High_DENV,0.16906997561454773
GSM2993178,huh7,Barcode_707-502EX3,10017006,dengue,2886,24,1,CTCTCTAC-CTCTATCTAG,0,,1001700608_D12,24,2886,0,2886,DENV,24h,e:\Zika_antigravity\00_raw_data\GSE110496\GSM2993178_1001700608_D12_counts.tsv,6675,272131.0,7745.0,2.8460557,-0.0887096234164866,-0.39125787744577145,G1,High_DENV,0.18020421266555786
GSM2993179,huh7,Barcode_707-513EX3,10017006,dengue,395,24,1,CTCTCTAC-GACTAGCTAG,0,,1001700608_D13,24,395,0,395,DENV,24h,e:\Zika_antigravity\00_raw_data\GSE110496\GSM2993179_1001700608_D13_counts.tsv,3553,39763.0,926.0,2.3287983,-0.45581049041024274,-0.6249358492506394,G1,High_DENV,0.23279306292533875
GSM2993180,huh7,Barcode_707-503EX3,10017006,dengue,391,24,1,CTCTCTAC-TCCTCTCTAG,0,,1001700608_D16,24,391,0,391,DENV,24h,e:\Zika_antigravity\00_raw_data\GSE110496\GSM2993180_1001700608_D16_counts.tsv,3550,41583.0,982.0,2.361542,-0.04800274873241073,-0.16332244236647872,G1,High_DENV,0.19544829428195953
GSM2993181,huh7,Barcode_707-515EX3,10017006,dengue,1393,24,1,CTCTCTAC-CTAGCTCTAG,0.299,,1001700608_D17,24,1393,0,1393,DENV,24h,e:\Zika_antigravity\00_raw_data\GSE110496\GSM2993181_1001700608_D17_counts.tsv,4265,73061.0,2829.0,3.872107,-0.3405704535189129,-0.05445680737813951,G1,High_DENV,0.1748865693807602
GSM2993182,huh7,Barcode_707-505EX3,10017006,dengue,2287,24,1,CTCTCTAC-AAGGAGCTAG,0,,1001700608_E1,24,2287,0,2287,DENV,24h,e:\Zika_antigravity\00_raw_data\GSE110496\GSM2993182_1001700608_E1_counts.tsv,5080,165661.0,7227.0,4.3625236,-0.3109867490650643,0.049413928113320627,G2M,High_DENV,0.18259675800800323
GSM2993183,huh7,Barcode_707-516EX3,10017006,dengue,773,24,1,CTCTCTAC-TAGAGTCTAG,0,,1001700608_E2,24,773,0,773,DENV,24h,e:\Zika_antigravity\00_raw_data\GSE110496\GSM2993183_1001700608_E2_counts.tsv,5277,145135.0,4271.0,2.9427774,-0.5830126077468906,-0.27961252036181494,G1,High_DENV,0.1951221525669098
GSM2993184,huh7,Barcode_707-506EX3,10017006,dengue,93,24,1,CTCTCTAC-TGCATACTAG,0,,1001700608_E3,24,93,0,93,DENV,24h,e:\Zika_antigravity\00_raw_data\GSE110496\GSM2993184_1001700608_E3_counts.tsv,5106,151900.0,3109.0,2.0467412,-0.4048504824484033,0.23692174990552411,G2M,High_DENV,0.15218684077262878
GSM2993185,huh7,Barcode_707-517EX3,10017006,dengue,2236,24,1,CTCTCTAC-GTAAGACTAG,0,,1001700608_E4,24,2236,0,2236,DENV,24h,e:\Zika_antigravity\00_raw_data\GSE110496\GSM2993185_1001700608_E4_counts.tsv,5001,94600.0,2911.0,3.077167,0.6520198069557193,0.8701463280363539,G2M,High_DENV,0.09864739328622818
GSM2993186,huh7,Barcode_707-507EX3,10017006,dengue,560,24,1,CTCTCTAC-GGAGTACTAG,0,,1001700608_E8,24,560,0,560,DENV,24h,e:\Zika_antigravity\00_raw_data\GSE110496\GSM2993186_1001700608_E8_counts.tsv,6091,167689.0,5702.0,3.4003422,0.6213867516969219,0.5370464389963938,S,High_DENV,0.1322830319404602
GSM2993187,huh7,Barcode_707-518EX3,10017006,dengue,486,24,1,CTCTCTAC-ATTAAGCTAG,0,,1001700608_E11,24,486,0,486,DENV,24h,e:\Zika_antigravity\00_raw_data\GSE110496\GSM2993187_1001700608_E11_counts.tsv,5841,150081.0,4019.0,2.6778872,-0.3073289657987299,1.0118494396016042,G2M,High_DENV,0.1461738795042038
GSM2993188,huh7,Barcode_707-508EX3,10017006,dengue,1111,24,1,CTCTCTAC-AAGCCTCTAG,0,,1001700608_E14,24,1111,0,1111,DENV,24h,e:\Zika_antigravity\00_raw_data\GSE110496\GSM2993188_1001700608_E14_counts.tsv,4852,83191.0,2936.0,3.529228,-0.6240727095909062,-0.4961135440645611,G1,High_DENV,0.2137957215309143
GSM2993189,huh7,Barcode_707-520EX3,10017006,dengue,36,24,1,CTCTCTAC-GGCTATCTAG,0,,1001700608_E17,24,36,0,36,DENV,24h,e:\Zika_antigravity\00_raw_data\GSE110496\GSM2993189_1001700608_E17_counts.tsv,4681,93463.0,3008.0,3.218386,0.33789820943382526,-0.22936249433217043,S,High_DENV,0.17141570150852203
GSM2993190,huh7,Barcode_707-510EX3,10017006,dengue,0,24,1,CTCTCTAC-TCTAATCTAG,0,,1001700608_E19,24,0,0,0,DENV,24h,e:\Zika_antigravity\00_raw_data\GSE110496\GSM2993190_1001700608_E19_counts.tsv,4455,225403.0,28613.0,12.694152,0.5822445378139881,1.1645552578062595,G2M,Bystander_DENV,0.20013561844825745
GSM2993191,huh7,Barcode_707-521EX3,10017006,dengue,1352,24,1,CTCTCTAC-GCCTTACTAG,0,,1001700608_E20,24,1352,0,1352,DENV,24h,e:\Zika_antigravity\00_raw_data\GSE110496\GSM2993191_1001700608_E20_counts.tsv,5578,184425.0,6797.0,3.685509,0.7514185680298223,0.13269226524437722,S,High_DENV,0.13591988384723663
GSM2993192,huh7,Barcode_707-511EX3,10017006,dengue,455,24,1,CTCTCTAC-TCTCCGCTAG,0.024,,1001700608_F2,24,455,0,455,DENV,24h,e:\Zika_antigravity\00_raw_data\GSE110496\GSM2993192_1001700608_F2_counts.tsv,6079,319829.0,7838.0,2.4506845,-0.21845586603241307,-0.591152010198541,G1,High_DENV,0.18915246427059174
GSM2993193,huh7,Barcode_707-522EX3,10017006,dengue,3,24,1,CTCTCTAC-ATGCGACTAG,0,,1001700608_F6,24,3,0,3,DENV,24h,e:\Zika_antigravity\00_raw_data\GSE110496\GSM2993193_1001700608_F6_counts.tsv,3001,28002.0,766.0,2.735519,0.8680469096349995,-0.1369659762873497,S,Low_DENV,0.16157864034175873
GSM2993194,huh7,Barcode_710-502EX3,10017006,dengue,890,24,1,CGAGGCTG-CTCTATCTAG,0.168,,1001700608_F8,24,890,0,890,DENV,24h,e:\Zika_antigravity\00_raw_data\GSE110496\GSM2993194_1001700608_F8_counts.tsv,4114,53577.0,1624.0,3.0311513,-0.0058516914645830795,-0.0539185570427646,G1,High_DENV,0.15506452322006226
GSM2993195,huh7,Barcode_710-513EX3,10017006,dengue,362,24,1,CGAGGCTG-GACTAGCTAG,0.116,,1001700608_F9,24,362,0,362,DENV,24h,e:\Zika_antigravity\00_raw_data\GSE110496\GSM2993195_1001700608_F9_counts.tsv,2712,25587.0,706.0,2.7592137,-0.2489177953407523,-0.06810255286717914,G1,High_DENV,0.17832647264003754
GSM2993196,huh7,Barcode_710-503EX3,10017006,dengue,553,24,1,CGAGGCTG-TCCTCTCTAG,0,,1001700608_F12,24,553,0,553,DENV,24h,e:\Zika_antigravity\00_raw_data\GSE110496\GSM2993196_1001700608_F12_counts.tsv,3320,34692.0,735.0,2.1186442,-0.595051354560114,-0.7711737203950344,G1,High_DENV,0.24149750173091888
GSM2993197,huh7,Barcode_710-515EX3,10017006,dengue,496,24,1,CGAGGCTG-CTAGCTCTAG,0,,1001700608_F16,24,496,0,496,DENV,24h,e:\Zika_antigravity\00_raw_data\GSE110496\GSM2993197_1001700608_F16_counts.tsv,4890,92741.0,3138.0,3.3836167,-0.41465293391264,-0.49923796927395997,G1,High_DENV,0.19864055514335632
GSM2993198,huh7,Barcode_710-505EX3,10017006,dengue,1289,24,1,CGAGGCTG-AAGGAGCTAG,0,,1001700608_G1,24,1289,0,1289,DENV,24h,e:\Zika_antigravity\00_raw_data\GSE110496\GSM2993198_1001700608_G1_counts.tsv,4445,89046.0,3947.0,4.4325404,-0.4634268736555463,-0.22530032919051113,G1,High_DENV,0.1405714601278305
GSM2993199,huh7,Barcode_710-516EX3,10017006,dengue,1178,24,1,CGAGGCTG-TAGAGTCTAG,0,,1001700608_G2,24,1178,0,1178,DENV,24h,e:\Zika_antigravity\00_raw_data\GSE110496\GSM2993199_1001700608_G2_counts.tsv,6146,186016.0,5735.0,3.0830681,-0.04829876814924535,-0.25216920253310676,G1,High_DENV,0.13223496079444885
GSM2993200,huh7,Barcode_710-506EX3,10017006,dengue,1628,24,1,CGAGGCTG-TGCATACTAG,0,,1001700608_G5,24,1628,0,1628,DENV,24h,e:\Zika_antigravity\00_raw_data\GSE110496\GSM2993200_1001700608_G5_counts.tsv,5404,184599.0,5399.0,2.924718,-0.6753398098450686,-0.5156508652296989,G1,High_DENV,0.23700757324695587
GSM2993201,huh7,Barcode_710-517EX3,10017006,dengue,283,24,1,CGAGGCTG-GTAAGACTAG,0.052,,1001700608_G10,24,283,0,283,DENV,24h,e:\Zika_antigravity\00_raw_data\GSE110496\GSM2993201_1001700608_G10_counts.tsv,3456,33146.0,1149.0,3.4664817,-0.08788694741115684,-0.5319388444485343,G1,High_DENV,0.1888374537229538
GSM2993202,huh7,Barcode_710-507EX3,10017006,dengue,1,24,1,CGAGGCTG-GGAGTACTAG,0,,1001700608_G11,24,1,0,1,DENV,24h,e:\Zika_antigravity\00_raw_data\GSE110496\GSM2993202_1001700608_G11_counts.tsv,4504,69696.0,1832.0,2.6285584,0.3782452309681546,0.4479318227762499,G2M,Low_DENV,0.13144834339618683
GSM2993203,huh7,Barcode_710-518EX3,10017006,dengue,40,24,1,CGAGGCTG-ATTAAGCTAG,0,,1001700608_G13,24,40,0,40,DENV,24h,e:\Zika_antigravity\00_raw_data\GSE110496\GSM2993203_1001700608_G13_counts.tsv,6199,243248.0,5270.0,2.1665132,-0.465075571599993,1.013289130800879,G2M,High_DENV,0.11958372592926025
GSM2993204,huh7,Barcode_710-508EX3,10017006,dengue,3,24,1,CGAGGCTG-AAGCCTCTAG,0,,1001700608_G14,24,3,0,3,DENV,24h,e:\Zika_antigravity\00_raw_data\GSE110496\GSM2993204_1001700608_G14_counts.tsv,3502,33666.0,1156.0,3.433731,-0.3190998788656933,0.6940888279062558,G2M,Low_DENV,0.14256855845451355
GSM2993205,huh7,Barcode_710-520EX3,10017006,dengue,20918,24,1,CGAGGCTG-GGCTATCTAG,0,,1001700608_G19,24,20918,0,20918,DENV,24h,e:\Zika_antigravity\00_raw_data\GSE110496\GSM2993205_1001700608_G19_counts.tsv,6492,852519.0,28831.0,3.3818603,-0.3465997626472797,-0.33858111129295615,G1,High_DENV,0.21935200691223145
GSM2993206,huh7,Barcode_710-510EX3,10017006,dengue,503,24,1,CGAGGCTG-TCTAATCTAG,0,,1001700608_G21,24,503,0,503,DENV,24h,e:\Zika_antigravity\00_raw_data\GSE110496\GSM2993206_1001700608_G21_counts.tsv,5199,96073.0,3183.0,3.3131056,0.4353742800916301,0.5082347973270831,G2M,High_DENV,0.09124601632356644
GSM2993207,huh7,Barcode_710-521EX3,10017006,dengue,2795,24,1,CGAGGCTG-GCCTTACTAG,0,,1001700608_H3,24,2795,0,2795,DENV,24h,e:\Zika_antigravity\00_raw_data\GSE110496\GSM2993207_1001700608_H3_counts.tsv,5555,215590.0,4806.0,2.2292314,-0.5643894039449238,-0.5258292780920504,G1,High_DENV,0.23304204642772675
GSM2993208,huh7,Barcode_710-511EX3,10017006,dengue,3390,24,1,CGAGGCTG-TCTCCGCTAG,0,,1001700608_H13,24,3390,0,3390,DENV,24h,e:\Zika_antigravity\00_raw_data\GSE110496\GSM2993208_1001700608_H13_counts.tsv,6428,386950.0,10580.0,2.7342033,-0.38821225180623253,-0.15642313632532986,G1,High_DENV,0.18638662993907928
GSM2993209,huh7,Barcode_710-522EX3,10017006,dengue,691,24,1,CGAGGCTG-ATGCGACTAG,0.175,,1001700608_H15,24,691,0,691,DENV,24h,e:\Zika_antigravity\00_raw_data\GSE110496\GSM2993209_1001700608_H15_counts.tsv,3914,46337.0,1690.0,3.6471934,-0.17186674763936372,-0.5078064074792331,G1,High_DENV,0.2622998058795929
GSM2993210,huh7,Barcode_711-502EX3,10017006,dengue,3219,24,1,AAGAGGCA-CTCTATCTAG,0,,1001700608_H16,24,3219,0,3219,DENV,24h,e:\Zika_antigravity\00_raw_data\GSE110496\GSM2993210_1001700608_H16_counts.tsv,7468,551344.0,17321.0,3.1415958,0.8015158208707969,0.03262705074288145,S,High_DENV,0.15826715528964996
GSM2993211,huh7,Barcode_711-513EX3,10017006,dengue,2421,24,1,AAGAGGCA-GACTAGCTAG,0,,1001700608_H17,24,2421,0,2421,DENV,24h,e:\Zika_antigravity\00_raw_data\GSE110496\GSM2993211_1001700608_H17_counts.tsv,5251,202237.0,6354.0,3.1418583,-0.36176214181551974,0.6551482652100229,G2M,High_DENV,0.11668665707111359
GSM2993212,huh7,Barcode_711-503EX3,10017006,dengue,186,24,1,AAGAGGCA-TCCTCTCTAG,0,,1001700608_H19,24,186,0,186,DENV,24h,e:\Zika_antigravity\00_raw_data\GSE110496\GSM2993212_1001700608_H19_counts.tsv,5677,137967.0,4335.0,3.142056,0.7738303924334191,0.508124248048024,S,High_DENV,0.13851681351661682
GSM2993213,huh7,Barcode_711-515EX3,10017006,dengue,1879,24,1,AAGAGGCA-CTAGCTCTAG,0.064,,1001700608_I1,24,1879,0,1879,DENV,24h,e:\Zika_antigravity\00_raw_data\GSE110496\GSM2993213_1001700608_I1_counts.tsv,4950,99598.0,3319.0,3.3323963,0.5563721532282042,0.002578802287768101,S,High_DENV,0.2107865959405899
GSM2993214,huh7,Barcode_711-505EX3,10017006,dengue,1889,24,1,AAGAGGCA-AAGGAGCTAG,0.041,,1001700608_I2,24,1889,0,1889,DENV,24h,e:\Zika_antigravity\00_raw_data\GSE110496\GSM2993214_1001700608_I2_counts.tsv,4591,74791.0,2472.0,3.3052106,-0.5695141641556152,2.5738831820298094,G2M,High_DENV,0.21940436959266663
GSM2993215,huh7,Barcode_711-516EX3,10017006,dengue,4984,24,1,AAGAGGCA-TAGAGTCTAG,0,,1001700608_I4,24,4984,0,4984,DENV,24h,e:\Zika_antigravity\00_raw_data\GSE110496\GSM2993215_1001700608_I4_counts.tsv,7023,588626.0,14405.0,2.4472246,-0.6408245823390427,-0.46146175963152125,G1,High_DENV,0.22094276547431946
GSM2993216,huh7,Barcode_711-506EX3,10017006,dengue,507,24,1,AAGAGGCA-TGCATACTAG,0.046,,1001700608_I11,24,507,0,507,DENV,24h,e:\Zika_antigravity\00_raw_data\GSE110496\GSM2993216_1001700608_I11_counts.tsv,5475,122388.0,3713.0,3.0337942,0.675956189117971,-0.004045389314363913,S,High_DENV,0.12730686366558075
GSM2993217,huh7,Barcode_711-517EX3,10017006,dengue,777,24,1,AAGAGGCA-GTAAGACTAG,0,,1001700608_I12,24,777,0,777,DENV,24h,e:\Zika_antigravity\00_raw_data\GSE110496\GSM2993217_1001700608_I12_counts.tsv,3852,47719.0,1529.0,3.2041743,-0.26351687090160947,-0.22471421734075123,G1,High_DENV,0.2190646380186081
GSM2993218,huh7,Barcode_711-507EX3,10017006,dengue,2,24,1,AAGAGGCA-GGAGTACTAG,0,,1001700608_I16,24,2,0,2,DENV,24h,e:\Zika_antigravity\00_raw_data\GSE110496\GSM2993218_1001700608_I16_counts.tsv,6031,223650.0,7088.0,3.1692379,-0.05120972953736781,-0.1064677238619909,G1,Low_DENV,0.17011041939258575
GSM2993219,huh7,Barcode_711-518EX3,10017006,dengue,2777,24,1,AAGAGGCA-ATTAAGCTAG,0.232,,1001700608_I20,24,2777,0,2777,DENV,24h,e:\Zika_antigravity\00_raw_data\GSE110496\GSM2993219_1001700608_I20_counts.tsv,4604,94036.0,3530.0,3.7538815,-0.48023971246466757,-0.344834218394791,G1,High_DENV,0.22028079628944397
GSM2993220,huh7,Barcode_711-508EX3,10017006,dengue,0,24,1,AAGAGGCA-AAGCCTCTAG,0,,1001700608_J3,24,0,0,0,DENV,24h,e:\Zika_antigravity\00_raw_data\GSE110496\GSM2993220_1001700608_J3_counts.tsv,4925,88055.0,2371.0,2.6926353,-0.31714708492425936,0.10154501361149633,G2M,Bystander_DENV,0.1506502777338028
GSM2993221,huh7,Barcode_711-520EX3,10017006,dengue,376,24,1,AAGAGGCA-GGCTATCTAG,0,,1001700608_J10,24,376,0,376,DENV,24h,e:\Zika_antigravity\00_raw_data\GSE110496\GSM2993221_1001700608_J10_counts.tsv,5514,192604.0,6573.0,3.4127016,0.13785661854559467,0.6572332692486977,G2M,High_DENV,0.10831655561923981
GSM2993222,huh7,Barcode_711-510EX3,10017006,dengue,2,24,1,AAGAGGCA-TCTAATCTAG,0,,1001700608_J11,24,2,0,2,DENV,24h,e:\Zika_antigravity\00_raw_data\GSE110496\GSM2993222_1001700608_J11_counts.tsv,5127,104548.0,3143.0,3.0062747,0.5054792134689965,0.35205752442673954,S,Low_DENV,0.13074490427970886
GSM2993223,huh7,Barcode_711-521EX3,10017006,dengue,3764,24,1,AAGAGGCA-GCCTTACTAG,0,,1001700608_J14,24,3764,0,3764,DENV,24h,e:\Zika_antigravity\00_raw_data\GSE110496\GSM2993223_1001700608_J14_counts.tsv,5870,167571.0,6525.0,3.893872,0.429984723297613,0.2698878701430909,S,High_DENV,0.23565886914730072
GSM2993224,huh7,Barcode_711-511EX3,10017006,dengue,71,24,1,AAGAGGCA-TCTCCGCTAG,0,,1001700608_J18,24,71,0,71,DENV,24h,e:\Zika_antigravity\00_raw_data\GSE110496\GSM2993224_1001700608_J18_counts.tsv,7638,490092.0,13160.0,2.6852102,0.2140882951783992,0.6981895593981967,G2M,High_DENV,0.12102486193180084
GSM2993225,huh7,Barcode_711-522EX3,10017006,dengue,1609,24,1,AAGAGGCA-ATGCGACTAG,0.205,,1001700608_J19,24,1609,0,1609,DENV,24h,e:\Zika_antigravity\00_raw_data\GSE110496\GSM2993225_1001700608_J19_counts.tsv,4194,67684.0,2992.0,4.4205422,-0.42279237632063177,-0.43454765421158564,G1,High_DENV,0.21813246607780457
GSM2993226,huh7,Barcode_712-502EX3,10017006,dengue,1316,24,1,GTAGAGGA-CTCTATCTAG,0.001,,1001700608_J21,24,1316,0,1316,DENV,24h,e:\Zika_antigravity\00_raw_data\GSE110496\GSM2993226_1001700608_J21_counts.tsv,4421,80639.0,2975.0,3.689282,-0.4415954620599569,-0.7676374419784122,G1,High_DENV,0.22444790601730347
GSM2993227,huh7,Barcode_712-513EX3,10017006,dengue,49,24,1,GTAGAGGA-GACTAGCTAG,0,,1001700608_K2,24,49,0,49,DENV,24h,e:\Zika_antigravity\00_raw_data\GSE110496\GSM2993227_1001700608_K2_counts.tsv,5794,319415.0,9066.0,2.8383138,0.24918127018581365,-0.2221083052961856,S,High_DENV,0.15531426668167114
GSM2993228,huh7,Barcode_712-503EX3,10017006,dengue,2924,24,1,GTAGAGGA-TCCTCTCTAG,0.052,,1001700608_K4,24,2924,0,2924,DENV,24h,e:\Zika_antigravity\00_raw_data\GSE110496\GSM2993228_1001700608_K4_counts.tsv,4692,91837.0,2352.0,2.5610592,-0.3186694130390173,-0.49238005412301233,G1,High_DENV,0.23763898015022278
GSM2993229,huh7,Barcode_712-515EX3,10017006,dengue,522,24,1,GTAGAGGA-CTAGCTCTAG,0.004,,1001700608_K9,24,522,0,522,DENV,24h,e:\Zika_antigravity\00_raw_data\GSE110496\GSM2993229_1001700608_K9_counts.tsv,3847,48525.0,892.0,1.8382277,-0.2500971855872887,0.4626401588303607,G2M,High_DENV,0.15947836637496948
GSM2993230,huh7,Barcode_712-505EX3,10017006,dengue,448,24,1,GTAGAGGA-AAGGAGCTAG,0,,1001700608_K10,24,448,0,448,DENV,24h,e:\Zika_antigravity\00_raw_data\GSE110496\GSM2993230_1001700608_K10_counts.tsv,3447,34936.0,1271.0,3.6380808,0.31337608605002365,0.6450963740581273,G2M,High_DENV,0.2044750303030014
GSM2993231,huh7,Barcode_712-516EX3,10017006,dengue,231,24,1,GTAGAGGA-TAGAGTCTAG,0,,1001700608_K12,24,231,0,231,DENV,24h,e:\Zika_antigravity\00_raw_data\GSE110496\GSM2993231_1001700608_K12_counts.tsv,6387,264906.0,8975.0,3.3879943,-0.24529645530773062,0.15518152240008445,G2M,High_DENV,0.160557821393013
GSM2993232,huh7,Barcode_712-506EX3,10017006,dengue,3054,24,1,GTAGAGGA-TGCATACTAG,0,,1001700608_K14,24,3054,0,3054,DENV,24h,e:\Zika_antigravity\00_raw_data\GSE110496\GSM2993232_1001700608_K14_counts.tsv,5668,144248.0,3064.0,2.1241195,-0.33447314285772983,1.6189537005277235,G2M,High_DENV,0.1840575784444809
GSM2993233,huh7,Barcode_712-517EX3,10017006,dengue,1348,24,1,GTAGAGGA-GTAAGACTAG,0,,1001700608_K15,24,1348,0,1348,DENV,24h,e:\Zika_antigravity\00_raw_data\GSE110496\GSM2993233_1001700608_K15_counts.tsv,3552,43587.0,1140.0,2.6154587,-0.6153720939088435,0.5427112389250863,G2M,High_DENV,0.18978384137153625
GSM2993234,huh7,Barcode_712-507EX3,10017006,dengue,1987,24,1,GTAGAGGA-GGAGTACTAG,0,,1001700608_K17,24,1987,0,1987,DENV,24h,e:\Zika_antigravity\00_raw_data\GSE110496\GSM2993234_1001700608_K17_counts.tsv,5300,180764.0,6028.0,3.334735,-0.30311323098971377,0.0990984537411102,G2M,High_DENV,0.1526893675327301
GSM2993235,huh7,Barcode_712-518EX3,10017006,dengue,0,24,1,GTAGAGGA-ATTAAGCTAG,0,,1001700608_K18,24,0,0,0,DENV,24h,e:\Zika_antigravity\00_raw_data\GSE110496\GSM2993235_1001700608_K18_counts.tsv,4293,58174.0,1707.0,2.9343004,-0.43158903842171037,0.3829597881387199,G2M,Bystander_DENV,0.13868431746959686
GSM2993236,huh7,Barcode_712-508EX3,10017006,dengue,1079,24,1,GTAGAGGA-AAGCCTCTAG,0,,1001700608_K20,24,1079,0,1079,DENV,24h,e:\Zika_antigravity\00_raw_data\GSE110496\GSM2993236_1001700608_K20_counts.tsv,4060,50752.0,2471.0,4.868774,-0.5262789097392843,-0.19989842828106302,G1,High_DENV,0.20381535589694977
GSM2993237,huh7,Barcode_712-520EX3,10017006,dengue,1250,24,1,GTAGAGGA-GGCTATCTAG,0,,1001700608_L1,24,1250,0,1250,DENV,24h,e:\Zika_antigravity\00_raw_data\GSE110496\GSM2993237_1001700608_L1_counts.tsv,2901,40147.0,2039.0,5.0788355,-0.3831073177801002,-0.29042133209237064,G1,High_DENV,0.20715053379535675
GSM2993238,huh7,Barcode_712-510EX3,10017006,dengue,878,24,1,GTAGAGGA-TCTAATCTAG,0,,1001700608_L8,24,878,0,878,DENV,24h,e:\Zika_antigravity\00_raw_data\GSE110496\GSM2993238_1001700608_L8_counts.tsv,6955,363636.0,12744.0,3.5046034,1.1395132058510735,0.16212449062383302,S,High_DENV,0.13953416049480438
GSM2993239,huh7,Barcode_712-521EX3,10017006,dengue,8,24,1,GTAGAGGA-GCCTTACTAG,0,,1001700608_L10,24,8,0,8,DENV,24h,e:\Zika_antigravity\00_raw_data\GSE110496\GSM2993239_1001700608_L10_counts.tsv,7244,405453.0,9543.0,2.3536637,0.5065401560183437,-0.11010654652867966,S,Low_DENV,0.13380536437034607
GSM2993240,huh7,Barcode_712-511EX3,10017006,dengue,4898,24,1,GTAGAGGA-TCTCCGCTAG,0.269,,1001700608_L14,24,4898,0,4898,DENV,24h,e:\Zika_antigravity\00_raw_data\GSE110496\GSM2993240_1001700608_L14_counts.tsv,6150,313496.0,10192.0,3.251078,-0.3204572010053588,-0.2627648880420425,G1,High_DENV,0.3041480481624603
GSM2993241,huh7,Barcode_712-522EX3,10017006,dengue,15233,24,1,GTAGAGGA-ATGCGACTAG,0,,1001700608_L16,24,15233,0,15233,DENV,24h,e:\Zika_antigravity\00_raw_data\GSE110496\GSM2993241_1001700608_L16_counts.tsv,7215,454101.0,23000.0,5.0649524,-0.5087771566335245,2.43260502402502,G2M,High_DENV,0.1455756276845932
GSM2993242,huh7,Barcode_714-502EX3,10017006,dengue,160,24,1,GCTCATGA-CTCTATCTAG,0,,1001700608_L17,24,160,0,160,DENV,24h,e:\Zika_antigravity\00_raw_data\GSE110496\GSM2993242_1001700608_L17_counts.tsv,5805,146871.0,4685.0,3.1898742,0.22460517149773382,0.4783473094079588,G2M,High_DENV,0.1350817084312439
GSM2993243,huh7,Barcode_714-513EX3,10017006,dengue,0,24,1,GCTCATGA-GACTAGCTAG,0,,1001700608_L19,24,0,0,0,DENV,24h,e:\Zika_antigravity\00_raw_data\GSE110496\GSM2993243_1001700608_L19_counts.tsv,4875,78379.0,2434.0,3.1054237,1.0204677947830143,0.11211344292441597,S,Bystander_DENV,0.16669073700904846
GSM2993244,huh7,Barcode_714-503EX3,10017006,dengue,3,24,1,GCTCATGA-TCCTCTCTAG,0,,1001700608_M2,24,3,0,3,DENV,24h,e:\Zika_antigravity\00_raw_data\GSE110496\GSM2993244_1001700608_M2_counts.tsv,5087,100115.0,2292.0,2.2893672,0.05708216488059234,-0.3004063006109149,S,Low_DENV,0.15779699385166168
GSM2993245,huh7,Barcode_714-515EX3,10017006,dengue,1756,24,1,GCTCATGA-CTAGCTCTAG,0.047,,1001700608_M4,24,1756,0,1756,DENV,24h,e:\Zika_antigravity\00_raw_data\GSE110496\GSM2993245_1001700608_M4_counts.tsv,5721,169426.0,4600.0,2.7150497,0.1414196875963604,-0.26843919262524474,S,High_DENV,0.1754416972398758
GSM2993246,huh7,Barcode_714-505EX3,10017006,dengue,237,24,1,GCTCATGA-AAGGAGCTAG,0.659,,1001700608_M7,24,237,0,237,DENV,24h,e:\Zika_antigravity\00_raw_data\GSE110496\GSM2993246_1001700608_M7_counts.tsv,2374,19539.0,801.0,4.0994935,0.5657686016112122,0.09350512941967874,S,High_DENV,0.14505331218242645
GSM2993247,huh7,Barcode_714-516EX3,10017006,dengue,2146,24,1,GCTCATGA-TAGAGTCTAG,0,,1001700608_M9,24,2146,0,2146,DENV,24h,e:\Zika_antigravity\00_raw_data\GSE110496\GSM2993247_1001700608_M9_counts.tsv,6229,197792.0,3585.0,1.8125103,-0.6158644007984548,-0.2809834260439787,G1,High_DENV,0.20179028809070587
GSM2993248,huh7,Barcode_714-506EX3,10017006,dengue,291,24,1,GCTCATGA-TGCATACTAG,0,,1001700608_M10,24,291,0,291,DENV,24h,e:\Zika_antigravity\00_raw_data\GSE110496\GSM2993248_1001700608_M10_counts.tsv,5012,93622.0,2141.0,2.2868557,-0.08456611135098639,0.6956128666289491,G2M,High_DENV,0.11754272133111954
GSM2993249,huh7,Barcode_714-517EX3,10017006,dengue,0,24,1,GCTCATGA-GTAAGACTAG,0,,1001700608_M12,24,0,0,0,DENV,24h,e:\Zika_antigravity\00_raw_data\GSE110496\GSM2993249_1001700608_M12_counts.tsv,4318,51206.0,1743.0,3.403898,-0.22533650677651168,0.6147752158238045,G2M,Bystander_DENV,0.12819525599479675
GSM2993250,huh7,Barcode_714-507EX3,10017006,dengue,1653,24,1,GCTCATGA-GGAGTACTAG,0.269,,1001700608_M13,24,1653,0,1653,DENV,24h,e:\Zika_antigravity\00_raw_data\GSE110496\GSM2993250_1001700608_M13_counts.tsv,4321,79563.0,2874.0,3.6122317,-0.6175659096356304,-0.6243310519341417,G1,High_DENV,0.26454582810401917
GSM2993251,huh7,Barcode_714-518EX3,10017006,dengue,1742,24,1,GCTCATGA-ATTAAGCTAG,0,,1001700608_M15,24,1742,0,1742,DENV,24h,e:\Zika_antigravity\00_raw_data\GSE110496\GSM2993251_1001700608_M15_counts.tsv,5591,200877.0,5082.0,2.5299063,-0.13695969625952698,-0.4741578251354618,G1,High_DENV,0.20369058847427368
GSM2993252,huh7,Barcode_714-508EX3,10017006,dengue,217,24,1,GCTCATGA-AAGCCTCTAG,0,,1001700608_M18,24,217,0,217,DENV,24h,e:\Zika_antigravity\00_raw_data\GSE110496\GSM2993252_1001700608_M18_counts.tsv,4055,50484.0,1848.0,3.6605656,-0.08703975712969189,0.5993241408770322,G2M,High_DENV,0.15475904941558838
GSM2993253,huh7,Barcode_714-520EX3,10017006,dengue,20,24,1,GCTCATGA-GGCTATCTAG,0,,1001700608_M20,24,20,0,20,DENV,24h,e:\Zika_antigravity\00_raw_data\GSE110496\GSM2993253_1001700608_M20_counts.tsv,5711,187117.0,6798.0,3.633021,-0.4278851343584912,-0.4011811441126805,G1,High_DENV,0.18902209401130676
GSM2993254,huh7,Barcode_714-510EX3,10017006,dengue,408,24,1,GCTCATGA-TCTAATCTAG,0,,1001700608_N6,24,408,0,408,DENV,24h,e:\Zika_antigravity\00_raw_data\GSE110496\GSM2993254_1001700608_N6_counts.tsv,5446,91896.0,3184.0,3.4647863,-0.8074473209324338,-0.5871256089952257,G1,High_DENV,0.1603483259677887
GSM2993255,huh7,Barcode_714-521EX3,10017006,dengue,12412,24,1,GCTCATGA-GCCTTACTAG,0,,1001700608_N9,24,12412,0,12412,DENV,24h,e:\Zika_antigravity\00_raw_data\GSE110496\GSM2993255_1001700608_N9_counts.tsv,7066,764586.0,27054.0,3.5383854,-0.5430872667447797,-0.6071753993475855,G1,High_DENV,0.2260061353445053
GSM2993256,huh7,Barcode_714-511EX3,10017006,dengue,73,24,1,GCTCATGA-TCTCCGCTAG,0,,1001700608_N11,24,73,0,73,DENV,24h,e:\Zika_antigravity\00_raw_data\GSE110496\GSM2993256_1001700608_N11_counts.tsv,3466,38453.0,987.0,2.5667698,0.7143673196978246,0.5015967703001117,S,High_DENV,0.1174788624048233
GSM2993257,huh7,Barcode_714-522EX3,10017006,dengue,32,24,1,GCTCATGA-ATGCGACTAG,0,,1001700608_N12,24,32,0,32,DENV,24h,e:\Zika_antigravity\00_raw_data\GSE110496\GSM2993257_1001700608_N12_counts.tsv,4371,61737.0,1953.0,3.163419,0.42397349840030074,-0.28050573293571773,S,High_DENV,0.1469755321741104
GSM2993258,huh7,Barcode_715-502EX3,10017006,dengue,2580,24,1,ATCTCAGG-CTCTATCTAG,0,,1001700608_N13,24,2580,0,2580,DENV,24h,e:\Zika_antigravity\00_raw_data\GSE110496\GSM2993258_1001700608_N13_counts.tsv,4260,88411.0,2948.0,3.3344269,-0.629625650419898,-0.5203514957513375,G1,High_DENV,0.2243521809577942
GSM2993259,huh7,Barcode_715-513EX3,10017006,dengue,156,24,1,ATCTCAGG-GACTAGCTAG,0,,1001700608_N14,24,156,0,156,DENV,24h,e:\Zika_antigravity\00_raw_data\GSE110496\GSM2993259_1001700608_N14_counts.tsv,6533,264800.0,5764.0,2.1767373,0.5699907701418159,-0.3104129565220456,S,High_DENV,0.1571662276983261
GSM2993260,huh7,Barcode_715-503EX3,10017006,dengue,260,24,1,ATCTCAGG-TCCTCTCTAG,0,,1001700608_N16,24,260,0,260,DENV,24h,e:\Zika_antigravity\00_raw_data\GSE110496\GSM2993260_1001700608_N16_counts.tsv,5683,187287.0,4654.0,2.4849563,-0.6098009984363757,-0.4899791428347501,G1,High_DENV,0.20640332996845245
GSM2993261,huh7,Barcode_715-515EX3,10017006,dengue,439,24,1,ATCTCAGG-CTAGCTCTAG,0,,1001700608_N18,24,439,0,439,DENV,24h,e:\Zika_antigravity\00_raw_data\GSE110496\GSM2993261_1001700608_N18_counts.tsv,5780,127333.0,4974.0,3.906293,0.08135182771587833,-0.09045601381092278,S,High_DENV,0.16427645087242126
GSM2993262,huh7,Barcode_715-505EX3,10017006,dengue,1619,24,1,ATCTCAGG-AAGGAGCTAG,0,,1001700608_N19,24,1619,0,1619,DENV,24h,e:\Zika_antigravity\00_raw_data\GSE110496\GSM2993262_1001700608_N19_counts.tsv,5412,120490.0,3978.0,3.3015187,0.14946237538187276,-0.27676550016549817,S,High_DENV,0.2254822850227356
GSM2993263,huh7,Barcode_715-516EX3,10017006,dengue,828,24,1,ATCTCAGG-TAGAGTCTAG,0,,1001700608_O2,24,828,0,828,DENV,24h,e:\Zika_antigravity\00_raw_data\GSE110496\GSM2993263_1001700608_O2_counts.tsv,4740,105414.0,4235.0,4.017493,0.36727490045485045,0.19429494037201278,S,High_DENV,0.13875088095664978
GSM2993264,huh7,Barcode_715-506EX3,10017006,dengue,56,24,1,ATCTCAGG-TGCATACTAG,0,,1001700608_O4,24,56,0,56,DENV,24h,e:\Zika_antigravity\00_raw_data\GSE110496\GSM2993264_1001700608_O4_counts.tsv,4617,86492.0,2719.0,3.1436431,0.1935384874719949,0.17394661837906203,S,High_DENV,0.1453528255224228
GSM2993265,huh7,Barcode_715-517EX3,10017006,dengue,1616,24,1,ATCTCAGG-GTAAGACTAG,0.103,,1001700608_O8,24,1616,0,1616,DENV,24h,e:\Zika_antigravity\00_raw_data\GSE110496\GSM2993265_1001700608_O8_counts.tsv,4558,85103.0,3222.0,3.7860007,-0.2622755202198668,1.2682550593961615,G2M,High_DENV,0.16909447312355042
GSM2993266,huh7,Barcode_715-507EX3,10017006,dengue,1604,24,1,ATCTCAGG-GGAGTACTAG,0.106,,1001700608_O10,24,1604,0,1604,DENV,24h,e:\Zika_antigravity\00_raw_data\GSE110496\GSM2993266_1001700608_O10_counts.tsv,4436,82505.0,2816.0,3.4131267,0.43972436595248016,0.6716649079483207,G2M,High_DENV,0.2515265643596649
GSM2993267,huh7,Barcode_715-518EX3,10017006,dengue,422,24,1,ATCTCAGG-ATTAAGCTAG,0,,1001700608_O12,24,422,0,422,DENV,24h,e:\Zika_antigravity\00_raw_data\GSE110496\GSM2993267_1001700608_O12_counts.tsv,7959,999650.0,34429.0,3.4441054,0.12032327564610612,0.5070480607948635,G2M,High_DENV,0.12344683706760406
GSM2993268,huh7,Barcode_715-508EX3,10017006,dengue,334,24,1,ATCTCAGG-AAGCCTCTAG,0,,1001700608_O15,24,334,0,334,DENV,24h,e:\Zika_antigravity\00_raw_data\GSE110496\GSM2993268_1001700608_O15_counts.tsv,4407,74824.0,2407.0,3.2168825,0.7965287413326136,-0.3277771475573889,S,High_DENV,0.11118306964635849
GSM2993269,huh7,Barcode_715-520EX3,10017006,dengue,460,24,1,ATCTCAGG-GGCTATCTAG,0,,1001700608_O17,24,460,0,460,DENV,24h,e:\Zika_antigravity\00_raw_data\GSE110496\GSM2993269_1001700608_O17_counts.tsv,5350,113902.0,2328.0,2.0438623,-0.018750019282534988,0.5686561253335838,G2M,High_DENV,0.1481950283050537
GSM2993270,huh7,Barcode_715-510EX3,10017006,dengue,5744,24,1,ATCTCAGG-TCTAATCTAG,0.089,,1001700608_O19,24,5744,0,5744,DENV,24h,e:\Zika_antigravity\00_raw_data\GSE110496\GSM2993270_1001700608_O19_counts.tsv,7222,582797.0,20690.0,3.5501213,-0.25368275524649236,0.6315661134201732,G2M,High_DENV,0.13848674297332764
GSM2993271,huh7,Barcode_715-521EX3,10017006,dengue,808,24,1,ATCTCAGG-GCCTTACTAG,0,,1001700608_O20,24,808,0,808,DENV,24h,e:\Zika_antigravity\00_raw_data\GSE110496\GSM2993271_1001700608_O20_counts.tsv,5238,145409.0,4537.0,3.1201646,-0.43006001970331587,1.1047337422951704,G2M,High_DENV,0.11681416630744934
GSM2993272,huh7,Barcode_715-511EX3,10017006,dengue,678,24,1,ATCTCAGG-TCTCCGCTAG,0,,1001700608_O22,24,678,0,678,DENV,24h,e:\Zika_antigravity\00_raw_data\GSE110496\GSM2993272_1001700608_O22_counts.tsv,5264,125697.0,4019.0,3.1973715,0.3503492188418195,-0.1256732179472463,S,High_DENV,0.19479401409626007
GSM2993275,huh7,Barcode_716-513EX3,10017006,dengue,0,24,1,ACTCGCTA-GACTAGCTAG,0,,1001700608_P6,24,0,0,0,DENV,24h,e:\Zika_antigravity\00_raw_data\GSE110496\GSM2993275_1001700608_P6_counts.tsv,5801,173204.0,4023.0,2.3226948,-0.38442110094640936,0.41550884734259225,G2M,Bystander_DENV,0.14863057434558868
GSM2993276,huh7,Barcode_716-503EX3,10017006,dengue,1792,24,1,ACTCGCTA-TCCTCTCTAG,0,,1001700608_P7,24,1792,0,1792,DENV,24h,e:\Zika_antigravity\00_raw_data\GSE110496\GSM2993276_1001700608_P7_counts.tsv,3859,110237.0,6107.0,5.539882,-0.5046283684316135,-0.07178990438653582,G1,High_DENV,0.20423215627670288
GSM2993277,huh7,Barcode_716-515EX3,10017006,dengue,562,24,1,ACTCGCTA-CTAGCTCTAG,0.069,,1001700608_P8,24,562,0,562,DENV,24h,e:\Zika_antigravity\00_raw_data\GSE110496\GSM2993277_1001700608_P8_counts.tsv,3937,53116.0,1661.0,3.1271179,0.4508214155788578,-0.1532609926879289,S,High_DENV,0.1744055300951004
GSM2993278,huh7,Barcode_716-505EX3,10017006,dengue,1863,24,1,ACTCGCTA-AAGGAGCTAG,0.003,,1001700608_P11,24,1863,0,1863,DENV,24h,e:\Zika_antigravity\00_raw_data\GSE110496\GSM2993278_1001700608_P11_counts.tsv,4770,125936.0,4383.0,3.480339,-0.1958006381899828,0.40727623819664394,G2M,High_DENV,0.16679228842258453
GSM2993279,huh7,Barcode_716-516EX3,10017006,dengue,21,24,1,ACTCGCTA-TAGAGTCTAG,0,,1001700608_P14,24,21,0,21,DENV,24h,e:\Zika_antigravity\00_raw_data\GSE110496\GSM2993279_1001700608_P14_counts.tsv,4067,68832.0,1866.0,2.7109482,0.03603086635204299,0.061523714858879905,G2M,High_DENV,0.16227960586547852
GSM2993280,huh7,Barcode_716-506EX3,10017006,dengue,64,24,1,ACTCGCTA-TGCATACTAG,0,,1001700608_P15,24,64,0,64,DENV,24h,e:\Zika_antigravity\00_raw_data\GSE110496\GSM2993280_1001700608_P15_counts.tsv,3741,56981.0,2327.0,4.0838175,-0.4484885247623814,-0.33683448353051054,G1,High_DENV,0.1884339600801468
GSM2993281,huh7,Barcode_716-517EX3,10017006,dengue,13,24,1,ACTCGCTA-GTAAGACTAG,0,,1001700608_P17,24,13,0,13,DENV,24h,e:\Zika_antigravity\00_raw_data\GSE110496\GSM2993281_1001700608_P17_counts.tsv,5399,151888.0,7562.0,4.978668,-0.03239126226731709,1.2743852139184313,G2M,High_DENV,0.09590630233287811
GSM2993282,huh7,Barcode_716-507EX3,10017006,dengue,0,24,1,ACTCGCTA-GGAGTACTAG,0,,1001700608_P19,24,0,0,0,DENV,24h,e:\Zika_antigravity\00_raw_data\GSE110496\GSM2993282_1001700608_P19_counts.tsv,3518,43229.0,1377.0,3.1853616,0.3419500168590318,0.7689706648661264,G2M,Bystander_DENV,0.0903572142124176
GSM2993283,huh7,Barcode_716-518EX3,10017006,dengue,3,24,1,ACTCGCTA-ATTAAGCTAG,0,,1001700608_P21,24,3,0,3,DENV,24h,e:\Zika_antigravity\00_raw_data\GSE110496\GSM2993283_1001700608_P21_counts.tsv,3000,69145.0,2834.0,4.0986333,-0.0143909609832224,-0.23681097272358245,G1,Low_DENV,0.6910371780395508
GSM2993284,huh7,Barcode_716-508EX3,10017006,dengue,2351,24,10,ACTCGCTA-AAGCCTCTAG,0.019,,1001700609_A1,24,2351,0,2351,DENV,24h,e:\Zika_antigravity\00_raw_data\GSE110496\GSM2993284_1001700609_A1_counts.tsv,3171,95032.0,6013.0,6.327342,0.07939091794458883,0.49159927595132197,G2M,High_DENV,0.6593683958053589
GSM2993285,huh7,Barcode_716-520EX3,10017006,dengue,558,24,10,ACTCGCTA-GGCTATCTAG,0.003,,1001700609_A2,24,558,0,558,DENV,24h,e:\Zika_antigravity\00_raw_data\GSE110496\GSM2993285_1001700609_A2_counts.tsv,2793,50254.0,2215.0,4.4076095,-0.43529195255112085,-0.4346145305073575,G1,High_DENV,0.20483317971229553
GSM2993286,huh7,Barcode_716-510EX3,10017006,dengue,990,24,10,ACTCGCTA-TCTAATCTAG,0,,1001700609_A3,24,990,0,990,DENV,24h,e:\Zika_antigravity\00_raw_data\GSE110496\GSM2993286_1001700609_A3_counts.tsv,2435,36577.0,1272.0,3.4775953,-0.5003896723368338,-0.42327281027327884,G1,High_DENV,0.7281567454338074
GSM2993287,huh7,Barcode_716-521EX3,10017006,dengue,1094,24,10,ACTCGCTA-GCCTTACTAG,0,,1001700609_A4,24,1094,0,1094,DENV,24h,e:\Zika_antigravity\00_raw_data\GSE110496\GSM2993287_1001700609_A4_counts.tsv,3373,42445.0,2366.0,5.5742726,-0.3499413385632492,-0.22830885533321763,G1,High_DENV,0.19619284570217133
GSM2993288,huh7,Barcode_716-511EX3,10017006,dengue,606,24,10,ACTCGCTA-TCTCCGCTAG,0,,1001700609_A6,24,606,0,606,DENV,24h,e:\Zika_antigravity\00_raw_data\GSE110496\GSM2993288_1001700609_A6_counts.tsv,3035,30888.0,1310.0,4.2411294,0.4925766137561628,-0.01460476110315373,S,High_DENV,0.20474125444889069
GSM2993289,huh7,Barcode_716-522EX3,10017006,dengue,677,24,10,ACTCGCTA-ATGCGACTAG,0,,1001700609_A7,24,677,0,677,DENV,24h,e:\Zika_antigravity\00_raw_data\GSE110496\GSM2993289_1001700609_A7_counts.tsv,3500,47282.0,1723.0,3.6440928,-0.20306121593429927,-0.3970078271125296,G1,High_DENV,0.21737860143184662
GSM2993290,huh7,Barcode_718-502EX3,10017006,dengue,1572,24,10,GGAGCTAC-CTCTATCTAG,0,,1001700609_A9,24,1572,0,1572,DENV,24h,e:\Zika_antigravity\00_raw_data\GSE110496\GSM2993290_1001700609_A9_counts.tsv,4620,131313.0,5079.0,3.8678575,-0.719254729382339,-0.7106312688561672,G1,High_DENV,0.2432994246482849
GSM2993291,huh7,Barcode_718-513EX3,10017006,dengue,9402,24,10,GGAGCTAC-GACTAGCTAG,0.15,,1001700609_A11,24,9402,0,9402,DENV,24h,e:\Zika_antigravity\00_raw_data\GSE110496\GSM2993291_1001700609_A11_counts.tsv,5679,272634.0,9634.0,3.5336752,-0.5216228152625263,1.6981566661870073,G2M,High_DENV,0.1906278133392334
GSM2993292,huh7,Barcode_718-503EX3,10017006,dengue,4454,24,10,GGAGCTAC-TCCTCTCTAG,0,,1001700609_A14,24,4454,0,4454,DENV,24h,e:\Zika_antigravity\00_raw_data\GSE110496\GSM2993292_1001700609_A14_counts.tsv,6153,233115.0,9836.0,4.2193766,-0.7675523754120583,-0.6761262750946935,G1,High_DENV,0.2642386555671692
GSM2993293,huh7,Barcode_718-515EX3,10017006,dengue,5004,24,10,GGAGCTAC-CTAGCTCTAG,0.289,,1001700609_A16,24,5004,0,5004,DENV,24h,e:\Zika_antigravity\00_raw_data\GSE110496\GSM2993293_1001700609_A16_counts.tsv,5673,172403.0,11873.0,6.886771,-0.2606867329749678,-0.37673657509554526,G1,High_DENV,0.22503136098384857
GSM2993294,huh7,Barcode_718-505EX3,10017006,dengue,1362,24,10,GGAGCTAC-AAGGAGCTAG,0.666,,1001700609_A17,24,1362,0,1362,DENV,24h,e:\Zika_antigravity\00_raw_data\GSE110496\GSM2993294_1001700609_A17_counts.tsv,4845,109836.0,3526.0,3.2102406,-0.02253842777170663,-0.25074699610201145,G1,High_DENV,0.23157811164855957
GSM2993295,huh7,Barcode_718-516EX3,10017006,dengue,1064,24,10,GGAGCTAC-TAGAGTCTAG,0,,1001700609_A21,24,1064,0,1064,DENV,24h,e:\Zika_antigravity\00_raw_data\GSE110496\GSM2993295_1001700609_A21_counts.tsv,5046,220403.0,15004.0,6.80753,-0.04392461862492686,-0.1833653384970899,G1,High_DENV,0.2050837278366089
GSM2993296,huh7,Barcode_718-506EX3,10017006,dengue,6000,24,10,GGAGCTAC-TGCATACTAG,0.175,,1001700609_A22,24,6000,0,6000,DENV,24h,e:\Zika_antigravity\00_raw_data\GSE110496\GSM2993296_1001700609_A22_counts.tsv,5767,209897.0,7845.0,3.7375476,-0.6155169283039869,-0.6020962410240251,G1,High_DENV,0.276177316904068
GSM2993297,huh7,Barcode_718-517EX3,10017006,dengue,3579,24,10,GGAGCTAC-GTAAGACTAG,0.73,,1001700609_B6,24,3579,0,3579,DENV,24h,e:\Zika_antigravity\00_raw_data\GSE110496\GSM2993297_1001700609_B6_counts.tsv,4812,90910.0,3989.0,4.3878565,-0.6896548410301052,-0.5999202673251242,G1,High_DENV,0.2347748875617981
GSM2993298,huh7,Barcode_718-507EX3,10017006,dengue,8971,24,10,GGAGCTAC-GGAGTACTAG,0,,1001700609_B12,24,8971,0,8971,DENV,24h,e:\Zika_antigravity\00_raw_data\GSE110496\GSM2993298_1001700609_B12_counts.tsv,5565,263610.0,9748.0,3.697887,0.5171350234221401,0.034860255305149815,S,High_DENV,0.16954587399959564
GSM2993299,huh7,Barcode_718-518EX3,10017006,dengue,3499,24,10,GGAGCTAC-ATTAAGCTAG,0,,1001700609_B15,24,3499,0,3499,DENV,24h,e:\Zika_antigravity\00_raw_data\GSE110496\GSM2993299_1001700609_B15_counts.tsv,5087,112486.0,3017.0,2.6821115,-0.5255327446885141,1.1663369579266938,G2M,High_DENV,0.22116410732269287
GSM2993300,huh7,Barcode_718-508EX3,10017006,dengue,827,24,10,GGAGCTAC-AAGCCTCTAG,0,,1001700609_B22,24,827,0,827,DENV,24h,e:\Zika_antigravity\00_raw_data\GSE110496\GSM2993300_1001700609_B22_counts.tsv,4041,64342.0,2693.0,4.1854463,0.14351932333693618,0.8962858834820809,G2M,High_DENV,0.2177860140800476
GSM2993301,huh7,Barcode_718-520EX3,10017006,dengue,1471,24,10,GGAGCTAC-GGCTATCTAG,0,,1001700609_C3,24,1471,0,1471,DENV,24h,e:\Zika_antigravity\00_raw_data\GSE110496\GSM2993301_1001700609_C3_counts.tsv,4548,81862.0,2344.0,2.8633554,0.31640405211420286,-0.5758240112589841,S,High_DENV,0.19573919475078583
GSM2993302,huh7,Barcode_718-510EX3,10017006,dengue,708,24,10,GGAGCTAC-TCTAATCTAG,0,,1001700609_C4,24,708,0,708,DENV,24h,e:\Zika_antigravity\00_raw_data\GSE110496\GSM2993302_1001700609_C4_counts.tsv,3797,63933.0,2032.0,3.178327,-0.6139149232013594,-0.176690273603965,G1,High_DENV,0.2311335951089859
GSM2993303,huh7,Barcode_718-521EX3,10017006,dengue,4486,24,10,GGAGCTAC-GCCTTACTAG,0,,1001700609_C7,24,4486,0,4486,DENV,24h,e:\Zika_antigravity\00_raw_data\GSE110496\GSM2993303_1001700609_C7_counts.tsv,5155,129429.0,3422.0,2.6439207,-0.6311354141105854,-0.5232250785233622,G1,High_DENV,0.24688468873500824
GSM2993304,huh7,Barcode_718-511EX3,10017006,dengue,1129,24,10,GGAGCTAC-TCTCCGCTAG,0.001,,1001700609_C9,24,1129,0,1129,DENV,24h,e:\Zika_antigravity\00_raw_data\GSE110496\GSM2993304_1001700609_C9_counts.tsv,4075,199127.0,8310.0,4.1732163,-0.43931663757456196,-0.3905856829202159,G1,High_DENV,0.3157114088535309
GSM2993305,huh7,Barcode_718-522EX3,10017006,dengue,1581,24,10,GGAGCTAC-ATGCGACTAG,1.357,,1001700609_C13,24,1581,0,1581,DENV,24h,e:\Zika_antigravity\00_raw_data\GSE110496\GSM2993305_1001700609_C13_counts.tsv,3845,59019.0,2232.0,3.7818332,-0.10720642143860461,-0.16446211552669826,G1,High_DENV,0.1996602714061737
GSM2993306,huh7,Barcode_719-502EX3,10017006,dengue,3923,24,10,GCGTAGTA-CTCTATCTAG,0,,1001700609_C16,24,3923,0,3923,DENV,24h,e:\Zika_antigravity\00_raw_data\GSE110496\GSM2993306_1001700609_C16_counts.tsv,6003,257345.0,8916.0,3.4646099,-0.0768577771962598,0.6948883461070343,G2M,High_DENV,0.20081458985805511
GSM2993307,huh7,Barcode_719-513EX3,10017006,dengue,329,24,10,GCGTAGTA-GACTAGCTAG,0,,1001700609_C20,24,329,0,329,DENV,24h,e:\Zika_antigravity\00_raw_data\GSE110496\GSM2993307_1001700609_C20_counts.tsv,5006,98808.0,3010.0,3.046312,-0.18099453756585715,0.725367904475976,G2M,High_DENV,0.15056274831295013
GSM2993308,huh7,Barcode_719-503EX3,10017006,dengue,2391,24,10,GCGTAGTA-TCCTCTCTAG,0,,1001700609_C21,24,2391,0,2391,DENV,24h,e:\Zika_antigravity\00_raw_data\GSE110496\GSM2993308_1001700609_C21_counts.tsv,5314,164368.0,5820.0,3.5408351,-0.6064229842031463,-0.48951153911601947,G1,High_DENV,0.2886047065258026
GSM2993309,huh7,Barcode_719-515EX3,10017006,dengue,557,24,10,GCGTAGTA-CTAGCTCTAG,0,,1001700609_C22,24,557,0,557,DENV,24h,e:\Zika_antigravity\00_raw_data\GSE110496\GSM2993309_1001700609_C22_counts.tsv,3765,63169.0,2117.0,3.3513274,-0.7872605185334881,-0.38201378407187986,G1,High_DENV,0.23946011066436768
GSM2993310,huh7,Barcode_719-505EX3,10017006,dengue,1253,24,10,GCGTAGTA-AAGGAGCTAG,0,,1001700609_D2,24,1253,0,1253,DENV,24h,e:\Zika_antigravity\00_raw_data\GSE110496\GSM2993310_1001700609_D2_counts.tsv,4992,115388.0,4203.0,3.642493,0.3656395720362309,0.29636200606341895,S,High_DENV,0.2115166187286377
GSM2993311,huh7,Barcode_719-516EX3,10017006,dengue,1862,24,10,GCGTAGTA-TAGAGTCTAG,0,,1001700609_D8,24,1862,0,1862,DENV,24h,e:\Zika_antigravity\00_raw_data\GSE110496\GSM2993311_1001700609_D8_counts.tsv,4509,96816.0,2516.0,2.5987442,-0.4351385582490669,0.5324037385160405,G2M,High_DENV,0.17291170358657837
GSM2993312,huh7,Barcode_719-506EX3,10017006,dengue,778,24,10,GCGTAGTA-TGCATACTAG,0,,1001700609_D14,24,778,0,778,DENV,24h,e:\Zika_antigravity\00_raw_data\GSE110496\GSM2993312_1001700609_D14_counts.tsv,5280,132978.0,4226.0,3.1779692,0.42998702769566866,-0.7041034213075464,S,High_DENV,0.18977148830890656
GSM2993313,huh7,Barcode_719-517EX3,10017006,dengue,270,24,10,GCGTAGTA-GTAAGACTAG,0,,1001700609_D18,24,270,0,270,DENV,24h,e:\Zika_antigravity\00_raw_data\GSE110496\GSM2993313_1001700609_D18_counts.tsv,3185,31272.0,1101.0,3.5207217,-0.6008119518735578,-0.6056792895323041,G1,High_DENV,0.2631736695766449
GSM2993314,huh7,Barcode_719-507EX3,10017006,dengue,5777,24,10,GCGTAGTA-GGAGTACTAG,0,,1001700609_D20,24,5777,0,5777,DENV,24h,e:\Zika_antigravity\00_raw_data\GSE110496\GSM2993314_1001700609_D20_counts.tsv,5900,203683.0,7220.0,3.544724,-0.31341059076089767,0.7555936900482102,G2M,High_DENV,0.18013061583042145
GSM2993315,huh7,Barcode_719-518EX3,10017006,dengue,1503,24,10,GCGTAGTA-ATTAAGCTAG,0.114,,1001700609_D21,24,1503,0,1503,DENV,24h,e:\Zika_antigravity\00_raw_data\GSE110496\GSM2993315_1001700609_D21_counts.tsv,6201,172970.0,4588.0,2.652483,0.11542702070659115,0.7866992268034101,G2M,High_DENV,0.17281949520111084
GSM2993316,huh7,Barcode_719-508EX3,10017006,dengue,6421,24,10,GCGTAGTA-AAGCCTCTAG,0.449,,1001700609_E1,24,6421,0,6421,DENV,24h,e:\Zika_antigravity\00_raw_data\GSE110496\GSM2993316_1001700609_E1_counts.tsv,3946,88556.0,4968.0,5.6100097,-0.525673362994123,-0.49400800576595083,G1,High_DENV,0.2356431931257248
GSM2993317,huh7,Barcode_719-520EX3,10017006,dengue,776,24,10,GCGTAGTA-GGCTATCTAG,0,,1001700609_E7,24,776,0,776,DENV,24h,e:\Zika_antigravity\00_raw_data\GSE110496\GSM2993317_1001700609_E7_counts.tsv,3292,34778.0,825.0,2.3721893,-0.7391449167880985,-0.6278088053941289,G1,High_DENV,0.23356997966766357
GSM2993318,huh7,Barcode_719-510EX3,10017006,dengue,1217,24,10,GCGTAGTA-TCTAATCTAG,0.117,,1001700609_E9,24,1217,0,1217,DENV,24h,e:\Zika_antigravity\00_raw_data\GSE110496\GSM2993318_1001700609_E9_counts.tsv,5430,125736.0,3324.0,2.643634,0.9694181839713738,0.19928241223599186,S,High_DENV,0.19450093805789948
GSM2993319,huh7,Barcode_719-521EX3,10017006,dengue,3216,24,10,GCGTAGTA-GCCTTACTAG,0.141,,1001700609_E11,24,3216,0,3216,DENV,24h,e:\Zika_antigravity\00_raw_data\GSE110496\GSM2993319_1001700609_E11_counts.tsv,4262,100276.0,3660.0,3.6499262,-0.5951394010867391,-0.6532004604316161,G1,High_DENV,0.22994352877140045
GSM2993320,huh7,Barcode_719-511EX3,10017006,dengue,6129,24,10,GCGTAGTA-TCTCCGCTAG,0,,1001700609_E12,24,6129,0,6129,DENV,24h,e:\Zika_antigravity\00_raw_data\GSE110496\GSM2993320_1001700609_E12_counts.tsv,5388,149817.0,5482.0,3.6591306,-0.5955982657592922,-0.5160692762943122,G1,High_DENV,0.2528685927391052
GSM2993321,huh7,Barcode_719-522EX3,10017006,dengue,1462,24,10,GCGTAGTA-ATGCGACTAG,2.025,,1001700609_E15,24,1462,0,1462,DENV,24h,e:\Zika_antigravity\00_raw_data\GSE110496\GSM2993321_1001700609_E15_counts.tsv,5171,111009.0,3720.0,3.3510797,-0.3151674969875742,-0.015319428340723973,G1,High_DENV,0.1788587123155594
GSM2993322,huh7,Barcode_720-502EX3,10017006,dengue,278,24,10,CGGAGCCT-CTCTATCTAG,0,,1001700609_E17,24,278,0,278,DENV,24h,e:\Zika_antigravity\00_raw_data\GSE110496\GSM2993322_1001700609_E17_counts.tsv,6039,337236.0,7995.0,2.3707433,-0.6051028893406812,-0.6461127181194947,G1,High_DENV,0.18717658519744873
GSM2993323,huh7,Barcode_720-513EX3,10017006,dengue,584,24,10,CGGAGCCT-GACTAGCTAG,0,,1001700609_E19,24,584,0,584,DENV,24h,e:\Zika_antigravity\00_raw_data\GSE110496\GSM2993323_1001700609_E19_counts.tsv,4690,100665.0,2541.0,2.524214,-0.7092299648516235,-0.08750478969159078,G1,High_DENV,0.21077218651771545
GSM2993324,huh7,Barcode_720-503EX3,10017006,dengue,3518,24,10,CGGAGCCT-TCCTCTCTAG,0,,1001700609_E21,24,3518,0,3518,DENV,24h,e:\Zika_antigravity\00_raw_data\GSE110496\GSM2993324_1001700609_E21_counts.tsv,5966,204185.0,5666.0,2.7749345,-0.5681902801024816,0.3792627004079105,G2M,High_DENV,0.23768897354602814
GSM2993325,huh7,Barcode_720-515EX3,10017006,dengue,2700,24,10,CGGAGCCT-CTAGCTCTAG,0,,1001700609_F6,24,2700,0,2700,DENV,24h,e:\Zika_antigravity\00_raw_data\GSE110496\GSM2993325_1001700609_F6_counts.tsv,4871,102354.0,2905.0,2.838189,-0.4474949024662021,-0.5756732180670796,G1,High_DENV,0.23780666291713715
GSM2993326,huh7,Barcode_720-505EX3,10017006,dengue,1774,24,10,CGGAGCCT-AAGGAGCTAG,0,,1001700609_F8,24,1774,0,1774,DENV,24h,e:\Zika_antigravity\00_raw_data\GSE110496\GSM2993326_1001700609_F8_counts.tsv,4430,97627.0,3489.0,3.5738065,-0.8097414648714697,-0.6579013619014786,G1,High_DENV,0.24188899993896484
GSM2993327,huh7,Barcode_720-516EX3,10017006,dengue,6820,24,10,CGGAGCCT-TAGAGTCTAG,0.1,,1001700609_F11,24,6820,0,6820,DENV,24h,e:\Zika_antigravity\00_raw_data\GSE110496\GSM2993327_1001700609_F11_counts.tsv,5281,170909.0,7054.0,4.1273427,-0.5785848714987791,-0.44332020960170515,G1,High_DENV,0.39056000113487244
GSM2993328,huh7,Barcode_720-506EX3,10017006,dengue,998,24,10,CGGAGCCT-TGCATACTAG,0,,1001700609_F13,24,998,0,998,DENV,24h,e:\Zika_antigravity\00_raw_data\GSE110496\GSM2993328_1001700609_F13_counts.tsv,5621,295532.0,2984.0,1.0097046,0.1498301915292229,-0.5017510369777396,S,High_DENV,0.2029193639755249
GSM2993329,huh7,Barcode_720-517EX3,10017006,dengue,752,24,10,CGGAGCCT-GTAAGACTAG,0,,1001700609_F14,24,752,0,752,DENV,24h,e:\Zika_antigravity\00_raw_data\GSE110496\GSM2993329_1001700609_F14_counts.tsv,5091,92735.0,2956.0,3.1875775,-0.3563471983940828,1.3939652039332375,G2M,High_DENV,0.15464860200881958
GSM2993330,huh7,Barcode_720-507EX3,10017006,dengue,2505,24,10,CGGAGCCT-GGAGTACTAG,2.125,,1001700609_F16,24,2505,0,2505,DENV,24h,e:\Zika_antigravity\00_raw_data\GSE110496\GSM2993330_1001700609_F16_counts.tsv,4054,59650.0,1992.0,3.3394802,-0.6526999165082261,0.18424267265925692,G2M,High_DENV,0.2096819132566452
GSM2993331,huh7,Barcode_720-518EX3,10017006,dengue,4,24,10,CGGAGCCT-ATTAAGCTAG,0,,1001700609_F18,24,4,0,4,DENV,24h,e:\Zika_antigravity\00_raw_data\GSE110496\GSM2993331_1001700609_F18_counts.tsv,4191,66376.0,1844.0,2.7781124,0.42008960656821726,-0.39761023020281605,S,Low_DENV,0.16453076899051666
GSM2993332,huh7,Barcode_720-508EX3,10017006,dengue,1906,24,10,CGGAGCCT-AAGCCTCTAG,1.381,,1001700609_F22,24,1906,0,1906,DENV,24h,e:\Zika_antigravity\00_raw_data\GSE110496\GSM2993332_1001700609_F22_counts.tsv,5391,121647.0,3813.0,3.1344793,-0.49068685580665866,1.0319532338407666,G2M,High_DENV,0.23425701260566711
GSM2993333,huh7,Barcode_720-520EX3,10017006,dengue,1672,24,10,CGGAGCCT-GGCTATCTAG,0.172,,1001700609_G2,24,1672,0,1672,DENV,24h,e:\Zika_antigravity\00_raw_data\GSE110496\GSM2993333_1001700609_G2_counts.tsv,4668,85784.0,2855.0,3.3281262,0.3234018781532844,0.7060303089416972,G2M,High_DENV,0.24412736296653748
GSM2993334,huh7,Barcode_720-510EX3,10017006,dengue,1260,24,10,CGGAGCCT-TCTAATCTAG,0,,1001700609_G7,24,1260,0,1260,DENV,24h,e:\Zika_antigravity\00_raw_data\GSE110496\GSM2993334_1001700609_G7_counts.tsv,5181,132387.0,3601.0,2.7200556,-0.08073445890276205,-0.21170605158733294,G1,High_DENV,0.2319478988647461
GSM2993335,huh7,Barcode_720-521EX3,10017006,dengue,976,24,10,CGGAGCCT-GCCTTACTAG,0,,1001700609_G10,24,976,0,976,DENV,24h,e:\Zika_antigravity\00_raw_data\GSE110496\GSM2993335_1001700609_G10_counts.tsv,5361,163408.0,5490.0,3.3596885,-0.26836399432005625,-0.3901323893361069,G1,High_DENV,0.20147831737995148
GSM2993336,huh7,Barcode_720-511EX3,10017006,dengue,5911,24,10,CGGAGCCT-TCTCCGCTAG,1.797,,1001700609_G15,24,5911,0,5911,DENV,24h,e:\Zika_antigravity\00_raw_data\GSE110496\GSM2993336_1001700609_G15_counts.tsv,5528,208501.0,7470.0,3.5827167,-0.3849313886193115,0.34472620074739696,G2M,High_DENV,0.22439131140708923
GSM2993337,huh7,Barcode_720-522EX3,10017006,dengue,126,24,10,CGGAGCCT-ATGCGACTAG,0,,1001700609_G16,24,126,0,126,DENV,24h,e:\Zika_antigravity\00_raw_data\GSE110496\GSM2993337_1001700609_G16_counts.tsv,5632,153934.0,5077.0,3.2981668,-0.6021338430809833,-0.3896474819670343,G1,High_DENV,0.191135436296463
GSM2993338,huh7,Barcode_721-502EX3,10017006,dengue,2136,24,10,TACGCTGC-CTCTATCTAG,0.005,,1001700609_G18,24,2136,0,2136,DENV,24h,e:\Zika_antigravity\00_raw_data\GSE110496\GSM2993338_1001700609_G18_counts.tsv,5646,202107.0,5130.0,2.5382595,-0.27476255431704755,0.4442265952621631,G2M,High_DENV,0.23903021216392517
GSM2993339,huh7,Barcode_721-513EX3,10017006,dengue,3898,24,10,TACGCTGC-GACTAGCTAG,0.109,,1001700609_G19,24,3898,0,3898,DENV,24h,e:\Zika_antigravity\00_raw_data\GSE110496\GSM2993339_1001700609_G19_counts.tsv,6992,383647.0,13423.0,3.4987893,-0.24344115489428597,-0.11195705466848946,G1,High_DENV,0.18541055917739868
GSM2993340,huh7,Barcode_721-503EX3,10017006,dengue,2483,24,10,TACGCTGC-TCCTCTCTAG,1.249,,1001700609_G21,24,2483,0,2483,DENV,24h,e:\Zika_antigravity\00_raw_data\GSE110496\GSM2993340_1001700609_G21_counts.tsv,4987,106363.0,2646.0,2.4877071,-0.6711158132047524,0.42019305820710634,G2M,High_DENV,0.19857262074947357
GSM2993341,huh7,Barcode_721-515EX3,10017006,dengue,2483,24,10,TACGCTGC-CTAGCTCTAG,0,,1001700609_H3,24,2483,0,2483,DENV,24h,e:\Zika_antigravity\00_raw_data\GSE110496\GSM2993341_1001700609_H3_counts.tsv,5156,181537.0,5004.0,2.7564628,-0.5049045265918332,-0.5743878832251893,G1,High_DENV,0.27613765001296997
GSM2993342,huh7,Barcode_721-505EX3,10017006,dengue,6859,24,10,TACGCTGC-AAGGAGCTAG,0,,1001700609_H5,24,6859,0,6859,DENV,24h,e:\Zika_antigravity\00_raw_data\GSE110496\GSM2993342_1001700609_H5_counts.tsv,5818,184510.0,6280.0,3.4036095,0.5183740086809155,0.03622019730105601,S,High_DENV,0.18408356606960297
GSM2993343,huh7,Barcode_721-516EX3,10017006,dengue,7029,24,10,TACGCTGC-TAGAGTCTAG,0.778,,1001700609_H8,24,7029,0,7029,DENV,24h,e:\Zika_antigravity\00_raw_data\GSE110496\GSM2993343_1001700609_H8_counts.tsv,5877,184086.0,7479.0,4.062775,-0.42637214136442964,-0.6985224853907667,G1,High_DENV,0.26673179864883423
GSM2993344,huh7,Barcode_721-506EX3,10017006,dengue,9314,24,10,TACGCTGC-TGCATACTAG,0.399,,1001700609_H11,24,9314,0,9314,DENV,24h,e:\Zika_antigravity\00_raw_data\GSE110496\GSM2993344_1001700609_H11_counts.tsv,6382,321702.0,8464.0,2.6310065,-0.09011387835434151,0.541670398995359,G2M,High_DENV,0.24811658263206482
GSM2993345,huh7,Barcode_721-517EX3,10017006,dengue,1837,24,10,TACGCTGC-GTAAGACTAG,0.227,,1001700609_H13,24,1837,0,1837,DENV,24h,e:\Zika_antigravity\00_raw_data\GSE110496\GSM2993345_1001700609_H13_counts.tsv,4962,91147.0,3316.0,3.638079,-0.023328452983072824,-0.3777064738195495,G1,High_DENV,0.21847572922706604
GSM2993346,huh7,Barcode_721-507EX3,10017006,dengue,4870,24,10,TACGCTGC-GGAGTACTAG,0,,1001700609_H18,24,4870,0,4870,DENV,24h,e:\Zika_antigravity\00_raw_data\GSE110496\GSM2993346_1001700609_H18_counts.tsv,5281,216479.0,3788.0,1.7498232,-0.5359244619806607,-0.544935120153776,G1,High_DENV,0.24505950510501862
GSM2993347,huh7,Barcode_721-518EX3,10017006,dengue,15973,24,10,TACGCTGC-ATTAAGCTAG,3.712,,1001700609_H20,24,15973,0,15973,DENV,24h,e:\Zika_antigravity\00_raw_data\GSE110496\GSM2993347_1001700609_H20_counts.tsv,6363,697980.0,21195.0,3.03662,-0.08060070032810297,0.5574204399269856,G2M,High_DENV,0.20604300498962402
GSM2993348,huh7,Barcode_721-508EX3,10017006,dengue,650,24,10,TACGCTGC-AAGCCTCTAG,0.936,,1001700609_H22,24,650,0,650,DENV,24h,e:\Zika_antigravity\00_raw_data\GSE110496\GSM2993348_1001700609_H22_counts.tsv,3192,37984.0,1426.0,3.7542124,-0.4772970082193968,-0.18368250854067053,G1,High_DENV,0.23090659081935883
GSM2993349,huh7,Barcode_721-520EX3,10017006,dengue,3525,24,10,TACGCTGC-GGCTATCTAG,0,,1001700609_I1,24,3525,0,3525,DENV,24h,e:\Zika_antigravity\00_raw_data\GSE110496\GSM2993349_1001700609_I1_counts.tsv,4505,107778.0,4258.0,3.9507136,-0.7006513472735173,-0.549907765535902,G1,High_DENV,0.23787395656108856
GSM2993350,huh7,Barcode_721-510EX3,10017006,dengue,8949,24,10,TACGCTGC-TCTAATCTAG,0,,1001700609_I4,24,8949,0,8949,DENV,24h,e:\Zika_antigravity\00_raw_data\GSE110496\GSM2993350_1001700609_I4_counts.tsv,6269,814390.0,11575.0,1.4213091,-0.6911430928440365,-0.8304429607590877,G1,High_DENV,0.23881663382053375
GSM2993351,huh7,Barcode_721-521EX3,10017006,dengue,7672,24,10,TACGCTGC-GCCTTACTAG,0,,1001700609_I7,24,7672,0,7672,DENV,24h,e:\Zika_antigravity\00_raw_data\GSE110496\GSM2993351_1001700609_I7_counts.tsv,4505,122968.0,4878.0,3.9668858,-0.5357103614280709,-0.49132869507628807,G1,High_DENV,0.24085304141044617
GSM2993352,huh7,Barcode_721-511EX3,10017006,dengue,5402,24,10,TACGCTGC-TCTCCGCTAG,0,,1001700609_I10,24,5402,0,5402,DENV,24h,e:\Zika_antigravity\00_raw_data\GSE110496\GSM2993352_1001700609_I10_counts.tsv,6247,205825.0,6665.0,3.2381878,0.6849688521087436,-0.007788074336054933,S,High_DENV,0.18982280790805817
GSM2993353,huh7,Barcode_721-522EX3,10017006,dengue,1422,24,10,TACGCTGC-ATGCGACTAG,0,,1001700609_I13,24,1422,0,1422,DENV,24h,e:\Zika_antigravity\00_raw_data\GSE110496\GSM2993353_1001700609_I13_counts.tsv,5572,212611.0,6674.0,3.1390662,0.14283876042103483,-0.44101022481687147,S,High_DENV,0.17496053874492645
GSM2993354,huh7,Barcode_722-502EX3,10017006,dengue,1065,24,10,ATGCGCAG-CTCTATCTAG,0,,1001700609_I15,24,1065,0,1065,DENV,24h,e:\Zika_antigravity\00_raw_data\GSE110496\GSM2993354_1001700609_I15_counts.tsv,6642,300854.0,8944.0,2.9728706,0.42521595293212505,-0.30843313148249785,S,High_DENV,0.17611105740070343
GSM2993355,huh7,Barcode_722-513EX3,10017006,dengue,5645,24,10,ATGCGCAG-GACTAGCTAG,0,,1001700609_I17,24,5645,0,5645,DENV,24h,e:\Zika_antigravity\00_raw_data\GSE110496\GSM2993355_1001700609_I17_counts.tsv,5478,314647.0,9586.0,3.046589,-0.6680807997694328,-0.5861961609749792,G1,High_DENV,0.22857451438903809
GSM2993356,huh7,Barcode_722-503EX3,10017006,dengue,16875,24,10,ATGCGCAG-TCCTCTCTAG,0,,1001700609_I19,24,16875,0,16875,DENV,24h,e:\Zika_antigravity\00_raw_data\GSE110496\GSM2993356_1001700609_I19_counts.tsv,6292,420863.0,16235.0,3.8575501,-0.757888553128058,-0.8568624665020499,G1,High_DENV,0.23433606326580048
GSM2993357,huh7,Barcode_722-515EX3,10017006,dengue,1642,24,10,ATGCGCAG-CTAGCTCTAG,0,,1001700609_I21,24,1642,0,1642,DENV,24h,e:\Zika_antigravity\00_raw_data\GSE110496\GSM2993357_1001700609_I21_counts.tsv,6916,362861.0,12626.0,3.4795694,0.8772586420178413,0.4300944141544392,S,High_DENV,0.1482422798871994
GSM2993358,huh7,Barcode_722-505EX3,10017006,dengue,4323,24,10,ATGCGCAG-AAGGAGCTAG,0,,1001700609_J2,24,4323,0,4323,DENV,24h,e:\Zika_antigravity\00_raw_data\GSE110496\GSM2993358_1001700609_J2_counts.tsv,4606,113977.0,4163.0,3.6524913,-0.5987090539187192,-0.20034580572370989,G1,High_DENV,0.21939261257648468
GSM2993359,huh7,Barcode_722-516EX3,10017006,dengue,2065,24,10,ATGCGCAG-TAGAGTCTAG,3.758,,1001700609_J6,24,2065,0,2065,DENV,24h,e:\Zika_antigravity\00_raw_data\GSE110496\GSM2993359_1001700609_J6_counts.tsv,4948,91247.0,2656.0,2.9107807,0.6783801537982764,-0.31910705306917464,S,High_DENV,0.22844107449054718
GSM2993360,huh7,Barcode_722-506EX3,10017006,dengue,8954,24,10,ATGCGCAG-TGCATACTAG,0,,1001700609_J8,24,8954,0,8954,DENV,24h,e:\Zika_antigravity\00_raw_data\GSE110496\GSM2993360_1001700609_J8_counts.tsv,5528,224137.0,8064.0,3.5977998,-0.5841224644998355,-0.6830188997095286,G1,High_DENV,0.2871567904949188
GSM2993361,huh7,Barcode_722-517EX3,10017006,dengue,272,24,10,ATGCGCAG-GTAAGACTAG,0,,1001700609_J11,24,272,0,272,DENV,24h,e:\Zika_antigravity\00_raw_data\GSE110496\GSM2993361_1001700609_J11_counts.tsv,3147,64041.0,2626.0,4.100498,-0.478016184979961,-0.5147648978593936,G1,High_DENV,0.25303906202316284
GSM2993362,huh7,Barcode_722-507EX3,10017006,dengue,17732,24,10,ATGCGCAG-GGAGTACTAG,0,,1001700609_J12,24,17732,0,17732,DENV,24h,e:\Zika_antigravity\00_raw_data\GSE110496\GSM2993362_1001700609_J12_counts.tsv,6455,433445.0,10722.0,2.4736702,-0.8132317741578888,-0.699303347929779,G1,High_DENV,0.25834882259368896
GSM2993363,huh7,Barcode_722-518EX3,10017006,dengue,4910,24,10,ATGCGCAG-ATTAAGCTAG,0,,1001700609_J14,24,4910,0,4910,DENV,24h,e:\Zika_antigravity\00_raw_data\GSE110496\GSM2993363_1001700609_J14_counts.tsv,6907,513226.0,16873.0,3.2876353,0.18264447347970592,0.1190506210854102,S,High_DENV,0.15848661959171295
GSM2993364,huh7,Barcode_722-508EX3,10017006,dengue,4065,24,10,ATGCGCAG-AAGCCTCTAG,0.08,,1001700609_J16,24,4065,0,4065,DENV,24h,e:\Zika_antigravity\00_raw_data\GSE110496\GSM2993364_1001700609_J16_counts.tsv,5854,174582.0,4966.0,2.8445086,-0.5978870464932351,0.3618695564428045,G2M,High_DENV,0.17351466417312622
GSM2993365,huh7,Barcode_722-520EX3,10017006,dengue,1078,24,10,ATGCGCAG-GGCTATCTAG,0,,1001700609_J19,24,1078,0,1078,DENV,24h,e:\Zika_antigravity\00_raw_data\GSE110496\GSM2993365_1001700609_J19_counts.tsv,4134,79191.0,3105.0,3.9209,-0.6147710133698724,-0.5673554346380385,G1,High_DENV,0.22898831963539124
GSM2993366,huh7,Barcode_722-510EX3,10017006,dengue,1857,24,10,ATGCGCAG-TCTAATCTAG,0.262,,1001700609_J21,24,1857,0,1857,DENV,24h,e:\Zika_antigravity\00_raw_data\GSE110496\GSM2993366_1001700609_J21_counts.tsv,5105,148358.0,4822.0,3.250246,0.45781916131797645,0.36262597094333204,S,High_DENV,0.20397627353668213
GSM2993367,huh7,Barcode_722-521EX3,10017006,dengue,3985,24,10,ATGCGCAG-GCCTTACTAG,0,,1001700609_J22,24,3985,0,3985,DENV,24h,e:\Zika_antigravity\00_raw_data\GSE110496\GSM2993367_1001700609_J22_counts.tsv,5390,168220.0,4326.0,2.5716324,-0.8747982459497594,-0.7650231630956669,G1,High_DENV,0.2404221147298813
GSM2993368,huh7,Barcode_722-511EX3,10017006,dengue,6604,24,10,ATGCGCAG-TCTCCGCTAG,0.652,,1001700609_K3,24,6604,0,6604,DENV,24h,e:\Zika_antigravity\00_raw_data\GSE110496\GSM2993368_1001700609_K3_counts.tsv,6320,255435.0,8029.0,3.1432655,-0.3221311461402192,-0.5885979507463536,G1,High_DENV,0.257730633020401
GSM2993369,huh7,Barcode_722-522EX3,10017006,dengue,4248,24,10,ATGCGCAG-ATGCGACTAG,0.621,,1001700609_K4,24,4248,0,4248,DENV,24h,e:\Zika_antigravity\00_raw_data\GSE110496\GSM2993369_1001700609_K4_counts.tsv,5596,200554.0,5608.0,2.7962544,0.8613473203453136,0.35496537231189723,S,High_DENV,0.16141130030155182
GSM2993370,huh7,Barcode_723-502EX3,10017006,dengue,291,24,10,TAGCGCTC-CTCTATCTAG,0,,1001700609_K7,24,291,0,291,DENV,24h,e:\Zika_antigravity\00_raw_data\GSE110496\GSM2993370_1001700609_K7_counts.tsv,3369,42240.0,1285.0,3.0421402,-0.2900451369539258,-0.3793094182321919,G1,High_DENV,0.20702363550662994
GSM2993371,huh7,Barcode_723-513EX3,10017006,dengue,452,24,10,TAGCGCTC-GACTAGCTAG,0,,1001700609_K9,24,452,0,452,DENV,24h,e:\Zika_antigravity\00_raw_data\GSE110496\GSM2993371_1001700609_K9_counts.tsv,2775,28165.0,998.0,3.5434048,-0.03223547131887505,1.3915700353636375,G2M,High_DENV,0.1481025516986847
GSM2993372,huh7,Barcode_723-503EX3,10017006,dengue,2059,24,10,TAGCGCTC-TCCTCTCTAG,1.968,,1001700609_K11,24,2059,0,2059,DENV,24h,e:\Zika_antigravity\00_raw_data\GSE110496\GSM2993372_1001700609_K11_counts.tsv,3746,65546.0,1871.0,2.8544838,-0.5608075329590411,-0.4287026631956965,G1,High_DENV,0.22202280163764954
GSM2993373,huh7,Barcode_723-515EX3,10017006,dengue,9902,24,10,TAGCGCTC-CTAGCTCTAG,0.346,,1001700609_K12,24,9902,0,9902,DENV,24h,e:\Zika_antigravity\00_raw_data\GSE110496\GSM2993373_1001700609_K12_counts.tsv,6379,334421.0,8463.0,2.5306425,-0.5947693196790559,-0.0010887872060367579,G1,High_DENV,0.2470371276140213
GSM2993374,huh7,Barcode_723-505EX3,10017006,dengue,2330,24,10,TAGCGCTC-AAGGAGCTAG,0,,1001700609_K18,24,2330,0,2330,DENV,24h,e:\Zika_antigravity\00_raw_data\GSE110496\GSM2993374_1001700609_K18_counts.tsv,5549,122751.0,3751.0,3.0557797,-0.34717191782824336,-0.5359812656109522,G1,High_DENV,0.25810790061950684
GSM2993375,huh7,Barcode_723-516EX3,10017006,dengue,2855,24,10,TAGCGCTC-TAGAGTCTAG,0,,1001700609_K20,24,2855,0,2855,DENV,24h,e:\Zika_antigravity\00_raw_data\GSE110496\GSM2993375_1001700609_K20_counts.tsv,4321,89789.0,2459.0,2.738643,-0.8457852175503614,-0.49077199468335775,G1,High_DENV,0.30106231570243835
GSM2993376,huh7,Barcode_723-506EX3,10017006,dengue,5158,24,10,TAGCGCTC-TGCATACTAG,0,,1001700609_K22,24,5158,0,5158,DENV,24h,e:\Zika_antigravity\00_raw_data\GSE110496\GSM2993376_1001700609_K22_counts.tsv,5608,223021.0,7836.0,3.5135705,-0.6180727158207446,1.026401330968933,G2M,High_DENV,0.14010071754455566
GSM2993377,huh7,Barcode_723-517EX3,10017006,dengue,3397,24,10,TAGCGCTC-GTAAGACTAG,0,,1001700609_L1,24,3397,0,3397,DENV,24h,e:\Zika_antigravity\00_raw_data\GSE110496\GSM2993377_1001700609_L1_counts.tsv,3775,98933.0,5740.0,5.8019066,-0.564960511489993,-0.2385075710479249,G1,High_DENV,0.21560359001159668
GSM2993378,huh7,Barcode_723-507EX3,10017006,dengue,1978,24,10,TAGCGCTC-GGAGTACTAG,1.573,,1001700609_L2,24,1978,0,1978,DENV,24h,e:\Zika_antigravity\00_raw_data\GSE110496\GSM2993378_1001700609_L2_counts.tsv,5293,162723.0,4263.0,2.6197896,-0.19939509649716675,-0.325169220793301,G1,High_DENV,0.22381944954395294
GSM2993379,huh7,Barcode_723-518EX3,10017006,dengue,3481,24,10,TAGCGCTC-ATTAAGCTAG,0,,1001700609_L5,24,3481,0,3481,DENV,24h,e:\Zika_antigravity\00_raw_data\GSE110496\GSM2993379_1001700609_L5_counts.tsv,5805,228002.0,5412.0,2.3736634,-0.3506504869199402,-0.4931218175477726,G1,High_DENV,0.2597733736038208
GSM2993380,huh7,Barcode_723-508EX3,10017006,dengue,2473,24,10,TAGCGCTC-AAGCCTCTAG,0,,1001700609_L10,24,2473,0,2473,DENV,24h,e:\Zika_antigravity\00_raw_data\GSE110496\GSM2993380_1001700609_L10_counts.tsv,4968,109708.0,4170.0,3.800999,-0.5682127353602222,-0.43949134907534804,G1,High_DENV,0.24906082451343536
GSM2993381,huh7,Barcode_723-520EX3,10017006,dengue,143,24,10,TAGCGCTC-GGCTATCTAG,0,,1001700609_L13,24,143,0,143,DENV,24h,e:\Zika_antigravity\00_raw_data\GSE110496\GSM2993381_1001700609_L13_counts.tsv,6225,360748.0,14623.0,4.053522,-0.4846451609395444,-0.3662202310493804,G1,High_DENV,0.1743783950805664
GSM2993382,huh7,Barcode_723-510EX3,10017006,dengue,5824,24,10,TAGCGCTC-TCTAATCTAG,0,,1001700609_L19,24,5824,0,5824,DENV,24h,e:\Zika_antigravity\00_raw_data\GSE110496\GSM2993382_1001700609_L19_counts.tsv,6210,286878.0,10489.0,3.656258,0.3807909654919058,0.2988519882897818,S,High_DENV,0.26335713267326355
GSM2993383,huh7,Barcode_723-521EX3,10017006,dengue,5021,24,10,TAGCGCTC-GCCTTACTAG,1.095,,1001700609_L20,24,5021,0,5021,DENV,24h,e:\Zika_antigravity\00_raw_data\GSE110496\GSM2993383_1001700609_L20_counts.tsv,5742,216148.0,7942.0,3.6743343,-0.5727636405945911,-0.5638216709320805,G1,High_DENV,0.3220224976539612
GSM2993384,huh7,Barcode_723-511EX3,10017006,dengue,2070,24,10,TAGCGCTC-TCTCCGCTAG,0,,1001700609_L21,24,2070,0,2070,DENV,24h,e:\Zika_antigravity\00_raw_data\GSE110496\GSM2993384_1001700609_L21_counts.tsv,5280,202565.0,2181.0,1.0766914,-1.0336117070877837,-0.7945485777720248,G1,High_DENV,0.2545543909072876
GSM2993385,huh7,Barcode_723-522EX3,10017006,dengue,816,24,10,TAGCGCTC-ATGCGACTAG,0,,1001700609_M2,24,816,0,816,DENV,24h,e:\Zika_antigravity\00_raw_data\GSE110496\GSM2993385_1001700609_M2_counts.tsv,4417,61105.0,1397.0,2.2862287,-0.6335302988422059,-0.5900568027246813,G1,High_DENV,0.22673764824867249
GSM2993386,huh7,Barcode_724-502EX3,10017006,dengue,4938,24,10,ACTGAGCG-CTCTATCTAG,0.024,,1001700609_M3,24,4938,0,4938,DENV,24h,e:\Zika_antigravity\00_raw_data\GSE110496\GSM2993386_1001700609_M3_counts.tsv,4887,170211.0,5812.0,3.4145854,-0.3196855989550906,-0.11301373912208754,G1,High_DENV,0.15044564008712769
GSM2993387,huh7,Barcode_724-513EX3,10017006,dengue,6521,24,10,ACTGAGCG-GACTAGCTAG,0.831,,1001700609_M6,24,6521,0,6521,DENV,24h,e:\Zika_antigravity\00_raw_data\GSE110496\GSM2993387_1001700609_M6_counts.tsv,6029,335229.0,7072.0,2.1096027,-0.961912227217995,-0.7118045283219464,G1,High_DENV,0.28226718306541443
GSM2993388,huh7,Barcode_724-503EX3,10017006,dengue,5947,24,10,ACTGAGCG-TCCTCTCTAG,0.959,,1001700609_M8,24,5947,0,5947,DENV,24h,e:\Zika_antigravity\00_raw_data\GSE110496\GSM2993388_1001700609_M8_counts.tsv,5653,183491.0,7421.0,4.04434,0.9485184268981574,0.2981698489443257,S,High_DENV,0.24066057801246643
GSM2993389,huh7,Barcode_724-515EX3,10017006,dengue,539,24,10,ACTGAGCG-CTAGCTCTAG,0,,1001700609_M12,24,539,0,539,DENV,24h,e:\Zika_antigravity\00_raw_data\GSE110496\GSM2993389_1001700609_M12_counts.tsv,5695,258697.0,3743.0,1.4468664,0.4390042918955996,-0.42420696598258634,S,High_DENV,0.20354928076267242
GSM2993390,huh7,Barcode_724-505EX3,10017006,dengue,15498,24,10,ACTGAGCG-AAGGAGCTAG,0,,1001700609_M14,24,15498,0,15498,DENV,24h,e:\Zika_antigravity\00_raw_data\GSE110496\GSM2993390_1001700609_M14_counts.tsv,5938,413920.0,16818.0,4.063104,-0.5714598457256908,-0.4001724648126578,G1,High_DENV,0.21632660925388336
GSM2993391,huh7,Barcode_724-516EX3,10017006,dengue,1631,24,10,ACTGAGCG-TAGAGTCTAG,0,,1001700609_M17,24,1631,0,1631,DENV,24h,e:\Zika_antigravity\00_raw_data\GSE110496\GSM2993391_1001700609_M17_counts.tsv,5891,217613.0,5802.0,2.666201,-0.43469675313709083,0.3517921961531576,G2M,High_DENV,0.1920032948255539
GSM2993392,huh7,Barcode_724-506EX3,10017006,dengue,7403,24,10,ACTGAGCG-TGCATACTAG,0.69,,1001700609_M18,24,7403,0,7403,DENV,24h,e:\Zika_antigravity\00_raw_data\GSE110496\GSM2993392_1001700609_M18_counts.tsv,5926,312092.0,10402.0,3.3329916,-0.6649151388910555,-0.6356186620954458,G1,High_DENV,0.265694797039032
GSM2993393,huh7,Barcode_724-517EX3,10017006,dengue,3455,24,10,ACTGAGCG-GTAAGACTAG,0,,1001700609_M22,24,3455,0,3455,DENV,24h,e:\Zika_antigravity\00_raw_data\GSE110496\GSM2993393_1001700609_M22_counts.tsv,5826,189379.0,7706.0,4.069089,0.4343048421979585,0.341813799459485,S,High_DENV,0.14693579077720642
GSM2993394,huh7,Barcode_724-507EX3,10017006,dengue,751,24,10,ACTGAGCG-GGAGTACTAG,0,,1001700609_N2,24,751,0,751,DENV,24h,e:\Zika_antigravity\00_raw_data\GSE110496\GSM2993394_1001700609_N2_counts.tsv,5388,132566.0,3949.0,2.9788935,-0.3162759555703295,0.11383631513437609,G2M,High_DENV,0.15880469977855682
GSM2993395,huh7,Barcode_724-518EX3,10017006,dengue,15821,24,10,ACTGAGCG-ATTAAGCTAG,2.555,,1001700609_N4,24,15821,0,15821,DENV,24h,e:\Zika_antigravity\00_raw_data\GSE110496\GSM2993395_1001700609_N4_counts.tsv,6321,311377.0,8156.0,2.6193328,-0.09489966421166346,0.27082863221729336,G2M,High_DENV,0.24570609629154205
GSM2993396,huh7,Barcode_724-508EX3,10017006,dengue,3317,24,10,ACTGAGCG-AAGCCTCTAG,0,,1001700609_N5,24,3317,0,3317,DENV,24h,e:\Zika_antigravity\00_raw_data\GSE110496\GSM2993396_1001700609_N5_counts.tsv,5385,308017.0,2024.0,0.65710664,-0.7554942697996185,1.5812341747123326,G2M,High_DENV,0.1590011715888977
GSM2993397,huh7,Barcode_724-520EX3,10017006,dengue,2101,24,10,ACTGAGCG-GGCTATCTAG,0,,1001700609_N7,24,2101,0,2101,DENV,24h,e:\Zika_antigravity\00_raw_data\GSE110496\GSM2993397_1001700609_N7_counts.tsv,5012,101732.0,3177.0,3.1229112,0.5241043268946841,-0.23983651808139944,S,High_DENV,0.2011852264404297
GSM2993398,huh7,Barcode_724-510EX3,10017006,dengue,892,24,10,ACTGAGCG-TCTAATCTAG,0.002,,1001700609_N9,24,892,0,892,DENV,24h,e:\Zika_antigravity\00_raw_data\GSE110496\GSM2993398_1001700609_N9_counts.tsv,4742,141144.0,3880.0,2.7489657,-0.6574726245321688,-0.187366541212472,G1,High_DENV,0.20323672890663147
GSM2993399,huh7,Barcode_724-521EX3,10017006,dengue,5706,24,10,ACTGAGCG-GCCTTACTAG,0,,1001700609_N11,24,5706,0,5706,DENV,24h,e:\Zika_antigravity\00_raw_data\GSE110496\GSM2993399_1001700609_N11_counts.tsv,5671,508646.0,16143.0,3.1737201,-0.5230077999466587,-0.4349269341172806,G1,High_DENV,0.22846095263957977
GSM2993400,huh7,Barcode_724-511EX3,10017006,dengue,10164,24,10,ACTGAGCG-TCTCCGCTAG,0,,1001700609_N12,24,10164,0,10164,DENV,24h,e:\Zika_antigravity\00_raw_data\GSE110496\GSM2993400_1001700609_N12_counts.tsv,6807,612663.0,11866.0,1.9367907,-0.42449207448711,-0.5610639086974514,G1,High_DENV,0.24692799150943756
GSM2993401,huh7,Barcode_724-522EX3,10017006,dengue,862,24,10,ACTGAGCG-ATGCGACTAG,0,,1001700609_N13,24,862,0,862,DENV,24h,e:\Zika_antigravity\00_raw_data\GSE110496\GSM2993401_1001700609_N13_counts.tsv,3457,50077.0,1456.0,2.9075224,-0.5394861144423928,-0.7617440170925561,G1,High_DENV,0.24721349775791168
GSM2993402,huh7,Barcode_726-502EX3,10017006,dengue,4448,24,10,CCTAAGAC-CTCTATCTAG,0,,1001700609_N14,24,4448,0,4448,DENV,24h,e:\Zika_antigravity\00_raw_data\GSE110496\GSM2993402_1001700609_N14_counts.tsv,6074,378316.0,12689.0,3.3540745,-0.049445740718926705,-0.36705314000714406,G1,High_DENV,0.177211195230484
GSM2993403,huh7,Barcode_726-513EX3,10017006,dengue,6703,24,10,CCTAAGAC-GACTAGCTAG,0.364,,1001700609_N15,24,6703,0,6703,DENV,24h,e:\Zika_antigravity\00_raw_data\GSE110496\GSM2993403_1001700609_N15_counts.tsv,5663,328431.0,8254.0,2.5131612,-0.717728880232954,-0.5860072356416697,G1,High_DENV,0.2596457004547119
GSM2993404,huh7,Barcode_726-503EX3,10017006,dengue,13997,24,10,CCTAAGAC-TCCTCTCTAG,0.597,,1001700609_N16,24,13997,0,13997,DENV,24h,e:\Zika_antigravity\00_raw_data\GSE110496\GSM2993404_1001700609_N16_counts.tsv,5819,412062.0,13708.0,3.3266838,-0.7054681018748808,-0.40653154429206995,G1,High_DENV,0.23158937692642212
GSM2993405,huh7,Barcode_726-515EX3,10017006,dengue,7495,24,10,CCTAAGAC-CTAGCTCTAG,0.142,,1001700609_N17,24,7495,0,7495,DENV,24h,e:\Zika_antigravity\00_raw_data\GSE110496\GSM2993405_1001700609_N17_counts.tsv,5731,240157.0,6536.0,2.7215528,-0.6874491616507017,-0.2819083695697512,G1,High_DENV,0.23343954980373383
GSM2993406,huh7,Barcode_726-505EX3,10017006,dengue,4353,24,10,CCTAAGAC-AAGGAGCTAG,0.002,,1001700609_N18,24,4353,0,4353,DENV,24h,e:\Zika_antigravity\00_raw_data\GSE110496\GSM2993406_1001700609_N18_counts.tsv,5195,120565.0,4426.0,3.6710489,-0.6154409949285244,-0.5530515213046306,G1,High_DENV,0.25173360109329224
GSM2993407,huh7,Barcode_726-516EX3,10017006,dengue,1588,24,10,CCTAAGAC-TAGAGTCTAG,0.261,,1001700609_N19,24,1588,0,1588,DENV,24h,e:\Zika_antigravity\00_raw_data\GSE110496\GSM2993407_1001700609_N19_counts.tsv,3084,36797.0,1178.0,3.201348,-0.5833325222445032,-0.46664808486073694,G1,High_DENV,0.27498653531074524
GSM2993408,huh7,Barcode_726-506EX3,10017006,dengue,3182,24,10,CCTAAGAC-TGCATACTAG,0,,1001700609_N21,24,3182,0,3182,DENV,24h,e:\Zika_antigravity\00_raw_data\GSE110496\GSM2993408_1001700609_N21_counts.tsv,4900,148606.0,4910.0,3.304039,-0.5732901259026091,-0.4617276937585784,G1,High_DENV,0.26764607429504395
GSM2993409,huh7,Barcode_726-517EX3,10017006,dengue,1,24,10,CCTAAGAC-GTAAGACTAG,0,,1001700609_O1,24,1,0,1,DENV,24h,e:\Zika_antigravity\00_raw_data\GSE110496\GSM2993409_1001700609_O1_counts.tsv,3363,44933.0,2259.0,5.0274854,-0.018755267525003075,1.0000157207010842,G2M,Low_DENV,0.1221792995929718
GSM2993410,huh7,Barcode_726-507EX3,10017006,dengue,2251,24,10,CCTAAGAC-GGAGTACTAG,0,,1001700609_O3,24,2251,0,2251,DENV,24h,e:\Zika_antigravity\00_raw_data\GSE110496\GSM2993410_1001700609_O3_counts.tsv,6196,212097.0,7874.0,3.7124522,0.08855128115309135,-0.16298383744649012,S,High_DENV,0.19991007447242737
GSM2993411,huh7,Barcode_726-518EX3,10017006,dengue,963,24,10,CCTAAGAC-ATTAAGCTAG,0,,1001700609_O6,24,963,0,963,DENV,24h,e:\Zika_antigravity\00_raw_data\GSE110496\GSM2993411_1001700609_O6_counts.tsv,4380,74514.0,2147.0,2.8813376,-0.5590222137625374,0.8427716884655017,G2M,High_DENV,0.1510445922613144
GSM2993412,huh7,Barcode_726-508EX3,10017006,dengue,1464,24,10,CCTAAGAC-AAGCCTCTAG,0.496,,1001700609_O10,24,1464,0,1464,DENV,24h,e:\Zika_antigravity\00_raw_data\GSE110496\GSM2993412_1001700609_O10_counts.tsv,3201,46497.0,1352.0,2.9077144,-0.7525051840004466,0.19215013247600937,G2M,High_DENV,0.21226075291633606
GSM2993413,huh7,Barcode_726-520EX3,10017006,dengue,22893,24,10,CCTAAGAC-GGCTATCTAG,0,,1001700609_O12,24,22893,0,22893,DENV,24h,e:\Zika_antigravity\00_raw_data\GSE110496\GSM2993413_1001700609_O12_counts.tsv,7103,1.013068e+06,34098.0,3.3658154,0.21758043286723217,-0.2973672743377807,S,High_DENV,0.23530438542366028
GSM2993414,huh7,Barcode_726-510EX3,10017006,dengue,525,24,10,CCTAAGAC-TCTAATCTAG,0,,1001700609_O14,24,525,0,525,DENV,24h,e:\Zika_antigravity\00_raw_data\GSE110496\GSM2993414_1001700609_O14_counts.tsv,4834,99108.0,3057.0,3.084514,-0.689973736785829,-0.5774843507578212,G1,High_DENV,0.20734913647174835
GSM2993415,huh7,Barcode_726-521EX3,10017006,dengue,2329,24,10,CCTAAGAC-GCCTTACTAG,0,,1001700609_O17,24,2329,0,2329,DENV,24h,e:\Zika_antigravity\00_raw_data\GSE110496\GSM2993415_1001700609_O17_counts.tsv,4537,127019.0,4861.0,3.8269866,-0.8095875346589656,-0.5273715618362059,G1,High_DENV,0.2357187271118164
GSM2993416,huh7,Barcode_726-511EX3,10017006,dengue,3259,24,10,CCTAAGAC-TCTCCGCTAG,0.606,,1001700609_O19,24,3259,0,3259,DENV,24h,e:\Zika_antigravity\00_raw_data\GSE110496\GSM2993416_1001700609_O19_counts.tsv,5414,182123.0,6224.0,3.4174707,-0.02077694318833806,1.258118180972291,G2M,High_DENV,0.19305258989334106
GSM2993418,huh7,Barcode_727-502EX3,10017006,dengue,1790,24,10,CGATCAGT-CTCTATCTAG,0.27,,1001700609_O22,24,1790,0,1790,DENV,24h,e:\Zika_antigravity\00_raw_data\GSE110496\GSM2993418_1001700609_O22_counts.tsv,4457,91017.0,3781.0,4.154169,0.28104792534861534,0.3519365785045612,G2M,High_DENV,0.17727868258953094
GSM2993419,huh7,Barcode_727-513EX3,10017006,dengue,9044,24,10,CGATCAGT-GACTAGCTAG,0.352,,1001700609_P8,24,9044,0,9044,DENV,24h,e:\Zika_antigravity\00_raw_data\GSE110496\GSM2993419_1001700609_P8_counts.tsv,5233,385472.0,18812.0,4.8802505,-0.49366963280010084,-0.2530338586640539,G1,High_DENV,0.23220029473304749
GSM2993420,huh7,Barcode_727-503EX3,10017006,dengue,5198,24,10,CGATCAGT-TCCTCTCTAG,0,,1001700609_P11,24,5198,0,5198,DENV,24h,e:\Zika_antigravity\00_raw_data\GSE110496\GSM2993420_1001700609_P11_counts.tsv,4908,152861.0,8926.0,5.839292,-0.4038557661120735,-0.2443878678286361,G1,High_DENV,0.2187654972076416
GSM2993421,huh7,Barcode_727-515EX3,10017006,dengue,1734,24,10,CGATCAGT-CTAGCTCTAG,0.064,,1001700609_P13,24,1734,0,1734,DENV,24h,e:\Zika_antigravity\00_raw_data\GSE110496\GSM2993421_1001700609_P13_counts.tsv,2900,48222.0,1928.0,3.9981751,-0.7091869003715969,-0.40092847555980815,G1,High_DENV,0.672070324420929
GSM2993422,huh7,Barcode_727-505EX3,10017006,dengue,1183,24,10,CGATCAGT-AAGGAGCTAG,0,,1001700609_P15,24,1183,0,1183,DENV,24h,e:\Zika_antigravity\00_raw_data\GSE110496\GSM2993422_1001700609_P15_counts.tsv,4294,87687.0,2907.0,3.3152006,-0.6300106335414707,-0.4648093471684331,G1,High_DENV,0.23902831971645355
GSM2993423,huh7,Barcode_727-516EX3,10017006,dengue,548,24,10,CGATCAGT-TAGAGTCTAG,0.009,,1001700609_P18,24,548,0,548,DENV,24h,e:\Zika_antigravity\00_raw_data\GSE110496\GSM2993423_1001700609_P18_counts.tsv,4094,65528.0,2079.0,3.1726897,0.4406623124577371,-0.13429447174485554,S,High_DENV,0.18464989960193634
GSM2993424,huh7,Barcode_727-506EX3,10017006,dengue,3103,24,10,CGATCAGT-TGCATACTAG,0.001,,1001700609_P20,24,3103,0,3103,DENV,24h,e:\Zika_antigravity\00_raw_data\GSE110496\GSM2993424_1001700609_P20_counts.tsv,3861,63324.0,1808.0,2.8551576,-0.7252404993932162,-0.7237292979377254,G1,High_DENV,0.24211324751377106
GSM2993425,huh7,Barcode_727-517EX3,10017006,dengue,251,24,10,CGATCAGT-GTAAGACTAG,0.098,,1001700609_P21,24,251,0,251,DENV,24h,e:\Zika_antigravity\00_raw_data\GSE110496\GSM2993425_1001700609_P21_counts.tsv,2708,141378.0,6431.0,4.548798,-0.5802946443181662,-0.23673946386692096,G1,High_DENV,0.6909353137016296
GSM2993426,huh7,Barcode_701-502EX4,10017006,dengue,0,48,0,TAAGGCGA-CTCTATGATC,,,1001700610_A3,48,0,0,0,Control,48h,e:\Zika_antigravity\00_raw_data\GSE110496\GSM2993426_1001700610_A3_counts.tsv,4026,739593.0,4630.0,0.62602,0.6321904714485365,-0.4816628195547478,S,Bystander_DENV,0.11829224228858948
GSM2993427,huh7,Barcode_701-513EX4,10017006,dengue,0,48,0,TAAGGCGA-GACTAGGATC,,,1001700610_A4,48,0,0,0,Control,48h,e:\Zika_antigravity\00_raw_data\GSE110496\GSM2993427_1001700610_A4_counts.tsv,4718,436762.0,16524.0,3.783296,1.35962825507103,0.4208743032517549,S,Bystander_DENV,0.17052878439426422
GSM2993428,huh7,Barcode_701-503EX4,10017006,dengue,0,48,0,TAAGGCGA-TCCTCTGATC,,,1001700610_A7,48,0,0,0,Control,48h,e:\Zika_antigravity\00_raw_data\GSE110496\GSM2993428_1001700610_A7_counts.tsv,5502,447918.0,24116.0,5.3840213,-0.0965243729962302,1.000538334240175,G2M,Bystander_DENV,0.14986097812652588
GSM2993430,huh7,Barcode_701-505EX4,10017006,dengue,0,48,0,TAAGGCGA-AAGGAGGATC,,,1001700610_A15,48,0,0,0,Control,48h,e:\Zika_antigravity\00_raw_data\GSE110496\GSM2993430_1001700610_A15_counts.tsv,4292,73007.0,3695.0,5.0611587,-0.19436454797119257,-0.16146115855383195,G1,Bystander_DENV,0.16766265034675598
GSM2993431,huh7,Barcode_701-516EX4,10017006,dengue,0,48,0,TAAGGCGA-TAGAGTGATC,,,1001700610_A17,48,0,0,0,Control,48h,e:\Zika_antigravity\00_raw_data\GSE110496\GSM2993431_1001700610_A17_counts.tsv,6633,415695.0,24998.0,6.0135436,0.8393515216097945,0.8906082410503486,G2M,Bystander_DENV,0.07138434052467346
GSM2993432,huh7,Barcode_701-506EX4,10017006,dengue,1,48,0,TAAGGCGA-TGCATAGATC,,,1001700610_B1,48,1,0,1,Control,48h,e:\Zika_antigravity\00_raw_data\GSE110496\GSM2993432_1001700610_B1_counts.tsv,4881,479300.0,18566.0,3.8735657,0.9048551372147077,-0.05137966594066834,S,Low_DENV,0.13428005576133728
GSM2993433,huh7,Barcode_701-517EX4,10017006,dengue,0,48,0,TAAGGCGA-GTAAGAGATC,,,1001700610_B2,48,0,0,0,Control,48h,e:\Zika_antigravity\00_raw_data\GSE110496\GSM2993433_1001700610_B2_counts.tsv,4508,259048.0,7739.0,2.9874773,0.6131536234014978,-0.3411598808545684,S,Bystander_DENV,0.1561240404844284
GSM2993434,huh7,Barcode_701-507EX4,10017006,dengue,1,48,0,TAAGGCGA-GGAGTAGATC,,,1001700610_B5,48,1,0,1,Control,48h,e:\Zika_antigravity\00_raw_data\GSE110496\GSM2993434_1001700610_B5_counts.tsv,5953,574329.0,16905.0,2.943435,-0.48268681868378605,-0.4457632866918014,G1,Low_DENV,0.19152842462062836
GSM2993435,huh7,Barcode_701-518EX4,10017006,dengue,0,48,0,TAAGGCGA-ATTAAGGATC,,,1001700610_B8,48,0,0,0,Control,48h,e:\Zika_antigravity\00_raw_data\GSE110496\GSM2993435_1001700610_B8_counts.tsv,6910,443649.0,18512.0,4.172668,0.3808820853963317,1.428624980422516,G2M,Bystander_DENV,0.06244151294231415
GSM2993436,huh7,Barcode_701-508EX4,10017006,dengue,0,48,0,TAAGGCGA-AAGCCTGATC,,,1001700610_B12,48,0,0,0,Control,48h,e:\Zika_antigravity\00_raw_data\GSE110496\GSM2993436_1001700610_B12_counts.tsv,6533,372357.0,15022.0,4.0343003,-0.5203433104746398,-0.4471125291318496,G1,Bystander_DENV,0.1672201007604599
GSM2993437,huh7,Barcode_701-520EX4,10017006,dengue,0,48,0,TAAGGCGA-GGCTATGATC,,,1001700610_B14,48,0,0,0,Control,48h,e:\Zika_antigravity\00_raw_data\GSE110496\GSM2993437_1001700610_B14_counts.tsv,6978,515042.0,22677.0,4.4029417,1.130860390931013,0.6195506161264904,S,Bystander_DENV,0.16717448830604553
GSM2993438,huh7,Barcode_701-510EX4,10017006,dengue,0,48,0,TAAGGCGA-TCTAATGATC,,,1001700610_B16,48,0,0,0,Control,48h,e:\Zika_antigravity\00_raw_data\GSE110496\GSM2993438_1001700610_B16_counts.tsv,6661,668005.0,26797.0,4.011497,0.23800910581790263,0.6040591875072929,G2M,Bystander_DENV,0.15048761665821075
GSM2993441,huh7,Barcode_701-522EX4,10017006,dengue,0,48,0,TAAGGCGA-ATGCGAGATC,,,1001700610_B22,48,0,0,0,Control,48h,e:\Zika_antigravity\00_raw_data\GSE110496\GSM2993441_1001700610_B22_counts.tsv,6723,465121.0,16173.0,3.47716,0.22780656471094562,1.001991919278094,G2M,Bystander_DENV,0.11602839827537537
GSM2993442,huh7,Barcode_702-502EX4,10017006,dengue,1,48,0,CGTACTAG-CTCTATGATC,,,1001700610_C10,48,1,0,1,Control,48h,e:\Zika_antigravity\00_raw_data\GSE110496\GSM2993442_1001700610_C10_counts.tsv,5232,621960.0,25954.0,4.1729374,-0.49203349492911785,-0.25300842109032107,G1,Low_DENV,0.15502038598060608
GSM2993444,huh7,Barcode_702-503EX4,10017006,dengue,0,48,0,CGTACTAG-TCCTCTGATC,,,1001700610_C15,48,0,0,0,Control,48h,e:\Zika_antigravity\00_raw_data\GSE110496\GSM2993444_1001700610_C15_counts.tsv,5768,428876.0,9334.0,2.1763866,-0.02036805059982552,0.18216746978557644,G2M,Bystander_DENV,0.16055864095687866
GSM2993445,huh7,Barcode_702-515EX4,10017006,dengue,0,48,0,CGTACTAG-CTAGCTGATC,,,1001700610_C19,48,0,0,0,Control,48h,e:\Zika_antigravity\00_raw_data\GSE110496\GSM2993445_1001700610_C19_counts.tsv,6680,422120.0,21806.0,5.1658297,-0.48120371954116437,-0.29953422998068174,G1,Bystander_DENV,0.18838857114315033
GSM2993446,huh7,Barcode_702-505EX4,10017006,dengue,0,48,0,CGTACTAG-AAGGAGGATC,,,1001700610_D3,48,0,0,0,Control,48h,e:\Zika_antigravity\00_raw_data\GSE110496\GSM2993446_1001700610_D3_counts.tsv,5214,85179.0,2755.0,3.2343652,0.5553985399504502,-0.0020941632548349964,S,Bystander_DENV,0.18049967288970947
GSM2993447,huh7,Barcode_702-516EX4,10017006,dengue,1,48,0,CGTACTAG-TAGAGTGATC,,,1001700610_D7,48,1,0,1,Control,48h,e:\Zika_antigravity\00_raw_data\GSE110496\GSM2993447_1001700610_D7_counts.tsv,2032,11577.0,290.0,2.5049667,-0.35234531327372504,-0.43160551745151127,G1,Low_DENV,0.13529688119888306
GSM2993448,huh7,Barcode_702-506EX4,10017006,dengue,0,48,0,CGTACTAG-TGCATAGATC,,,1001700610_D9,48,0,0,0,Control,48h,e:\Zika_antigravity\00_raw_data\GSE110496\GSM2993448_1001700610_D9_counts.tsv,7207,546404.0,22241.0,4.070431,-0.5723294830348875,-0.6431880782646907,G1,Bystander_DENV,0.192428320646286
GSM2993449,huh7,Barcode_702-517EX4,10017006,dengue,0,48,0,CGTACTAG-GTAAGAGATC,,,1001700610_D11,48,0,0,0,Control,48h,e:\Zika_antigravity\00_raw_data\GSE110496\GSM2993449_1001700610_D11_counts.tsv,5112,258037.0,7435.0,2.8813698,0.7603709251930316,0.8623560319888401,G2M,Bystander_DENV,0.10607627034187317
GSM2993450,huh7,Barcode_702-507EX4,10017006,dengue,0,48,0,CGTACTAG-GGAGTAGATC,,,1001700610_D14,48,0,0,0,Control,48h,e:\Zika_antigravity\00_raw_data\GSE110496\GSM2993450_1001700610_D14_counts.tsv,6284,218542.0,8770.0,4.0129585,1.0807049133820414,-0.13824697267268052,S,Bystander_DENV,0.18286818265914917
GSM2993451,huh7,Barcode_702-518EX4,10017006,dengue,1,48,0,CGTACTAG-ATTAAGGATC,,,1001700610_D17,48,1,0,1,Control,48h,e:\Zika_antigravity\00_raw_data\GSE110496\GSM2993451_1001700610_D17_counts.tsv,5940,306120.0,19032.0,6.21717,-0.4800578605095368,-0.4422642754025785,G1,Low_DENV,0.19611024856567383
GSM2993452,huh7,Barcode_702-508EX4,10017006,dengue,0,48,0,CGTACTAG-AAGCCTGATC,,,1001700610_D21,48,0,0,0,Control,48h,e:\Zika_antigravity\00_raw_data\GSE110496\GSM2993452_1001700610_D21_counts.tsv,6054,460576.0,18655.0,4.050363,-0.21617355497465246,1.5195600195618595,G2M,Bystander_DENV,0.10180746018886566
GSM2993453,huh7,Barcode_702-520EX4,10017006,dengue,0,48,0,CGTACTAG-GGCTATGATC,,,1001700610_E5,48,0,0,0,Control,48h,e:\Zika_antigravity\00_raw_data\GSE110496\GSM2993453_1001700610_E5_counts.tsv,6680,398057.0,13570.0,3.4090593,1.4055406791956297,-0.11427737892640472,S,Bystander_DENV,0.17412884533405304
GSM2993454,huh7,Barcode_702-510EX4,10017006,dengue,0,48,0,CGTACTAG-TCTAATGATC,,,1001700610_E15,48,0,0,0,Control,48h,e:\Zika_antigravity\00_raw_data\GSE110496\GSM2993454_1001700610_E15_counts.tsv,6835,431173.0,18791.0,4.3581114,-0.07365553907515103,-0.16334095787474018,G1,Bystander_DENV,0.15870827436447144
GSM2993455,huh7,Barcode_702-521EX4,10017006,dengue,0,48,0,CGTACTAG-GCCTTAGATC,,,1001700610_E19,48,0,0,0,Control,48h,e:\Zika_antigravity\00_raw_data\GSE110496\GSM2993455_1001700610_E19_counts.tsv,7083,335791.0,13681.0,4.0742607,1.1271279886630163,0.22198163581776018,S,Bystander_DENV,0.18720699846744537
GSM2993456,huh7,Barcode_702-511EX4,10017006,dengue,0,48,0,CGTACTAG-TCTCCGGATC,,,1001700610_E22,48,0,0,0,Control,48h,e:\Zika_antigravity\00_raw_data\GSE110496\GSM2993456_1001700610_E22_counts.tsv,2423,11224.0,406.0,3.6172488,-0.002921814533571397,-0.0767148835507458,G1,Bystander_DENV,0.13833317160606384
GSM2993457,huh7,Barcode_702-522EX4,10017006,dengue,0,48,0,CGTACTAG-ATGCGAGATC,,,1001700610_F2,48,0,0,0,Control,48h,e:\Zika_antigravity\00_raw_data\GSE110496\GSM2993457_1001700610_F2_counts.tsv,2522,14663.0,527.0,3.5940804,-0.19978343553486322,0.7326112936213475,G2M,Bystander_DENV,0.11364828050136566
GSM2993458,huh7,Barcode_703-502EX4,10017006,dengue,1,48,0,AGGCAGAA-CTCTATGATC,,,1001700610_F8,48,1,0,1,Control,48h,e:\Zika_antigravity\00_raw_data\GSE110496\GSM2993458_1001700610_F8_counts.tsv,7432,475992.0,16851.0,3.5401855,1.2827524493060385,0.5311142977923919,S,Low_DENV,0.10602861642837524
GSM2993459,huh7,Barcode_703-513EX4,10017006,dengue,0,48,0,AGGCAGAA-GACTAGGATC,,,1001700610_F11,48,0,0,0,Control,48h,e:\Zika_antigravity\00_raw_data\GSE110496\GSM2993459_1001700610_F11_counts.tsv,6774,530113.0,18384.0,3.4679399,0.863977912377699,0.2588573787033865,S,Bystander_DENV,0.1844400316476822
GSM2993460,huh7,Barcode_703-503EX4,10017006,dengue,1,48,0,AGGCAGAA-TCCTCTGATC,,,1001700610_F12,48,1,0,1,Control,48h,e:\Zika_antigravity\00_raw_data\GSE110496\GSM2993460_1001700610_F12_counts.tsv,7070,436566.0,15860.0,3.6328986,0.7705879375382904,-0.26532700161215284,S,Low_DENV,0.15262621641159058
GSM2993461,huh7,Barcode_703-515EX4,10017006,dengue,0,48,0,AGGCAGAA-CTAGCTGATC,,,1001700610_F14,48,0,0,0,Control,48h,e:\Zika_antigravity\00_raw_data\GSE110496\GSM2993461_1001700610_F14_counts.tsv,6975,627258.0,23714.0,3.7805815,-0.7298454153041044,-0.6652453349078508,G1,Bystander_DENV,0.2013014405965805
GSM2993462,huh7,Barcode_703-505EX4,10017006,dengue,0,48,0,AGGCAGAA-AAGGAGGATC,,,1001700610_F16,48,0,0,0,Control,48h,e:\Zika_antigravity\00_raw_data\GSE110496\GSM2993462_1001700610_F16_counts.tsv,5494,111630.0,3632.0,3.2536056,1.0772065223438576,-0.06924415421158232,S,Bystander_DENV,0.17507968842983246
GSM2993464,huh7,Barcode_703-506EX4,10017006,dengue,0,48,0,AGGCAGAA-TGCATAGATC,,,1001700610_G4,48,0,0,0,Control,48h,e:\Zika_antigravity\00_raw_data\GSE110496\GSM2993464_1001700610_G4_counts.tsv,7640,557755.0,18467.0,3.310952,0.4958723603903006,0.39761749924615214,S,Bystander_DENV,0.16910973191261292
GSM2993465,huh7,Barcode_703-517EX4,10017006,dengue,0,48,0,AGGCAGAA-GTAAGAGATC,,,1001700610_G6,48,0,0,0,Control,48h,e:\Zika_antigravity\00_raw_data\GSE110496\GSM2993465_1001700610_G6_counts.tsv,6977,377233.0,12565.0,3.3308327,0.432981130940884,-0.23704746983686495,S,Bystander_DENV,0.17256459593772888
GSM2993466,huh7,Barcode_703-507EX4,10017006,dengue,0,48,0,AGGCAGAA-GGAGTAGATC,,,1001700610_G13,48,0,0,0,Control,48h,e:\Zika_antigravity\00_raw_data\GSE110496\GSM2993466_1001700610_G13_counts.tsv,6470,517342.0,27967.0,5.405902,0.8877107437389593,-0.05629711781723404,S,Bystander_DENV,0.19323739409446716
GSM2993467,huh7,Barcode_703-518EX4,10017006,dengue,0,48,0,AGGCAGAA-ATTAAGGATC,,,1001700610_G18,48,0,0,0,Control,48h,e:\Zika_antigravity\00_raw_data\GSE110496\GSM2993467_1001700610_G18_counts.tsv,6772,568434.0,20653.0,3.6333156,0.23646862243019443,0.6079929861283757,G2M,Bystander_DENV,0.19022148847579956
GSM2993468,huh7,Barcode_703-508EX4,10017006,dengue,1,48,0,AGGCAGAA-AAGCCTGATC,,,1001700610_G19,48,1,0,1,Control,48h,e:\Zika_antigravity\00_raw_data\GSE110496\GSM2993468_1001700610_G19_counts.tsv,3253,20123.0,494.0,2.4549024,1.495513445901729,0.4512538631571388,S,Low_DENV,0.17841514945030212
GSM2993469,huh7,Barcode_703-520EX4,10017006,dengue,0,48,0,AGGCAGAA-GGCTATGATC,,,1001700610_G21,48,0,0,0,Control,48h,e:\Zika_antigravity\00_raw_data\GSE110496\GSM2993469_1001700610_G21_counts.tsv,7019,362122.0,13430.0,3.708695,-0.7187916709731023,-0.6681590334388421,G1,Bystander_DENV,0.16950882971286774
GSM2993470,huh7,Barcode_703-510EX4,10017006,dengue,0,48,0,AGGCAGAA-TCTAATGATC,,,1001700610_G22,48,0,0,0,Control,48h,e:\Zika_antigravity\00_raw_data\GSE110496\GSM2993470_1001700610_G22_counts.tsv,7197,528856.0,26141.0,4.9429336,1.0368517548732814,-0.19762738768928667,S,Bystander_DENV,0.1384475827217102
GSM2993472,huh7,Barcode_703-511EX4,10017006,dengue,1,48,0,AGGCAGAA-TCTCCGGATC,,,1001700610_H9,48,1,0,1,Control,48h,e:\Zika_antigravity\00_raw_data\GSE110496\GSM2993472_1001700610_H9_counts.tsv,7157,664574.0,26292.0,3.9562185,0.3469065519537599,1.4630966166863055,G2M,Low_DENV,0.0860600620508194
GSM2993474,huh7,Barcode_704-502EX4,10017006,dengue,0,48,0,TCCTGAGC-CTCTATGATC,,,1001700610_H16,48,0,0,0,Control,48h,e:\Zika_antigravity\00_raw_data\GSE110496\GSM2993474_1001700610_H16_counts.tsv,6418,581291.0,28777.0,4.950533,0.13775511379575445,1.7001294769383124,G2M,Bystander_DENV,0.14717303216457367
GSM2993475,huh7,Barcode_704-513EX4,10017006,dengue,1,48,0,TCCTGAGC-GACTAGGATC,,,1001700610_I1,48,1,0,1,Control,48h,e:\Zika_antigravity\00_raw_data\GSE110496\GSM2993475_1001700610_I1_counts.tsv,4966,170226.0,8654.0,5.08383,0.275299812525156,-0.031644077764934206,S,Low_DENV,0.15936124324798584
GSM2993476,huh7,Barcode_704-503EX4,10017006,dengue,4,48,0,TCCTGAGC-TCCTCTGATC,,,1001700610_I3,48,4,0,4,Control,48h,e:\Zika_antigravity\00_raw_data\GSE110496\GSM2993476_1001700610_I3_counts.tsv,7235,541818.0,14274.0,2.634464,-0.3796098130161963,0.9307130839843223,G2M,Low_DENV,0.21666739881038666
GSM2993477,huh7,Barcode_704-515EX4,10017006,dengue,0,48,0,TCCTGAGC-CTAGCTGATC,,,1001700610_I8,48,0,0,0,Control,48h,e:\Zika_antigravity\00_raw_data\GSE110496\GSM2993477_1001700610_I8_counts.tsv,7350,553250.0,13934.0,2.518572,1.019358965617028,0.4313911394558766,S,Bystander_DENV,0.19557464122772217
GSM2993478,huh7,Barcode_704-505EX4,10017006,dengue,0,48,0,TCCTGAGC-AAGGAGGATC,,,1001700610_I11,48,0,0,0,Control,48h,e:\Zika_antigravity\00_raw_data\GSE110496\GSM2993478_1001700610_I11_counts.tsv,5065,82764.0,1917.0,2.3162243,-0.736792489285359,-0.7010107777054886,G1,Bystander_DENV,0.19702032208442688
GSM2993480,huh7,Barcode_704-506EX4,10017006,dengue,0,48,0,TCCTGAGC-TGCATAGATC,,,1001700610_I14,48,0,0,0,Control,48h,e:\Zika_antigravity\00_raw_data\GSE110496\GSM2993480_1001700610_I14_counts.tsv,6979,452631.0,16433.0,3.6305513,-0.2602257480401369,0.1692112057977546,G2M,Bystander_DENV,0.1732119917869568
GSM2993481,huh7,Barcode_704-517EX4,10017006,dengue,0,48,0,TCCTGAGC-GTAAGAGATC,,,1001700610_I17,48,0,0,0,Control,48h,e:\Zika_antigravity\00_raw_data\GSE110496\GSM2993481_1001700610_I17_counts.tsv,6611,170879.0,5926.0,3.467951,1.0142439961610805,-0.2209426868596199,S,Bystander_DENV,0.17484064400196075
GSM2993482,huh7,Barcode_704-507EX4,10017006,dengue,0,48,0,TCCTGAGC-GGAGTAGATC,,,1001700610_I21,48,0,0,0,Control,48h,e:\Zika_antigravity\00_raw_data\GSE110496\GSM2993482_1001700610_I21_counts.tsv,6267,261818.0,11401.0,4.354552,-0.18656468647033242,1.4594027349643164,G2M,Bystander_DENV,0.18932288885116577
GSM2993483,huh7,Barcode_704-518EX4,10017006,dengue,1,48,0,TCCTGAGC-ATTAAGGATC,,,1001700610_J8,48,1,0,1,Control,48h,e:\Zika_antigravity\00_raw_data\GSE110496\GSM2993483_1001700610_J8_counts.tsv,6471,338716.0,12371.0,3.6523223,0.8208503320813179,-0.24670741707354144,S,Low_DENV,0.17020347714424133
GSM2993484,huh7,Barcode_704-508EX4,10017006,dengue,4,48,0,TCCTGAGC-AAGCCTGATC,,,1001700610_J10,48,4,0,4,Control,48h,e:\Zika_antigravity\00_raw_data\GSE110496\GSM2993484_1001700610_J10_counts.tsv,7618,489932.0,18434.0,3.762563,-0.3860253245348022,1.0338854069107348,G2M,Low_DENV,0.1027611494064331
GSM2993485,huh7,Barcode_704-520EX4,10017006,dengue,0,48,0,TCCTGAGC-GGCTATGATC,,,1001700610_J13,48,0,0,0,Control,48h,e:\Zika_antigravity\00_raw_data\GSE110496\GSM2993485_1001700610_J13_counts.tsv,6334,473637.0,19808.0,4.182106,0.024910679206784282,-0.33477709897249536,S,Bystander_DENV,0.1413245052099228
GSM2993487,huh7,Barcode_704-521EX4,10017006,dengue,0,48,0,TCCTGAGC-GCCTTAGATC,,,1001700610_J22,48,0,0,0,Control,48h,e:\Zika_antigravity\00_raw_data\GSE110496\GSM2993487_1001700610_J22_counts.tsv,6975,423000.0,19048.0,4.503073,0.8374635367521218,0.8155455990442438,S,Bystander_DENV,0.16677318513393402
GSM2993488,huh7,Barcode_704-511EX4,10017006,dengue,0,48,0,TCCTGAGC-TCTCCGGATC,,,1001700610_K2,48,0,0,0,Control,48h,e:\Zika_antigravity\00_raw_data\GSE110496\GSM2993488_1001700610_K2_counts.tsv,5311,120826.0,4075.0,3.3726187,1.288611044646019,-0.1408568790932838,S,Bystander_DENV,0.1781376302242279
GSM2993489,huh7,Barcode_704-522EX4,10017006,dengue,0,48,0,TCCTGAGC-ATGCGAGATC,,,1001700610_K6,48,0,0,0,Control,48h,e:\Zika_antigravity\00_raw_data\GSE110496\GSM2993489_1001700610_K6_counts.tsv,6473,206088.0,6879.0,3.3378944,-0.12598144956642673,-0.2958882409156481,G1,Bystander_DENV,0.18301509320735931
GSM2993490,huh7,Barcode_705-502EX4,10017006,dengue,0,48,0,GGACTCCT-CTCTATGATC,,,1001700610_K11,48,0,0,0,Control,48h,e:\Zika_antigravity\00_raw_data\GSE110496\GSM2993490_1001700610_K11_counts.tsv,7138,624045.0,23926.0,3.8340185,1.6051077259704472,0.06760641992525399,S,Bystander_DENV,0.14666801691055298
GSM2993491,huh7,Barcode_705-513EX4,10017006,dengue,3,48,0,GGACTCCT-GACTAGGATC,,,1001700610_K13,48,3,0,3,Control,48h,e:\Zika_antigravity\00_raw_data\GSE110496\GSM2993491_1001700610_K13_counts.tsv,7085,505108.0,27284.0,5.401617,1.340071861115506,0.3671000007362457,S,Low_DENV,0.21317711472511292
GSM2993492,huh7,Barcode_705-503EX4,10017006,dengue,0,48,0,GGACTCCT-TCCTCTGATC,,,1001700610_K15,48,0,0,0,Control,48h,e:\Zika_antigravity\00_raw_data\GSE110496\GSM2993492_1001700610_K15_counts.tsv,7205,497141.0,14581.0,2.9329708,0.08461551660605307,-0.12038395501381523,S,Bystander_DENV,0.16308467090129852
GSM2993493,huh7,Barcode_705-515EX4,10017006,dengue,1,48,0,GGACTCCT-CTAGCTGATC,,,1001700610_K18,48,1,0,1,Control,48h,e:\Zika_antigravity\00_raw_data\GSE110496\GSM2993493_1001700610_K18_counts.tsv,6554,687062.0,28969.0,4.2163587,-0.3706957977996873,-0.212673962546154,G1,Low_DENV,0.1720568835735321
GSM2993494,huh7,Barcode_705-505EX4,10017006,dengue,0,48,0,GGACTCCT-AAGGAGGATC,,,1001700610_K20,48,0,0,0,Control,48h,e:\Zika_antigravity\00_raw_data\GSE110496\GSM2993494_1001700610_K20_counts.tsv,6339,163306.0,5841.0,3.576721,1.0032629834488036,0.324901271372806,S,Bystander_DENV,0.14935143291950226
GSM2993495,huh7,Barcode_705-516EX4,10017006,dengue,0,48,0,GGACTCCT-TAGAGTGATC,,,1001700610_K21,48,0,0,0,Control,48h,e:\Zika_antigravity\00_raw_data\GSE110496\GSM2993495_1001700610_K21_counts.tsv,6446,641731.0,24490.0,3.8162405,-0.0017055484732346887,0.6560323573814473,G2M,Bystander_DENV,0.17562545835971832
GSM2993497,huh7,Barcode_705-517EX4,10017006,dengue,0,48,0,GGACTCCT-GTAAGAGATC,,,1001700610_L8,48,0,0,0,Control,48h,e:\Zika_antigravity\00_raw_data\GSE110496\GSM2993497_1001700610_L8_counts.tsv,6811,388601.0,15337.0,3.9467216,0.34774725666890544,0.5438771534469515,G2M,Bystander_DENV,0.17333640158176422
GSM2993498,huh7,Barcode_705-507EX4,10017006,dengue,0,48,0,GGACTCCT-GGAGTAGATC,,,1001700610_L13,48,0,0,0,Control,48h,e:\Zika_antigravity\00_raw_data\GSE110496\GSM2993498_1001700610_L13_counts.tsv,6833,345634.0,14790.0,4.2790933,0.9440591206009101,0.21727714741430146,S,Bystander_DENV,0.1726970374584198
GSM2993499,huh7,Barcode_705-518EX4,10017006,dengue,0,48,0,GGACTCCT-ATTAAGGATC,,,1001700610_L14,48,0,0,0,Control,48h,e:\Zika_antigravity\00_raw_data\GSE110496\GSM2993499_1001700610_L14_counts.tsv,5549,688261.0,24711.0,3.5903533,0.10915353146182108,0.5767045060940169,G2M,Bystander_DENV,0.16177742183208466
GSM2993500,huh7,Barcode_705-508EX4,10017006,dengue,0,48,0,GGACTCCT-AAGCCTGATC,,,1001700610_L16,48,0,0,0,Control,48h,e:\Zika_antigravity\00_raw_data\GSE110496\GSM2993500_1001700610_L16_counts.tsv,6976,545023.0,16983.0,3.1160154,1.350787853626978,0.05523776952813771,S,Bystander_DENV,0.17641253769397736
GSM2993501,huh7,Barcode_705-520EX4,10017006,dengue,0,48,0,GGACTCCT-GGCTATGATC,,,1001700610_L19,48,0,0,0,Control,48h,e:\Zika_antigravity\00_raw_data\GSE110496\GSM2993501_1001700610_L19_counts.tsv,6783,502733.0,20921.0,4.1614537,-0.15397831206348547,1.1879077899043422,G2M,Bystander_DENV,0.19512075185775757
GSM2993502,huh7,Barcode_705-510EX4,10017006,dengue,0,48,0,GGACTCCT-TCTAATGATC,,,1001700610_L22,48,0,0,0,Control,48h,e:\Zika_antigravity\00_raw_data\GSE110496\GSM2993502_1001700610_L22_counts.tsv,6060,532536.0,23699.0,4.4502153,0.16176480521403608,-0.2614450452394311,S,Bystander_DENV,0.17340944707393646
GSM2993503,huh7,Barcode_705-521EX4,10017006,dengue,0,48,0,GGACTCCT-GCCTTAGATC,,,1001700610_M11,48,0,0,0,Control,48h,e:\Zika_antigravity\00_raw_data\GSE110496\GSM2993503_1001700610_M11_counts.tsv,6795,546212.0,20837.0,3.814819,1.1559675022471874,-0.03882686566546333,S,Bystander_DENV,0.17760172486305237
GSM2993504,huh7,Barcode_705-511EX4,10017006,dengue,0,48,0,GGACTCCT-TCTCCGGATC,,,1001700610_M17,48,0,0,0,Control,48h,e:\Zika_antigravity\00_raw_data\GSE110496\GSM2993504_1001700610_M17_counts.tsv,6896,597085.0,27478.0,4.6020246,-0.23089065197855235,-0.5159948288211602,G1,Bystander_DENV,0.19303473830223083
GSM2993505,huh7,Barcode_705-522EX4,10017006,dengue,0,48,0,GGACTCCT-ATGCGAGATC,,,1001700610_M20,48,0,0,0,Control,48h,e:\Zika_antigravity\00_raw_data\GSE110496\GSM2993505_1001700610_M20_counts.tsv,6717,478774.0,21377.0,4.464946,0.94376887068862,0.7756335135024484,S,Bystander_DENV,0.14142994582653046
GSM2993506,huh7,Barcode_706-502EX4,10017006,dengue,5,48,0,TAGGCATG-CTCTATGATC,,,1001700610_M21,48,5,0,5,Control,48h,e:\Zika_antigravity\00_raw_data\GSE110496\GSM2993506_1001700610_M21_counts.tsv,5700,634231.0,11745.0,1.8518488,0.24089431272198755,-0.1563123237282275,S,Low_DENV,0.13537447154521942
GSM2993507,huh7,Barcode_706-513EX4,10017006,dengue,3,48,0,TAGGCATG-GACTAGGATC,,,1001700610_N8,48,3,0,3,Control,48h,e:\Zika_antigravity\00_raw_data\GSE110496\GSM2993507_1001700610_N8_counts.tsv,2527,13844.0,417.0,3.0121353,0.35786229744553566,0.632694812502382,G2M,Low_DENV,0.1221277192234993
GSM2993508,huh7,Barcode_706-503EX4,10017006,dengue,0,48,0,TAGGCATG-TCCTCTGATC,,,1001700610_N18,48,0,0,0,Control,48h,e:\Zika_antigravity\00_raw_data\GSE110496\GSM2993508_1001700610_N18_counts.tsv,6950,491325.0,23971.0,4.878848,0.8438284546303163,0.9713574562565981,G2M,Bystander_DENV,0.07547158747911453
GSM2993509,huh7,Barcode_706-515EX4,10017006,dengue,0,48,0,TAGGCATG-CTAGCTGATC,,,1001700610_N19,48,0,0,0,Control,48h,e:\Zika_antigravity\00_raw_data\GSE110496\GSM2993509_1001700610_N19_counts.tsv,6686,601189.0,23158.0,3.8520331,0.38653344948321494,0.6069947882762925,G2M,Bystander_DENV,0.09632422029972076
GSM2993510,huh7,Barcode_706-505EX4,10017006,dengue,3,48,0,TAGGCATG-AAGGAGGATC,,,1001700610_N22,48,3,0,3,Control,48h,e:\Zika_antigravity\00_raw_data\GSE110496\GSM2993510_1001700610_N22_counts.tsv,5115,90623.0,3452.0,3.8091877,0.0812574212162179,1.6979725038683555,G2M,Low_DENV,0.099959596991539
GSM2993512,huh7,Barcode_706-506EX4,10017006,dengue,0,48,0,TAGGCATG-TGCATAGATC,,,1001700610_O6,48,0,0,0,Control,48h,e:\Zika_antigravity\00_raw_data\GSE110496\GSM2993512_1001700610_O6_counts.tsv,7360,446622.0,17213.0,3.8540423,0.2751786195185213,1.308676579498483,G2M,Bystander_DENV,0.09863248467445374
GSM2993517,huh7,Barcode_706-520EX4,10017006,dengue,0,48,0,TAGGCATG-GGCTATGATC,,,1001700610_P11,48,0,0,0,Control,48h,e:\Zika_antigravity\00_raw_data\GSE110496\GSM2993517_1001700610_P11_counts.tsv,4859,601046.0,26656.0,4.434935,0.4748568298206443,-0.23437630423445852,S,Bystander_DENV,0.12490464746952057
GSM2993518,huh7,Barcode_706-510EX4,10017006,dengue,0,48,0,TAGGCATG-TCTAATGATC,,,1001700610_P13,48,0,0,0,Control,48h,e:\Zika_antigravity\00_raw_data\GSE110496\GSM2993518_1001700610_P13_counts.tsv,6882,517187.0,27079.0,5.2358236,0.6490766134467864,-0.1156082283945225,S,Bystander_DENV,0.17373909056186676
GSM2993519,huh7,Barcode_706-521EX4,10017006,dengue,0,48,0,TAGGCATG-GCCTTAGATC,,,1001700610_P15,48,0,0,0,Control,48h,e:\Zika_antigravity\00_raw_data\GSE110496\GSM2993519_1001700610_P15_counts.tsv,5679,194978.0,8629.0,4.425627,-0.1853779583587311,-0.4592532967331078,G1,Bystander_DENV,0.14785335958003998
GSM2993520,huh7,Barcode_706-511EX4,10017006,dengue,3,48,0,TAGGCATG-TCTCCGGATC,,,1001700610_P18,48,3,0,3,Control,48h,e:\Zika_antigravity\00_raw_data\GSE110496\GSM2993520_1001700610_P18_counts.tsv,7449,559407.0,23822.0,4.2584376,0.47093501624462775,1.275004106446749,G2M,Low_DENV,0.1185360848903656
GSM2993521,huh7,Barcode_706-522EX4,10017006,dengue,9129,48,1,TAGGCATG-ATGCGAGATC,0,,1001700611_A3,48,9129,0,9129,DENV,48h,e:\Zika_antigravity\00_raw_data\GSE110496\GSM2993521_1001700611_A3_counts.tsv,7475,396993.0,18864.0,4.751721,-0.575791910979786,-0.4630120434418907,G1,High_DENV,0.2329418808221817
GSM2993522,huh7,Barcode_707-502EX4,10017006,dengue,21502,48,1,CTCTCTAC-CTCTATGATC,0.474,,1001700611_A4,48,21502,0,21502,DENV,48h,e:\Zika_antigravity\00_raw_data\GSE110496\GSM2993522_1001700611_A4_counts.tsv,6574,541112.0,28401.0,5.2486362,0.011983248268231925,0.562334332162177,G2M,High_DENV,0.23634029924869537
GSM2993523,huh7,Barcode_707-513EX4,10017006,dengue,9959,48,1,CTCTCTAC-GACTAGGATC,0.511,,1001700611_A7,48,9959,0,9959,DENV,48h,e:\Zika_antigravity\00_raw_data\GSE110496\GSM2993523_1001700611_A7_counts.tsv,5806,245821.0,10978.0,4.4658513,-0.7509787913766646,-0.6418173964986754,G1,High_DENV,0.43217733502388
GSM2993524,huh7,Barcode_707-503EX4,10017006,dengue,10846,48,1,CTCTCTAC-TCCTCTGATC,0,,1001700611_A10,48,10846,0,10846,DENV,48h,e:\Zika_antigravity\00_raw_data\GSE110496\GSM2993524_1001700611_A10_counts.tsv,7882,482358.0,18458.0,3.8266187,0.02852287061756388,-0.3412725979999095,S,High_DENV,0.291377991437912
GSM2993525,huh7,Barcode_707-515EX4,10017006,dengue,16414,48,1,CTCTCTAC-CTAGCTGATC,0.965,,1001700611_A14,48,16414,0,16414,DENV,48h,e:\Zika_antigravity\00_raw_data\GSE110496\GSM2993525_1001700611_A14_counts.tsv,6377,532676.0,35672.0,6.696754,-0.474725270856704,-0.5366663514430099,G1,High_DENV,0.3659370243549347
GSM2993526,huh7,Barcode_707-505EX4,10017006,dengue,181,48,1,CTCTCTAC-AAGGAGGATC,0,,1001700611_A18,48,181,0,181,DENV,48h,e:\Zika_antigravity\00_raw_data\GSE110496\GSM2993526_1001700611_A18_counts.tsv,2217,9078.0,489.0,5.386649,-0.01341353107598564,0.8218477065057028,G2M,High_DENV,0.11825066804885864
GSM2993527,huh7,Barcode_707-516EX4,10017006,dengue,688,48,1,CTCTCTAC-TAGAGTGATC,1.134,,1001700611_B6,48,688,0,688,DENV,48h,e:\Zika_antigravity\00_raw_data\GSE110496\GSM2993527_1001700611_B6_counts.tsv,5997,96505.0,3245.0,3.36252,-0.522198440902312,0.1774010208811111,G2M,High_DENV,0.16362224519252777
GSM2993528,huh7,Barcode_707-506EX4,10017006,dengue,1238,48,1,CTCTCTAC-TGCATAGATC,0.479,,1001700611_B9,48,1238,0,1238,DENV,48h,e:\Zika_antigravity\00_raw_data\GSE110496\GSM2993528_1001700611_B9_counts.tsv,7810,215092.0,8755.0,4.070351,-0.9342449004362736,-0.4400995721891545,G1,High_DENV,0.17734502255916595
GSM2993529,huh7,Barcode_707-517EX4,10017006,dengue,344,48,1,CTCTCTAC-GTAAGAGATC,0,,1001700611_B10,48,344,0,344,DENV,48h,e:\Zika_antigravity\00_raw_data\GSE110496\GSM2993529_1001700611_B10_counts.tsv,3326,17756.0,389.0,2.1908088,0.5194315743543917,0.5183684851402269,S,High_DENV,0.25679969787597656
GSM2993530,huh7,Barcode_707-507EX4,10017006,dengue,1029,48,1,CTCTCTAC-GGAGTAGATC,0,,1001700611_B11,48,1029,0,1029,DENV,48h,e:\Zika_antigravity\00_raw_data\GSE110496\GSM2993530_1001700611_B11_counts.tsv,5086,96715.0,3369.0,3.4834306,-0.6204937208266484,0.1951499597192295,G2M,High_DENV,0.17694588005542755
GSM2993531,huh7,Barcode_707-518EX4,10017006,dengue,6823,48,1,CTCTCTAC-ATTAAGGATC,0,,1001700611_B15,48,6823,0,6823,DENV,48h,e:\Zika_antigravity\00_raw_data\GSE110496\GSM2993531_1001700611_B15_counts.tsv,6094,242847.0,14738.0,6.068842,-0.6048567174712107,-0.6119279474457551,G1,High_DENV,0.23285944759845734
GSM2993532,huh7,Barcode_707-508EX4,10017006,dengue,32574,48,1,CTCTCTAC-AAGCCTGATC,0.21,,1001700611_B20,48,32574,0,32574,DENV,48h,e:\Zika_antigravity\00_raw_data\GSE110496\GSM2993532_1001700611_B20_counts.tsv,5471,610617.0,32991.0,5.402896,-0.6427929350197137,-0.6059412040962552,G1,High_DENV,0.6370599865913391
GSM2993533,huh7,Barcode_707-520EX4,10017006,dengue,8322,48,1,CTCTCTAC-GGCTATGATC,0.001,,1001700611_B22,48,8322,0,8322,DENV,48h,e:\Zika_antigravity\00_raw_data\GSE110496\GSM2993533_1001700611_B22_counts.tsv,6364,342554.0,23235.0,6.782872,-0.590081931295849,-0.3925874659858948,G1,High_DENV,0.2628916800022125
GSM2993534,huh7,Barcode_707-510EX4,10017006,dengue,9418,48,1,CTCTCTAC-TCTAATGATC,0.251,,1001700611_C5,48,9418,0,9418,DENV,48h,e:\Zika_antigravity\00_raw_data\GSE110496\GSM2993534_1001700611_C5_counts.tsv,7510,508588.0,23143.0,4.5504417,-0.4433675259839566,-0.38732785409577186,G1,High_DENV,0.21426285803318024
GSM2993535,huh7,Barcode_707-521EX4,10017006,dengue,11014,48,1,CTCTCTAC-GCCTTAGATC,0.725,,1001700611_C9,48,11014,0,11014,DENV,48h,e:\Zika_antigravity\00_raw_data\GSE110496\GSM2993535_1001700611_C9_counts.tsv,7240,338437.0,11457.0,3.3852682,-0.0651409407079752,-0.32710894752437103,G1,High_DENV,0.2913596034049988
GSM2993536,huh7,Barcode_707-511EX4,10017006,dengue,26287,48,1,CTCTCTAC-TCTCCGGATC,0.26,,1001700611_C13,48,26287,0,26287,DENV,48h,e:\Zika_antigravity\00_raw_data\GSE110496\GSM2993536_1001700611_C13_counts.tsv,7450,280806.0,13301.0,4.7367225,-0.7558931205399512,-0.6045215908903772,G1,High_DENV,0.4414185583591461
GSM2993538,huh7,Barcode_710-502EX4,10017006,dengue,17481,48,1,CGAGGCTG-CTCTATGATC,0,,1001700611_C16,48,17481,0,17481,DENV,48h,e:\Zika_antigravity\00_raw_data\GSE110496\GSM2993538_1001700611_C16_counts.tsv,6718,383544.0,26014.0,6.782533,-0.37702264525744666,-0.41259834800347106,G1,High_DENV,0.36318016052246094
GSM2993539,huh7,Barcode_710-513EX4,10017006,dengue,27164,48,1,CGAGGCTG-GACTAGGATC,0.455,,1001700611_C17,48,27164,0,27164,DENV,48h,e:\Zika_antigravity\00_raw_data\GSE110496\GSM2993539_1001700611_C17_counts.tsv,6850,443579.0,19162.0,4.319862,-0.6562254890422559,-0.7091779318476741,G1,High_DENV,0.647894561290741
GSM2993540,huh7,Barcode_710-503EX4,10017006,dengue,6604,48,1,CGAGGCTG-TCCTCTGATC,0.984,,1001700611_C18,48,6604,0,6604,DENV,48h,e:\Zika_antigravity\00_raw_data\GSE110496\GSM2993540_1001700611_C18_counts.tsv,5141,129380.0,7027.0,5.431288,-0.45513210207711724,0.16293826266761313,G2M,High_DENV,0.5181648135185242
GSM2993541,huh7,Barcode_710-515EX4,10017006,dengue,4616,48,1,CGAGGCTG-CTAGCTGATC,0.063,,1001700611_C19,48,4616,0,4616,DENV,48h,e:\Zika_antigravity\00_raw_data\GSE110496\GSM2993541_1001700611_C19_counts.tsv,7062,567401.0,13256.0,2.3362665,-0.6975855578801461,0.18354323166995526,G2M,High_DENV,0.36403459310531616
GSM2993542,huh7,Barcode_710-505EX4,10017006,dengue,13831,48,1,CGAGGCTG-AAGGAGGATC,0.929,,1001700611_C20,48,13831,0,13831,DENV,48h,e:\Zika_antigravity\00_raw_data\GSE110496\GSM2993542_1001700611_C20_counts.tsv,6026,203478.0,8807.0,4.328232,-0.6076583185721012,-0.7184876641210433,G1,High_DENV,0.5807535648345947
GSM2993543,huh7,Barcode_710-516EX4,10017006,dengue,51747,48,1,CGAGGCTG-TAGAGTGATC,0.669,,1001700611_C22,48,51747,0,51747,DENV,48h,e:\Zika_antigravity\00_raw_data\GSE110496\GSM2993543_1001700611_C22_counts.tsv,6459,522223.0,21296.0,4.0779514,-0.7034438040528802,-0.6875640750099733,G1,High_DENV,0.6970452666282654
GSM2993544,huh7,Barcode_710-506EX4,10017006,dengue,64576,48,1,CGAGGCTG-TGCATAGATC,4.981,,1001700611_D3,48,64576,0,64576,DENV,48h,e:\Zika_antigravity\00_raw_data\GSE110496\GSM2993544_1001700611_D3_counts.tsv,6753,600051.0,23848.0,3.974329,-0.3403247544009771,-0.3203448355025228,G1,High_DENV,0.7802156209945679
GSM2993545,huh7,Barcode_710-517EX4,10017006,dengue,7446,48,1,CGAGGCTG-GTAAGAGATC,1.236,,1001700611_D7,48,7446,0,7446,DENV,48h,e:\Zika_antigravity\00_raw_data\GSE110496\GSM2993545_1001700611_D7_counts.tsv,7027,415360.0,18073.0,4.3511653,-0.3110556138878954,-0.43638003490363747,G1,High_DENV,0.3099949061870575
GSM2993546,huh7,Barcode_710-507EX4,10017006,dengue,5979,48,1,CGAGGCTG-GGAGTAGATC,0,,1001700611_D9,48,5979,0,5979,DENV,48h,e:\Zika_antigravity\00_raw_data\GSE110496\GSM2993546_1001700611_D9_counts.tsv,6636,417551.0,21280.0,5.0963836,-0.5955960505525582,-0.5558655452844609,G1,High_DENV,0.3186403214931488
GSM2993547,huh7,Barcode_710-518EX4,10017006,dengue,15830,48,1,CGAGGCTG-ATTAAGGATC,0,,1001700611_D12,48,15830,0,15830,DENV,48h,e:\Zika_antigravity\00_raw_data\GSE110496\GSM2993547_1001700611_D12_counts.tsv,6859,626452.0,24230.0,3.8678143,-0.6807211997430949,-0.49224918132543405,G1,High_DENV,0.3425541818141937
GSM2993548,huh7,Barcode_710-508EX4,10017006,dengue,297,48,1,CGAGGCTG-AAGCCTGATC,0,,1001700611_D14,48,297,0,297,DENV,48h,e:\Zika_antigravity\00_raw_data\GSE110496\GSM2993548_1001700611_D14_counts.tsv,4060,32898.0,909.0,2.7630858,0.5830452538982389,-0.09152729328324459,S,High_DENV,0.19048237800598145
GSM2993549,huh7,Barcode_710-520EX4,10017006,dengue,16176,48,1,CGAGGCTG-GGCTATGATC,0.038,,1001700611_D16,48,16176,0,16176,DENV,48h,e:\Zika_antigravity\00_raw_data\GSE110496\GSM2993549_1001700611_D16_counts.tsv,7170,516423.0,21194.0,4.104,-0.3249904502269124,0.5413121135982877,G2M,High_DENV,0.3085651397705078
GSM2993550,huh7,Barcode_710-510EX4,10017006,dengue,5265,48,1,CGAGGCTG-TCTAATGATC,0,,1001700611_D18,48,5265,0,5265,DENV,48h,e:\Zika_antigravity\00_raw_data\GSE110496\GSM2993550_1001700611_D18_counts.tsv,6806,481460.0,22469.0,4.6668468,-0.45438433752528257,0.5612500451228042,G2M,High_DENV,0.12218378484249115
GSM2993551,huh7,Barcode_710-521EX4,10017006,dengue,7700,48,1,CGAGGCTG-GCCTTAGATC,0,,1001700611_D21,48,7700,0,7700,DENV,48h,e:\Zika_antigravity\00_raw_data\GSE110496\GSM2993551_1001700611_D21_counts.tsv,6380,246497.0,11879.0,4.8191257,-0.7556374123763471,-0.47467322722237204,G1,High_DENV,0.3266456723213196
GSM2993552,huh7,Barcode_710-511EX4,10017006,dengue,20226,48,1,CGAGGCTG-TCTCCGGATC,1.463,,1001700611_E4,48,20226,0,20226,DENV,48h,e:\Zika_antigravity\00_raw_data\GSE110496\GSM2993552_1001700611_E4_counts.tsv,5420,221682.0,7718.0,3.4815636,-0.6955543512594886,-0.5729928968010177,G1,High_DENV,0.5648601651191711
GSM2993553,huh7,Barcode_710-522EX4,10017006,dengue,8911,48,1,CGAGGCTG-ATGCGAGATC,0,,1001700611_E6,48,8911,0,8911,DENV,48h,e:\Zika_antigravity\00_raw_data\GSE110496\GSM2993553_1001700611_E6_counts.tsv,6830,359173.0,15485.0,4.311293,-0.6676068147644401,-0.5871023598006906,G1,High_DENV,0.24075034260749817
GSM2993554,huh7,Barcode_711-502EX4,10017006,dengue,10973,48,1,AAGAGGCA-CTCTATGATC,0,,1001700611_E7,48,10973,0,10973,DENV,48h,e:\Zika_antigravity\00_raw_data\GSE110496\GSM2993554_1001700611_E7_counts.tsv,7436,505723.0,17633.0,3.4866915,-0.5940011994203642,-0.6293658440629516,G1,High_DENV,0.4310096204280853
GSM2993555,huh7,Barcode_711-513EX4,10017006,dengue,16030,48,1,AAGAGGCA-GACTAGGATC,0.064,,1001700611_E9,48,16030,0,16030,DENV,48h,e:\Zika_antigravity\00_raw_data\GSE110496\GSM2993555_1001700611_E9_counts.tsv,7921,548212.0,22778.0,4.154962,-0.33407317352525534,0.4166850554906666,G2M,High_DENV,0.38638409972190857
GSM2993556,huh7,Barcode_711-503EX4,10017006,dengue,34186,48,1,AAGAGGCA-TCCTCTGATC,5.106,,1001700611_E10,48,34186,0,34186,DENV,48h,e:\Zika_antigravity\00_raw_data\GSE110496\GSM2993556_1001700611_E10_counts.tsv,5816,329402.0,15989.0,4.8539476,-0.7218687742299933,-0.619759704920238,G1,High_DENV,0.5049259662628174
GSM2993557,huh7,Barcode_711-515EX4,10017006,dengue,48354,48,1,AAGAGGCA-CTAGCTGATC,2.051,,1001700611_E11,48,48354,0,48354,DENV,48h,e:\Zika_antigravity\00_raw_data\GSE110496\GSM2993557_1001700611_E11_counts.tsv,6955,642596.0,29984.0,4.6660733,-0.7369071760436608,-0.7222190098826671,G1,High_DENV,0.6248390674591064
GSM2993558,huh7,Barcode_711-505EX4,10017006,dengue,2910,48,1,AAGAGGCA-AAGGAGGATC,0.438,,1001700611_E14,48,2910,0,2910,DENV,48h,e:\Zika_antigravity\00_raw_data\GSE110496\GSM2993558_1001700611_E14_counts.tsv,6574,187931.0,8643.0,4.5990286,0.6959590572065542,0.3686981308044209,S,High_DENV,0.1763366013765335
GSM2993559,huh7,Barcode_711-516EX4,10017006,dengue,23411,48,1,AAGAGGCA-TAGAGTGATC,0.009,,1001700611_E17,48,23411,0,23411,DENV,48h,e:\Zika_antigravity\00_raw_data\GSE110496\GSM2993559_1001700611_E17_counts.tsv,6559,909854.0,41202.0,4.528419,-0.611542228219055,-0.6312065079386956,G1,High_DENV,0.20891094207763672
GSM2993560,huh7,Barcode_711-506EX4,10017006,dengue,1741,48,1,AAGAGGCA-TGCATAGATC,0,,1001700611_E18,48,1741,0,1741,DENV,48h,e:\Zika_antigravity\00_raw_data\GSE110496\GSM2993560_1001700611_E18_counts.tsv,7127,502432.0,17422.0,3.4675338,-0.2997360872060415,-0.3980855246893936,G1,High_DENV,0.23518572747707367
GSM2993561,huh7,Barcode_711-517EX4,10017006,dengue,19024,48,1,AAGAGGCA-GTAAGAGATC,4.422,,1001700611_E20,48,19024,0,19024,DENV,48h,e:\Zika_antigravity\00_raw_data\GSE110496\GSM2993561_1001700611_E20_counts.tsv,6077,500136.0,20874.0,4.1736646,-0.7129728708771014,-0.7581218037702351,G1,High_DENV,0.5728252530097961
GSM2993562,huh7,Barcode_711-507EX4,10017006,dengue,2884,48,1,AAGAGGCA-GGAGTAGATC,0,,1001700611_E22,48,2884,0,2884,DENV,48h,e:\Zika_antigravity\00_raw_data\GSE110496\GSM2993562_1001700611_E22_counts.tsv,6563,381664.0,19828.0,5.195145,-0.29726160087046166,-0.3139299681525646,G1,High_DENV,0.20382370054721832
GSM2993563,huh7,Barcode_711-518EX4,10017006,dengue,21483,48,1,AAGAGGCA-ATTAAGGATC,0,,1001700611_F3,48,21483,0,21483,DENV,48h,e:\Zika_antigravity\00_raw_data\GSE110496\GSM2993563_1001700611_F3_counts.tsv,6916,693307.0,36974.0,5.332991,-0.2768705934108723,-0.5290531749477418,G1,High_DENV,0.32188937067985535
GSM2993564,huh7,Barcode_711-508EX4,10017006,dengue,17007,48,1,AAGAGGCA-AAGCCTGATC,0,,1001700611_F4,48,17007,0,17007,DENV,48h,e:\Zika_antigravity\00_raw_data\GSE110496\GSM2993564_1001700611_F4_counts.tsv,6662,574971.0,22802.0,3.9657652,0.6031319884849446,0.5213342875032736,S,High_DENV,0.31560829281806946
GSM2993565,huh7,Barcode_711-520EX4,10017006,dengue,18579,48,1,AAGAGGCA-GGCTATGATC,0,,1001700611_F12,48,18579,0,18579,DENV,48h,e:\Zika_antigravity\00_raw_data\GSE110496\GSM2993565_1001700611_F12_counts.tsv,7156,438631.0,18959.0,4.322312,-0.6640627215838149,-0.3732527014135103,G1,High_DENV,0.33187177777290344
GSM2993566,huh7,Barcode_711-510EX4,10017006,dengue,13630,48,1,AAGAGGCA-TCTAATGATC,0,,1001700611_F17,48,13630,0,13630,DENV,48h,e:\Zika_antigravity\00_raw_data\GSE110496\GSM2993566_1001700611_F17_counts.tsv,7108,534985.0,32723.0,6.11662,-0.277504290884272,-0.4019259923041253,G1,High_DENV,0.42812636494636536
GSM2993567,huh7,Barcode_711-521EX4,10017006,dengue,7573,48,1,AAGAGGCA-GCCTTAGATC,0,,1001700611_F19,48,7573,0,7573,DENV,48h,e:\Zika_antigravity\00_raw_data\GSE110496\GSM2993567_1001700611_F19_counts.tsv,6800,355884.0,20181.0,5.6706676,-0.6097552228231161,-0.5279153293600762,G1,High_DENV,0.3768792152404785
GSM2993568,huh7,Barcode_711-511EX4,10017006,dengue,7448,48,1,AAGAGGCA-TCTCCGGATC,0.146,,1001700611_F21,48,7448,0,7448,DENV,48h,e:\Zika_antigravity\00_raw_data\GSE110496\GSM2993568_1001700611_F21_counts.tsv,7121,631590.0,38671.0,6.1228013,-0.6702962129464141,-0.5540979898238165,G1,High_DENV,0.1815398782491684
GSM2993569,huh7,Barcode_711-522EX4,10017006,dengue,9450,48,1,AAGAGGCA-ATGCGAGATC,0,,1001700611_G10,48,9450,0,9450,DENV,48h,e:\Zika_antigravity\00_raw_data\GSE110496\GSM2993569_1001700611_G10_counts.tsv,6442,357604.0,20877.0,5.838022,-0.5287860330371629,-0.4507449893496355,G1,High_DENV,0.35676270723342896
GSM2993570,huh7,Barcode_712-502EX4,10017006,dengue,21944,48,1,GTAGAGGA-CTCTATGATC,0.895,,1001700611_G13,48,21944,0,21944,DENV,48h,e:\Zika_antigravity\00_raw_data\GSE110496\GSM2993570_1001700611_G13_counts.tsv,7467,489799.0,23384.0,4.7742033,-0.514276262755794,-0.5105835344633696,G1,High_DENV,0.4060779809951782
GSM2993571,huh7,Barcode_712-513EX4,10017006,dengue,25569,48,1,GTAGAGGA-GACTAGGATC,0,,1001700611_G15,48,25569,0,25569,DENV,48h,e:\Zika_antigravity\00_raw_data\GSE110496\GSM2993571_1001700611_G15_counts.tsv,6673,567202.0,31060.0,5.476003,-0.5167564936957898,-0.5102457563454754,G1,High_DENV,0.5894442200660706
GSM2993572,huh7,Barcode_712-503EX4,10017006,dengue,5982,48,1,GTAGAGGA-TCCTCTGATC,0,,1001700611_G16,48,5982,0,5982,DENV,48h,e:\Zika_antigravity\00_raw_data\GSE110496\GSM2993572_1001700611_G16_counts.tsv,7442,466790.0,21486.0,4.6029263,0.6332655774163349,0.12161644316217604,S,High_DENV,0.13801805675029755
GSM2993573,huh7,Barcode_712-515EX4,10017006,dengue,10070,48,1,GTAGAGGA-CTAGCTGATC,0.528,,1001700611_G19,48,10070,0,10070,DENV,48h,e:\Zika_antigravity\00_raw_data\GSE110496\GSM2993573_1001700611_G19_counts.tsv,7028,576399.0,27457.0,4.7635407,0.3508825169255336,0.39724244353031196,G2M,High_DENV,0.2100442349910736
GSM2993574,huh7,Barcode_712-505EX4,10017006,dengue,3225,48,1,GTAGAGGA-AAGGAGGATC,0,,1001700611_G22,48,3225,0,3225,DENV,48h,e:\Zika_antigravity\00_raw_data\GSE110496\GSM2993574_1001700611_G22_counts.tsv,6952,263397.0,13196.0,5.0099277,1.3271465128132451,0.20693545843298464,S,High_DENV,0.14671838283538818
GSM2993575,huh7,Barcode_712-516EX4,10017006,dengue,36361,48,1,GTAGAGGA-TAGAGTGATC,3.645,,1001700611_H6,48,36361,0,36361,DENV,48h,e:\Zika_antigravity\00_raw_data\GSE110496\GSM2993575_1001700611_H6_counts.tsv,6991,845173.0,34298.0,4.058104,-0.8161085390269623,-0.42436889916774856,G1,High_DENV,0.3213193416595459
GSM2993576,huh7,Barcode_712-506EX4,10017006,dengue,10959,48,1,GTAGAGGA-TGCATAGATC,0,,1001700611_H11,48,10959,0,10959,DENV,48h,e:\Zika_antigravity\00_raw_data\GSE110496\GSM2993576_1001700611_H11_counts.tsv,7297,583618.0,26418.0,4.526591,-0.15262864065922,1.131970150458806,G2M,High_DENV,0.2552125155925751
GSM2993577,huh7,Barcode_712-517EX4,10017006,dengue,9439,48,1,GTAGAGGA-GTAAGAGATC,0.008,,1001700611_H13,48,9439,0,9439,DENV,48h,e:\Zika_antigravity\00_raw_data\GSE110496\GSM2993577_1001700611_H13_counts.tsv,7941,611972.0,32085.0,5.2428865,1.4086037045438953,0.4515198712964142,S,High_DENV,0.12221118807792664
GSM2993578,huh7,Barcode_712-507EX4,10017006,dengue,26516,48,1,GTAGAGGA-GGAGTAGATC,0.649,,1001700611_H17,48,26516,0,26516,DENV,48h,e:\Zika_antigravity\00_raw_data\GSE110496\GSM2993578_1001700611_H17_counts.tsv,7285,316744.0,11259.0,3.5546057,-0.8254137712597314,-0.9693396248848417,G1,High_DENV,0.4660351276397705
GSM2993579,huh7,Barcode_712-518EX4,10017006,dengue,24118,48,1,GTAGAGGA-ATTAAGGATC,0,,1001700611_H18,48,24118,0,24118,DENV,48h,e:\Zika_antigravity\00_raw_data\GSE110496\GSM2993579_1001700611_H18_counts.tsv,7492,775309.0,35803.0,4.617901,-0.6899694140933986,-0.5470028439399118,G1,High_DENV,0.24214515089988708
GSM2993580,huh7,Barcode_712-508EX4,10017006,dengue,8096,48,1,GTAGAGGA-AAGCCTGATC,0,,1001700611_H20,48,8096,0,8096,DENV,48h,e:\Zika_antigravity\00_raw_data\GSE110496\GSM2993580_1001700611_H20_counts.tsv,6297,745585.0,34741.0,4.6595626,-0.47551960513394853,-0.44452083059319714,G1,High_DENV,0.31053999066352844
GSM2993581,huh7,Barcode_712-520EX4,10017006,dengue,40830,48,1,GTAGAGGA-GGCTATGATC,0,,1001700611_H21,48,40830,0,40830,DENV,48h,e:\Zika_antigravity\00_raw_data\GSE110496\GSM2993581_1001700611_H21_counts.tsv,6023,693168.0,36732.0,5.2991486,-0.60516552988085,-0.5537470370167744,G1,High_DENV,0.6666250228881836
GSM2993582,huh7,Barcode_712-510EX4,10017006,dengue,6923,48,1,GTAGAGGA-TCTAATGATC,0,,1001700611_I3,48,6923,0,6923,DENV,48h,e:\Zika_antigravity\00_raw_data\GSE110496\GSM2993582_1001700611_I3_counts.tsv,7736,579188.0,30818.0,5.3208976,0.11852641752144943,-0.3813401346074642,S,High_DENV,0.1431719958782196
GSM2993583,huh7,Barcode_712-521EX4,10017006,dengue,8153,48,1,GTAGAGGA-GCCTTAGATC,0,,1001700611_I5,48,8153,0,8153,DENV,48h,e:\Zika_antigravity\00_raw_data\GSE110496\GSM2993583_1001700611_I5_counts.tsv,6169,709389.0,34904.0,4.9202905,-0.4054408163098352,-0.45861040486920185,G1,High_DENV,0.19698300957679749
GSM2993584,huh7,Barcode_712-511EX4,10017006,dengue,38386,48,1,GTAGAGGA-TCTCCGGATC,3.086,,1001700611_I8,48,38386,0,38386,DENV,48h,e:\Zika_antigravity\00_raw_data\GSE110496\GSM2993584_1001700611_I8_counts.tsv,6392,469809.0,17916.0,3.8134646,-0.7074072516183064,-0.19822071025041288,G1,High_DENV,0.5855358242988586
GSM2993585,huh7,Barcode_712-522EX4,10017006,dengue,7408,48,1,GTAGAGGA-ATGCGAGATC,0,,1001700611_I11,48,7408,0,7408,DENV,48h,e:\Zika_antigravity\00_raw_data\GSE110496\GSM2993585_1001700611_I11_counts.tsv,7280,373671.0,18100.0,4.8438334,-0.6754171897967656,-0.49519683630013034,G1,High_DENV,0.22531351447105408
GSM2993586,huh7,Barcode_714-502EX4,10017006,dengue,9386,48,1,GCTCATGA-CTCTATGATC,0.021,,1001700611_I13,48,9386,0,9386,DENV,48h,e:\Zika_antigravity\00_raw_data\GSE110496\GSM2993586_1001700611_I13_counts.tsv,6918,511157.0,32586.0,6.3749495,1.221896625366173,0.5700913770001586,S,High_DENV,0.16058585047721863
GSM2993587,huh7,Barcode_714-513EX4,10017006,dengue,10853,48,1,GCTCATGA-GACTAGGATC,1.961,,1001700611_I15,48,10853,0,10853,DENV,48h,e:\Zika_antigravity\00_raw_data\GSE110496\GSM2993587_1001700611_I15_counts.tsv,5840,622556.0,27490.0,4.415667,-0.5783415758361419,-0.030183791758554242,G1,High_DENV,0.16411623358726501
GSM2993588,huh7,Barcode_714-503EX4,10017006,dengue,36331,48,1,GCTCATGA-TCCTCTGATC,1.609,,1001700611_I16,48,36331,0,36331,DENV,48h,e:\Zika_antigravity\00_raw_data\GSE110496\GSM2993588_1001700611_I16_counts.tsv,7513,595149.0,24004.0,4.0332756,-0.5032472688316678,0.203553910925863,G2M,High_DENV,0.6080214381217957
GSM2993589,huh7,Barcode_714-515EX4,10017006,dengue,50731,48,1,GCTCATGA-CTAGCTGATC,3.119,,1001700611_I19,48,50731,0,50731,DENV,48h,e:\Zika_antigravity\00_raw_data\GSE110496\GSM2993589_1001700611_I19_counts.tsv,5206,692026.0,29134.0,4.209957,-0.4049150064232803,-0.5427791592101314,G1,High_DENV,0.6359207630157471
GSM2993590,huh7,Barcode_714-505EX4,10017006,dengue,5365,48,1,GCTCATGA-AAGGAGGATC,0.222,,1001700611_I21,48,5365,0,5365,DENV,48h,e:\Zika_antigravity\00_raw_data\GSE110496\GSM2993590_1001700611_I21_counts.tsv,6800,262536.0,7465.0,2.8434196,-0.6665640196629933,-0.7358727263112033,G1,High_DENV,0.3380861282348633
GSM2993591,huh7,Barcode_714-516EX4,10017006,dengue,19530,48,1,GCTCATGA-TAGAGTGATC,0,,1001700611_J6,48,19530,0,19530,DENV,48h,e:\Zika_antigravity\00_raw_data\GSE110496\GSM2993591_1001700611_J6_counts.tsv,7204,676712.0,27899.0,4.122729,-0.7370673715890873,-0.6660135759618973,G1,High_DENV,0.3633670508861542
GSM2993592,huh7,Barcode_714-506EX4,10017006,dengue,8401,48,1,GCTCATGA-TGCATAGATC,0.038,,1001700611_J14,48,8401,0,8401,DENV,48h,e:\Zika_antigravity\00_raw_data\GSE110496\GSM2993592_1001700611_J14_counts.tsv,7448,516451.0,18246.0,3.5329587,-0.7205036057114955,-0.4781359706425493,G1,High_DENV,0.3818005919456482
GSM2993593,huh7,Barcode_714-517EX4,10017006,dengue,12577,48,1,GCTCATGA-GTAAGAGATC,0.54,,1001700611_J18,48,12577,0,12577,DENV,48h,e:\Zika_antigravity\00_raw_data\GSE110496\GSM2993593_1001700611_J18_counts.tsv,6635,441250.0,15537.0,3.5211332,-0.7331153896415518,-0.35880094798498136,G1,High_DENV,0.32034945487976074
GSM2993594,huh7,Barcode_714-507EX4,10017006,dengue,14079,48,1,GCTCATGA-GGAGTAGATC,0.09,,1001700611_J20,48,14079,0,14079,DENV,48h,e:\Zika_antigravity\00_raw_data\GSE110496\GSM2993594_1001700611_J20_counts.tsv,7683,458624.0,18799.0,4.0990005,-0.32210012212218275,2.2071547596997423,G2M,High_DENV,0.2439156472682953
GSM2993595,huh7,Barcode_714-518EX4,10017006,dengue,20332,48,1,GCTCATGA-ATTAAGGATC,0.335,,1001700611_K6,48,20332,0,20332,DENV,48h,e:\Zika_antigravity\00_raw_data\GSE110496\GSM2993595_1001700611_K6_counts.tsv,6935,750162.0,44695.0,5.9580464,-0.38571426304323336,-0.3507957923234407,G1,High_DENV,0.25626713037490845
GSM2993596,huh7,Barcode_714-508EX4,10017006,dengue,9627,48,1,GCTCATGA-AAGCCTGATC,0,,1001700611_K9,48,9627,0,9627,DENV,48h,e:\Zika_antigravity\00_raw_data\GSE110496\GSM2993596_1001700611_K9_counts.tsv,6842,693402.0,34967.0,5.0428176,-0.7070199500215019,-0.4505380403124586,G1,High_DENV,0.3510826826095581
GSM2993597,huh7,Barcode_714-520EX4,10017006,dengue,20918,48,1,GCTCATGA-GGCTATGATC,0.156,,1001700611_K11,48,20918,0,20918,DENV,48h,e:\Zika_antigravity\00_raw_data\GSE110496\GSM2993597_1001700611_K11_counts.tsv,7401,618825.0,25233.0,4.0775666,-0.652903840287278,-0.5983767136097862,G1,High_DENV,0.2269584685564041
GSM2993598,huh7,Barcode_714-510EX4,10017006,dengue,11838,48,1,GCTCATGA-TCTAATGATC,0,,1001700611_K12,48,11838,0,11838,DENV,48h,e:\Zika_antigravity\00_raw_data\GSE110496\GSM2993598_1001700611_K12_counts.tsv,7167,641545.0,29089.0,4.53421,-0.8801414624987436,-0.6960590273128161,G1,High_DENV,0.21345160901546478
GSM2993599,huh7,Barcode_714-521EX4,10017006,dengue,4669,48,1,GCTCATGA-GCCTTAGATC,0,,1001700611_K13,48,4669,0,4669,DENV,48h,e:\Zika_antigravity\00_raw_data\GSE110496\GSM2993599_1001700611_K13_counts.tsv,6973,397515.0,18245.0,4.589764,-0.5028155466804968,-0.4663206189187255,G1,High_DENV,0.22175858914852142
GSM2993600,huh7,Barcode_714-511EX4,10017006,dengue,17453,48,1,GCTCATGA-TCTCCGGATC,0,,1001700611_K15,48,17453,0,17453,DENV,48h,e:\Zika_antigravity\00_raw_data\GSE110496\GSM2993600_1001700611_K15_counts.tsv,7367,502850.0,21099.0,4.1958833,-0.6969203522872357,-0.9130820340800596,G1,High_DENV,0.5838564038276672
GSM2993601,huh7,Barcode_714-522EX4,10017006,dengue,4119,48,1,GCTCATGA-ATGCGAGATC,0,,1001700611_K19,48,4119,0,4119,DENV,48h,e:\Zika_antigravity\00_raw_data\GSE110496\GSM2993601_1001700611_K19_counts.tsv,6380,338496.0,16849.0,4.977607,-0.4326192549379942,-0.24231571380553096,G1,High_DENV,0.25607597827911377
GSM2993602,huh7,Barcode_715-502EX4,10017006,dengue,6001,48,1,ATCTCAGG-CTCTATGATC,0.001,,1001700611_K22,48,6001,0,6001,DENV,48h,e:\Zika_antigravity\00_raw_data\GSE110496\GSM2993602_1001700611_K22_counts.tsv,6329,555550.0,25077.0,4.513905,-0.3812929512356364,-0.3186247924714082,G1,High_DENV,0.19199267029762268
GSM2993603,huh7,Barcode_715-513EX4,10017006,dengue,46772,48,1,ATCTCAGG-GACTAGGATC,0.292,,1001700611_L2,48,46772,0,46772,DENV,48h,e:\Zika_antigravity\00_raw_data\GSE110496\GSM2993603_1001700611_L2_counts.tsv,7637,614962.0,38116.0,6.198107,-0.5296235733975967,-0.4607696159266979,G1,High_DENV,0.3394224941730499
GSM2993604,huh7,Barcode_715-503EX4,10017006,dengue,8859,48,1,ATCTCAGG-TCCTCTGATC,0,,1001700611_L4,48,8859,0,8859,DENV,48h,e:\Zika_antigravity\00_raw_data\GSE110496\GSM2993604_1001700611_L4_counts.tsv,7792,706779.0,28328.0,4.008042,1.0703031172410453,0.6118606132510256,S,High_DENV,0.1085890606045723
GSM2993605,huh7,Barcode_715-515EX4,10017006,dengue,18057,48,1,ATCTCAGG-CTAGCTGATC,0.534,,1001700611_L5,48,18057,0,18057,DENV,48h,e:\Zika_antigravity\00_raw_data\GSE110496\GSM2993605_1001700611_L5_counts.tsv,6709,627265.0,33009.0,5.262369,-0.6653301455257904,-0.4288818540916828,G1,High_DENV,0.23398886620998383
GSM2993606,huh7,Barcode_715-505EX4,10017006,dengue,10686,48,1,ATCTCAGG-AAGGAGGATC,0.102,,1001700611_L7,48,10686,0,10686,DENV,48h,e:\Zika_antigravity\00_raw_data\GSE110496\GSM2993606_1001700611_L7_counts.tsv,7001,362075.0,15226.0,4.205206,-0.7696446034347727,-0.675930120002814,G1,High_DENV,0.39778226613998413
GSM2993607,huh7,Barcode_715-516EX4,10017006,dengue,12508,48,1,ATCTCAGG-TAGAGTGATC,1.304,,1001700611_L8,48,12508,0,12508,DENV,48h,e:\Zika_antigravity\00_raw_data\GSE110496\GSM2993607_1001700611_L8_counts.tsv,7197,449636.0,19579.0,4.354411,-0.5785776842984238,2.379582825938321,G2M,High_DENV,0.20960283279418945
GSM2993608,huh7,Barcode_715-506EX4,10017006,dengue,7462,48,1,ATCTCAGG-TGCATAGATC,0.004,,1001700611_L10,48,7462,0,7462,DENV,48h,e:\Zika_antigravity\00_raw_data\GSE110496\GSM2993608_1001700611_L10_counts.tsv,6221,594561.0,20113.0,3.3828323,-0.6658391934996915,-0.5576440300615496,G1,High_DENV,0.2705285847187042
GSM2993609,huh7,Barcode_715-517EX4,10017006,dengue,6695,48,1,ATCTCAGG-GTAAGAGATC,0.034,,1001700611_L12,48,6695,0,6695,DENV,48h,e:\Zika_antigravity\00_raw_data\GSE110496\GSM2993609_1001700611_L12_counts.tsv,7408,557333.0,18649.0,3.3461146,-0.3391849392747861,0.04225796728899833,G2M,High_DENV,0.3136015832424164
GSM2993610,huh7,Barcode_715-507EX4,10017006,dengue,40896,48,1,ATCTCAGG-GGAGTAGATC,0.089,,1001700611_L16,48,40896,0,40896,DENV,48h,e:\Zika_antigravity\00_raw_data\GSE110496\GSM2993610_1001700611_L16_counts.tsv,5484,380328.0,17528.0,4.6086535,-0.4338872937707319,-0.3964387450430789,G1,High_DENV,0.5344666242599487
GSM2993611,huh7,Barcode_715-518EX4,10017006,dengue,8444,48,1,ATCTCAGG-ATTAAGGATC,0,,1001700611_L17,48,8444,0,8444,DENV,48h,e:\Zika_antigravity\00_raw_data\GSE110496\GSM2993611_1001700611_L17_counts.tsv,6646,793097.0,31867.0,4.0180454,-0.5011966477791291,-0.48942117979353306,G1,High_DENV,0.2590658664703369
GSM2993612,huh7,Barcode_715-508EX4,10017006,dengue,33588,48,1,ATCTCAGG-AAGCCTGATC,6.295,,1001700611_L19,48,33588,0,33588,DENV,48h,e:\Zika_antigravity\00_raw_data\GSE110496\GSM2993612_1001700611_L19_counts.tsv,6169,495400.0,29912.0,6.037949,-0.20206705203191155,0.7939164374360328,G2M,High_DENV,0.48535311222076416
GSM2993613,huh7,Barcode_715-520EX4,10017006,dengue,8412,48,1,ATCTCAGG-GGCTATGATC,0,,1001700611_L21,48,8412,0,8412,DENV,48h,e:\Zika_antigravity\00_raw_data\GSE110496\GSM2993613_1001700611_L21_counts.tsv,7097,434602.0,21602.0,4.970525,-0.7449329300007472,-0.46406213494610393,G1,High_DENV,0.3529351055622101
GSM2993615,huh7,Barcode_715-521EX4,10017006,dengue,9339,48,1,ATCTCAGG-GCCTTAGATC,0.003,,1001700611_M5,48,9339,0,9339,DENV,48h,e:\Zika_antigravity\00_raw_data\GSE110496\GSM2993615_1001700611_M5_counts.tsv,6530,520523.0,26183.0,5.0301332,-0.3427842723250034,-0.08005552309135121,G1,High_DENV,0.18486623466014862
GSM2993616,huh7,Barcode_715-511EX4,10017006,dengue,9805,48,1,ATCTCAGG-TCTCCGGATC,0,,1001700611_M6,48,9805,0,9805,DENV,48h,e:\Zika_antigravity\00_raw_data\GSE110496\GSM2993616_1001700611_M6_counts.tsv,7543,558815.0,26658.0,4.7704515,-0.36429701646363055,2.1064252942640187,G2M,High_DENV,0.17200742661952972
GSM2993617,huh7,Barcode_715-522EX4,10017006,dengue,13719,48,1,ATCTCAGG-ATGCGAGATC,1.485,,1001700611_M7,48,13719,0,13719,DENV,48h,e:\Zika_antigravity\00_raw_data\GSE110496\GSM2993617_1001700611_M7_counts.tsv,6405,263191.0,10684.0,4.059409,-0.16032666112795207,-0.501307601709098,G1,High_DENV,0.47978276014328003
GSM2993618,huh7,Barcode_716-502EX4,10017006,dengue,16929,48,1,ACTCGCTA-CTCTATGATC,0.799,,1001700611_M11,48,16929,0,16929,DENV,48h,e:\Zika_antigravity\00_raw_data\GSE110496\GSM2993618_1001700611_M11_counts.tsv,6806,563625.0,23684.0,4.2020845,-0.6311411183593528,-0.5413297177693421,G1,High_DENV,0.3554551899433136
GSM2993619,huh7,Barcode_716-513EX4,10017006,dengue,7020,48,1,ACTCGCTA-GACTAGGATC,0.14,,1001700611_M12,48,7020,0,7020,DENV,48h,e:\Zika_antigravity\00_raw_data\GSE110496\GSM2993619_1001700611_M12_counts.tsv,7227,530312.0,24466.0,4.6135106,-0.10925315457085769,-0.41388828187856685,G1,High_DENV,0.28589189052581787
GSM2993620,huh7,Barcode_716-503EX4,10017006,dengue,7735,48,1,ACTCGCTA-TCCTCTGATC,0.225,,1001700611_M14,48,7735,0,7735,DENV,48h,e:\Zika_antigravity\00_raw_data\GSE110496\GSM2993620_1001700611_M14_counts.tsv,7995,667847.0,31491.0,4.7153015,0.8046727817317116,0.09171421642803682,S,High_DENV,0.18311084806919098
GSM2993621,huh7,Barcode_716-515EX4,10017006,dengue,5859,48,1,ACTCGCTA-CTAGCTGATC,0,,1001700611_M18,48,5859,0,5859,DENV,48h,e:\Zika_antigravity\00_raw_data\GSE110496\GSM2993621_1001700611_M18_counts.tsv,7980,559906.0,31932.0,5.7031,-0.21447757365669878,-0.343065930911178,G1,High_DENV,0.24899670481681824
GSM2993622,huh7,Barcode_716-505EX4,10017006,dengue,5503,48,1,ACTCGCTA-AAGGAGGATC,0,,1001700611_M20,48,5503,0,5503,DENV,48h,e:\Zika_antigravity\00_raw_data\GSE110496\GSM2993622_1001700611_M20_counts.tsv,7071,271811.0,9336.0,3.4347396,0.35305545417026485,0.22925632965910542,S,High_DENV,0.3301407992839813
GSM2993623,huh7,Barcode_716-516EX4,10017006,dengue,1968,48,1,ACTCGCTA-TAGAGTGATC,0.997,,1001700611_N2,48,1968,0,1968,DENV,48h,e:\Zika_antigravity\00_raw_data\GSE110496\GSM2993623_1001700611_N2_counts.tsv,4936,47570.0,1740.0,3.6577675,-0.6936152687296271,0.2496323226612841,G2M,High_DENV,0.16891002655029297
GSM2993624,huh7,Barcode_716-506EX4,10017006,dengue,10367,48,1,ACTCGCTA-TGCATAGATC,0,,1001700611_N7,48,10367,0,10367,DENV,48h,e:\Zika_antigravity\00_raw_data\GSE110496\GSM2993624_1001700611_N7_counts.tsv,7720,565078.0,30032.0,5.3146644,0.5608181178835886,0.4693187206592257,S,High_DENV,0.1271623969078064
GSM2993625,huh7,Barcode_716-517EX4,10017006,dengue,7975,48,1,ACTCGCTA-GTAAGAGATC,0,,1001700611_N9,48,7975,0,7975,DENV,48h,e:\Zika_antigravity\00_raw_data\GSE110496\GSM2993625_1001700611_N9_counts.tsv,5751,505839.0,18804.0,3.7173882,-0.7601043516370867,-0.568847734671899,G1,High_DENV,0.2583952248096466
GSM2993626,huh7,Barcode_716-507EX4,10017006,dengue,23804,48,1,ACTCGCTA-GGAGTAGATC,0.227,,1001700611_N10,48,23804,0,23804,DENV,48h,e:\Zika_antigravity\00_raw_data\GSE110496\GSM2993626_1001700611_N10_counts.tsv,5905,428676.0,14767.0,3.4447927,-0.8471206476823204,-0.6893143336847481,G1,High_DENV,0.5428439974784851
GSM2993627,huh7,Barcode_716-518EX4,10017006,dengue,49445,48,1,ACTCGCTA-ATTAAGGATC,2.663,,1001700611_N13,48,49445,0,49445,DENV,48h,e:\Zika_antigravity\00_raw_data\GSE110496\GSM2993627_1001700611_N13_counts.tsv,6330,695499.0,38509.0,5.5368876,-0.5713198923960416,-0.6560036892695292,G1,High_DENV,0.5078606605529785
GSM2993628,huh7,Barcode_716-508EX4,10017006,dengue,10155,48,1,ACTCGCTA-AAGCCTGATC,0,,1001700611_N14,48,10155,0,10155,DENV,48h,e:\Zika_antigravity\00_raw_data\GSE110496\GSM2993628_1001700611_N14_counts.tsv,7769,520757.0,28093.0,5.3946466,0.9365353297996557,-0.06088782524803629,S,High_DENV,0.13666659593582153
GSM2993629,huh7,Barcode_716-520EX4,10017006,dengue,10527,48,1,ACTCGCTA-GGCTATGATC,0.353,,1001700611_N15,48,10527,0,10527,DENV,48h,e:\Zika_antigravity\00_raw_data\GSE110496\GSM2993629_1001700611_N15_counts.tsv,7279,499070.0,27636.0,5.5375,-0.6105823488285145,-0.40657657943095143,G1,High_DENV,0.17801259458065033
GSM2993630,huh7,Barcode_716-510EX4,10017006,dengue,55483,48,1,ACTCGCTA-TCTAATGATC,0.429,,1001700611_N16,48,55483,0,55483,DENV,48h,e:\Zika_antigravity\00_raw_data\GSE110496\GSM2993630_1001700611_N16_counts.tsv,6564,721124.0,41908.0,5.811483,-0.48661746537822875,-0.6085094462759357,G1,High_DENV,0.8190843462944031
GSM2993631,huh7,Barcode_716-521EX4,10017006,dengue,5898,48,1,ACTCGCTA-GCCTTAGATC,0,,1001700611_N19,48,5898,0,5898,DENV,48h,e:\Zika_antigravity\00_raw_data\GSE110496\GSM2993631_1001700611_N19_counts.tsv,6981,539826.0,31217.0,5.782789,-0.5562249488419011,-0.4453209141810409,G1,High_DENV,0.2069321870803833
GSM2993632,huh7,Barcode_716-511EX4,10017006,dengue,8631,48,1,ACTCGCTA-TCTCCGGATC,0,,1001700611_N20,48,8631,0,8631,DENV,48h,e:\Zika_antigravity\00_raw_data\GSE110496\GSM2993632_1001700611_N20_counts.tsv,7533,489657.0,23105.0,4.7186093,-0.2815014885295005,1.8057896488786702,G2M,High_DENV,0.13028058409690857
GSM2993634,huh7,Barcode_718-502EX4,10017006,dengue,9713,48,1,GGAGCTAC-CTCTATGATC,0.237,,1001700611_O5,48,9713,0,9713,DENV,48h,e:\Zika_antigravity\00_raw_data\GSE110496\GSM2993634_1001700611_O5_counts.tsv,5518,630532.0,38797.0,6.153058,0.10961368999310903,-0.09827791692171312,S,High_DENV,0.1851806491613388
GSM2993635,huh7,Barcode_718-513EX4,10017006,dengue,32050,48,1,GGAGCTAC-GACTAGGATC,0.097,,1001700611_O7,48,32050,0,32050,DENV,48h,e:\Zika_antigravity\00_raw_data\GSE110496\GSM2993635_1001700611_O7_counts.tsv,5482,803915.0,23807.0,2.9613826,-0.8461830347621192,-0.8388753100421076,G1,High_DENV,0.7120646238327026
GSM2993637,huh7,Barcode_718-515EX4,10017006,dengue,16494,48,1,GGAGCTAC-CTAGCTGATC,0,,1001700611_O13,48,16494,0,16494,DENV,48h,e:\Zika_antigravity\00_raw_data\GSE110496\GSM2993637_1001700611_O13_counts.tsv,7245,628320.0,35029.0,5.5750256,-0.3057453975602541,-0.49157036780299795,G1,High_DENV,0.19235758483409882
GSM2993638,huh7,Barcode_718-505EX4,10017006,dengue,7755,48,1,GGAGCTAC-AAGGAGGATC,0,,1001700611_O15,48,7755,0,7755,DENV,48h,e:\Zika_antigravity\00_raw_data\GSE110496\GSM2993638_1001700611_O15_counts.tsv,6229,354251.0,15708.0,4.434144,-0.7663962645212278,-0.3758913639476508,G1,High_DENV,0.3448658287525177
GSM2993639,huh7,Barcode_718-516EX4,10017006,dengue,20779,48,1,GGAGCTAC-TAGAGTGATC,0,,1001700611_O16,48,20779,0,20779,DENV,48h,e:\Zika_antigravity\00_raw_data\GSE110496\GSM2993639_1001700611_O16_counts.tsv,7143,727143.0,42676.0,5.868997,0.16527742247008495,1.5551947137150957,G2M,High_DENV,0.18454338610172272
GSM2993640,huh7,Barcode_718-506EX4,10017006,dengue,30229,48,1,GGAGCTAC-TGCATAGATC,0.051,,1001700611_O18,48,30229,0,30229,DENV,48h,e:\Zika_antigravity\00_raw_data\GSE110496\GSM2993640_1001700611_O18_counts.tsv,7384,575659.0,25523.0,4.433701,0.0657035884713488,0.6583047001375373,G2M,High_DENV,0.2954711616039276
GSM2993641,huh7,Barcode_718-517EX4,10017006,dengue,16053,48,1,GGAGCTAC-GTAAGAGATC,0.306,,1001700611_O21,48,16053,0,16053,DENV,48h,e:\Zika_antigravity\00_raw_data\GSE110496\GSM2993641_1001700611_O21_counts.tsv,7170,613537.0,33174.0,5.407009,-0.6823623009269969,-0.5567547204572494,G1,High_DENV,0.23188883066177368
GSM2993642,huh7,Barcode_718-507EX4,10017006,dengue,17476,48,1,GGAGCTAC-GGAGTAGATC,0,,1001700611_P7,48,17476,0,17476,DENV,48h,e:\Zika_antigravity\00_raw_data\GSE110496\GSM2993642_1001700611_P7_counts.tsv,6369,420278.0,22620.0,5.382152,0.41539614942296227,0.8461210009814053,G2M,High_DENV,0.13918989896774292
GSM2993643,huh7,Barcode_718-518EX4,10017006,dengue,86533,48,1,GGAGCTAC-ATTAAGGATC,0,,1001700611_P14,48,86533,0,86533,DENV,48h,e:\Zika_antigravity\00_raw_data\GSE110496\GSM2993643_1001700611_P14_counts.tsv,5531,714956.0,42593.0,5.9574294,-0.46362784438367405,-0.42205433578664564,G1,High_DENV,0.5119611024856567
GSM2993644,huh7,Barcode_718-508EX4,10017006,dengue,13883,48,1,GGAGCTAC-AAGCCTGATC,1.132,,1001700611_P17,48,13883,0,13883,DENV,48h,e:\Zika_antigravity\00_raw_data\GSE110496\GSM2993644_1001700611_P17_counts.tsv,7571,647194.0,38542.0,5.955247,-0.5946523430629722,0.253799924366506,G2M,High_DENV,0.20244984328746796
GSM2993645,huh7,Barcode_718-520EX4,10017006,dengue,14966,48,1,GGAGCTAC-GGCTATGATC,0.013,,1001700611_P20,48,14966,0,14966,DENV,48h,e:\Zika_antigravity\00_raw_data\GSE110496\GSM2993645_1001700611_P20_counts.tsv,6271,537167.0,42219.0,7.8595667,-0.3653822804446376,-0.34192080981009065,G1,High_DENV,0.36484983563423157
GSM2993646,huh7,Barcode_718-510EX4,10017006,dengue,6646,48,10,GGAGCTAC-TCTAATGATC,0,,1001700612_A1,48,6646,0,6646,DENV,48h,e:\Zika_antigravity\00_raw_data\GSE110496\GSM2993646_1001700612_A1_counts.tsv,4404,400664.0,27412.0,6.8416433,-0.3367735287618069,-0.32707812176545537,G1,High_DENV,0.6308132410049438
GSM2993648,huh7,Barcode_718-511EX4,10017006,dengue,42363,48,10,GGAGCTAC-TCTCCGGATC,0,,1001700612_A3,48,42363,0,42363,DENV,48h,e:\Zika_antigravity\00_raw_data\GSE110496\GSM2993648_1001700612_A3_counts.tsv,4646,393870.0,22949.0,5.826542,-0.6228557662683584,-0.2666650600674289,G1,High_DENV,0.5340473651885986
GSM2993650,huh7,Barcode_719-502EX4,10017006,dengue,5975,48,10,GCGTAGTA-CTCTATGATC,0,,1001700612_A15,48,5975,0,5975,DENV,48h,e:\Zika_antigravity\00_raw_data\GSE110496\GSM2993650_1001700612_A15_counts.tsv,6824,575943.0,35739.0,6.205302,-0.49354332546215685,-0.3411997162328518,G1,High_DENV,0.3034427762031555
GSM2993651,huh7,Barcode_719-513EX4,10017006,dengue,15899,48,10,GCGTAGTA-GACTAGGATC,0,,1001700612_A17,48,15899,0,15899,DENV,48h,e:\Zika_antigravity\00_raw_data\GSE110496\GSM2993651_1001700612_A17_counts.tsv,5316,290649.0,20030.0,6.8914742,-0.3846757351465169,-0.42079216594757285,G1,High_DENV,0.39242905378341675
GSM2993652,huh7,Barcode_719-503EX4,10017006,dengue,4229,48,10,GCGTAGTA-TCCTCTGATC,0,,1001700612_A18,48,4229,0,4229,DENV,48h,e:\Zika_antigravity\00_raw_data\GSE110496\GSM2993652_1001700612_A18_counts.tsv,6323,390689.0,16751.0,4.287554,-0.5427650767201114,-0.5282133316235583,G1,High_DENV,0.2112336903810501
GSM2993655,huh7,Barcode_719-516EX4,10017006,dengue,1809,48,10,GCGTAGTA-TAGAGTGATC,0,,1001700612_A21,48,1809,0,1809,DENV,48h,e:\Zika_antigravity\00_raw_data\GSE110496\GSM2993655_1001700612_A21_counts.tsv,5763,548740.0,44164.0,8.048256,-0.5733959484679092,-0.17752764575580693,G1,High_DENV,0.39879921078681946
GSM2993656,huh7,Barcode_719-506EX4,10017006,dengue,19693,48,10,GCGTAGTA-TGCATAGATC,0.465,,1001700612_C2,48,19693,0,19693,DENV,48h,e:\Zika_antigravity\00_raw_data\GSE110496\GSM2993656_1001700612_C2_counts.tsv,5479,425100.0,16450.0,3.8696778,-0.5895605837360822,-0.5468249940480369,G1,High_DENV,0.6396253108978271
GSM2993657,huh7,Barcode_719-517EX4,10017006,dengue,32062,48,10,GCGTAGTA-GTAAGAGATC,0,,1001700612_C5,48,32062,0,32062,DENV,48h,e:\Zika_antigravity\00_raw_data\GSE110496\GSM2993657_1001700612_C5_counts.tsv,6304,383563.0,11788.0,3.0732892,-0.52460585452971,-0.6984538669462327,G1,High_DENV,0.3932000994682312
GSM2993658,huh7,Barcode_719-507EX4,10017006,dengue,10632,48,10,GCGTAGTA-GGAGTAGATC,0,,1001700612_C6,48,10632,0,10632,DENV,48h,e:\Zika_antigravity\00_raw_data\GSE110496\GSM2993658_1001700612_C6_counts.tsv,5993,456694.0,24661.0,5.3998957,-0.5028524521915686,-0.6062620684562735,G1,High_DENV,0.30287620425224304
GSM2993659,huh7,Barcode_719-518EX4,10017006,dengue,42349,48,10,GCGTAGTA-ATTAAGGATC,0,,1001700612_C7,48,42349,0,42349,DENV,48h,e:\Zika_antigravity\00_raw_data\GSE110496\GSM2993659_1001700612_C7_counts.tsv,6147,445105.0,13362.0,3.0019884,-0.6901849294702213,-0.5991661283345976,G1,High_DENV,0.37017837166786194
GSM2993661,huh7,Barcode_719-520EX4,10017006,dengue,21241,48,10,GCGTAGTA-GGCTATGATC,0.017,,1001700612_D5,48,21241,0,21241,DENV,48h,e:\Zika_antigravity\00_raw_data\GSE110496\GSM2993661_1001700612_D5_counts.tsv,6293,490237.0,24771.0,5.052862,-0.5434276167292237,-0.5596421371401612,G1,High_DENV,0.19862115383148193
GSM2993662,huh7,Barcode_719-510EX4,10017006,dengue,3908,48,10,GCGTAGTA-TCTAATGATC,0,,1001700612_D8,48,3908,0,3908,DENV,48h,e:\Zika_antigravity\00_raw_data\GSE110496\GSM2993662_1001700612_D8_counts.tsv,4574,528087.0,24836.0,4.703013,-0.4962073527631306,-0.44680322027801467,G1,High_DENV,0.4073163568973541
GSM2993663,huh7,Barcode_719-521EX4,10017006,dengue,42961,48,10,GCGTAGTA-GCCTTAGATC,0.572,,1001700612_D10,48,42961,0,42961,DENV,48h,e:\Zika_antigravity\00_raw_data\GSE110496\GSM2993663_1001700612_D10_counts.tsv,6079,512144.0,23037.0,4.498149,-0.6039380566350052,-0.6565220089189177,G1,High_DENV,0.6622729897499084
GSM2993665,huh7,Barcode_719-522EX4,10017006,dengue,16342,48,10,GCGTAGTA-ATGCGAGATC,0.14,,1001700612_D16,48,16342,0,16342,DENV,48h,e:\Zika_antigravity\00_raw_data\GSE110496\GSM2993665_1001700612_D16_counts.tsv,6059,327233.0,18297.0,5.5914288,-0.6136020162098464,-0.5440370510581805,G1,High_DENV,0.5757635235786438
GSM2993666,huh7,Barcode_720-502EX4,10017006,dengue,7936,48,10,CGGAGCCT-CTCTATGATC,0,,1001700612_D18,48,7936,0,7936,DENV,48h,e:\Zika_antigravity\00_raw_data\GSE110496\GSM2993666_1001700612_D18_counts.tsv,6514,391466.0,21930.0,5.602019,-0.5417217128333591,-0.45471848639337514,G1,High_DENV,0.42407700419425964
GSM2993668,huh7,Barcode_720-503EX4,10017006,dengue,29289,48,10,CGGAGCCT-TCCTCTGATC,0.146,,1001700612_D21,48,29289,0,29289,DENV,48h,e:\Zika_antigravity\00_raw_data\GSE110496\GSM2993668_1001700612_D21_counts.tsv,5601,341136.0,12972.0,3.802589,-0.7081040046909557,-0.7261805041067226,G1,High_DENV,0.6963953375816345
GSM2993669,huh7,Barcode_720-515EX4,10017006,dengue,27588,48,10,CGGAGCCT-CTAGCTGATC,0,,1001700612_E1,48,27588,0,27588,DENV,48h,e:\Zika_antigravity\00_raw_data\GSE110496\GSM2993669_1001700612_E1_counts.tsv,4868,591513.0,37254.0,6.2980866,-0.3713773092510001,-0.4494375958148227,G1,High_DENV,0.3885168433189392
GSM2993670,huh7,Barcode_720-505EX4,10017006,dengue,20993,48,10,CGGAGCCT-AAGGAGGATC,0,,1001700612_E2,48,20993,0,20993,DENV,48h,e:\Zika_antigravity\00_raw_data\GSE110496\GSM2993670_1001700612_E2_counts.tsv,4538,278298.0,8617.0,3.096321,-0.5188543211893245,-0.6726469690842569,G1,High_DENV,0.772818922996521
GSM2993671,huh7,Barcode_720-516EX4,10017006,dengue,26784,48,10,CGGAGCCT-TAGAGTGATC,0,,1001700612_E3,48,26784,0,26784,DENV,48h,e:\Zika_antigravity\00_raw_data\GSE110496\GSM2993671_1001700612_E3_counts.tsv,6020,714492.0,24917.0,3.4873729,-0.9186361866249215,-0.602987456277876,G1,High_DENV,0.37776902318000793
GSM2993672,huh7,Barcode_720-506EX4,10017006,dengue,75218,48,10,CGGAGCCT-TGCATAGATC,0.316,,1001700612_E6,48,75218,0,75218,DENV,48h,e:\Zika_antigravity\00_raw_data\GSE110496\GSM2993672_1001700612_E6_counts.tsv,6184,655128.0,19214.0,2.932862,-0.5804658087092407,-0.7754002234199516,G1,High_DENV,0.6691851019859314
GSM2993673,huh7,Barcode_720-517EX4,10017006,dengue,14035,48,10,CGGAGCCT-GTAAGAGATC,0,,1001700612_E9,48,14035,0,14035,DENV,48h,e:\Zika_antigravity\00_raw_data\GSE110496\GSM2993673_1001700612_E9_counts.tsv,6545,743247.0,27253.0,3.6667488,-0.9026279130329689,-0.5661296496562228,G1,High_DENV,0.35058385133743286
GSM2993674,huh7,Barcode_720-507EX4,10017006,dengue,3313,48,10,CGGAGCCT-GGAGTAGATC,0.007,,1001700612_E10,48,3313,0,3313,DENV,48h,e:\Zika_antigravity\00_raw_data\GSE110496\GSM2993674_1001700612_E10_counts.tsv,6138,395057.0,17292.0,4.37709,0.4218028340754764,0.29442869697406615,S,High_DENV,0.13011309504508972
GSM2993675,huh7,Barcode_720-518EX4,10017006,dengue,68868,48,10,CGGAGCCT-ATTAAGGATC,1.215,,1001700612_E12,48,68868,0,68868,DENV,48h,e:\Zika_antigravity\00_raw_data\GSE110496\GSM2993675_1001700612_E12_counts.tsv,5907,648274.0,27091.0,4.1789427,-0.39020358769367225,-0.5134298141795709,G1,High_DENV,0.8914365768432617
GSM2993676,huh7,Barcode_720-508EX4,10017006,dengue,22135,48,10,CGGAGCCT-AAGCCTGATC,0,,1001700612_E13,48,22135,0,22135,DENV,48h,e:\Zika_antigravity\00_raw_data\GSE110496\GSM2993676_1001700612_E13_counts.tsv,5734,477172.0,14083.0,2.9513466,-0.38548832024403273,0.5614659905316919,G2M,High_DENV,0.4018431305885315
GSM2993677,huh7,Barcode_720-520EX4,10017006,dengue,8337,48,10,CGGAGCCT-GGCTATGATC,0,,1001700612_E14,48,8337,0,8337,DENV,48h,e:\Zika_antigravity\00_raw_data\GSE110496\GSM2993677_1001700612_E14_counts.tsv,5332,280896.0,9110.0,3.2431931,-0.6713254050567878,-0.5932952246948087,G1,High_DENV,0.42376357316970825
GSM2993678,huh7,Barcode_720-510EX4,10017006,dengue,6406,48,10,CGGAGCCT-TCTAATGATC,0,,1001700612_E16,48,6406,0,6406,DENV,48h,e:\Zika_antigravity\00_raw_data\GSE110496\GSM2993678_1001700612_E16_counts.tsv,6261,548803.0,21151.0,3.854024,-0.47480987380480477,-0.702140595614362,G1,High_DENV,0.4128819406032562
GSM2993679,huh7,Barcode_720-521EX4,10017006,dengue,28475,48,10,CGGAGCCT-GCCTTAGATC,0.695,,1001700612_E19,48,28475,0,28475,DENV,48h,e:\Zika_antigravity\00_raw_data\GSE110496\GSM2993679_1001700612_E19_counts.tsv,4999,426168.0,10269.0,2.4096131,-0.6359233327387345,-0.7121226641872097,G1,High_DENV,0.6083193421363831
GSM2993681,huh7,Barcode_720-522EX4,10017006,dengue,31207,48,10,CGGAGCCT-ATGCGAGATC,0.535,,1001700612_E22,48,31207,0,31207,DENV,48h,e:\Zika_antigravity\00_raw_data\GSE110496\GSM2993681_1001700612_E22_counts.tsv,4977,542880.0,26850.0,4.9458447,-0.39750451927511243,-0.5577910806662042,G1,High_DENV,0.3842543959617615
GSM2993682,huh7,Barcode_721-502EX4,10017006,dengue,31000,48,10,TACGCTGC-CTCTATGATC,0.004,,1001700612_F1,48,31000,0,31000,DENV,48h,e:\Zika_antigravity\00_raw_data\GSE110496\GSM2993682_1001700612_F1_counts.tsv,4419,495655.0,24154.0,4.8731475,-0.5707922191924548,-0.7128663435230135,G1,High_DENV,0.6020285487174988
GSM2993683,huh7,Barcode_721-513EX4,10017006,dengue,40365,48,10,TACGCTGC-GACTAGGATC,0.159,,1001700612_F2,48,40365,0,40365,DENV,48h,e:\Zika_antigravity\00_raw_data\GSE110496\GSM2993683_1001700612_F2_counts.tsv,5767,618061.0,32206.0,5.2108126,-0.5635368835610626,-0.643260628204916,G1,High_DENV,0.7413972616195679
GSM2993684,huh7,Barcode_721-503EX4,10017006,dengue,21819,48,10,TACGCTGC-TCCTCTGATC,0.524,,1001700612_F3,48,21819,0,21819,DENV,48h,e:\Zika_antigravity\00_raw_data\GSE110496\GSM2993684_1001700612_F3_counts.tsv,5706,849644.0,21023.0,2.4743304,-0.584079749314558,0.3143311070604806,G2M,High_DENV,0.5215144157409668
GSM2993685,huh7,Barcode_721-515EX4,10017006,dengue,3546,48,10,TACGCTGC-CTAGCTGATC,0.167,,1001700612_F6,48,3546,0,3546,DENV,48h,e:\Zika_antigravity\00_raw_data\GSE110496\GSM2993685_1001700612_F6_counts.tsv,6459,591839.0,27347.0,4.6206822,-0.5807577873181019,-0.22909960017420827,G1,High_DENV,0.14626583456993103
GSM2993686,huh7,Barcode_721-505EX4,10017006,dengue,16065,48,10,TACGCTGC-AAGGAGGATC,0.011,,1001700612_F8,48,16065,0,16065,DENV,48h,e:\Zika_antigravity\00_raw_data\GSE110496\GSM2993686_1001700612_F8_counts.tsv,6136,299409.0,13626.0,4.5509653,-0.6082980632249798,-0.5860338436143939,G1,High_DENV,0.3096599578857422
GSM2993687,huh7,Barcode_721-516EX4,10017006,dengue,35836,48,10,TACGCTGC-TAGAGTGATC,0,,1001700612_F17,48,35836,0,35836,DENV,48h,e:\Zika_antigravity\00_raw_data\GSE110496\GSM2993687_1001700612_F17_counts.tsv,5925,682805.0,21846.0,3.199449,-0.5909960842913106,-0.6659713730790005,G1,High_DENV,0.4047883152961731
GSM2993688,huh7,Barcode_721-506EX4,10017006,dengue,566,48,10,TACGCTGC-TGCATAGATC,0,,1001700612_F18,48,566,0,566,DENV,48h,e:\Zika_antigravity\00_raw_data\GSE110496\GSM2993688_1001700612_F18_counts.tsv,3983,154429.0,4342.0,2.8116481,-0.5401902661248599,-0.4111296951973715,G1,High_DENV,0.4279032349586487
GSM2993689,huh7,Barcode_721-517EX4,10017006,dengue,10358,48,10,TACGCTGC-GTAAGAGATC,0,,1001700612_F20,48,10358,0,10358,DENV,48h,e:\Zika_antigravity\00_raw_data\GSE110496\GSM2993689_1001700612_F20_counts.tsv,5781,408286.0,21642.0,5.3006964,-0.6873946861097855,-0.3968944468373079,G1,High_DENV,0.38771286606788635
GSM2993693,huh7,Barcode_721-520EX4,10017006,dengue,8147,48,10,TACGCTGC-GGCTATGATC,0.006,,1001700612_G5,48,8147,0,8147,DENV,48h,e:\Zika_antigravity\00_raw_data\GSE110496\GSM2993693_1001700612_G5_counts.tsv,4298,463759.0,22317.0,4.8121977,-0.6483408769282202,-0.4419148375549637,G1,High_DENV,0.5610380172729492
GSM2993694,huh7,Barcode_721-510EX4,10017006,dengue,36843,48,10,TACGCTGC-TCTAATGATC,0.46,,1001700612_G7,48,36843,0,36843,DENV,48h,e:\Zika_antigravity\00_raw_data\GSE110496\GSM2993694_1001700612_G7_counts.tsv,5538,685399.0,30596.0,4.463969,-0.46262505395071846,-0.5902866913163083,G1,High_DENV,0.6624369621276855
GSM2993695,huh7,Barcode_721-521EX4,10017006,dengue,5292,48,10,TACGCTGC-GCCTTAGATC,0,,1001700612_G10,48,5292,0,5292,DENV,48h,e:\Zika_antigravity\00_raw_data\GSE110496\GSM2993695_1001700612_G10_counts.tsv,6207,183238.0,6509.0,3.5522108,0.7828969954468665,0.21353388060491682,S,High_DENV,0.16721336543560028
GSM2993696,huh7,Barcode_721-511EX4,10017006,dengue,8943,48,10,TACGCTGC-TCTCCGGATC,0.551,,1001700612_G11,48,8943,0,8943,DENV,48h,e:\Zika_antigravity\00_raw_data\GSE110496\GSM2993696_1001700612_G11_counts.tsv,5326,602773.0,22490.0,3.7310894,-0.4953086462492744,-0.6428647539511304,G1,High_DENV,0.6876076459884644
GSM2993697,huh7,Barcode_721-522EX4,10017006,dengue,14458,48,10,TACGCTGC-ATGCGAGATC,0.195,,1001700612_G13,48,14458,0,14458,DENV,48h,e:\Zika_antigravity\00_raw_data\GSE110496\GSM2993697_1001700612_G13_counts.tsv,2409,169722.0,8893.0,5.2397447,-0.22571500724270233,-0.26100381176976967,G1,High_DENV,0.2063959240913391
GSM2993699,huh7,Barcode_722-513EX4,10017006,dengue,6167,48,10,ATGCGCAG-GACTAGGATC,0,,1001700612_G18,48,6167,0,6167,DENV,48h,e:\Zika_antigravity\00_raw_data\GSE110496\GSM2993699_1001700612_G18_counts.tsv,5796,305941.0,17255.0,5.6399765,-0.3485313305099096,-0.5066295512959046,G1,High_DENV,0.38219794631004333
GSM2993700,huh7,Barcode_722-503EX4,10017006,dengue,15056,48,10,ATGCGCAG-TCCTCTGATC,0,,1001700612_G20,48,15056,0,15056,DENV,48h,e:\Zika_antigravity\00_raw_data\GSE110496\GSM2993700_1001700612_G20_counts.tsv,6293,667266.0,32259.0,4.8345037,-0.6609104273219903,-0.6611224558179296,G1,High_DENV,0.42095324397087097
GSM2993701,huh7,Barcode_722-515EX4,10017006,dengue,68954,48,10,ATGCGCAG-CTAGCTGATC,0.589,,1001700612_H1,48,68954,0,68954,DENV,48h,e:\Zika_antigravity\00_raw_data\GSE110496\GSM2993701_1001700612_H1_counts.tsv,4339,509522.0,31618.0,6.205424,-0.525789128793847,-0.33068355625861223,G1,High_DENV,0.5652071237564087
GSM2993702,huh7,Barcode_722-505EX4,10017006,dengue,10761,48,10,ATGCGCAG-AAGGAGGATC,0,,1001700612_H5,48,10761,0,10761,DENV,48h,e:\Zika_antigravity\00_raw_data\GSE110496\GSM2993702_1001700612_H5_counts.tsv,6253,305172.0,9101.0,2.9822526,-0.5914650927164724,-0.0396514051744256,G1,High_DENV,0.3252749443054199
GSM2993703,huh7,Barcode_722-516EX4,10017006,dengue,3755,48,10,ATGCGCAG-TAGAGTGATC,0.241,,1001700612_H6,48,3755,0,3755,DENV,48h,e:\Zika_antigravity\00_raw_data\GSE110496\GSM2993703_1001700612_H6_counts.tsv,5274,599661.0,18665.0,3.112592,-0.5388699349038125,-0.7032150942190039,G1,High_DENV,0.63332200050354
GSM2993704,huh7,Barcode_722-506EX4,10017006,dengue,14065,48,10,ATGCGCAG-TGCATAGATC,0,,1001700612_H8,48,14065,0,14065,DENV,48h,e:\Zika_antigravity\00_raw_data\GSE110496\GSM2993704_1001700612_H8_counts.tsv,6113,300979.0,10637.0,3.5341337,-0.6780446346671809,-0.6548643615150324,G1,High_DENV,0.5039579272270203
GSM2993705,huh7,Barcode_722-517EX4,10017006,dengue,62916,48,10,ATGCGCAG-GTAAGAGATC,2.05,,1001700612_H11,48,62916,0,62916,DENV,48h,e:\Zika_antigravity\00_raw_data\GSE110496\GSM2993705_1001700612_H11_counts.tsv,4958,426210.0,14225.0,3.3375566,-0.5832810412737586,-0.596936598004002,G1,High_DENV,1.0
GSM2993710,huh7,Barcode_722-510EX4,10017006,dengue,70487,48,10,ATGCGCAG-TCTAATGATC,0.125,,1001700612_I2,48,70487,0,70487,DENV,48h,e:\Zika_antigravity\00_raw_data\GSE110496\GSM2993710_1001700612_I2_counts.tsv,5501,646548.0,16949.0,2.6214604,-0.7012828916089521,-0.8286546513745335,G1,High_DENV,0.662363588809967
GSM2993712,huh7,Barcode_722-511EX4,10017006,dengue,16501,48,10,ATGCGCAG-TCTCCGGATC,0.223,,1001700612_I6,48,16501,0,16501,DENV,48h,e:\Zika_antigravity\00_raw_data\GSE110496\GSM2993712_1001700612_I6_counts.tsv,6249,523863.0,21856.0,4.172083,-0.7438092354485499,-0.7429461635392434,G1,High_DENV,0.4008334279060364
GSM2993713,huh7,Barcode_722-522EX4,10017006,dengue,3296,48,10,ATGCGCAG-ATGCGAGATC,0,,1001700612_I8,48,3296,0,3296,DENV,48h,e:\Zika_antigravity\00_raw_data\GSE110496\GSM2993713_1001700612_I8_counts.tsv,4946,345511.0,14767.0,4.2739596,-0.5113004294395935,-0.42906986847188794,G1,High_DENV,0.3034150302410126
GSM2993714,huh7,Barcode_723-502EX4,10017006,dengue,74251,48,10,TAGCGCTC-CTCTATGATC,0.196,,1001700612_I11,48,74251,0,74251,DENV,48h,e:\Zika_antigravity\00_raw_data\GSE110496\GSM2993714_1001700612_I11_counts.tsv,6120,602291.0,30654.0,5.0895667,-0.518632100087901,-0.6081005480526335,G1,High_DENV,0.6837124824523926
GSM2993715,huh7,Barcode_723-513EX4,10017006,dengue,14102,48,10,TAGCGCTC-GACTAGGATC,0.238,,1001700612_I12,48,14102,0,14102,DENV,48h,e:\Zika_antigravity\00_raw_data\GSE110496\GSM2993715_1001700612_I12_counts.tsv,5387,491805.0,27351.0,5.561351,-0.5918924766193543,-0.5497671231034363,G1,High_DENV,0.47396910190582275
GSM2993716,huh7,Barcode_723-503EX4,10017006,dengue,44337,48,10,TAGCGCTC-TCCTCTGATC,0,,1001700612_I15,48,44337,0,44337,DENV,48h,e:\Zika_antigravity\00_raw_data\GSE110496\GSM2993716_1001700612_I15_counts.tsv,6287,491651.0,25437.0,5.173792,-0.6611757689310859,-0.584118693652002,G1,High_DENV,0.6350982785224915
GSM2993717,huh7,Barcode_723-515EX4,10017006,dengue,1646,48,10,TAGCGCTC-CTAGCTGATC,1.535,,1001700612_I17,48,1646,0,1646,DENV,48h,e:\Zika_antigravity\00_raw_data\GSE110496\GSM2993717_1001700612_I17_counts.tsv,2099,14784.0,693.0,4.6875,-0.49944089181011636,-0.3307441391126166,G1,High_DENV,0.9575296640396118
GSM2993719,huh7,Barcode_723-516EX4,10017006,dengue,62719,48,10,TAGCGCTC-TAGAGTGATC,0.585,,1001700612_J1,48,62719,0,62719,DENV,48h,e:\Zika_antigravity\00_raw_data\GSE110496\GSM2993719_1001700612_J1_counts.tsv,5022,761575.0,38361.0,5.0370617,-0.4542947211269555,-0.6244786211337702,G1,High_DENV,0.6812117099761963
GSM2993722,huh7,Barcode_723-507EX4,10017006,dengue,3378,48,10,TAGCGCTC-GGAGTAGATC,0,,1001700612_J8,48,3378,0,3378,DENV,48h,e:\Zika_antigravity\00_raw_data\GSE110496\GSM2993722_1001700612_J8_counts.tsv,7048,387760.0,15626.0,4.0298123,-0.8496724879191745,-0.5650550565487054,G1,High_DENV,0.19359946250915527
GSM2993723,huh7,Barcode_723-518EX4,10017006,dengue,40768,48,10,TAGCGCTC-ATTAAGGATC,0.177,,1001700612_J13,48,40768,0,40768,DENV,48h,e:\Zika_antigravity\00_raw_data\GSE110496\GSM2993723_1001700612_J13_counts.tsv,5232,508270.0,19847.0,3.9048142,-0.6426905503369026,-0.5616627245321354,G1,High_DENV,0.6989554762840271
GSM2993724,huh7,Barcode_723-508EX4,10017006,dengue,96332,48,10,TAGCGCTC-AAGCCTGATC,1.424,,1001700612_J15,48,96332,0,96332,DENV,48h,e:\Zika_antigravity\00_raw_data\GSE110496\GSM2993724_1001700612_J15_counts.tsv,4661,508778.0,25154.0,4.944003,-0.4660839474006069,-0.43071071177560044,G1,High_DENV,0.5791687369346619
GSM2993726,huh7,Barcode_723-510EX4,10017006,dengue,23754,48,10,TAGCGCTC-TCTAATGATC,0.518,,1001700612_J21,48,23754,0,23754,DENV,48h,e:\Zika_antigravity\00_raw_data\GSE110496\GSM2993726_1001700612_J21_counts.tsv,5094,647863.0,29214.0,4.5092864,-0.5296380548782291,-0.5349357621090666,G1,High_DENV,0.49854427576065063
GSM2993727,huh7,Barcode_723-521EX4,10017006,dengue,17408,48,10,TAGCGCTC-GCCTTAGATC,0,,1001700612_K4,48,17408,0,17408,DENV,48h,e:\Zika_antigravity\00_raw_data\GSE110496\GSM2993727_1001700612_K4_counts.tsv,6827,342930.0,15583.0,4.544076,-0.29891740797264943,-0.2919982268162177,G1,High_DENV,0.3989632725715637
GSM2993729,huh7,Barcode_723-522EX4,10017006,dengue,7711,48,10,TAGCGCTC-ATGCGAGATC,0,,1001700612_K9,48,7711,0,7711,DENV,48h,e:\Zika_antigravity\00_raw_data\GSE110496\GSM2993729_1001700612_K9_counts.tsv,6856,469151.0,25226.0,5.376947,-0.560389833325254,-0.38802657912081007,G1,High_DENV,0.3480130136013031
GSM2993731,huh7,Barcode_724-513EX4,10017006,dengue,13147,48,10,ACTGAGCG-GACTAGGATC,0.13,,1001700612_K12,48,13147,0,13147,DENV,48h,e:\Zika_antigravity\00_raw_data\GSE110496\GSM2993731_1001700612_K12_counts.tsv,5585,318229.0,12900.0,4.0536847,-0.6399095504411629,-0.5312421027790165,G1,High_DENV,0.5365700125694275
GSM2993732,huh7,Barcode_724-503EX4,10017006,dengue,32047,48,10,ACTGAGCG-TCCTCTGATC,0.201,,1001700612_K14,48,32047,0,32047,DENV,48h,e:\Zika_antigravity\00_raw_data\GSE110496\GSM2993732_1001700612_K14_counts.tsv,5721,661982.0,33474.0,5.056633,-0.5505639687712703,-0.5346047010037556,G1,High_DENV,0.42701277136802673
GSM2993733,huh7,Barcode_724-515EX4,10017006,dengue,28622,48,10,ACTGAGCG-CTAGCTGATC,0.744,,1001700612_K16,48,28622,0,28622,DENV,48h,e:\Zika_antigravity\00_raw_data\GSE110496\GSM2993733_1001700612_K16_counts.tsv,6783,554520.0,24190.0,4.3623314,-0.5540670518877007,-0.14490495588046898,G1,High_DENV,0.19665594398975372
GSM2993736,huh7,Barcode_724-506EX4,10017006,dengue,195,48,10,ACTGAGCG-TGCATAGATC,0,,1001700612_L1,48,195,0,195,DENV,48h,e:\Zika_antigravity\00_raw_data\GSE110496\GSM2993736_1001700612_L1_counts.tsv,5514,500784.0,29859.0,5.962451,-0.5784834856433527,-0.5920049227880319,G1,High_DENV,0.5193701982498169
GSM2993739,huh7,Barcode_724-518EX4,10017006,dengue,15919,48,10,ACTGAGCG-ATTAAGGATC,0.094,,1001700612_L6,48,15919,0,15919,DENV,48h,e:\Zika_antigravity\00_raw_data\GSE110496\GSM2993739_1001700612_L6_counts.tsv,5341,635647.0,18849.0,2.965325,-0.727106819018012,-0.7248333560267461,G1,High_DENV,0.5193766355514526
GSM2993740,huh7,Barcode_724-508EX4,10017006,dengue,72593,48,10,ACTGAGCG-AAGCCTGATC,1.262,,1001700612_L10,48,72593,0,72593,DENV,48h,e:\Zika_antigravity\00_raw_data\GSE110496\GSM2993740_1001700612_L10_counts.tsv,5907,637236.0,24606.0,3.8613636,-0.5015358210009123,-0.6797405004508764,G1,High_DENV,0.9626959562301636
GSM2993745,huh7,Barcode_724-522EX4,10017006,dengue,1733,48,10,ACTGAGCG-ATGCGAGATC,0,,1001700612_M8,48,1733,0,1733,DENV,48h,e:\Zika_antigravity\00_raw_data\GSE110496\GSM2993745_1001700612_M8_counts.tsv,7175,393064.0,12810.0,3.2590113,-0.4713778455774965,0.24638005636982152,G2M,High_DENV,0.1690283715724945
GSM2993746,huh7,Barcode_726-502EX4,10017006,dengue,6095,48,10,CCTAAGAC-CTCTATGATC,0,,1001700612_M10,48,6095,0,6095,DENV,48h,e:\Zika_antigravity\00_raw_data\GSE110496\GSM2993746_1001700612_M10_counts.tsv,6225,240704.0,13219.0,5.4918075,-0.4537521886877671,-0.6273882303731142,G1,High_DENV,0.4462350904941559
GSM2993748,huh7,Barcode_726-503EX4,10017006,dengue,31379,48,10,CCTAAGAC-TCCTCTGATC,0,,1001700612_M14,48,31379,0,31379,DENV,48h,e:\Zika_antigravity\00_raw_data\GSE110496\GSM2993748_1001700612_M14_counts.tsv,3832,431402.0,52791.0,12.237078,0.46235615250549184,0.23062607918642214,S,High_DENV,0.21426084637641907
GSM2993749,huh7,Barcode_726-515EX4,10017006,dengue,5252,48,10,CCTAAGAC-CTAGCTGATC,0,,1001700612_M17,48,5252,0,5252,DENV,48h,e:\Zika_antigravity\00_raw_data\GSE110496\GSM2993749_1001700612_M17_counts.tsv,7155,447788.0,25751.0,5.7507124,-0.652483946670379,-0.09318210668930367,G1,High_DENV,0.24632628262043
GSM2993752,huh7,Barcode_726-506EX4,10017006,dengue,23993,48,10,CCTAAGAC-TGCATAGATC,1.286,,1001700612_N1,48,23993,0,23993,DENV,48h,e:\Zika_antigravity\00_raw_data\GSE110496\GSM2993752_1001700612_N1_counts.tsv,3836,286852.0,14599.0,5.089384,-0.4540236820644212,-0.3549013089874107,G1,High_DENV,0.5219648480415344
GSM2993754,huh7,Barcode_726-507EX4,10017006,dengue,31303,48,10,CCTAAGAC-GGAGTAGATC,0.643,,1001700612_N5,48,31303,0,31303,DENV,48h,e:\Zika_antigravity\00_raw_data\GSE110496\GSM2993754_1001700612_N5_counts.tsv,4998,255904.0,8295.0,3.24145,-0.5586177701610029,-0.6092879065140516,G1,High_DENV,0.7886265516281128
GSM2993755,huh7,Barcode_726-518EX4,10017006,dengue,1175,48,10,CCTAAGAC-ATTAAGGATC,0,,1001700612_N11,48,1175,0,1175,DENV,48h,e:\Zika_antigravity\00_raw_data\GSE110496\GSM2993755_1001700612_N11_counts.tsv,3618,33884.0,1422.0,4.196671,-0.5924449645514999,-0.6633880014853553,G1,High_DENV,0.42321276664733887
GSM2993756,huh7,Barcode_726-508EX4,10017006,dengue,12443,48,10,CCTAAGAC-AAGCCTGATC,0,,1001700612_N14,48,12443,0,12443,DENV,48h,e:\Zika_antigravity\00_raw_data\GSE110496\GSM2993756_1001700612_N14_counts.tsv,5499,464399.0,24143.0,5.1987624,-0.6288037651174125,-0.4110407833101435,G1,High_DENV,0.45553433895111084
GSM2993758,huh7,Barcode_726-510EX4,10017006,dengue,3117,48,10,CCTAAGAC-TCTAATGATC,0,,1001700612_N20,48,3117,0,3117,DENV,48h,e:\Zika_antigravity\00_raw_data\GSE110496\GSM2993758_1001700612_N20_counts.tsv,5957,320479.0,16025.0,5.0003276,-0.7317953103754138,-0.5591254974167407,G1,High_DENV,0.40738925337791443
GSM2993759,huh7,Barcode_726-521EX4,10017006,dengue,95,48,10,CCTAAGAC-GCCTTAGATC,0.355,,1001700612_N22,48,95,0,95,DENV,48h,e:\Zika_antigravity\00_raw_data\GSE110496\GSM2993759_1001700612_N22_counts.tsv,4706,92728.0,4501.0,4.8539815,-0.32703901618009523,0.35057314936473505,G2M,High_DENV,0.15573827922344208
GSM2993762,huh7,Barcode_727-502EX4,10017006,dengue,12202,48,10,CGATCAGT-CTCTATGATC,0.001,,1001700612_O4,48,12202,0,12202,DENV,48h,e:\Zika_antigravity\00_raw_data\GSE110496\GSM2993762_1001700612_O4_counts.tsv,5292,146535.0,6965.0,4.753131,-0.6733314601771001,-0.7252730596524447,G1,High_DENV,0.4069013297557831
GSM2993766,huh7,Barcode_727-505EX4,10017006,dengue,16017,48,10,CGATCAGT-AAGGAGGATC,0.566,,1001700612_O15,48,16017,0,16017,DENV,48h,e:\Zika_antigravity\00_raw_data\GSE110496\GSM2993766_1001700612_O15_counts.tsv,5663,305747.0,12848.0,4.2021675,-0.5306799078271502,-0.1927141940500616,G1,High_DENV,0.49364179372787476
GSM2993767,huh7,Barcode_727-516EX4,10017006,dengue,18628,48,10,CGATCAGT-TAGAGTGATC,0.785,,1001700612_O17,48,18628,0,18628,DENV,48h,e:\Zika_antigravity\00_raw_data\GSE110496\GSM2993767_1001700612_O17_counts.tsv,3825,289173.0,8704.0,3.0099628,-0.5097531161692348,-0.5809203443207918,G1,High_DENV,0.19249390065670013
GSM2993768,huh7,Barcode_727-506EX4,10017006,dengue,54420,48,10,CGATCAGT-TGCATAGATC,0.577,,1001700612_O19,48,54420,0,54420,DENV,48h,e:\Zika_antigravity\00_raw_data\GSE110496\GSM2993768_1001700612_O19_counts.tsv,5999,458968.0,21908.0,4.773318,-0.41072352726367256,-0.4920737849680251,G1,High_DENV,0.6884635090827942
GSM2993770,huh7,Barcode_727-507EX4,10017006,dengue,7152,48,10,CGATCAGT-GGAGTAGATC,0.001,,1001700612_P3,48,7152,0,7152,DENV,48h,e:\Zika_antigravity\00_raw_data\GSE110496\GSM2993770_1001700612_P3_counts.tsv,2871,263522.0,15345.0,5.8230433,-0.44271126769128294,-0.1818716874840055,G1,High_DENV,0.5195499658584595
GSM2993771,huh7,Barcode_727-518EX4,10017006,dengue,7967,48,10,CGATCAGT-ATTAAGGATC,1.02,,1001700612_P6,48,7967,0,7967,DENV,48h,e:\Zika_antigravity\00_raw_data\GSE110496\GSM2993771_1001700612_P6_counts.tsv,4276,446406.0,27152.0,6.0823555,-0.3528082563342261,-0.4365208830737654,G1,High_DENV,0.7450713515281677
GSM2993772,huh7,Barcode_727-508EX4,10017006,dengue,684,48,10,CGATCAGT-AAGCCTGATC,0,,1001700612_P7,48,684,0,684,DENV,48h,e:\Zika_antigravity\00_raw_data\GSE110496\GSM2993772_1001700612_P7_counts.tsv,3990,407350.0,19703.0,4.8368726,-0.5396176910205256,-0.35874443286520385,G1,High_DENV,0.6396403908729553
GSM2993773,huh7,Barcode_727-520EX4,10017006,dengue,11434,48,10,CGATCAGT-GGCTATGATC,0.039,,1001700612_P9,48,11434,0,11434,DENV,48h,e:\Zika_antigravity\00_raw_data\GSE110496\GSM2993773_1001700612_P9_counts.tsv,4194,314274.0,16372.0,5.209467,-0.39482956994879276,-0.2141674618352886,G1,High_DENV,0.6579043865203857
GSM2993775,huh7,Barcode_727-521EX4,10017006,dengue,18284,48,10,CGATCAGT-GCCTTAGATC,0,,1001700612_P20,48,18284,0,18284,DENV,48h,e:\Zika_antigravity\00_raw_data\GSE110496\GSM2993775_1001700612_P20_counts.tsv,6204,420981.0,26644.0,6.3290267,-0.5597361029790981,-0.4848322425680672,G1,High_DENV,0.38302376866340637
GSM2993776,huh7,Barcode_727-511EX4,10017006,dengue,10758,48,10,CGATCAGT-TCTCCGGATC,0.09,,1001700612_P22,48,10758,0,10758,DENV,48h,e:\Zika_antigravity\00_raw_data\GSE110496\GSM2993776_1001700612_P22_counts.tsv,4137,107444.0,4234.0,3.9406576,-0.7163930445820803,-0.6869345005164098,G1,High_DENV,0.9516677856445312
GSM2993777,huh7,Barcode_701-502EX1,10017008,zika,,4,0,TAAGGCGA-ACGTATAGAGAG,,0,1001700801_A1,4,0,0,0,Control,4h,e:\Zika_antigravity\00_raw_data\GSE110496\GSM2993777_1001700801_A1_counts.tsv,7728,914668.0,43194.0,4.722369,0.16331178721350928,-0.38344087879339855,S,Bystander_ZIKV,0.0
GSM2993778,huh7,Barcode_701-513EX1,10017008,zika,,4,0,TAAGGCGA-ACGTCTAGTCGA,,0,1001700801_A8,4,0,0,0,Control,4h,e:\Zika_antigravity\00_raw_data\GSE110496\GSM2993778_1001700801_A8_counts.tsv,7164,642635.0,17638.0,2.7446373,-0.3033439266312468,0.47435548608425354,G2M,Bystander_ZIKV,0.149021714925766
GSM2993779,huh7,Barcode_701-503EX1,10017008,zika,,4,0,TAAGGCGA-ACGTAGAGGATA,,0,1001700801_A9,4,0,0,0,Control,4h,e:\Zika_antigravity\00_raw_data\GSE110496\GSM2993779_1001700801_A9_counts.tsv,5822,104584.0,2480.0,2.3712997,1.2642760276287195,-0.031151979376443206,S,Bystander_ZIKV,0.26810747385025024
GSM2993780,huh7,Barcode_701-515EX1,10017008,zika,,4,0,TAAGGCGA-ACGTAGCTAGAA,,0,1001700801_A11,4,0,0,0,Control,4h,e:\Zika_antigravity\00_raw_data\GSE110496\GSM2993780_1001700801_A11_counts.tsv,7934,707051.0,29240.0,4.135487,1.344808594110821,0.7444154014261487,S,Bystander_ZIKV,0.18894712626934052
GSM2993781,huh7,Barcode_701-505EX1,10017008,zika,,4,0,TAAGGCGA-ACGTCTCCTTAC,,0,1001700801_B1,4,0,0,0,Control,4h,e:\Zika_antigravity\00_raw_data\GSE110496\GSM2993781_1001700801_B1_counts.tsv,6132,341793.0,12312.0,3.6021802,0.05392429024158489,-0.35342219119253326,S,Bystander_ZIKV,0.10524281859397888
GSM2993784,huh7,Barcode_701-517EX1,10017008,zika,,4,0,TAAGGCGA-ACGTTCTTACGC,,0,1001700801_C2,4,0,0,0,Control,4h,e:\Zika_antigravity\00_raw_data\GSE110496\GSM2993784_1001700801_C2_counts.tsv,4955,166299.0,2136.0,1.2844335,-0.36142868129979994,-0.00519295332601126,G1,Bystander_ZIKV,0.19106489419937134
GSM2993785,huh7,Barcode_701-507EX1,10017008,zika,,4,0,TAAGGCGA-ACGTTACTCCTT,,0,1001700801_C3,4,0,0,0,Control,4h,e:\Zika_antigravity\00_raw_data\GSE110496\GSM2993785_1001700801_C3_counts.tsv,7200,363808.0,8688.0,2.3880727,0.788306192725542,-0.2368511023324761,S,Bystander_ZIKV,0.0787532702088356
GSM2993786,huh7,Barcode_701-518EX1,10017008,zika,,4,0,TAAGGCGA-ACGTCTTAATAG,,0,1001700801_C5,4,0,0,0,Control,4h,e:\Zika_antigravity\00_raw_data\GSE110496\GSM2993786_1001700801_C5_counts.tsv,6960,451519.0,15481.0,3.4286487,-0.41036774893069555,0.6821539999640721,G2M,Bystander_ZIKV,0.2738510072231293
GSM2993787,huh7,Barcode_701-508EX1,10017008,zika,,4,0,TAAGGCGA-ACGTAGGCTTAG,,0,1001700801_C16,4,0,0,0,Control,4h,e:\Zika_antigravity\00_raw_data\GSE110496\GSM2993787_1001700801_C16_counts.tsv,6193,294397.0,10706.0,3.636586,0.4180716107932052,-0.29290716392520405,S,Bystander_ZIKV,0.12010787427425385
GSM2993788,huh7,Barcode_701-520EX1,10017008,zika,,4,0,TAAGGCGA-ACGTATAGCCTT,,0,1001700801_C19,4,0,0,0,Control,4h,e:\Zika_antigravity\00_raw_data\GSE110496\GSM2993788_1001700801_C19_counts.tsv,7341,692169.0,33052.0,4.7751346,-0.7129486325729106,-0.7348931166648456,G1,Bystander_ZIKV,0.2356599122285843
GSM2993789,huh7,Barcode_701-510EX1,10017008,zika,,4,0,TAAGGCGA-ACGTATTAGACG,,0,1001700801_C22,4,0,0,0,Control,4h,e:\Zika_antigravity\00_raw_data\GSE110496\GSM2993789_1001700801_C22_counts.tsv,6379,184023.0,5851.0,3.179494,-0.4149019929569303,1.4420297852285586,G2M,Bystander_ZIKV,0.2914515733718872
GSM2993790,huh7,Barcode_701-521EX1,10017008,zika,,4,0,TAAGGCGA-ACGTTAAGGCTC,,0,1001700801_D1,4,0,0,0,Control,4h,e:\Zika_antigravity\00_raw_data\GSE110496\GSM2993790_1001700801_D1_counts.tsv,6426,393531.0,15625.0,3.9704626,1.1270352547988294,0.14862083804456788,S,Bystander_ZIKV,0.1379898637533188
GSM2993791,huh7,Barcode_701-511EX1,10017008,zika,,4,0,TAAGGCGA-ACGTCGGAGAGA,,0,1001700801_D3,4,0,0,0,Control,4h,e:\Zika_antigravity\00_raw_data\GSE110496\GSM2993791_1001700801_D3_counts.tsv,7238,488423.0,22198.0,4.5448313,0.13110649868225058,-0.25949192410914346,S,Bystander_ZIKV,0.06620332598686218
GSM2993792,huh7,Barcode_701-522EX1,10017008,zika,,4,0,TAAGGCGA-ACGTTCGCATAA,,0,1001700801_D4,4,0,0,0,Control,4h,e:\Zika_antigravity\00_raw_data\GSE110496\GSM2993792_1001700801_D4_counts.tsv,6844,333070.0,12065.0,3.6223617,-0.0028122902382165214,-0.256498885045009,G1,Bystander_ZIKV,0.1072387769818306
GSM2993793,huh7,Barcode_702-502EX1,10017008,zika,,4,0,CGTACTAG-ACGTATAGAGAG,,0,1001700801_D6,4,0,0,0,Control,4h,e:\Zika_antigravity\00_raw_data\GSE110496\GSM2993793_1001700801_D6_counts.tsv,7183,790282.0,27659.0,3.4998899,0.2618187225124399,-0.25265920104945855,S,Bystander_ZIKV,0.07354128360748291
GSM2993795,huh7,Barcode_702-503EX1,10017008,zika,,4,0,CGTACTAG-ACGTAGAGGATA,,0,1001700801_D18,4,0,0,0,Control,4h,e:\Zika_antigravity\00_raw_data\GSE110496\GSM2993795_1001700801_D18_counts.tsv,7362,1.008446e+06,25346.0,2.513372,-0.2514848647417412,0.13914883047744883,G2M,Bystander_ZIKV,0.093832828104496
GSM2993796,huh7,Barcode_702-515EX1,10017008,zika,,4,0,CGTACTAG-ACGTAGCTAGAA,,0,1001700801_D19,4,0,0,0,Control,4h,e:\Zika_antigravity\00_raw_data\GSE110496\GSM2993796_1001700801_D19_counts.tsv,4280,68262.0,2021.0,2.9606516,0.21045353693798896,-0.28861251338252325,S,Bystander_ZIKV,0.17012962698936462
GSM2993797,huh7,Barcode_702-505EX1,10017008,zika,,4,0,CGTACTAG-ACGTCTCCTTAC,,0,1001700801_D21,4,0,0,0,Control,4h,e:\Zika_antigravity\00_raw_data\GSE110496\GSM2993797_1001700801_D21_counts.tsv,7111,1.286734e+06,58943.0,4.5808225,-0.40162388735583854,0.051581078520696294,G2M,Bystander_ZIKV,0.10872646421194077
GSM2993798,huh7,Barcode_702-516EX1,10017008,zika,,4,0,CGTACTAG-ACGTACTCTAGG,,0,1001700801_D24,4,0,0,0,Control,4h,e:\Zika_antigravity\00_raw_data\GSE110496\GSM2993798_1001700801_D24_counts.tsv,7722,880099.0,34018.0,3.8652468,1.2965453508930902,-0.11542450237960789,S,Bystander_ZIKV,0.1662788689136505
GSM2993799,huh7,Barcode_702-506EX1,10017008,zika,,4,0,CGTACTAG-ACGTTATGCAGT,,0,1001700801_E3,4,0,0,0,Control,4h,e:\Zika_antigravity\00_raw_data\GSE110496\GSM2993799_1001700801_E3_counts.tsv,5576,1.812955e+06,6876.0,0.37927032,-0.5030352951448765,0.6100595065311851,G2M,Bystander_ZIKV,0.18076880276203156
GSM2993800,huh7,Barcode_702-517EX1,10017008,zika,,4,0,CGTACTAG-ACGTTCTTACGC,,0,1001700801_E7,4,0,0,0,Control,4h,e:\Zika_antigravity\00_raw_data\GSE110496\GSM2993800_1001700801_E7_counts.tsv,7107,483778.0,18670.0,3.859208,0.10956822558350506,-0.07513025582790428,S,Bystander_ZIKV,0.045862291008234024
GSM2993802,huh7,Barcode_702-518EX1,10017008,zika,,4,0,CGTACTAG-ACGTCTTAATAG,,0,1001700801_E11,4,0,0,0,Control,4h,e:\Zika_antigravity\00_raw_data\GSE110496\GSM2993802_1001700801_E11_counts.tsv,6559,633756.0,24961.0,3.9385822,-0.45532611359930814,-0.32148062723463017,G1,Bystander_ZIKV,0.07934355735778809
GSM2993803,huh7,Barcode_702-508EX1,10017008,zika,,4,0,CGTACTAG-ACGTAGGCTTAG,,0,1001700801_E13,4,0,0,0,Control,4h,e:\Zika_antigravity\00_raw_data\GSE110496\GSM2993803_1001700801_E13_counts.tsv,6903,632304.0,26749.0,4.2304015,-0.39564828428805676,0.6232373306436114,G2M,Bystander_ZIKV,0.23149631917476654
GSM2993804,huh7,Barcode_702-520EX1,10017008,zika,,4,0,CGTACTAG-ACGTATAGCCTT,,0,1001700801_E22,4,0,0,0,Control,4h,e:\Zika_antigravity\00_raw_data\GSE110496\GSM2993804_1001700801_E22_counts.tsv,7727,516137.0,15232.0,2.9511545,0.06492964043503716,-0.6048817582088235,S,Bystander_ZIKV,0.08574885874986649
GSM2993805,huh7,Barcode_702-510EX1,10017008,zika,,4,0,CGTACTAG-ACGTATTAGACG,,0,1001700801_E23,4,0,0,0,Control,4h,e:\Zika_antigravity\00_raw_data\GSE110496\GSM2993805_1001700801_E23_counts.tsv,6445,933297.0,12012.0,1.2870501,0.004171678197703185,-0.38669511738255813,S,Bystander_ZIKV,0.1414247751235962
GSM2993807,huh7,Barcode_702-511EX1,10017008,zika,,4,0,CGTACTAG-ACGTCGGAGAGA,,0,1001700801_F10,4,0,0,0,Control,4h,e:\Zika_antigravity\00_raw_data\GSE110496\GSM2993807_1001700801_F10_counts.tsv,7200,672225.0,26577.0,3.9535868,-0.5059072542048636,0.6686670010749032,G2M,Bystander_ZIKV,0.24238070845603943
GSM2993808,huh7,Barcode_702-522EX1,10017008,zika,,4,0,CGTACTAG-ACGTTCGCATAA,,0,1001700801_F12,4,0,0,0,Control,4h,e:\Zika_antigravity\00_raw_data\GSE110496\GSM2993808_1001700801_F12_counts.tsv,7498,606111.0,22392.0,3.694373,-0.028532635837438564,-0.47782865943610636,G1,Bystander_ZIKV,0.09426073729991913
GSM2993809,huh7,Barcode_703-502EX1,10017008,zika,,4,0,AGGCAGAA-ACGTATAGAGAG,,0,1001700801_F16,4,0,0,0,Control,4h,e:\Zika_antigravity\00_raw_data\GSE110496\GSM2993809_1001700801_F16_counts.tsv,5504,106430.0,3142.0,2.9521751,0.1543844531201536,-0.3627230784452058,S,Bystander_ZIKV,0.15315456688404083
GSM2993810,huh7,Barcode_703-513EX1,10017008,zika,,4,0,AGGCAGAA-ACGTCTAGTCGA,,0,1001700801_F18,4,0,0,0,Control,4h,e:\Zika_antigravity\00_raw_data\GSE110496\GSM2993810_1001700801_F18_counts.tsv,7593,516456.0,14399.0,2.7880402,-0.25989454697728864,0.8852273971624409,G2M,Bystander_ZIKV,0.25685885548591614
GSM2993811,huh7,Barcode_703-503EX1,10017008,zika,,4,0,AGGCAGAA-ACGTAGAGGATA,,0,1001700801_F19,4,0,0,0,Control,4h,e:\Zika_antigravity\00_raw_data\GSE110496\GSM2993811_1001700801_F19_counts.tsv,6888,545085.0,21561.0,3.95553,-0.18487860177521637,0.3431541113558728,G2M,Bystander_ZIKV,0.12568898499011993
GSM2993812,huh7,Barcode_703-515EX1,10017008,zika,,4,0,AGGCAGAA-ACGTAGCTAGAA,,0,1001700801_F24,4,0,0,0,Control,4h,e:\Zika_antigravity\00_raw_data\GSE110496\GSM2993812_1001700801_F24_counts.tsv,5779,332373.0,1687.0,0.5075623,-0.6092577233910561,-0.35610128624516435,G1,Bystander_ZIKV,0.17731252312660217
GSM2993813,huh7,Barcode_703-505EX1,10017008,zika,,4,0,AGGCAGAA-ACGTCTCCTTAC,,0,1001700801_G1,4,0,0,0,Control,4h,e:\Zika_antigravity\00_raw_data\GSE110496\GSM2993813_1001700801_G1_counts.tsv,6433,517161.0,18450.0,3.5675545,-0.14121215278282762,1.0801035183260101,G2M,Bystander_ZIKV,0.24507254362106323
GSM2993814,huh7,Barcode_703-516EX1,10017008,zika,,4,0,AGGCAGAA-ACGTACTCTAGG,,0,1001700801_G5,4,0,0,0,Control,4h,e:\Zika_antigravity\00_raw_data\GSE110496\GSM2993814_1001700801_G5_counts.tsv,7159,941316.0,37763.0,4.011724,-0.6287349519497227,-0.5731093470518652,G1,Bystander_ZIKV,0.2995736002922058
GSM2993815,huh7,Barcode_703-506EX1,10017008,zika,,4,0,AGGCAGAA-ACGTTATGCAGT,,0,1001700801_G8,4,0,0,0,Control,4h,e:\Zika_antigravity\00_raw_data\GSE110496\GSM2993815_1001700801_G8_counts.tsv,7312,1.129152e+06,39343.0,3.484296,-0.6622969338221342,-0.050077250428302855,G1,Bystander_ZIKV,0.09288819879293442
GSM2993816,huh7,Barcode_703-517EX1,10017008,zika,,4,0,AGGCAGAA-ACGTTCTTACGC,,0,1001700801_G11,4,0,0,0,Control,4h,e:\Zika_antigravity\00_raw_data\GSE110496\GSM2993816_1001700801_G11_counts.tsv,7993,910284.0,38941.0,4.277896,0.683425666511591,-0.17205278794272624,S,Bystander_ZIKV,0.0863153412938118
GSM2993817,huh7,Barcode_703-507EX1,10017008,zika,,4,0,AGGCAGAA-ACGTTACTCCTT,,0,1001700801_G12,4,0,0,0,Control,4h,e:\Zika_antigravity\00_raw_data\GSE110496\GSM2993817_1001700801_G12_counts.tsv,7835,1.022342e+06,29911.0,2.9257333,1.053645192689839,0.06759930502722075,S,Bystander_ZIKV,0.23665428161621094
GSM2993818,huh7,Barcode_703-518EX1,10017008,zika,,4,0,AGGCAGAA-ACGTCTTAATAG,,0,1001700801_G19,4,0,0,0,Control,4h,e:\Zika_antigravity\00_raw_data\GSE110496\GSM2993818_1001700801_G19_counts.tsv,7575,1.230555e+06,53849.0,4.3759933,-0.43783560968891144,-0.5845342250874793,G1,Bystander_ZIKV,0.10343329608440399
GSM2993820,huh7,Barcode_703-520EX1,10017008,zika,,4,0,AGGCAGAA-ACGTATAGCCTT,,0,1001700801_G24,4,0,0,0,Control,4h,e:\Zika_antigravity\00_raw_data\GSE110496\GSM2993820_1001700801_G24_counts.tsv,7065,1.187823e+06,49731.0,4.186735,-0.5794375233097179,-0.4481971009100416,G1,Bystander_ZIKV,0.0582893006503582
GSM2993821,huh7,Barcode_703-510EX1,10017008,zika,,4,0,AGGCAGAA-ACGTATTAGACG,,0,1001700801_H2,4,0,0,0,Control,4h,e:\Zika_antigravity\00_raw_data\GSE110496\GSM2993821_1001700801_H2_counts.tsv,7139,615876.0,23775.0,3.8603551,-0.4643686248610417,-0.430693269035814,G1,Bystander_ZIKV,0.07009417563676834
GSM2993823,huh7,Barcode_703-511EX1,10017008,zika,,4,0,AGGCAGAA-ACGTCGGAGAGA,,0,1001700801_H9,4,0,0,0,Control,4h,e:\Zika_antigravity\00_raw_data\GSE110496\GSM2993823_1001700801_H9_counts.tsv,6576,549380.0,15668.0,2.851942,-0.15315665441698262,0.10841503335374779,G2M,Bystander_ZIKV,0.1248980388045311
GSM2993825,huh7,Barcode_704-502EX1,10017008,zika,,4,0,TCCTGAGC-ACGTATAGAGAG,,0,1001700801_H12,4,0,0,0,Control,4h,e:\Zika_antigravity\00_raw_data\GSE110496\GSM2993825_1001700801_H12_counts.tsv,7141,799858.0,33987.0,4.2491293,-0.36810141557029313,0.1760979955293834,G2M,Bystander_ZIKV,0.13823042809963226
GSM2993826,huh7,Barcode_704-513EX1,10017008,zika,,4,0,TCCTGAGC-ACGTCTAGTCGA,,0,1001700801_H15,4,0,0,0,Control,4h,e:\Zika_antigravity\00_raw_data\GSE110496\GSM2993826_1001700801_H15_counts.tsv,7547,880651.0,44057.0,5.0027766,-0.02612261427233794,-0.15009689931173353,G1,Bystander_ZIKV,0.11444024741649628
GSM2993827,huh7,Barcode_704-503EX1,10017008,zika,,4,0,TCCTGAGC-ACGTAGAGGATA,,0,1001700801_H20,4,0,0,0,Control,4h,e:\Zika_antigravity\00_raw_data\GSE110496\GSM2993827_1001700801_H20_counts.tsv,6368,248250.0,6843.0,2.7564955,-0.38387533836953697,1.5396712762010383,G2M,Bystander_ZIKV,0.2863360345363617
GSM2993828,huh7,Barcode_704-515EX1,10017008,zika,,4,0,TCCTGAGC-ACGTAGCTAGAA,,0,1001700801_H21,4,0,0,0,Control,4h,e:\Zika_antigravity\00_raw_data\GSE110496\GSM2993828_1001700801_H21_counts.tsv,7874,990454.0,28227.0,2.8499053,1.22806392358616,0.4554813563933729,S,Bystander_ZIKV,0.23530210554599762
GSM2993829,huh7,Barcode_704-505EX1,10017008,zika,,4,0,TCCTGAGC-ACGTCTCCTTAC,,0,1001700801_I1,4,0,0,0,Control,4h,e:\Zika_antigravity\00_raw_data\GSE110496\GSM2993829_1001700801_I1_counts.tsv,6317,361307.0,10573.0,2.9263203,-0.14424606893832484,-0.2812199047973555,G1,Bystander_ZIKV,0.11255120486021042
GSM2993830,huh7,Barcode_704-516EX1,10017008,zika,,4,0,TCCTGAGC-ACGTACTCTAGG,,0,1001700801_I7,4,0,0,0,Control,4h,e:\Zika_antigravity\00_raw_data\GSE110496\GSM2993830_1001700801_I7_counts.tsv,7944,1.004456e+06,51310.0,5.1082377,1.0581082018347279,0.7329164772656087,S,Bystander_ZIKV,0.2193104326725006
GSM2993831,huh7,Barcode_704-506EX1,10017008,zika,,4,0,TCCTGAGC-ACGTTATGCAGT,,0,1001700801_I15,4,0,0,0,Control,4h,e:\Zika_antigravity\00_raw_data\GSE110496\GSM2993831_1001700801_I15_counts.tsv,7762,1.270969e+06,46380.0,3.6491842,-0.41440959395958726,-0.03580767696653699,G1,Bystander_ZIKV,0.1445753127336502
GSM2993832,huh7,Barcode_704-517EX1,10017008,zika,,4,0,TCCTGAGC-ACGTTCTTACGC,,0,1001700801_I19,4,0,0,0,Control,4h,e:\Zika_antigravity\00_raw_data\GSE110496\GSM2993832_1001700801_I19_counts.tsv,7386,510412.0,20293.0,3.975808,0.303016476106963,-0.13118406476888494,S,Bystander_ZIKV,0.09299947321414948
GSM2993833,huh7,Barcode_704-507EX1,10017008,zika,,4,0,TCCTGAGC-ACGTTACTCCTT,,0,1001700801_J6,4,0,0,0,Control,4h,e:\Zika_antigravity\00_raw_data\GSE110496\GSM2993833_1001700801_J6_counts.tsv,7791,1.052414e+06,57985.0,5.509714,-0.598699464393957,-0.3339811622282451,G1,Bystander_ZIKV,0.09813444316387177
GSM2993834,huh7,Barcode_704-518EX1,10017008,zika,,4,0,TCCTGAGC-ACGTCTTAATAG,,0,1001700801_J14,4,0,0,0,Control,4h,e:\Zika_antigravity\00_raw_data\GSE110496\GSM2993834_1001700801_J14_counts.tsv,5706,1.155802e+06,132993.0,11.506556,-0.12893151742894024,0.636074930422894,G2M,Bystander_ZIKV,0.11263440549373627
GSM2993836,huh7,Barcode_704-520EX1,10017008,zika,,4,0,TCCTGAGC-ACGTATAGCCTT,,0,1001700801_J17,4,0,0,0,Control,4h,e:\Zika_antigravity\00_raw_data\GSE110496\GSM2993836_1001700801_J17_counts.tsv,6412,969453.0,17075.0,1.7613026,-0.7943554684697162,-0.7034625094539508,G1,Bystander_ZIKV,0.07469896227121353
GSM2993837,huh7,Barcode_704-510EX1,10017008,zika,,4,0,TCCTGAGC-ACGTATTAGACG,,0,1001700801_J18,4,0,0,0,Control,4h,e:\Zika_antigravity\00_raw_data\GSE110496\GSM2993837_1001700801_J18_counts.tsv,7699,726320.0,18506.0,2.5479128,-0.7721486161618183,-0.5262096892607633,G1,Bystander_ZIKV,0.12533189356327057
GSM2993838,huh7,Barcode_704-521EX1,10017008,zika,,4,0,TCCTGAGC-ACGTTAAGGCTC,,0,1001700801_J20,4,0,0,0,Control,4h,e:\Zika_antigravity\00_raw_data\GSE110496\GSM2993838_1001700801_J20_counts.tsv,7964,1.147186e+06,54566.0,4.7565084,1.0160390923320803,0.18570836223523116,S,Bystander_ZIKV,0.1725592017173767
GSM2993839,huh7,Barcode_704-511EX1,10017008,zika,,4,0,TCCTGAGC-ACGTCGGAGAGA,,0,1001700801_K5,4,0,0,0,Control,4h,e:\Zika_antigravity\00_raw_data\GSE110496\GSM2993839_1001700801_K5_counts.tsv,5063,720564.0,4790.0,0.6647571,0.8493568475657541,0.26523577150184613,S,Bystander_ZIKV,0.18728123605251312
GSM2993840,huh7,Barcode_704-522EX1,10017008,zika,,4,0,TCCTGAGC-ACGTTCGCATAA,,0,1001700801_K6,4,0,0,0,Control,4h,e:\Zika_antigravity\00_raw_data\GSE110496\GSM2993840_1001700801_K6_counts.tsv,6939,388096.0,11796.0,3.0394542,0.8141808798820767,0.16670325755076315,S,Bystander_ZIKV,0.16944393515586853
GSM2993841,huh7,Barcode_705-502EX1,10017008,zika,,4,0,GGACTCCT-ACGTATAGAGAG,,0,1001700801_K14,4,0,0,0,Control,4h,e:\Zika_antigravity\00_raw_data\GSE110496\GSM2993841_1001700801_K14_counts.tsv,7829,804998.0,25298.0,3.1426165,0.6889692755343969,0.7563744149817433,G2M,Bystander_ZIKV,0.2828296422958374
GSM2993844,huh7,Barcode_705-515EX1,10017008,zika,,4,0,GGACTCCT-ACGTAGCTAGAA,,0,1001700801_L1,4,0,0,0,Control,4h,e:\Zika_antigravity\00_raw_data\GSE110496\GSM2993844_1001700801_L1_counts.tsv,6296,837694.0,29569.0,3.529809,-0.4221942321441713,0.02460342210077732,G2M,Bystander_ZIKV,0.0496753565967083
GSM2993845,huh7,Barcode_705-505EX1,10017008,zika,,4,0,GGACTCCT-ACGTCTCCTTAC,,0,1001700801_L2,4,0,0,0,Control,4h,e:\Zika_antigravity\00_raw_data\GSE110496\GSM2993845_1001700801_L2_counts.tsv,6738,747724.0,34982.0,4.6784644,-0.4628123813275514,-0.49100015022119187,G1,Bystander_ZIKV,0.11763904988765717
GSM2993846,huh7,Barcode_705-516EX1,10017008,zika,,4,0,GGACTCCT-ACGTACTCTAGG,,0,1001700801_L3,4,0,0,0,Control,4h,e:\Zika_antigravity\00_raw_data\GSE110496\GSM2993846_1001700801_L3_counts.tsv,7448,935461.0,47202.0,5.045854,-0.17593527981745344,-0.41206834942371867,G1,Bystander_ZIKV,0.24286127090454102
GSM2993847,huh7,Barcode_705-506EX1,10017008,zika,,4,0,GGACTCCT-ACGTTATGCAGT,,0,1001700801_L7,4,0,0,0,Control,4h,e:\Zika_antigravity\00_raw_data\GSE110496\GSM2993847_1001700801_L7_counts.tsv,7393,1.115988e+06,55226.0,4.9486194,0.27338519595740807,-0.3576038783870539,S,Bystander_ZIKV,0.0651450976729393
GSM2993848,huh7,Barcode_705-517EX1,10017008,zika,,4,0,GGACTCCT-ACGTTCTTACGC,,0,1001700801_L9,4,0,0,0,Control,4h,e:\Zika_antigravity\00_raw_data\GSE110496\GSM2993848_1001700801_L9_counts.tsv,7617,1.101921e+06,42436.0,3.8510926,-0.0480283390641922,0.7331359078209999,G2M,Bystander_ZIKV,0.24627526104450226
GSM2993849,huh7,Barcode_705-507EX1,10017008,zika,,4,0,GGACTCCT-ACGTTACTCCTT,,0,1001700801_L17,4,0,0,0,Control,4h,e:\Zika_antigravity\00_raw_data\GSE110496\GSM2993849_1001700801_L17_counts.tsv,7629,1.09415e+06,45663.0,4.1733766,0.31580221558078414,-0.382727110267717,S,Bystander_ZIKV,0.05492556467652321
GSM2993850,huh7,Barcode_705-518EX1,10017008,zika,,4,0,GGACTCCT-ACGTCTTAATAG,,0,1001700801_L21,4,0,0,0,Control,4h,e:\Zika_antigravity\00_raw_data\GSE110496\GSM2993850_1001700801_L21_counts.tsv,7061,1.154151e+06,44535.0,3.8586807,0.2845208719993631,-0.3860120088096201,S,Bystander_ZIKV,0.05734294652938843
GSM2993851,huh7,Barcode_705-508EX1,10017008,zika,,4,0,GGACTCCT-ACGTAGGCTTAG,,0,1001700801_L23,4,0,0,0,Control,4h,e:\Zika_antigravity\00_raw_data\GSE110496\GSM2993851_1001700801_L23_counts.tsv,7091,661299.0,26910.0,4.069264,-0.357739335271929,-0.36229745547794034,G1,Bystander_ZIKV,0.09975900501012802
GSM2993852,huh7,Barcode_705-520EX1,10017008,zika,,4,0,GGACTCCT-ACGTATAGCCTT,,0,1001700801_M7,4,0,0,0,Control,4h,e:\Zika_antigravity\00_raw_data\GSE110496\GSM2993852_1001700801_M7_counts.tsv,6916,1.19702e+06,52951.0,4.4235682,-0.36730078413550343,-0.44998349784522895,G1,Bystander_ZIKV,0.05817575752735138
GSM2993854,huh7,Barcode_705-521EX1,10017008,zika,,4,0,GGACTCCT-ACGTTAAGGCTC,,0,1001700801_N1,4,0,0,0,Control,4h,e:\Zika_antigravity\00_raw_data\GSE110496\GSM2993854_1001700801_N1_counts.tsv,7236,505923.0,20750.0,4.1014147,1.020328990370035,0.0020261096077081493,S,Bystander_ZIKV,0.267554372549057
GSM2993855,huh7,Barcode_705-511EX1,10017008,zika,,4,0,GGACTCCT-ACGTCGGAGAGA,,0,1001700801_N2,4,0,0,0,Control,4h,e:\Zika_antigravity\00_raw_data\GSE110496\GSM2993855_1001700801_N2_counts.tsv,7533,905037.0,49740.0,5.495908,0.8245001686138234,-0.18224492557322916,S,Bystander_ZIKV,0.036143578588962555
GSM2993857,huh7,Barcode_706-502EX1,10017008,zika,,4,0,TAGGCATG-ACGTATAGAGAG,,0,1001700801_N8,4,0,0,0,Control,4h,e:\Zika_antigravity\00_raw_data\GSE110496\GSM2993857_1001700801_N8_counts.tsv,6941,1.256945e+06,62098.0,4.9403915,-0.39294258818207756,0.1628929116554676,G2M,Bystander_ZIKV,0.10596883296966553
GSM2993858,huh7,Barcode_706-513EX1,10017008,zika,,4,0,TAGGCATG-ACGTCTAGTCGA,,0,1001700801_N9,4,0,0,0,Control,4h,e:\Zika_antigravity\00_raw_data\GSE110496\GSM2993858_1001700801_N9_counts.tsv,7338,1.33343e+06,47272.0,3.5451431,-0.1858915774550821,0.5395276321308722,G2M,Bystander_ZIKV,0.22082410752773285
GSM2993859,huh7,Barcode_706-503EX1,10017008,zika,,4,0,TAGGCATG-ACGTAGAGGATA,,0,1001700801_N13,4,0,0,0,Control,4h,e:\Zika_antigravity\00_raw_data\GSE110496\GSM2993859_1001700801_N13_counts.tsv,7865,1.546375e+06,77316.0,4.999822,0.23784392997400744,-0.3216477025955587,S,Bystander_ZIKV,0.07930264621973038
GSM2993860,huh7,Barcode_706-515EX1,10017008,zika,,4,0,TAGGCATG-ACGTAGCTAGAA,,0,1001700801_N19,4,0,0,0,Control,4h,e:\Zika_antigravity\00_raw_data\GSE110496\GSM2993860_1001700801_N19_counts.tsv,6865,695780.0,28965.0,4.162954,-0.5557983906939625,-0.4141999861606199,G1,Bystander_ZIKV,0.09991752356290817
GSM2993862,huh7,Barcode_706-516EX1,10017008,zika,,4,0,TAGGCATG-ACGTACTCTAGG,,0,1001700801_N22,4,0,0,0,Control,4h,e:\Zika_antigravity\00_raw_data\GSE110496\GSM2993862_1001700801_N22_counts.tsv,7570,636178.0,20547.0,3.2297564,-0.376287039338855,0.006671010931511956,G2M,Bystander_ZIKV,0.1094672679901123
GSM2993863,huh7,Barcode_706-506EX1,10017008,zika,,4,0,TAGGCATG-ACGTTATGCAGT,,0,1001700801_O3,4,0,0,0,Control,4h,e:\Zika_antigravity\00_raw_data\GSE110496\GSM2993863_1001700801_O3_counts.tsv,7442,1.343096e+06,57113.0,4.2523394,0.42987388639788454,-0.2541350101625266,S,Bystander_ZIKV,0.049672048538923264
GSM2993864,huh7,Barcode_706-517EX1,10017008,zika,,4,0,TAGGCATG-ACGTTCTTACGC,,0,1001700801_O9,4,0,0,0,Control,4h,e:\Zika_antigravity\00_raw_data\GSE110496\GSM2993864_1001700801_O9_counts.tsv,7536,607873.0,21950.0,3.6109514,-0.1494641082583084,0.30408568163803573,G2M,Bystander_ZIKV,0.15060648322105408
GSM2993865,huh7,Barcode_706-507EX1,10017008,zika,,4,0,TAGGCATG-ACGTTACTCCTT,,0,1001700801_O10,4,0,0,0,Control,4h,e:\Zika_antigravity\00_raw_data\GSE110496\GSM2993865_1001700801_O10_counts.tsv,7630,1.124446e+06,48975.0,4.3554783,0.15546405372193217,-0.33443244838929936,S,Bystander_ZIKV,0.06659302115440369
GSM2993866,huh7,Barcode_706-518EX1,10017008,zika,,4,0,TAGGCATG-ACGTCTTAATAG,,0,1001700801_O15,4,0,0,0,Control,4h,e:\Zika_antigravity\00_raw_data\GSE110496\GSM2993866_1001700801_O15_counts.tsv,7209,388023.0,12264.0,3.1606371,-0.07005753333325543,-0.16646444165405289,G1,Bystander_ZIKV,0.13069456815719604
GSM2993867,huh7,Barcode_706-508EX1,10017008,zika,,4,0,TAGGCATG-ACGTAGGCTTAG,,0,1001700801_O19,4,0,0,0,Control,4h,e:\Zika_antigravity\00_raw_data\GSE110496\GSM2993867_1001700801_O19_counts.tsv,7417,728804.0,28390.0,3.8954232,0.16267321076953695,-0.41871346920812025,S,Bystander_ZIKV,0.06804164499044418
GSM2993868,huh7,Barcode_706-520EX1,10017008,zika,,4,0,TAGGCATG-ACGTATAGCCTT,,0,1001700801_O20,4,0,0,0,Control,4h,e:\Zika_antigravity\00_raw_data\GSE110496\GSM2993868_1001700801_O20_counts.tsv,7588,981106.0,26087.0,2.6589382,-0.2626122551803876,0.7566028822130212,G2M,Bystander_ZIKV,0.25855553150177
GSM2993869,huh7,Barcode_706-510EX1,10017008,zika,,4,0,TAGGCATG-ACGTATTAGACG,,0,1001700801_P1,4,0,0,0,Control,4h,e:\Zika_antigravity\00_raw_data\GSE110496\GSM2993869_1001700801_P1_counts.tsv,7476,888998.0,36479.0,4.103384,0.5093689514545812,-0.2782424109409013,S,Bystander_ZIKV,0.04201491177082062
GSM2993870,huh7,Barcode_706-521EX1,10017008,zika,,4,0,TAGGCATG-ACGTTAAGGCTC,,0,1001700801_P2,4,0,0,0,Control,4h,e:\Zika_antigravity\00_raw_data\GSE110496\GSM2993870_1001700801_P2_counts.tsv,5452,1.383181e+06,13808.0,0.9982786,-0.4779227876193112,-0.09748596403785759,G1,Bystander_ZIKV,0.17306400835514069
GSM2993871,huh7,Barcode_706-511EX1,10017008,zika,,4,0,TAGGCATG-ACGTCGGAGAGA,,0,1001700801_P3,4,0,0,0,Control,4h,e:\Zika_antigravity\00_raw_data\GSE110496\GSM2993871_1001700801_P3_counts.tsv,7738,831984.0,39543.0,4.752856,0.36695139133731747,0.5303339300472446,G2M,Bystander_ZIKV,0.15493178367614746
GSM2993872,huh7,Barcode_706-522EX1,10017008,zika,,4,0,TAGGCATG-ACGTTCGCATAA,,0,1001700801_P5,4,0,0,0,Control,4h,e:\Zika_antigravity\00_raw_data\GSE110496\GSM2993872_1001700801_P5_counts.tsv,7016,915126.0,31475.0,3.4394171,-0.2331699198422333,-0.1089924107667617,G1,Bystander_ZIKV,0.08083957433700562
GSM2993873,huh7,Barcode_707-502EX1,10017008,zika,,4,0,CTCTCTAC-ACGTATAGAGAG,,0,1001700801_P6,4,0,0,0,Control,4h,e:\Zika_antigravity\00_raw_data\GSE110496\GSM2993873_1001700801_P6_counts.tsv,7630,569315.0,22344.0,3.9247167,1.1064262273496883,0.495976860513394,S,Bystander_ZIKV,0.2163427323102951
GSM2993874,huh7,Barcode_707-513EX1,10017008,zika,,4,0,CTCTCTAC-ACGTCTAGTCGA,,0,1001700801_P10,4,0,0,0,Control,4h,e:\Zika_antigravity\00_raw_data\GSE110496\GSM2993874_1001700801_P10_counts.tsv,7981,740845.0,23026.0,3.1080725,-0.6706258522224656,-0.516288297624873,G1,Bystander_ZIKV,0.13673429191112518
GSM2993877,huh7,Barcode_707-505EX1,10017008,zika,,4,1,CTCTCTAC-ACGTCTCCTTAC,1.4131320582878,0,1001700802_A1,4,0,0,0,ZIKV,4h,e:\Zika_antigravity\00_raw_data\GSE110496\GSM2993877_1001700802_A1_counts.tsv,6211,123134.0,3569.0,2.8984683,-0.2716264368788827,1.4098628410425036,G2M,Bystander_ZIKV,0.26358452439308167
GSM2993878,huh7,Barcode_707-516EX1,10017008,zika,,4,1,CTCTCTAC-ACGTACTCTAGG,0.711379747706422,3,1001700802_A2,4,0,3,3,ZIKV,4h,e:\Zika_antigravity\00_raw_data\GSE110496\GSM2993878_1001700802_A2_counts.tsv,6470,345405.0,14675.0,4.248636,-0.3868146926519416,0.019654329590170598,G2M,Low_ZIKV,0.15120922029018402
GSM2993879,huh7,Barcode_707-506EX1,10017008,zika,,4,1,CTCTCTAC-ACGTTATGCAGT,0,0,1001700802_A12,4,0,0,0,ZIKV,4h,e:\Zika_antigravity\00_raw_data\GSE110496\GSM2993879_1001700802_A12_counts.tsv,7921,984841.0,36202.0,3.6759236,-0.3913318128058953,-0.3377044737946106,G1,Bystander_ZIKV,0.10622169822454453
GSM2993881,huh7,Barcode_707-507EX1,10017008,zika,,4,1,CTCTCTAC-ACGTTACTCCTT,0,1,1001700802_A22,4,0,1,1,ZIKV,4h,e:\Zika_antigravity\00_raw_data\GSE110496\GSM2993881_1001700802_A22_counts.tsv,6268,206609.0,8145.0,3.9422293,-0.32160354609312936,0.12079397275606629,G2M,Low_ZIKV,0.15288224816322327
GSM2993882,huh7,Barcode_707-518EX1,10017008,zika,,4,1,CTCTCTAC-ACGTCTTAATAG,0.612230777988615,4,1001700802_B2,4,0,4,4,ZIKV,4h,e:\Zika_antigravity\00_raw_data\GSE110496\GSM2993882_1001700802_B2_counts.tsv,6768,312959.0,9355.0,2.9892094,-0.434569864469536,-0.33757858635542887,G1,Low_ZIKV,0.12200969457626343
GSM2993883,huh7,Barcode_707-508EX1,10017008,zika,,4,1,CTCTCTAC-ACGTAGGCTTAG,0,0,1001700802_B6,4,0,0,0,ZIKV,4h,e:\Zika_antigravity\00_raw_data\GSE110496\GSM2993883_1001700802_B6_counts.tsv,7233,1.015992e+06,61709.0,6.0737686,0.20272615237959796,-0.06542094635691265,S,Bystander_ZIKV,0.10747459530830383
GSM2993884,huh7,Barcode_707-520EX1,10017008,zika,,4,1,CTCTCTAC-ACGTATAGCCTT,0,0,1001700802_B8,4,0,0,0,ZIKV,4h,e:\Zika_antigravity\00_raw_data\GSE110496\GSM2993884_1001700802_B8_counts.tsv,7036,562120.0,19658.0,3.4971182,-0.08747676822933413,-0.19698092109455784,G1,Bystander_ZIKV,0.09488692879676819
GSM2993885,huh7,Barcode_707-510EX1,10017008,zika,,4,1,CTCTCTAC-ACGTATTAGACG,0,1,1001700802_B10,4,0,1,1,ZIKV,4h,e:\Zika_antigravity\00_raw_data\GSE110496\GSM2993885_1001700802_B10_counts.tsv,7011,1.361902e+06,68735.0,5.0469856,-0.30619821175711137,0.07387245606335346,G2M,Low_ZIKV,0.1259618103504181
GSM2993886,huh7,Barcode_707-521EX1,10017008,zika,,4,1,CTCTCTAC-ACGTTAAGGCTC,0,0,1001700802_B13,4,0,0,0,ZIKV,4h,e:\Zika_antigravity\00_raw_data\GSE110496\GSM2993886_1001700802_B13_counts.tsv,7469,581355.0,20774.0,3.573376,-0.5063024004599789,0.8587477635212615,G2M,Bystander_ZIKV,0.29462966322898865
GSM2993887,huh7,Barcode_707-511EX1,10017008,zika,,4,1,CTCTCTAC-ACGTCGGAGAGA,0,0,1001700802_B17,4,0,0,0,ZIKV,4h,e:\Zika_antigravity\00_raw_data\GSE110496\GSM2993887_1001700802_B17_counts.tsv,7635,741289.0,38116.0,5.1418543,1.2518500652829452,0.14525723905988186,S,Bystander_ZIKV,0.1828329712152481
GSM2993888,huh7,Barcode_707-522EX1,10017008,zika,,4,1,CTCTCTAC-ACGTTCGCATAA,0,0,1001700802_B21,4,0,0,0,ZIKV,4h,e:\Zika_antigravity\00_raw_data\GSE110496\GSM2993888_1001700802_B21_counts.tsv,7975,692812.0,34186.0,4.9343834,-0.4031331365577422,-0.6115254422691412,G1,Bystander_ZIKV,0.10408379882574081
GSM2993889,huh7,Barcode_710-502EX1,10017008,zika,,4,1,CGAGGCTG-ACGTATAGAGAG,0.613921523809524,1,1001700802_B22,4,0,1,1,ZIKV,4h,e:\Zika_antigravity\00_raw_data\GSE110496\GSM2993889_1001700802_B22_counts.tsv,6439,286542.0,9187.0,3.2061617,-0.39562669273776313,-0.6046720372364233,G1,Low_ZIKV,0.1357550173997879
GSM2993890,huh7,Barcode_710-513EX1,10017008,zika,,4,1,CGAGGCTG-ACGTCTAGTCGA,0,7,1001700802_B24,4,0,7,7,ZIKV,4h,e:\Zika_antigravity\00_raw_data\GSE110496\GSM2993890_1001700802_B24_counts.tsv,7172,461416.0,14569.0,3.1574543,0.1113823358324312,0.4144841205813059,G2M,Low_ZIKV,0.2583991587162018
GSM2993891,huh7,Barcode_710-503EX1,10017008,zika,,4,1,CGAGGCTG-ACGTAGAGGATA,0,0,1001700802_C2,4,0,0,0,ZIKV,4h,e:\Zika_antigravity\00_raw_data\GSE110496\GSM2993891_1001700802_C2_counts.tsv,6322,295262.0,9857.0,3.338391,-0.44530132521121274,-0.18085334276485934,G1,Bystander_ZIKV,0.14173248410224915
GSM2993892,huh7,Barcode_710-515EX1,10017008,zika,,4,1,CGAGGCTG-ACGTAGCTAGAA,0.0441703373083475,0,1001700802_C5,4,0,0,0,ZIKV,4h,e:\Zika_antigravity\00_raw_data\GSE110496\GSM2993892_1001700802_C5_counts.tsv,6829,490626.0,18569.0,3.7847567,0.4630713080011663,-0.33507037003488355,S,Bystander_ZIKV,0.08072739839553833
GSM2993896,huh7,Barcode_710-517EX1,10017008,zika,,4,1,CGAGGCTG-ACGTTCTTACGC,0.2487543359375,1,1001700802_C17,4,0,1,1,ZIKV,4h,e:\Zika_antigravity\00_raw_data\GSE110496\GSM2993896_1001700802_C17_counts.tsv,6585,420136.0,15139.0,3.603357,-0.24265741479827002,-0.09720072207440886,G1,Low_ZIKV,0.11012940853834152
GSM2993897,huh7,Barcode_710-507EX1,10017008,zika,,4,1,CGAGGCTG-ACGTTACTCCTT,0.317502377210216,2,1001700802_D2,4,0,2,2,ZIKV,4h,e:\Zika_antigravity\00_raw_data\GSE110496\GSM2993897_1001700802_D2_counts.tsv,5986,460719.0,19271.0,4.18281,0.010701910965144633,-0.48705484524684345,S,Low_ZIKV,0.19084282219409943
GSM2993898,huh7,Barcode_710-518EX1,10017008,zika,,4,1,CGAGGCTG-ACGTCTTAATAG,0,0,1001700802_D5,4,0,0,0,ZIKV,4h,e:\Zika_antigravity\00_raw_data\GSE110496\GSM2993898_1001700802_D5_counts.tsv,6666,257184.0,7900.0,3.0717309,0.3304266987645644,0.38543092770861026,G2M,Bystander_ZIKV,0.3421598970890045
GSM2993899,huh7,Barcode_710-508EX1,10017008,zika,,4,1,CGAGGCTG-ACGTAGGCTTAG,0.14743737883959,1,1001700802_D8,4,0,1,1,ZIKV,4h,e:\Zika_antigravity\00_raw_data\GSE110496\GSM2993899_1001700802_D8_counts.tsv,6374,269083.0,6989.0,2.5973399,0.9533134286258635,0.4384036283363387,S,Low_ZIKV,0.2944963574409485
GSM2993900,huh7,Barcode_710-520EX1,10017008,zika,,4,1,CGAGGCTG-ACGTATAGCCTT,0,0,1001700802_D11,4,0,0,0,ZIKV,4h,e:\Zika_antigravity\00_raw_data\GSE110496\GSM2993900_1001700802_D11_counts.tsv,7815,857675.0,27992.0,3.2637072,0.45342517236048085,-0.24655145212652294,S,Bystander_ZIKV,0.07340703904628754
GSM2993901,huh7,Barcode_710-510EX1,10017008,zika,,4,1,CGAGGCTG-ACGTATTAGACG,0,0,1001700802_D14,4,0,0,0,ZIKV,4h,e:\Zika_antigravity\00_raw_data\GSE110496\GSM2993901_1001700802_D14_counts.tsv,7951,857737.0,30312.0,3.5339503,-0.26254173302357753,0.3479894776060988,G2M,Bystander_ZIKV,0.1833386868238449
GSM2993902,huh7,Barcode_710-521EX1,10017008,zika,,4,1,CGAGGCTG-ACGTTAAGGCTC,0,0,1001700802_D23,4,0,0,0,ZIKV,4h,e:\Zika_antigravity\00_raw_data\GSE110496\GSM2993902_1001700802_D23_counts.tsv,6870,162413.0,3395.0,2.09035,-0.2333327871303828,0.4415268163621161,G2M,Bystander_ZIKV,0.2407265603542328
GSM2993903,huh7,Barcode_710-511EX1,10017008,zika,,4,1,CGAGGCTG-ACGTCGGAGAGA,0.109117782082324,0,1001700802_D24,4,0,0,0,ZIKV,4h,e:\Zika_antigravity\00_raw_data\GSE110496\GSM2993903_1001700802_D24_counts.tsv,7371,548700.0,22103.0,4.0282483,1.3525016217780788,-0.03787800972014574,S,Bystander_ZIKV,0.04929666593670845
GSM2993904,huh7,Barcode_710-522EX1,10017008,zika,,4,1,CGAGGCTG-ACGTTCGCATAA,0.11968101992966,0,1001700802_E1,4,0,0,0,ZIKV,4h,e:\Zika_antigravity\00_raw_data\GSE110496\GSM2993904_1001700802_E1_counts.tsv,5789,136504.0,4748.0,3.4782865,-0.3240771270490118,-0.45617125707815787,G1,Bystander_ZIKV,0.06164025515317917
GSM2993905,huh7,Barcode_711-502EX1,10017008,zika,,4,1,AAGAGGCA-ACGTATAGAGAG,0,0,1001700802_E5,4,0,0,0,ZIKV,4h,e:\Zika_antigravity\00_raw_data\GSE110496\GSM2993905_1001700802_E5_counts.tsv,4415,57144.0,1986.0,3.4754305,-0.24734277060432802,0.36828363718795487,G2M,Bystander_ZIKV,0.1906149834394455
GSM2993906,huh7,Barcode_711-513EX1,10017008,zika,,4,1,AAGAGGCA-ACGTCTAGTCGA,0.236872215827338,3,1001700802_E6,4,0,3,3,ZIKV,4h,e:\Zika_antigravity\00_raw_data\GSE110496\GSM2993906_1001700802_E6_counts.tsv,7470,533465.0,17240.0,3.231702,0.9237128060900086,0.7769737908570424,S,Low_ZIKV,0.2927692234516144
GSM2993907,huh7,Barcode_711-503EX1,10017008,zika,,4,1,AAGAGGCA-ACGTAGAGGATA,0,2,1001700802_E7,4,0,2,2,ZIKV,4h,e:\Zika_antigravity\00_raw_data\GSE110496\GSM2993907_1001700802_E7_counts.tsv,7083,385750.0,8674.0,2.2486067,0.22288362036592194,-0.32954594864242565,S,Low_ZIKV,0.09969817847013474
GSM2993908,huh7,Barcode_711-515EX1,10017008,zika,,4,1,AAGAGGCA-ACGTAGCTAGAA,0,0,1001700802_E9,4,0,0,0,ZIKV,4h,e:\Zika_antigravity\00_raw_data\GSE110496\GSM2993908_1001700802_E9_counts.tsv,6376,909659.0,34685.0,3.8129673,0.15740991861759018,-0.23605923096713854,S,Bystander_ZIKV,0.09302084892988205
GSM2993909,huh7,Barcode_711-505EX1,10017008,zika,,4,1,AAGAGGCA-ACGTCTCCTTAC,0.0130567685546875,0,1001700802_E11,4,0,0,0,ZIKV,4h,e:\Zika_antigravity\00_raw_data\GSE110496\GSM2993909_1001700802_E11_counts.tsv,7731,847049.0,33111.0,3.9089828,0.04664788385409685,-0.45263703939168987,S,Bystander_ZIKV,0.047236185520887375
GSM2993910,huh7,Barcode_711-516EX1,10017008,zika,,4,1,AAGAGGCA-ACGTACTCTAGG,0.0156967943425076,0,1001700802_E12,4,0,0,0,ZIKV,4h,e:\Zika_antigravity\00_raw_data\GSE110496\GSM2993910_1001700802_E12_counts.tsv,6328,187129.0,5803.0,3.1010692,-0.48176203838416504,-0.34806871190844113,G1,Bystander_ZIKV,0.1390286087989807
GSM2993911,huh7,Barcode_711-506EX1,10017008,zika,,4,1,AAGAGGCA-ACGTTATGCAGT,0,0,1001700802_E14,4,0,0,0,ZIKV,4h,e:\Zika_antigravity\00_raw_data\GSE110496\GSM2993911_1001700802_E14_counts.tsv,7389,1.30363e+06,50651.0,3.8853817,0.5913116119979392,-0.15855984558259503,S,Bystander_ZIKV,0.0462370403110981
GSM2993912,huh7,Barcode_711-517EX1,10017008,zika,,4,1,AAGAGGCA-ACGTTCTTACGC,0,0,1001700802_E21,4,0,0,0,ZIKV,4h,e:\Zika_antigravity\00_raw_data\GSE110496\GSM2993912_1001700802_E21_counts.tsv,7901,598975.0,22542.0,3.7634292,0.31040337036385957,-0.5117706766526449,S,Bystander_ZIKV,0.08117377012968063
GSM2993915,huh7,Barcode_711-508EX1,10017008,zika,,4,1,AAGAGGCA-ACGTAGGCTTAG,0.0272949818435754,3,1001700802_F9,4,0,3,3,ZIKV,4h,e:\Zika_antigravity\00_raw_data\GSE110496\GSM2993915_1001700802_F9_counts.tsv,7290,378244.0,16600.0,4.3887014,-0.3056103214710241,-0.427552543174452,G1,Low_ZIKV,0.06413738429546356
GSM2993916,huh7,Barcode_711-520EX1,10017008,zika,,4,1,AAGAGGCA-ACGTATAGCCTT,0.131696393442623,0,1001700802_F10,4,0,0,0,ZIKV,4h,e:\Zika_antigravity\00_raw_data\GSE110496\GSM2993916_1001700802_F10_counts.tsv,7730,903702.0,46547.0,5.150702,1.1051858974443305,0.7434027085176742,S,Bystander_ZIKV,0.21401569247245789
GSM2993918,huh7,Barcode_711-521EX1,10017008,zika,,4,1,AAGAGGCA-ACGTTAAGGCTC,0.331028260869565,7,1001700802_F17,4,0,7,7,ZIKV,4h,e:\Zika_antigravity\00_raw_data\GSE110496\GSM2993918_1001700802_F17_counts.tsv,7008,684970.0,30860.0,4.5053067,-0.353977782243774,0.12490605249363897,G2M,Low_ZIKV,0.11403638869524002
GSM2993919,huh7,Barcode_711-511EX1,10017008,zika,,4,1,AAGAGGCA-ACGTCGGAGAGA,0,5,1001700802_F24,4,0,5,5,ZIKV,4h,e:\Zika_antigravity\00_raw_data\GSE110496\GSM2993919_1001700802_F24_counts.tsv,6966,559505.0,26092.0,4.663408,-0.24367838414341564,-0.19080637543657158,G1,Low_ZIKV,0.08252105861902237
GSM2993920,huh7,Barcode_711-522EX1,10017008,zika,,4,1,AAGAGGCA-ACGTTCGCATAA,0,0,1001700802_G2,4,0,0,0,ZIKV,4h,e:\Zika_antigravity\00_raw_data\GSE110496\GSM2993920_1001700802_G2_counts.tsv,7747,403457.0,13389.0,3.3185694,-0.06274502832619919,1.157776116910686,G2M,Bystander_ZIKV,0.2736082375049591
GSM2993921,huh7,Barcode_712-502EX1,10017008,zika,,4,1,GTAGAGGA-ACGTATAGAGAG,0.120167079407806,0,1001700802_G3,4,0,0,0,ZIKV,4h,e:\Zika_antigravity\00_raw_data\GSE110496\GSM2993921_1001700802_G3_counts.tsv,5132,76291.0,3120.0,4.0896044,-0.10387249438846041,0.7580920129236938,G2M,Bystander_ZIKV,0.24327488243579865
GSM2993922,huh7,Barcode_712-513EX1,10017008,zika,,4,1,GTAGAGGA-ACGTCTAGTCGA,0.334189526411658,7,1001700802_G4,4,0,7,7,ZIKV,4h,e:\Zika_antigravity\00_raw_data\GSE110496\GSM2993922_1001700802_G4_counts.tsv,6953,354421.0,11745.0,3.3138554,0.39737438776840767,0.19068572241396947,S,Low_ZIKV,0.09669064730405807
GSM2993923,huh7,Barcode_712-503EX1,10017008,zika,,4,1,GTAGAGGA-ACGTAGAGGATA,0.497303631484794,0,1001700802_G10,4,0,0,0,ZIKV,4h,e:\Zika_antigravity\00_raw_data\GSE110496\GSM2993923_1001700802_G10_counts.tsv,5454,103840.0,3560.0,3.4283512,-0.4656265297012093,1.6979030545600702,G2M,Bystander_ZIKV,0.38908466696739197
GSM2993924,huh7,Barcode_712-515EX1,10017008,zika,,4,1,GTAGAGGA-ACGTAGCTAGAA,0,0,1001700802_G14,4,0,0,0,ZIKV,4h,e:\Zika_antigravity\00_raw_data\GSE110496\GSM2993924_1001700802_G14_counts.tsv,7147,777911.0,26077.0,3.352183,0.08376164108825228,-0.27602321420386067,S,Bystander_ZIKV,0.04527128115296364
GSM2993925,huh7,Barcode_712-505EX1,10017008,zika,,4,1,GTAGAGGA-ACGTCTCCTTAC,0,0,1001700802_G17,4,0,0,0,ZIKV,4h,e:\Zika_antigravity\00_raw_data\GSE110496\GSM2993925_1001700802_G17_counts.tsv,7476,748359.0,19967.0,2.6681044,0.11290556240294661,0.23189389589435297,G2M,Bystander_ZIKV,0.11629853397607803
GSM2993926,huh7,Barcode_712-516EX1,10017008,zika,,4,1,GTAGAGGA-ACGTACTCTAGG,0.194517509505703,0,1001700802_G18,4,0,0,0,ZIKV,4h,e:\Zika_antigravity\00_raw_data\GSE110496\GSM2993926_1001700802_G18_counts.tsv,7195,405218.0,9832.0,2.4263482,0.11214724588429643,-0.38318770217209475,S,Bystander_ZIKV,0.07106797397136688
GSM2993927,huh7,Barcode_712-506EX1,10017008,zika,,4,1,GTAGAGGA-ACGTTATGCAGT,0,0,1001700802_G20,4,0,0,0,ZIKV,4h,e:\Zika_antigravity\00_raw_data\GSE110496\GSM2993927_1001700802_G20_counts.tsv,7568,508499.0,18119.0,3.5632324,-0.3322642564773559,-0.4025564466520614,G1,Bystander_ZIKV,0.0856209248304367
GSM2993930,huh7,Barcode_712-518EX1,10017008,zika,,4,1,GTAGAGGA-ACGTCTTAATAG,0,0,1001700802_H1,4,0,0,0,ZIKV,4h,e:\Zika_antigravity\00_raw_data\GSE110496\GSM2993930_1001700802_H1_counts.tsv,5962,199298.0,5709.0,2.8645544,-0.4244754204349149,-0.21897189708702308,G1,Bystander_ZIKV,0.16044966876506805
GSM2993931,huh7,Barcode_712-508EX1,10017008,zika,,4,1,GTAGAGGA-ACGTAGGCTTAG,0,0,1001700802_H2,4,0,0,0,ZIKV,4h,e:\Zika_antigravity\00_raw_data\GSE110496\GSM2993931_1001700802_H2_counts.tsv,6037,140511.0,3538.0,2.5179524,-0.09470575820832025,-0.4328727923300679,G1,Bystander_ZIKV,0.12650412321090698
GSM2993932,huh7,Barcode_712-520EX1,10017008,zika,,4,1,GTAGAGGA-ACGTATAGCCTT,0,7,1001700802_H10,4,0,7,7,ZIKV,4h,e:\Zika_antigravity\00_raw_data\GSE110496\GSM2993932_1001700802_H10_counts.tsv,6909,746139.0,32906.0,4.4101706,-0.19258871273403722,0.3283932893739008,G2M,Low_ZIKV,0.19412338733673096
GSM2993933,huh7,Barcode_712-510EX1,10017008,zika,,4,1,GTAGAGGA-ACGTATTAGACG,0,0,1001700802_H15,4,0,0,0,ZIKV,4h,e:\Zika_antigravity\00_raw_data\GSE110496\GSM2993933_1001700802_H15_counts.tsv,6733,605781.0,12974.0,2.1416981,-0.35746297780992575,-0.6328813116696363,G1,Bystander_ZIKV,0.11567315459251404
GSM2993934,huh7,Barcode_712-521EX1,10017008,zika,,4,1,GTAGAGGA-ACGTTAAGGCTC,9.47438368932039,139,1001700802_H17,4,0,139,139,ZIKV,4h,e:\Zika_antigravity\00_raw_data\GSE110496\GSM2993934_1001700802_H17_counts.tsv,6670,401063.0,10128.0,2.525289,-0.27345454974011296,-0.5382477951196396,G1,High_ZIKV,0.1251029372215271
GSM2993935,huh7,Barcode_712-511EX1,10017008,zika,,4,1,GTAGAGGA-ACGTCGGAGAGA,0,0,1001700802_H19,4,0,0,0,ZIKV,4h,e:\Zika_antigravity\00_raw_data\GSE110496\GSM2993935_1001700802_H19_counts.tsv,7446,746089.0,26231.0,3.5158005,-0.2914103327319026,1.1580942983976261,G2M,Bystander_ZIKV,0.28218621015548706
GSM2993936,huh7,Barcode_712-522EX1,10017008,zika,,4,1,GTAGAGGA-ACGTTCGCATAA,0,0,1001700802_H24,4,0,0,0,ZIKV,4h,e:\Zika_antigravity\00_raw_data\GSE110496\GSM2993936_1001700802_H24_counts.tsv,7400,1.013824e+06,50994.0,5.029867,0.548718468933588,-0.10128400409654116,S,Bystander_ZIKV,0.1358409821987152
GSM2993938,huh7,Barcode_714-513EX1,10017008,zika,,4,1,GCTCATGA-ACGTCTAGTCGA,0,0,1001700802_I3,4,0,0,0,ZIKV,4h,e:\Zika_antigravity\00_raw_data\GSE110496\GSM2993938_1001700802_I3_counts.tsv,7438,267779.0,8853.0,3.3060844,0.968273847199799,0.543636983877981,S,Bystander_ZIKV,0.31694164872169495
GSM2993939,huh7,Barcode_714-503EX1,10017008,zika,,4,1,GCTCATGA-ACGTAGAGGATA,0.637608666666667,0,1001700802_I10,4,0,0,0,ZIKV,4h,e:\Zika_antigravity\00_raw_data\GSE110496\GSM2993939_1001700802_I10_counts.tsv,7913,746658.0,17739.0,2.3757865,-0.5547481718218131,-0.585285998248089,G1,Bystander_ZIKV,0.1129641905426979
GSM2993940,huh7,Barcode_714-515EX1,10017008,zika,,4,1,GCTCATGA-ACGTAGCTAGAA,0,0,1001700802_I19,4,0,0,0,ZIKV,4h,e:\Zika_antigravity\00_raw_data\GSE110496\GSM2993940_1001700802_I19_counts.tsv,7518,789806.0,26609.0,3.3690553,-0.10511571833242973,1.5537793483916063,G2M,Bystander_ZIKV,0.3300732672214508
GSM2993941,huh7,Barcode_714-505EX1,10017008,zika,,4,1,GCTCATGA-ACGTCTCCTTAC,0,0,1001700802_I23,4,0,0,0,ZIKV,4h,e:\Zika_antigravity\00_raw_data\GSE110496\GSM2993941_1001700802_I23_counts.tsv,7344,842427.0,33795.0,4.0116234,-0.64433309892338,-0.33355489099261826,G1,Bystander_ZIKV,0.10332772135734558
GSM2993942,huh7,Barcode_714-516EX1,10017008,zika,,4,1,GCTCATGA-ACGTACTCTAGG,0,0,1001700802_J2,4,0,0,0,ZIKV,4h,e:\Zika_antigravity\00_raw_data\GSE110496\GSM2993942_1001700802_J2_counts.tsv,7090,410835.0,12545.0,3.0535374,-0.4089369311596134,-0.14815092188643803,G1,Bystander_ZIKV,0.10051391273736954
GSM2993944,huh7,Barcode_714-517EX1,10017008,zika,,4,1,GCTCATGA-ACGTTCTTACGC,0,0,1001700802_J15,4,0,0,0,ZIKV,4h,e:\Zika_antigravity\00_raw_data\GSE110496\GSM2993944_1001700802_J15_counts.tsv,7183,595425.0,24755.0,4.1575346,-0.28544036644910065,-0.4930613285622889,G1,Bystander_ZIKV,0.11085265874862671
GSM2993945,huh7,Barcode_714-507EX1,10017008,zika,,4,1,GCTCATGA-ACGTTACTCCTT,0.595921186440678,2,1001700802_J17,4,0,2,2,ZIKV,4h,e:\Zika_antigravity\00_raw_data\GSE110496\GSM2993945_1001700802_J17_counts.tsv,7043,457230.0,13180.0,2.8825755,-0.4092869047918135,0.07509529050436742,G2M,Low_ZIKV,0.1364959329366684
GSM2993946,huh7,Barcode_714-518EX1,10017008,zika,,4,1,GCTCATGA-ACGTCTTAATAG,0.690373903508772,4,1001700802_J19,4,0,4,4,ZIKV,4h,e:\Zika_antigravity\00_raw_data\GSE110496\GSM2993946_1001700802_J19_counts.tsv,7678,857213.0,29907.0,3.4888644,-0.4114772578042383,-0.42240844809627054,G1,Low_ZIKV,0.06389955431222916
GSM2993948,huh7,Barcode_714-520EX1,10017008,zika,,4,1,GCTCATGA-ACGTATAGCCTT,0,0,1001700802_K3,4,0,0,0,ZIKV,4h,e:\Zika_antigravity\00_raw_data\GSE110496\GSM2993948_1001700802_K3_counts.tsv,6320,464863.0,14900.0,3.2052453,-0.18712483415369033,0.22097043682890455,G2M,Bystander_ZIKV,0.19262422621250153
GSM2993950,huh7,Barcode_714-521EX1,10017008,zika,,4,1,GCTCATGA-ACGTTAAGGCTC,0.210959737804878,0,1001700802_K10,4,0,0,0,ZIKV,4h,e:\Zika_antigravity\00_raw_data\GSE110496\GSM2993950_1001700802_K10_counts.tsv,6982,486978.0,16030.0,3.29173,0.7473785402896326,-0.010091551852966514,S,Bystander_ZIKV,0.14898568391799927
GSM2993951,huh7,Barcode_714-511EX1,10017008,zika,,4,1,GCTCATGA-ACGTCGGAGAGA,0.278869866666667,6,1001700802_K11,4,0,6,6,ZIKV,4h,e:\Zika_antigravity\00_raw_data\GSE110496\GSM2993951_1001700802_K11_counts.tsv,7324,885978.0,21970.0,2.4797456,-0.3987413329981445,0.5382271249414802,G2M,Low_ZIKV,0.2285308837890625
GSM2993953,huh7,Barcode_715-502EX1,10017008,zika,,4,1,ATCTCAGG-ACGTATAGAGAG,0,0,1001700802_K16,4,0,0,0,ZIKV,4h,e:\Zika_antigravity\00_raw_data\GSE110496\GSM2993953_1001700802_K16_counts.tsv,7165,347160.0,9599.0,2.7650075,0.6655237794633388,-0.16872109023955034,S,Bystander_ZIKV,0.12817874550819397
GSM2993955,huh7,Barcode_715-503EX1,10017008,zika,,4,1,ATCTCAGG-ACGTAGAGGATA,0,0,1001700802_K19,4,0,0,0,ZIKV,4h,e:\Zika_antigravity\00_raw_data\GSE110496\GSM2993955_1001700802_K19_counts.tsv,7590,1.402594e+06,63438.0,4.5229053,-0.00535358088534503,-0.2773187854606259,G1,Bystander_ZIKV,0.04824269190430641
GSM2993956,huh7,Barcode_715-515EX1,10017008,zika,,4,1,ATCTCAGG-ACGTAGCTAGAA,0,0,1001700802_L2,4,0,0,0,ZIKV,4h,e:\Zika_antigravity\00_raw_data\GSE110496\GSM2993956_1001700802_L2_counts.tsv,7377,747659.0,28115.0,3.760404,-0.07702151505897442,1.3537407689705008,G2M,Bystander_ZIKV,0.2981838881969452
GSM2993957,huh7,Barcode_715-505EX1,10017008,zika,,4,1,ATCTCAGG-ACGTCTCCTTAC,0,0,1001700802_L7,4,0,0,0,ZIKV,4h,e:\Zika_antigravity\00_raw_data\GSE110496\GSM2993957_1001700802_L7_counts.tsv,6965,406767.0,12416.0,3.0523617,-0.30765046223199793,-0.5460871324207187,G1,Bystander_ZIKV,0.08449447900056839
GSM2993958,huh7,Barcode_715-516EX1,10017008,zika,,4,1,ATCTCAGG-ACGTACTCTAGG,0,0,1001700802_L9,4,0,0,0,ZIKV,4h,e:\Zika_antigravity\00_raw_data\GSE110496\GSM2993958_1001700802_L9_counts.tsv,6383,493296.0,14924.0,3.0253642,-0.04727933217239168,0.025772434340988568,G2M,Bystander_ZIKV,0.12621305882930756
GSM2993959,huh7,Barcode_715-506EX1,10017008,zika,,4,1,ATCTCAGG-ACGTTATGCAGT,0,0,1001700802_L11,4,0,0,0,ZIKV,4h,e:\Zika_antigravity\00_raw_data\GSE110496\GSM2993959_1001700802_L11_counts.tsv,7781,833888.0,26256.0,3.1486244,0.013724154385826776,-0.3838096727967294,S,Bystander_ZIKV,0.07974490523338318
GSM2993961,huh7,Barcode_715-507EX1,10017008,zika,,4,1,ATCTCAGG-ACGTTACTCCTT,0,0,1001700802_L19,4,0,0,0,ZIKV,4h,e:\Zika_antigravity\00_raw_data\GSE110496\GSM2993961_1001700802_L19_counts.tsv,6112,766650.0,8161.0,1.0645014,-0.8045799664931282,0.46356128363970267,G2M,Bystander_ZIKV,0.16239134967327118
GSM2993963,huh7,Barcode_715-508EX1,10017008,zika,,4,1,ATCTCAGG-ACGTAGGCTTAG,0,0,1001700802_M10,4,0,0,0,ZIKV,4h,e:\Zika_antigravity\00_raw_data\GSE110496\GSM2993963_1001700802_M10_counts.tsv,7242,672425.0,20462.0,3.043016,-0.09994752731484671,1.014513909777711,G2M,Bystander_ZIKV,0.2602737545967102
GSM2993965,huh7,Barcode_715-510EX1,10017008,zika,,4,1,ATCTCAGG-ACGTATTAGACG,0.0196076616033755,0,1001700802_M15,4,0,0,0,ZIKV,4h,e:\Zika_antigravity\00_raw_data\GSE110496\GSM2993965_1001700802_M15_counts.tsv,7033,520551.0,16708.0,3.2096758,-0.3684581743464584,-0.4115308688643411,G1,Bystander_ZIKV,0.08258018642663956
GSM2993966,huh7,Barcode_715-521EX1,10017008,zika,,4,1,ATCTCAGG-ACGTTAAGGCTC,0,0,1001700802_M20,4,0,0,0,ZIKV,4h,e:\Zika_antigravity\00_raw_data\GSE110496\GSM2993966_1001700802_M20_counts.tsv,7146,785101.0,21936.0,2.7940354,-0.5575422920098173,-0.27367155943338456,G1,Bystander_ZIKV,0.12093774974346161
GSM2993967,huh7,Barcode_715-511EX1,10017008,zika,,4,1,ATCTCAGG-ACGTCGGAGAGA,1.44386563307494,23,1001700802_M22,4,0,23,23,ZIKV,4h,e:\Zika_antigravity\00_raw_data\GSE110496\GSM2993967_1001700802_M22_counts.tsv,7901,707424.0,24576.0,3.4740129,1.0618303827409235,0.005175748475208769,S,High_ZIKV,0.17887723445892334
GSM2993968,huh7,Barcode_715-522EX1,10017008,zika,,4,1,ATCTCAGG-ACGTTCGCATAA,0.504488857142857,0,1001700802_M23,4,0,0,0,ZIKV,4h,e:\Zika_antigravity\00_raw_data\GSE110496\GSM2993968_1001700802_M23_counts.tsv,7927,668098.0,19360.0,2.8977785,-0.32847956552258917,-0.4567428519632502,G1,Bystander_ZIKV,0.09939123690128326
GSM2993969,huh7,Barcode_716-502EX1,10017008,zika,,4,1,ACTCGCTA-ACGTATAGAGAG,0,0,1001700802_N1,4,0,0,0,ZIKV,4h,e:\Zika_antigravity\00_raw_data\GSE110496\GSM2993969_1001700802_N1_counts.tsv,4788,81513.0,2401.0,2.9455426,-0.12451998967056474,-0.5284629050330288,G1,Bystander_ZIKV,0.1473345309495926
GSM2993970,huh7,Barcode_716-513EX1,10017008,zika,,4,1,ACTCGCTA-ACGTCTAGTCGA,0,0,1001700802_N7,4,0,0,0,ZIKV,4h,e:\Zika_antigravity\00_raw_data\GSE110496\GSM2993970_1001700802_N7_counts.tsv,7857,665134.0,20218.0,3.0396883,0.9380265463077064,0.29205602596402896,S,Bystander_ZIKV,0.2392568439245224
GSM2993971,huh7,Barcode_716-503EX1,10017008,zika,,4,1,ACTCGCTA-ACGTAGAGGATA,0,0,1001700802_N11,4,0,0,0,ZIKV,4h,e:\Zika_antigravity\00_raw_data\GSE110496\GSM2993971_1001700802_N11_counts.tsv,7689,796317.0,24708.0,3.1027844,0.09278924544563606,0.8130933797856253,G2M,Bystander_ZIKV,0.2567121088504791
GSM2993973,huh7,Barcode_716-505EX1,10017008,zika,,4,1,ACTCGCTA-ACGTCTCCTTAC,0,0,1001700802_N16,4,0,0,0,ZIKV,4h,e:\Zika_antigravity\00_raw_data\GSE110496\GSM2993973_1001700802_N16_counts.tsv,7728,737188.0,21856.0,2.9647799,-0.3622318309887002,-0.5894967882907965,G1,Bystander_ZIKV,0.22425337135791779
GSM2993975,huh7,Barcode_716-506EX1,10017008,zika,,4,1,ACTCGCTA-ACGTTATGCAGT,0,0,1001700802_N20,4,0,0,0,ZIKV,4h,e:\Zika_antigravity\00_raw_data\GSE110496\GSM2993975_1001700802_N20_counts.tsv,7000,850582.0,28833.0,3.3897967,-0.48382429201599386,-0.36312560776577946,G1,Bystander_ZIKV,0.07551050186157227
GSM2993976,huh7,Barcode_716-517EX1,10017008,zika,,4,1,ACTCGCTA-ACGTTCTTACGC,0,0,1001700802_N21,4,0,0,0,ZIKV,4h,e:\Zika_antigravity\00_raw_data\GSE110496\GSM2993976_1001700802_N21_counts.tsv,7358,1.192487e+06,24392.0,2.045473,-0.4241561385159869,0.7333365283922015,G2M,Bystander_ZIKV,0.2628064751625061
GSM2993977,huh7,Barcode_716-507EX1,10017008,zika,,4,1,ACTCGCTA-ACGTTACTCCTT,1.42876954212454,2,1001700802_O7,4,0,2,2,ZIKV,4h,e:\Zika_antigravity\00_raw_data\GSE110496\GSM2993977_1001700802_O7_counts.tsv,7493,324345.0,8543.0,2.6339238,0.6619296482719835,0.4534100978252077,S,Low_ZIKV,0.1893419772386551
GSM2993978,huh7,Barcode_716-518EX1,10017008,zika,,4,1,ACTCGCTA-ACGTCTTAATAG,0,0,1001700802_O8,4,0,0,0,ZIKV,4h,e:\Zika_antigravity\00_raw_data\GSE110496\GSM2993978_1001700802_O8_counts.tsv,7272,445750.0,15895.0,3.5659,0.4034024455518063,-0.10075272065379698,S,Bystander_ZIKV,0.11318555474281311
GSM2993979,huh7,Barcode_716-508EX1,10017008,zika,,4,1,ACTCGCTA-ACGTAGGCTTAG,0,0,1001700802_O10,4,0,0,0,ZIKV,4h,e:\Zika_antigravity\00_raw_data\GSE110496\GSM2993979_1001700802_O10_counts.tsv,7399,581670.0,21570.0,3.7082882,0.4250550267153552,-0.39599324102247196,S,Bystander_ZIKV,0.12175533175468445
GSM2993980,huh7,Barcode_716-520EX1,10017008,zika,,4,1,ACTCGCTA-ACGTATAGCCTT,0.386569801061008,0,1001700802_O12,4,0,0,0,ZIKV,4h,e:\Zika_antigravity\00_raw_data\GSE110496\GSM2993980_1001700802_O12_counts.tsv,7057,641228.0,17892.0,2.790271,0.37194764734290187,-0.12242721723962874,S,Bystander_ZIKV,0.13075052201747894
GSM2993981,huh7,Barcode_716-510EX1,10017008,zika,,4,1,ACTCGCTA-ACGTATTAGACG,0.00214904804469274,0,1001700802_O14,4,0,0,0,ZIKV,4h,e:\Zika_antigravity\00_raw_data\GSE110496\GSM2993981_1001700802_O14_counts.tsv,7324,948717.0,29129.0,3.070357,0.3477528855936336,-0.5496058182256001,S,Bystander_ZIKV,0.08607665449380875
GSM2993982,huh7,Barcode_716-521EX1,10017008,zika,,4,1,ACTCGCTA-ACGTTAAGGCTC,0.904981563909774,0,1001700802_O15,4,0,0,0,ZIKV,4h,e:\Zika_antigravity\00_raw_data\GSE110496\GSM2993982_1001700802_O15_counts.tsv,7072,371496.0,11141.0,2.9989555,1.2391267252154647,-0.2390598927477818,S,Bystander_ZIKV,0.14904792606830597
GSM2993983,huh7,Barcode_716-511EX1,10017008,zika,,4,1,ACTCGCTA-ACGTCGGAGAGA,0,0,1001700802_O20,4,0,0,0,ZIKV,4h,e:\Zika_antigravity\00_raw_data\GSE110496\GSM2993983_1001700802_O20_counts.tsv,7485,893237.0,35286.0,3.9503515,0.8103106597283234,0.10753252717871545,S,Bystander_ZIKV,0.17039689421653748
GSM2993984,huh7,Barcode_716-522EX1,10017008,zika,,4,1,ACTCGCTA-ACGTTCGCATAA,1.46969936708861,4,1001700802_O21,4,0,4,4,ZIKV,4h,e:\Zika_antigravity\00_raw_data\GSE110496\GSM2993984_1001700802_O21_counts.tsv,7653,383226.0,12401.0,3.2359495,0.5572170775494583,0.7295013155048662,G2M,Low_ZIKV,0.30114904046058655
GSM2993985,huh7,Barcode_718-502EX1,10017008,zika,,4,1,GGAGCTAC-ACGTATAGAGAG,0,0,1001700802_O22,4,0,0,0,ZIKV,4h,e:\Zika_antigravity\00_raw_data\GSE110496\GSM2993985_1001700802_O22_counts.tsv,5265,199992.0,4128.0,2.0640826,0.28807461921657834,-0.4561390269215473,S,Bystander_ZIKV,0.16347937285900116
GSM2993986,huh7,Barcode_718-513EX1,10017008,zika,,4,1,GGAGCTAC-ACGTCTAGTCGA,0,0,1001700802_P1,4,0,0,0,ZIKV,4h,e:\Zika_antigravity\00_raw_data\GSE110496\GSM2993986_1001700802_P1_counts.tsv,5684,215712.0,5821.0,2.6985054,-0.19614047752253275,-0.3945186628743582,G1,Bystander_ZIKV,0.1477086991071701
GSM2993987,huh7,Barcode_718-503EX1,10017008,zika,,4,1,GGAGCTAC-ACGTAGAGGATA,0,0,1001700802_P3,4,0,0,0,ZIKV,4h,e:\Zika_antigravity\00_raw_data\GSE110496\GSM2993987_1001700802_P3_counts.tsv,6159,180364.0,5222.0,2.8952563,1.1035560130651685,-0.30744613594967224,S,Bystander_ZIKV,0.2799375355243683
GSM2993988,huh7,Barcode_718-515EX1,10017008,zika,,4,1,GGAGCTAC-ACGTAGCTAGAA,0,0,1001700802_P5,4,0,0,0,ZIKV,4h,e:\Zika_antigravity\00_raw_data\GSE110496\GSM2993988_1001700802_P5_counts.tsv,5856,239948.0,6040.0,2.517212,-0.49011316991278103,-0.48741902556385464,G1,Bystander_ZIKV,0.14499042928218842
GSM2993989,huh7,Barcode_718-505EX1,10017008,zika,,4,1,GGAGCTAC-ACGTCTCCTTAC,0.423428546042003,1,1001700802_P6,4,0,1,1,ZIKV,4h,e:\Zika_antigravity\00_raw_data\GSE110496\GSM2993989_1001700802_P6_counts.tsv,3564,71414.0,1416.0,1.9828045,-0.556137806460971,-0.31809639626097275,G1,Low_ZIKV,0.171896293759346
GSM2993990,huh7,Barcode_718-516EX1,10017008,zika,,4,1,GGAGCTAC-ACGTACTCTAGG,0.0318170122086571,0,1001700802_P7,4,0,0,0,ZIKV,4h,e:\Zika_antigravity\00_raw_data\GSE110496\GSM2993990_1001700802_P7_counts.tsv,5041,97380.0,2377.0,2.4409528,-0.2132335754732291,1.0873502374144624,G2M,Bystander_ZIKV,0.26797324419021606
GSM2993991,huh7,Barcode_718-506EX1,10017008,zika,,4,1,GGAGCTAC-ACGTTATGCAGT,0,0,1001700802_P11,4,0,0,0,ZIKV,4h,e:\Zika_antigravity\00_raw_data\GSE110496\GSM2993991_1001700802_P11_counts.tsv,7330,341878.0,7635.0,2.2332528,0.7422371271864644,-0.3366262355526683,S,Bystander_ZIKV,0.19046039879322052
GSM2993992,huh7,Barcode_718-517EX1,10017008,zika,,4,1,GGAGCTAC-ACGTTCTTACGC,1.16531725601132,1,1001700802_P12,4,0,1,1,ZIKV,4h,e:\Zika_antigravity\00_raw_data\GSE110496\GSM2993992_1001700802_P12_counts.tsv,6798,250346.0,5794.0,2.3143969,0.7551121077012448,-0.47006429381033654,S,Low_ZIKV,0.10658949613571167
GSM2993993,huh7,Barcode_718-507EX1,10017008,zika,,4,1,GGAGCTAC-ACGTTACTCCTT,2.15570168582375,2,1001700802_P14,4,0,2,2,ZIKV,4h,e:\Zika_antigravity\00_raw_data\GSE110496\GSM2993993_1001700802_P14_counts.tsv,6814,1.453063e+06,78915.0,5.430941,-0.6185734507849528,-0.4835050658677076,G1,Low_ZIKV,0.2765931487083435
GSM2993995,huh7,Barcode_718-508EX1,10017008,zika,,4,1,GGAGCTAC-ACGTAGGCTTAG,0,0,1001700802_P19,4,0,0,0,ZIKV,4h,e:\Zika_antigravity\00_raw_data\GSE110496\GSM2993995_1001700802_P19_counts.tsv,7524,802657.0,27887.0,3.4743357,1.2484946464066438,-0.017036968884105393,S,Bystander_ZIKV,0.12888354063034058
GSM2993996,huh7,Barcode_718-520EX1,10017008,zika,,4,1,GGAGCTAC-ACGTATAGCCTT,4.80450068681319,0,1001700802_P22,4,0,0,0,ZIKV,4h,e:\Zika_antigravity\00_raw_data\GSE110496\GSM2993996_1001700802_P22_counts.tsv,7044,332632.0,12571.0,3.7792516,0.4540328620955171,-0.36460034664194196,S,Bystander_ZIKV,0.12297793477773666
GSM2993997,huh7,Barcode_718-510EX1,10017008,zika,,4,1,GGAGCTAC-ACGTATTAGACG,7.10785015060241,0,1001700802_P23,4,0,0,0,ZIKV,4h,e:\Zika_antigravity\00_raw_data\GSE110496\GSM2993997_1001700802_P23_counts.tsv,5614,196319.0,5445.0,2.7735472,-0.44765341405845466,-0.6418027935871855,G1,Bystander_ZIKV,0.15912675857543945
GSM2993998,huh7,Barcode_701-502EX2,10017008,zika,,12,0,TAAGGCGA-TGCAATAGAGAG,,0,1001700803_A3,12,0,0,0,Control,12h,e:\Zika_antigravity\00_raw_data\GSE110496\GSM2993998_1001700803_A3_counts.tsv,5554,242987.0,6449.0,2.6540513,-0.6144722070544958,0.6081579925567756,G2M,Bystander_ZIKV,0.23503157496452332
GSM2993999,huh7,Barcode_701-513EX2,10017008,zika,,12,0,TAAGGCGA-TGCACTAGTCGA,,0,1001700803_A6,12,0,0,0,Control,12h,e:\Zika_antigravity\00_raw_data\GSE110496\GSM2993999_1001700803_A6_counts.tsv,6568,327899.0,10967.0,3.3446274,0.36780577515296287,-0.19622900954078354,S,Bystander_ZIKV,0.12463647872209549
GSM2994001,huh7,Barcode_701-515EX2,10017008,zika,,12,0,TAAGGCGA-TGCAAGCTAGAA,,0,1001700803_A14,12,0,0,0,Control,12h,e:\Zika_antigravity\00_raw_data\GSE110496\GSM2994001_1001700803_A14_counts.tsv,6558,314857.0,9621.0,3.055673,0.4810918702389158,-0.5224832561951093,S,Bystander_ZIKV,0.09431139379739761
GSM2994002,huh7,Barcode_701-505EX2,10017008,zika,,12,0,TAAGGCGA-TGCACTCCTTAC,,0,1001700803_A15,12,0,0,0,Control,12h,e:\Zika_antigravity\00_raw_data\GSE110496\GSM2994002_1001700803_A15_counts.tsv,7340,372148.0,13716.0,3.6856306,0.7372326773192202,0.38697042908500096,S,Bystander_ZIKV,0.24766841530799866
GSM2994003,huh7,Barcode_701-516EX2,10017008,zika,,12,0,TAAGGCGA-TGCAACTCTAGG,,0,1001700803_A17,12,0,0,0,Control,12h,e:\Zika_antigravity\00_raw_data\GSE110496\GSM2994003_1001700803_A17_counts.tsv,6318,298965.0,10513.0,3.516465,-0.47394561829444554,-0.3248498670436006,G1,Bystander_ZIKV,0.13241901993751526
GSM2994004,huh7,Barcode_701-506EX2,10017008,zika,,12,0,TAAGGCGA-TGCATATGCAGT,,0,1001700803_A18,12,0,0,0,Control,12h,e:\Zika_antigravity\00_raw_data\GSE110496\GSM2994004_1001700803_A18_counts.tsv,6629,958665.0,46237.0,4.823061,1.0636838218640714,-0.17600862182039737,S,Bystander_ZIKV,0.11450910568237305
GSM2994005,huh7,Barcode_701-517EX2,10017008,zika,,12,0,TAAGGCGA-TGCATCTTACGC,,0,1001700803_A21,12,0,0,0,Control,12h,e:\Zika_antigravity\00_raw_data\GSE110496\GSM2994005_1001700803_A21_counts.tsv,5669,121256.0,3627.0,2.9911923,-0.36738058570883286,0.2798947904087956,G2M,Bystander_ZIKV,0.24043264985084534
GSM2994006,huh7,Barcode_701-507EX2,10017008,zika,,12,0,TAAGGCGA-TGCATACTCCTT,,0,1001700803_B1,12,0,0,0,Control,12h,e:\Zika_antigravity\00_raw_data\GSE110496\GSM2994006_1001700803_B1_counts.tsv,5189,87330.0,2368.0,2.7115538,-0.5110479505843527,0.5343374652066504,G2M,Bystander_ZIKV,0.2694295346736908
GSM2994007,huh7,Barcode_701-518EX2,10017008,zika,,12,0,TAAGGCGA-TGCACTTAATAG,,0,1001700803_B5,12,0,0,0,Control,12h,e:\Zika_antigravity\00_raw_data\GSE110496\GSM2994007_1001700803_B5_counts.tsv,7085,517172.0,14958.0,2.892268,0.3420891144827086,-0.21341424659248281,S,Bystander_ZIKV,0.12447763979434967
GSM2994008,huh7,Barcode_701-508EX2,10017008,zika,,12,0,TAAGGCGA-TGCAAGGCTTAG,,0,1001700803_B7,12,0,0,0,Control,12h,e:\Zika_antigravity\00_raw_data\GSE110496\GSM2994008_1001700803_B7_counts.tsv,7719,957471.0,33865.0,3.5369217,0.13733992458908775,-0.32680680249154637,S,Bystander_ZIKV,0.07368814945220947
GSM2994009,huh7,Barcode_701-520EX2,10017008,zika,,12,0,TAAGGCGA-TGCAATAGCCTT,,0,1001700803_B8,12,0,0,0,Control,12h,e:\Zika_antigravity\00_raw_data\GSE110496\GSM2994009_1001700803_B8_counts.tsv,7109,497893.0,15130.0,3.0388055,-0.0649717982542435,0.2768150679996894,G2M,Bystander_ZIKV,0.2165251076221466
GSM2994010,huh7,Barcode_701-510EX2,10017008,zika,,12,0,TAAGGCGA-TGCAATTAGACG,,0,1001700803_B10,12,0,0,0,Control,12h,e:\Zika_antigravity\00_raw_data\GSE110496\GSM2994010_1001700803_B10_counts.tsv,7550,349760.0,9893.0,2.828511,1.0003615083350312,0.18125893707334204,S,Bystander_ZIKV,0.19239822030067444
GSM2994011,huh7,Barcode_701-521EX2,10017008,zika,,12,0,TAAGGCGA-TGCATAAGGCTC,,0,1001700803_B14,12,0,0,0,Control,12h,e:\Zika_antigravity\00_raw_data\GSE110496\GSM2994011_1001700803_B14_counts.tsv,7570,489357.0,13970.0,2.8547666,1.3642096603771539,0.15490804308807918,S,Bystander_ZIKV,0.20159849524497986
GSM2994012,huh7,Barcode_701-511EX2,10017008,zika,,12,0,TAAGGCGA-TGCACGGAGAGA,,0,1001700803_B17,12,0,0,0,Control,12h,e:\Zika_antigravity\00_raw_data\GSE110496\GSM2994012_1001700803_B17_counts.tsv,6852,588546.0,18467.0,3.1377327,0.10833318071395513,-0.4868233033504144,S,Bystander_ZIKV,0.11712898313999176
GSM2994013,huh7,Barcode_701-522EX2,10017008,zika,,12,0,TAAGGCGA-TGCATCGCATAA,,0,1001700803_B21,12,0,0,0,Control,12h,e:\Zika_antigravity\00_raw_data\GSE110496\GSM2994013_1001700803_B21_counts.tsv,5601,118615.0,3699.0,3.1184926,-0.38653569070018073,0.15616235631117625,G2M,Bystander_ZIKV,0.19145534932613373
GSM2994014,huh7,Barcode_702-502EX2,10017008,zika,,12,0,CGTACTAG-TGCAATAGAGAG,,0,1001700803_B22,12,0,0,0,Control,12h,e:\Zika_antigravity\00_raw_data\GSE110496\GSM2994014_1001700803_B22_counts.tsv,5199,75577.0,2061.0,2.7270203,-0.28194745745332467,2.38363859356774,G2M,Bystander_ZIKV,0.2716119885444641
GSM2994015,huh7,Barcode_702-513EX2,10017008,zika,,12,0,CGTACTAG-TGCACTAGTCGA,,0,1001700803_B23,12,0,0,0,Control,12h,e:\Zika_antigravity\00_raw_data\GSE110496\GSM2994015_1001700803_B23_counts.tsv,5993,132874.0,2576.0,1.9386787,-0.06679027801202167,-0.12656453919576705,G1,Bystander_ZIKV,0.15002600848674774
GSM2994016,huh7,Barcode_702-503EX2,10017008,zika,,12,0,CGTACTAG-TGCAAGAGGATA,,0,1001700803_C1,12,0,0,0,Control,12h,e:\Zika_antigravity\00_raw_data\GSE110496\GSM2994016_1001700803_C1_counts.tsv,6676,648289.0,24003.0,3.7025154,-0.5052619448996016,-0.2860842371411414,G1,Bystander_ZIKV,0.10424242913722992
GSM2994018,huh7,Barcode_702-505EX2,10017008,zika,,12,0,CGTACTAG-TGCACTCCTTAC,,0,1001700803_C6,12,0,0,0,Control,12h,e:\Zika_antigravity\00_raw_data\GSE110496\GSM2994018_1001700803_C6_counts.tsv,6895,454188.0,15629.0,3.441086,0.38103219088876533,-0.12881508691355825,S,Bystander_ZIKV,0.12648887932300568
GSM2994019,huh7,Barcode_702-516EX2,10017008,zika,,12,0,CGTACTAG-TGCAACTCTAGG,,0,1001700803_C8,12,0,0,0,Control,12h,e:\Zika_antigravity\00_raw_data\GSE110496\GSM2994019_1001700803_C8_counts.tsv,6309,242637.0,7457.0,3.0733154,-0.2846256685154956,0.004896374876144846,G2M,Bystander_ZIKV,0.13216428458690643
GSM2994020,huh7,Barcode_702-506EX2,10017008,zika,,12,0,CGTACTAG-TGCATATGCAGT,,0,1001700803_C15,12,0,0,0,Control,12h,e:\Zika_antigravity\00_raw_data\GSE110496\GSM2994020_1001700803_C15_counts.tsv,5395,267456.0,2354.0,0.88014483,0.1501897950013656,-0.6674958269426914,S,Bystander_ZIKV,0.15511398017406464
GSM2994021,huh7,Barcode_702-517EX2,10017008,zika,,12,0,CGTACTAG-TGCATCTTACGC,,0,1001700803_C17,12,0,0,0,Control,12h,e:\Zika_antigravity\00_raw_data\GSE110496\GSM2994021_1001700803_C17_counts.tsv,5223,102443.0,2587.0,2.5253067,0.34954230115150237,-0.3542044081440046,S,Bystander_ZIKV,0.12497720867395401
GSM2994022,huh7,Barcode_702-507EX2,10017008,zika,,12,0,CGTACTAG-TGCATACTCCTT,,0,1001700803_C23,12,0,0,0,Control,12h,e:\Zika_antigravity\00_raw_data\GSE110496\GSM2994022_1001700803_C23_counts.tsv,5303,106579.0,1280.0,1.200987,-0.30452400822015036,1.184887911692699,G2M,Bystander_ZIKV,0.2748136520385742
GSM2994024,huh7,Barcode_702-508EX2,10017008,zika,,12,0,CGTACTAG-TGCAAGGCTTAG,,0,1001700803_D4,12,0,0,0,Control,12h,e:\Zika_antigravity\00_raw_data\GSE110496\GSM2994024_1001700803_D4_counts.tsv,6882,940854.0,33284.0,3.537637,-0.5549745562791247,-0.55277273067197,G1,Bystander_ZIKV,0.09928461164236069
GSM2994025,huh7,Barcode_702-520EX2,10017008,zika,,12,0,CGTACTAG-TGCAATAGCCTT,,0,1001700803_D6,12,0,0,0,Control,12h,e:\Zika_antigravity\00_raw_data\GSE110496\GSM2994025_1001700803_D6_counts.tsv,5845,273448.0,5106.0,1.8672655,-0.3459108498615283,0.6406819448242858,G2M,Bystander_ZIKV,0.2341015636920929
GSM2994026,huh7,Barcode_702-510EX2,10017008,zika,,12,0,CGTACTAG-TGCAATTAGACG,,0,1001700803_D17,12,0,0,0,Control,12h,e:\Zika_antigravity\00_raw_data\GSE110496\GSM2994026_1001700803_D17_counts.tsv,6295,236509.0,7035.0,2.9745169,0.1478034804309053,0.2671541501472524,G2M,Bystander_ZIKV,0.19191375374794006
GSM2994027,huh7,Barcode_702-521EX2,10017008,zika,,12,0,CGTACTAG-TGCATAAGGCTC,,0,1001700803_D24,12,0,0,0,Control,12h,e:\Zika_antigravity\00_raw_data\GSE110496\GSM2994027_1001700803_D24_counts.tsv,2339,1.599445e+06,4755.0,0.29729062,-0.2714358208590143,-0.6301866348365044,G1,Bystander_ZIKV,0.12082386016845703
GSM2994028,huh7,Barcode_702-511EX2,10017008,zika,,12,0,CGTACTAG-TGCACGGAGAGA,,0,1001700803_E3,12,0,0,0,Control,12h,e:\Zika_antigravity\00_raw_data\GSE110496\GSM2994028_1001700803_E3_counts.tsv,7417,844673.0,28711.0,3.399067,1.1763735356474563,0.4160497161542493,S,Bystander_ZIKV,0.2104913294315338
GSM2994029,huh7,Barcode_702-522EX2,10017008,zika,,12,0,CGTACTAG-TGCATCGCATAA,,0,1001700803_E5,12,0,0,0,Control,12h,e:\Zika_antigravity\00_raw_data\GSE110496\GSM2994029_1001700803_E5_counts.tsv,6652,299971.0,9055.0,3.018625,0.9203876957363848,0.36503131098150776,S,Bystander_ZIKV,0.291363924741745
GSM2994030,huh7,Barcode_703-502EX2,10017008,zika,,12,0,AGGCAGAA-TGCAATAGAGAG,,0,1001700803_E13,12,0,0,0,Control,12h,e:\Zika_antigravity\00_raw_data\GSE110496\GSM2994030_1001700803_E13_counts.tsv,6151,157222.0,5026.0,3.1967535,0.5974808442575436,-0.21901204117183914,S,Bystander_ZIKV,0.19171622395515442
GSM2994031,huh7,Barcode_703-513EX2,10017008,zika,,12,0,AGGCAGAA-TGCACTAGTCGA,,0,1001700803_E18,12,0,0,0,Control,12h,e:\Zika_antigravity\00_raw_data\GSE110496\GSM2994031_1001700803_E18_counts.tsv,6863,386233.0,11466.0,2.9686744,0.30214978336284515,-0.35406708323068226,S,Bystander_ZIKV,0.0887809470295906
GSM2994032,huh7,Barcode_703-503EX2,10017008,zika,,12,0,AGGCAGAA-TGCAAGAGGATA,,0,1001700803_E23,12,0,0,0,Control,12h,e:\Zika_antigravity\00_raw_data\GSE110496\GSM2994032_1001700803_E23_counts.tsv,6842,497899.0,16445.0,3.3028786,-0.5786621515855326,-0.5080263807933231,G1,Bystander_ZIKV,0.07937463372945786
GSM2994033,huh7,Barcode_703-515EX2,10017008,zika,,12,0,AGGCAGAA-TGCAAGCTAGAA,,0,1001700803_E24,12,0,0,0,Control,12h,e:\Zika_antigravity\00_raw_data\GSE110496\GSM2994033_1001700803_E24_counts.tsv,7539,695655.0,17360.0,2.4954898,0.5266629768868111,-0.3377618048771921,S,Bystander_ZIKV,0.07079610228538513
GSM2994036,huh7,Barcode_703-506EX2,10017008,zika,,12,0,AGGCAGAA-TGCATATGCAGT,,0,1001700803_F3,12,0,0,0,Control,12h,e:\Zika_antigravity\00_raw_data\GSE110496\GSM2994036_1001700803_F3_counts.tsv,7950,866462.0,27002.0,3.1163514,0.8649721070503195,-0.1519924084397779,S,Bystander_ZIKV,0.14816732704639435
GSM2994037,huh7,Barcode_703-517EX2,10017008,zika,,12,0,AGGCAGAA-TGCATCTTACGC,,0,1001700803_F4,12,0,0,0,Control,12h,e:\Zika_antigravity\00_raw_data\GSE110496\GSM2994037_1001700803_F4_counts.tsv,6314,241650.0,3313.0,1.3709911,1.3210214669550104,0.008316096574595524,S,Bystander_ZIKV,0.24130725860595703
GSM2994038,huh7,Barcode_703-507EX2,10017008,zika,,12,0,AGGCAGAA-TGCATACTCCTT,,0,1001700803_F5,12,0,0,0,Control,12h,e:\Zika_antigravity\00_raw_data\GSE110496\GSM2994038_1001700803_F5_counts.tsv,7881,954544.0,43312.0,4.5374546,-0.19984830026293085,1.136242898840934,G2M,Bystander_ZIKV,0.27131447196006775
GSM2994039,huh7,Barcode_703-518EX2,10017008,zika,,12,0,AGGCAGAA-TGCACTTAATAG,,0,1001700803_F17,12,0,0,0,Control,12h,e:\Zika_antigravity\00_raw_data\GSE110496\GSM2994039_1001700803_F17_counts.tsv,7716,885393.0,28508.0,3.219813,-0.23896513198657582,0.9116467028325256,G2M,Bystander_ZIKV,0.2793647050857544
GSM2994040,huh7,Barcode_703-508EX2,10017008,zika,,12,0,AGGCAGAA-TGCAAGGCTTAG,,0,1001700803_F18,12,0,0,0,Control,12h,e:\Zika_antigravity\00_raw_data\GSE110496\GSM2994040_1001700803_F18_counts.tsv,5669,151059.0,5487.0,3.6323555,-0.6072285962878682,-0.21553784505376516,G1,Bystander_ZIKV,0.13599014282226562
GSM2994041,huh7,Barcode_703-520EX2,10017008,zika,,12,0,AGGCAGAA-TGCAATAGCCTT,,0,1001700803_F19,12,0,0,0,Control,12h,e:\Zika_antigravity\00_raw_data\GSE110496\GSM2994041_1001700803_F19_counts.tsv,3560,37808.0,798.0,2.1106644,0.2503806613829164,-0.2566811806983119,S,Bystander_ZIKV,0.11746305972337723
GSM2994042,huh7,Barcode_703-510EX2,10017008,zika,,12,0,AGGCAGAA-TGCAATTAGACG,,0,1001700803_F21,12,0,0,0,Control,12h,e:\Zika_antigravity\00_raw_data\GSE110496\GSM2994042_1001700803_F21_counts.tsv,7734,478830.0,11138.0,2.3260865,0.5531957328585642,-0.44250920540708827,S,Bystander_ZIKV,0.13812997937202454
GSM2994043,huh7,Barcode_703-521EX2,10017008,zika,,12,0,AGGCAGAA-TGCATAAGGCTC,,0,1001700803_G8,12,0,0,0,Control,12h,e:\Zika_antigravity\00_raw_data\GSE110496\GSM2994043_1001700803_G8_counts.tsv,7838,557974.0,18816.0,3.3722003,0.8912432863753998,-0.06684801315438085,S,Bystander_ZIKV,0.1864594966173172
GSM2994044,huh7,Barcode_703-511EX2,10017008,zika,,12,0,AGGCAGAA-TGCACGGAGAGA,,0,1001700803_G13,12,0,0,0,Control,12h,e:\Zika_antigravity\00_raw_data\GSE110496\GSM2994044_1001700803_G13_counts.tsv,7787,933967.0,36568.0,3.9153419,0.6522069792751046,0.6161946523476505,S,Bystander_ZIKV,0.197071373462677
GSM2994045,huh7,Barcode_703-522EX2,10017008,zika,,12,0,AGGCAGAA-TGCATCGCATAA,,0,1001700803_G14,12,0,0,0,Control,12h,e:\Zika_antigravity\00_raw_data\GSE110496\GSM2994045_1001700803_G14_counts.tsv,7950,729119.0,23667.0,3.2459722,0.4269285086808461,-0.14673070855158427,S,Bystander_ZIKV,0.07088290899991989
GSM2994046,huh7,Barcode_704-502EX2,10017008,zika,,12,0,TCCTGAGC-TGCAATAGAGAG,,0,1001700803_G17,12,0,0,0,Control,12h,e:\Zika_antigravity\00_raw_data\GSE110496\GSM2994046_1001700803_G17_counts.tsv,6765,378192.0,14740.0,3.897491,-0.508265579074976,-0.48730785904731627,G1,Bystander_ZIKV,0.10733546316623688
GSM2994047,huh7,Barcode_704-513EX2,10017008,zika,,12,0,TCCTGAGC-TGCACTAGTCGA,,0,1001700803_H8,12,0,0,0,Control,12h,e:\Zika_antigravity\00_raw_data\GSE110496\GSM2994047_1001700803_H8_counts.tsv,7153,375108.0,9036.0,2.4089062,0.266941728048204,-0.02055880072720148,S,Bystander_ZIKV,0.1310962736606598
GSM2994048,huh7,Barcode_704-503EX2,10017008,zika,,12,0,TCCTGAGC-TGCAAGAGGATA,,0,1001700803_H19,12,0,0,0,Control,12h,e:\Zika_antigravity\00_raw_data\GSE110496\GSM2994048_1001700803_H19_counts.tsv,4883,1.691865e+06,105195.0,6.2176948,-0.5337195602090408,-0.4964674102171566,G1,Bystander_ZIKV,0.1450248807668686
GSM2994049,huh7,Barcode_704-515EX2,10017008,zika,,12,0,TCCTGAGC-TGCAAGCTAGAA,,0,1001700803_H21,12,0,0,0,Control,12h,e:\Zika_antigravity\00_raw_data\GSE110496\GSM2994049_1001700803_H21_counts.tsv,5976,131031.0,2555.0,1.9499203,-0.30253832773083733,1.071605375021042,G2M,Bystander_ZIKV,0.2989562749862671
GSM2994050,huh7,Barcode_704-505EX2,10017008,zika,,12,0,TCCTGAGC-TGCACTCCTTAC,,0,1001700803_I2,12,0,0,0,Control,12h,e:\Zika_antigravity\00_raw_data\GSE110496\GSM2994050_1001700803_I2_counts.tsv,6881,742368.0,13041.0,1.756676,0.5766435024461576,-0.2667838215638566,S,Bystander_ZIKV,0.06506593525409698
GSM2994051,huh7,Barcode_704-516EX2,10017008,zika,,12,0,TCCTGAGC-TGCAACTCTAGG,,0,1001700803_I7,12,0,0,0,Control,12h,e:\Zika_antigravity\00_raw_data\GSE110496\GSM2994051_1001700803_I7_counts.tsv,7284,985385.0,38382.0,3.8951273,0.08453969194864235,-0.2348315812409874,S,Bystander_ZIKV,0.04816963151097298
GSM2994053,huh7,Barcode_704-517EX2,10017008,zika,,12,0,TCCTGAGC-TGCATCTTACGC,,0,1001700803_I15,12,0,0,0,Control,12h,e:\Zika_antigravity\00_raw_data\GSE110496\GSM2994053_1001700803_I15_counts.tsv,6782,1.146528e+06,18158.0,1.5837381,0.933653196821078,0.13253484513227284,S,Bystander_ZIKV,0.09913170337677002
GSM2994054,huh7,Barcode_704-507EX2,10017008,zika,,12,0,TCCTGAGC-TGCATACTCCTT,,0,1001700803_I18,12,0,0,0,Control,12h,e:\Zika_antigravity\00_raw_data\GSE110496\GSM2994054_1001700803_I18_counts.tsv,7412,853160.0,29829.0,3.496296,1.2684692173919065,0.08005298798606417,S,Bystander_ZIKV,0.12619730830192566
GSM2994055,huh7,Barcode_704-518EX2,10017008,zika,,12,0,TCCTGAGC-TGCACTTAATAG,,0,1001700803_I19,12,0,0,0,Control,12h,e:\Zika_antigravity\00_raw_data\GSE110496\GSM2994055_1001700803_I19_counts.tsv,7760,720901.0,26077.0,3.6172788,0.16795419317980606,-0.10075614760152327,S,Bystander_ZIKV,0.08142482489347458
GSM2994056,huh7,Barcode_704-508EX2,10017008,zika,,12,0,TCCTGAGC-TGCAAGGCTTAG,,0,1001700803_I20,12,0,0,0,Control,12h,e:\Zika_antigravity\00_raw_data\GSE110496\GSM2994056_1001700803_I20_counts.tsv,6899,264259.0,8340.0,3.155995,0.08258495572954416,-0.34909009377352157,S,Bystander_ZIKV,0.10375642031431198
GSM2994057,huh7,Barcode_704-520EX2,10017008,zika,,12,0,TCCTGAGC-TGCAATAGCCTT,,0,1001700803_I21,12,0,0,0,Control,12h,e:\Zika_antigravity\00_raw_data\GSE110496\GSM2994057_1001700803_I21_counts.tsv,7317,374505.0,8674.0,2.316124,0.8976357853128798,-0.008505852425478369,S,Bystander_ZIKV,0.2702653408050537
GSM2994058,huh7,Barcode_704-510EX2,10017008,zika,,12,0,TCCTGAGC-TGCAATTAGACG,,0,1001700803_J1,12,0,0,0,Control,12h,e:\Zika_antigravity\00_raw_data\GSE110496\GSM2994058_1001700803_J1_counts.tsv,5927,332042.0,10562.0,3.180923,-0.6352780184398095,-0.4401959289117068,G1,Bystander_ZIKV,0.15000395476818085
GSM2994059,huh7,Barcode_704-521EX2,10017008,zika,,12,0,TCCTGAGC-TGCATAAGGCTC,,0,1001700803_J7,12,0,0,0,Control,12h,e:\Zika_antigravity\00_raw_data\GSE110496\GSM2994059_1001700803_J7_counts.tsv,6462,814398.0,24791.0,3.0440888,-0.6492692149976003,-0.02323894225432127,G1,Bystander_ZIKV,0.1167672649025917
GSM2994060,huh7,Barcode_704-511EX2,10017008,zika,,12,0,TCCTGAGC-TGCACGGAGAGA,,0,1001700803_J8,12,0,0,0,Control,12h,e:\Zika_antigravity\00_raw_data\GSE110496\GSM2994060_1001700803_J8_counts.tsv,7215,864432.0,28790.0,3.3305109,-0.39094613363877645,-0.41628703531240313,G1,Bystander_ZIKV,0.08064636588096619
GSM2994061,huh7,Barcode_704-522EX2,10017008,zika,,12,0,TCCTGAGC-TGCATCGCATAA,,0,1001700803_J15,12,0,0,0,Control,12h,e:\Zika_antigravity\00_raw_data\GSE110496\GSM2994061_1001700803_J15_counts.tsv,7344,956707.0,27942.0,2.9206433,-0.08050875707828839,1.554082206770643,G2M,Bystander_ZIKV,0.3938813805580139
GSM2994062,huh7,Barcode_705-502EX2,10017008,zika,,12,0,GGACTCCT-TGCAATAGAGAG,,0,1001700803_J16,12,0,0,0,Control,12h,e:\Zika_antigravity\00_raw_data\GSE110496\GSM2994062_1001700803_J16_counts.tsv,6095,285413.0,8251.0,2.8908985,-0.6848332976656301,-0.41824973466024923,G1,Bystander_ZIKV,0.12883657217025757
GSM2994063,huh7,Barcode_705-513EX2,10017008,zika,,12,0,GGACTCCT-TGCACTAGTCGA,,0,1001700803_J19,12,0,0,0,Control,12h,e:\Zika_antigravity\00_raw_data\GSE110496\GSM2994063_1001700803_J19_counts.tsv,6625,507644.0,6314.0,1.243785,0.53398181480921,-0.03257526347508989,S,Bystander_ZIKV,0.2572443187236786
GSM2994064,huh7,Barcode_705-503EX2,10017008,zika,,12,0,GGACTCCT-TGCAAGAGGATA,,0,1001700803_J20,12,0,0,0,Control,12h,e:\Zika_antigravity\00_raw_data\GSE110496\GSM2994064_1001700803_J20_counts.tsv,7694,1.217286e+06,47760.0,3.9234822,0.4323083037687909,-0.33858852421421326,S,Bystander_ZIKV,0.0747453048825264
GSM2994065,huh7,Barcode_705-515EX2,10017008,zika,,12,0,GGACTCCT-TGCAAGCTAGAA,,0,1001700803_K2,12,0,0,0,Control,12h,e:\Zika_antigravity\00_raw_data\GSE110496\GSM2994065_1001700803_K2_counts.tsv,7231,779980.0,18501.0,2.371984,0.09696082840562756,-0.17525335865659247,S,Bystander_ZIKV,0.11623948067426682
GSM2994067,huh7,Barcode_705-516EX2,10017008,zika,,12,0,GGACTCCT-TGCAACTCTAGG,,0,1001700803_K20,12,0,0,0,Control,12h,e:\Zika_antigravity\00_raw_data\GSE110496\GSM2994067_1001700803_K20_counts.tsv,7379,1.175759e+06,48284.0,4.106624,0.11566317914098145,1.4337486821251608,G2M,Bystander_ZIKV,0.3689059317111969
GSM2994068,huh7,Barcode_705-506EX2,10017008,zika,,12,0,GGACTCCT-TGCATATGCAGT,,0,1001700803_L1,12,0,0,0,Control,12h,e:\Zika_antigravity\00_raw_data\GSE110496\GSM2994068_1001700803_L1_counts.tsv,7035,894864.0,33248.0,3.715425,-0.2236115972733214,-0.26938248696267336,G1,Bystander_ZIKV,0.10092227160930634
GSM2994069,huh7,Barcode_705-517EX2,10017008,zika,,12,0,GGACTCCT-TGCATCTTACGC,,0,1001700803_L11,12,0,0,0,Control,12h,e:\Zika_antigravity\00_raw_data\GSE110496\GSM2994069_1001700803_L11_counts.tsv,7175,522414.0,15782.0,3.0209758,0.5334409849585167,-0.34158777919628747,S,Bystander_ZIKV,0.11390528082847595
GSM2994070,huh7,Barcode_705-507EX2,10017008,zika,,12,0,GGACTCCT-TGCATACTCCTT,,0,1001700803_L16,12,0,0,0,Control,12h,e:\Zika_antigravity\00_raw_data\GSE110496\GSM2994070_1001700803_L16_counts.tsv,7011,1.076855e+06,42798.0,3.9743514,-0.34011686665582513,0.5119503110232916,G2M,Bystander_ZIKV,0.2299118936061859
GSM2994071,huh7,Barcode_705-518EX2,10017008,zika,,12,0,GGACTCCT-TGCACTTAATAG,,0,1001700803_L17,12,0,0,0,Control,12h,e:\Zika_antigravity\00_raw_data\GSE110496\GSM2994071_1001700803_L17_counts.tsv,7136,894749.0,27149.0,3.0342588,0.1587760264896566,0.5939630958014186,G2M,Bystander_ZIKV,0.22775845229625702
GSM2994072,huh7,Barcode_705-508EX2,10017008,zika,,12,0,GGACTCCT-TGCAAGGCTTAG,,0,1001700803_L19,12,0,0,0,Control,12h,e:\Zika_antigravity\00_raw_data\GSE110496\GSM2994072_1001700803_L19_counts.tsv,7428,758264.0,21786.0,2.8731418,1.3891233453682312,0.38048432200295534,S,Bystander_ZIKV,0.2137819528579712
GSM2994074,huh7,Barcode_705-510EX2,10017008,zika,,12,0,GGACTCCT-TGCAATTAGACG,,0,1001700803_M1,12,0,0,0,Control,12h,e:\Zika_antigravity\00_raw_data\GSE110496\GSM2994074_1001700803_M1_counts.tsv,6261,461061.0,15631.0,3.390224,-0.35762389751062507,0.614349439041689,G2M,Bystander_ZIKV,0.22368597984313965
GSM2994075,huh7,Barcode_705-521EX2,10017008,zika,,12,0,GGACTCCT-TGCATAAGGCTC,,0,1001700803_M3,12,0,0,0,Control,12h,e:\Zika_antigravity\00_raw_data\GSE110496\GSM2994075_1001700803_M3_counts.tsv,7433,456415.0,13066.0,2.8627455,1.0868028157401741,0.4612173636318614,S,Bystander_ZIKV,0.1801852583885193
GSM2994076,huh7,Barcode_705-511EX2,10017008,zika,,12,0,GGACTCCT-TGCACGGAGAGA,,0,1001700803_M4,12,0,0,0,Control,12h,e:\Zika_antigravity\00_raw_data\GSE110496\GSM2994076_1001700803_M4_counts.tsv,6464,821090.0,37326.0,4.5459085,-0.11193481357657306,0.08120782191521501,G2M,Bystander_ZIKV,0.06621428579092026
GSM2994077,huh7,Barcode_705-522EX2,10017008,zika,,12,0,GGACTCCT-TGCATCGCATAA,,0,1001700803_M9,12,0,0,0,Control,12h,e:\Zika_antigravity\00_raw_data\GSE110496\GSM2994077_1001700803_M9_counts.tsv,7584,481804.0,14263.0,2.9603324,0.6431536665674122,-0.07655498250897082,S,Bystander_ZIKV,0.16566582024097443
GSM2994078,huh7,Barcode_706-502EX2,10017008,zika,,12,0,TAGGCATG-TGCAATAGAGAG,,0,1001700803_M10,12,0,0,0,Control,12h,e:\Zika_antigravity\00_raw_data\GSE110496\GSM2994078_1001700803_M10_counts.tsv,6678,352261.0,11453.0,3.2512825,0.9668191651658465,0.4095195962445496,S,Bystander_ZIKV,0.2123209685087204
GSM2994079,huh7,Barcode_706-513EX2,10017008,zika,,12,0,TAGGCATG-TGCACTAGTCGA,,0,1001700803_M11,12,0,0,0,Control,12h,e:\Zika_antigravity\00_raw_data\GSE110496\GSM2994079_1001700803_M11_counts.tsv,7056,579511.0,16498.0,2.846883,0.6593792354067166,-0.07950625983313744,S,Bystander_ZIKV,0.16120362281799316
GSM2994080,huh7,Barcode_706-503EX2,10017008,zika,,12,0,TAGGCATG-TGCAAGAGGATA,,0,1001700803_M12,12,0,0,0,Control,12h,e:\Zika_antigravity\00_raw_data\GSE110496\GSM2994080_1001700803_M12_counts.tsv,6757,537031.0,16607.0,3.0923727,-0.04743694924705086,-0.5221952830067111,G1,Bystander_ZIKV,0.1034158319234848
GSM2994081,huh7,Barcode_706-515EX2,10017008,zika,,12,0,TAGGCATG-TGCAAGCTAGAA,,0,1001700803_M15,12,0,0,0,Control,12h,e:\Zika_antigravity\00_raw_data\GSE110496\GSM2994081_1001700803_M15_counts.tsv,6319,739349.0,23956.0,3.2401476,-0.852212807709085,-0.4827118954211536,G1,Bystander_ZIKV,0.07779476046562195
GSM2994083,huh7,Barcode_706-516EX2,10017008,zika,,12,0,TAGGCATG-TGCAACTCTAGG,,0,1001700803_M19,12,0,0,0,Control,12h,e:\Zika_antigravity\00_raw_data\GSE110496\GSM2994083_1001700803_M19_counts.tsv,7495,895650.0,31922.0,3.5641155,0.05909613333642483,0.9719156960718713,G2M,Bystander_ZIKV,0.26802295446395874
GSM2994084,huh7,Barcode_706-506EX2,10017008,zika,,12,0,TAGGCATG-TGCATATGCAGT,,0,1001700803_M20,12,0,0,0,Control,12h,e:\Zika_antigravity\00_raw_data\GSE110496\GSM2994084_1001700803_M20_counts.tsv,6296,523849.0,12958.0,2.4736137,-0.5913299500410046,-0.5546809505578358,G1,Bystander_ZIKV,0.08343379199504852
GSM2994085,huh7,Barcode_706-517EX2,10017008,zika,,12,0,TAGGCATG-TGCATCTTACGC,,0,1001700803_N1,12,0,0,0,Control,12h,e:\Zika_antigravity\00_raw_data\GSE110496\GSM2994085_1001700803_N1_counts.tsv,6872,553634.0,20613.0,3.723218,0.11717831336316607,-0.3577364285325519,S,Bystander_ZIKV,0.09059005230665207
GSM2994086,huh7,Barcode_706-507EX2,10017008,zika,,12,0,TAGGCATG-TGCATACTCCTT,,0,1001700803_N7,12,0,0,0,Control,12h,e:\Zika_antigravity\00_raw_data\GSE110496\GSM2994086_1001700803_N7_counts.tsv,6827,970900.0,36658.0,3.7756722,-0.7775651650348058,0.8992155019543241,G2M,Bystander_ZIKV,0.20231378078460693
GSM2994087,huh7,Barcode_706-518EX2,10017008,zika,,12,0,TAGGCATG-TGCACTTAATAG,,0,1001700803_N8,12,0,0,0,Control,12h,e:\Zika_antigravity\00_raw_data\GSE110496\GSM2994087_1001700803_N8_counts.tsv,7496,1.240765e+06,48429.0,3.9031565,0.5038186144105912,-0.39033452106259847,S,Bystander_ZIKV,0.08357053995132446
GSM2994088,huh7,Barcode_706-508EX2,10017008,zika,,12,0,TAGGCATG-TGCAAGGCTTAG,,0,1001700803_N9,12,0,0,0,Control,12h,e:\Zika_antigravity\00_raw_data\GSE110496\GSM2994088_1001700803_N9_counts.tsv,7348,929820.0,26280.0,2.8263535,-0.26422560860158967,0.58889497775341,G2M,Bystander_ZIKV,0.2397850602865219
GSM2994089,huh7,Barcode_706-520EX2,10017008,zika,,12,0,TAGGCATG-TGCAATAGCCTT,,0,1001700803_N13,12,0,0,0,Control,12h,e:\Zika_antigravity\00_raw_data\GSE110496\GSM2994089_1001700803_N13_counts.tsv,4590,70613.0,1676.0,2.3735006,-0.5159063588739151,0.1724503459922634,G2M,Bystander_ZIKV,0.13231514394283295
GSM2994090,huh7,Barcode_706-510EX2,10017008,zika,,12,0,TAGGCATG-TGCAATTAGACG,,0,1001700803_N15,12,0,0,0,Control,12h,e:\Zika_antigravity\00_raw_data\GSE110496\GSM2994090_1001700803_N15_counts.tsv,7523,883782.0,40334.0,4.563795,-0.4417767414024898,-0.37137476985592255,G1,Bystander_ZIKV,0.08664938062429428
GSM2994091,huh7,Barcode_706-521EX2,10017008,zika,,12,0,TAGGCATG-TGCATAAGGCTC,,0,1001700803_N19,12,0,0,0,Control,12h,e:\Zika_antigravity\00_raw_data\GSE110496\GSM2994091_1001700803_N19_counts.tsv,6914,1.077534e+06,43437.0,4.031149,-0.08237975488328153,-0.46422769444821377,G1,Bystander_ZIKV,0.08335250616073608
GSM2994092,huh7,Barcode_706-511EX2,10017008,zika,,12,0,TAGGCATG-TGCACGGAGAGA,,0,1001700803_O1,12,0,0,0,Control,12h,e:\Zika_antigravity\00_raw_data\GSE110496\GSM2994092_1001700803_O1_counts.tsv,7591,644259.0,21349.0,3.3137295,0.7057206688493135,0.7110317521904019,G2M,Bystander_ZIKV,0.17594507336616516
GSM2994093,huh7,Barcode_706-522EX2,10017008,zika,,12,0,TAGGCATG-TGCATCGCATAA,,0,1001700803_O5,12,0,0,0,Control,12h,e:\Zika_antigravity\00_raw_data\GSE110496\GSM2994093_1001700803_O5_counts.tsv,6320,389583.0,12359.0,3.1723664,-0.43924849545139644,-0.08005633185567107,G1,Bystander_ZIKV,0.12350327521562576
GSM2994094,huh7,Barcode_707-502EX2,10017008,zika,,12,0,CTCTCTAC-TGCAATAGAGAG,,0,1001700803_O7,12,0,0,0,Control,12h,e:\Zika_antigravity\00_raw_data\GSE110496\GSM2994094_1001700803_O7_counts.tsv,2874,852197.0,12633.0,1.4824038,-0.36890771131785144,0.332772131412171,G2M,Bystander_ZIKV,0.12173294275999069
GSM2994095,huh7,Barcode_707-513EX2,10017008,zika,,12,0,CTCTCTAC-TGCACTAGTCGA,,0,1001700803_O16,12,0,0,0,Control,12h,e:\Zika_antigravity\00_raw_data\GSE110496\GSM2994095_1001700803_O16_counts.tsv,6407,255503.0,7563.0,2.9600437,-0.13864741973721678,0.22174852815159282,G2M,Bystander_ZIKV,0.17396266758441925
GSM2994096,huh7,Barcode_707-503EX2,10017008,zika,,12,0,CTCTCTAC-TGCAAGAGGATA,,0,1001700803_O17,12,0,0,0,Control,12h,e:\Zika_antigravity\00_raw_data\GSE110496\GSM2994096_1001700803_O17_counts.tsv,6980,823900.0,25959.0,3.1507466,-0.05128941983871517,-0.32565383434009093,G1,Bystander_ZIKV,0.11772870272397995
GSM2994097,huh7,Barcode_707-515EX2,10017008,zika,,12,0,CTCTCTAC-TGCAAGCTAGAA,,0,1001700803_O18,12,0,0,0,Control,12h,e:\Zika_antigravity\00_raw_data\GSE110496\GSM2994097_1001700803_O18_counts.tsv,7987,815454.0,26837.0,3.29105,-0.02770938104284662,0.6608519243382146,G2M,Bystander_ZIKV,0.27688151597976685
GSM2994099,huh7,Barcode_707-516EX2,10017008,zika,,12,0,CTCTCTAC-TGCAACTCTAGG,,0,1001700803_P5,12,0,0,0,Control,12h,e:\Zika_antigravity\00_raw_data\GSE110496\GSM2994099_1001700803_P5_counts.tsv,7517,639313.0,19173.0,2.9990005,0.5714371584710621,-0.4133614445076082,S,Bystander_ZIKV,0.09550429880619049
GSM2994100,huh7,Barcode_707-506EX2,10017008,zika,,12,0,CTCTCTAC-TGCATATGCAGT,,0,1001700803_P9,12,0,0,0,Control,12h,e:\Zika_antigravity\00_raw_data\GSE110496\GSM2994100_1001700803_P9_counts.tsv,6527,371828.0,8300.0,2.232215,-0.36495663084954555,-0.4866036350771481,G1,Bystander_ZIKV,0.0867934376001358
GSM2994101,huh7,Barcode_707-517EX2,10017008,zika,,12,0,CTCTCTAC-TGCATCTTACGC,,0,1001700803_P10,12,0,0,0,Control,12h,e:\Zika_antigravity\00_raw_data\GSE110496\GSM2994101_1001700803_P10_counts.tsv,5775,137817.0,2682.0,1.9460589,1.0528366987416078,-0.20360572651761305,S,Bystander_ZIKV,0.1687610149383545
GSM2994102,huh7,Barcode_707-507EX2,10017008,zika,,12,0,CTCTCTAC-TGCATACTCCTT,,0,1001700803_P11,12,0,0,0,Control,12h,e:\Zika_antigravity\00_raw_data\GSE110496\GSM2994102_1001700803_P11_counts.tsv,7320,425472.0,12760.0,2.9990222,0.6615663417659345,0.3138511556364371,S,Bystander_ZIKV,0.22346371412277222
GSM2994103,huh7,Barcode_707-518EX2,10017008,zika,,12,0,CTCTCTAC-TGCACTTAATAG,,0,1001700803_P12,12,0,0,0,Control,12h,e:\Zika_antigravity\00_raw_data\GSE110496\GSM2994103_1001700803_P12_counts.tsv,6266,287628.0,6881.0,2.392326,-0.19428681929906208,0.6864075243579443,G2M,Bystander_ZIKV,0.2537422776222229
GSM2994104,huh7,Barcode_707-508EX2,10017008,zika,,12,1,CTCTCTAC-TGCAAGGCTTAG,0,0,1001700804_A7,12,0,0,0,ZIKV,12h,e:\Zika_antigravity\00_raw_data\GSE110496\GSM2994104_1001700804_A7_counts.tsv,7028,835459.0,26998.0,3.2315173,-0.7369791369973904,-0.7557945204784547,G1,Bystander_ZIKV,0.23149771988391876
GSM2994105,huh7,Barcode_707-520EX2,10017008,zika,,12,1,CTCTCTAC-TGCAATAGCCTT,0,1,1001700804_A9,12,0,1,1,ZIKV,12h,e:\Zika_antigravity\00_raw_data\GSE110496\GSM2994105_1001700804_A9_counts.tsv,7707,1.335699e+06,44069.0,3.2993212,-0.5981872654682125,-0.5063578322429325,G1,Low_ZIKV,0.09777958691120148
GSM2994106,huh7,Barcode_707-510EX2,10017008,zika,,12,1,CTCTCTAC-TGCAATTAGACG,0,0,1001700804_A17,12,0,0,0,ZIKV,12h,e:\Zika_antigravity\00_raw_data\GSE110496\GSM2994106_1001700804_A17_counts.tsv,7381,1.035001e+06,34410.0,3.3246346,-0.08930739253715037,0.19642583963295962,G2M,Bystander_ZIKV,0.1164436787366867
GSM2994108,huh7,Barcode_707-511EX2,10017008,zika,,12,1,CTCTCTAC-TGCACGGAGAGA,0.488757396449704,4,1001700804_A23,12,0,4,4,ZIKV,12h,e:\Zika_antigravity\00_raw_data\GSE110496\GSM2994108_1001700804_A23_counts.tsv,6999,813794.0,27082.0,3.3278692,-0.2922407961461604,1.3755326729660002,G2M,Low_ZIKV,0.37620899081230164
GSM2994109,huh7,Barcode_707-522EX2,10017008,zika,,12,1,CTCTCTAC-TGCATCGCATAA,0,0,1001700804_B2,12,0,0,0,ZIKV,12h,e:\Zika_antigravity\00_raw_data\GSE110496\GSM2994109_1001700804_B2_counts.tsv,5404,1.005754e+06,36926.0,3.6714745,-0.1371970534147251,0.8096076619263779,G2M,Bystander_ZIKV,0.1883818507194519
GSM2994110,huh7,Barcode_710-502EX2,10017008,zika,,12,1,CGAGGCTG-TGCAATAGAGAG,1.63768115942029,33,1001700804_B4,12,0,33,33,ZIKV,12h,e:\Zika_antigravity\00_raw_data\GSE110496\GSM2994110_1001700804_B4_counts.tsv,6549,716316.0,26655.0,3.7211232,-0.09876537450722286,0.5997115857086458,G2M,High_ZIKV,0.2118857502937317
GSM2994112,huh7,Barcode_710-503EX2,10017008,zika,,12,1,CGAGGCTG-TGCAAGAGGATA,0,1,1001700804_B6,12,0,1,1,ZIKV,12h,e:\Zika_antigravity\00_raw_data\GSE110496\GSM2994112_1001700804_B6_counts.tsv,7319,765211.0,18800.0,2.4568386,-0.2690311030728654,0.09478872039972128,G2M,Low_ZIKV,0.11716575175523758
GSM2994113,huh7,Barcode_710-515EX2,10017008,zika,,12,1,CGAGGCTG-TGCAAGCTAGAA,30.3621169916435,635,1001700804_B9,12,0,635,635,ZIKV,12h,e:\Zika_antigravity\00_raw_data\GSE110496\GSM2994113_1001700804_B9_counts.tsv,7833,748108.0,26666.0,3.5644586,0.9131951695640705,0.6336553713570156,S,High_ZIKV,0.19426442682743073
GSM2994115,huh7,Barcode_710-516EX2,10017008,zika,,12,1,CGAGGCTG-TGCAACTCTAGG,0,0,1001700804_B12,12,0,0,0,ZIKV,12h,e:\Zika_antigravity\00_raw_data\GSE110496\GSM2994115_1001700804_B12_counts.tsv,7160,724515.0,27560.0,3.803924,-0.1541989274677776,0.7978329317458948,G2M,Bystander_ZIKV,0.2709120512008667
GSM2994116,huh7,Barcode_710-506EX2,10017008,zika,,12,1,CGAGGCTG-TGCATATGCAGT,0,0,1001700804_B16,12,0,0,0,ZIKV,12h,e:\Zika_antigravity\00_raw_data\GSE110496\GSM2994116_1001700804_B16_counts.tsv,7719,870065.0,21910.0,2.5182028,-0.47779882707566557,-0.5557712496852276,G1,Bystander_ZIKV,0.11912116408348083
GSM2994117,huh7,Barcode_710-517EX2,10017008,zika,,12,1,CGAGGCTG-TGCATCTTACGC,0,0,1001700804_B18,12,0,0,0,ZIKV,12h,e:\Zika_antigravity\00_raw_data\GSE110496\GSM2994117_1001700804_B18_counts.tsv,7629,592449.0,17680.0,2.9842231,-0.09337521525365965,-0.4173657346659985,G1,Bystander_ZIKV,0.10180642455816269
GSM2994118,huh7,Barcode_710-507EX2,10017008,zika,,12,1,CGAGGCTG-TGCATACTCCTT,0,0,1001700804_B22,12,0,0,0,ZIKV,12h,e:\Zika_antigravity\00_raw_data\GSE110496\GSM2994118_1001700804_B22_counts.tsv,7674,677117.0,25209.0,3.7229903,-0.1594276629809645,-0.4804310344083682,G1,Bystander_ZIKV,0.2295178771018982
GSM2994119,huh7,Barcode_710-518EX2,10017008,zika,,12,1,CGAGGCTG-TGCACTTAATAG,0,0,1001700804_B23,12,0,0,0,ZIKV,12h,e:\Zika_antigravity\00_raw_data\GSE110496\GSM2994119_1001700804_B23_counts.tsv,7111,778571.0,25391.0,3.2612312,0.09719630691245021,-0.43699795287666165,S,Bystander_ZIKV,0.08242062479257584
GSM2994120,huh7,Barcode_710-508EX2,10017008,zika,,12,1,CGAGGCTG-TGCAAGGCTTAG,0,0,1001700804_C3,12,0,0,0,ZIKV,12h,e:\Zika_antigravity\00_raw_data\GSE110496\GSM2994120_1001700804_C3_counts.tsv,7652,921620.0,23473.0,2.5469282,-0.09517317681041146,1.1059041087536488,G2M,Bystander_ZIKV,0.3978516161441803
GSM2994123,huh7,Barcode_710-521EX2,10017008,zika,,12,1,CGAGGCTG-TGCATAAGGCTC,0,0,1001700804_C11,12,0,0,0,ZIKV,12h,e:\Zika_antigravity\00_raw_data\GSE110496\GSM2994123_1001700804_C11_counts.tsv,7886,803729.0,22479.0,2.7968383,0.5518490650451072,-0.3933244482116044,S,Bystander_ZIKV,0.06920155882835388
GSM2994124,huh7,Barcode_710-511EX2,10017008,zika,,12,1,CGAGGCTG-TGCACGGAGAGA,0,0,1001700804_C12,12,0,0,0,ZIKV,12h,e:\Zika_antigravity\00_raw_data\GSE110496\GSM2994124_1001700804_C12_counts.tsv,7979,624998.0,15275.0,2.4440079,-0.16786835719166057,1.2994522750508057,G2M,Bystander_ZIKV,0.3997340500354767
GSM2994125,huh7,Barcode_710-522EX2,10017008,zika,,12,1,CGAGGCTG-TGCATCGCATAA,3.9704433497537,69,1001700804_C15,12,0,69,69,ZIKV,12h,e:\Zika_antigravity\00_raw_data\GSE110496\GSM2994125_1001700804_C15_counts.tsv,7570,601145.0,17900.0,2.977651,0.2711147137961927,0.28958313357940674,G2M,High_ZIKV,0.16951332986354828
GSM2994126,huh7,Barcode_711-502EX2,10017008,zika,,12,1,AAGAGGCA-TGCAATAGAGAG,0,0,1001700804_C19,12,0,0,0,ZIKV,12h,e:\Zika_antigravity\00_raw_data\GSE110496\GSM2994126_1001700804_C19_counts.tsv,7202,592399.0,20800.0,3.5111473,0.10796027930364722,-0.33610461063473535,S,Bystander_ZIKV,0.05853503942489624
GSM2994127,huh7,Barcode_711-513EX2,10017008,zika,,12,1,AAGAGGCA-TGCACTAGTCGA,0,7,1001700804_C21,12,0,7,7,ZIKV,12h,e:\Zika_antigravity\00_raw_data\GSE110496\GSM2994127_1001700804_C21_counts.tsv,7115,890471.0,29775.0,3.343736,-0.29065360053043277,0.912644773178257,G2M,Low_ZIKV,0.26352497935295105
GSM2994128,huh7,Barcode_711-503EX2,10017008,zika,,12,1,AAGAGGCA-TGCAAGAGGATA,0.250420168067227,5,1001700804_D8,12,0,5,5,ZIKV,12h,e:\Zika_antigravity\00_raw_data\GSE110496\GSM2994128_1001700804_D8_counts.tsv,7028,517614.0,16994.0,3.2831416,0.9066663318241591,-0.07609825820550482,S,Low_ZIKV,0.09176777303218842
GSM2994130,huh7,Barcode_711-505EX2,10017008,zika,,12,1,AAGAGGCA-TGCACTCCTTAC,0.485355648535565,10,1001700804_D12,12,0,10,10,ZIKV,12h,e:\Zika_antigravity\00_raw_data\GSE110496\GSM2994130_1001700804_D12_counts.tsv,7251,775351.0,25421.0,3.278644,-0.12359835738759664,1.2617783827559894,G2M,Low_ZIKV,0.3268371820449829
GSM2994131,huh7,Barcode_711-516EX2,10017008,zika,,12,1,AAGAGGCA-TGCAACTCTAGG,0,0,1001700804_D13,12,0,0,0,ZIKV,12h,e:\Zika_antigravity\00_raw_data\GSE110496\GSM2994131_1001700804_D13_counts.tsv,7706,656749.0,27294.0,4.1559258,0.3203873782474104,0.2844199034557491,S,Bystander_ZIKV,0.13489550352096558
GSM2994133,huh7,Barcode_711-517EX2,10017008,zika,,12,1,AAGAGGCA-TGCATCTTACGC,4.62809917355372,107,1001700804_D16,12,0,107,107,ZIKV,12h,e:\Zika_antigravity\00_raw_data\GSE110496\GSM2994133_1001700804_D16_counts.tsv,7130,738787.0,18964.0,2.5669103,0.5737347312338118,0.03926409691457451,S,High_ZIKV,0.05649853125214577
GSM2994134,huh7,Barcode_711-507EX2,10017008,zika,,12,1,AAGAGGCA-TGCATACTCCTT,0,3,1001700804_D21,12,0,3,3,ZIKV,12h,e:\Zika_antigravity\00_raw_data\GSE110496\GSM2994134_1001700804_D21_counts.tsv,7558,801026.0,22816.0,2.848347,-0.38855414046196357,0.9461063613514027,G2M,Low_ZIKV,0.3338853716850281
GSM2994135,huh7,Barcode_711-518EX2,10017008,zika,,12,1,AAGAGGCA-TGCACTTAATAG,0,0,1001700804_D22,12,0,0,0,ZIKV,12h,e:\Zika_antigravity\00_raw_data\GSE110496\GSM2994135_1001700804_D22_counts.tsv,7012,704678.0,22363.0,3.1735063,0.20045029065305633,-0.20561228226941652,S,Bystander_ZIKV,0.08625049144029617
GSM2994136,huh7,Barcode_711-508EX2,10017008,zika,,12,1,AAGAGGCA-TGCAAGGCTTAG,0,0,1001700804_E2,12,0,0,0,ZIKV,12h,e:\Zika_antigravity\00_raw_data\GSE110496\GSM2994136_1001700804_E2_counts.tsv,7606,1.010409e+06,33282.0,3.2939136,0.7600641459071389,0.18402517810124613,S,Bystander_ZIKV,0.1377459615468979
GSM2994137,huh7,Barcode_711-520EX2,10017008,zika,,12,1,AAGAGGCA-TGCAATAGCCTT,1.76106194690266,26,1001700804_E3,12,0,26,26,ZIKV,12h,e:\Zika_antigravity\00_raw_data\GSE110496\GSM2994137_1001700804_E3_counts.tsv,6172,1.010514e+06,36010.0,3.563533,-0.659469574454817,-0.6840220713537555,G1,High_ZIKV,0.2585689425468445
GSM2994138,huh7,Barcode_711-510EX2,10017008,zika,,12,1,AAGAGGCA-TGCAATTAGACG,0.173737373737374,1,1001700804_E9,12,0,1,1,ZIKV,12h,e:\Zika_antigravity\00_raw_data\GSE110496\GSM2994138_1001700804_E9_counts.tsv,7280,902945.0,16854.0,1.8665589,-0.461246730647205,0.7203603348913944,G2M,Low_ZIKV,0.23809820413589478
GSM2994139,huh7,Barcode_711-521EX2,10017008,zika,,12,1,AAGAGGCA-TGCATAAGGCTC,6.22119815668203,53,1001700804_E15,12,0,53,53,ZIKV,12h,e:\Zika_antigravity\00_raw_data\GSE110496\GSM2994139_1001700804_E15_counts.tsv,7667,545044.0,19410.0,3.5611804,-0.4415617393629093,0.15799685734245097,G2M,High_ZIKV,0.1372174322605133
GSM2994140,huh7,Barcode_711-511EX2,10017008,zika,,12,1,AAGAGGCA-TGCACGGAGAGA,0.410112359550562,59,1001700804_E16,12,0,59,59,ZIKV,12h,e:\Zika_antigravity\00_raw_data\GSE110496\GSM2994140_1001700804_E16_counts.tsv,6872,780086.0,27963.0,3.5846047,0.5541537933118109,-0.40025986917852074,S,High_ZIKV,0.045193832367658615
GSM2994141,huh7,Barcode_711-522EX2,10017008,zika,,12,1,AAGAGGCA-TGCATCGCATAA,1.64457831325301,29,1001700804_E19,12,0,29,29,ZIKV,12h,e:\Zika_antigravity\00_raw_data\GSE110496\GSM2994141_1001700804_E19_counts.tsv,7214,854410.0,31166.0,3.6476634,1.1589736371600468,0.48575450800103226,S,High_ZIKV,0.17183783650398254
GSM2994142,huh7,Barcode_712-502EX2,10017008,zika,,12,1,GTAGAGGA-TGCAATAGAGAG,0.188165680473373,45,1001700804_E21,12,0,45,45,ZIKV,12h,e:\Zika_antigravity\00_raw_data\GSE110496\GSM2994142_1001700804_E21_counts.tsv,7021,908310.0,28287.0,3.1142452,0.2914728518120856,-0.23595398114614563,S,High_ZIKV,0.09968305379152298
GSM2994143,huh7,Barcode_712-513EX2,10017008,zika,,12,1,GTAGAGGA-TGCACTAGTCGA,0,0,1001700804_E22,12,0,0,0,ZIKV,12h,e:\Zika_antigravity\00_raw_data\GSE110496\GSM2994143_1001700804_E22_counts.tsv,7420,964889.0,30222.0,3.1321738,-0.4746541850986735,-0.5545430933858845,G1,Bystander_ZIKV,0.2835890054702759
GSM2994144,huh7,Barcode_712-503EX2,10017008,zika,,12,1,GTAGAGGA-TGCAAGAGGATA,0,0,1001700804_E24,12,0,0,0,ZIKV,12h,e:\Zika_antigravity\00_raw_data\GSE110496\GSM2994144_1001700804_E24_counts.tsv,7723,865043.0,26610.0,3.0761476,-0.5099768507028264,0.010176361410316609,G2M,Bystander_ZIKV,0.13785871863365173
GSM2994146,huh7,Barcode_712-505EX2,10017008,zika,,12,1,GTAGAGGA-TGCACTCCTTAC,0,0,1001700804_F7,12,0,0,0,ZIKV,12h,e:\Zika_antigravity\00_raw_data\GSE110496\GSM2994146_1001700804_F7_counts.tsv,7784,717663.0,20105.0,2.8014543,-0.4200125790023733,0.9213307356099972,G2M,Bystander_ZIKV,0.2728848457336426
GSM2994147,huh7,Barcode_712-516EX2,10017008,zika,,12,1,GTAGAGGA-TGCAACTCTAGG,0,0,1001700804_F19,12,0,0,0,ZIKV,12h,e:\Zika_antigravity\00_raw_data\GSE110496\GSM2994147_1001700804_F19_counts.tsv,6388,880652.0,8387.0,0.95236254,-0.4067992317268536,-0.5506370863564702,G1,Bystander_ZIKV,0.10401178151369095
GSM2994148,huh7,Barcode_712-506EX2,10017008,zika,,12,1,GTAGAGGA-TGCATATGCAGT,0,0,1001700804_F20,12,0,0,0,ZIKV,12h,e:\Zika_antigravity\00_raw_data\GSE110496\GSM2994148_1001700804_F20_counts.tsv,7693,719395.0,22483.0,3.125265,1.2278010242108612,0.5349022267423993,S,Bystander_ZIKV,0.18170906603336334
GSM2994149,huh7,Barcode_712-517EX2,10017008,zika,,12,1,GTAGAGGA-TGCATCTTACGC,1.85635359116022,31,1001700804_F21,12,0,31,31,ZIKV,12h,e:\Zika_antigravity\00_raw_data\GSE110496\GSM2994149_1001700804_F21_counts.tsv,7980,798778.0,22982.0,2.8771448,0.04707805587954464,0.3788154519976802,G2M,High_ZIKV,0.2511462867259979
GSM2994150,huh7,Barcode_712-507EX2,10017008,zika,,12,1,GTAGAGGA-TGCATACTCCTT,0,4,1001700804_F23,12,0,4,4,ZIKV,12h,e:\Zika_antigravity\00_raw_data\GSE110496\GSM2994150_1001700804_F23_counts.tsv,7243,765714.0,25727.0,3.3598707,0.2458040321134918,-0.12920047704745774,S,Low_ZIKV,0.07509440928697586
GSM2994151,huh7,Barcode_712-518EX2,10017008,zika,,12,1,GTAGAGGA-TGCACTTAATAG,0,0,1001700804_F24,12,0,0,0,ZIKV,12h,e:\Zika_antigravity\00_raw_data\GSE110496\GSM2994151_1001700804_F24_counts.tsv,7982,959552.0,33172.0,3.4570298,0.8125842929085983,-0.003935360587789975,S,Bystander_ZIKV,0.16149917244911194
GSM2994152,huh7,Barcode_712-508EX2,10017008,zika,,12,1,GTAGAGGA-TGCAAGGCTTAG,0.472303206997085,39,1001700804_G1,12,0,39,39,ZIKV,12h,e:\Zika_antigravity\00_raw_data\GSE110496\GSM2994152_1001700804_G1_counts.tsv,7926,1.107042e+06,40678.0,3.6744766,0.9058491683432034,-0.016630930759065788,S,High_ZIKV,0.1282385289669037
GSM2994153,huh7,Barcode_712-520EX2,10017008,zika,,12,1,GTAGAGGA-TGCAATAGCCTT,0,0,1001700804_G4,12,0,0,0,ZIKV,12h,e:\Zika_antigravity\00_raw_data\GSE110496\GSM2994153_1001700804_G4_counts.tsv,6129,835687.0,20169.0,2.4134634,-0.31802729314714223,1.2123163188209711,G2M,Bystander_ZIKV,0.24420952796936035
GSM2994154,huh7,Barcode_712-510EX2,10017008,zika,,12,1,GTAGAGGA-TGCAATTAGACG,0,0,1001700804_G10,12,0,0,0,ZIKV,12h,e:\Zika_antigravity\00_raw_data\GSE110496\GSM2994154_1001700804_G10_counts.tsv,6520,868025.0,28461.0,3.2788224,0.15603879576194143,0.4234814724690557,G2M,Bystander_ZIKV,0.1757870614528656
GSM2994155,huh7,Barcode_712-521EX2,10017008,zika,,12,1,GTAGAGGA-TGCATAAGGCTC,20.8284023668639,179,1001700804_G16,12,0,179,179,ZIKV,12h,e:\Zika_antigravity\00_raw_data\GSE110496\GSM2994155_1001700804_G16_counts.tsv,7518,803353.0,27348.0,3.404232,-0.1037537045067265,1.4552732767001217,G2M,High_ZIKV,0.3721131682395935
GSM2994156,huh7,Barcode_712-511EX2,10017008,zika,,12,1,GTAGAGGA-TGCACGGAGAGA,0,0,1001700804_G20,12,0,0,0,ZIKV,12h,e:\Zika_antigravity\00_raw_data\GSE110496\GSM2994156_1001700804_G20_counts.tsv,7119,815065.0,18453.0,2.263991,-0.4784214370706606,-0.4974437247260485,G1,Bystander_ZIKV,0.08137598633766174
GSM2994157,huh7,Barcode_712-522EX2,10017008,zika,,12,1,GTAGAGGA-TGCATCGCATAA,0,0,1001700804_G22,12,0,0,0,ZIKV,12h,e:\Zika_antigravity\00_raw_data\GSE110496\GSM2994157_1001700804_G22_counts.tsv,7262,873916.0,29289.0,3.3514664,0.8385529472769814,-0.21654284866897053,S,Bystander_ZIKV,0.17829854786396027
GSM2994158,huh7,Barcode_714-502EX2,10017008,zika,,12,1,GCTCATGA-TGCAATAGAGAG,0,0,1001700804_G23,12,0,0,0,ZIKV,12h,e:\Zika_antigravity\00_raw_data\GSE110496\GSM2994158_1001700804_G23_counts.tsv,7231,932679.0,36788.0,3.9443367,-0.3182295914207186,0.7190215958158479,G2M,Bystander_ZIKV,0.17566895484924316
GSM2994159,huh7,Barcode_714-513EX2,10017008,zika,,12,1,GCTCATGA-TGCACTAGTCGA,0,0,1001700804_H2,12,0,0,0,ZIKV,12h,e:\Zika_antigravity\00_raw_data\GSE110496\GSM2994159_1001700804_H2_counts.tsv,7356,772278.0,29687.0,3.8440819,0.11629391543655877,0.3729042466303267,G2M,Bystander_ZIKV,0.2204907387495041
GSM2994160,huh7,Barcode_714-503EX2,10017008,zika,,12,1,GCTCATGA-TGCAAGAGGATA,6.86507936507937,206,1001700804_H3,12,0,206,206,ZIKV,12h,e:\Zika_antigravity\00_raw_data\GSE110496\GSM2994160_1001700804_H3_counts.tsv,6779,851091.0,32392.0,3.8059382,-0.06263661155521516,0.055689193694596836,G2M,High_ZIKV,0.12003771215677261
GSM2994161,huh7,Barcode_714-515EX2,10017008,zika,,12,1,GCTCATGA-TGCAAGCTAGAA,5.50239234449761,60,1001700804_H7,12,0,60,60,ZIKV,12h,e:\Zika_antigravity\00_raw_data\GSE110496\GSM2994161_1001700804_H7_counts.tsv,7103,761104.0,27288.0,3.585318,0.23902492964906352,-0.3161336309356439,S,High_ZIKV,0.07296670973300934
GSM2994162,huh7,Barcode_714-505EX2,10017008,zika,,12,1,GCTCATGA-TGCACTCCTTAC,0,0,1001700804_H11,12,0,0,0,ZIKV,12h,e:\Zika_antigravity\00_raw_data\GSE110496\GSM2994162_1001700804_H11_counts.tsv,7883,717421.0,15126.0,2.1083853,-0.15696698709701498,-0.13958014364443078,G1,Bystander_ZIKV,0.06387170404195786
GSM2994164,huh7,Barcode_714-506EX2,10017008,zika,,12,1,GCTCATGA-TGCATATGCAGT,0,0,1001700804_H20,12,0,0,0,ZIKV,12h,e:\Zika_antigravity\00_raw_data\GSE110496\GSM2994164_1001700804_H20_counts.tsv,7461,769064.0,23690.0,3.0803678,1.2015594898634367,0.439889073408956,S,Bystander_ZIKV,0.20374728739261627
GSM2994165,huh7,Barcode_714-517EX2,10017008,zika,,12,1,GCTCATGA-TGCATCTTACGC,0.679738562091503,5,1001700804_H22,12,0,5,5,ZIKV,12h,e:\Zika_antigravity\00_raw_data\GSE110496\GSM2994165_1001700804_H22_counts.tsv,6743,738745.0,24568.0,3.32564,0.02345122808501833,-0.3395351053726749,S,Low_ZIKV,0.08277636021375656
GSM2994166,huh7,Barcode_714-507EX2,10017008,zika,,12,1,GCTCATGA-TGCATACTCCTT,0,0,1001700804_H23,12,0,0,0,ZIKV,12h,e:\Zika_antigravity\00_raw_data\GSE110496\GSM2994166_1001700804_H23_counts.tsv,7068,775033.0,19565.0,2.5244088,0.0032869122866984665,-0.4262488475124525,S,Bystander_ZIKV,0.07704110443592072
GSM2994167,huh7,Barcode_714-518EX2,10017008,zika,,12,1,GCTCATGA-TGCACTTAATAG,0,0,1001700804_I4,12,0,0,0,ZIKV,12h,e:\Zika_antigravity\00_raw_data\GSE110496\GSM2994167_1001700804_I4_counts.tsv,7644,830538.0,21646.0,2.6062624,-0.1520133344101764,1.7331379631019321,G2M,Bystander_ZIKV,0.3358999788761139
GSM2994168,huh7,Barcode_714-508EX2,10017008,zika,,12,1,GCTCATGA-TGCAAGGCTTAG,2.65094339622642,17,1001700804_I6,12,0,17,17,ZIKV,12h,e:\Zika_antigravity\00_raw_data\GSE110496\GSM2994168_1001700804_I6_counts.tsv,7833,796839.0,21286.0,2.671305,-0.015623119163016478,0.6128800230574831,G2M,High_ZIKV,0.26631781458854675
GSM2994170,huh7,Barcode_714-510EX2,10017008,zika,,12,1,GCTCATGA-TGCAATTAGACG,0,0,1001700804_I11,12,0,0,0,ZIKV,12h,e:\Zika_antigravity\00_raw_data\GSE110496\GSM2994170_1001700804_I11_counts.tsv,4893,1.276264e+06,17260.0,1.3523848,-0.5250305813338075,0.3058000279532262,G2M,Bystander_ZIKV,0.11042749136686325
GSM2994171,huh7,Barcode_714-521EX2,10017008,zika,,12,1,GCTCATGA-TGCATAAGGCTC,0,0,1001700804_I15,12,0,0,0,ZIKV,12h,e:\Zika_antigravity\00_raw_data\GSE110496\GSM2994171_1001700804_I15_counts.tsv,6077,997047.0,2781.0,0.27892366,-0.4311395531165458,0.16232753770013197,G2M,Bystander_ZIKV,0.12170172482728958
GSM2994172,huh7,Barcode_714-511EX2,10017008,zika,,12,1,GCTCATGA-TGCACGGAGAGA,0,0,1001700804_I16,12,0,0,0,ZIKV,12h,e:\Zika_antigravity\00_raw_data\GSE110496\GSM2994172_1001700804_I16_counts.tsv,6927,825414.0,22623.0,2.7408063,-0.5752400775883524,0.04821459446407779,G2M,Bystander_ZIKV,0.06191329285502434
GSM2994173,huh7,Barcode_714-522EX2,10017008,zika,,12,1,GCTCATGA-TGCATCGCATAA,0,0,1001700804_I17,12,0,0,0,ZIKV,12h,e:\Zika_antigravity\00_raw_data\GSE110496\GSM2994173_1001700804_I17_counts.tsv,7072,765747.0,24914.0,3.2535548,-0.16779215066649378,0.4113305979057258,G2M,Bystander_ZIKV,0.2104412466287613
GSM2994174,huh7,Barcode_715-502EX2,10017008,zika,,12,1,ATCTCAGG-TGCAATAGAGAG,0.5744,17,1001700804_I18,12,0,17,17,ZIKV,12h,e:\Zika_antigravity\00_raw_data\GSE110496\GSM2994174_1001700804_I18_counts.tsv,7018,848909.0,28365.0,3.3413477,0.10849282206004968,0.022798109054536886,S,High_ZIKV,0.10464798659086227
GSM2994175,huh7,Barcode_715-513EX2,10017008,zika,,12,1,ATCTCAGG-TGCACTAGTCGA,0,0,1001700804_I19,12,0,0,0,ZIKV,12h,e:\Zika_antigravity\00_raw_data\GSE110496\GSM2994175_1001700804_I19_counts.tsv,7427,853573.0,29613.0,3.469299,-0.10944629863259339,0.46278775960818924,G2M,Bystander_ZIKV,0.16386911273002625
GSM2994176,huh7,Barcode_715-503EX2,10017008,zika,,12,1,ATCTCAGG-TGCAAGAGGATA,0,0,1001700804_I21,12,0,0,0,ZIKV,12h,e:\Zika_antigravity\00_raw_data\GSE110496\GSM2994176_1001700804_I21_counts.tsv,7697,874513.0,30719.0,3.512698,-0.03491187615519656,-0.2826380592619888,G1,Bystander_ZIKV,0.08818292617797852
GSM2994177,huh7,Barcode_715-515EX2,10017008,zika,,12,1,ATCTCAGG-TGCAAGCTAGAA,3.82323232323232,20,1001700804_I22,12,0,20,20,ZIKV,12h,e:\Zika_antigravity\00_raw_data\GSE110496\GSM2994177_1001700804_I22_counts.tsv,7112,685015.0,23879.0,3.485909,-0.15855902540442046,1.8132855537832138,G2M,High_ZIKV,0.3847507834434509
GSM2994178,huh7,Barcode_715-505EX2,10017008,zika,,12,1,ATCTCAGG-TGCACTCCTTAC,3.10144927536232,101,1001700804_J1,12,0,101,101,ZIKV,12h,e:\Zika_antigravity\00_raw_data\GSE110496\GSM2994178_1001700804_J1_counts.tsv,7704,937897.0,29839.0,3.1814795,0.48505939613539906,0.7368516759096964,G2M,High_ZIKV,0.19812165200710297
GSM2994179,huh7,Barcode_715-516EX2,10017008,zika,,12,1,ATCTCAGG-TGCAACTCTAGG,5.18796992481203,50,1001700804_J4,12,0,50,50,ZIKV,12h,e:\Zika_antigravity\00_raw_data\GSE110496\GSM2994179_1001700804_J4_counts.tsv,7403,774944.0,22963.0,2.9631817,0.15245219972497406,-0.33402025950798575,S,High_ZIKV,0.05591106787323952
GSM2994180,huh7,Barcode_715-506EX2,10017008,zika,,12,1,ATCTCAGG-TGCATATGCAGT,0,0,1001700804_J6,12,0,0,0,ZIKV,12h,e:\Zika_antigravity\00_raw_data\GSE110496\GSM2994180_1001700804_J6_counts.tsv,7690,743941.0,28892.0,3.8836412,-0.3207620055536695,-0.38314412052752694,G1,Bystander_ZIKV,0.09255227446556091
GSM2994181,huh7,Barcode_715-517EX2,10017008,zika,,12,1,ATCTCAGG-TGCATCTTACGC,17.3180076628352,95,1001700804_J11,12,0,95,95,ZIKV,12h,e:\Zika_antigravity\00_raw_data\GSE110496\GSM2994181_1001700804_J11_counts.tsv,7854,661401.0,20619.0,3.1174734,0.9015870316087136,0.2138830846421868,S,High_ZIKV,0.19276121258735657
GSM2994182,huh7,Barcode_715-507EX2,10017008,zika,,12,1,ATCTCAGG-TGCATACTCCTT,0,2,1001700804_J12,12,0,2,2,ZIKV,12h,e:\Zika_antigravity\00_raw_data\GSE110496\GSM2994182_1001700804_J12_counts.tsv,7536,783947.0,23261.0,2.9671648,0.43240982100722336,-0.3569735809806093,S,Low_ZIKV,0.07934990525245667
GSM2994183,huh7,Barcode_715-518EX2,10017008,zika,,12,1,ATCTCAGG-TGCACTTAATAG,1,7,1001700804_J15,12,0,7,7,ZIKV,12h,e:\Zika_antigravity\00_raw_data\GSE110496\GSM2994183_1001700804_J15_counts.tsv,7862,941065.0,25432.0,2.70247,1.0315226253546177,0.1135718227501338,S,Low_ZIKV,0.17570558190345764
GSM2994184,huh7,Barcode_715-508EX2,10017008,zika,,12,1,ATCTCAGG-TGCAAGGCTTAG,11.5075376884422,13,1001700804_J17,12,0,13,13,ZIKV,12h,e:\Zika_antigravity\00_raw_data\GSE110496\GSM2994184_1001700804_J17_counts.tsv,7645,773329.0,23156.0,2.994327,-0.3469221685314897,-0.6816620422581994,G1,High_ZIKV,0.2440797984600067
GSM2994185,huh7,Barcode_715-520EX2,10017008,zika,,12,1,ATCTCAGG-TGCAATAGCCTT,3.41605839416058,0,1001700804_J18,12,0,0,0,ZIKV,12h,e:\Zika_antigravity\00_raw_data\GSE110496\GSM2994185_1001700804_J18_counts.tsv,6655,1.063552e+06,21164.0,1.9899355,0.4975972713869331,0.5214003710612943,G2M,Bystander_ZIKV,0.17254255712032318
GSM2994187,huh7,Barcode_715-521EX2,10017008,zika,,12,1,ATCTCAGG-TGCATAAGGCTC,0,0,1001700804_K5,12,0,0,0,ZIKV,12h,e:\Zika_antigravity\00_raw_data\GSE110496\GSM2994187_1001700804_K5_counts.tsv,5688,1.159356e+06,34973.0,3.0165884,-0.3532551471942238,-0.3901106335641288,G1,Bystander_ZIKV,0.08719593286514282
GSM2994188,huh7,Barcode_715-511EX2,10017008,zika,,12,1,ATCTCAGG-TGCACGGAGAGA,0,0,1001700804_K6,12,0,0,0,ZIKV,12h,e:\Zika_antigravity\00_raw_data\GSE110496\GSM2994188_1001700804_K6_counts.tsv,7799,790320.0,27261.0,3.449362,-0.26016568412028607,-0.1117177773359792,G1,Bystander_ZIKV,0.14732098579406738
GSM2994189,huh7,Barcode_715-522EX2,10017008,zika,,12,1,ATCTCAGG-TGCATCGCATAA,0,5,1001700804_K11,12,0,5,5,ZIKV,12h,e:\Zika_antigravity\00_raw_data\GSE110496\GSM2994189_1001700804_K11_counts.tsv,6279,966788.0,28095.0,2.9060147,0.3260223701396691,-0.342022281231994,S,Low_ZIKV,0.07008977234363556
GSM2994190,huh7,Barcode_716-502EX2,10017008,zika,,12,1,ACTCGCTA-TGCAATAGAGAG,0.0672316384180791,0,1001700804_K12,12,0,0,0,ZIKV,12h,e:\Zika_antigravity\00_raw_data\GSE110496\GSM2994190_1001700804_K12_counts.tsv,7308,877064.0,39324.0,4.483595,-0.5307774822116785,-0.29583738567835977,G1,Bystander_ZIKV,0.08883928507566452
GSM2994191,huh7,Barcode_716-513EX2,10017008,zika,,12,1,ACTCGCTA-TGCACTAGTCGA,0,0,1001700804_K15,12,0,0,0,ZIKV,12h,e:\Zika_antigravity\00_raw_data\GSE110496\GSM2994191_1001700804_K15_counts.tsv,7341,866263.0,27148.0,3.1339214,-0.3083468283304856,0.005981529567580773,G2M,Bystander_ZIKV,0.11369980126619339
GSM2994192,huh7,Barcode_716-503EX2,10017008,zika,,12,1,ACTCGCTA-TGCAAGAGGATA,0,0,1001700804_K16,12,0,0,0,ZIKV,12h,e:\Zika_antigravity\00_raw_data\GSE110496\GSM2994192_1001700804_K16_counts.tsv,6954,771440.0,26582.0,3.4457638,-0.5194555647782094,-0.5986136759063637,G1,Bystander_ZIKV,0.11771021038293839
GSM2994193,huh7,Barcode_716-515EX2,10017008,zika,,12,1,ACTCGCTA-TGCAAGCTAGAA,2.86666666666667,12,1001700804_K17,12,0,12,12,ZIKV,12h,e:\Zika_antigravity\00_raw_data\GSE110496\GSM2994193_1001700804_K17_counts.tsv,7614,789988.0,20162.0,2.5521905,0.00047804954062614924,1.0847092675466983,G2M,High_ZIKV,0.3227302134037018
GSM2994194,huh7,Barcode_716-505EX2,10017008,zika,,12,1,ACTCGCTA-TGCACTCCTTAC,0,0,1001700804_L9,12,0,0,0,ZIKV,12h,e:\Zika_antigravity\00_raw_data\GSE110496\GSM2994194_1001700804_L9_counts.tsv,7307,735982.0,24310.0,3.30307,0.6679341540150788,-0.12331752476314956,S,Bystander_ZIKV,0.06718131899833679
GSM2994195,huh7,Barcode_716-516EX2,10017008,zika,,12,1,ACTCGCTA-TGCAACTCTAGG,0,0,1001700804_L10,12,0,0,0,ZIKV,12h,e:\Zika_antigravity\00_raw_data\GSE110496\GSM2994195_1001700804_L10_counts.tsv,7439,711527.0,25686.0,3.6099825,-0.5660420724501212,-0.44942362601409286,G1,Bystander_ZIKV,0.10931448638439178
GSM2994196,huh7,Barcode_716-506EX2,10017008,zika,,12,1,ACTCGCTA-TGCATATGCAGT,0,0,1001700804_L11,12,0,0,0,ZIKV,12h,e:\Zika_antigravity\00_raw_data\GSE110496\GSM2994196_1001700804_L11_counts.tsv,7860,1.078129e+06,29408.0,2.7276886,1.1542998869903387,0.4088733252937686,S,Bystander_ZIKV,0.21172471344470978
GSM2994198,huh7,Barcode_716-507EX2,10017008,zika,,12,1,ACTCGCTA-TGCATACTCCTT,0,0,1001700804_L16,12,0,0,0,ZIKV,12h,e:\Zika_antigravity\00_raw_data\GSE110496\GSM2994198_1001700804_L16_counts.tsv,7734,780469.0,26069.0,3.3401713,-0.025443889827112716,1.4152008934220885,G2M,Bystander_ZIKV,0.2997036874294281
GSM2994201,huh7,Barcode_716-520EX2,10017008,zika,,12,1,ACTCGCTA-TGCAATAGCCTT,0,0,1001700804_L22,12,0,0,0,ZIKV,12h,e:\Zika_antigravity\00_raw_data\GSE110496\GSM2994201_1001700804_L22_counts.tsv,7593,884262.0,24994.0,2.8265378,-0.2050473124110362,0.5957948348594535,G2M,Bystander_ZIKV,0.2645721137523651
GSM2994202,huh7,Barcode_716-510EX2,10017008,zika,,12,1,ACTCGCTA-TGCAATTAGACG,0,0,1001700804_M1,12,0,0,0,ZIKV,12h,e:\Zika_antigravity\00_raw_data\GSE110496\GSM2994202_1001700804_M1_counts.tsv,7189,1.154884e+06,44069.0,3.8158813,-0.30628986753345955,-0.45824059713566223,G1,Bystander_ZIKV,0.0865335464477539
GSM2994204,huh7,Barcode_716-511EX2,10017008,zika,,12,1,ACTCGCTA-TGCACGGAGAGA,0.0868098159509202,17,1001700804_M3,12,0,17,17,ZIKV,12h,e:\Zika_antigravity\00_raw_data\GSE110496\GSM2994204_1001700804_M3_counts.tsv,7476,1.126382e+06,32078.0,2.8478794,-0.4209402011596553,0.37144185340785774,G2M,High_ZIKV,0.22179873287677765
GSM2994205,huh7,Barcode_716-522EX2,10017008,zika,,12,1,ACTCGCTA-TGCATCGCATAA,1.87666666666667,72,1001700804_M8,12,0,72,72,ZIKV,12h,e:\Zika_antigravity\00_raw_data\GSE110496\GSM2994205_1001700804_M8_counts.tsv,7805,1.110148e+06,33464.0,3.0143728,0.6987146021155197,0.8754925609434551,G2M,High_ZIKV,0.2006489336490631
GSM2994206,huh7,Barcode_718-502EX2,10017008,zika,,12,1,GGAGCTAC-TGCAATAGAGAG,0.913793103448276,15,1001700804_M10,12,0,15,15,ZIKV,12h,e:\Zika_antigravity\00_raw_data\GSE110496\GSM2994206_1001700804_M10_counts.tsv,6872,957081.0,25662.0,2.6812778,-0.6490281161985227,-0.7170571059913614,G1,High_ZIKV,0.14239414036273956
GSM2994207,huh7,Barcode_718-513EX2,10017008,zika,,12,1,GGAGCTAC-TGCACTAGTCGA,5.09708737864078,126,1001700804_M15,12,0,126,126,ZIKV,12h,e:\Zika_antigravity\00_raw_data\GSE110496\GSM2994207_1001700804_M15_counts.tsv,7999,957463.0,42215.0,4.4090476,0.0629756047729946,1.3306689060590304,G2M,High_ZIKV,0.3460816442966461
GSM2994208,huh7,Barcode_718-503EX2,10017008,zika,,12,1,GGAGCTAC-TGCAAGAGGATA,0,0,1001700804_M23,12,0,0,0,ZIKV,12h,e:\Zika_antigravity\00_raw_data\GSE110496\GSM2994208_1001700804_M23_counts.tsv,7139,775869.0,19804.0,2.5524926,-0.005803344112687882,-0.5596336136800434,G1,Bystander_ZIKV,0.09476092457771301
GSM2994209,huh7,Barcode_718-515EX2,10017008,zika,,12,1,GGAGCTAC-TGCAAGCTAGAA,0,0,1001700804_N1,12,0,0,0,ZIKV,12h,e:\Zika_antigravity\00_raw_data\GSE110496\GSM2994209_1001700804_N1_counts.tsv,7783,1.178727e+06,37548.0,3.1854703,-0.329193337245046,-0.4151027487702793,G1,Bystander_ZIKV,0.06038488447666168
GSM2994210,huh7,Barcode_718-505EX2,10017008,zika,,12,1,GGAGCTAC-TGCACTCCTTAC,0,6,1001700804_N2,12,0,6,6,ZIKV,12h,e:\Zika_antigravity\00_raw_data\GSE110496\GSM2994210_1001700804_N2_counts.tsv,7575,854697.0,20540.0,2.4031909,-0.36736711761027224,-0.6043746067816692,G1,Low_ZIKV,0.12508870661258698
GSM2994211,huh7,Barcode_718-516EX2,10017008,zika,,12,1,GGAGCTAC-TGCAACTCTAGG,0,0,1001700804_N4,12,0,0,0,ZIKV,12h,e:\Zika_antigravity\00_raw_data\GSE110496\GSM2994211_1001700804_N4_counts.tsv,7956,1.044842e+06,27413.0,2.6236503,-0.2676998133017194,1.3748399297724763,G2M,Bystander_ZIKV,0.39933493733406067
GSM2994213,huh7,Barcode_718-517EX2,10017008,zika,,12,1,GGAGCTAC-TGCATCTTACGC,0,0,1001700804_N6,12,0,0,0,ZIKV,12h,e:\Zika_antigravity\00_raw_data\GSE110496\GSM2994213_1001700804_N6_counts.tsv,7030,770304.0,21665.0,2.812526,-0.2855508159225185,1.3734877197864805,G2M,Bystander_ZIKV,0.3945687711238861
GSM2994214,huh7,Barcode_718-507EX2,10017008,zika,,12,1,GGAGCTAC-TGCATACTCCTT,12.4686192468619,126,1001700804_N7,12,0,126,126,ZIKV,12h,e:\Zika_antigravity\00_raw_data\GSE110496\GSM2994214_1001700804_N7_counts.tsv,7578,813106.0,26928.0,3.3117454,0.7033446433255448,-0.1853814932369004,S,High_ZIKV,0.06585918366909027
GSM2994215,huh7,Barcode_718-518EX2,10017008,zika,,12,1,GGAGCTAC-TGCACTTAATAG,1.54705882352941,9,1001700804_N8,12,0,9,9,ZIKV,12h,e:\Zika_antigravity\00_raw_data\GSE110496\GSM2994215_1001700804_N8_counts.tsv,6908,1.098559e+06,24175.0,2.20061,-0.44803923490191144,-0.1241815902308141,G1,Low_ZIKV,0.06671150773763657
GSM2994216,huh7,Barcode_718-508EX2,10017008,zika,,12,1,GGAGCTAC-TGCAAGGCTTAG,0,0,1001700804_N10,12,0,0,0,ZIKV,12h,e:\Zika_antigravity\00_raw_data\GSE110496\GSM2994216_1001700804_N10_counts.tsv,7047,662921.0,20981.0,3.1649323,-0.28507527384374826,-0.08189134477514122,G1,Bystander_ZIKV,0.07474780082702637
GSM2994217,huh7,Barcode_718-520EX2,10017008,zika,,12,1,GGAGCTAC-TGCAATAGCCTT,0,0,1001700804_N11,12,0,0,0,ZIKV,12h,e:\Zika_antigravity\00_raw_data\GSE110496\GSM2994217_1001700804_N11_counts.tsv,7261,842500.0,16502.0,1.9586943,-0.27725590773015507,0.8028494961342283,G2M,Bystander_ZIKV,0.2964807450771332
GSM2994218,huh7,Barcode_718-510EX2,10017008,zika,,12,1,GGAGCTAC-TGCAATTAGACG,0,0,1001700804_N17,12,0,0,0,ZIKV,12h,e:\Zika_antigravity\00_raw_data\GSE110496\GSM2994218_1001700804_N17_counts.tsv,7448,890554.0,33419.0,3.7526078,-0.6413210235092611,-0.5006090838072803,G1,Bystander_ZIKV,0.09945502132177353
GSM2994219,huh7,Barcode_718-521EX2,10017008,zika,,12,1,GGAGCTAC-TGCATAAGGCTC,0,0,1001700804_N19,12,0,0,0,ZIKV,12h,e:\Zika_antigravity\00_raw_data\GSE110496\GSM2994219_1001700804_N19_counts.tsv,7895,1.006604e+06,33802.0,3.3580236,0.12267183104773895,-0.08000729287955415,S,Bystander_ZIKV,0.05549765005707741
GSM2994220,huh7,Barcode_718-511EX2,10017008,zika,,12,1,GGAGCTAC-TGCACGGAGAGA,2.03401360544218,42,1001700804_N22,12,0,42,42,ZIKV,12h,e:\Zika_antigravity\00_raw_data\GSE110496\GSM2994220_1001700804_N22_counts.tsv,6872,751776.0,25468.0,3.3877113,-0.5206943316695591,-0.4329400764829061,G1,High_ZIKV,0.07218607515096664
GSM2994221,huh7,Barcode_718-522EX2,10017008,zika,,12,1,GGAGCTAC-TGCATCGCATAA,0,0,1001700804_O3,12,0,0,0,ZIKV,12h,e:\Zika_antigravity\00_raw_data\GSE110496\GSM2994221_1001700804_O3_counts.tsv,6409,837399.0,30201.0,3.6065242,-0.3574267923654545,0.11754254955697635,G2M,Bystander_ZIKV,0.07846404612064362
GSM2994222,huh7,Barcode_719-502EX2,10017008,zika,,12,1,GCGTAGTA-TGCAATAGAGAG,0,0,1001700804_O4,12,0,0,0,ZIKV,12h,e:\Zika_antigravity\00_raw_data\GSE110496\GSM2994222_1001700804_O4_counts.tsv,6177,918769.0,23080.0,2.5120568,-0.2501208619436338,0.7161903540376409,G2M,Bystander_ZIKV,0.24506820738315582
GSM2994223,huh7,Barcode_719-513EX2,10017008,zika,,12,1,GCGTAGTA-TGCACTAGTCGA,1.18846153846154,1,1001700804_O8,12,0,1,1,ZIKV,12h,e:\Zika_antigravity\00_raw_data\GSE110496\GSM2994223_1001700804_O8_counts.tsv,7149,1.094463e+06,17309.0,1.5815063,-0.2525974968326323,-0.44418891188678583,G1,Low_ZIKV,0.060912229120731354
GSM2994224,huh7,Barcode_719-503EX2,10017008,zika,,12,1,GCGTAGTA-TGCAAGAGGATA,0,0,1001700804_O9,12,0,0,0,ZIKV,12h,e:\Zika_antigravity\00_raw_data\GSE110496\GSM2994224_1001700804_O9_counts.tsv,7824,879050.0,28437.0,3.2349694,0.5284453103540554,0.6172945066654324,G2M,Bystander_ZIKV,0.20819386839866638
GSM2994225,huh7,Barcode_719-515EX2,10017008,zika,,12,1,GCGTAGTA-TGCAAGCTAGAA,2.38775510204082,14,1001700804_O19,12,0,14,14,ZIKV,12h,e:\Zika_antigravity\00_raw_data\GSE110496\GSM2994225_1001700804_O19_counts.tsv,7621,688708.0,19615.0,2.8480866,-0.18692921553073186,1.061898156782196,G2M,High_ZIKV,0.264232337474823
GSM2994226,huh7,Barcode_719-505EX2,10017008,zika,,12,1,GCGTAGTA-TGCACTCCTTAC,1.38943894389439,3,1001700804_P3,12,0,3,3,ZIKV,12h,e:\Zika_antigravity\00_raw_data\GSE110496\GSM2994226_1001700804_P3_counts.tsv,6134,1.237506e+06,23020.0,1.860193,-0.2592888868757568,-0.4555120514971217,G1,Low_ZIKV,0.10397180914878845
GSM2994228,huh7,Barcode_719-506EX2,10017008,zika,,12,1,GCGTAGTA-TGCATATGCAGT,0.328173374613003,11,1001700804_P5,12,0,11,11,ZIKV,12h,e:\Zika_antigravity\00_raw_data\GSE110496\GSM2994228_1001700804_P5_counts.tsv,6892,1.018055e+06,20726.0,2.035843,-0.5455399143088254,-0.40064478550452215,G1,High_ZIKV,0.08865708112716675
GSM2994229,huh7,Barcode_719-517EX2,10017008,zika,,12,1,GCGTAGTA-TGCATCTTACGC,1.4804469273743,50,1001700804_P8,12,0,50,50,ZIKV,12h,e:\Zika_antigravity\00_raw_data\GSE110496\GSM2994229_1001700804_P8_counts.tsv,6154,849601.0,29310.0,3.4498546,-0.2167200655365984,-0.5448570541028245,G1,High_ZIKV,0.05951302498579025
GSM2994230,huh7,Barcode_719-507EX2,10017008,zika,,12,1,GCGTAGTA-TGCATACTCCTT,0,0,1001700804_P19,12,0,0,0,ZIKV,12h,e:\Zika_antigravity\00_raw_data\GSE110496\GSM2994230_1001700804_P19_counts.tsv,7674,738565.0,26843.0,3.6344805,-0.05634777825547471,1.4050648966339985,G2M,Bystander_ZIKV,0.27984294295310974
GSM2994232,huh7,Barcode_701-502EX3,10017008,zika,,24,0,TAAGGCGA-CTAGATAGAGAG,,0,1001700805_A8,24,0,0,0,Control,24h,e:\Zika_antigravity\00_raw_data\GSE110496\GSM2994232_1001700805_A8_counts.tsv,6716,404419.0,16217.0,4.00995,-0.6768268274054641,-0.5690843722521299,G1,Bystander_ZIKV,0.10832157731056213
GSM2994233,huh7,Barcode_701-513EX3,10017008,zika,,24,0,TAAGGCGA-CTAGCTAGTCGA,,0,1001700805_A10,24,0,0,0,Control,24h,e:\Zika_antigravity\00_raw_data\GSE110496\GSM2994233_1001700805_A10_counts.tsv,7205,583170.0,28129.0,4.823465,1.2159189633936398,0.0805139374193415,S,Bystander_ZIKV,0.1612781286239624
GSM2994234,huh7,Barcode_701-503EX3,10017008,zika,,24,0,TAAGGCGA-CTAGAGAGGATA,,0,1001700805_A12,24,0,0,0,Control,24h,e:\Zika_antigravity\00_raw_data\GSE110496\GSM2994234_1001700805_A12_counts.tsv,6916,575343.0,22810.0,3.9645915,1.1811845718905152,-0.3696046618636557,S,Bystander_ZIKV,0.18066491186618805
GSM2994235,huh7,Barcode_701-515EX3,10017008,zika,,24,0,TAAGGCGA-CTAGAGCTAGAA,,0,1001700805_A23,24,0,0,0,Control,24h,e:\Zika_antigravity\00_raw_data\GSE110496\GSM2994235_1001700805_A23_counts.tsv,7120,511886.0,17440.0,3.4070086,0.7258297892198676,0.44277803420619777,S,Bystander_ZIKV,0.22125296294689178
GSM2994236,huh7,Barcode_701-505EX3,10017008,zika,,24,0,TAAGGCGA-CTAGCTCCTTAC,,0,1001700805_B7,24,0,0,0,Control,24h,e:\Zika_antigravity\00_raw_data\GSE110496\GSM2994236_1001700805_B7_counts.tsv,7318,440669.0,14399.0,3.2675319,1.044411485035172,0.398736173367879,S,Bystander_ZIKV,0.2687073349952698
GSM2994237,huh7,Barcode_701-516EX3,10017008,zika,,24,0,TAAGGCGA-CTAGACTCTAGG,,0,1001700805_B8,24,0,0,0,Control,24h,e:\Zika_antigravity\00_raw_data\GSE110496\GSM2994237_1001700805_B8_counts.tsv,7170,385793.0,16660.0,4.318378,0.9452167018316686,0.12067341797083497,S,Bystander_ZIKV,0.1605372428894043
GSM2994238,huh7,Barcode_701-506EX3,10017008,zika,,24,0,TAAGGCGA-CTAGTATGCAGT,,0,1001700805_B9,24,0,0,0,Control,24h,e:\Zika_antigravity\00_raw_data\GSE110496\GSM2994238_1001700805_B9_counts.tsv,6897,604873.0,25830.0,4.2703176,1.439426543571088,0.20918502662376676,S,Bystander_ZIKV,0.1673944592475891
GSM2994239,huh7,Barcode_701-517EX3,10017008,zika,,24,0,TAAGGCGA-CTAGTCTTACGC,,0,1001700805_B10,24,0,0,0,Control,24h,e:\Zika_antigravity\00_raw_data\GSE110496\GSM2994239_1001700805_B10_counts.tsv,7619,334918.0,11292.0,3.3715713,0.7570768473980327,0.7058119596419681,S,Bystander_ZIKV,0.20917421579360962
GSM2994240,huh7,Barcode_701-507EX3,10017008,zika,,24,0,TAAGGCGA-CTAGTACTCCTT,,0,1001700805_B11,24,0,0,0,Control,24h,e:\Zika_antigravity\00_raw_data\GSE110496\GSM2994240_1001700805_B11_counts.tsv,7221,469275.0,17868.0,3.8075757,1.3341070787964522,0.29644320732512186,S,Bystander_ZIKV,0.16281314194202423
GSM2994241,huh7,Barcode_701-518EX3,10017008,zika,,24,0,TAAGGCGA-CTAGCTTAATAG,,0,1001700805_B13,24,0,0,0,Control,24h,e:\Zika_antigravity\00_raw_data\GSE110496\GSM2994241_1001700805_B13_counts.tsv,7723,421072.0,10718.0,2.545408,-0.7387019332587009,-0.5950113776115797,G1,Bystander_ZIKV,0.12120141834020615
GSM2994242,huh7,Barcode_701-508EX3,10017008,zika,,24,0,TAAGGCGA-CTAGAGGCTTAG,,0,1001700805_C3,24,0,0,0,Control,24h,e:\Zika_antigravity\00_raw_data\GSE110496\GSM2994242_1001700805_C3_counts.tsv,7393,427302.0,15575.0,3.644963,1.084977406834341,0.05353568205985959,S,Bystander_ZIKV,0.2711826264858246
GSM2994243,huh7,Barcode_701-520EX3,10017008,zika,,24,0,TAAGGCGA-CTAGATAGCCTT,,0,1001700805_C9,24,0,0,0,Control,24h,e:\Zika_antigravity\00_raw_data\GSE110496\GSM2994243_1001700805_C9_counts.tsv,7162,643106.0,23194.0,3.6065593,-0.24145446046078134,0.9761344758303362,G2M,Bystander_ZIKV,0.331124484539032
GSM2994244,huh7,Barcode_701-510EX3,10017008,zika,,24,0,TAAGGCGA-CTAGATTAGACG,,0,1001700805_C12,24,0,0,0,Control,24h,e:\Zika_antigravity\00_raw_data\GSE110496\GSM2994244_1001700805_C12_counts.tsv,7549,726789.0,25320.0,3.4838173,1.175268032794286,-0.2001778397857121,S,Bystander_ZIKV,0.20050325989723206
GSM2994245,huh7,Barcode_701-521EX3,10017008,zika,,24,0,TAAGGCGA-CTAGTAAGGCTC,,0,1001700805_C14,24,0,0,0,Control,24h,e:\Zika_antigravity\00_raw_data\GSE110496\GSM2994245_1001700805_C14_counts.tsv,7195,505270.0,23926.0,4.73529,-0.0004401924975571195,-0.15991519904131604,G1,Bystander_ZIKV,0.10163000226020813
GSM2994246,huh7,Barcode_701-511EX3,10017008,zika,,24,0,TAAGGCGA-CTAGCGGAGAGA,,0,1001700805_C17,24,0,0,0,Control,24h,e:\Zika_antigravity\00_raw_data\GSE110496\GSM2994246_1001700805_C17_counts.tsv,7137,672953.0,24864.0,3.6947603,-0.3382077775108406,0.37718166517512774,G2M,Bystander_ZIKV,0.19077081978321075
GSM2994247,huh7,Barcode_701-522EX3,10017008,zika,,24,0,TAAGGCGA-CTAGTCGCATAA,,0,1001700805_C18,24,0,0,0,Control,24h,e:\Zika_antigravity\00_raw_data\GSE110496\GSM2994247_1001700805_C18_counts.tsv,7081,658587.0,22689.0,3.445103,0.3306967874368032,-0.1282212565128711,S,Bystander_ZIKV,0.08710291236639023
GSM2994248,huh7,Barcode_702-502EX3,10017008,zika,,24,0,CGTACTAG-CTAGATAGAGAG,,0,1001700805_C24,24,0,0,0,Control,24h,e:\Zika_antigravity\00_raw_data\GSE110496\GSM2994248_1001700805_C24_counts.tsv,7591,385326.0,16515.0,4.285981,-0.19750316845851817,1.9542035183000486,G2M,Bystander_ZIKV,0.43113183975219727
GSM2994249,huh7,Barcode_702-513EX3,10017008,zika,,24,0,CGTACTAG-CTAGCTAGTCGA,,0,1001700805_D2,24,0,0,0,Control,24h,e:\Zika_antigravity\00_raw_data\GSE110496\GSM2994249_1001700805_D2_counts.tsv,7455,328873.0,10574.0,3.2152228,0.039109141352985585,0.06314269046778949,G2M,Bystander_ZIKV,0.2118174433708191
GSM2994250,huh7,Barcode_702-503EX3,10017008,zika,,24,0,CGTACTAG-CTAGAGAGGATA,,0,1001700805_D3,24,0,0,0,Control,24h,e:\Zika_antigravity\00_raw_data\GSE110496\GSM2994250_1001700805_D3_counts.tsv,7104,454822.0,13110.0,2.8824463,-0.41191674901083825,-0.5048883576505514,G1,Bystander_ZIKV,0.06834767758846283
GSM2994251,huh7,Barcode_702-515EX3,10017008,zika,,24,0,CGTACTAG-CTAGAGCTAGAA,,0,1001700805_D4,24,0,0,0,Control,24h,e:\Zika_antigravity\00_raw_data\GSE110496\GSM2994251_1001700805_D4_counts.tsv,7501,342932.0,12476.0,3.638039,0.6264133626639488,0.6966015692477172,G2M,Bystander_ZIKV,0.19692623615264893
GSM2994252,huh7,Barcode_702-505EX3,10017008,zika,,24,0,CGTACTAG-CTAGCTCCTTAC,,0,1001700805_D8,24,0,0,0,Control,24h,e:\Zika_antigravity\00_raw_data\GSE110496\GSM2994252_1001700805_D8_counts.tsv,7226,331892.0,10082.0,3.037735,1.2992274881429262,0.261398254311037,S,Bystander_ZIKV,0.21891248226165771
GSM2994253,huh7,Barcode_702-516EX3,10017008,zika,,24,0,CGTACTAG-CTAGACTCTAGG,,0,1001700805_D13,24,0,0,0,Control,24h,e:\Zika_antigravity\00_raw_data\GSE110496\GSM2994253_1001700805_D13_counts.tsv,6949,438706.0,16752.0,3.8185027,-0.2003585863304103,0.645582073086138,G2M,Bystander_ZIKV,0.17703968286514282
GSM2994254,huh7,Barcode_702-506EX3,10017008,zika,,24,0,CGTACTAG-CTAGTATGCAGT,,0,1001700805_D17,24,0,0,0,Control,24h,e:\Zika_antigravity\00_raw_data\GSE110496\GSM2994254_1001700805_D17_counts.tsv,7197,500230.0,18328.0,3.6639147,0.868159023951739,0.5615858201265314,S,Bystander_ZIKV,0.262563019990921
GSM2994255,huh7,Barcode_702-517EX3,10017008,zika,,24,0,CGTACTAG-CTAGTCTTACGC,,0,1001700805_D19,24,0,0,0,Control,24h,e:\Zika_antigravity\00_raw_data\GSE110496\GSM2994255_1001700805_D19_counts.tsv,6784,432921.0,15665.0,3.618443,0.3421726972042095,-0.36417099763032756,S,Bystander_ZIKV,0.04875049740076065
GSM2994256,huh7,Barcode_702-507EX3,10017008,zika,,24,0,CGTACTAG-CTAGTACTCCTT,,0,1001700805_D22,24,0,0,0,Control,24h,e:\Zika_antigravity\00_raw_data\GSE110496\GSM2994256_1001700805_D22_counts.tsv,7420,435674.0,14897.0,3.4192998,1.3119802491761567,0.5133090127950778,S,Bystander_ZIKV,0.25549423694610596
GSM2994257,huh7,Barcode_702-518EX3,10017008,zika,,24,0,CGTACTAG-CTAGCTTAATAG,,0,1001700805_D23,24,0,0,0,Control,24h,e:\Zika_antigravity\00_raw_data\GSE110496\GSM2994257_1001700805_D23_counts.tsv,7511,417714.0,15916.0,3.8102627,0.6671418918479632,-0.32126752746153314,S,Bystander_ZIKV,0.06735137850046158
GSM2994258,huh7,Barcode_702-508EX3,10017008,zika,,24,0,CGTACTAG-CTAGAGGCTTAG,,0,1001700805_E4,24,0,0,0,Control,24h,e:\Zika_antigravity\00_raw_data\GSE110496\GSM2994258_1001700805_E4_counts.tsv,7186,363680.0,14688.0,4.0387154,-0.11267457051934408,1.209478253226669,G2M,Bystander_ZIKV,0.3691442608833313
GSM2994259,huh7,Barcode_702-520EX3,10017008,zika,,24,0,CGTACTAG-CTAGATAGCCTT,,0,1001700805_E8,24,0,0,0,Control,24h,e:\Zika_antigravity\00_raw_data\GSE110496\GSM2994259_1001700805_E8_counts.tsv,7008,542824.0,24324.0,4.4810104,0.7512342158527602,-0.12300525225760406,S,Bystander_ZIKV,0.14700578153133392
GSM2994260,huh7,Barcode_702-510EX3,10017008,zika,,24,0,CGTACTAG-CTAGATTAGACG,,0,1001700805_E12,24,0,0,0,Control,24h,e:\Zika_antigravity\00_raw_data\GSE110496\GSM2994260_1001700805_E12_counts.tsv,6557,608419.0,22592.0,3.7132304,0.06556537909699338,-0.5134453679481479,S,Bystander_ZIKV,0.07854212820529938
GSM2994261,huh7,Barcode_702-521EX3,10017008,zika,,24,0,CGTACTAG-CTAGTAAGGCTC,,0,1001700805_E13,24,0,0,0,Control,24h,e:\Zika_antigravity\00_raw_data\GSE110496\GSM2994261_1001700805_E13_counts.tsv,7118,497739.0,22011.0,4.4221973,-0.4743353559679928,-0.5207912379527854,G1,Bystander_ZIKV,0.14252471923828125
GSM2994262,huh7,Barcode_702-511EX3,10017008,zika,,24,0,CGTACTAG-CTAGCGGAGAGA,,0,1001700805_E14,24,0,0,0,Control,24h,e:\Zika_antigravity\00_raw_data\GSE110496\GSM2994262_1001700805_E14_counts.tsv,7258,603796.0,13943.0,2.3092237,1.2672003020621128,-0.05963109593142281,S,Bystander_ZIKV,0.1525246500968933
GSM2994263,huh7,Barcode_702-522EX3,10017008,zika,,24,0,CGTACTAG-CTAGTCGCATAA,,0,1001700805_E15,24,0,0,0,Control,24h,e:\Zika_antigravity\00_raw_data\GSE110496\GSM2994263_1001700805_E15_counts.tsv,7407,565798.0,19067.0,3.3699307,0.4033362913045234,0.3445756620034767,S,Bystander_ZIKV,0.2518109083175659
GSM2994264,huh7,Barcode_703-502EX3,10017008,zika,,24,0,AGGCAGAA-CTAGATAGAGAG,,0,1001700805_E19,24,0,0,0,Control,24h,e:\Zika_antigravity\00_raw_data\GSE110496\GSM2994264_1001700805_E19_counts.tsv,6581,444183.0,17720.0,3.9893467,-0.25172018610340147,0.23557722451176166,G2M,Bystander_ZIKV,0.08828166872262955
GSM2994265,huh7,Barcode_703-513EX3,10017008,zika,,24,0,AGGCAGAA-CTAGCTAGTCGA,,0,1001700805_E20,24,0,0,0,Control,24h,e:\Zika_antigravity\00_raw_data\GSE110496\GSM2994265_1001700805_E20_counts.tsv,6758,495159.0,16743.0,3.381338,-0.005508014911763559,0.7941425990654251,G2M,Bystander_ZIKV,0.2717377245426178
GSM2994266,huh7,Barcode_703-503EX3,10017008,zika,,24,0,AGGCAGAA-CTAGAGAGGATA,,0,1001700805_E22,24,0,0,0,Control,24h,e:\Zika_antigravity\00_raw_data\GSE110496\GSM2994266_1001700805_E22_counts.tsv,6787,478192.0,22431.0,4.6907935,0.01954455749309134,0.5008412997342945,G2M,Bystander_ZIKV,0.15935859084129333
GSM2994267,huh7,Barcode_703-515EX3,10017008,zika,,24,0,AGGCAGAA-CTAGAGCTAGAA,,0,1001700805_F1,24,0,0,0,Control,24h,e:\Zika_antigravity\00_raw_data\GSE110496\GSM2994267_1001700805_F1_counts.tsv,5437,768598.0,29361.0,3.8200724,0.19232797029738624,-0.1780545139847106,S,Bystander_ZIKV,0.06768577545881271
GSM2994268,huh7,Barcode_703-505EX3,10017008,zika,,24,0,AGGCAGAA-CTAGCTCCTTAC,,0,1001700805_F3,24,0,0,0,Control,24h,e:\Zika_antigravity\00_raw_data\GSE110496\GSM2994268_1001700805_F3_counts.tsv,7907,461518.0,13906.0,3.0131004,0.9088937630499935,-0.2623621552239006,S,Bystander_ZIKV,0.13297142088413239
GSM2994269,huh7,Barcode_703-516EX3,10017008,zika,,24,0,AGGCAGAA-CTAGACTCTAGG,,0,1001700805_F5,24,0,0,0,Control,24h,e:\Zika_antigravity\00_raw_data\GSE110496\GSM2994269_1001700805_F5_counts.tsv,7406,591728.0,18248.0,3.0838494,0.8088640230973916,0.2556927572094404,S,Bystander_ZIKV,0.09885687381029129
GSM2994270,huh7,Barcode_703-506EX3,10017008,zika,,24,0,AGGCAGAA-CTAGTATGCAGT,,0,1001700805_F7,24,0,0,0,Control,24h,e:\Zika_antigravity\00_raw_data\GSE110496\GSM2994270_1001700805_F7_counts.tsv,7551,512914.0,18839.0,3.6729355,0.3456796868611231,-0.18058363678423806,S,Bystander_ZIKV,0.08244862407445908
GSM2994271,huh7,Barcode_703-517EX3,10017008,zika,,24,0,AGGCAGAA-CTAGTCTTACGC,,0,1001700805_F8,24,0,0,0,Control,24h,e:\Zika_antigravity\00_raw_data\GSE110496\GSM2994271_1001700805_F8_counts.tsv,7160,589146.0,17808.0,3.0226803,-0.2567605927919171,0.05809016874049473,G2M,Bystander_ZIKV,0.13710826635360718
GSM2994272,huh7,Barcode_703-507EX3,10017008,zika,,24,0,AGGCAGAA-CTAGTACTCCTT,,0,1001700805_F10,24,0,0,0,Control,24h,e:\Zika_antigravity\00_raw_data\GSE110496\GSM2994272_1001700805_F10_counts.tsv,7889,404707.0,14761.0,3.64733,-0.5337357869748736,-0.5312888245166794,G1,Bystander_ZIKV,0.1112944558262825
GSM2994273,huh7,Barcode_703-518EX3,10017008,zika,,24,0,AGGCAGAA-CTAGCTTAATAG,,0,1001700805_F17,24,0,0,0,Control,24h,e:\Zika_antigravity\00_raw_data\GSE110496\GSM2994273_1001700805_F17_counts.tsv,7223,552969.0,20944.0,3.787554,0.9727526142572364,-0.30451503890786874,S,Bystander_ZIKV,0.0646587386727333
GSM2994274,huh7,Barcode_703-508EX3,10017008,zika,,24,0,AGGCAGAA-CTAGAGGCTTAG,,0,1001700805_F18,24,0,0,0,Control,24h,e:\Zika_antigravity\00_raw_data\GSE110496\GSM2994274_1001700805_F18_counts.tsv,7450,487456.0,21955.0,4.5039964,-0.018597947124813108,-0.6099565719581691,G1,Bystander_ZIKV,0.10436325520277023
GSM2994275,huh7,Barcode_703-520EX3,10017008,zika,,24,0,AGGCAGAA-CTAGATAGCCTT,,0,1001700805_F22,24,0,0,0,Control,24h,e:\Zika_antigravity\00_raw_data\GSE110496\GSM2994275_1001700805_F22_counts.tsv,7423,447803.0,17309.0,3.8653157,0.49873849028677103,-0.2281313331675029,S,Bystander_ZIKV,0.0876198410987854
GSM2994276,huh7,Barcode_703-510EX3,10017008,zika,,24,0,AGGCAGAA-CTAGATTAGACG,,0,1001700805_F23,24,0,0,0,Control,24h,e:\Zika_antigravity\00_raw_data\GSE110496\GSM2994276_1001700805_F23_counts.tsv,7380,415486.0,11466.0,2.7596598,0.34502707885888717,-0.3574617557552133,S,Bystander_ZIKV,0.08081898093223572
GSM2994278,huh7,Barcode_703-511EX3,10017008,zika,,24,0,AGGCAGAA-CTAGCGGAGAGA,,0,1001700805_G3,24,0,0,0,Control,24h,e:\Zika_antigravity\00_raw_data\GSE110496\GSM2994278_1001700805_G3_counts.tsv,7079,572474.0,22447.0,3.9210513,-0.6293012151583319,-0.43859282865537513,G1,Bystander_ZIKV,0.1207241415977478
GSM2994279,huh7,Barcode_703-522EX3,10017008,zika,,24,0,AGGCAGAA-CTAGTCGCATAA,,0,1001700805_G5,24,0,0,0,Control,24h,e:\Zika_antigravity\00_raw_data\GSE110496\GSM2994279_1001700805_G5_counts.tsv,7216,809278.0,26107.0,3.2259622,0.818808516837834,-0.192125944289019,S,Bystander_ZIKV,0.08050655573606491
GSM2994280,huh7,Barcode_704-502EX3,10017008,zika,,24,0,TCCTGAGC-CTAGATAGAGAG,,0,1001700805_G9,24,0,0,0,Control,24h,e:\Zika_antigravity\00_raw_data\GSE110496\GSM2994280_1001700805_G9_counts.tsv,6921,671546.0,23251.0,3.4623094,-0.3135128463041924,0.8994321188222419,G2M,Bystander_ZIKV,0.28761428594589233
GSM2994282,huh7,Barcode_704-503EX3,10017008,zika,,24,0,TCCTGAGC-CTAGAGAGGATA,,0,1001700805_H4,24,0,0,0,Control,24h,e:\Zika_antigravity\00_raw_data\GSE110496\GSM2994282_1001700805_H4_counts.tsv,7349,415648.0,8984.0,2.1614444,-0.5259989672296104,0.599069255960376,G2M,Bystander_ZIKV,0.1733122617006302
GSM2994283,huh7,Barcode_704-515EX3,10017008,zika,,24,0,TCCTGAGC-CTAGAGCTAGAA,,0,1001700805_H10,24,0,0,0,Control,24h,e:\Zika_antigravity\00_raw_data\GSE110496\GSM2994283_1001700805_H10_counts.tsv,7132,432910.0,16178.0,3.7370353,1.3990549655520312,0.45911675668870977,S,Bystander_ZIKV,0.20447348058223724
GSM2994284,huh7,Barcode_704-505EX3,10017008,zika,,24,0,TCCTGAGC-CTAGCTCCTTAC,,0,1001700805_H19,24,0,0,0,Control,24h,e:\Zika_antigravity\00_raw_data\GSE110496\GSM2994284_1001700805_H19_counts.tsv,6292,514714.0,19707.0,3.8287282,-0.14290541044569444,0.711988040670773,G2M,Bystander_ZIKV,0.211054727435112
GSM2994285,huh7,Barcode_704-516EX3,10017008,zika,,24,0,TCCTGAGC-CTAGACTCTAGG,,0,1001700805_I1,24,0,0,0,Control,24h,e:\Zika_antigravity\00_raw_data\GSE110496\GSM2994285_1001700805_I1_counts.tsv,6774,563286.0,20853.0,3.702027,0.1823721685845937,-0.35730895267320273,S,Bystander_ZIKV,0.08176251500844955
GSM2994286,huh7,Barcode_704-506EX3,10017008,zika,,24,0,TCCTGAGC-CTAGTATGCAGT,,0,1001700805_I18,24,0,0,0,Control,24h,e:\Zika_antigravity\00_raw_data\GSE110496\GSM2994286_1001700805_I18_counts.tsv,6454,592456.0,23941.0,4.040975,-0.22901769221449894,0.02519143393402791,G2M,Bystander_ZIKV,0.08930213004350662
GSM2994287,huh7,Barcode_704-517EX3,10017008,zika,,24,0,TCCTGAGC-CTAGTCTTACGC,,0,1001700805_J12,24,0,0,0,Control,24h,e:\Zika_antigravity\00_raw_data\GSE110496\GSM2994287_1001700805_J12_counts.tsv,7546,547427.0,12961.0,2.3676217,-0.19461658301186702,0.9715441846783371,G2M,Bystander_ZIKV,0.29084980487823486
GSM2994288,huh7,Barcode_704-507EX3,10017008,zika,,24,0,TCCTGAGC-CTAGTACTCCTT,,0,1001700805_J15,24,0,0,0,Control,24h,e:\Zika_antigravity\00_raw_data\GSE110496\GSM2994288_1001700805_J15_counts.tsv,6989,434243.0,14022.0,3.2290676,-0.07008678337026919,0.12414076549297587,G2M,Bystander_ZIKV,0.19763168692588806
GSM2994289,huh7,Barcode_704-518EX3,10017008,zika,,24,0,TCCTGAGC-CTAGCTTAATAG,,0,1001700805_J16,24,0,0,0,Control,24h,e:\Zika_antigravity\00_raw_data\GSE110496\GSM2994289_1001700805_J16_counts.tsv,6814,500574.0,15693.0,3.135001,0.18697019686833732,-0.13563279033439601,S,Bystander_ZIKV,0.0759432464838028
GSM2994290,huh7,Barcode_704-508EX3,10017008,zika,,24,0,TCCTGAGC-CTAGAGGCTTAG,,0,1001700805_J17,24,0,0,0,Control,24h,e:\Zika_antigravity\00_raw_data\GSE110496\GSM2994290_1001700805_J17_counts.tsv,7122,400445.0,13425.0,3.3525202,-0.1564636256091208,1.3660111856588897,G2M,Bystander_ZIKV,0.3622349500656128
GSM2994291,huh7,Barcode_704-520EX3,10017008,zika,,24,0,TCCTGAGC-CTAGATAGCCTT,,0,1001700805_J19,24,0,0,0,Control,24h,e:\Zika_antigravity\00_raw_data\GSE110496\GSM2994291_1001700805_J19_counts.tsv,7326,471768.0,20047.0,4.2493343,0.5000619066613061,0.5435456396461621,G2M,Bystander_ZIKV,0.14946576952934265
GSM2994292,huh7,Barcode_704-510EX3,10017008,zika,,24,0,TCCTGAGC-CTAGATTAGACG,,0,1001700805_J21,24,0,0,0,Control,24h,e:\Zika_antigravity\00_raw_data\GSE110496\GSM2994292_1001700805_J21_counts.tsv,7312,623673.0,16997.0,2.7253063,-0.03756971100256557,0.7761845676290625,G2M,Bystander_ZIKV,0.2973441779613495
GSM2994293,huh7,Barcode_704-521EX3,10017008,zika,,24,0,TCCTGAGC-CTAGTAAGGCTC,,1,1001700805_K10,24,0,1,1,Control,24h,e:\Zika_antigravity\00_raw_data\GSE110496\GSM2994293_1001700805_K10_counts.tsv,7478,486197.0,19089.0,3.9261863,1.0696915844000787,0.5848835276338747,S,Low_ZIKV,0.2304617315530777
GSM2994294,huh7,Barcode_704-511EX3,10017008,zika,,24,0,TCCTGAGC-CTAGCGGAGAGA,,0,1001700805_K11,24,0,0,0,Control,24h,e:\Zika_antigravity\00_raw_data\GSE110496\GSM2994294_1001700805_K11_counts.tsv,7670,537499.0,19233.0,3.5782392,-0.000650635766907659,0.33801012025467325,G2M,Bystander_ZIKV,0.2695782780647278
GSM2994295,huh7,Barcode_704-522EX3,10017008,zika,,24,0,TCCTGAGC-CTAGTCGCATAA,,0,1001700805_K16,24,0,0,0,Control,24h,e:\Zika_antigravity\00_raw_data\GSE110496\GSM2994295_1001700805_K16_counts.tsv,7205,491413.0,16121.0,3.2805398,-0.22858091708095302,-0.22690569677604508,G1,Bystander_ZIKV,0.08461431413888931
GSM2994296,huh7,Barcode_705-502EX3,10017008,zika,,24,0,GGACTCCT-CTAGATAGAGAG,,0,1001700805_K20,24,0,0,0,Control,24h,e:\Zika_antigravity\00_raw_data\GSE110496\GSM2994296_1001700805_K20_counts.tsv,6872,490089.0,15901.0,3.2445128,0.29025333958810995,0.1589045356488185,S,Bystander_ZIKV,0.10560068488121033
GSM2994297,huh7,Barcode_705-513EX3,10017008,zika,,24,0,GGACTCCT-CTAGCTAGTCGA,,0,1001700805_K22,24,0,0,0,Control,24h,e:\Zika_antigravity\00_raw_data\GSE110496\GSM2994297_1001700805_K22_counts.tsv,7273,459007.0,16100.0,3.5075717,0.8877908334002963,0.24440738636888437,S,Bystander_ZIKV,0.07513154298067093
GSM2994298,huh7,Barcode_705-503EX3,10017008,zika,,24,0,GGACTCCT-CTAGAGAGGATA,,0,1001700805_L1,24,0,0,0,Control,24h,e:\Zika_antigravity\00_raw_data\GSE110496\GSM2994298_1001700805_L1_counts.tsv,6738,588026.0,21238.0,3.6117449,-0.11224815645255148,-0.41550784279317476,G1,Bystander_ZIKV,0.09664973616600037
GSM2994299,huh7,Barcode_705-515EX3,10017008,zika,,24,0,GGACTCCT-CTAGAGCTAGAA,,0,1001700805_L2,24,0,0,0,Control,24h,e:\Zika_antigravity\00_raw_data\GSE110496\GSM2994299_1001700805_L2_counts.tsv,7264,610020.0,13079.0,2.144028,-0.4422826970450669,1.0676399591587438,G2M,Bystander_ZIKV,0.33224087953567505
GSM2994300,huh7,Barcode_705-505EX3,10017008,zika,,24,0,GGACTCCT-CTAGCTCCTTAC,,0,1001700805_L4,24,0,0,0,Control,24h,e:\Zika_antigravity\00_raw_data\GSE110496\GSM2994300_1001700805_L4_counts.tsv,7122,447270.0,19671.0,4.3980145,1.0555867592271948,0.15130766060952824,S,Bystander_ZIKV,0.1225789487361908
GSM2994301,huh7,Barcode_705-516EX3,10017008,zika,,24,0,GGACTCCT-CTAGACTCTAGG,,0,1001700805_L5,24,0,0,0,Control,24h,e:\Zika_antigravity\00_raw_data\GSE110496\GSM2994301_1001700805_L5_counts.tsv,7062,613568.0,18683.0,3.0449762,0.29509393683679047,0.7195095582725323,G2M,Bystander_ZIKV,0.27301377058029175
GSM2994302,huh7,Barcode_705-506EX3,10017008,zika,,24,0,GGACTCCT-CTAGTATGCAGT,,0,1001700805_L9,24,0,0,0,Control,24h,e:\Zika_antigravity\00_raw_data\GSE110496\GSM2994302_1001700805_L9_counts.tsv,7401,413679.0,11072.0,2.6764712,-0.3053277658919493,0.31698775663515233,G2M,Bystander_ZIKV,0.18459086120128632
GSM2994304,huh7,Barcode_705-507EX3,10017008,zika,,24,0,GGACTCCT-CTAGTACTCCTT,,0,1001700805_L20,24,0,0,0,Control,24h,e:\Zika_antigravity\00_raw_data\GSE110496\GSM2994304_1001700805_L20_counts.tsv,7619,515150.0,13863.0,2.6910608,-0.39849851939805025,-0.44895769514122347,G1,Bystander_ZIKV,0.1023193970322609
GSM2994305,huh7,Barcode_705-518EX3,10017008,zika,,24,0,GGACTCCT-CTAGCTTAATAG,,0,1001700805_L21,24,0,0,0,Control,24h,e:\Zika_antigravity\00_raw_data\GSE110496\GSM2994305_1001700805_L21_counts.tsv,7627,578826.0,15603.0,2.695629,-0.056075939569356185,1.344150734637355,G2M,Bystander_ZIKV,0.32957616448402405
GSM2994306,huh7,Barcode_705-508EX3,10017008,zika,,24,0,GGACTCCT-CTAGAGGCTTAG,,0,1001700805_L23,24,0,0,0,Control,24h,e:\Zika_antigravity\00_raw_data\GSE110496\GSM2994306_1001700805_L23_counts.tsv,7080,545838.0,24201.0,4.433733,1.1282060737588575,0.11045383492988739,S,Bystander_ZIKV,0.15402959287166595
GSM2994307,huh7,Barcode_705-520EX3,10017008,zika,,24,0,GGACTCCT-CTAGATAGCCTT,,0,1001700805_M2,24,0,0,0,Control,24h,e:\Zika_antigravity\00_raw_data\GSE110496\GSM2994307_1001700805_M2_counts.tsv,6984,665301.0,25581.0,3.8450267,0.5195122834827218,-0.14231527161262436,S,Bystander_ZIKV,0.041465602815151215
GSM2994308,huh7,Barcode_705-510EX3,10017008,zika,,24,0,GGACTCCT-CTAGATTAGACG,,0,1001700805_M8,24,0,0,0,Control,24h,e:\Zika_antigravity\00_raw_data\GSE110496\GSM2994308_1001700805_M8_counts.tsv,7787,526391.0,21872.0,4.1550865,1.0084367034471748,0.5087316188349187,S,Bystander_ZIKV,0.18964198231697083
GSM2994309,huh7,Barcode_705-521EX3,10017008,zika,,24,0,GGACTCCT-CTAGTAAGGCTC,,0,1001700805_M10,24,0,0,0,Control,24h,e:\Zika_antigravity\00_raw_data\GSE110496\GSM2994309_1001700805_M10_counts.tsv,6656,531925.0,23100.0,4.342717,-0.4476945421081923,-0.4099398927184845,G1,Bystander_ZIKV,0.09583062678575516
GSM2994310,huh7,Barcode_705-511EX3,10017008,zika,,24,0,GGACTCCT-CTAGCGGAGAGA,,0,1001700805_M11,24,0,0,0,Control,24h,e:\Zika_antigravity\00_raw_data\GSE110496\GSM2994310_1001700805_M11_counts.tsv,7612,648975.0,19358.0,2.9828577,0.5981860730652919,-0.03544282099529841,S,Bystander_ZIKV,0.05807613208889961
GSM2994311,huh7,Barcode_705-522EX3,10017008,zika,,24,0,GGACTCCT-CTAGTCGCATAA,,0,1001700805_M14,24,0,0,0,Control,24h,e:\Zika_antigravity\00_raw_data\GSE110496\GSM2994311_1001700805_M14_counts.tsv,6799,647930.0,19190.0,2.9617398,0.30094774844418726,-0.14902900207630487,S,Bystander_ZIKV,0.07734908163547516
GSM2994312,huh7,Barcode_706-502EX3,10017008,zika,,24,0,TAGGCATG-CTAGATAGAGAG,,0,1001700805_M20,24,0,0,0,Control,24h,e:\Zika_antigravity\00_raw_data\GSE110496\GSM2994312_1001700805_M20_counts.tsv,7453,658778.0,23225.0,3.525467,-0.02759996837758947,-0.3173089958878632,G1,Bystander_ZIKV,0.055269721895456314
GSM2994313,huh7,Barcode_706-513EX3,10017008,zika,,24,0,TAGGCATG-CTAGCTAGTCGA,,0,1001700805_N5,24,0,0,0,Control,24h,e:\Zika_antigravity\00_raw_data\GSE110496\GSM2994313_1001700805_N5_counts.tsv,7805,640788.0,18596.0,2.902052,0.3674035713675299,-0.2877564075622474,S,Bystander_ZIKV,0.053672999143600464
GSM2994314,huh7,Barcode_706-503EX3,10017008,zika,,24,0,TAGGCATG-CTAGAGAGGATA,,0,1001700805_N7,24,0,0,0,Control,24h,e:\Zika_antigravity\00_raw_data\GSE110496\GSM2994314_1001700805_N7_counts.tsv,6801,526088.0,17730.0,3.3701587,0.2073622197977134,0.6691297951124157,G2M,Bystander_ZIKV,0.20911739766597748
GSM2994315,huh7,Barcode_706-515EX3,10017008,zika,,24,0,TAGGCATG-CTAGAGCTAGAA,,0,1001700805_N9,24,0,0,0,Control,24h,e:\Zika_antigravity\00_raw_data\GSE110496\GSM2994315_1001700805_N9_counts.tsv,7038,651064.0,18846.0,2.8946464,-0.18728327936093722,0.09562094946621072,G2M,Bystander_ZIKV,0.11355523020029068
GSM2994316,huh7,Barcode_706-505EX3,10017008,zika,,24,0,TAGGCATG-CTAGCTCCTTAC,,0,1001700805_N11,24,0,0,0,Control,24h,e:\Zika_antigravity\00_raw_data\GSE110496\GSM2994316_1001700805_N11_counts.tsv,7223,557840.0,17838.0,3.1976912,0.5008665807423226,0.6070167351175308,G2M,Bystander_ZIKV,0.23733076453208923
GSM2994317,huh7,Barcode_706-516EX3,10017008,zika,,24,0,TAGGCATG-CTAGACTCTAGG,,0,1001700805_N19,24,0,0,0,Control,24h,e:\Zika_antigravity\00_raw_data\GSE110496\GSM2994317_1001700805_N19_counts.tsv,6955,534117.0,15403.0,2.883825,-0.3928795067283014,0.07186915503870188,G2M,Bystander_ZIKV,0.12360430508852005
GSM2994318,huh7,Barcode_706-506EX3,10017008,zika,,24,0,TAGGCATG-CTAGTATGCAGT,,0,1001700805_N20,24,0,0,0,Control,24h,e:\Zika_antigravity\00_raw_data\GSE110496\GSM2994318_1001700805_N20_counts.tsv,6848,444512.0,17164.0,3.8613129,0.4851727197257181,-0.11976167418599916,S,Bystander_ZIKV,0.08190992474555969
GSM2994319,huh7,Barcode_706-517EX3,10017008,zika,,24,0,TAGGCATG-CTAGTCTTACGC,,0,1001700805_O2,24,0,0,0,Control,24h,e:\Zika_antigravity\00_raw_data\GSE110496\GSM2994319_1001700805_O2_counts.tsv,7689,743222.0,27746.0,3.733205,-0.4019447190664886,-0.17136253051786882,G1,Bystander_ZIKV,0.13160616159439087
GSM2994320,huh7,Barcode_706-507EX3,10017008,zika,,24,0,TAGGCATG-CTAGTACTCCTT,,0,1001700805_O4,24,0,0,0,Control,24h,e:\Zika_antigravity\00_raw_data\GSE110496\GSM2994320_1001700805_O4_counts.tsv,7047,363943.0,12733.0,3.4986246,0.24717232139248935,-0.19844203699840254,S,Bystander_ZIKV,0.0880323052406311
GSM2994321,huh7,Barcode_706-518EX3,10017008,zika,,24,0,TAGGCATG-CTAGCTTAATAG,,0,1001700805_O5,24,0,0,0,Control,24h,e:\Zika_antigravity\00_raw_data\GSE110496\GSM2994321_1001700805_O5_counts.tsv,6701,678216.0,24713.0,3.6438246,0.20135746559992965,1.1905281069490703,G2M,Bystander_ZIKV,0.2071903496980667
GSM2994322,huh7,Barcode_706-508EX3,10017008,zika,,24,0,TAGGCATG-CTAGAGGCTTAG,,0,1001700805_O6,24,0,0,0,Control,24h,e:\Zika_antigravity\00_raw_data\GSE110496\GSM2994322_1001700805_O6_counts.tsv,7400,541088.0,18721.0,3.4598808,0.6201696145276184,-0.2062392061749782,S,Bystander_ZIKV,0.07142265141010284
GSM2994323,huh7,Barcode_706-520EX3,10017008,zika,,24,0,TAGGCATG-CTAGATAGCCTT,,0,1001700805_O8,24,0,0,0,Control,24h,e:\Zika_antigravity\00_raw_data\GSE110496\GSM2994323_1001700805_O8_counts.tsv,7686,574019.0,18796.0,3.274456,0.512440389011144,-0.07838464723491811,S,Bystander_ZIKV,0.0685962438583374
GSM2994324,huh7,Barcode_706-510EX3,10017008,zika,,24,0,TAGGCATG-CTAGATTAGACG,,0,1001700805_O10,24,0,0,0,Control,24h,e:\Zika_antigravity\00_raw_data\GSE110496\GSM2994324_1001700805_O10_counts.tsv,6995,468009.0,17443.0,3.727065,-0.34488051726394114,-0.3617662318702188,G1,Bystander_ZIKV,0.07137667387723923
GSM2994325,huh7,Barcode_706-521EX3,10017008,zika,,24,0,TAGGCATG-CTAGTAAGGCTC,,0,1001700805_P1,24,0,0,0,Control,24h,e:\Zika_antigravity\00_raw_data\GSE110496\GSM2994325_1001700805_P1_counts.tsv,6796,910255.0,29697.0,3.2624922,0.5525171869767032,-0.3818297454308966,S,Bystander_ZIKV,0.06871084868907928
GSM2994326,huh7,Barcode_706-511EX3,10017008,zika,,24,0,TAGGCATG-CTAGCGGAGAGA,,0,1001700805_P3,24,0,0,0,Control,24h,e:\Zika_antigravity\00_raw_data\GSE110496\GSM2994326_1001700805_P3_counts.tsv,7774,586436.0,17838.0,3.0417643,0.4759800342266403,-0.2497012744916856,S,Bystander_ZIKV,0.08173952251672745
GSM2994327,huh7,Barcode_706-522EX3,10017008,zika,,24,0,TAGGCATG-CTAGTCGCATAA,,0,1001700805_P5,24,0,0,0,Control,24h,e:\Zika_antigravity\00_raw_data\GSE110496\GSM2994327_1001700805_P5_counts.tsv,7799,646685.0,27860.0,4.3081255,-0.1772794397547841,-0.5230869161469706,G1,Bystander_ZIKV,0.07582853734493256
GSM2994328,huh7,Barcode_707-502EX3,10017008,zika,,24,0,CTCTCTAC-CTAGATAGAGAG,,0,1001700805_P15,24,0,0,0,Control,24h,e:\Zika_antigravity\00_raw_data\GSE110496\GSM2994328_1001700805_P15_counts.tsv,7471,549058.0,16211.0,2.9525113,-0.03020301804035192,0.19514184593674855,G2M,Bystander_ZIKV,0.09860830754041672
GSM2994329,huh7,Barcode_707-513EX3,10017008,zika,,24,0,CTCTCTAC-CTAGCTAGTCGA,,0,1001700805_P16,24,0,0,0,Control,24h,e:\Zika_antigravity\00_raw_data\GSE110496\GSM2994329_1001700805_P16_counts.tsv,7687,417493.0,16773.0,4.0175524,0.17137847611724974,-0.12057416453410125,S,Bystander_ZIKV,0.0339360237121582
GSM2994330,huh7,Barcode_707-503EX3,10017008,zika,,24,0,CTCTCTAC-CTAGAGAGGATA,,1,1001700805_P18,24,0,1,1,Control,24h,e:\Zika_antigravity\00_raw_data\GSE110496\GSM2994330_1001700805_P18_counts.tsv,7941,647129.0,20662.0,3.1928718,0.741904656934951,-0.1355952149492499,S,Low_ZIKV,0.1017230898141861
GSM2994331,huh7,Barcode_707-515EX3,10017008,zika,,24,0,CTCTCTAC-CTAGAGCTAGAA,,2,1001700805_P21,24,0,2,2,Control,24h,e:\Zika_antigravity\00_raw_data\GSE110496\GSM2994331_1001700805_P21_counts.tsv,7757,656824.0,18362.0,2.795574,0.3492142330536375,-0.48293654030307936,S,Low_ZIKV,0.07177503407001495
GSM2994332,huh7,Barcode_707-505EX3,10017008,zika,,24,0,CTCTCTAC-CTAGCTCCTTAC,,2,1001700805_P23,24,0,2,2,Control,24h,e:\Zika_antigravity\00_raw_data\GSE110496\GSM2994332_1001700805_P23_counts.tsv,7141,566357.0,23504.0,4.1500325,0.6934121502385963,-0.2330226448435625,S,Low_ZIKV,0.05235719680786133
GSM2994333,huh7,Barcode_707-516EX3,10017008,zika,,24,1,CTCTCTAC-CTAGACTCTAGG,48.0864197530864,1922,1001700806_A1,24,0,1922,1922,ZIKV,24h,e:\Zika_antigravity\00_raw_data\GSE110496\GSM2994333_1001700806_A1_counts.tsv,7115,663619.0,24723.0,3.725481,0.01122254052177249,-0.6144705829959983,S,High_ZIKV,0.4233435094356537
GSM2994334,huh7,Barcode_707-506EX3,10017008,zika,,24,1,CTCTCTAC-CTAGTATGCAGT,8.96551724137931,259,1001700806_A2,24,0,259,259,ZIKV,24h,e:\Zika_antigravity\00_raw_data\GSE110496\GSM2994334_1001700806_A2_counts.tsv,7472,562403.0,23753.0,4.223484,-0.28353924616869247,1.4197451856970293,G2M,High_ZIKV,0.38448116183280945
GSM2994335,huh7,Barcode_707-517EX3,10017008,zika,,24,1,CTCTCTAC-CTAGTCTTACGC,0,3,1001700806_A7,24,0,3,3,ZIKV,24h,e:\Zika_antigravity\00_raw_data\GSE110496\GSM2994335_1001700806_A7_counts.tsv,7040,532560.0,13956.0,2.62055,-0.3861581059527539,0.06326664829814485,G2M,Low_ZIKV,0.14420105516910553
GSM2994336,huh7,Barcode_707-507EX3,10017008,zika,,24,1,CTCTCTAC-CTAGTACTCCTT,94.4,3172,1001700806_A8,24,0,3172,3172,ZIKV,24h,e:\Zika_antigravity\00_raw_data\GSE110496\GSM2994336_1001700806_A8_counts.tsv,7400,564845.0,16220.0,2.8715842,-0.46745391673452796,-0.6528671659198694,G1,High_ZIKV,0.6370398998260498
GSM2994338,huh7,Barcode_707-508EX3,10017008,zika,,24,1,CTCTCTAC-CTAGAGGCTTAG,0,0,1001700806_A15,24,0,0,0,ZIKV,24h,e:\Zika_antigravity\00_raw_data\GSE110496\GSM2994338_1001700806_A15_counts.tsv,7485,617217.0,16131.0,2.6135056,-0.08646462573891595,1.1974746339911337,G2M,Bystander_ZIKV,0.35220399498939514
GSM2994339,huh7,Barcode_707-520EX3,10017008,zika,,24,1,CTCTCTAC-CTAGATAGCCTT,39.5454545454545,2714,1001700806_A16,24,0,2714,2714,ZIKV,24h,e:\Zika_antigravity\00_raw_data\GSE110496\GSM2994339_1001700806_A16_counts.tsv,7019,600100.0,25472.0,4.244626,-0.2317881799280821,-0.5764073424484812,G1,High_ZIKV,0.49825969338417053
GSM2994340,huh7,Barcode_707-510EX3,10017008,zika,,24,1,CTCTCTAC-CTAGATTAGACG,2,12,1001700806_A18,24,0,12,12,ZIKV,24h,e:\Zika_antigravity\00_raw_data\GSE110496\GSM2994340_1001700806_A18_counts.tsv,7338,599072.0,21862.0,3.6493108,-0.08894007216606821,0.6714125807530358,G2M,High_ZIKV,0.24414710700511932
GSM2994341,huh7,Barcode_707-521EX3,10017008,zika,,24,1,CTCTCTAC-CTAGTAAGGCTC,96.6666666666667,2615,1001700806_A19,24,0,2615,2615,ZIKV,24h,e:\Zika_antigravity\00_raw_data\GSE110496\GSM2994341_1001700806_A19_counts.tsv,7667,556866.0,23344.0,4.192032,0.05417091572834622,-0.3484950300575518,S,High_ZIKV,0.4378340542316437
GSM2994342,huh7,Barcode_707-511EX3,10017008,zika,,24,1,CTCTCTAC-CTAGCGGAGAGA,0,0,1001700806_A22,24,0,0,0,ZIKV,24h,e:\Zika_antigravity\00_raw_data\GSE110496\GSM2994342_1001700806_A22_counts.tsv,7150,768310.0,27227.0,3.5437517,1.1863797344799552,0.3099964415699351,S,Bystander_ZIKV,0.20396581292152405
GSM2994343,huh7,Barcode_707-522EX3,10017008,zika,,24,1,CTCTCTAC-CTAGTCGCATAA,17.311320754717,523,1001700806_B1,24,0,523,523,ZIKV,24h,e:\Zika_antigravity\00_raw_data\GSE110496\GSM2994343_1001700806_B1_counts.tsv,7558,526933.0,26452.0,5.019993,0.7583836184371084,0.025154369275082494,S,High_ZIKV,0.2705517113208771
GSM2994344,huh7,Barcode_710-502EX3,10017008,zika,,24,1,CGAGGCTG-CTAGATAGAGAG,21.3475177304965,386,1001700806_B2,24,0,386,386,ZIKV,24h,e:\Zika_antigravity\00_raw_data\GSE110496\GSM2994344_1001700806_B2_counts.tsv,6766,589568.0,22871.0,3.879281,0.26073127645511357,-0.34725136849575416,S,High_ZIKV,0.05020662024617195
GSM2994345,huh7,Barcode_710-513EX3,10017008,zika,,24,1,CGAGGCTG-CTAGCTAGTCGA,0,1,1001700806_B7,24,0,1,1,ZIKV,24h,e:\Zika_antigravity\00_raw_data\GSE110496\GSM2994345_1001700806_B7_counts.tsv,7906,415322.0,15095.0,3.634529,1.4532594100816087,-0.002673889237026897,S,Low_ZIKV,0.19944362342357635
GSM2994346,huh7,Barcode_710-503EX3,10017008,zika,,24,1,CGAGGCTG-CTAGAGAGGATA,0,2,1001700806_B9,24,0,2,2,ZIKV,24h,e:\Zika_antigravity\00_raw_data\GSE110496\GSM2994346_1001700806_B9_counts.tsv,7317,407173.0,17844.0,4.3824124,1.0281355413297812,0.1109752157542351,S,Low_ZIKV,0.22321242094039917
GSM2994347,huh7,Barcode_710-515EX3,10017008,zika,,24,1,CGAGGCTG-CTAGAGCTAGAA,67.6785714285714,2854,1001700806_B10,24,0,2854,2854,ZIKV,24h,e:\Zika_antigravity\00_raw_data\GSE110496\GSM2994347_1001700806_B10_counts.tsv,7077,515204.0,21492.0,4.171551,-0.6980517091606522,-0.6475336655160658,G1,High_ZIKV,0.6818557381629944
GSM2994348,huh7,Barcode_710-505EX3,10017008,zika,,24,1,CGAGGCTG-CTAGCTCCTTAC,0,0,1001700806_B13,24,0,0,0,ZIKV,24h,e:\Zika_antigravity\00_raw_data\GSE110496\GSM2994348_1001700806_B13_counts.tsv,7163,737571.0,32023.0,4.3416834,0.2842063141166277,-0.47908784877239874,S,Bystander_ZIKV,0.06186369061470032
GSM2994349,huh7,Barcode_710-516EX3,10017008,zika,,24,1,CGAGGCTG-CTAGACTCTAGG,0,0,1001700806_B16,24,0,0,0,ZIKV,24h,e:\Zika_antigravity\00_raw_data\GSE110496\GSM2994349_1001700806_B16_counts.tsv,6940,350983.0,12295.0,3.5030186,-0.2700534509943931,0.991968255609798,G2M,Bystander_ZIKV,0.2981836795806885
GSM2994350,huh7,Barcode_710-506EX3,10017008,zika,,24,1,CGAGGCTG-CTAGTATGCAGT,10.0416666666667,240,1001700806_B17,24,0,240,240,ZIKV,24h,e:\Zika_antigravity\00_raw_data\GSE110496\GSM2994350_1001700806_B17_counts.tsv,7305,338537.0,14096.0,4.1637993,0.9471702010814277,0.014988687298772382,S,High_ZIKV,0.18733668327331543
GSM2994351,huh7,Barcode_710-517EX3,10017008,zika,,24,1,CGAGGCTG-CTAGTCTTACGC,5.12837837837838,22,1001700806_B18,24,0,22,22,ZIKV,24h,e:\Zika_antigravity\00_raw_data\GSE110496\GSM2994351_1001700806_B18_counts.tsv,6417,568441.0,21528.0,3.7872005,0.570485287949088,0.1279357599223912,S,High_ZIKV,0.0807584598660469
GSM2994353,huh7,Barcode_710-518EX3,10017008,zika,,24,1,CGAGGCTG-CTAGCTTAATAG,0,0,1001700806_C3,24,0,0,0,ZIKV,24h,e:\Zika_antigravity\00_raw_data\GSE110496\GSM2994353_1001700806_C3_counts.tsv,7098,488890.0,15021.0,3.0724702,-0.04781292965857402,-0.294340858419337,G1,Bystander_ZIKV,0.09803372621536255
GSM2994354,huh7,Barcode_710-508EX3,10017008,zika,,24,1,CGAGGCTG-CTAGAGGCTTAG,5.24309392265193,36,1001700806_C5,24,0,36,36,ZIKV,24h,e:\Zika_antigravity\00_raw_data\GSE110496\GSM2994354_1001700806_C5_counts.tsv,7261,380475.0,13258.0,3.4845915,0.4827729603896539,0.0038951917326797356,S,High_ZIKV,0.08506021648645401
GSM2994355,huh7,Barcode_710-520EX3,10017008,zika,,24,1,CGAGGCTG-CTAGATAGCCTT,0,0,1001700806_C8,24,0,0,0,ZIKV,24h,e:\Zika_antigravity\00_raw_data\GSE110496\GSM2994355_1001700806_C8_counts.tsv,7673,394718.0,13114.0,3.322372,-0.20770405781804585,2.210909597674134,G2M,Bystander_ZIKV,0.4380168914794922
GSM2994356,huh7,Barcode_710-510EX3,10017008,zika,,24,1,CGAGGCTG-CTAGATTAGACG,1.03389830508475,1,1001700806_C9,24,0,1,1,ZIKV,24h,e:\Zika_antigravity\00_raw_data\GSE110496\GSM2994356_1001700806_C9_counts.tsv,7143,564678.0,24564.0,4.3500896,0.24827246485344534,-0.2988156955126916,S,Low_ZIKV,0.07991570979356766
GSM2994357,huh7,Barcode_710-521EX3,10017008,zika,,24,1,CGAGGCTG-CTAGTAAGGCTC,91.304347826087,6408,1001700806_C10,24,0,6408,6408,ZIKV,24h,e:\Zika_antigravity\00_raw_data\GSE110496\GSM2994357_1001700806_C10_counts.tsv,6891,653034.0,24663.0,3.7766793,-0.5555311610212639,-0.2872810107189163,G1,High_ZIKV,0.5511599183082581
GSM2994358,huh7,Barcode_710-511EX3,10017008,zika,,24,1,CGAGGCTG-CTAGCGGAGAGA,49.622641509434,1693,1001700806_C12,24,0,1693,1693,ZIKV,24h,e:\Zika_antigravity\00_raw_data\GSE110496\GSM2994358_1001700806_C12_counts.tsv,7789,554305.0,22846.0,4.1215577,0.7176030908644732,-0.23103568517806197,S,High_ZIKV,0.4659457504749298
GSM2994359,huh7,Barcode_710-522EX3,10017008,zika,,24,1,CGAGGCTG-CTAGTCGCATAA,55.7258064516129,2452,1001700806_C14,24,0,2452,2452,ZIKV,24h,e:\Zika_antigravity\00_raw_data\GSE110496\GSM2994359_1001700806_C14_counts.tsv,7618,609048.0,22405.0,3.678692,1.1251629444659643,-0.17026503474801669,S,High_ZIKV,0.39814993739128113
GSM2994360,huh7,Barcode_711-502EX3,10017008,zika,,24,1,AAGAGGCA-CTAGATAGAGAG,0,0,1001700806_C17,24,0,0,0,ZIKV,24h,e:\Zika_antigravity\00_raw_data\GSE110496\GSM2994360_1001700806_C17_counts.tsv,6697,588044.0,24636.0,4.189482,-0.117399965506047,-0.2481259708635285,G1,Bystander_ZIKV,0.09680569171905518
GSM2994362,huh7,Barcode_711-503EX3,10017008,zika,,24,1,AAGAGGCA-CTAGAGAGGATA,0,0,1001700806_C22,24,0,0,0,ZIKV,24h,e:\Zika_antigravity\00_raw_data\GSE110496\GSM2994362_1001700806_C22_counts.tsv,7056,510607.0,21258.0,4.16328,0.7703667322262412,-0.24687072631618004,S,Bystander_ZIKV,0.06295612454414368
GSM2994363,huh7,Barcode_711-515EX3,10017008,zika,,24,1,AAGAGGCA-CTAGAGCTAGAA,10.5072463768116,753,1001700806_D3,24,0,753,753,ZIKV,24h,e:\Zika_antigravity\00_raw_data\GSE110496\GSM2994363_1001700806_D3_counts.tsv,7331,614854.0,17148.0,2.7889547,-0.3633212379490336,-0.41090215887209913,G1,High_ZIKV,0.2505759298801422
GSM2994364,huh7,Barcode_711-505EX3,10017008,zika,,24,1,AAGAGGCA-CTAGCTCCTTAC,62.4427480916031,2833,1001700806_D4,24,0,2833,2833,ZIKV,24h,e:\Zika_antigravity\00_raw_data\GSE110496\GSM2994364_1001700806_D4_counts.tsv,7533,429455.0,18976.0,4.4186234,-0.5268921758979559,-0.7391757023467393,G1,High_ZIKV,0.6198910474777222
GSM2994365,huh7,Barcode_711-516EX3,10017008,zika,,24,1,AAGAGGCA-CTAGACTCTAGG,6.93006993006993,168,1001700806_D5,24,0,168,168,ZIKV,24h,e:\Zika_antigravity\00_raw_data\GSE110496\GSM2994365_1001700806_D5_counts.tsv,6824,461032.0,19406.0,4.2092524,0.12310464591940952,0.6417888774508864,G2M,High_ZIKV,0.23065990209579468
GSM2994366,huh7,Barcode_711-506EX3,10017008,zika,,24,1,AAGAGGCA-CTAGTATGCAGT,0,0,1001700806_D8,24,0,0,0,ZIKV,24h,e:\Zika_antigravity\00_raw_data\GSE110496\GSM2994366_1001700806_D8_counts.tsv,7334,465166.0,11403.0,2.4513829,-0.32936264268078264,1.3343478682343348,G2M,Bystander_ZIKV,0.39337533712387085
GSM2994367,huh7,Barcode_711-517EX3,10017008,zika,,24,1,AAGAGGCA-CTAGTCTTACGC,0.216062176165803,3,1001700806_D13,24,0,3,3,ZIKV,24h,e:\Zika_antigravity\00_raw_data\GSE110496\GSM2994367_1001700806_D13_counts.tsv,7840,395519.0,13656.0,3.4526787,1.0208300679389921,0.04827062761357698,S,Low_ZIKV,0.14913742244243622
GSM2994368,huh7,Barcode_711-507EX3,10017008,zika,,24,1,AAGAGGCA-CTAGTACTCCTT,0,0,1001700806_D18,24,0,0,0,ZIKV,24h,e:\Zika_antigravity\00_raw_data\GSE110496\GSM2994368_1001700806_D18_counts.tsv,7442,520514.0,15993.0,3.0725398,1.397709428344942,0.8308057977906147,S,Bystander_ZIKV,0.22302080690860748
GSM2994370,huh7,Barcode_711-508EX3,10017008,zika,,24,1,AAGAGGCA-CTAGAGGCTTAG,0,0,1001700806_E1,24,0,0,0,ZIKV,24h,e:\Zika_antigravity\00_raw_data\GSE110496\GSM2994370_1001700806_E1_counts.tsv,7370,438587.0,16597.0,3.784198,-0.10906386508029842,1.646679214283212,G2M,Bystander_ZIKV,0.3935597538948059
GSM2994371,huh7,Barcode_711-520EX3,10017008,zika,,24,1,AAGAGGCA-CTAGATAGCCTT,41.006711409396,1762,1001700806_E2,24,0,1762,1762,ZIKV,24h,e:\Zika_antigravity\00_raw_data\GSE110496\GSM2994371_1001700806_E2_counts.tsv,7731,597228.0,21123.0,3.5368402,0.6928442853414232,0.06282935172341246,S,High_ZIKV,0.49711906909942627
GSM2994372,huh7,Barcode_711-510EX3,10017008,zika,,24,1,AAGAGGCA-CTAGATTAGACG,0,0,1001700806_E8,24,0,0,0,ZIKV,24h,e:\Zika_antigravity\00_raw_data\GSE110496\GSM2994372_1001700806_E8_counts.tsv,7295,622081.0,27103.0,4.3568277,1.345262111684618,0.00884276817800275,S,Bystander_ZIKV,0.20332975685596466
GSM2994373,huh7,Barcode_711-521EX3,10017008,zika,,24,1,AAGAGGCA-CTAGTAAGGCTC,80.4385964912281,4157,1001700806_E17,24,0,4157,4157,ZIKV,24h,e:\Zika_antigravity\00_raw_data\GSE110496\GSM2994373_1001700806_E17_counts.tsv,7447,619284.0,24074.0,3.8873925,0.8018515758615519,0.26614184920624534,S,High_ZIKV,0.5379064083099365
GSM2994374,huh7,Barcode_711-511EX3,10017008,zika,,24,1,AAGAGGCA-CTAGCGGAGAGA,28.4158415841584,3321,1001700806_F2,24,0,3321,3321,ZIKV,24h,e:\Zika_antigravity\00_raw_data\GSE110496\GSM2994374_1001700806_F2_counts.tsv,7617,632726.0,21675.0,3.4256532,-0.15755594363436104,-0.17022435457977703,G1,High_ZIKV,0.49733516573905945
GSM2994375,huh7,Barcode_711-522EX3,10017008,zika,,24,1,AAGAGGCA-CTAGTCGCATAA,0,1,1001700806_F3,24,0,1,1,ZIKV,24h,e:\Zika_antigravity\00_raw_data\GSE110496\GSM2994375_1001700806_F3_counts.tsv,7197,786291.0,27880.0,3.545761,0.3126269975045164,-0.1129635624264156,S,Low_ZIKV,0.08958589285612106
GSM2994376,huh7,Barcode_712-502EX3,10017008,zika,,24,1,GTAGAGGA-CTAGATAGAGAG,66.6935483870968,2053,1001700806_F4,24,0,2053,2053,ZIKV,24h,e:\Zika_antigravity\00_raw_data\GSE110496\GSM2994376_1001700806_F4_counts.tsv,7119,408687.0,20597.0,5.0397983,-0.16294671291751522,0.019654693418698185,G2M,High_ZIKV,0.3103346824645996
GSM2994377,huh7,Barcode_712-513EX3,10017008,zika,,24,1,GTAGAGGA-CTAGCTAGTCGA,33.3774834437086,1843,1001700806_F8,24,0,1843,1843,ZIKV,24h,e:\Zika_antigravity\00_raw_data\GSE110496\GSM2994377_1001700806_F8_counts.tsv,6580,768070.0,30081.0,3.9164398,-0.10910160016002399,-0.4318529457342504,G1,High_ZIKV,0.4954169988632202
GSM2994378,huh7,Barcode_712-503EX3,10017008,zika,,24,1,GTAGAGGA-CTAGAGAGGATA,0,0,1001700806_F11,24,0,0,0,ZIKV,24h,e:\Zika_antigravity\00_raw_data\GSE110496\GSM2994378_1001700806_F11_counts.tsv,7332,770211.0,18662.0,2.4229724,0.9745959774391459,-0.16924390334258077,S,Bystander_ZIKV,0.15621383488178253
GSM2994379,huh7,Barcode_712-515EX3,10017008,zika,,24,1,GTAGAGGA-CTAGAGCTAGAA,6.67857142857143,214,1001700806_F12,24,0,214,214,ZIKV,24h,e:\Zika_antigravity\00_raw_data\GSE110496\GSM2994379_1001700806_F12_counts.tsv,7529,618226.0,22535.0,3.6451073,-0.12703622935029368,1.3142121874643038,G2M,High_ZIKV,0.4100724458694458
GSM2994380,huh7,Barcode_712-505EX3,10017008,zika,,24,1,GTAGAGGA-CTAGCTCCTTAC,0,0,1001700806_F13,24,0,0,0,ZIKV,24h,e:\Zika_antigravity\00_raw_data\GSE110496\GSM2994380_1001700806_F13_counts.tsv,6229,625515.0,16912.0,2.7036922,-0.18607026760665968,0.728656922716652,G2M,Bystander_ZIKV,0.23609782755374908
GSM2994381,huh7,Barcode_712-516EX3,10017008,zika,,24,1,GTAGAGGA-CTAGACTCTAGG,0,0,1001700806_G2,24,0,0,0,ZIKV,24h,e:\Zika_antigravity\00_raw_data\GSE110496\GSM2994381_1001700806_G2_counts.tsv,6413,529641.0,16218.0,3.0620742,-0.1869970853773079,0.2635466948932495,G2M,Bystander_ZIKV,0.1431002914905548
GSM2994382,huh7,Barcode_712-506EX3,10017008,zika,,24,1,GTAGAGGA-CTAGTATGCAGT,64.9006622516556,3159,1001700806_G4,24,0,3159,3159,ZIKV,24h,e:\Zika_antigravity\00_raw_data\GSE110496\GSM2994382_1001700806_G4_counts.tsv,7029,567815.0,22387.0,3.9426572,-0.4722833834588528,-0.5272619077753717,G1,High_ZIKV,0.6050117611885071
GSM2994383,huh7,Barcode_712-517EX3,10017008,zika,,24,1,GTAGAGGA-CTAGTCTTACGC,0,0,1001700806_G11,24,0,0,0,ZIKV,24h,e:\Zika_antigravity\00_raw_data\GSE110496\GSM2994383_1001700806_G11_counts.tsv,7746,460839.0,12104.0,2.626514,-0.06482903467313875,0.7790267267248727,G2M,Bystander_ZIKV,0.30376574397087097
GSM2994384,huh7,Barcode_712-507EX3,10017008,zika,,24,1,GTAGAGGA-CTAGTACTCCTT,9.64401294498382,1782,1001700806_G12,24,0,1782,1782,ZIKV,24h,e:\Zika_antigravity\00_raw_data\GSE110496\GSM2994384_1001700806_G12_counts.tsv,7682,821781.0,28073.0,3.416117,1.1892077471883524,0.4529474404510773,S,High_ZIKV,0.26712557673454285
GSM2994385,huh7,Barcode_712-518EX3,10017008,zika,,24,1,GTAGAGGA-CTAGCTTAATAG,0,0,1001700806_G13,24,0,0,0,ZIKV,24h,e:\Zika_antigravity\00_raw_data\GSE110496\GSM2994385_1001700806_G13_counts.tsv,7449,609176.0,17753.0,2.9142644,-0.06573371568769548,1.0247698460071661,G2M,Bystander_ZIKV,0.27854591608047485
GSM2994386,huh7,Barcode_712-508EX3,10017008,zika,,24,1,GTAGAGGA-CTAGAGGCTTAG,0.490070921985816,0,1001700806_G18,24,0,0,0,ZIKV,24h,e:\Zika_antigravity\00_raw_data\GSE110496\GSM2994386_1001700806_G18_counts.tsv,7351,617183.0,19663.0,3.1859272,0.1968169212673924,-0.12323448536545095,S,Bystander_ZIKV,0.0821305438876152
GSM2994387,huh7,Barcode_712-520EX3,10017008,zika,,24,1,GTAGAGGA-CTAGATAGCCTT,32.0833333333333,1244,1001700806_H13,24,0,1244,1244,ZIKV,24h,e:\Zika_antigravity\00_raw_data\GSE110496\GSM2994387_1001700806_H13_counts.tsv,7725,527804.0,20141.0,3.816,-0.14659336164394127,1.1635014186423458,G2M,High_ZIKV,0.2738787829875946
GSM2994388,huh7,Barcode_712-510EX3,10017008,zika,,24,1,GTAGAGGA-CTAGATTAGACG,1.01915708812261,6,1001700806_H14,24,0,6,6,ZIKV,24h,e:\Zika_antigravity\00_raw_data\GSE110496\GSM2994388_1001700806_H14_counts.tsv,7774,563890.0,23323.0,4.1360903,0.7315154374920807,-0.12191069762299817,S,Low_ZIKV,0.09908392280340195
GSM2994390,huh7,Barcode_712-511EX3,10017008,zika,,24,1,GTAGAGGA-CTAGCGGAGAGA,0,0,1001700806_H20,24,0,0,0,ZIKV,24h,e:\Zika_antigravity\00_raw_data\GSE110496\GSM2994390_1001700806_H20_counts.tsv,7549,570365.0,16318.0,2.860975,-0.4840541795339613,-0.10632977920272987,G1,Bystander_ZIKV,0.12469525635242462
GSM2994391,huh7,Barcode_712-522EX3,10017008,zika,,24,1,GTAGAGGA-CTAGTCGCATAA,20.3436426116838,3972,1001700806_I1,24,0,3972,3972,ZIKV,24h,e:\Zika_antigravity\00_raw_data\GSE110496\GSM2994391_1001700806_I1_counts.tsv,7128,668907.0,30586.0,4.5725336,-0.3467349858599759,-0.40058329544072085,G1,High_ZIKV,0.5505908727645874
GSM2994392,huh7,Barcode_714-502EX3,10017008,zika,,24,1,GCTCATGA-CTAGATAGAGAG,5.35545023696683,109,1001700806_I2,24,0,109,109,ZIKV,24h,e:\Zika_antigravity\00_raw_data\GSE110496\GSM2994392_1001700806_I2_counts.tsv,7450,621028.0,23518.0,3.7869468,0.7456916863586576,-0.07623801589822164,S,High_ZIKV,0.08115134388208389
GSM2994393,huh7,Barcode_714-513EX3,10017008,zika,,24,1,GCTCATGA-CTAGCTAGTCGA,2.73429951690821,0,1001700806_I3,24,0,0,0,ZIKV,24h,e:\Zika_antigravity\00_raw_data\GSE110496\GSM2994393_1001700806_I3_counts.tsv,7159,678909.0,17294.0,2.5473223,-0.712024800096073,-0.19730228413361056,G1,Bystander_ZIKV,0.08689592033624649
GSM2994394,huh7,Barcode_714-503EX3,10017008,zika,,24,1,GCTCATGA-CTAGAGAGGATA,52.5396825396825,2161,1001700806_I4,24,0,2161,2161,ZIKV,24h,e:\Zika_antigravity\00_raw_data\GSE110496\GSM2994394_1001700806_I4_counts.tsv,7087,525357.0,20683.0,3.9369419,-0.09475966919923114,-0.35420380371822247,G1,High_ZIKV,0.5823171734809875
GSM2994395,huh7,Barcode_714-515EX3,10017008,zika,,24,1,GCTCATGA-CTAGAGCTAGAA,26.0185185185185,882,1001700806_I8,24,0,882,882,ZIKV,24h,e:\Zika_antigravity\00_raw_data\GSE110496\GSM2994395_1001700806_I8_counts.tsv,7225,696129.0,19391.0,2.7855468,-0.6349303626499715,-0.677962706012008,G1,High_ZIKV,0.30225029587745667
GSM2994396,huh7,Barcode_714-505EX3,10017008,zika,,24,1,GCTCATGA-CTAGCTCCTTAC,92.3076923076923,4970,1001700806_I15,24,0,4970,4970,ZIKV,24h,e:\Zika_antigravity\00_raw_data\GSE110496\GSM2994396_1001700806_I15_counts.tsv,7852,483791.0,15973.0,3.3016324,-0.36059314356229843,-0.5495725393389761,G1,High_ZIKV,0.7234034538269043
GSM2994397,huh7,Barcode_714-516EX3,10017008,zika,,24,1,GCTCATGA-CTAGACTCTAGG,0,0,1001700806_I17,24,0,0,0,ZIKV,24h,e:\Zika_antigravity\00_raw_data\GSE110496\GSM2994397_1001700806_I17_counts.tsv,7216,467731.0,12108.0,2.5886674,-0.38685816533508754,1.5942057927975095,G2M,Bystander_ZIKV,0.3515341877937317
GSM2994398,huh7,Barcode_714-506EX3,10017008,zika,,24,1,GCTCATGA-CTAGTATGCAGT,0,0,1001700806_I19,24,0,0,0,ZIKV,24h,e:\Zika_antigravity\00_raw_data\GSE110496\GSM2994398_1001700806_I19_counts.tsv,7351,535590.0,16386.0,3.05943,0.6557979200567519,-0.23716508085207816,S,Bystander_ZIKV,0.07075346261262894
GSM2994399,huh7,Barcode_714-517EX3,10017008,zika,,24,1,GCTCATGA-CTAGTCTTACGC,116.521739130435,4637,1001700806_I20,24,0,4637,4637,ZIKV,24h,e:\Zika_antigravity\00_raw_data\GSE110496\GSM2994399_1001700806_I20_counts.tsv,7672,546138.0,22097.0,4.046047,0.14797442421051005,0.6999959404698173,G2M,High_ZIKV,0.7700064778327942
GSM2994400,huh7,Barcode_714-507EX3,10017008,zika,,24,1,GCTCATGA-CTAGTACTCCTT,6.84285714285714,110,1001700806_I22,24,0,110,110,ZIKV,24h,e:\Zika_antigravity\00_raw_data\GSE110496\GSM2994400_1001700806_I22_counts.tsv,6928,514769.0,18224.0,3.5402286,0.13690807400271296,-0.32569403231538974,S,High_ZIKV,0.08382316678762436
GSM2994401,huh7,Barcode_714-518EX3,10017008,zika,,24,1,GCTCATGA-CTAGCTTAATAG,0.000786492374727669,3,1001700806_J1,24,0,3,3,ZIKV,24h,e:\Zika_antigravity\00_raw_data\GSE110496\GSM2994401_1001700806_J1_counts.tsv,7360,866358.0,30672.0,3.5403378,-0.15829591297529294,-0.2495435825784537,G1,Low_ZIKV,0.06958364695310593
GSM2994402,huh7,Barcode_714-508EX3,10017008,zika,,24,1,GCTCATGA-CTAGAGGCTTAG,67.1666666666667,4175,1001700806_J2,24,0,4175,4175,ZIKV,24h,e:\Zika_antigravity\00_raw_data\GSE110496\GSM2994402_1001700806_J2_counts.tsv,7676,573480.0,16945.0,2.9547675,-0.7219380362003687,-0.6912877565095353,G1,High_ZIKV,0.6302117109298706
GSM2994403,huh7,Barcode_714-520EX3,10017008,zika,,24,1,GCTCATGA-CTAGATAGCCTT,0,0,1001700806_J7,24,0,0,0,ZIKV,24h,e:\Zika_antigravity\00_raw_data\GSE110496\GSM2994403_1001700806_J7_counts.tsv,5459,704804.0,21774.0,3.0893695,-0.38764010005674904,1.3418289452870846,G2M,Bystander_ZIKV,0.24571850895881653
GSM2994404,huh7,Barcode_714-510EX3,10017008,zika,,24,1,GCTCATGA-CTAGATTAGACG,24.64,1219,1001700806_J8,24,0,1219,1219,ZIKV,24h,e:\Zika_antigravity\00_raw_data\GSE110496\GSM2994404_1001700806_J8_counts.tsv,7383,542073.0,17404.0,3.2106378,1.2679205657559491,0.20773459757107943,S,High_ZIKV,0.28908416628837585
GSM2994405,huh7,Barcode_714-521EX3,10017008,zika,,24,1,GCTCATGA-CTAGTAAGGCTC,54.392523364486,1416,1001700806_J9,24,0,1416,1416,ZIKV,24h,e:\Zika_antigravity\00_raw_data\GSE110496\GSM2994405_1001700806_J9_counts.tsv,7655,593423.0,21072.0,3.550924,-0.5849246632008414,-0.517619698899761,G1,High_ZIKV,0.5046256184577942
GSM2994406,huh7,Barcode_714-511EX3,10017008,zika,,24,1,GCTCATGA-CTAGCGGAGAGA,46.0526315789474,2321,1001700806_J11,24,0,2321,2321,ZIKV,24h,e:\Zika_antigravity\00_raw_data\GSE110496\GSM2994406_1001700806_J11_counts.tsv,7792,471536.0,14030.0,2.9753826,-0.3574705209139557,-0.14774746873161698,G1,High_ZIKV,0.6915377378463745
GSM2994407,huh7,Barcode_714-522EX3,10017008,zika,,24,1,GCTCATGA-CTAGTCGCATAA,0,0,1001700806_J13,24,0,0,0,ZIKV,24h,e:\Zika_antigravity\00_raw_data\GSE110496\GSM2994407_1001700806_J13_counts.tsv,7602,670329.0,17408.0,2.5969338,-0.023070322429495197,-0.08223629771534711,G1,Bystander_ZIKV,0.054517168551683426
GSM2994408,huh7,Barcode_715-502EX3,10017008,zika,,24,1,ATCTCAGG-CTAGATAGAGAG,4.21911421911422,396,1001700806_K1,24,0,396,396,ZIKV,24h,e:\Zika_antigravity\00_raw_data\GSE110496\GSM2994408_1001700806_K1_counts.tsv,6944,662289.0,19850.0,2.997181,-0.24920918882181425,0.224593018233604,G2M,High_ZIKV,0.2503167986869812
GSM2994409,huh7,Barcode_715-513EX3,10017008,zika,,24,1,ATCTCAGG-CTAGCTAGTCGA,2.19620253164557,3,1001700806_K2,24,0,3,3,ZIKV,24h,e:\Zika_antigravity\00_raw_data\GSE110496\GSM2994409_1001700806_K2_counts.tsv,7197,698345.0,20105.0,2.8789496,-0.2430486870064799,-0.2471950304946499,G1,Low_ZIKV,0.06014952063560486
GSM2994410,huh7,Barcode_715-503EX3,10017008,zika,,24,1,ATCTCAGG-CTAGAGAGGATA,3.70481927710843,407,1001700806_L1,24,0,407,407,ZIKV,24h,e:\Zika_antigravity\00_raw_data\GSE110496\GSM2994410_1001700806_L1_counts.tsv,7073,868185.0,33660.0,3.8770537,-0.10823512099505889,-0.3530728834797664,G1,High_ZIKV,0.08945964276790619
GSM2994411,huh7,Barcode_715-515EX3,10017008,zika,,24,1,ATCTCAGG-CTAGAGCTAGAA,37.8977272727273,4076,1001700806_L2,24,0,4076,4076,ZIKV,24h,e:\Zika_antigravity\00_raw_data\GSE110496\GSM2994411_1001700806_L2_counts.tsv,7184,703843.0,21982.0,3.1231396,-0.18016711234536376,-0.16727409327359613,G1,High_ZIKV,0.5380632281303406
GSM2994412,huh7,Barcode_715-505EX3,10017008,zika,,24,1,ATCTCAGG-CTAGCTCCTTAC,0,0,1001700806_L3,24,0,0,0,ZIKV,24h,e:\Zika_antigravity\00_raw_data\GSE110496\GSM2994412_1001700806_L3_counts.tsv,7424,601690.0,20309.0,3.3753262,0.4440259185397909,-0.46807911527396473,S,Bystander_ZIKV,0.08283320814371109
GSM2994413,huh7,Barcode_715-516EX3,10017008,zika,,24,1,ATCTCAGG-CTAGACTCTAGG,29.1603053435114,1389,1001700806_L7,24,0,1389,1389,ZIKV,24h,e:\Zika_antigravity\00_raw_data\GSE110496\GSM2994413_1001700806_L7_counts.tsv,7017,561736.0,17704.0,3.1516585,-0.2553467662672379,0.17556221279567674,G2M,High_ZIKV,0.4656083285808563
GSM2994414,huh7,Barcode_715-506EX3,10017008,zika,,24,1,ATCTCAGG-CTAGTATGCAGT,0.653448275862069,0,1001700806_L22,24,0,0,0,ZIKV,24h,e:\Zika_antigravity\00_raw_data\GSE110496\GSM2994414_1001700806_L22_counts.tsv,7859,590221.0,18411.0,3.11934,1.0563922847842886,0.03312863206400682,S,Bystander_ZIKV,0.13668414950370789
GSM2994415,huh7,Barcode_715-517EX3,10017008,zika,,24,1,ATCTCAGG-CTAGTCTTACGC,0,3,1001700806_M1,24,0,3,3,ZIKV,24h,e:\Zika_antigravity\00_raw_data\GSE110496\GSM2994415_1001700806_M1_counts.tsv,7728,969730.0,28610.0,2.9503057,-0.2886758468002968,-0.6792912185548525,G1,Low_ZIKV,0.09056556969881058
GSM2994417,huh7,Barcode_715-518EX3,10017008,zika,,24,1,ATCTCAGG-CTAGCTTAATAG,0,0,1001700806_M5,24,0,0,0,ZIKV,24h,e:\Zika_antigravity\00_raw_data\GSE110496\GSM2994417_1001700806_M5_counts.tsv,7299,706936.0,24215.0,3.4253457,-0.18504122370920545,0.7467515060458021,G2M,Bystander_ZIKV,0.26040664315223694
GSM2994418,huh7,Barcode_715-508EX3,10017008,zika,,24,1,ATCTCAGG-CTAGAGGCTTAG,1.74054054054054,0,1001700806_M7,24,0,0,0,ZIKV,24h,e:\Zika_antigravity\00_raw_data\GSE110496\GSM2994418_1001700806_M7_counts.tsv,7032,586984.0,21395.0,3.6449034,0.954762309046817,-0.2459664153541092,S,Bystander_ZIKV,0.06482896953821182
GSM2994419,huh7,Barcode_715-520EX3,10017008,zika,,24,1,ATCTCAGG-CTAGATAGCCTT,13.4188034188034,335,1001700806_M9,24,0,335,335,ZIKV,24h,e:\Zika_antigravity\00_raw_data\GSE110496\GSM2994419_1001700806_M9_counts.tsv,7165,741822.0,18924.0,2.5510163,-0.09892432130318844,-0.2827635072042536,G1,High_ZIKV,0.0597890168428421
GSM2994420,huh7,Barcode_715-510EX3,10017008,zika,,24,1,ATCTCAGG-CTAGATTAGACG,7.00680272108844,79,1001700806_M10,24,0,79,79,ZIKV,24h,e:\Zika_antigravity\00_raw_data\GSE110496\GSM2994420_1001700806_M10_counts.tsv,7621,513966.0,15400.0,2.9963071,0.17288024196667331,0.35043819726325187,G2M,High_ZIKV,0.10130739212036133
GSM2994421,huh7,Barcode_715-521EX3,10017008,zika,,24,1,ATCTCAGG-CTAGTAAGGCTC,45.5,2805,1001700806_M21,24,0,2805,2805,ZIKV,24h,e:\Zika_antigravity\00_raw_data\GSE110496\GSM2994421_1001700806_M21_counts.tsv,7954,599927.0,16912.0,2.8190098,-0.19101837571444258,-0.5091203735882164,G1,High_ZIKV,0.5837600827217102
GSM2994422,huh7,Barcode_715-511EX3,10017008,zika,,24,1,ATCTCAGG-CTAGCGGAGAGA,0,0,1001700806_M23,24,0,0,0,ZIKV,24h,e:\Zika_antigravity\00_raw_data\GSE110496\GSM2994422_1001700806_M23_counts.tsv,7628,624591.0,15766.0,2.524212,1.13219968832231,-0.325749701612618,S,Bystander_ZIKV,0.11205184459686279
GSM2994423,huh7,Barcode_715-522EX3,10017008,zika,,24,1,ATCTCAGG-CTAGTCGCATAA,4.37908496732026,313,1001700806_N1,24,0,313,313,ZIKV,24h,e:\Zika_antigravity\00_raw_data\GSE110496\GSM2994423_1001700806_N1_counts.tsv,6788,844328.0,32004.0,3.7904701,-0.16115113858277688,0.5498838225947428,G2M,High_ZIKV,0.18390154838562012
GSM2994424,huh7,Barcode_716-502EX3,10017008,zika,,24,1,ACTCGCTA-CTAGATAGAGAG,0,0,1001700806_N3,24,0,0,0,ZIKV,24h,e:\Zika_antigravity\00_raw_data\GSE110496\GSM2994424_1001700806_N3_counts.tsv,7410,661999.0,28009.0,4.2309732,-0.10693568432969705,-0.3670852666880868,G1,Bystander_ZIKV,0.09666243940591812
GSM2994425,huh7,Barcode_716-513EX3,10017008,zika,,24,1,ACTCGCTA-CTAGCTAGTCGA,31.3779527559055,3812,1001700806_N6,24,0,3812,3812,ZIKV,24h,e:\Zika_antigravity\00_raw_data\GSE110496\GSM2994425_1001700806_N6_counts.tsv,7843,653438.0,21974.0,3.3628285,0.11763592761652988,0.5950051096205634,G2M,High_ZIKV,0.4846767485141754
GSM2994426,huh7,Barcode_716-503EX3,10017008,zika,,24,1,ACTCGCTA-CTAGAGAGGATA,57.7300613496933,5119,1001700806_N7,24,0,5119,5119,ZIKV,24h,e:\Zika_antigravity\00_raw_data\GSE110496\GSM2994426_1001700806_N7_counts.tsv,7178,724411.0,25208.0,3.4797926,-0.3790220719640187,-0.6785312830310667,G1,High_ZIKV,0.69144606590271
GSM2994427,huh7,Barcode_716-515EX3,10017008,zika,,24,1,ACTCGCTA-CTAGAGCTAGAA,53.9130434782609,4180,1001700806_N9,24,0,4180,4180,ZIKV,24h,e:\Zika_antigravity\00_raw_data\GSE110496\GSM2994427_1001700806_N9_counts.tsv,7880,620544.0,19735.0,3.180274,0.41546484897844493,-0.10048501658000204,S,High_ZIKV,0.5861517786979675
GSM2994428,huh7,Barcode_716-505EX3,10017008,zika,,24,1,ACTCGCTA-CTAGCTCCTTAC,0,0,1001700806_N10,24,0,0,0,ZIKV,24h,e:\Zika_antigravity\00_raw_data\GSE110496\GSM2994428_1001700806_N10_counts.tsv,7421,501357.0,17620.0,3.5144615,-0.372717375770056,-0.005689594650400191,G1,Bystander_ZIKV,0.10300207883119583
GSM2994429,huh7,Barcode_716-516EX3,10017008,zika,,24,1,ACTCGCTA-CTAGACTCTAGG,65.1401869158879,3030,1001700806_N12,24,0,3030,3030,ZIKV,24h,e:\Zika_antigravity\00_raw_data\GSE110496\GSM2994429_1001700806_N12_counts.tsv,7163,626065.0,19694.0,3.14568,-0.6990441706918535,-0.657454928464754,G1,High_ZIKV,0.5416829586029053
GSM2994430,huh7,Barcode_716-506EX3,10017008,zika,,24,1,ACTCGCTA-CTAGTATGCAGT,46.4406779661017,3894,1001700806_N21,24,0,3894,3894,ZIKV,24h,e:\Zika_antigravity\00_raw_data\GSE110496\GSM2994430_1001700806_N21_counts.tsv,7253,658965.0,23274.0,3.5319023,-0.43241793245431925,-0.045731289870701644,G1,High_ZIKV,0.37563347816467285
GSM2994431,huh7,Barcode_716-517EX3,10017008,zika,,24,1,ACTCGCTA-CTAGTCTTACGC,59.1735537190083,1791,1001700806_N22,24,0,1791,1791,ZIKV,24h,e:\Zika_antigravity\00_raw_data\GSE110496\GSM2994431_1001700806_N22_counts.tsv,7308,554257.0,22451.0,4.0506477,0.3193614048972016,-0.24076451930718928,S,High_ZIKV,0.5229417681694031
GSM2994432,huh7,Barcode_716-507EX3,10017008,zika,,24,1,ACTCGCTA-CTAGTACTCCTT,0,0,1001700806_N23,24,0,0,0,ZIKV,24h,e:\Zika_antigravity\00_raw_data\GSE110496\GSM2994432_1001700806_N23_counts.tsv,5348,807541.0,48245.0,5.9743094,-0.37048603813385683,-0.323874406442236,G1,Bystander_ZIKV,0.16240419447422028
GSM2994433,huh7,Barcode_716-518EX3,10017008,zika,,24,1,ACTCGCTA-CTAGCTTAATAG,0,9,1001700806_O1,24,0,9,9,ZIKV,24h,e:\Zika_antigravity\00_raw_data\GSE110496\GSM2994433_1001700806_O1_counts.tsv,7277,1.200223e+06,41481.0,3.4561079,-0.6534380359442107,-0.5281653322023718,G1,Low_ZIKV,0.11446261405944824
GSM2994434,huh7,Barcode_716-508EX3,10017008,zika,,24,1,ACTCGCTA-CTAGAGGCTTAG,67.379679144385,7383,1001700806_O3,24,0,7383,7383,ZIKV,24h,e:\Zika_antigravity\00_raw_data\GSE110496\GSM2994434_1001700806_O3_counts.tsv,6756,870298.0,24693.0,2.837304,-0.7783721142226742,-0.7209464170990858,G1,High_ZIKV,0.3843914866447449
GSM2994435,huh7,Barcode_716-520EX3,10017008,zika,,24,1,ACTCGCTA-CTAGATAGCCTT,32.5170068027211,2998,1001700806_O5,24,0,2998,2998,ZIKV,24h,e:\Zika_antigravity\00_raw_data\GSE110496\GSM2994435_1001700806_O5_counts.tsv,7807,677139.0,22247.0,3.285441,-0.26145460869274323,0.5580602964597412,G2M,High_ZIKV,0.47309237718582153
GSM2994436,huh7,Barcode_716-510EX3,10017008,zika,,24,1,ACTCGCTA-CTAGATTAGACG,2.42763157894737,3,1001700806_O7,24,0,3,3,ZIKV,24h,e:\Zika_antigravity\00_raw_data\GSE110496\GSM2994436_1001700806_O7_counts.tsv,7975,951317.0,31737.0,3.3361118,0.6739467403186219,-0.34684578851475806,S,Low_ZIKV,0.08355715870857239
GSM2994437,huh7,Barcode_716-521EX3,10017008,zika,,24,1,ACTCGCTA-CTAGTAAGGCTC,100.787401574803,6566,1001700806_O8,24,0,6566,6566,ZIKV,24h,e:\Zika_antigravity\00_raw_data\GSE110496\GSM2994437_1001700806_O8_counts.tsv,6720,834429.0,27660.0,3.3148415,-0.49046048786313756,-0.5638899669589668,G1,High_ZIKV,0.5968332290649414
GSM2994438,huh7,Barcode_716-511EX3,10017008,zika,,24,1,ACTCGCTA-CTAGCGGAGAGA,10.8860759493671,152,1001700806_O10,24,0,152,152,ZIKV,24h,e:\Zika_antigravity\00_raw_data\GSE110496\GSM2994438_1001700806_O10_counts.tsv,7263,627958.0,19067.0,3.0363495,-0.35756918597589465,-0.28626505847370415,G1,High_ZIKV,0.08547660708427429
GSM2994440,huh7,Barcode_718-502EX3,10017008,zika,,24,1,GGAGCTAC-CTAGATAGAGAG,39.1061452513966,1355,1001700806_O13,24,0,1355,1355,ZIKV,24h,e:\Zika_antigravity\00_raw_data\GSE110496\GSM2994440_1001700806_O13_counts.tsv,7425,524211.0,19843.0,3.7853076,-0.20492970592431015,-0.2641571020605308,G1,High_ZIKV,0.15089605748653412
GSM2994441,huh7,Barcode_718-513EX3,10017008,zika,,24,1,GGAGCTAC-CTAGCTAGTCGA,18.0466472303207,1871,1001700806_O14,24,0,1871,1871,ZIKV,24h,e:\Zika_antigravity\00_raw_data\GSE110496\GSM2994441_1001700806_O14_counts.tsv,7951,686961.0,19612.0,2.8548927,0.1984312399046584,0.6402448960527842,G2M,High_ZIKV,0.500339686870575
GSM2994442,huh7,Barcode_718-503EX3,10017008,zika,,24,1,GGAGCTAC-CTAGAGAGGATA,58.9506172839506,5578,1001700806_O15,24,0,5578,5578,ZIKV,24h,e:\Zika_antigravity\00_raw_data\GSE110496\GSM2994442_1001700806_O15_counts.tsv,6848,685703.0,24090.0,3.5131826,-0.5470840282383419,-0.5028600738583052,G1,High_ZIKV,0.5893097519874573
GSM2994443,huh7,Barcode_718-515EX3,10017008,zika,,24,1,GGAGCTAC-CTAGAGCTAGAA,96.3503649635036,4213,1001700806_O16,24,0,4213,4213,ZIKV,24h,e:\Zika_antigravity\00_raw_data\GSE110496\GSM2994443_1001700806_O16_counts.tsv,6729,595687.0,22334.0,3.7492845,-0.2393249203983162,0.2481279712235438,G2M,High_ZIKV,0.21643081307411194
GSM2994444,huh7,Barcode_718-505EX3,10017008,zika,,24,1,GGAGCTAC-CTAGCTCCTTAC,40.4433497536946,1735,1001700806_O17,24,0,1735,1735,ZIKV,24h,e:\Zika_antigravity\00_raw_data\GSE110496\GSM2994444_1001700806_O17_counts.tsv,7708,440956.0,15162.0,3.4384384,0.8885862363458035,0.2049633415418809,S,High_ZIKV,0.56783527135849
GSM2994445,huh7,Barcode_718-516EX3,10017008,zika,,24,1,GGAGCTAC-CTAGACTCTAGG,0,0,1001700806_O19,24,0,0,0,ZIKV,24h,e:\Zika_antigravity\00_raw_data\GSE110496\GSM2994445_1001700806_O19_counts.tsv,7320,463048.0,12007.0,2.5930357,-0.04693504592758559,-0.27313779176541364,G1,Bystander_ZIKV,0.06788809597492218
GSM2994446,huh7,Barcode_718-506EX3,10017008,zika,,24,1,GGAGCTAC-CTAGTATGCAGT,0,1,1001700806_O21,24,0,1,1,ZIKV,24h,e:\Zika_antigravity\00_raw_data\GSE110496\GSM2994446_1001700806_O21_counts.tsv,7789,603350.0,26035.0,4.315074,-0.030445663466872205,-0.5710894004643019,G1,Low_ZIKV,0.07506760209798813
GSM2994447,huh7,Barcode_718-517EX3,10017008,zika,,24,1,GGAGCTAC-CTAGTCTTACGC,50.1630434782609,3213,1001700806_O22,24,0,3213,3213,ZIKV,24h,e:\Zika_antigravity\00_raw_data\GSE110496\GSM2994447_1001700806_O22_counts.tsv,6950,601950.0,24284.0,4.034222,-0.2403010036973726,0.9463831669220846,G2M,High_ZIKV,0.29353824257850647
GSM2994448,huh7,Barcode_718-507EX3,10017008,zika,,24,1,GGAGCTAC-CTAGTACTCCTT,3.7171052631579,529,1001700806_P8,24,0,529,529,ZIKV,24h,e:\Zika_antigravity\00_raw_data\GSE110496\GSM2994448_1001700806_P8_counts.tsv,7597,723801.0,21701.0,2.9982,-0.41701428044166056,0.2071089345350727,G2M,High_ZIKV,0.39974749088287354
GSM2994449,huh7,Barcode_718-518EX3,10017008,zika,,24,1,GGAGCTAC-CTAGCTTAATAG,0,1,1001700806_P10,24,0,1,1,ZIKV,24h,e:\Zika_antigravity\00_raw_data\GSE110496\GSM2994449_1001700806_P10_counts.tsv,7494,540510.0,12127.0,2.2436218,-0.4051671827921555,0.8201126538638347,G2M,Low_ZIKV,0.31487441062927246
GSM2994450,huh7,Barcode_718-508EX3,10017008,zika,,24,1,GGAGCTAC-CTAGAGGCTTAG,0,0,1001700806_P11,24,0,0,0,ZIKV,24h,e:\Zika_antigravity\00_raw_data\GSE110496\GSM2994450_1001700806_P11_counts.tsv,6781,573366.0,24064.0,4.19697,0.057439064019404004,-0.0364639301703224,S,Bystander_ZIKV,0.056746192276477814
GSM2994451,huh7,Barcode_718-520EX3,10017008,zika,,24,1,GGAGCTAC-CTAGATAGCCTT,0,3,1001700806_P14,24,0,3,3,ZIKV,24h,e:\Zika_antigravity\00_raw_data\GSE110496\GSM2994451_1001700806_P14_counts.tsv,7301,544077.0,18425.0,3.3864691,0.517492942885673,-0.21273991340683407,S,Low_ZIKV,0.03828984498977661
GSM2994452,huh7,Barcode_718-510EX3,10017008,zika,,24,1,GGAGCTAC-CTAGATTAGACG,0,0,1001700806_P15,24,0,0,0,ZIKV,24h,e:\Zika_antigravity\00_raw_data\GSE110496\GSM2994452_1001700806_P15_counts.tsv,7137,522026.0,18536.0,3.550781,-0.07410628815026332,0.9412641658443687,G2M,Bystander_ZIKV,0.30438685417175293
GSM2994453,huh7,Barcode_718-521EX3,10017008,zika,,24,1,GGAGCTAC-CTAGTAAGGCTC,39.9328859060403,2950,1001700806_P18,24,0,2950,2950,ZIKV,24h,e:\Zika_antigravity\00_raw_data\GSE110496\GSM2994453_1001700806_P18_counts.tsv,7870,456443.0,17080.0,3.741979,0.03410131926870062,-0.5836103560195776,S,High_ZIKV,0.6022753119468689
GSM2994454,huh7,Barcode_718-511EX3,10017008,zika,,24,1,GGAGCTAC-CTAGCGGAGAGA,15.0694444444444,0,1001700806_P20,24,0,0,0,ZIKV,24h,e:\Zika_antigravity\00_raw_data\GSE110496\GSM2994454_1001700806_P20_counts.tsv,7709,514519.0,21426.0,4.1642776,1.0699048367600577,0.7401526911166211,S,Bystander_ZIKV,0.25477632880210876
GSM2994455,huh7,Barcode_718-522EX3,10017008,zika,,24,1,GGAGCTAC-CTAGTCGCATAA,12.3048327137546,1,1001700806_P21,24,0,1,1,ZIKV,24h,e:\Zika_antigravity\00_raw_data\GSE110496\GSM2994455_1001700806_P21_counts.tsv,7734,624509.0,19726.0,3.1586416,-0.06476659442165068,0.36263846719755677,G2M,Low_ZIKV,0.14412450790405273
GSM2994456,huh7,Barcode_719-502EX3,10017008,zika,,24,1,GCGTAGTA-CTAGATAGAGAG,20.3164556962025,120,1001700806_P22,24,0,120,120,ZIKV,24h,e:\Zika_antigravity\00_raw_data\GSE110496\GSM2994456_1001700806_P22_counts.tsv,7335,685212.0,20302.0,2.9628787,0.5789149638221023,-0.024051192738464,S,High_ZIKV,0.1487220823764801
GSM2994457,huh7,Barcode_701-502EX4,10017008,zika,,48,0,TAAGGCGA-GATCATAGAGAG,,0,1001700807_A22,48,0,0,0,Control,48h,e:\Zika_antigravity\00_raw_data\GSE110496\GSM2994457_1001700807_A22_counts.tsv,6983,335419.0,12157.0,3.624422,0.8991201021076579,-0.3043528474225722,S,Bystander_ZIKV,0.10366249084472656
GSM2994458,huh7,Barcode_701-513EX4,10017008,zika,,48,0,TAAGGCGA-GATCCTAGTCGA,,0,1001700807_A23,48,0,0,0,Control,48h,e:\Zika_antigravity\00_raw_data\GSE110496\GSM2994458_1001700807_A23_counts.tsv,7131,485005.0,17447.0,3.5972826,1.171640967236211,0.23249785982898927,S,Bystander_ZIKV,0.2288702130317688
GSM2994459,huh7,Barcode_701-503EX4,10017008,zika,,48,0,TAAGGCGA-GATCAGAGGATA,,0,1001700807_B1,48,0,0,0,Control,48h,e:\Zika_antigravity\00_raw_data\GSE110496\GSM2994459_1001700807_B1_counts.tsv,7241,444320.0,16180.0,3.6415198,0.8756891001553629,0.03245927380756688,S,Bystander_ZIKV,0.14269386231899261
GSM2994460,huh7,Barcode_701-515EX4,10017008,zika,,48,0,TAAGGCGA-GATCAGCTAGAA,,0,1001700807_B7,48,0,0,0,Control,48h,e:\Zika_antigravity\00_raw_data\GSE110496\GSM2994460_1001700807_B7_counts.tsv,6856,390841.0,12842.0,3.2857351,-0.14877823389390304,-0.334826447740808,G1,Bystander_ZIKV,0.11266687512397766
GSM2994461,huh7,Barcode_701-505EX4,10017008,zika,,48,0,TAAGGCGA-GATCCTCCTTAC,,0,1001700807_B9,48,0,0,0,Control,48h,e:\Zika_antigravity\00_raw_data\GSE110496\GSM2994461_1001700807_B9_counts.tsv,7984,299848.0,11444.0,3.8166006,1.044864502653391,0.4619022137673464,S,Bystander_ZIKV,0.2936844229698181
GSM2994462,huh7,Barcode_701-516EX4,10017008,zika,,48,0,TAAGGCGA-GATCACTCTAGG,,0,1001700807_B14,48,0,0,0,Control,48h,e:\Zika_antigravity\00_raw_data\GSE110496\GSM2994462_1001700807_B14_counts.tsv,6640,215813.0,7533.0,3.4905217,0.9063869547631059,-0.35955171106389483,S,Bystander_ZIKV,0.09266642481088638
GSM2994463,huh7,Barcode_701-506EX4,10017008,zika,,48,0,TAAGGCGA-GATCTATGCAGT,,1,1001700807_B16,48,0,1,1,Control,48h,e:\Zika_antigravity\00_raw_data\GSE110496\GSM2994463_1001700807_B16_counts.tsv,6632,205114.0,7151.0,3.4863539,0.6002753909477698,-0.00251849818491804,S,Low_ZIKV,0.045643776655197144
GSM2994464,huh7,Barcode_701-517EX4,10017008,zika,,48,0,TAAGGCGA-GATCTCTTACGC,,0,1001700807_B17,48,0,0,0,Control,48h,e:\Zika_antigravity\00_raw_data\GSE110496\GSM2994464_1001700807_B17_counts.tsv,6639,250639.0,7735.0,3.0861118,0.5797741340029807,-0.1093212692840513,S,Bystander_ZIKV,0.0891709178686142
GSM2994465,huh7,Barcode_701-507EX4,10017008,zika,,48,0,TAAGGCGA-GATCTACTCCTT,,0,1001700807_B18,48,0,0,0,Control,48h,e:\Zika_antigravity\00_raw_data\GSE110496\GSM2994465_1001700807_B18_counts.tsv,5974,110526.0,3098.0,2.8029604,0.7780532966811387,0.12398347052683406,S,Bystander_ZIKV,0.17762060463428497
GSM2994466,huh7,Barcode_701-518EX4,10017008,zika,,48,0,TAAGGCGA-GATCCTTAATAG,,0,1001700807_B20,48,0,0,0,Control,48h,e:\Zika_antigravity\00_raw_data\GSE110496\GSM2994466_1001700807_B20_counts.tsv,7052,295160.0,10601.0,3.5916111,0.07399922429647718,-0.2907231986588178,S,Bystander_ZIKV,0.0738237202167511
GSM2994467,huh7,Barcode_701-508EX4,10017008,zika,,48,0,TAAGGCGA-GATCAGGCTTAG,,0,1001700807_B22,48,0,0,0,Control,48h,e:\Zika_antigravity\00_raw_data\GSE110496\GSM2994467_1001700807_B22_counts.tsv,5918,244483.0,8535.0,3.4910402,-0.2354328277149415,0.1539708502588373,G2M,Bystander_ZIKV,0.10449414700269699
GSM2994468,huh7,Barcode_701-520EX4,10017008,zika,,48,0,TAAGGCGA-GATCATAGCCTT,,0,1001700807_C1,48,0,0,0,Control,48h,e:\Zika_antigravity\00_raw_data\GSE110496\GSM2994468_1001700807_C1_counts.tsv,6510,212874.0,6771.0,3.180755,0.5320709580300553,0.3984956219861937,S,Bystander_ZIKV,0.21766865253448486
GSM2994469,huh7,Barcode_701-510EX4,10017008,zika,,48,0,TAAGGCGA-GATCATTAGACG,,0,1001700807_C13,48,0,0,0,Control,48h,e:\Zika_antigravity\00_raw_data\GSE110496\GSM2994469_1001700807_C13_counts.tsv,6491,468989.0,17736.0,3.7817519,0.3866628906866979,-0.46793694392307894,S,Bystander_ZIKV,0.05895266309380531
GSM2994471,huh7,Barcode_701-511EX4,10017008,zika,,48,0,TAAGGCGA-GATCCGGAGAGA,,0,1001700807_C24,48,0,0,0,Control,48h,e:\Zika_antigravity\00_raw_data\GSE110496\GSM2994471_1001700807_C24_counts.tsv,7457,446842.0,13126.0,2.9375038,-0.4120275654818951,-0.5747340333164883,G1,Bystander_ZIKV,0.11564696580171585
GSM2994472,huh7,Barcode_701-522EX4,10017008,zika,,48,0,TAAGGCGA-GATCTCGCATAA,,0,1001700807_D2,48,0,0,0,Control,48h,e:\Zika_antigravity\00_raw_data\GSE110496\GSM2994472_1001700807_D2_counts.tsv,6898,350719.0,9407.0,2.6822042,1.1762036326917864,-0.14867486921545783,S,Bystander_ZIKV,0.13322080671787262
GSM2994473,huh7,Barcode_702-502EX4,10017008,zika,,48,0,CGTACTAG-GATCATAGAGAG,,0,1001700807_D7,48,0,0,0,Control,48h,e:\Zika_antigravity\00_raw_data\GSE110496\GSM2994473_1001700807_D7_counts.tsv,7631,436997.0,16512.0,3.7785158,0.8938296718877695,0.5686811193469323,S,Bystander_ZIKV,0.26801496744155884
GSM2994474,huh7,Barcode_702-513EX4,10017008,zika,,48,0,CGTACTAG-GATCCTAGTCGA,,0,1001700807_D12,48,0,0,0,Control,48h,e:\Zika_antigravity\00_raw_data\GSE110496\GSM2994474_1001700807_D12_counts.tsv,7188,256831.0,7126.0,2.7745872,1.2289464209140057,0.39148963804088743,S,Bystander_ZIKV,0.20544853806495667
GSM2994475,huh7,Barcode_702-503EX4,10017008,zika,,48,0,CGTACTAG-GATCAGAGGATA,,0,1001700807_D14,48,0,0,0,Control,48h,e:\Zika_antigravity\00_raw_data\GSE110496\GSM2994475_1001700807_D14_counts.tsv,6642,294620.0,7604.0,2.5809517,0.288984203103575,-0.10992079873295593,S,Bystander_ZIKV,0.07015983015298843
GSM2994476,huh7,Barcode_702-515EX4,10017008,zika,,48,0,CGTACTAG-GATCAGCTAGAA,,0,1001700807_D19,48,0,0,0,Control,48h,e:\Zika_antigravity\00_raw_data\GSE110496\GSM2994476_1001700807_D19_counts.tsv,7270,247042.0,8593.0,3.4783561,0.7111235612914676,1.0150549653154055,G2M,Bystander_ZIKV,0.24552595615386963
GSM2994477,huh7,Barcode_702-505EX4,10017008,zika,,48,0,CGTACTAG-GATCCTCCTTAC,,0,1001700807_D24,48,0,0,0,Control,48h,e:\Zika_antigravity\00_raw_data\GSE110496\GSM2994477_1001700807_D24_counts.tsv,7111,201331.0,6873.0,3.4137812,-0.4062988944906032,-0.4906009672073832,G1,Bystander_ZIKV,0.10497278720140457
GSM2994478,huh7,Barcode_702-516EX4,10017008,zika,,48,0,CGTACTAG-GATCACTCTAGG,,0,1001700807_E2,48,0,0,0,Control,48h,e:\Zika_antigravity\00_raw_data\GSE110496\GSM2994478_1001700807_E2_counts.tsv,5576,300703.0,9188.0,3.0555065,-0.11860302993584249,-0.36471114060124743,G1,Bystander_ZIKV,0.08682813495397568
GSM2994479,huh7,Barcode_702-506EX4,10017008,zika,,48,0,CGTACTAG-GATCTATGCAGT,,0,1001700807_E3,48,0,0,0,Control,48h,e:\Zika_antigravity\00_raw_data\GSE110496\GSM2994479_1001700807_E3_counts.tsv,6522,190255.0,5618.0,2.9528792,0.9705626350162285,0.563356283722189,S,Bystander_ZIKV,0.278923362493515
GSM2994480,huh7,Barcode_702-517EX4,10017008,zika,,48,0,CGTACTAG-GATCTCTTACGC,,0,1001700807_E11,48,0,0,0,Control,48h,e:\Zika_antigravity\00_raw_data\GSE110496\GSM2994480_1001700807_E11_counts.tsv,6690,216426.0,7401.0,3.4196448,-0.17781116906996994,-0.5181348011415101,G1,Bystander_ZIKV,0.11381076276302338
GSM2994481,huh7,Barcode_702-507EX4,10017008,zika,,48,0,CGTACTAG-GATCTACTCCTT,,0,1001700807_E13,48,0,0,0,Control,48h,e:\Zika_antigravity\00_raw_data\GSE110496\GSM2994481_1001700807_E13_counts.tsv,4881,69453.0,1578.0,2.2720401,-0.16589363706519916,1.3557338623907687,G2M,Bystander_ZIKV,0.31006062030792236
GSM2994482,huh7,Barcode_702-518EX4,10017008,zika,,48,0,CGTACTAG-GATCCTTAATAG,,0,1001700807_F3,48,0,0,0,Control,48h,e:\Zika_antigravity\00_raw_data\GSE110496\GSM2994482_1001700807_F3_counts.tsv,5773,261093.0,9936.0,3.8055406,0.03627664674505857,-0.3335881819990297,S,Bystander_ZIKV,0.09559781849384308
GSM2994483,huh7,Barcode_702-508EX4,10017008,zika,,48,0,CGTACTAG-GATCAGGCTTAG,,0,1001700807_F4,48,0,0,0,Control,48h,e:\Zika_antigravity\00_raw_data\GSE110496\GSM2994483_1001700807_F4_counts.tsv,6957,343281.0,9107.0,2.6529286,0.9967934194109624,-0.18437403031388705,S,Bystander_ZIKV,0.1503465622663498
GSM2994484,huh7,Barcode_702-520EX4,10017008,zika,,48,0,CGTACTAG-GATCATAGCCTT,,0,1001700807_F6,48,0,0,0,Control,48h,e:\Zika_antigravity\00_raw_data\GSE110496\GSM2994484_1001700807_F6_counts.tsv,6736,249401.0,8090.0,3.243772,1.1894894601843717,0.06957967623308617,S,Bystander_ZIKV,0.21634051203727722
GSM2994485,huh7,Barcode_702-510EX4,10017008,zika,,48,0,CGTACTAG-GATCATTAGACG,,0,1001700807_F9,48,0,0,0,Control,48h,e:\Zika_antigravity\00_raw_data\GSE110496\GSM2994485_1001700807_F9_counts.tsv,5904,125180.0,4870.0,3.8903978,0.2034902477988951,0.9432246454419955,G2M,Bystander_ZIKV,0.25533032417297363
GSM2994486,huh7,Barcode_702-521EX4,10017008,zika,,48,0,CGTACTAG-GATCTAAGGCTC,,0,1001700807_F10,48,0,0,0,Control,48h,e:\Zika_antigravity\00_raw_data\GSE110496\GSM2994486_1001700807_F10_counts.tsv,6431,173074.0,5464.0,3.157031,0.9935603188794284,0.4062278645527552,S,Bystander_ZIKV,0.18441258370876312
GSM2994487,huh7,Barcode_702-511EX4,10017008,zika,,48,0,CGTACTAG-GATCCGGAGAGA,,0,1001700807_F14,48,0,0,0,Control,48h,e:\Zika_antigravity\00_raw_data\GSE110496\GSM2994487_1001700807_F14_counts.tsv,5322,124800.0,3461.0,2.7732372,0.000984402009773822,-0.45932780412368823,S,Bystander_ZIKV,0.0766722708940506
GSM2994488,huh7,Barcode_702-522EX4,10017008,zika,,48,0,CGTACTAG-GATCTCGCATAA,,0,1001700807_F18,48,0,0,0,Control,48h,e:\Zika_antigravity\00_raw_data\GSE110496\GSM2994488_1001700807_F18_counts.tsv,7165,275323.0,7551.0,2.7425969,0.7061526767909527,0.6306731547695652,S,Bystander_ZIKV,0.1971394419670105
GSM2994489,huh7,Barcode_703-502EX4,10017008,zika,,48,0,AGGCAGAA-GATCATAGAGAG,,0,1001700807_F19,48,0,0,0,Control,48h,e:\Zika_antigravity\00_raw_data\GSE110496\GSM2994489_1001700807_F19_counts.tsv,6731,409352.0,12885.0,3.1476576,-0.4480985522979782,0.42816466228910266,G2M,Bystander_ZIKV,0.17115557193756104
GSM2994490,huh7,Barcode_703-513EX4,10017008,zika,,48,0,AGGCAGAA-GATCCTAGTCGA,,0,1001700807_G8,48,0,0,0,Control,48h,e:\Zika_antigravity\00_raw_data\GSE110496\GSM2994490_1001700807_G8_counts.tsv,6655,491666.0,14467.0,2.9424448,0.2739622657087499,0.07466549633206829,S,Bystander_ZIKV,0.061933256685733795
GSM2994491,huh7,Barcode_703-503EX4,10017008,zika,,48,0,AGGCAGAA-GATCAGAGGATA,,0,1001700807_G13,48,0,0,0,Control,48h,e:\Zika_antigravity\00_raw_data\GSE110496\GSM2994491_1001700807_G13_counts.tsv,6995,368529.0,12453.0,3.3791099,-0.11507739453975645,-0.40039562071629187,G1,Bystander_ZIKV,0.07903674989938736
GSM2994492,huh7,Barcode_703-515EX4,10017008,zika,,48,0,AGGCAGAA-GATCAGCTAGAA,,0,1001700807_G15,48,0,0,0,Control,48h,e:\Zika_antigravity\00_raw_data\GSE110496\GSM2994492_1001700807_G15_counts.tsv,5735,371802.0,11551.0,3.1067612,0.1365948352120107,-0.24164680953154988,S,Bystander_ZIKV,0.10506363213062286
GSM2994493,huh7,Barcode_703-505EX4,10017008,zika,,48,0,AGGCAGAA-GATCCTCCTTAC,,0,1001700807_G19,48,0,0,0,Control,48h,e:\Zika_antigravity\00_raw_data\GSE110496\GSM2994493_1001700807_G19_counts.tsv,7635,233726.0,8709.0,3.726158,-0.16589322449373348,2.1824729702276455,G2M,Bystander_ZIKV,0.4244591295719147
GSM2994494,huh7,Barcode_703-516EX4,10017008,zika,,48,0,AGGCAGAA-GATCACTCTAGG,,0,1001700807_G21,48,0,0,0,Control,48h,e:\Zika_antigravity\00_raw_data\GSE110496\GSM2994494_1001700807_G21_counts.tsv,6546,332998.0,8805.0,2.64416,-0.6519849029325303,-0.15561386453014692,G1,Bystander_ZIKV,0.11104920506477356
GSM2994495,huh7,Barcode_703-506EX4,10017008,zika,,48,0,AGGCAGAA-GATCTATGCAGT,,0,1001700807_G22,48,0,0,0,Control,48h,e:\Zika_antigravity\00_raw_data\GSE110496\GSM2994495_1001700807_G22_counts.tsv,6981,221854.0,7104.0,3.202106,1.01838978052228,0.31586223725439855,S,Bystander_ZIKV,0.20260263979434967
GSM2994496,huh7,Barcode_703-517EX4,10017008,zika,,48,0,AGGCAGAA-GATCTCTTACGC,,0,1001700807_G23,48,0,0,0,Control,48h,e:\Zika_antigravity\00_raw_data\GSE110496\GSM2994496_1001700807_G23_counts.tsv,7988,292471.0,7433.0,2.5414486,1.22318438577377,0.2436552716094722,S,Bystander_ZIKV,0.22738772630691528
GSM2994497,huh7,Barcode_703-507EX4,10017008,zika,,48,0,AGGCAGAA-GATCTACTCCTT,,0,1001700807_H13,48,0,0,0,Control,48h,e:\Zika_antigravity\00_raw_data\GSE110496\GSM2994497_1001700807_H13_counts.tsv,5795,107325.0,3872.0,3.6077335,1.2158842028357044,0.278734319525609,S,Bystander_ZIKV,0.13581666350364685
GSM2994498,huh7,Barcode_703-518EX4,10017008,zika,,48,0,AGGCAGAA-GATCCTTAATAG,,0,1001700807_H19,48,0,0,0,Control,48h,e:\Zika_antigravity\00_raw_data\GSE110496\GSM2994498_1001700807_H19_counts.tsv,7082,324728.0,11812.0,3.6375058,0.9987122567703149,0.31447022425771726,S,Bystander_ZIKV,0.23270362615585327
GSM2994499,huh7,Barcode_703-508EX4,10017008,zika,,48,0,AGGCAGAA-GATCAGGCTTAG,,0,1001700807_H20,48,0,0,0,Control,48h,e:\Zika_antigravity\00_raw_data\GSE110496\GSM2994499_1001700807_H20_counts.tsv,4383,109813.0,1850.0,1.6846821,-0.20959843145544818,-0.19312691843834134,G1,Bystander_ZIKV,0.08819852769374847
GSM2994500,huh7,Barcode_703-520EX4,10017008,zika,,48,0,AGGCAGAA-GATCATAGCCTT,,0,1001700807_H21,48,0,0,0,Control,48h,e:\Zika_antigravity\00_raw_data\GSE110496\GSM2994500_1001700807_H21_counts.tsv,6871,333393.0,13290.0,3.9862864,-0.21927685027143784,1.9030433074733382,G2M,Bystander_ZIKV,0.40222251415252686
GSM2994501,huh7,Barcode_703-510EX4,10017008,zika,,48,0,AGGCAGAA-GATCATTAGACG,,0,1001700807_H22,48,0,0,0,Control,48h,e:\Zika_antigravity\00_raw_data\GSE110496\GSM2994501_1001700807_H22_counts.tsv,4953,271156.0,11763.0,4.3380933,0.3204152553114996,-0.1382796184881908,S,Bystander_ZIKV,0.07636772841215134
GSM2994502,huh7,Barcode_703-521EX4,10017008,zika,,48,0,AGGCAGAA-GATCTAAGGCTC,,0,1001700807_H23,48,0,0,0,Control,48h,e:\Zika_antigravity\00_raw_data\GSE110496\GSM2994502_1001700807_H23_counts.tsv,6091,244518.0,9172.0,3.7510529,-0.25846893717313096,0.0035060315168572026,G2M,Bystander_ZIKV,0.10243836790323257
GSM2994503,huh7,Barcode_703-511EX4,10017008,zika,,48,0,AGGCAGAA-GATCCGGAGAGA,,0,1001700807_I8,48,0,0,0,Control,48h,e:\Zika_antigravity\00_raw_data\GSE110496\GSM2994503_1001700807_I8_counts.tsv,6620,184880.0,6170.0,3.3372998,0.5151298585968713,-0.08550530158211923,S,Bystander_ZIKV,0.08836826682090759
GSM2994504,huh7,Barcode_703-522EX4,10017008,zika,,48,0,AGGCAGAA-GATCTCGCATAA,,0,1001700807_I9,48,0,0,0,Control,48h,e:\Zika_antigravity\00_raw_data\GSE110496\GSM2994504_1001700807_I9_counts.tsv,6445,373541.0,6096.0,1.6319493,-0.8445353085263854,-0.7016735107746687,G1,Bystander_ZIKV,0.12617674469947815
GSM2994505,huh7,Barcode_704-502EX4,10017008,zika,,48,0,TCCTGAGC-GATCATAGAGAG,,0,1001700807_I11,48,0,0,0,Control,48h,e:\Zika_antigravity\00_raw_data\GSE110496\GSM2994505_1001700807_I11_counts.tsv,7096,388049.0,11324.0,2.918188,0.2913925021121811,-0.2656820263845462,S,Bystander_ZIKV,0.08839159458875656
GSM2994506,huh7,Barcode_704-513EX4,10017008,zika,,48,0,TCCTGAGC-GATCCTAGTCGA,,0,1001700807_I14,48,0,0,0,Control,48h,e:\Zika_antigravity\00_raw_data\GSE110496\GSM2994506_1001700807_I14_counts.tsv,6217,189077.0,5534.0,2.9268498,-0.2082241197737555,0.06977296220335608,G2M,Bystander_ZIKV,0.09460963308811188
GSM2994507,huh7,Barcode_704-503EX4,10017008,zika,,48,0,TCCTGAGC-GATCAGAGGATA,,0,1001700807_I20,48,0,0,0,Control,48h,e:\Zika_antigravity\00_raw_data\GSE110496\GSM2994507_1001700807_I20_counts.tsv,7051,376157.0,8469.0,2.2514534,-0.30013863075742153,0.7202862992053871,G2M,Bystander_ZIKV,0.2500707507133484
GSM2994508,huh7,Barcode_704-515EX4,10017008,zika,,48,0,TCCTGAGC-GATCAGCTAGAA,,0,1001700807_I22,48,0,0,0,Control,48h,e:\Zika_antigravity\00_raw_data\GSE110496\GSM2994508_1001700807_I22_counts.tsv,6755,293938.0,8801.0,2.994169,-0.08541616711299867,0.13765664596968694,G2M,Bystander_ZIKV,0.09597528725862503
GSM2994509,huh7,Barcode_704-505EX4,10017008,zika,,48,0,TCCTGAGC-GATCCTCCTTAC,,0,1001700807_J7,48,0,0,0,Control,48h,e:\Zika_antigravity\00_raw_data\GSE110496\GSM2994509_1001700807_J7_counts.tsv,6311,359049.0,7320.0,2.038719,-0.3885905130295127,0.8703293240117309,G2M,Bystander_ZIKV,0.2957509458065033
GSM2994510,huh7,Barcode_704-516EX4,10017008,zika,,48,0,TCCTGAGC-GATCACTCTAGG,,0,1001700807_J8,48,0,0,0,Control,48h,e:\Zika_antigravity\00_raw_data\GSE110496\GSM2994510_1001700807_J8_counts.tsv,6005,314684.0,10617.0,3.3738608,-0.37776115501210805,-0.4264874412423303,G1,Bystander_ZIKV,0.09300713241100311
GSM2994511,huh7,Barcode_704-506EX4,10017008,zika,,48,0,TCCTGAGC-GATCTATGCAGT,,0,1001700807_J9,48,0,0,0,Control,48h,e:\Zika_antigravity\00_raw_data\GSE110496\GSM2994511_1001700807_J9_counts.tsv,7126,231552.0,6940.0,2.997167,0.20460968795010728,0.4870535556805728,G2M,Bystander_ZIKV,0.2101958990097046
GSM2994512,huh7,Barcode_704-517EX4,10017008,zika,,48,0,TCCTGAGC-GATCTCTTACGC,,0,1001700807_J13,48,0,0,0,Control,48h,e:\Zika_antigravity\00_raw_data\GSE110496\GSM2994512_1001700807_J13_counts.tsv,6829,211468.0,6938.0,3.2808747,0.05218722649982997,2.436433532756904,G2M,Bystander_ZIKV,0.39423325657844543
GSM2994513,huh7,Barcode_704-507EX4,10017008,zika,,48,0,TCCTGAGC-GATCTACTCCTT,,0,1001700807_J14,48,0,0,0,Control,48h,e:\Zika_antigravity\00_raw_data\GSE110496\GSM2994513_1001700807_J14_counts.tsv,5151,90222.0,1720.0,1.9064085,0.5182745039174776,-0.3288964281130355,S,Bystander_ZIKV,0.058638907968997955
GSM2994514,huh7,Barcode_704-518EX4,10017008,zika,,48,0,TCCTGAGC-GATCCTTAATAG,,0,1001700807_J20,48,0,0,0,Control,48h,e:\Zika_antigravity\00_raw_data\GSE110496\GSM2994514_1001700807_J20_counts.tsv,6612,304998.0,9147.0,2.999036,0.16960367273894095,-0.3367882172446932,S,Bystander_ZIKV,0.07617776095867157
GSM2994515,huh7,Barcode_704-508EX4,10017008,zika,,48,0,TCCTGAGC-GATCAGGCTTAG,,0,1001700807_K9,48,0,0,0,Control,48h,e:\Zika_antigravity\00_raw_data\GSE110496\GSM2994515_1001700807_K9_counts.tsv,6920,305868.0,10323.0,3.3749852,0.0872020293825439,-0.2927894574901705,S,Bystander_ZIKV,0.09405603259801865
GSM2994516,huh7,Barcode_704-520EX4,10017008,zika,,48,0,TCCTGAGC-GATCATAGCCTT,,0,1001700807_K10,48,0,0,0,Control,48h,e:\Zika_antigravity\00_raw_data\GSE110496\GSM2994516_1001700807_K10_counts.tsv,6305,250188.0,6746.0,2.6963723,0.025184587406970216,0.9670009230917997,G2M,Bystander_ZIKV,0.22460901737213135
GSM2994517,huh7,Barcode_704-510EX4,10017008,zika,,48,0,TCCTGAGC-GATCATTAGACG,,0,1001700807_K21,48,0,0,0,Control,48h,e:\Zika_antigravity\00_raw_data\GSE110496\GSM2994517_1001700807_K21_counts.tsv,6147,157805.0,7636.0,4.8388834,-0.190587851768803,-0.2233731578563152,G1,Bystander_ZIKV,0.0910528376698494
GSM2994518,huh7,Barcode_704-521EX4,10017008,zika,,48,0,TCCTGAGC-GATCTAAGGCTC,,0,1001700807_K22,48,0,0,0,Control,48h,e:\Zika_antigravity\00_raw_data\GSE110496\GSM2994518_1001700807_K22_counts.tsv,6754,253629.0,7587.0,2.991377,0.42921835982706397,-0.17856919791723835,S,Bystander_ZIKV,0.054464396089315414
GSM2994519,huh7,Barcode_704-511EX4,10017008,zika,,48,0,TCCTGAGC-GATCCGGAGAGA,,0,1001700807_K23,48,0,0,0,Control,48h,e:\Zika_antigravity\00_raw_data\GSE110496\GSM2994519_1001700807_K23_counts.tsv,5115,74043.0,1803.0,2.4350715,0.08057910702413036,0.2653012334131797,G2M,Bystander_ZIKV,0.09762832522392273
GSM2994520,huh7,Barcode_704-522EX4,10017008,zika,,48,0,TCCTGAGC-GATCTCGCATAA,,0,1001700807_L1,48,0,0,0,Control,48h,e:\Zika_antigravity\00_raw_data\GSE110496\GSM2994520_1001700807_L1_counts.tsv,5870,231303.0,4590.0,1.98441,-0.5049874304294852,0.6546435673987681,G2M,Bystander_ZIKV,0.22521176934242249
GSM2994521,huh7,Barcode_705-502EX4,10017008,zika,,48,0,GGACTCCT-GATCATAGAGAG,,0,1001700807_L6,48,0,0,0,Control,48h,e:\Zika_antigravity\00_raw_data\GSE110496\GSM2994521_1001700807_L6_counts.tsv,6454,486500.0,13926.0,2.862487,-0.36983061496257075,-0.06264681429696395,G1,Bystander_ZIKV,0.08934726566076279
GSM2994522,huh7,Barcode_705-513EX4,10017008,zika,,48,0,GGACTCCT-GATCCTAGTCGA,,0,1001700807_L7,48,0,0,0,Control,48h,e:\Zika_antigravity\00_raw_data\GSE110496\GSM2994522_1001700807_L7_counts.tsv,6979,540822.0,12621.0,2.33367,-0.4553702233714007,-0.5575630288551711,G1,Bystander_ZIKV,0.11074205487966537
GSM2994523,huh7,Barcode_705-503EX4,10017008,zika,,48,0,GGACTCCT-GATCAGAGGATA,,2,1001700807_L14,48,0,2,2,Control,48h,e:\Zika_antigravity\00_raw_data\GSE110496\GSM2994523_1001700807_L14_counts.tsv,7573,363689.0,10752.0,2.956372,-0.5957081562290634,-0.5402279758579083,G1,Low_ZIKV,0.12953007221221924
GSM2994524,huh7,Barcode_705-515EX4,10017008,zika,,48,0,GGACTCCT-GATCAGCTAGAA,,1,1001700807_M2,48,0,1,1,Control,48h,e:\Zika_antigravity\00_raw_data\GSE110496\GSM2994524_1001700807_M2_counts.tsv,6903,584499.0,21247.0,3.6350791,-0.1784632876936701,0.8651098274042727,G2M,Low_ZIKV,0.26538413763046265
GSM2994525,huh7,Barcode_705-505EX4,10017008,zika,,48,0,GGACTCCT-GATCCTCCTTAC,,0,1001700807_M5,48,0,0,0,Control,48h,e:\Zika_antigravity\00_raw_data\GSE110496\GSM2994525_1001700807_M5_counts.tsv,6645,476307.0,18899.0,3.967819,-0.004592417969944931,-0.3388184167763234,G1,Bystander_ZIKV,0.068805992603302
GSM2994526,huh7,Barcode_705-516EX4,10017008,zika,,48,0,GGACTCCT-GATCACTCTAGG,,0,1001700807_M6,48,0,0,0,Control,48h,e:\Zika_antigravity\00_raw_data\GSE110496\GSM2994526_1001700807_M6_counts.tsv,6869,483949.0,15098.0,3.11975,-0.051191336812362785,0.788323995078578,G2M,Bystander_ZIKV,0.21544310450553894
GSM2994527,huh7,Barcode_705-506EX4,10017008,zika,,48,0,GGACTCCT-GATCTATGCAGT,,0,1001700807_M7,48,0,0,0,Control,48h,e:\Zika_antigravity\00_raw_data\GSE110496\GSM2994527_1001700807_M7_counts.tsv,7707,336951.0,11968.0,3.5518515,0.7506925302437074,-0.04540511060778944,S,Bystander_ZIKV,0.0573577843606472
GSM2994528,huh7,Barcode_705-517EX4,10017008,zika,,48,0,GGACTCCT-GATCTCTTACGC,,0,1001700807_M14,48,0,0,0,Control,48h,e:\Zika_antigravity\00_raw_data\GSE110496\GSM2994528_1001700807_M14_counts.tsv,6822,413679.0,16805.0,4.0623283,0.10431580460530573,-0.3996636966710595,S,Bystander_ZIKV,0.09649838507175446
GSM2994529,huh7,Barcode_705-507EX4,10017008,zika,,48,0,GGACTCCT-GATCTACTCCTT,,0,1001700807_M15,48,0,0,0,Control,48h,e:\Zika_antigravity\00_raw_data\GSE110496\GSM2994529_1001700807_M15_counts.tsv,6463,202339.0,4764.0,2.3544645,-0.3271230677364483,-0.4927968997377351,G1,Bystander_ZIKV,0.11434957385063171
GSM2994530,huh7,Barcode_705-518EX4,10017008,zika,,48,0,GGACTCCT-GATCCTTAATAG,,0,1001700807_M21,48,0,0,0,Control,48h,e:\Zika_antigravity\00_raw_data\GSE110496\GSM2994530_1001700807_M21_counts.tsv,7277,453938.0,11058.0,2.4360156,-0.3096338423567691,1.0314610017206116,G2M,Bystander_ZIKV,0.3804759681224823
GSM2994531,huh7,Barcode_705-508EX4,10017008,zika,,48,0,GGACTCCT-GATCAGGCTTAG,,1,1001700807_M23,48,0,1,1,Control,48h,e:\Zika_antigravity\00_raw_data\GSE110496\GSM2994531_1001700807_M23_counts.tsv,7099,394565.0,13090.0,3.3175778,1.3337627571342245,0.41409026998351517,S,Low_ZIKV,0.16312500834465027
GSM2994532,huh7,Barcode_705-520EX4,10017008,zika,,48,0,GGACTCCT-GATCATAGCCTT,,0,1001700807_N1,48,0,0,0,Control,48h,e:\Zika_antigravity\00_raw_data\GSE110496\GSM2994532_1001700807_N1_counts.tsv,6776,283600.0,13269.0,4.678773,0.035667301025906845,-0.15344996663672983,S,Bystander_ZIKV,0.07106680423021317
GSM2994533,huh7,Barcode_705-510EX4,10017008,zika,,48,0,GGACTCCT-GATCATTAGACG,,0,1001700807_N3,48,0,0,0,Control,48h,e:\Zika_antigravity\00_raw_data\GSE110496\GSM2994533_1001700807_N3_counts.tsv,6833,292623.0,11651.0,3.9815736,0.1180715799464711,0.4725212420828108,G2M,Bystander_ZIKV,0.16214555501937866
GSM2994534,huh7,Barcode_705-521EX4,10017008,zika,,48,0,GGACTCCT-GATCTAAGGCTC,,0,1001700807_N6,48,0,0,0,Control,48h,e:\Zika_antigravity\00_raw_data\GSE110496\GSM2994534_1001700807_N6_counts.tsv,6737,362510.0,10962.0,3.0239167,0.06253970858392893,-0.44984090113467207,S,Bystander_ZIKV,0.06451691687107086
GSM2994535,huh7,Barcode_705-511EX4,10017008,zika,,48,0,GGACTCCT-GATCCGGAGAGA,,0,1001700807_N9,48,0,0,0,Control,48h,e:\Zika_antigravity\00_raw_data\GSE110496\GSM2994535_1001700807_N9_counts.tsv,6070,254507.0,9298.0,3.6533377,-0.11694783752872828,0.08871679624031586,G2M,Bystander_ZIKV,0.09784386307001114
GSM2994536,huh7,Barcode_705-522EX4,10017008,zika,,48,0,GGACTCCT-GATCTCGCATAA,,0,1001700807_N12,48,0,0,0,Control,48h,e:\Zika_antigravity\00_raw_data\GSE110496\GSM2994536_1001700807_N12_counts.tsv,6186,381617.0,11688.0,3.0627565,-0.2612547552723083,-0.33162068312357196,G1,Bystander_ZIKV,0.1441245824098587
GSM2994537,huh7,Barcode_706-502EX4,10017008,zika,,48,0,TAGGCATG-GATCATAGAGAG,,0,1001700807_N14,48,0,0,0,Control,48h,e:\Zika_antigravity\00_raw_data\GSE110496\GSM2994537_1001700807_N14_counts.tsv,7097,528351.0,11737.0,2.22144,-0.16302036061173394,0.5502191161027543,G2M,Bystander_ZIKV,0.21379655599594116
GSM2994538,huh7,Barcode_706-513EX4,10017008,zika,,48,0,TAGGCATG-GATCCTAGTCGA,,0,1001700807_N15,48,0,0,0,Control,48h,e:\Zika_antigravity\00_raw_data\GSE110496\GSM2994538_1001700807_N15_counts.tsv,6974,337126.0,11203.0,3.3230896,-0.32438209428496306,1.6818222124511637,G2M,Bystander_ZIKV,0.4304855167865753
GSM2994539,huh7,Barcode_706-503EX4,10017008,zika,,48,0,TAGGCATG-GATCAGAGGATA,,0,1001700807_N17,48,0,0,0,Control,48h,e:\Zika_antigravity\00_raw_data\GSE110496\GSM2994539_1001700807_N17_counts.tsv,7026,513257.0,16695.0,3.2527566,0.6165140378067181,-0.29843130532322193,S,Bystander_ZIKV,0.06101135537028313
GSM2994540,huh7,Barcode_706-515EX4,10017008,zika,,48,0,TAGGCATG-GATCAGCTAGAA,,0,1001700807_N19,48,0,0,0,Control,48h,e:\Zika_antigravity\00_raw_data\GSE110496\GSM2994540_1001700807_N19_counts.tsv,5946,356441.0,17926.0,5.0291634,-0.06492905941046218,0.04289488121296342,G2M,Bystander_ZIKV,0.08442524075508118
GSM2994541,huh7,Barcode_706-505EX4,10017008,zika,,48,0,TAGGCATG-GATCCTCCTTAC,,0,1001700807_N21,48,0,0,0,Control,48h,e:\Zika_antigravity\00_raw_data\GSE110496\GSM2994541_1001700807_N21_counts.tsv,7556,493925.0,14215.0,2.8779674,-0.16463683506562596,-0.48329836444124646,G1,Bystander_ZIKV,0.11702889949083328
GSM2994542,huh7,Barcode_706-516EX4,10017008,zika,,48,0,TAGGCATG-GATCACTCTAGG,,0,1001700807_N22,48,0,0,0,Control,48h,e:\Zika_antigravity\00_raw_data\GSE110496\GSM2994542_1001700807_N22_counts.tsv,5924,464141.0,4156.0,0.8954176,-0.16762000782237876,0.2511676953603658,G2M,Bystander_ZIKV,0.15760532021522522
GSM2994543,huh7,Barcode_706-506EX4,10017008,zika,,48,0,TAGGCATG-GATCTATGCAGT,,0,1001700807_O1,48,0,0,0,Control,48h,e:\Zika_antigravity\00_raw_data\GSE110496\GSM2994543_1001700807_O1_counts.tsv,6733,233491.0,6008.0,2.5731184,0.1973531105866035,-0.15089640598948229,S,Bystander_ZIKV,0.044714998453855515
GSM2994544,huh7,Barcode_706-517EX4,10017008,zika,,48,0,TAGGCATG-GATCTCTTACGC,,0,1001700807_O2,48,0,0,0,Control,48h,e:\Zika_antigravity\00_raw_data\GSE110496\GSM2994544_1001700807_O2_counts.tsv,6402,612414.0,14859.0,2.4262998,-0.19658375102583142,0.2187809209378423,G2M,Bystander_ZIKV,0.11907962709665298
GSM2994545,huh7,Barcode_706-507EX4,10017008,zika,,48,0,TAGGCATG-GATCTACTCCTT,,0,1001700807_O3,48,0,0,0,Control,48h,e:\Zika_antigravity\00_raw_data\GSE110496\GSM2994545_1001700807_O3_counts.tsv,5154,212232.0,4206.0,1.9817935,-0.3671347866677458,-0.38442299308988725,G1,Bystander_ZIKV,0.10429590195417404
GSM2994546,huh7,Barcode_706-518EX4,10017008,zika,,48,0,TAGGCATG-GATCCTTAATAG,,0,1001700807_O7,48,0,0,0,Control,48h,e:\Zika_antigravity\00_raw_data\GSE110496\GSM2994546_1001700807_O7_counts.tsv,6788,530168.0,16772.0,3.1635256,-0.20589053114166572,0.9347657019072403,G2M,Bystander_ZIKV,0.26651281118392944
GSM2994547,huh7,Barcode_706-508EX4,10017008,zika,,48,0,TAGGCATG-GATCAGGCTTAG,,0,1001700807_O8,48,0,0,0,Control,48h,e:\Zika_antigravity\00_raw_data\GSE110496\GSM2994547_1001700807_O8_counts.tsv,7131,317490.0,7417.0,2.3361366,0.06031944573014264,0.48132085336650254,G2M,Bystander_ZIKV,0.15261296927928925
GSM2994548,huh7,Barcode_706-520EX4,10017008,zika,,48,0,TAGGCATG-GATCATAGCCTT,,0,1001700807_O10,48,0,0,0,Control,48h,e:\Zika_antigravity\00_raw_data\GSE110496\GSM2994548_1001700807_O10_counts.tsv,6725,416115.0,11126.0,2.6737802,-0.2581972272861527,0.888787413018245,G2M,Bystander_ZIKV,0.265236496925354
GSM2994549,huh7,Barcode_706-510EX4,10017008,zika,,48,0,TAGGCATG-GATCATTAGACG,,1,1001700807_O11,48,0,1,1,Control,48h,e:\Zika_antigravity\00_raw_data\GSE110496\GSM2994549_1001700807_O11_counts.tsv,6995,406963.0,15184.0,3.731052,0.07296630400454714,0.9009780582280158,G2M,Low_ZIKV,0.29761171340942383
GSM2994550,huh7,Barcode_706-521EX4,10017008,zika,,48,0,TAGGCATG-GATCTAAGGCTC,,0,1001700807_O13,48,0,0,0,Control,48h,e:\Zika_antigravity\00_raw_data\GSE110496\GSM2994550_1001700807_O13_counts.tsv,5580,138013.0,2992.0,2.1679115,-0.4876866451597639,-0.3126166287729051,G1,Bystander_ZIKV,0.09646915644407272
GSM2994551,huh7,Barcode_706-511EX4,10017008,zika,,48,0,TAGGCATG-GATCCGGAGAGA,,0,1001700807_O14,48,0,0,0,Control,48h,e:\Zika_antigravity\00_raw_data\GSE110496\GSM2994551_1001700807_O14_counts.tsv,6646,238624.0,8488.0,3.5570607,-0.3430259691994814,1.84815464246421,G2M,Bystander_ZIKV,0.3881605565547943
GSM2994552,huh7,Barcode_706-522EX4,10017008,zika,,48,0,TAGGCATG-GATCTCGCATAA,,0,1001700807_O17,48,0,0,0,Control,48h,e:\Zika_antigravity\00_raw_data\GSE110496\GSM2994552_1001700807_O17_counts.tsv,7133,384571.0,12213.0,3.1757467,0.34889417452837473,-0.3531858959778118,S,Bystander_ZIKV,0.08443474024534225
GSM2994553,huh7,Barcode_707-502EX4,10017008,zika,,48,0,CTCTCTAC-GATCATAGAGAG,,0,1001700807_P2,48,0,0,0,Control,48h,e:\Zika_antigravity\00_raw_data\GSE110496\GSM2994553_1001700807_P2_counts.tsv,6639,473518.0,17361.0,3.6663864,0.17032437898839514,-0.2208220527242353,S,Bystander_ZIKV,0.07267073541879654
GSM2994554,huh7,Barcode_707-513EX4,10017008,zika,,48,0,CTCTCTAC-GATCCTAGTCGA,,2,1001700807_P12,48,0,2,2,Control,48h,e:\Zika_antigravity\00_raw_data\GSE110496\GSM2994554_1001700807_P12_counts.tsv,7589,327526.0,8793.0,2.6846724,1.037894591813286,0.17943886445587348,S,Low_ZIKV,0.2129056602716446
GSM2994555,huh7,Barcode_707-503EX4,10017008,zika,,48,0,CTCTCTAC-GATCAGAGGATA,,2,1001700807_P14,48,0,2,2,Control,48h,e:\Zika_antigravity\00_raw_data\GSE110496\GSM2994555_1001700807_P14_counts.tsv,6552,671418.0,16031.0,2.3876333,-0.39527784266642163,1.2525686681999275,G2M,Low_ZIKV,0.3173794746398926
GSM2994556,huh7,Barcode_707-515EX4,10017008,zika,,48,0,CTCTCTAC-GATCAGCTAGAA,,0,1001700807_P16,48,0,0,0,Control,48h,e:\Zika_antigravity\00_raw_data\GSE110496\GSM2994556_1001700807_P16_counts.tsv,6274,475077.0,9247.0,1.9464214,0.17735113782719486,-0.2855246825158688,S,Bystander_ZIKV,0.05785255879163742
GSM2994557,huh7,Barcode_707-505EX4,10017008,zika,,48,0,CTCTCTAC-GATCCTCCTTAC,,2,1001700807_P17,48,0,2,2,Control,48h,e:\Zika_antigravity\00_raw_data\GSE110496\GSM2994557_1001700807_P17_counts.tsv,6002,181162.0,3552.0,1.9606762,1.313910128047601,0.15242190901302782,S,Low_ZIKV,0.1274207979440689
GSM2994558,huh7,Barcode_707-516EX4,10017008,zika,,48,0,CTCTCTAC-GATCACTCTAGG,,0,1001700807_P18,48,0,0,0,Control,48h,e:\Zika_antigravity\00_raw_data\GSE110496\GSM2994558_1001700807_P18_counts.tsv,5852,124063.0,3689.0,2.9734893,1.2621324651652859,0.46794103320006286,S,Bystander_ZIKV,0.1653549075126648
GSM2994559,huh7,Barcode_707-506EX4,10017008,zika,,48,0,CTCTCTAC-GATCTATGCAGT,,4,1001700807_P19,48,0,4,4,Control,48h,e:\Zika_antigravity\00_raw_data\GSE110496\GSM2994559_1001700807_P19_counts.tsv,6566,253144.0,7157.0,2.8272445,0.719085341743249,0.5052302866969218,S,Low_ZIKV,0.16644644737243652
GSM2994560,huh7,Barcode_707-517EX4,10017008,zika,,48,1,CTCTCTAC-GATCTCTTACGC,75.3424657534247,123,1001700808_A1,48,0,123,123,ZIKV,48h,e:\Zika_antigravity\00_raw_data\GSE110496\GSM2994560_1001700808_A1_counts.tsv,5150,87559.0,2147.0,2.452061,0.05549268861567336,0.7675791433160377,G2M,High_ZIKV,0.25699305534362793
GSM2994561,huh7,Barcode_707-507EX4,10017008,zika,,48,1,CTCTCTAC-GATCTACTCCTT,323.809523809524,587,1001700808_A5,48,0,587,587,ZIKV,48h,e:\Zika_antigravity\00_raw_data\GSE110496\GSM2994561_1001700808_A5_counts.tsv,4869,97102.0,2112.0,2.1750324,-0.6878022277838595,-0.5088796073658186,G1,High_ZIKV,0.6605839133262634
GSM2994562,huh7,Barcode_707-518EX4,10017008,zika,,48,1,CTCTCTAC-GATCCTTAATAG,4.75609756097561,25,1001700808_A7,48,0,25,25,ZIKV,48h,e:\Zika_antigravity\00_raw_data\GSE110496\GSM2994562_1001700808_A7_counts.tsv,6144,347732.0,13944.0,4.009985,-0.22575487895602628,0.5835300675004497,G2M,High_ZIKV,0.15896612405776978
GSM2994563,huh7,Barcode_707-508EX4,10017008,zika,,48,1,CTCTCTAC-GATCAGGCTTAG,240.816326530612,3065,1001700808_A11,48,0,3065,3065,ZIKV,48h,e:\Zika_antigravity\00_raw_data\GSE110496\GSM2994563_1001700808_A11_counts.tsv,6780,465241.0,12837.0,2.759215,-0.4696972412589405,-0.5183047443800133,G1,High_ZIKV,0.5410059690475464
GSM2994564,huh7,Barcode_707-520EX4,10017008,zika,,48,1,CTCTCTAC-GATCATAGCCTT,84.6511627906977,1567,1001700808_A12,48,0,1567,1567,ZIKV,48h,e:\Zika_antigravity\00_raw_data\GSE110496\GSM2994564_1001700808_A12_counts.tsv,5711,263624.0,11843.0,4.492383,-0.6724422614123406,-0.573955563810653,G1,High_ZIKV,0.9347206950187683
GSM2994565,huh7,Barcode_707-510EX4,10017008,zika,,48,1,CTCTCTAC-GATCATTAGACG,289.565217391304,7191,1001700808_A13,48,0,7191,7191,ZIKV,48h,e:\Zika_antigravity\00_raw_data\GSE110496\GSM2994565_1001700808_A13_counts.tsv,6603,506706.0,22863.0,4.512084,-0.6131556325156928,-0.5386052679477721,G1,High_ZIKV,0.8762187361717224
GSM2994566,huh7,Barcode_707-521EX4,10017008,zika,,48,1,CTCTCTAC-GATCTAAGGCTC,2.96710526315789,0,1001700808_A16,48,0,0,0,ZIKV,48h,e:\Zika_antigravity\00_raw_data\GSE110496\GSM2994566_1001700808_A16_counts.tsv,7019,188908.0,7241.0,3.8330827,-0.6723967291291393,-0.6580836306926328,G1,Bystander_ZIKV,0.07527497410774231
GSM2994567,huh7,Barcode_707-511EX4,10017008,zika,,48,1,CTCTCTAC-GATCCGGAGAGA,13.0817610062893,57,1001700808_A17,48,0,57,57,ZIKV,48h,e:\Zika_antigravity\00_raw_data\GSE110496\GSM2994567_1001700808_A17_counts.tsv,6236,184380.0,7726.0,4.1902595,0.30356099658446123,1.0244902245673386,G2M,High_ZIKV,0.26786336302757263
GSM2994568,huh7,Barcode_707-522EX4,10017008,zika,,48,1,CTCTCTAC-GATCTCGCATAA,380.769230769231,196,1001700808_A19,48,0,196,196,ZIKV,48h,e:\Zika_antigravity\00_raw_data\GSE110496\GSM2994568_1001700808_A19_counts.tsv,4023,42552.0,987.0,2.319515,0.07291975196983133,-0.6280242711273651,S,High_ZIKV,0.6690504550933838
GSM2994569,huh7,Barcode_710-502EX4,10017008,zika,,48,1,CGAGGCTG-GATCATAGAGAG,4.7948717948718,12,1001700808_A20,48,0,12,12,ZIKV,48h,e:\Zika_antigravity\00_raw_data\GSE110496\GSM2994569_1001700808_A20_counts.tsv,6939,471005.0,11630.0,2.4691882,1.237146354825901,0.5974419773520615,S,High_ZIKV,0.22621586918830872
GSM2994570,huh7,Barcode_710-513EX4,10017008,zika,,48,1,CGAGGCTG-GATCCTAGTCGA,465.420560747664,3318,1001700808_A24,48,0,3318,3318,ZIKV,48h,e:\Zika_antigravity\00_raw_data\GSE110496\GSM2994570_1001700808_A24_counts.tsv,7187,275371.0,10463.0,3.7996013,-0.9499887383077295,-0.6488478699438742,G1,High_ZIKV,0.8931689262390137
GSM2994571,huh7,Barcode_710-503EX4,10017008,zika,,48,1,CGAGGCTG-GATCAGAGGATA,21.2994350282486,153,1001700808_B1,48,0,153,153,ZIKV,48h,e:\Zika_antigravity\00_raw_data\GSE110496\GSM2994571_1001700808_B1_counts.tsv,6474,218049.0,7785.0,3.5702984,0.2634295827620441,-0.46207189239039026,S,High_ZIKV,0.07980833202600479
GSM2994572,huh7,Barcode_710-515EX4,10017008,zika,,48,1,CGAGGCTG-GATCAGCTAGAA,91.5,1480,1001700808_B4,48,0,1480,1480,ZIKV,48h,e:\Zika_antigravity\00_raw_data\GSE110496\GSM2994572_1001700808_B4_counts.tsv,6971,345851.0,13397.0,3.8736336,-0.5375383557973519,-0.4879473739402403,G1,High_ZIKV,0.5441011190414429
GSM2994573,huh7,Barcode_710-505EX4,10017008,zika,,48,1,CGAGGCTG-GATCCTCCTTAC,547.008547008547,7032,1001700808_B7,48,0,7032,7032,ZIKV,48h,e:\Zika_antigravity\00_raw_data\GSE110496\GSM2994573_1001700808_B7_counts.tsv,6463,536644.0,13474.0,2.5107892,-0.4156196949690292,-0.4106319909305958,G1,High_ZIKV,0.9591107964515686
GSM2994574,huh7,Barcode_710-516EX4,10017008,zika,,48,1,CGAGGCTG-GATCACTCTAGG,45.7142857142857,1375,1001700808_B9,48,0,1375,1375,ZIKV,48h,e:\Zika_antigravity\00_raw_data\GSE110496\GSM2994574_1001700808_B9_counts.tsv,5956,568785.0,19874.0,3.4941149,0.048629456629887935,0.5267123070116224,G2M,High_ZIKV,0.7466339468955994
GSM2994575,huh7,Barcode_710-506EX4,10017008,zika,,48,1,CGAGGCTG-GATCTATGCAGT,561.486486486486,3311,1001700808_B13,48,0,3311,3311,ZIKV,48h,e:\Zika_antigravity\00_raw_data\GSE110496\GSM2994575_1001700808_B13_counts.tsv,7071,293819.0,9977.0,3.3956277,1.044482551959698,0.4456583453508432,S,High_ZIKV,0.6806574463844299
GSM2994576,huh7,Barcode_710-517EX4,10017008,zika,,48,1,CGAGGCTG-GATCTCTTACGC,30.5217391304348,848,1001700808_B15,48,0,848,848,ZIKV,48h,e:\Zika_antigravity\00_raw_data\GSE110496\GSM2994576_1001700808_B15_counts.tsv,6821,466048.0,16387.0,3.5161614,-0.6797820004983804,-0.7198873249142609,G1,High_ZIKV,0.5197327733039856
GSM2994577,huh7,Barcode_710-507EX4,10017008,zika,,48,1,CGAGGCTG-GATCTACTCCTT,31.6145833333333,281,1001700808_B19,48,0,281,281,ZIKV,48h,e:\Zika_antigravity\00_raw_data\GSE110496\GSM2994577_1001700808_B19_counts.tsv,5497,158708.0,6429.0,4.0508356,-0.07923655601750526,0.9061146213738986,G2M,High_ZIKV,0.24233829975128174
GSM2994578,huh7,Barcode_710-518EX4,10017008,zika,,48,1,CGAGGCTG-GATCCTTAATAG,1300.65359477124,11136,1001700808_B20,48,0,11136,11136,ZIKV,48h,e:\Zika_antigravity\00_raw_data\GSE110496\GSM2994578_1001700808_B20_counts.tsv,6679,494275.0,12806.0,2.5908654,-0.8150506612268232,-0.7093101214732229,G1,High_ZIKV,0.9570884108543396
GSM2994579,huh7,Barcode_710-508EX4,10017008,zika,,48,1,CGAGGCTG-GATCAGGCTTAG,218.897637795276,414,1001700808_B22,48,0,414,414,ZIKV,48h,e:\Zika_antigravity\00_raw_data\GSE110496\GSM2994579_1001700808_B22_counts.tsv,5130,102604.0,1991.0,1.9404702,-0.37691863254599633,-0.8423660331811851,G1,High_ZIKV,0.9372450113296509
GSM2994580,huh7,Barcode_710-520EX4,10017008,zika,,48,1,CGAGGCTG-GATCATAGCCTT,5.78301886792453,9,1001700808_B23,48,0,9,9,ZIKV,48h,e:\Zika_antigravity\00_raw_data\GSE110496\GSM2994580_1001700808_B23_counts.tsv,6744,260458.0,12361.0,4.7458706,0.2880360682140149,-0.2342721383496057,S,Low_ZIKV,0.08271101117134094
GSM2994581,huh7,Barcode_710-510EX4,10017008,zika,,48,1,CGAGGCTG-GATCATTAGACG,299.40119760479,8643,1001700808_C1,48,0,8643,8643,ZIKV,48h,e:\Zika_antigravity\00_raw_data\GSE110496\GSM2994581_1001700808_C1_counts.tsv,6374,534587.0,26505.0,4.958033,-0.367485477686638,-0.5979733816392255,G1,High_ZIKV,0.9453972578048706
GSM2994582,huh7,Barcode_710-521EX4,10017008,zika,,48,1,CGAGGCTG-GATCTAAGGCTC,96.8152866242038,443,1001700808_C4,48,0,443,443,ZIKV,48h,e:\Zika_antigravity\00_raw_data\GSE110496\GSM2994582_1001700808_C4_counts.tsv,5633,212842.0,7129.0,3.3494332,0.0753832659129763,-0.5141710164176698,S,High_ZIKV,0.35450243949890137
GSM2994583,huh7,Barcode_710-511EX4,10017008,zika,,48,1,CGAGGCTG-GATCCGGAGAGA,792.682926829268,4019,1001700808_C5,48,0,4019,4019,ZIKV,48h,e:\Zika_antigravity\00_raw_data\GSE110496\GSM2994583_1001700808_C5_counts.tsv,5152,202105.0,7822.0,3.8702655,-0.629057226259084,-0.19560135883763502,G1,High_ZIKV,0.819221019744873
GSM2994584,huh7,Barcode_710-522EX4,10017008,zika,,48,1,CGAGGCTG-GATCTCGCATAA,4331.4606741573,7234,1001700808_C6,48,0,7234,7234,ZIKV,48h,e:\Zika_antigravity\00_raw_data\GSE110496\GSM2994584_1001700808_C6_counts.tsv,6931,451741.0,16756.0,3.709205,-0.4003721665258387,-0.44356337710250304,G1,High_ZIKV,0.7898839712142944
GSM2994585,huh7,Barcode_711-502EX4,10017008,zika,,48,1,AAGAGGCA-GATCATAGAGAG,737.6,8515,1001700808_C9,48,0,8515,8515,ZIKV,48h,e:\Zika_antigravity\00_raw_data\GSE110496\GSM2994585_1001700808_C9_counts.tsv,6021,493879.0,18308.0,3.706981,0.16783686201309872,0.23570378505389858,G2M,High_ZIKV,0.9015017747879028
GSM2994586,huh7,Barcode_711-513EX4,10017008,zika,,48,1,AAGAGGCA-GATCCTAGTCGA,761.194029850746,9720,1001700808_C10,48,0,9720,9720,ZIKV,48h,e:\Zika_antigravity\00_raw_data\GSE110496\GSM2994586_1001700808_C10_counts.tsv,7160,541476.0,21698.0,4.0071955,0.7002478644163126,0.38345258118164616,S,High_ZIKV,0.7967334985733032
GSM2994587,huh7,Barcode_711-503EX4,10017008,zika,,48,1,AAGAGGCA-GATCAGAGGATA,383.443708609272,5391,1001700808_C18,48,0,5391,5391,ZIKV,48h,e:\Zika_antigravity\00_raw_data\GSE110496\GSM2994587_1001700808_C18_counts.tsv,6649,407238.0,10390.0,2.5513337,-0.6558563328924633,-0.7973106598011737,G1,High_ZIKV,0.8977130651473999
GSM2994588,huh7,Barcode_711-515EX4,10017008,zika,,48,1,AAGAGGCA-GATCAGCTAGAA,0,0,1001700808_C19,48,0,0,0,ZIKV,48h,e:\Zika_antigravity\00_raw_data\GSE110496\GSM2994588_1001700808_C19_counts.tsv,6700,468458.0,17400.0,3.7143137,-0.4239587700615326,0.034919167345048935,G2M,Bystander_ZIKV,0.11428351700305939
GSM2994589,huh7,Barcode_711-505EX4,10017008,zika,,48,1,AAGAGGCA-GATCCTCCTTAC,295.804195804196,5834,1001700808_D2,48,0,5834,5834,ZIKV,48h,e:\Zika_antigravity\00_raw_data\GSE110496\GSM2994589_1001700808_D2_counts.tsv,5576,569085.0,33283.0,5.848511,-0.47568844878114763,-0.35970575783094616,G1,High_ZIKV,0.6291103959083557
GSM2994590,huh7,Barcode_711-516EX4,10017008,zika,,48,1,AAGAGGCA-GATCACTCTAGG,281.566820276498,6746,1001700808_D4,48,0,6746,6746,ZIKV,48h,e:\Zika_antigravity\00_raw_data\GSE110496\GSM2994590_1001700808_D4_counts.tsv,6715,488160.0,21737.0,4.452843,0.25564806161537057,0.4007296911650439,G2M,High_ZIKV,0.906405508518219
GSM2994591,huh7,Barcode_711-506EX4,10017008,zika,,48,1,AAGAGGCA-GATCTATGCAGT,286.524822695035,4177,1001700808_D5,48,0,4177,4177,ZIKV,48h,e:\Zika_antigravity\00_raw_data\GSE110496\GSM2994591_1001700808_D5_counts.tsv,6603,442422.0,12029.0,2.7188973,-0.6658946787494988,-0.6752829100123777,G1,High_ZIKV,0.790817141532898
GSM2994592,huh7,Barcode_711-517EX4,10017008,zika,,48,1,AAGAGGCA-GATCTCTTACGC,271.034482758621,6223,1001700808_D6,48,0,6223,6223,ZIKV,48h,e:\Zika_antigravity\00_raw_data\GSE110496\GSM2994592_1001700808_D6_counts.tsv,6441,572351.0,29333.0,5.125002,-0.5598615753259288,-0.6522657765435764,G1,High_ZIKV,0.8084591031074524
GSM2994593,huh7,Barcode_711-507EX4,10017008,zika,,48,1,AAGAGGCA-GATCTACTCCTT,352.032520325203,2435,1001700808_D7,48,0,2435,2435,ZIKV,48h,e:\Zika_antigravity\00_raw_data\GSE110496\GSM2994593_1001700808_D7_counts.tsv,6047,287654.0,8937.0,3.1068575,-0.6145628012228934,-0.47489151904554117,G1,High_ZIKV,0.7047067880630493
GSM2994594,huh7,Barcode_711-518EX4,10017008,zika,,48,1,AAGAGGCA-GATCCTTAATAG,388.617886178862,5920,1001700808_D8,48,0,5920,5920,ZIKV,48h,e:\Zika_antigravity\00_raw_data\GSE110496\GSM2994594_1001700808_D8_counts.tsv,7243,519876.0,18636.0,3.5847008,0.34546055760057204,0.5222281916854761,G2M,High_ZIKV,0.8055103421211243
GSM2994595,huh7,Barcode_711-508EX4,10017008,zika,,48,1,AAGAGGCA-GATCAGGCTTAG,0.0208547008547009,0,1001700808_D9,48,0,0,0,ZIKV,48h,e:\Zika_antigravity\00_raw_data\GSE110496\GSM2994595_1001700808_D9_counts.tsv,6728,496446.0,10378.0,2.0904589,-0.7264041218895554,-0.7934799227739964,G1,Bystander_ZIKV,0.112271748483181
GSM2994596,huh7,Barcode_711-520EX4,10017008,zika,,48,1,AAGAGGCA-GATCATAGCCTT,490.116279069767,10182,1001700808_D12,48,0,10182,10182,ZIKV,48h,e:\Zika_antigravity\00_raw_data\GSE110496\GSM2994596_1001700808_D12_counts.tsv,6069,482978.0,18598.0,3.850693,-0.5513861229199738,-0.5138891583927652,G1,High_ZIKV,0.888420820236206
GSM2994597,huh7,Barcode_711-510EX4,10017008,zika,,48,1,AAGAGGCA-GATCATTAGACG,253.508771929825,4592,1001700808_D14,48,0,4592,4592,ZIKV,48h,e:\Zika_antigravity\00_raw_data\GSE110496\GSM2994597_1001700808_D14_counts.tsv,6126,618105.0,28745.0,4.6505046,-0.7066272517477739,-0.3937407721706971,G1,High_ZIKV,0.6877192258834839
GSM2994598,huh7,Barcode_711-521EX4,10017008,zika,,48,1,AAGAGGCA-GATCTAAGGCTC,20.5839416058394,133,1001700808_D18,48,0,133,133,ZIKV,48h,e:\Zika_antigravity\00_raw_data\GSE110496\GSM2994598_1001700808_D18_counts.tsv,6837,349190.0,10197.0,2.9201868,0.14731048965075474,-0.28905257573602433,S,High_ZIKV,0.08502596616744995
GSM2994599,huh7,Barcode_711-511EX4,10017008,zika,,48,1,AAGAGGCA-GATCCGGAGAGA,1.44604316546763,28,1001700808_D19,48,0,28,28,ZIKV,48h,e:\Zika_antigravity\00_raw_data\GSE110496\GSM2994599_1001700808_D19_counts.tsv,6352,394371.0,16350.0,4.1458426,-0.3021046616713561,-0.3237401333982464,G1,High_ZIKV,0.09565050899982452
GSM2994600,huh7,Barcode_711-522EX4,10017008,zika,,48,1,AAGAGGCA-GATCTCGCATAA,170.967741935484,1398,1001700808_D20,48,0,1398,1398,ZIKV,48h,e:\Zika_antigravity\00_raw_data\GSE110496\GSM2994600_1001700808_D20_counts.tsv,6785,453552.0,19615.0,4.324752,-0.5741251806606583,-0.48841322158739303,G1,High_ZIKV,0.6751952171325684
GSM2994601,huh7,Barcode_712-502EX4,10017008,zika,,48,1,GTAGAGGA-GATCATAGAGAG,246.511627906977,5081,1001700808_E2,48,0,5081,5081,ZIKV,48h,e:\Zika_antigravity\00_raw_data\GSE110496\GSM2994601_1001700808_E2_counts.tsv,7449,577666.0,21894.0,3.7900794,-0.4607713723433248,-0.5855912608929364,G1,High_ZIKV,0.8798211216926575
GSM2994602,huh7,Barcode_712-513EX4,10017008,zika,,48,1,GTAGAGGA-GATCCTAGTCGA,205.347593582888,5793,1001700808_E3,48,0,5793,5793,ZIKV,48h,e:\Zika_antigravity\00_raw_data\GSE110496\GSM2994602_1001700808_E3_counts.tsv,7378,530417.0,25420.0,4.7924557,-0.3611289188664939,-0.5139301857953721,G1,High_ZIKV,0.8488419651985168
GSM2994603,huh7,Barcode_712-503EX4,10017008,zika,,48,1,GTAGAGGA-GATCAGAGGATA,228.415300546448,3147,1001700808_E4,48,0,3147,3147,ZIKV,48h,e:\Zika_antigravity\00_raw_data\GSE110496\GSM2994603_1001700808_E4_counts.tsv,7232,452185.0,12262.0,2.711722,0.6510852031808879,0.35914214797959604,S,High_ZIKV,0.5304287672042847
GSM2994604,huh7,Barcode_712-515EX4,10017008,zika,,48,1,GTAGAGGA-GATCAGCTAGAA,347.058823529412,7824,1001700808_E5,48,0,7824,7824,ZIKV,48h,e:\Zika_antigravity\00_raw_data\GSE110496\GSM2994604_1001700808_E5_counts.tsv,5874,681665.0,14115.0,2.0706651,-0.6459553144872189,-0.4332255029359018,G1,High_ZIKV,0.9900164604187012
GSM2994605,huh7,Barcode_712-505EX4,10017008,zika,,48,1,GTAGAGGA-GATCCTCCTTAC,772.727272727273,16512,1001700808_E6,48,0,16512,16512,ZIKV,48h,e:\Zika_antigravity\00_raw_data\GSE110496\GSM2994605_1001700808_E6_counts.tsv,5799,700838.0,20712.0,2.9553192,-0.6747070414036335,-0.692450500000782,G1,High_ZIKV,0.914499044418335
GSM2994606,huh7,Barcode_712-516EX4,10017008,zika,,48,1,GTAGAGGA-GATCACTCTAGG,176.8,3042,1001700808_E7,48,0,3042,3042,ZIKV,48h,e:\Zika_antigravity\00_raw_data\GSE110496\GSM2994606_1001700808_E7_counts.tsv,6767,567219.0,21877.0,3.8568876,-0.6112477762558098,-0.6795577627108169,G1,High_ZIKV,0.5081191658973694
GSM2994607,huh7,Barcode_712-506EX4,10017008,zika,,48,1,GTAGAGGA-GATCTATGCAGT,8.27338129496403,587,1001700808_E9,48,0,587,587,ZIKV,48h,e:\Zika_antigravity\00_raw_data\GSE110496\GSM2994607_1001700808_E9_counts.tsv,6515,398039.0,13307.0,3.3431396,0.20067318364800443,-0.48702602989326876,S,High_ZIKV,0.06620799750089645
GSM2994608,huh7,Barcode_712-517EX4,10017008,zika,,48,1,GTAGAGGA-GATCTCTTACGC,500.78125,7145,1001700808_E12,48,0,7145,7145,ZIKV,48h,e:\Zika_antigravity\00_raw_data\GSE110496\GSM2994608_1001700808_E12_counts.tsv,7164,703313.0,18748.0,2.6656694,-0.5870901974760705,-0.7231235003751814,G1,High_ZIKV,0.7098358273506165
GSM2994609,huh7,Barcode_712-507EX4,10017008,zika,,48,1,GTAGAGGA-GATCTACTCCTT,34,455,1001700808_E13,48,0,455,455,ZIKV,48h,e:\Zika_antigravity\00_raw_data\GSE110496\GSM2994609_1001700808_E13_counts.tsv,4966,311634.0,1588.0,0.50957215,-0.746539735739463,-0.7668870556210143,G1,High_ZIKV,0.4297080636024475
GSM2994610,huh7,Barcode_712-518EX4,10017008,zika,,48,1,GTAGAGGA-GATCCTTAATAG,212.396694214876,4086,1001700808_E17,48,0,4086,4086,ZIKV,48h,e:\Zika_antigravity\00_raw_data\GSE110496\GSM2994610_1001700808_E17_counts.tsv,6950,541491.0,30147.0,5.567405,-0.4863721616122695,-0.5581302277802613,G1,High_ZIKV,0.6499684453010559
GSM2994611,huh7,Barcode_712-508EX4,10017008,zika,,48,1,GTAGAGGA-GATCAGGCTTAG,201.298701298701,4053,1001700808_F1,48,0,4053,4053,ZIKV,48h,e:\Zika_antigravity\00_raw_data\GSE110496\GSM2994611_1001700808_F1_counts.tsv,6913,531900.0,18613.0,3.4993422,-0.6163892285349513,-0.7559834213866309,G1,High_ZIKV,0.5974574089050293
GSM2994612,huh7,Barcode_712-520EX4,10017008,zika,,48,1,GTAGAGGA-GATCATAGCCTT,512.422360248447,8504,1001700808_F3,48,0,8504,8504,ZIKV,48h,e:\Zika_antigravity\00_raw_data\GSE110496\GSM2994612_1001700808_F3_counts.tsv,6527,448385.0,21122.0,4.710684,-0.5304874518043583,-0.6343144425168152,G1,High_ZIKV,0.9767498970031738
GSM2994613,huh7,Barcode_712-510EX4,10017008,zika,,48,1,GTAGAGGA-GATCATTAGACG,453.645833333333,9870,1001700808_F4,48,0,9870,9870,ZIKV,48h,e:\Zika_antigravity\00_raw_data\GSE110496\GSM2994613_1001700808_F4_counts.tsv,6013,606416.0,17311.0,2.854641,-0.6785393815575974,-0.6976255254188637,G1,High_ZIKV,0.9225930571556091
GSM2994614,huh7,Barcode_712-521EX4,10017008,zika,,48,1,GTAGAGGA-GATCTAAGGCTC,74.5161290322581,2897,1001700808_F6,48,0,2897,2897,ZIKV,48h,e:\Zika_antigravity\00_raw_data\GSE110496\GSM2994614_1001700808_F6_counts.tsv,5704,461693.0,16782.0,3.6348832,-0.4003525561786124,-0.5174672150961003,G1,High_ZIKV,1.0
GSM2994615,huh7,Barcode_712-511EX4,10017008,zika,,48,1,GTAGAGGA-GATCCGGAGAGA,240,3821,1001700808_F11,48,0,3821,3821,ZIKV,48h,e:\Zika_antigravity\00_raw_data\GSE110496\GSM2994615_1001700808_F11_counts.tsv,6991,550342.0,26437.0,4.80374,-0.5418041772696943,-0.48580921145456496,G1,High_ZIKV,0.7929678559303284
GSM2994616,huh7,Barcode_712-522EX4,10017008,zika,,48,1,GTAGAGGA-GATCTCGCATAA,255.2,3811,1001700808_F12,48,0,3811,3811,ZIKV,48h,e:\Zika_antigravity\00_raw_data\GSE110496\GSM2994616_1001700808_F12_counts.tsv,6646,484474.0,17179.0,3.5459075,-0.6389259079249487,-0.7102986639474905,G1,High_ZIKV,0.7541140913963318
GSM2994617,huh7,Barcode_714-502EX4,10017008,zika,,48,1,GCTCATGA-GATCATAGAGAG,523.741007194245,4833,1001700808_F16,48,0,4833,4833,ZIKV,48h,e:\Zika_antigravity\00_raw_data\GSE110496\GSM2994617_1001700808_F16_counts.tsv,7525,434634.0,16272.0,3.7438397,0.07724838540667579,0.7351964458846323,G2M,High_ZIKV,0.66915363073349
GSM2994618,huh7,Barcode_714-513EX4,10017008,zika,,48,1,GCTCATGA-GATCCTAGTCGA,12.8358208955224,91,1001700808_F17,48,0,91,91,ZIKV,48h,e:\Zika_antigravity\00_raw_data\GSE110496\GSM2994618_1001700808_F17_counts.tsv,6788,496764.0,14210.0,2.8605132,-0.4155558598981727,-0.6633973317135181,G1,High_ZIKV,0.11094267666339874
GSM2994619,huh7,Barcode_714-503EX4,10017008,zika,,48,1,GCTCATGA-GATCAGAGGATA,672.413793103448,10496,1001700808_F20,48,0,10496,10496,ZIKV,48h,e:\Zika_antigravity\00_raw_data\GSE110496\GSM2994619_1001700808_F20_counts.tsv,5756,758444.0,18655.0,2.459641,-0.5113881966276539,-0.5763386017539094,G1,High_ZIKV,0.85179603099823
GSM2994620,huh7,Barcode_714-515EX4,10017008,zika,,48,1,GCTCATGA-GATCAGCTAGAA,0,1,1001700808_F22,48,0,1,1,ZIKV,48h,e:\Zika_antigravity\00_raw_data\GSE110496\GSM2994620_1001700808_F22_counts.tsv,7319,467386.0,13830.0,2.9590104,0.038306094984346555,-0.4697260243275939,S,Low_ZIKV,0.20497068762779236
GSM2994621,huh7,Barcode_714-505EX4,10017008,zika,,48,1,GCTCATGA-GATCCTCCTTAC,6.1576354679803,1,1001700808_G10,48,0,1,1,ZIKV,48h,e:\Zika_antigravity\00_raw_data\GSE110496\GSM2994621_1001700808_G10_counts.tsv,7276,406763.0,11258.0,2.767705,0.5764270015083076,-0.3156707036517514,S,Low_ZIKV,0.07519334554672241
GSM2994622,huh7,Barcode_714-516EX4,10017008,zika,,48,1,GCTCATGA-GATCACTCTAGG,310.526315789474,4712,1001700808_G11,48,0,4712,4712,ZIKV,48h,e:\Zika_antigravity\00_raw_data\GSE110496\GSM2994622_1001700808_G11_counts.tsv,6362,493271.0,14545.0,2.9486833,-0.5641966770802225,0.09576589667554825,G2M,High_ZIKV,0.48600903153419495
GSM2994623,huh7,Barcode_714-506EX4,10017008,zika,,48,1,GCTCATGA-GATCTATGCAGT,38.5616438356164,652,1001700808_G12,48,0,652,652,ZIKV,48h,e:\Zika_antigravity\00_raw_data\GSE110496\GSM2994623_1001700808_G12_counts.tsv,6467,369009.0,11257.0,3.0506032,-0.5957948735782078,-0.43550108739015353,G1,High_ZIKV,0.29336610436439514
GSM2994624,huh7,Barcode_714-517EX4,10017008,zika,,48,1,GCTCATGA-GATCTCTTACGC,847.457627118644,16223,1001700808_G15,48,0,16223,16223,ZIKV,48h,e:\Zika_antigravity\00_raw_data\GSE110496\GSM2994624_1001700808_G15_counts.tsv,6139,493457.0,16250.0,3.2930932,0.012908630881325475,0.3409873946169417,G2M,High_ZIKV,0.9064019918441772
GSM2994625,huh7,Barcode_714-507EX4,10017008,zika,,48,1,GCTCATGA-GATCTACTCCTT,807.894736842105,4873,1001700808_G17,48,0,4873,4873,ZIKV,48h,e:\Zika_antigravity\00_raw_data\GSE110496\GSM2994625_1001700808_G17_counts.tsv,5722,223574.0,8742.0,3.9101145,-0.35291529660600995,0.9654783375951262,G2M,High_ZIKV,0.42057493329048157
GSM2994626,huh7,Barcode_714-518EX4,10017008,zika,,48,1,GCTCATGA-GATCCTTAATAG,111.920529801325,2461,1001700808_G18,48,0,2461,2461,ZIKV,48h,e:\Zika_antigravity\00_raw_data\GSE110496\GSM2994626_1001700808_G18_counts.tsv,7322,525535.0,18518.0,3.5236473,-0.3966496750712395,-0.5210199209062569,G1,High_ZIKV,0.584366500377655
GSM2994627,huh7,Barcode_714-508EX4,10017008,zika,,48,1,GCTCATGA-GATCAGGCTTAG,755.905511811024,9809,1001700808_G19,48,0,9809,9809,ZIKV,48h,e:\Zika_antigravity\00_raw_data\GSE110496\GSM2994627_1001700808_G19_counts.tsv,6951,489154.0,19300.0,3.9455876,0.11892784662389508,0.11688021789659367,S,High_ZIKV,0.7061018943786621
GSM2994628,huh7,Barcode_714-520EX4,10017008,zika,,48,1,GCTCATGA-GATCATAGCCTT,313.461538461538,4527,1001700808_G23,48,0,4527,4527,ZIKV,48h,e:\Zika_antigravity\00_raw_data\GSE110496\GSM2994628_1001700808_G23_counts.tsv,6550,462821.0,12031.0,2.599493,-0.5959885005085241,-0.5495660410063137,G1,High_ZIKV,0.8563863635063171
GSM2994629,huh7,Barcode_714-510EX4,10017008,zika,,48,1,GCTCATGA-GATCATTAGACG,540.458015267176,5362,1001700808_H12,48,0,5362,5362,ZIKV,48h,e:\Zika_antigravity\00_raw_data\GSE110496\GSM2994629_1001700808_H12_counts.tsv,7909,485390.0,14004.0,2.8851027,-0.6224080281021694,-0.6548107282164097,G1,High_ZIKV,0.9043894410133362
GSM2994630,huh7,Barcode_714-521EX4,10017008,zika,,48,1,GCTCATGA-GATCTAAGGCTC,600.699300699301,3324,1001700808_H20,48,0,3324,3324,ZIKV,48h,e:\Zika_antigravity\00_raw_data\GSE110496\GSM2994630_1001700808_H20_counts.tsv,7378,307833.0,8674.0,2.8177614,0.619862614483628,0.5646093644444647,S,High_ZIKV,0.5347830653190613
GSM2994631,huh7,Barcode_714-511EX4,10017008,zika,,48,1,GCTCATGA-GATCCGGAGAGA,0,0,1001700808_I5,48,0,0,0,ZIKV,48h,e:\Zika_antigravity\00_raw_data\GSE110496\GSM2994631_1001700808_I5_counts.tsv,6360,587054.0,16971.0,2.8908753,0.37114865596938346,-0.005881482885834802,S,Bystander_ZIKV,0.08327239006757736
GSM2994632,huh7,Barcode_714-522EX4,10017008,zika,,48,1,GCTCATGA-GATCTCGCATAA,671,4978,1001700808_I22,48,0,4978,4978,ZIKV,48h,e:\Zika_antigravity\00_raw_data\GSE110496\GSM2994632_1001700808_I22_counts.tsv,7408,350106.0,7892.0,2.2541745,-0.9916915235586375,-0.949183119841404,G1,High_ZIKV,0.9060032963752747
GSM2994633,huh7,Barcode_715-502EX4,10017008,zika,,48,1,ATCTCAGG-GATCATAGAGAG,93.0379746835443,1546,1001700808_J1,48,0,1546,1546,ZIKV,48h,e:\Zika_antigravity\00_raw_data\GSE110496\GSM2994633_1001700808_J1_counts.tsv,7082,518596.0,19313.0,3.7240934,-0.08982557035716517,-0.20579430687538378,G1,High_ZIKV,0.3697809875011444
GSM2994634,huh7,Barcode_715-513EX4,10017008,zika,,48,1,ATCTCAGG-GATCCTAGTCGA,98.5815602836879,3299,1001700808_J2,48,0,3299,3299,ZIKV,48h,e:\Zika_antigravity\00_raw_data\GSE110496\GSM2994634_1001700808_J2_counts.tsv,6120,700969.0,7131.0,1.017306,-0.7869830983070035,-0.7754699015670088,G1,High_ZIKV,0.9923580288887024
GSM2994635,huh7,Barcode_715-503EX4,10017008,zika,,48,1,ATCTCAGG-GATCAGAGGATA,0,4,1001700808_J12,48,0,4,4,ZIKV,48h,e:\Zika_antigravity\00_raw_data\GSE110496\GSM2994635_1001700808_J12_counts.tsv,7513,527038.0,12823.0,2.4330313,0.02358702708567892,0.6919038935176717,G2M,Low_ZIKV,0.2530323565006256
GSM2994636,huh7,Barcode_715-515EX4,10017008,zika,,48,1,ATCTCAGG-GATCAGCTAGAA,56.08,501,1001700808_J20,48,0,501,501,ZIKV,48h,e:\Zika_antigravity\00_raw_data\GSE110496\GSM2994636_1001700808_J20_counts.tsv,6613,405306.0,11050.0,2.726335,-0.32156305692956916,0.5033523630913603,G2M,High_ZIKV,0.2047046273946762
GSM2994637,huh7,Barcode_715-505EX4,10017008,zika,,48,1,ATCTCAGG-GATCCTCCTTAC,271.323529411765,5442,1001700808_K1,48,0,5442,5442,ZIKV,48h,e:\Zika_antigravity\00_raw_data\GSE110496\GSM2994637_1001700808_K1_counts.tsv,6635,567791.0,18517.0,3.2612352,-0.6278521197448884,-0.7689627646210275,G1,High_ZIKV,0.8863905668258667
GSM2994638,huh7,Barcode_715-516EX4,10017008,zika,,48,1,ATCTCAGG-GATCACTCTAGG,341.477272727273,3622,1001700808_K2,48,0,3622,3622,ZIKV,48h,e:\Zika_antigravity\00_raw_data\GSE110496\GSM2994638_1001700808_K2_counts.tsv,7538,376073.0,13318.0,3.5413337,-0.8046256617155103,-0.7637501956880972,G1,High_ZIKV,0.900605320930481
GSM2994639,huh7,Barcode_715-506EX4,10017008,zika,,48,1,ATCTCAGG-GATCTATGCAGT,608.256880733945,7801,1001700808_K3,48,0,7801,7801,ZIKV,48h,e:\Zika_antigravity\00_raw_data\GSE110496\GSM2994639_1001700808_K3_counts.tsv,6411,514955.0,12593.0,2.4454565,0.34831256054430487,-0.26029153757399265,S,High_ZIKV,0.819616973400116
GSM2994640,huh7,Barcode_715-517EX4,10017008,zika,,48,1,ATCTCAGG-GATCTCTTACGC,160.39603960396,2171,1001700808_K11,48,0,2171,2171,ZIKV,48h,e:\Zika_antigravity\00_raw_data\GSE110496\GSM2994640_1001700808_K11_counts.tsv,6523,437455.0,14915.0,3.4094937,-0.5042480896892293,-0.5800942481146372,G1,High_ZIKV,0.5331118702888489
GSM2994641,huh7,Barcode_715-507EX4,10017008,zika,,48,1,ATCTCAGG-GATCTACTCCTT,10.353982300885,0,1001700808_K18,48,0,0,0,ZIKV,48h,e:\Zika_antigravity\00_raw_data\GSE110496\GSM2994641_1001700808_K18_counts.tsv,6624,213837.0,5053.0,2.3630147,0.8532354438644169,-0.21723778969932198,S,Bystander_ZIKV,0.08234279602766037
GSM2994642,huh7,Barcode_715-518EX4,10017008,zika,,48,1,ATCTCAGG-GATCCTTAATAG,17.6388888888889,195,1001700808_L1,48,0,195,195,ZIKV,48h,e:\Zika_antigravity\00_raw_data\GSE110496\GSM2994642_1001700808_L1_counts.tsv,6813,561373.0,19017.0,3.387587,0.41967596482773795,-0.4688747659340727,S,High_ZIKV,0.06566060334444046
GSM2994643,huh7,Barcode_715-508EX4,10017008,zika,,48,1,ATCTCAGG-GATCAGGCTTAG,1138.88888888889,3695,1001700808_L3,48,0,3695,3695,ZIKV,48h,e:\Zika_antigravity\00_raw_data\GSE110496\GSM2994643_1001700808_L3_counts.tsv,6934,463786.0,21599.0,4.6571045,-0.4261024791880378,-0.5267294850722731,G1,High_ZIKV,0.399842768907547
GSM2994644,huh7,Barcode_715-520EX4,10017008,zika,,48,1,ATCTCAGG-GATCATAGCCTT,389.908256880734,2743,1001700808_L6,48,0,2743,2743,ZIKV,48h,e:\Zika_antigravity\00_raw_data\GSE110496\GSM2994644_1001700808_L6_counts.tsv,6341,445019.0,15586.0,3.5023224,0.6355621249681073,0.4895262167976848,S,High_ZIKV,0.34021317958831787
GSM2994645,huh7,Barcode_715-510EX4,10017008,zika,,48,1,ATCTCAGG-GATCATTAGACG,113.461538461538,1607,1001700808_L8,48,0,1607,1607,ZIKV,48h,e:\Zika_antigravity\00_raw_data\GSE110496\GSM2994645_1001700808_L8_counts.tsv,6650,664485.0,7956.0,1.1973183,-0.7916330124916775,-0.852299250600819,G1,High_ZIKV,0.7023070454597473
GSM2994646,huh7,Barcode_715-521EX4,10017008,zika,,48,1,ATCTCAGG-GATCTAAGGCTC,0,0,1001700808_L9,48,0,0,0,ZIKV,48h,e:\Zika_antigravity\00_raw_data\GSE110496\GSM2994646_1001700808_L9_counts.tsv,6454,369694.0,8084.0,2.1866734,-0.2057810441369102,-0.6310561645963411,G1,Bystander_ZIKV,0.12386157363653183
GSM2994647,huh7,Barcode_715-511EX4,10017008,zika,,48,1,ATCTCAGG-GATCCGGAGAGA,767.307692307692,8365,1001700808_L11,48,0,8365,8365,ZIKV,48h,e:\Zika_antigravity\00_raw_data\GSE110496\GSM2994647_1001700808_L11_counts.tsv,7624,649451.0,19533.0,3.0076172,-0.8833882033633667,-0.66596086264522,G1,High_ZIKV,0.8293440937995911
GSM2994648,huh7,Barcode_715-522EX4,10017008,zika,,48,1,ATCTCAGG-GATCTCGCATAA,1330.09708737864,4690,1001700808_L18,48,0,4690,4690,ZIKV,48h,e:\Zika_antigravity\00_raw_data\GSE110496\GSM2994648_1001700808_L18_counts.tsv,7258,336787.0,10512.0,3.1212606,-0.47872109246395883,-0.6437933011984591,G1,High_ZIKV,0.8608561158180237
GSM2994649,huh7,Barcode_716-502EX4,10017008,zika,,48,1,ACTCGCTA-GATCATAGAGAG,82.2222222222222,1137,1001700808_M1,48,0,1137,1137,ZIKV,48h,e:\Zika_antigravity\00_raw_data\GSE110496\GSM2994649_1001700808_M1_counts.tsv,6060,627630.0,23471.0,3.7396238,-0.04314857149230583,-0.25121753262859686,G1,High_ZIKV,0.5814764499664307
GSM2994650,huh7,Barcode_716-513EX4,10017008,zika,,48,1,ACTCGCTA-GATCCTAGTCGA,1355.55555555556,16874,1001700808_M2,48,0,16874,16874,ZIKV,48h,e:\Zika_antigravity\00_raw_data\GSE110496\GSM2994650_1001700808_M2_counts.tsv,6723,655237.0,19937.0,3.0427158,-0.710142558746572,-0.6863901095577281,G1,High_ZIKV,0.9752071499824524
GSM2994651,huh7,Barcode_716-503EX4,10017008,zika,,48,1,ACTCGCTA-GATCAGAGGATA,3958.67768595041,18153,1001700808_M6,48,0,18153,18153,ZIKV,48h,e:\Zika_antigravity\00_raw_data\GSE110496\GSM2994651_1001700808_M6_counts.tsv,6153,799035.0,25746.0,3.2221365,-0.6559671981127134,-0.30791346364321515,G1,High_ZIKV,0.8692185282707214
GSM2994652,huh7,Barcode_716-515EX4,10017008,zika,,48,1,ACTCGCTA-GATCAGCTAGAA,9.21052631578947,0,1001700808_M19,48,0,0,0,ZIKV,48h,e:\Zika_antigravity\00_raw_data\GSE110496\GSM2994652_1001700808_M19_counts.tsv,6480,469935.0,21432.0,4.560631,0.05116729872035128,1.701326818881574,G2M,Bystander_ZIKV,0.3362482190132141
GSM2994653,huh7,Barcode_716-505EX4,10017008,zika,,48,1,ACTCGCTA-GATCCTCCTTAC,795.495495495495,9245,1001700808_M20,48,0,9245,9245,ZIKV,48h,e:\Zika_antigravity\00_raw_data\GSE110496\GSM2994653_1001700808_M20_counts.tsv,6230,659267.0,21203.0,3.216148,-0.8972308273948285,-0.8777701822128072,G1,High_ZIKV,0.989057183265686
GSM2994654,huh7,Barcode_716-516EX4,10017008,zika,,48,1,ACTCGCTA-GATCACTCTAGG,448.538011695906,1947,1001700808_N1,48,0,1947,1947,ZIKV,48h,e:\Zika_antigravity\00_raw_data\GSE110496\GSM2994654_1001700808_N1_counts.tsv,5297,222407.0,6974.0,3.1356926,-0.4831804476146187,-0.6985743792229248,G1,High_ZIKV,0.940577507019043
GSM2994655,huh7,Barcode_716-506EX4,10017008,zika,,48,1,ACTCGCTA-GATCTATGCAGT,48.9010989010989,17,1001700808_N2,48,0,17,17,ZIKV,48h,e:\Zika_antigravity\00_raw_data\GSE110496\GSM2994655_1001700808_N2_counts.tsv,6712,359887.0,9411.0,2.6149874,1.1797133807913356,-0.13411643594406217,S,High_ZIKV,0.20550911128520966
GSM2994656,huh7,Barcode_716-517EX4,10017008,zika,,48,1,ACTCGCTA-GATCTCTTACGC,706.542056074766,3718,1001700808_N6,48,0,3718,3718,ZIKV,48h,e:\Zika_antigravity\00_raw_data\GSE110496\GSM2994656_1001700808_N6_counts.tsv,6552,534140.0,15885.0,2.9739394,-0.3636169620024573,-0.48661388652661774,G1,High_ZIKV,0.7537549734115601
GSM2994657,huh7,Barcode_716-507EX4,10017008,zika,,48,1,ACTCGCTA-GATCTACTCCTT,387.692307692308,272,1001700808_N7,48,0,272,272,ZIKV,48h,e:\Zika_antigravity\00_raw_data\GSE110496\GSM2994657_1001700808_N7_counts.tsv,5620,185835.0,4809.0,2.5877795,-0.3325779362892111,1.0547642784713762,G2M,High_ZIKV,0.2325669825077057
GSM2994658,huh7,Barcode_716-518EX4,10017008,zika,,48,1,ACTCGCTA-GATCCTTAATAG,2051.72413793103,6707,1001700808_N10,48,0,6707,6707,ZIKV,48h,e:\Zika_antigravity\00_raw_data\GSE110496\GSM2994658_1001700808_N10_counts.tsv,6879,598305.0,17881.0,2.9886096,-0.2677741761563257,-0.4746022170784601,G1,High_ZIKV,0.5430598258972168
GSM2994660,huh7,Barcode_716-520EX4,10017008,zika,,48,1,ACTCGCTA-GATCATAGCCTT,1517.54385964912,2553,1001700808_N17,48,0,2553,2553,ZIKV,48h,e:\Zika_antigravity\00_raw_data\GSE110496\GSM2994660_1001700808_N17_counts.tsv,6562,427206.0,12521.0,2.9309046,-0.18736923135639658,-0.34638658832356795,G1,High_ZIKV,0.40988245606422424
GSM2994661,huh7,Barcode_716-510EX4,10017008,zika,,48,1,ACTCGCTA-GATCATTAGACG,1009.80392156863,5626,1001700808_N18,48,0,5626,5626,ZIKV,48h,e:\Zika_antigravity\00_raw_data\GSE110496\GSM2994661_1001700808_N18_counts.tsv,7453,647839.0,19482.0,3.0072286,0.9832594204206196,0.14105173275303884,S,High_ZIKV,0.5488919615745544
GSM2994662,huh7,Barcode_716-521EX4,10017008,zika,,48,1,ACTCGCTA-GATCTAAGGCTC,3043.79562043796,5005,1001700808_N22,48,0,5005,5005,ZIKV,48h,e:\Zika_antigravity\00_raw_data\GSE110496\GSM2994662_1001700808_N22_counts.tsv,6034,480612.0,14435.0,3.0034623,-0.011666089934962126,0.16244395097928568,G2M,High_ZIKV,0.8617356419563293
GSM2994663,huh7,Barcode_716-511EX4,10017008,zika,,48,1,ACTCGCTA-GATCCGGAGAGA,4070.06369426752,7980,1001700808_O2,48,0,7980,7980,ZIKV,48h,e:\Zika_antigravity\00_raw_data\GSE110496\GSM2994663_1001700808_O2_counts.tsv,6312,779947.0,29380.0,3.7669227,-0.21865406008991636,-0.5054017152971755,G1,High_ZIKV,0.6045304536819458
GSM2994664,huh7,Barcode_716-522EX4,10017008,zika,,48,1,ACTCGCTA-GATCTCGCATAA,9268.29268292683,485,1001700808_O3,48,0,485,485,ZIKV,48h,e:\Zika_antigravity\00_raw_data\GSE110496\GSM2994664_1001700808_O3_counts.tsv,3955,56217.0,910.0,1.6187274,-0.5496072270020488,-0.6764301133921203,G1,High_ZIKV,0.7355481386184692
GSM2994665,huh7,Barcode_718-502EX4,10017008,zika,,48,1,GGAGCTAC-GATCATAGAGAG,3536.94581280788,7026,1001700808_O4,48,0,7026,7026,ZIKV,48h,e:\Zika_antigravity\00_raw_data\GSE110496\GSM2994665_1001700808_O4_counts.tsv,6859,532683.0,29372.0,5.5139737,-0.22730662189424036,0.30091094834954224,G2M,High_ZIKV,0.5867915749549866
GSM2994666,huh7,Barcode_718-513EX4,10017008,zika,,48,1,GGAGCTAC-GATCCTAGTCGA,2637.93103448276,4575,1001700808_O13,48,0,4575,4575,ZIKV,48h,e:\Zika_antigravity\00_raw_data\GSE110496\GSM2994666_1001700808_O13_counts.tsv,6568,643594.0,22897.0,3.5576775,-0.5000960517098152,-0.3160673481022064,G1,High_ZIKV,0.6482283473014832
GSM2994667,huh7,Barcode_718-503EX4,10017008,zika,,48,1,GGAGCTAC-GATCAGAGGATA,6029.70297029703,13360,1001700808_O18,48,0,13360,13360,ZIKV,48h,e:\Zika_antigravity\00_raw_data\GSE110496\GSM2994667_1001700808_O18_counts.tsv,6260,715609.0,21801.0,3.046496,-0.5563555562292182,-0.524086216089598,G1,High_ZIKV,0.9037883877754211
GSM2994668,huh7,Barcode_718-515EX4,10017008,zika,,48,1,GGAGCTAC-GATCAGCTAGAA,2174.60317460317,4489,1001700808_O19,48,0,4489,4489,ZIKV,48h,e:\Zika_antigravity\00_raw_data\GSE110496\GSM2994668_1001700808_O19_counts.tsv,7079,531117.0,17447.0,3.2849636,0.68192484623176,0.3127200657925949,S,High_ZIKV,0.49541327357292175
GSM2994669,huh7,Barcode_718-505EX4,10017008,zika,,48,1,GGAGCTAC-GATCCTCCTTAC,3940.17094017094,10023,1001700808_O21,48,0,10023,10023,ZIKV,48h,e:\Zika_antigravity\00_raw_data\GSE110496\GSM2994669_1001700808_O21_counts.tsv,7657,702336.0,28499.0,4.0577445,-0.089760343074089,-0.5281404598916896,G1,High_ZIKV,0.8290583491325378
GSM2994670,huh7,Barcode_718-516EX4,10017008,zika,,48,1,GGAGCTAC-GATCACTCTAGG,7930,12739,1001700808_O22,48,0,12739,12739,ZIKV,48h,e:\Zika_antigravity\00_raw_data\GSE110496\GSM2994670_1001700808_O22_counts.tsv,6395,538933.0,17613.0,3.268124,-0.6398724863660478,-0.6498338044429819,G1,High_ZIKV,0.9356135129928589
GSM2994671,huh7,Barcode_718-506EX4,10017008,zika,,48,1,GGAGCTAC-GATCTATGCAGT,10000,11708,1001700808_P3,48,0,11708,11708,ZIKV,48h,e:\Zika_antigravity\00_raw_data\GSE110496\GSM2994671_1001700808_P3_counts.tsv,7275,480655.0,11461.0,2.3844545,-0.5386540031991899,-0.7248157338991903,G1,High_ZIKV,0.83231520652771
GSM2994672,huh7,Barcode_718-517EX4,10017008,zika,,48,1,GGAGCTAC-GATCTCTTACGC,4240.96385542169,13116,1001700808_P4,48,0,13116,13116,ZIKV,48h,e:\Zika_antigravity\00_raw_data\GSE110496\GSM2994672_1001700808_P4_counts.tsv,6238,566394.0,20302.0,3.5844307,-0.18074373499091184,-0.08885162799178735,G1,High_ZIKV,0.8530533313751221
GSM2994673,huh7,Barcode_718-507EX4,10017008,zika,,48,1,GGAGCTAC-GATCTACTCCTT,1917.24137931034,1425,1001700808_P5,48,0,1425,1425,ZIKV,48h,e:\Zika_antigravity\00_raw_data\GSE110496\GSM2994673_1001700808_P5_counts.tsv,5069,388680.0,3402.0,0.8752702,-0.612464900577574,-0.8144531981735408,G1,High_ZIKV,0.846091091632843
GSM2994674,huh7,Barcode_718-518EX4,10017008,zika,,48,1,GGAGCTAC-GATCCTTAATAG,6107.91366906475,9420,1001700808_P7,48,0,9420,9420,ZIKV,48h,e:\Zika_antigravity\00_raw_data\GSE110496\GSM2994674_1001700808_P7_counts.tsv,5965,591836.0,20986.0,3.5459146,-0.5858098623608905,-0.6486766962348784,G1,High_ZIKV,0.844243049621582
GSM2994675,huh7,Barcode_718-508EX4,10017008,zika,,48,1,GGAGCTAC-GATCAGGCTTAG,3646.55172413793,6003,1001700808_P8,48,0,6003,6003,ZIKV,48h,e:\Zika_antigravity\00_raw_data\GSE110496\GSM2994675_1001700808_P8_counts.tsv,6693,642207.0,27113.0,4.2218475,-0.5296810448081011,-0.5239566037188182,G1,High_ZIKV,0.8548860549926758
GSM2994676,huh7,Barcode_718-520EX4,10017008,zika,,48,1,GGAGCTAC-GATCATAGCCTT,3.08474576271186,0,1001700808_P9,48,0,0,0,ZIKV,48h,e:\Zika_antigravity\00_raw_data\GSE110496\GSM2994676_1001700808_P9_counts.tsv,5498,821023.0,9576.0,1.1663498,-0.5225595480008494,-0.5564256391143086,G1,Bystander_ZIKV,0.11817045509815216
GSM2994677,huh7,Barcode_718-510EX4,10017008,zika,,48,1,GGAGCTAC-GATCATTAGACG,1.28030303030303,10,1001700808_P13,48,0,10,10,ZIKV,48h,e:\Zika_antigravity\00_raw_data\GSE110496\GSM2994677_1001700808_P13_counts.tsv,6918,479219.0,17972.0,3.7502687,0.8548693709175236,-0.31505835447750113,S,Low_ZIKV,0.11872050166130066
GSM2994678,huh7,Barcode_718-521EX4,10017008,zika,,48,1,GGAGCTAC-GATCTAAGGCTC,0.091304347826087,12,1001700808_P14,48,0,12,12,ZIKV,48h,e:\Zika_antigravity\00_raw_data\GSE110496\GSM2994678_1001700808_P14_counts.tsv,6291,435033.0,18312.0,4.209336,-0.42972954806561264,0.5332282185426066,G2M,High_ZIKV,0.11435183137655258
GSM2994679,huh7,Barcode_718-511EX4,10017008,zika,,48,1,GGAGCTAC-GATCCGGAGAGA,23.2163742690059,2125,1001700808_P19,48,0,2125,2125,ZIKV,48h,e:\Zika_antigravity\00_raw_data\GSE110496\GSM2994679_1001700808_P19_counts.tsv,6371,543580.0,15261.0,2.8074985,-0.3032373535701828,0.36428743889104376,G2M,High_ZIKV,0.5958329439163208
GSM2994680,huh7,Barcode_718-522EX4,10017008,zika,,48,1,GGAGCTAC-GATCTCGCATAA,0.901818181818182,7,1001700808_P20,48,0,7,7,ZIKV,48h,e:\Zika_antigravity\00_raw_data\GSE110496\GSM2994680_1001700808_P20_counts.tsv,6546,606552.0,18554.0,3.0589297,-0.550792405969419,-0.20943264147883198,G1,Low_ZIKV,0.0862920731306076
