"","waldStat","df","pvalue","fcMedian","FDR"
"__alignment_not_unique",248.128316581388,5,0,0.511603614839548,0
"__not_aligned",904.219040145112,5,0,1.10707625324687,0
"__no_feature",70.0955641529718,5,9.79216707719388e-14,0.204959274048441,4.35718575314063e-13
"__ambiguous",884.616632207718,5,0,0.415030261729969,0
"ENSG00000087086",380.383511991016,5,0,0.564815179748154,0
"ENSG00000158874",181.228996365757,5,0,1.05801073784161,0
"ENSG00000198712",463.491348569427,4,0,0.736825772480914,0
"ENSG00000198804",22.7491641549694,5,0.000376945300477938,0.137012231913424,0.000620649174379651
"ENSG00000075624",570.567188025913,5,0,1.2986786245372,0
"ENSG00000210082",129.51791787637,5,0,0.212822532094059,0
"ENSG00000198938",76.5808755172252,5,4.32986979603811e-15,0.274114416843235,2.14765860955606e-14
"ENSG00000081051",47.8651126761952,4,1.00690766835498e-09,0.452179817400173,3.07168612324856e-09
"ENSG00000198727",9.123928121187,5,0.104222013957536,0.0386066839356041,0.122371656293706
"ENSG00000163631",279.133309451652,4,0,0.90928436314149,0
"ENSG00000197061",285.163262675506,5,0,1.30513694048111,0
"ENSG00000251562",493.015908456021,5,0,1.39617436286111,0
"ENSG00000084207",293.398906070068,5,0,0.432378153429388,0
"ENSG00000170421",60.1191554663744,5,1.14845910559325e-11,0.492364524579733,4.30185529383233e-11
"ENSG00000111057",15.4053841740174,5,0.00876361479238619,0.108755807900359,0.0120712117881275
"ENSG00000111640",441.391012054881,5,0,0.568608698697908,0
"ENSG00000198886",13.7290721536115,5,0.0174251333929863,0.0900291149663998,0.0228317459279643
"ENSG00000211459",178.726880945564,5,0,0.57792853358137,0
"ENSG00000137818",480.180595762864,5,0,0.649933710048776,0
"ENSG00000167996",157.191222090124,5,0,0.292541753451811,0
"ENSG00000171564",158.238631573947,5,0,0.532805357437944,0
"ENSG00000198899",49.9372827692895,5,1.42735823160933e-09,0.239965337155159,4.282074694828e-09
"ENSG00000091513",270.124115190783,5,0,0.921304138591613,0
"ENSG00000105372",766.342204249037,5,0,1.16683274990233,0
"ENSG00000156508",143.304095147385,5,0,0.187247718990369,0
"ENSG00000231500",580.083473852938,5,0,0.817273965672603,0
"ENSG00000118137",113.100743542264,5,0,0.205689362060609,0
"ENSG00000106927",84.8701199122824,5,1.11022302462516e-16,0.181613460148455,6.08328814319404e-16
"ENSG00000174748",368.897663078575,5,0,0.305976931823615,0
"ENSG00000044574",297.870941506251,5,0,0.875997898614148,0
"ENSG00000177954",929.92075728521,5,0,1.5456021293892,0
"ENSG00000184009",143.845358473487,3,0,1.22704191773817,0
"ENSG00000181163",55.2699577559179,4,2.85218515472252e-11,0.142056298239164,1.02216149058434e-10
"ENSG00000130066",145.254796608721,4,0,0.659617639621979,0
"ENSG00000144713",574.700782738901,5,0,1.01930783429521,0
"ENSG00000074800",225.550071731002,4,0,0.552097019953036,0
"ENSG00000111669",183.218776605474,4,0,0.579249678740493,0
"ENSG00000108518",120.952967217666,5,0,0.207385574747108,0
"ENSG00000171557",98.6044031503067,5,0,0.702249252999616,0
"ENSG00000182718",12.2321812666627,5,0.0317412033472955,0.0866794873218023,0.0402122633488985
"ENSG00000164587",639.964095338812,5,0,0.884068115608509,0
"ENSG00000181019",39.0353619784695,4,6.85026101399089e-08,0.131417944216739,1.74681655856768e-07
"ENSG00000197249",147.540624281384,4,0,0.498278248250947,0
"ENSG00000187514",239.436815258446,5,0,0.757317634084066,0
"ENSG00000145192",55.7895130060395,5,8.97938390309605e-11,0.281793218580036,3.03225714486554e-10
"ENSG00000092841",382.765517502069,5,0,0.827316097378763,0
"ENSG00000130203",81.3179538834292,5,4.44089209850063e-16,0.248816400433181,2.35544916904473e-15
"ENSG00000142534",645.881167204409,5,0,1.15906698782452,0
"ENSG00000198830",149.114520765622,4,0,0.547105167916093,0
"ENSG00000034510",334.347851481099,5,0,1.17748989428125,0
"ENSG00000109971",320.887871979703,4,0,0.735925477340653,0
"ENSG00000139219",90.5973532368918,4,0,1.17752407054474,0
"ENSG00000134333",301.286015795214,3,0,1.31771092039618,0
"ENSG00000096384",170.340805064498,5,0,0.172137382832578,0
"ENSG00000204628",185.645843873895,5,0,0.248442408939639,0
"ENSG00000080824",450.660750151147,5,0,0.421251381069494,0
"ENSG00000132475",22.1373027786245,5,0.000493045750236121,0.0797863298944554,0.000794706642803601
"ENSG00000122406",94.6703643669079,5,0,0.232244652540311,0
"ENSG00000117632",122.668028250911,3,0,0.436961066339106,0
"ENSG00000137154",273.70210543919,5,0,0.386249330050752,0
"ENSG00000140264",686.676484170285,5,0,1.26231348316449,0
"ENSG00000142541",230.04086706179,5,0,0.393285104867198,0
"ENSG00000155368",26.3189174085376,5,7.73834162276499e-05,0.119259465247732,0.000137057537735348
"ENSG00000117450",58.3335027113985,4,6.49480469405717e-12,0.157548116203021,2.48426279547687e-11
"ENSG00000138207",37.6491875305811,5,4.43772931624231e-07,0.181019499854773,1.04581085426611e-06
"ENSG00000115009",33.1810421782794,4,1.0967482344526e-06,0.415108703292883,2.46211313580839e-06
"ENSG00000171345",16.9714098919104,5,0.00455433927667748,0.221126586130171,0.00654994997925633
"ENSG00000083845",344.530775813674,5,0,0.598323340590999,0
"ENSG00000164032",49.6027126994108,3,9.70745706041498e-11,0.403229501987407,3.26150879952118e-10
"ENSG00000147155",65.7689772925881,5,7.76156916515447e-13,0.169266973863296,3.20285499367059e-12
"ENSG00000161016",397.012483776935,5,0,0.534303380076517,0
"ENSG00000100316",89.308558509135,5,0,0.226183248106588,0
"ENSG00000135744",160.681592499503,3,0,1.45843787046128,0
"ENSG00000110955",372.616024695801,4,0,0.595423552844566,0
"ENSG00000149925",154.241117444323,3,0,0.685264557262599,0
"ENSG00000142507",208.622653537498,5,0,0.445679494821528,0
"ENSG00000125743",327.330923707698,5,0,0.788509057116289,0
"ENSG00000198763",338.677840250024,5,0,0.870776354288072,0
"ENSG00000071082",490.38438900392,5,0,0.983248355763618,0
"ENSG00000147403",377.676362735786,5,0,0.519703540578834,0
"ENSG00000197747",115.687519556953,4,0,0.588138242860666,0
"ENSG00000196262",17.7866360286512,5,0.00322604529238824,0.133921639618557,0.00469736755970732
"ENSG00000170315",163.416114230314,4,0,0.340446371214932,0
"ENSG00000147604",126.599732371304,5,0,0.266639214695679,0
"ENSG00000174444",53.5040606782646,4,6.68398669745329e-11,0.147959367994196,2.28820129797497e-10
"ENSG00000143933",169.688752793462,5,0,0.415368299575731,0
"ENSG00000142937",312.151592969909,5,0,0.760818234550023,0
"ENSG00000172531",54.9196424320438,5,1.35600752848575e-10,0.135991363464127,4.50266940594015e-10
"ENSG00000164266",493.691633992506,5,0,2.20013116496006,0
"ENSG00000212907",415.972861380836,5,0,0.839802158358953,0
"ENSG00000144381",235.856381973155,5,0,0.21179095403397,0
"ENSG00000101182",17.4643993672072,5,0.00369828049948873,0.153302345402179,0.00536142850836959
"ENSG00000140988",182.126848037306,5,0,0.301707775426875,0
"ENSG00000167797",324.139585021742,5,0,0.895693981292458,0
"ENSG00000100804",54.7604602202384,4,3.64698271582142e-11,0.138230424294153,1.28842781914188e-10
"ENSG00000008018",48.8555700853426,5,2.37532504776539e-09,0.138569666187569,6.95805820324794e-09
"ENSG00000101255",58.2525468948645,5,2.78984613188982e-11,0.370176210411745,1.0034365201318e-10
"ENSG00000110492",118.262918788064,5,0,0.384465995932153,0
"ENSG00000196230",130.498151376085,3,0,0.49889036232514,0
"ENSG00000123416",170.8810475669,3,0,0.552849353689326,0
"ENSG00000063177",301.524065209496,5,0,0.559783540640296,0
"ENSG00000182481",186.631358983302,4,0,0.71403128926587,0
"ENSG00000005022",58.2575533873457,4,6.73772149184515e-12,0.213445617071203,2.57223187087908e-11
"ENSG00000115541",353.785103354663,5,0,0.824687889074617,0
"ENSG00000124766",519.360489463006,5,0,1.91980905034151,0
"ENSG00000136942",333.805502763356,5,0,1.00841660122327,0
"ENSG00000140319",209.811680863268,5,0,0.573748377448374,0
"ENSG00000198888",75.7575720959514,5,6.43929354282591e-15,0.209717073491519,3.15461942282777e-14
"ENSG00000213719",69.292547414285,5,1.43773881688958e-13,0.310294070295367,6.32668696193223e-13
"ENSG00000135404",234.524760289586,5,0,0.766600903162225,0
"ENSG00000112306",362.752832590266,5,0,0.717476010174631,0
"ENSG00000163586",104.289451917301,5,0,0.437460548948011,0
"ENSG00000166598",130.03287772251,5,0,0.318263059691558,0
"ENSG00000106153",194.456967361417,5,0,0.615538899199665,0
"ENSG00000128228",235.642974334161,5,0,0.749393855368922,0
"ENSG00000198242",145.974018499448,5,0,0.357082701545187,0
"ENSG00000188229",136.539700374621,3,0,1.20223020533078,0
"ENSG00000099901",25.5690274791671,4,3.86498381571565e-05,0.175037135135889,7.11963034999077e-05
"ENSG00000145592",320.684257788314,5,0,0.898961548617321,0
"ENSG00000277791",177.823774695796,5,0,0.455798119450098,0
"ENSG00000198786",12.5362144210966,4,0.0137789762434504,0.111737665692088,0.0184306548407685
"ENSG00000120885",97.805059528535,5,0,0.401138312513092,0
"ENSG00000175899",84.3941138868341,4,0,0.475967047600099,0
"ENSG00000147257",234.512571019043,3,0,0.769403041338413,0
"ENSG00000168003",157.462205549901,5,0,0.756366226577792,0
"ENSG00000115268",372.933582978359,5,0,0.976923060549788,0
"ENSG00000120437",119.328055755679,3,0,0.76334505982138,0
"ENSG00000161011",58.6763774860557,5,2.28091989740165e-11,0.273756919542298,8.30906534053456e-11
"ENSG00000214049",139.817906884704,5,0,1.46233257309758,0
"ENSG00000108298",206.387077547798,5,0,0.513652884768937,0
"ENSG00000105193",316.208409456513,5,0,0.881595765990544,0
"ENSG00000117399",42.8903585931468,3,2.59651045109166e-09,0.852006224848678,7.57252094900486e-09
"ENSG00000101608",12.3164340578721,4,0.015146949850767,0.109140769182872,0.0200982543383426
"ENSG00000189043",33.027281926167,5,3.71677883359567e-06,0.212322765434686,7.80641298840738e-06
"ENSG00000139644",6.77540667542888,2,0.0337861833154666,0.0303686272691689,0.0426671229298178
"ENSG00000167526",221.901303394478,5,0,0.519570807443139,0
"ENSG00000125995",425.835168562988,5,0,1.31959524805402,0
"ENSG00000143621",16.2606047046725,5,0.00613811302178369,0.129287024652651,0.00865252076564688
"ENSG00000125691",179.890008451561,5,0,0.737620081218008,0
"ENSG00000149273",174.078474497185,5,0,0.311888556537262,0
"ENSG00000134825",607.838640461521,5,0,1.76766942591484,0
"ENSG00000132341",49.0075428565515,4,5.81770520646785e-10,0.219495655020643,1.81940497730575e-09
"ENSG00000168028",53.540569563517,4,6.56740217763740e-11,0.150151582528705,2.25216602264152e-10
"ENSG00000175063",27.9306098008642,3,3.75590177825735e-06,0.978655322160678,7.87195852155308e-06
"ENSG00000178741",73.9356292054575,4,3.33066907387547e-15,0.247140913499092,1.68139613907064e-14
"ENSG00000182899",285.725018615017,5,0,0.904654477804969,0
"ENSG00000131143",206.582717238959,5,0,0.533729429772029,0
"ENSG00000196531",110.493505028357,5,0,0.460479644369881,0
"ENSG00000117318",13.5961501108038,3,0.00350973052493886,0.344164394403915,0.00510296346060189
"ENSG00000147872",63.2078028627618,5,2.63644661657736e-12,0.206013949595093,1.0446000638192e-11
"ENSG00000010256",76.1889223506136,4,1.11022302462516e-15,0.218588467072619,5.69132370097793e-15
"ENSG00000173812",144.381923591045,5,0,0.252339013526966,0
"ENSG00000106541",127.937303193421,2,0,1.61364531832116,0
"ENSG00000105640",491.879606257898,5,0,1.1079181237716,0
"ENSG00000122026",382.25513439874,5,0,0.986050765786335,0
"ENSG00000148303",80.6372876974098,5,6.66133814775094e-16,0.382424410473505,3.47753322201486e-15
"ENSG00000197756",263.845176261295,5,0,0.927087718598481,0
"ENSG00000051108",142.189971078089,5,0,0.550567098770613,0
"ENSG00000131981",32.1880067860373,5,5.45305270549523e-06,0.485112648675776,1.12278693905073e-05
"ENSG00000154518",4.31046901411112,5,0.505635045448204,0.0400980244553269,0.527377087255625
"ENSG00000100664",176.86358797666,5,0,0.464424802076221,0
"ENSG00000090382",49.3160197867543,3,1.11724740570196e-10,1.00033791009494,3.73479847048941e-10
"ENSG00000109072",51.642547046773,5,6.38660346830022e-10,0.307880496602093,1.99105866746852e-09
"ENSG00000187840",381.69283553085,5,0,0.95505407330676,0
"ENSG00000166165",88.4607540454378,3,0,1.11447120794846,0
"ENSG00000118680",45.0599078122312,5,1.41075278126124e-08,0.28782427832019,3.81248272001169e-08
"ENSG00000054148",275.728143074822,5,0,0.866552551316004,0
"ENSG00000100219",36.0827216430587,5,9.14300664955903e-07,0.139335441006651,2.07833602582547e-06
"ENSG00000188846",97.1565375848155,5,0,0.459200884833396,0
"ENSG00000109475",436.91176199915,5,0,1.17702413778313,0
"ENSG00000164611",35.9198713967312,4,3.00563258948117e-07,0.476117916691374,7.21134284738002e-07
"ENSG00000184076",256.010967953709,5,0,0.966673605237594,0
"ENSG00000106366",17.0240397689921,5,0.00445442983165456,0.406223546952991,0.00641554014131855
"ENSG00000159377",98.7142943260171,5,0,0.300832341930931,0
"ENSG00000143761",109.77318500268,5,0,0.260015730485339,0
"ENSG00000169045",12.9725415140769,5,0.0236374470646641,0.437280902513517,0.0304106611976823
"ENSG00000135486",52.0269189841992,3,2.95578006515029e-11,0.411864202397479,1.05738247294675e-10
"ENSG00000168653",174.682051585475,5,0,0.65498508105159,0
"ENSG00000118705",13.5424147205688,5,0.0187927962928433,0.0817456081092431,0.0244946735428999
"ENSG00000084674",38.7085731668973,3,2.00077271417243e-08,0.470751882301478,5.34883995764645e-08
"ENSG00000248527",259.966021076324,5,0,0.701244254873798,0
"ENSG00000189403",76.4144373662883,4,9.99200722162641e-16,0.243125349821384,5.14873118233547e-15
"ENSG00000118523",38.2341810973933,5,3.38579530745342e-07,0.479679420081629,8.09416690688083e-07
"ENSG00000165502",510.979226909806,5,0,1.64614065723237,0
"ENSG00000166508",113.585040757079,3,0,1.01001178343284,0
"ENSG00000182774",335.507554779339,5,0,1.03487374012704,0
"ENSG00000198034",99.4590836085577,5,0,0.253485167611094,0
"ENSG00000169567",102.526591619752,5,0,0.598762549549362,0
"ENSG00000171863",80.0209369427096,5,7.7715611723761e-16,0.56672504745254,4.01497017450807e-15
"ENSG00000136810",68.2628053572415,4,5.28466159721575e-14,0.412640707288484,2.42144235697055e-13
"ENSG00000186468",126.229712669301,5,0,0.628907667934212,0
"ENSG00000134363",25.7912781715412,3,1.0546906714648e-05,0.69480192105858,2.08942205731423e-05
"ENSG00000152234",42.1942141119408,5,5.38069629962834e-08,0.339783577788301,1.39351626822406e-07
"ENSG00000130255",357.82415697809,5,0,1.17264513995771,0
"ENSG00000159199",134.528102433301,5,0,0.605394905255441,0
"ENSG00000164111",16.331741683182,5,0.00595807743893784,0.123672546079283,0.00841663070031773
"ENSG00000119335",29.8777973984467,5,1.55882884519398e-05,0.350092268846141,3.03376768404191e-05
"ENSG00000108561",18.1632447906898,4,0.00114665279498616,0.275110338821903,0.00176251345380794
"ENSG00000089220",76.4322897763081,3,2.22044604925031e-16,0.523652250038826,1.20339705502967e-15
"ENSG00000089157",76.8787171614029,5,3.77475828372553e-15,0.284794325963282,1.88643071013319e-14
"ENSG00000125835",75.0593784262304,4,1.88737914186277e-15,0.470772257254147,9.6010156346932e-15
"ENSG00000146731",47.4021964735896,4,1.25736132616794e-09,0.215252306542289,3.80653223401527e-09
"ENSG00000125148",NA,NA,NA,14.8100670245998,NA
"ENSG00000172757",35.9177435342088,3,7.79432115516343e-08,0.352637138937491,1.97741132367603e-07
"ENSG00000104760",27.2996106643187,4,1.72900687033239e-05,0.363825421521,3.33235917159994e-05
"ENSG00000163479",101.902927991016,4,0,0.543345992845484,0
"ENSG00000089009",107.454079893818,5,0,0.642391955822357,0
"ENSG00000149806",330.300872761518,5,0,1.17265342777665,0
"ENSG00000166710",50.2223345619401,3,7.16390280430801e-11,0.229708124487997,2.44828224703928e-10
"ENSG00000041357",26.8272890725569,4,2.15427927375833e-05,0.123308386930591,4.08860827815393e-05
"ENSG00000143742",260.484648241913,3,0,1.31823947564438,0
"ENSG00000118271",36.0414017250161,4,2.83749804430578e-07,0.39951034314114,6.82440581635331e-07
"ENSG00000110717",106.7716329572,5,0,0.423528198628118,0
"ENSG00000143947",83.9955930204213,5,1.11022302462516e-16,0.35072592888658,6.08328814319404e-16
"ENSG00000145425",59.4252362811219,5,1.59765534135659e-11,0.27565538655162,5.88469717399676e-11
"ENSG00000131469",215.23099054095,5,0,0.902242642929702,0
"ENSG00000165092",70.7426263617415,4,1.57651669496772e-14,0.380807911479975,7.55588362961638e-14
"ENSG00000242372",83.0154970697126,2,0,0.311858189849753,0
"ENSG00000132963",85.4914492938371,5,1.11022302462516e-16,0.474938609750286,6.08328814319404e-16
"ENSG00000138413",102.960159140863,3,0,0.759168350349193,0
"ENSG00000163468",134.669827150184,2,0,0.41296652286081,0
"ENSG00000112695",221.648883889454,5,0,0.801958083089066,0
"ENSG00000196419",244.484208752164,4,0,0.751814139717979,0
"ENSG00000157020",67.6230449602472,4,7.20534742981727e-14,0.381357193470146,3.24975873875432e-13
"ENSG00000169714",34.0284877200186,4,7.35231008741621e-07,0.173966618095599,1.69452430635815e-06
"ENSG00000174851",97.5786368857865,5,0,0.318695002499867,0
"ENSG00000150991",141.720778244693,5,0,0.658363692209136,0
"ENSG00000154723",182.952477859917,5,0,0.934529505927757,0
"ENSG00000125968",10.9668263381748,3,0.0119066172540425,0.208002977889954,0.0160448927630695
"ENSG00000092108",100.350943641217,5,0,0.258846164435852,0
"ENSG00000211450",36.4545624321554,5,7.70311256337308e-07,0.256829524911427,1.76718464689147e-06
"ENSG00000090520",71.1473040720114,5,5.91748872125208e-14,0.230665295704438,2.69333754383762e-13
"ENSG00000130208",197.501211495042,5,0,0.970788229176953,0
"ENSG00000120129",33.8380808726971,5,2.56441493340365e-06,0.418576027024582,5.48453903498909e-06
"ENSG00000117519",73.4625115366204,4,4.21884749357559e-15,0.50761804530358,2.09782191618046e-14
"ENSG00000162244",73.684950989333,5,1.75415237890775e-14,0.270819918061399,8.36692825335134e-14
"ENSG00000170889",308.401996953907,5,0,0.818918662937886,0
"ENSG00000117410",118.582093735516,4,0,0.47025837767934,0
"ENSG00000116288",38.1104362213817,5,3.5853149671361e-07,0.178252154729608,8.56085410520252e-07
"ENSG00000241468",213.269554071431,5,0,0.976618535855392,0
"ENSG00000164405",299.757787488543,5,0,1.35266044522967,0
"ENSG00000169020",295.142451048208,5,0,1.57470170852729,0
"ENSG00000115233",86.3507192244032,4,0,0.440605127786183,0
"ENSG00000171858",264.098577471729,5,0,1.14314733817563,0
"ENSG00000165672",110.278560183312,4,0,0.377716144933823,0
"ENSG00000197958",151.653711886368,5,0,0.478516201748784,0
"ENSG00000126067",2.77649231461861,2,0.249512526831535,0.0454099263592188,0.274188075065151
"ENSG00000143158",1.2446075578709,4,0.870701078809023,0.0751905169956986,0.875543198054169
"ENSG00000115053",40.6478015841038,5,1.10524519869593e-07,0.19970012229068,2.77217238361437e-07
"ENSG00000134057",29.7666181583057,3,1.54519348993798e-06,0.927757539655488,3.38106694332964e-06
"ENSG00000171560",52.1370769322812,3,2.80022671717006e-11,0.537277187415458,1.00535215531611e-10
"ENSG00000163191",310.539449023861,4,0,1.60615751487735,0
"ENSG00000175166",96.404023373237,4,0,0.643945622991714,0
"ENSG00000159352",24.4363965786969,4,6.52944347659945e-05,0.119807066363631,0.000117317642953535
"ENSG00000104823",55.8756934286843,5,8.61991589218292e-11,0.257536219934933,2.92078581082655e-10
"ENSG00000138326",109.817364860074,5,0,0.686861280361955,0
"ENSG00000013275",33.1645604013347,5,3.49060881688068e-06,0.162417026530923,7.35468319573694e-06
"ENSG00000107984",33.3295319180949,2,5.78874077561409e-08,1.58628359983768,1.49335997440939e-07
"ENSG00000102317",42.4304142733095,5,4.81966914156473e-08,0.131401060306481,1.25311397680683e-07
"ENSG00000244038",36.4431196231789,5,7.74385830903945e-07,0.218424977905529,1.77244351860523e-06
"ENSG00000136156",182.562614991152,4,0,0.730330808055982,0
"ENSG00000174547",1.46551259271681,4,0.832732413418944,0.0455820979906239,0.839060167320304
"ENSG00000104904",28.0243048070226,5,3.60027249362016e-05,0.162433743108712,6.69246914935561e-05
"ENSG00000075415",100.214490410971,3,0,0.76218931926673,0
"ENSG00000112081",3.29194969853636,2,0.192824496321298,0.0679400532923689,0.216437879900148
"ENSG00000165678",3.97264365677567,5,0.553361301331277,0.0521258047512107,0.572353420877748
"ENSG00000108671",18.8359889452769,4,0.00084644957762714,0.246033616540835,0.00132879890284166
"ENSG00000111639",122.949990248065,5,0,0.650251547804281,0
"ENSG00000126267",188.825907714824,5,0,0.943682513665644,0
"ENSG00000197956",113.08754852086,5,0,1.60381563060858,0
"ENSG00000084623",4.92598208880446,3,0.177298029918895,0.0890232963931606,0.199912574551407
"ENSG00000184840",191.850173933671,5,0,0.739725198247592,0
"ENSG00000177600",238.204011404563,5,0,1.06085904978379,0
"ENSG00000146701",42.4531607568234,5,4.76882060507222e-08,0.240080650960575,1.24314340543757e-07
"ENSG00000074842",231.888910529277,5,0,0.905622881907443,0
"ENSG00000185787",6.87170056690723,3,0.0761015076760879,0.12388900124143,0.0913493655810132
"ENSG00000151655",73.5341496776341,3,7.7715611723761e-16,0.82735945102784,4.01497017450807e-15
"ENSG00000132432",329.9126482462,5,0,1.32716489226429,0
"ENSG00000167004",3.53266756628771,5,0.618450477842113,0.061120601543671,0.63244113132543
"ENSG00000228253",119.978866586264,3,0,4.22392836953203,0
"ENSG00000167283",176.160089949104,5,0,0.726905385459066,0
"ENSG00000160752",26.3334370854785,4,2.71041665776961e-05,0.305029264701136,5.10513137528765e-05
"ENSG00000113558",3.42754855086133,3,0.330281112806964,0.0588202554823463,0.355673596845182
"ENSG00000163956",13.2772116194993,3,0.00407390558296528,0.345054278938415,0.00588880683467873
"ENSG00000136930",44.391368464049,5,1.92890093897446e-08,0.205982962957721,5.1705983391108e-08
"ENSG00000166226",51.9473320018986,5,5.53063705943657e-10,0.181654154658141,1.73508471785794e-09
"ENSG00000167552",6.98691009331874,5,0.221615642764543,0.460026384527007,0.245021408259409
"ENSG00000115738",166.541985098624,4,0,0.936407757350219,0
"ENSG00000100906",30.1304387485055,4,4.60410285796353e-06,0.320436612274266,9.56902882391794e-06
"ENSG00000088986",85.7193319179503,5,0,0.312468621861819,0
"ENSG00000185624",69.2228765143895,5,1.48658862997308e-13,0.333155511696863,6.52720703094143e-13
"ENSG00000239672",3.33836877916377,3,0.342338027567291,0.0577813834313673,0.367662168915412
"ENSG00000105379",79.4149735334429,5,1.11022302462516e-15,0.358513929754913,5.69132370097793e-15
"ENSG00000197746",21.4421043327832,5,0.000668150297804981,0.173256427835999,0.00106231090514317
"ENSG00000110958",246.475331159883,5,0,0.540213200199011,0
"ENSG00000272398",56.8076210432533,3,2.82474044155379e-12,0.780347623139614,1.11697986843946e-11
"ENSG00000122786",129.922557278046,5,0,0.764980017744622,0
"ENSG00000113924",35.7913324162542,3,8.28899802129968e-08,0.430359323350001,2.10023147316752e-07
"ENSG00000167747",41.2377323258047,3,5.82237691393317e-09,0.61131754324024,1.64032686711233e-08
"ENSG00000124172",126.742795186586,5,0,0.830828363421258,0
"ENSG00000134308",242.618129290342,3,0,0.853444815617502,0
"ENSG00000079459",50.889594300872,4,2.35399366665945e-10,0.346010881798743,7.66300065955097e-10
"ENSG00000099341",71.5041957547036,5,4.98490138056695e-14,0.303339556342008,2.2951316773027e-13
"ENSG00000177700",64.6296707121842,3,6.01740879346835e-14,1.61848390422331,2.73256303429419e-13
"ENSG00000119888",26.3856141162221,4,2.64548310737744e-05,0.363943854712225,4.98755061665757e-05
"ENSG00000108654",170.505680461974,4,0,0.477696400058333,0
"ENSG00000150753",85.256992642749,4,0,0.449650525647363,0
"ENSG00000170860",72.1709983300795,5,3.61932706027801e-14,0.38221541251792,1.68591136367517e-13
"ENSG00000127184",87.4540518860713,5,0,0.534724387512832,0
"ENSG00000104341",87.3161385929279,3,0,0.680864930623658,0
"ENSG00000114391",66.912053287241,5,4.49418280368263e-13,0.560843671462049,1.9018999141542e-12
"ENSG00000123131",64.8717671917788,4,2.73780997872564e-13,0.429072733142267,1.18123732053911e-12
"ENSG00000100911",112.945941729761,4,0,0.515252762010146,0
"ENSG00000175197",105.821633251134,5,0,0.553529610700493,0
"ENSG00000101439",129.711027276735,5,0,0.369800135387344,0
"ENSG00000132646",18.4082737112383,3,0.000362289764576862,0.66001639218265,0.000597507746055869
"ENSG00000086061",184.804416247075,5,0,0.301342943686777,0
"ENSG00000136240",34.8136295056521,5,1.63915716744345e-06,0.213750938773367,3.56315148201642e-06
"ENSG00000130706",19.5199076838584,5,0.00153727622108024,0.0604896423779647,0.00233052012479314
"ENSG00000229117",42.9679735042245,3,2.499836893044e-09,0.349564489305261,7.31202291215371e-09
"ENSG00000105854",56.7143063786174,3,2.95730107069403e-12,0.72015132121383,1.16246478846056e-11
"ENSG00000169223",50.2000963351665,5,1.26109989118106e-09,0.288456718979262,3.81204815130567e-09
"ENSG00000110700",80.9186662757131,5,5.55111512312578e-16,0.551830006955202,2.90557052102557e-15
"ENSG00000130770",79.2845945165887,4,2.22044604925031e-16,0.449795783593903,1.20339705502967e-15
"ENSG00000125844",261.386072608481,4,0,2.06824968312427,0
"ENSG00000155660",36.6934745399302,5,6.89948430165899e-07,0.261790332960353,1.59570631116276e-06
"ENSG00000135940",215.317906777225,5,0,1.00126828884717,0
"ENSG00000143977",170.915617338147,5,0,0.873923591286104,0
"ENSG00000072506",47.0353203782654,5,5.58804225114784e-09,0.298801795324739,1.57654128191958e-08
"ENSG00000135821",112.911437226516,3,0,1.06201097887937,0
"ENSG00000143549",18.5624885187663,4,0.000957750770613663,0.296838407855164,0.00149058394581422
"ENSG00000176014",37.4248297876923,4,1.47245252102302e-07,0.261084318954957,3.67466507442256e-07
"ENSG00000170540",95.5597212846903,3,0,1.62469341621276,0
"ENSG00000233927",280.472008203296,5,0,1.63280098390658,0
"ENSG00000092621",71.2495704208488,5,5.62883073484954e-14,0.271555309661675,2.56783126871921e-13
"ENSG00000154277",8.69738035712022,4,0.0691250238533272,0.0930586678809343,0.0836311876181677
"ENSG00000171848",NA,NA,NA,3.17758675857836,NA
"ENSG00000148834",24.4161350108511,4,6.59087276215775e-05,0.175901914215785,0.000118101314630016
"ENSG00000135069",146.376082543365,5,0,0.759178045150125,0
"ENSG00000166681",59.1676338889489,5,1.80586656739479e-11,0.441156977367195,6.60269963703719e-11
"ENSG00000182944",19.1521810075241,4,0.000733638128969649,0.207783382763507,0.00116086415156773
"ENSG00000127922",109.660059548557,5,0,0.618372091496963,0
"ENSG00000141552",100.228535686109,5,0,0.657358298355981,0
"ENSG00000067064",125.388263294353,3,0,1.10307445641923,0
"ENSG00000114354",13.9929009329044,5,0.0156545732467885,0.149772639889701,0.0206890007892773
"ENSG00000090273",14.7561442880352,5,0.0114567315908027,0.0958078535078087,0.0154911210972853
"ENSG00000182117",186.824300228362,5,0,1.09142553499422,0
"ENSG00000103363",236.759854262481,5,0,1.25512765887277,0
"ENSG00000254999",8.75878780438591,4,0.0674196883332748,0.106623759121982,0.0816673325791009
"ENSG00000221983",169.828006786332,5,0,0.993621112644783,0
"ENSG00000142676",53.2594512678225,4,7.52027329298244e-11,0.459336320652757,2.56566442191116e-10
"ENSG00000008394",161.821819872111,2,0,0.570200286887715,0
"ENSG00000165629",18.7193840441018,2,8.61266197318411e-05,0.218292581386115,0.000151732370811897
"ENSG00000140391",18.7824229922426,4,0.00086719118200862,0.307438506397875,0.00135707573643993
"ENSG00000178999",84.9569994404929,3,0,1.66552480751304,0
"ENSG00000161057",9.48947298090788,4,0.0499640042490018,0.100086608759464,0.0616491342749781
"ENSG00000143870",19.4955173231048,5,0.00155350450107106,0.177555533080424,0.00235332860063239
"ENSG00000234741",176.470867555895,5,0,0.693925249464494,0
"ENSG00000196975",22.6763261317817,2,1.19096320904122e-05,0.378669214685004,2.35235930762958e-05
"ENSG00000026025",31.7666371465122,5,6.60805438212897e-06,0.4530716255176,1.35081399445576e-05
"ERCC-00130",133.979645556612,5,0,0.708109670152563,0
"ENSG00000213593",65.4124469589419,4,2.10609307771392e-13,0.378365781724852,9.18644546397586e-13
"ENSG00000113387",13.7206101307827,2,0.00104859399409196,0.190836307389713,0.00162307661809254
"ENSG00000115875",36.4506353649182,5,7.7170720247377e-07,0.418646715092847,1.7683474950695e-06
"ENSG00000172893",108.646398786009,3,0,0.955289629276212,0
"ENSG00000131871",271.821239475426,5,0,1.30371479895106,0
"ENSG00000169230",3.06190409629885,2,0.216329613037016,0.0708023231174293,0.23997746811524
"ENSG00000172115",80.6899619285869,5,5.55111512312578e-16,0.143382029637072,2.90557052102557e-15
"ENSG00000168036",235.495720293717,2,0,1.06462872263718,0
"ENSG00000078668",88.2737515471376,3,0,0.766572002832507,0
"ENSG00000111775",151.48679345171,4,0,0.655723945861073,0
"ENSG00000092199",14.2477547763232,4,0.00654489555911097,0.0832505219354873,0.0091662121177433
"ENSG00000167088",55.4705054576216,5,1.04451336468969e-10,0.336179067838544,3.50343521478549e-10
"ENSG00000131051",76.6761879672492,5,4.10782519111308e-15,0.316472020153962,2.04773541481802e-14
"ENSG00000180879",304.343749419242,4,0,1.41895620236456,0
"ENSG00000165280",58.1371295947296,4,7.14162062820378e-12,0.272727337018978,2.71600065573563e-11
"ENSG00000174021",36.2023410341497,2,1.3764534512184e-08,0.179556691058263,3.72485158431754e-08
"ENSG00000169100",80.7425305308509,5,5.55111512312578e-16,0.388567054794101,2.90557052102557e-15
"ENSG00000129562",152.145829364893,4,0,0.79172858020887,0
"ENSG00000106803",248.459566016636,4,0,1.1289741636742,0
"ENSG00000100138",161.641625205128,4,0,0.717312911811442,0
"ENSG00000102898",2.35161844220703,4,0.671387662707019,0.0776154346224343,0.684113760821854
"ENSG00000101361",27.8207830008221,4,1.3560720882988e-05,0.175301284184024,2.65998755781687e-05
"ENSG00000165916",10.1050444679618,4,0.0386949123800051,0.135364464034346,0.0485578427279686
"ENSG00000140374",41.6967927537302,4,1.9278625362773e-08,0.207909074923838,5.1705983391108e-08
"ENSG00000100075",100.166515308795,3,0,1.37606759887572,0
"ENSG00000198755",56.9951580615019,4,1.24006360735507e-11,0.253433130574037,4.62755443720306e-11
"ENSG00000114942",15.4485231190933,4,0.00385588884154742,0.177351604924891,0.00557771847697295
"ENSG00000123349",156.416853739308,5,0,0.80511700468768,0
"ENSG00000226950",18.6675169611043,4,0.000913394734183059,0.168663356028432,0.00142601422785723
"ENSG00000116133",37.3847349666667,3,3.81485645295498e-08,0.606711071744712,1.00234471399306e-07
"ERCC-00096",100.617402708695,4,0,0.435913184953423,0
"ENSG00000232112",73.1029403388066,5,2.30926389122033e-14,0.549475593876179,1.09100377188533e-13
"ENSG00000001036",48.1225473952383,2,3.55075968627716e-11,0.327132265333392,1.26115375285808e-10
"ENSG00000180210",61.7870683754294,4,1.22124532708767e-12,0.395994388128239,4.96739663717256e-12
"ENSG00000067560",118.09681285126,4,0,0.382020077455643,0
"ENSG00000119705",170.162990983676,5,0,1.15135342173483,0
"ENSG00000250722",137.211605810835,4,0,0.802681732217622,0
"ENSG00000079246",60.0458664568957,4,2.83717493942959e-12,0.371117051674403,1.11967082431061e-11
"ENSG00000125977",53.1139413806198,5,3.18696402601404e-10,0.316234302746321,1.02736976462592e-09
"ENSG00000182004",30.5714598403976,4,3.74368304079109e-06,0.131447647901039,7.85462612672308e-06
"ENSG00000179091",26.0817146698081,4,3.04664075103656e-05,0.186898792918711,5.7167626922752e-05
"ENSG00000106211",91.7047837605696,5,0,0.67545708647106,0
"ENSG00000138772",28.2264056571071,5,3.28708332368866e-05,0.461785975661276,6.13897533410022e-05
"ENSG00000205581",95.8935832901978,4,0,0.39613340591346,0
"ENSG00000120742",96.5937964835356,5,0,0.482244816841559,0
"ENSG00000112245",73.2479932943157,5,2.1538326677728e-14,0.269773700880259,1.02242796568022e-13
"ENSG00000116459",57.9096598978279,4,7.97162336141355e-12,0.374117813189809,3.01436480339383e-11
"ENSG00000173207",59.3868953574743,4,3.90254495385989e-12,0.394751603959137,1.50721590548103e-11
"ENSG00000136238",18.4065546267694,5,0.00247775465936262,0.142667358676647,0.00364785641559752
"ENSG00000128595",11.3952243730452,4,0.0224635538114291,0.152680596002575,0.0289941651725713
"ENSG00000135624",30.344842600163,3,1.16774254932395e-06,0.299984340536687,2.61264334151331e-06
"ENSG00000184164",94.484974084603,5,0,0.565778372784779,0
"ENSG00000163993",210.8684552156,5,0,1.88502609567696,0
"ENSG00000109332",72.1794034104546,5,3.60822483003176e-14,0.341798464125772,1.68468525514863e-13
"ENSG00000178057",54.7808729265334,4,3.61124463665874e-11,0.336163456167821,1.28035037117901e-10
"ENSG00000213190",7.24508312787679,3,0.0644831204869701,0.423359256740312,0.0783009320198923
"ENSG00000112308",4.73772625483642,3,0.192040786741097,0.210923735828644,0.215699332037167
"ENSG00000164104",212.758983126419,5,0,0.94607542283239,0
"ENSG00000182199",84.6457698270127,5,1.11022302462516e-16,0.498681271256792,6.08328814319404e-16
"ENSG00000204386",21.9192540344194,4,0.000207975462280907,0.222531802747074,0.000352954944092768
"ENSG00000166986",59.7075192847173,5,1.39692701850436e-11,0.306340950993506,5.16447553867131e-11
"ENSG00000105677",77.0006039161817,4,7.7715611723761e-16,0.50717344521418,4.01497017450807e-15
"ENSG00000127884",25.9471826331988,4,3.24301470626676e-05,0.334231089285535,6.06806796873432e-05
"ENSG00000075142",64.3240922656442,2,1.0769163338864e-14,0.450405385812489,5.19899657305838e-14
"ENSG00000148248",43.3496118333623,4,8.75578265446819e-09,0.315156101225141,2.44253179519456e-08
"ENSG00000120438",95.1537104075445,5,0,0.371096961953374,0
"ENSG00000089693",69.7379342391799,4,2.57571741713036e-14,0.337615619667569,1.21400519968538e-13
"ENSG00000068697",59.3985868929614,4,3.88056253797231e-12,0.467923205496144,1.50164180700913e-11
"ENSG00000215021",71.5731883774691,4,1.0547118733939e-14,0.546221203054597,5.10418957708142e-14
"ENSG00000115306",99.5919397536665,2,0,0.467603964116502,0
"ENSG00000179010",17.6801994312589,4,0.00142492817375484,0.267757709952297,0.00216680591559508
"ENSG00000115414",14.8945873368327,3,0.0019089834389634,0.148872101094786,0.00284630289362683
"ENSG00000133112",54.1977945593692,2,1.70252700826268e-12,0.335459115866665,6.84106306956458e-12
"ENSG00000085733",3.27940647777419,3,0.350519179667258,0.380591097593437,0.375839702618962
"ENSG00000168090",27.1874007106019,4,1.82178185391679e-05,0.132477442369614,3.50098947578792e-05
"ENSG00000166913",12.4739503412333,2,0.00195576243231677,0.199224907015108,0.00291386627556408
"ENSG00000166794",31.9953557767195,5,5.95385435175899e-06,0.196692057191071,1.22210694588737e-05
"ENSG00000265241",56.8175925125578,5,5.514200207557e-11,0.482532806000411,1.9008222205946e-10
"ENSG00000099194",38.9019767116103,3,1.82066933751557e-08,0.417944161683973,4.90692589745049e-08
"ENSG00000167815",36.5200302976493,4,2.26168858308284e-07,0.195213716670982,5.50611822735835e-07
"ENSG00000167468",45.6751761111344,5,1.05755159074405e-08,0.194773421455483,2.92148626943045e-08
"ENSG00000173660",106.715879124814,5,0,0.687841295973891,0
"ENSG00000113013",21.8371022032177,5,0.000562275675579205,0.106987724540745,0.000901908321554063
"ENSG00000111229",32.7342127102074,4,1.3538903387289e-06,0.360761425030734,2.99209764859087e-06
"ENSG00000129559",89.5751504370034,2,0,0.480573368442534,0
"ENSG00000134285",217.787280739839,4,0,1.26224468864512,0
"ENSG00000101444",88.425174707966,3,0,0.793558542978707,0
"ENSG00000115484",34.8638603738382,4,4.95427064373111e-07,0.196617724210875,1.16066481865503e-06
"ENSG00000125991",12.2906193748202,4,0.0153160568474915,0.108287948164319,0.0203090913797737
"ENSG00000074416",16.7881905589873,3,0.000781283333934235,0.535820797465996,0.00123429114471421
"ENSG00000116161",185.983642244689,5,0,0.327142621115083,0
"ENSG00000168894",216.71672618426,5,0,1.13645577686151,0
"ENSG00000112096",35.7785160731883,3,8.34086935075362e-08,0.388825695239459,2.11068564104949e-07
"ENSG00000107438",10.0077244102298,4,0.0402977661486318,0.256479283990217,0.050378539830062
"ENSG00000130513",127.213142601741,5,0,1.31659430387721,0
"ENSG00000070010",54.9997429339375,4,3.24937854401242e-11,0.337570151748126,1.15824622294636e-10
"ENSG00000168496",23.2941439609773,3,3.50649739031539e-05,0.728729908977261,6.5242500555073e-05
"ENSG00000109814",74.8025533500419,5,1.02140518265514e-14,0.527690558355558,4.96717581491707e-14
"ENSG00000141543",30.6376181951211,2,2.22395369009476e-07,0.357896855609915,5.42753851484476e-07
"ENSG00000185088",50.1492110169221,4,3.36089489572089e-10,0.578156243307663,1.07819676574014e-09
"ENSG00000023734",126.802930159585,5,0,0.414031684500848,0
"ENSG00000156261",56.8375124428509,4,1.33818511827144e-11,0.251722840161262,4.96576529895876e-11
"ENSG00000166441",92.8139609385602,5,0,0.657202963511509,0
"ENSG00000146425",49.9581185946054,2,1.41818778942593e-11,0.349427724279199,5.23334974613761e-11
"ENSG00000065518",31.2528011898852,3,7.51983564306613e-07,0.354218935343877,1.73112883033085e-06
"ENSG00000173692",136.258965461998,4,0,0.912193478700049,0
"ENSG00000100823",8.71155815281472,4,0.0687277042191771,0.137086948450112,0.0832010978039825
"ENSG00000147140",34.4046546511556,3,1.62737122222367e-07,0.407448054999096,4.02592209079961e-07
"ENSG00000181061",162.881449455161,5,0,0.541377575099997,0
"ENSG00000163682",85.8563234820301,5,0,0.532615124584707,0
"ENSG00000088832",24.4608914412098,4,6.45593854627924e-05,0.280614885222829,0.000116206893833026
"ENSG00000163950",58.2642901439933,5,2.77431411177531e-11,0.22497261538265,9.99657747884256e-11
"ENSG00000142168",20.9967926488542,4,0.000317133179143947,0.132586154888528,0.000526086649972736
"ENSG00000158864",23.8389764752697,4,8.6035431690612e-05,0.287815260623675,0.000151706093645946
"ENSG00000198856",35.3003804853725,5,1.31059574115522e-06,0.243033463648622,2.90286740440727e-06
"ENSG00000187446",51.8290366931812,4,1.4978018825218e-10,0.473651477861883,4.95695165446898e-10
"ENSG00000182054",24.5449940347251,4,6.20976124509065e-05,0.13477448332706,0.00011228377378623
"ENSG00000233276",39.2124238241444,4,6.29692494813483e-08,0.263624775526032,1.6098436660463e-07
"ENSG00000178381",133.93411104165,4,0,0.837768133367997,0
"ENSG00000101558",12.4848090815561,5,0.0287159661234256,0.0521234588610517,0.0365192177874
"ENSG00000109919",10.7769221623842,2,0.00456899924706955,0.167187130879607,0.00656628576764547
"ENSG00000229314",12.3764283217645,4,0.0147609308189939,0.158251567932475,0.0196253284752532
"ENSG00000169908",2.81991605428462,3,0.420231865187022,0.155724744738977,0.445544338942957
"ENSG00000167553",66.5716759314425,3,2.30926389122033e-14,0.715199011486213,1.09100377188533e-13
"ENSG00000100387",85.5276216579626,5,1.11022302462516e-16,0.669674877036672,6.08328814319404e-16
"ENSG00000167792",23.9354410845967,4,8.22903008904641e-05,0.189981436166918,0.00014548925197434
"ENSG00000107223",124.304315127386,5,0,0.716849779534346,0
"ENSG00000173113",186.947414305495,5,0,1.14789174766069,0
"ENSG00000121073",100.789679761138,5,0,0.524830411065787,0
"ENSG00000117592",6.66406788401728,2,0.0357203779540765,0.050242247746615,0.0449385400067413
"ENSG00000054118",94.3956963243897,5,0,0.619571541579033,0
"ENSG00000158710",12.0934234928224,4,0.016669898727999,0.167969800615585,0.021928854874332
"ENSG00000187837",0.935248125321336,3,0.816914357920222,0.249803821518035,0.824374763015384
"ENSG00000135390",29.1528169392105,4,7.27802533617705e-06,0.33799380307836,1.47714208098532e-05
"ENSG00000180817",57.4359131760571,4,1.00223163101987e-11,0.398190077964126,3.77545211003507e-11
"ENSG00000169242",43.0634958319051,4,1.00386561285859e-08,0.298971093757697,2.78090348743139e-08
"ENSG00000148677",46.6360266204539,3,4.15380618790095e-10,2.80844778606857,1.31769067109011e-09
"ENSG00000184983",66.2557223954276,4,1.3988810110277e-13,0.503420551196645,6.18305406874242e-13
"ERCC-00002",57.9446265922973,4,7.83795250924868e-12,0.378804375888253,2.97513121009458e-11
"ENSG00000140990",49.127560489345,5,2.08993744532648e-09,0.423738301258914,6.16748602189077e-09
"ENSG00000159176",27.4716613460321,5,4.61598480737679e-05,0.581150755241043,8.44636042490565e-05
"ENSG00000149131",36.7290748128469,3,5.25052968880502e-08,0.80977653996418,1.36157803794435e-07
"ENSG00000144224",122.961875664722,4,0,0.6685089755249,0
"ENSG00000143612",16.2490234410729,5,0.00616792083586404,0.154940573307567,0.0086883814040606
"ENSG00000214078",16.762987187958,4,0.00214899580827721,0.150781999804866,0.00318743673576687
"ENSG00000116489",85.3718146662605,4,0,0.376180258183016,0
"ENSG00000130741",32.9659719798072,4,1.21379613104988e-06,0.270073140958979,2.70049273451702e-06
"ENSG00000142657",79.0615133012478,4,2.22044604925031e-16,0.46802896601587,1.20339705502967e-15
"ENSG00000178952",35.2693164671518,4,4.08965498244207e-07,0.372180877198356,9.67220423314777e-07
"ENSG00000131174",66.5746555235962,4,1.19793064357054e-13,0.562436123033312,5.30664599122898e-13
"ENSG00000113811",202.466561862488,5,0,1.10856897477848,0
"ENSG00000120265",12.0139611419382,4,0.0172477480062837,0.0720609754910853,0.0226142193701373
"ENSG00000116221",7.88218656092625,4,0.0959904413334874,0.0795523224515499,0.113375883498994
"ENSG00000167900",45.037964919816,3,9.08238817487472e-10,1.88594142824204,2.7834930785556e-09
"ENSG00000084652",8.99817663335823,4,0.0611450726131858,0.221499964372907,0.0743838222798939
"ENSG00000142669",54.6310864919316,4,3.88181708999014e-11,0.510283779085964,1.36653702513104e-10
"ENSG00000008988",39.1218293409888,5,2.24444740348773e-07,0.521828696056492,5.47084054600133e-07
"ENSG00000167460",56.0683203735124,3,4.06219502480099e-12,0.891195908508932,1.56583447758317e-11
"ENSG00000105185",35.7356292528745,5,1.07276035132831e-06,0.479394093730059,2.4191840575873e-06
"ENSG00000086598",50.0030947913165,5,1.38377809211221e-09,0.249776069925648,4.16389504570527e-09
"ENSG00000183978",69.2467906785508,4,3.27515792264421e-14,0.590078730053466,1.53277390779749e-13
"ENSG00000101084",97.9126478014011,4,0,0.419408189511037,0
"ENSG00000178982",87.7808768877763,4,0,0.576491516221259,0
"ENSG00000100028",36.6966318150174,4,2.08003584356575e-07,0.309995714874208,5.12028625353005e-07
"ENSG00000157456",34.9959187680776,3,1.22067079555421e-07,1.39627436415694,3.05438118154988e-07
"ENSG00000163466",9.99717630030954,2,0.00674746668711701,0.113680763560212,0.00941804297591279
"ENSG00000239900",15.8380705669725,3,0.00122404241227947,0.232751641417961,0.00187422660355956
"ENSG00000100852",26.4840263384944,5,7.18741896549302e-05,0.245517797732656,0.0001279836734321
"ENSG00000089685",59.8291785014649,3,6.39377439881628e-13,1.2356810531828,2.66050570695514e-12
"ENSG00000168393",38.449179281132,3,2.27056928814307e-08,0.416222200495359,6.04573268288696e-08
"ENSG00000112118",60.7719058204756,3,4.02122779519232e-13,1.16434834976517,1.70902181295673e-12
"ENSG00000132002",161.545331367048,4,0,1.22363121916369,0
"ENSG00000165119",13.2783144519688,2,0.0013081292367354,0.189210015228683,0.00199989934809125
"ENSG00000118418",18.9630237264347,3,0.000278254244779119,0.399784009248858,0.000465473248835717
"ENSG00000126432",125.398271093987,5,0,0.665781322939042,0
"ENSG00000154473",59.3996132502772,5,1.61725077774122e-11,0.25485756959923,5.94586284090071e-11
"ENSG00000074696",32.6773765443366,4,1.3906379612294e-06,0.409509107533776,3.0634124219457e-06
"ENSG00000140941",22.637876473645,5,0.000395838039600194,0.214219578137896,0.000646936615254548
"ENSG00000172809",70.4486058970171,5,8.26005930321116e-14,0.608174490053706,3.70028332299257e-13
"ENSG00000118515",60.0233142338001,3,5.81090731088807e-13,0.762155228426611,2.42812912633537e-12
"ENSG00000179218",20.3585429329581,4,0.000424240449804936,0.231307046156212,0.000689954419183988
"ENSG00000067167",41.6467852244377,5,6.94383928134812e-08,0.385569218347204,1.76841182210005e-07
"ENSG00000116209",2.72221439263762,4,0.605333013822352,0.06288895467352,0.620942426246858
"ENSG00000147684",46.516803508452,2,7.92509391445151e-11,0.415853782737341,2.69914585545275e-10
"ENSG00000163902",17.1878868632167,5,0.00415690979940631,0.166683368090652,0.00599571688978908
"ENSG00000134248",138.645368827404,2,0,0.79758369932315,0
"ENSG00000175756",26.3841498349572,5,7.51585017751966e-05,0.268526964314712,0.000133592725675483
"ENSG00000125868",27.4311041326585,4,1.62625251423076e-05,0.0680224859542808,3.14651386265077e-05
"ENSG00000175768",41.6553543821012,4,1.96635645544063e-08,0.232550359296021,5.2639071196116e-08
"ENSG00000241685",13.6880342565566,4,0.00836025762200288,0.210549460616748,0.0115395922346729
"ENSG00000131910",23.6953514792971,4,9.19272714779984e-05,0.490149585193334,0.000161379826098622
"ENSG00000130520",12.632670415463,3,0.00550222563394698,0.261948163636367,0.00780037547107665
"ENSG00000105254",32.5497796551295,4,1.4767957730033e-06,0.285878436845797,3.24210462748738e-06
"ENSG00000069849",107.543424333472,4,0,0.595163127150104,0
"ENSG00000123562",25.444223340949,4,4.09522768622939e-05,0.283076518436076,7.52810338993553e-05
"ENSG00000164924",125.928989834135,4,0,0.617856701971763,0
"ENSG00000162910",68.2645624095481,4,5.27355936696949e-14,0.495729093306876,2.42144235697055e-13
"ENSG00000109084",41.3678574749997,3,5.46383005506357e-09,0.643388415325155,1.54588306963321e-08
"ENSG00000103035",4.6911984128946,3,0.195856816653282,0.108610494632846,0.219222964728969
"ENSG00000155366",24.8754146110831,4,5.32963573044443e-05,0.336945406264984,9.69866922950957e-05
"ENSG00000167085",7.78089549112715,4,0.0999421377701988,0.174071318230801,0.117693849629914
"ENSG00000161944",25.5830295229522,4,3.83996877166837e-05,0.232595396333273,7.09823223684794e-05
"ENSG00000015475",5.5905670331956,5,0.348117043540479,0.0539092263185088,0.37346537195362
"ENSG00000128245",40.395449791216,4,3.58532709077153e-08,0.315564789027086,9.44531865370142e-08
"ERCC-00074",51.0547279025056,4,2.1742063704977e-10,0.490102393455125,7.10097942679791e-10
"ENSG00000138085",5.90103682512916,4,0.206661808204362,0.0829558643162682,0.230667977844263
"ENSG00000147123",68.5060463368632,4,4.69624339416441e-14,0.555920549112269,2.16724550139049e-13
"ENSG00000101294",50.9763078141082,5,8.74593064636997e-10,0.376503959769251,2.68451482339967e-09
"ENSG00000006327",66.5612006633751,5,5.31463761888062e-13,0.899648377598737,2.23012958311257e-12
"ENSG00000106105",18.7208049674703,5,0.00216635723642111,0.267788031334488,0.00321079325129776
"ENSG00000077942",73.8414890277096,4,3.5527136788005e-15,0.67985903384855,1.78443118867025e-14
"ENSG00000055044",18.6763402304456,4,0.000909762270990599,0.249161386878928,0.00142145888216834
"ENSG00000108107",120.55801688883,5,0,0.840358719524436,0
"ENSG00000090339",32.5479926735857,3,4.01117662751638e-07,0.981173568865066,9.5205612316588e-07
"ENSG00000163347",180.331885693444,4,0,0.900785352812429,0
"ENSG00000145741",23.5573109951401,2,7.66646069016996e-06,0.343432615426216,1.54494329409808e-05
"ENSG00000134419",37.5874467393631,2,6.88635881651578e-09,0.396408718959496,1.92373141658004e-08
"ENSG00000198668",22.4785053809793,4,0.000160919797388082,0.288630167244157,0.000276876710211846
"ENSG00000198258",96.0508765576436,5,0,0.83242721781482,0
"ENSG00000101365",16.6820620201074,4,0.00222808150067766,0.135121529388688,0.00329736168515466
"ENSG00000100567",48.4232556619675,4,7.70237207348146e-10,0.228434733468702,2.3788847910178e-09
"ENSG00000052802",61.5706585900208,3,2.71449529520851e-13,1.00658515262241,1.17372416134124e-12
"ENSG00000122952",89.6435338105572,3,0,1.8170769128282,0
"ENSG00000143774",12.4387542743609,4,0.0143700592304674,0.115929139913389,0.0191312234333331
"ENSG00000169429",22.6604354981556,5,0.000391934243417991,1.07118872111969,0.000642400915923881
"ENSG00000102172",95.216749348495,3,0,0.667739411151002,0
"ENSG00000165283",30.8071996216173,5,1.02251057026992e-05,0.253384449200226,2.03377352426687e-05
"ENSG00000131828",9.67183046677004,4,0.0463337738222468,0.0872903512519068,0.0574550349952923
"ENSG00000109861",95.7911827088454,3,0,1.48979472109852,0
"ENSG00000110092",7.95133114461293,3,0.0470283259298926,0.457606011330562,0.0582799627878856
"ENSG00000124783",26.6597001964459,5,6.64387979941727e-05,0.395791190859919,0.000118943986688037
"ENSG00000014641",43.0664027087992,2,4.44886794070953e-10,0.473664524915569,1.40904432071198e-09
"ENSG00000122566",16.3820818609948,4,0.0025470696618537,0.191774614714137,0.00374436183106208
"ENSG00000127324",4.98892724179399,3,0.172609743934299,0.496759402508641,0.195290546464915
"ENSG00000147535",89.0849851977808,5,0,0.550927237261037,0
"ENSG00000004779",56.5296510306362,2,5.30575583468362e-13,0.471151247649963,2.23012958311257e-12
"ENSG00000198832",109.530316308272,5,0,0.689217000435188,0
"ENSG00000110321",131.606725413947,5,0,0.731066912214668,0
"ENSG00000163399",20.1576893105073,4,0.000464844669455955,0.300156915703597,0.000750467571061603
"ENSG00000128590",19.2725397550954,5,0.00170988579972786,0.260058990461056,0.00256870306318634
"ENSG00000131462",78.3682342157818,3,1.11022302462516e-16,0.933393885367233,6.08328814319404e-16
"ENSG00000159140",154.871328706279,5,0,1.15090097212182,0
"ENSG00000087191",7.41511133962617,4,0.115511306439104,0.102281902035193,0.134448795176667
"ENSG00000183283",46.0757218371757,4,2.37508934741726e-09,0.197628512145672,6.95805820324794e-09
"ENSG00000176485",98.1814767273332,5,0,0.785822575777519,0
"ENSG00000177410",176.609886870437,5,0,1.10190996021689,0
"ENSG00000166562",140.215305470782,5,0,0.840339098801568,0
"ENSG00000188612",59.4689776752233,4,3.7505554217887e-12,0.339562198508018,1.45985415536942e-11
"ENSG00000228474",88.4297659386315,5,0,0.778537493317639,0
"ENSG00000196591",110.530111483769,4,0,0.763599833191291,0
"ENSG00000118181",88.7631092430509,5,0,0.773905924092238,0
"ENSG00000067225",117.423403360893,2,0,0.906340080891438,0
"ENSG00000164733",46.9006769889078,3,3.64886121317909e-10,0.522804467652093,1.16494140497804e-09
"ENSG00000160075",13.9063300521919,4,0.00760009098411818,0.279329407783865,0.0105441285566018
"ENSG00000136888",29.2064409552668,4,7.09767605422407e-06,0.25888099448618,1.44200997669578e-05
"ENSG00000213741",177.250627436135,4,0,1.67667184018931,0
"ENSG00000117724",51.1832627566476,3,4.47145653836856e-11,1.22213259730543,1.56304517659316e-10
"ENSG00000090266",100.454394740285,4,0,0.889484304021789,0
"ENSG00000138069",24.0133371138833,5,0.000215835424706601,0.153927059790526,0.000365358859354408
"ENSG00000168374",34.2927644334691,5,2.0818798933675e-06,0.217316522497608,4.50093381294343e-06
"ENSG00000102144",53.5784310123811,3,1.38011824191153e-11,0.557572041738476,5.1118346055159e-11
"ENSG00000087460",4.91516308644901,4,0.296113582233577,0.0684846200196663,0.320789714086376
"ENSG00000162496",65.1020949466287,5,1.06736841587463e-12,0.446698085748569,4.35933424881854e-12
"ENSG00000174744",15.1191556345157,4,0.0044603548705201,0.291358223742222,0.00641942535272394
"ENSG00000135535",227.139658903392,5,0,0.711785068553679,0
"ENSG00000182154",100.913269554946,4,0,1.11669727228612,0
"ENSG00000129474",9.15664513035781,5,0.10297688038184,0.248855431528937,0.121124195789166
"ENSG00000122705",8.46592635971008,3,0.0373026940800459,0.190344392199157,0.0468995313054433
"ENSG00000143106",31.3957325361656,2,1.52231070749131e-07,0.226179292708061,3.78484499650028e-07
"ENSG00000152795",13.488672841039,4,0.00911918695303549,0.194368723037297,0.012526286498334
"ENSG00000160789",3.35211052230973,4,0.500718371620833,0.0511094327604281,0.522797291944271
"ENSG00000183207",7.38832926959505,4,0.116735514314056,0.192991250672783,0.135482628368274
"ENSG00000088325",59.4792478339755,3,7.59392548843607e-13,2.07325806347958,3.14019081008302e-12
"ENSG00000092820",39.3781768125213,4,5.8194093432995e-08,0.222398652948656,1.49932709635009e-07
"ENSG00000143256",135.758035281599,5,0,1.1900056307748,0
"ENSG00000130332",88.2892995331741,3,0,2.28164278126775,0
"ENSG00000137804",48.4123183385698,3,1.73990155616366e-10,1.30025771881893,5.72957648213496e-10
"ENSG00000102103",26.186032377188,4,2.9025470519195e-05,0.273017649679079,5.45152604935589e-05
"ENSG00000124767",155.917000025929,4,0,0.913725098633205,0
"ENSG00000106028",8.39572401040797,2,0.0150276715826749,0.186091445730749,0.0199666257701673
"ENSG00000117118",2.77489843520923,2,0.249711452526349,0.0536676825620605,0.274255151338989
"ENSG00000144867",47.0931875206223,4,1.45826184461129e-09,0.531403019821545,4.36162828410804e-09
"ENSG00000184117",55.3397168049602,3,5.81079628858561e-12,0.695020566858918,2.22691210366026e-11
"ENSG00000064601",30.3407750222817,3,1.17004620037164e-06,0.710990267531776,2.61485605903281e-06
"ENSG00000146733",70.4988993124531,5,8.07132138902489e-14,0.66809221780318,3.62389576586242e-13
"ENSG00000082515",73.7267390553706,4,3.66373598126302e-15,0.481510207061155,1.8355594122751e-14
"ENSG00000178035",29.5081397379858,4,6.1628505692024e-06,0.37991248027999,1.26240059548338e-05
"ENSG00000156482",12.6383130803954,2,0.00180146232666645,0.195056391450722,0.00269812392149064
"ENSG00000214160",13.3156874992332,4,0.00983199613011654,0.17251199789797,0.0134404400706542
"ENSG00000151552",11.1986990603589,3,0.0106985538331239,0.233757586131655,0.0145152957531265
"ENSG00000241553",77.5442614169533,4,5.55111512312578e-16,0.936216437150449,2.90557052102557e-15
"ENSG00000132386",32.8348173739707,4,1.29120007452688e-06,0.346194782044259,2.86309581742916e-06
"ENSG00000124193",56.9874405822758,3,2.58582044665445e-12,1.04445052281629,1.02863937367914e-11
"ENSG00000128524",96.6336505057504,2,0,0.617423183526856,0
"ENSG00000135269",3.55342262377265,5,0.615319972717928,0.0721606789371682,0.629563490604918
"ENSG00000185825",2.81390240824442,4,0.58943530061451,0.074839857491538,0.606511543156886
"ENSG00000092010",27.5060320501776,4,1.57044179528443e-05,0.214238708527371,3.05039915119212e-05
"ENSG00000103018",58.4800066332119,3,1.24145138613585e-12,1.04373162160602,5.02901590025297e-12
"ENSG00000100220",2.5229185212679,2,0.283240403210728,0.114626158871224,0.308214656844031
"ENSG00000170515",18.1814961288658,4,0.00113726491841726,0.279185164534641,0.0017507894138792
"ENSG00000120699",26.9735118897601,4,2.01255361110819e-05,0.301525902991461,3.84162104845892e-05
"ENSG00000188186",53.100782109665,5,3.2068536715002e-10,0.556442893673284,1.03210873019642e-09
"ENSG00000183431",22.6648691780646,3,4.74277251674149e-05,0.323337742639657,8.67038100716803e-05
"ENSG00000125037",62.642970425325,4,8.06799071995101e-13,0.493941815216915,3.32240860082455e-12
"ENSG00000123975",85.0451725964105,5,1.11022302462516e-16,0.544063770481618,6.08328814319404e-16
"ENSG00000173915",118.185264830799,4,0,0.99993575682312,0
"ENSG00000151366",12.1383888358633,2,0.00231303580043118,0.172103576712217,0.00341800015383182
"ENSG00000241837",13.4718684492913,2,0.00118746532243053,0.248308219172006,0.00182102430710433
"ENSG00000117448",46.7545922741351,4,1.71535818882518e-09,0.311751912869328,5.09992143135019e-09
"ENSG00000125445",15.9369584140302,4,0.00310493316913274,0.112112681160437,0.00452764814765764
"ENSG00000169692",45.2596236279289,3,8.14871725651756e-10,0.891037061014701,2.51283699584704e-09
"ENSG00000170266",50.5919788816383,3,5.97606408803131e-11,0.567806418047467,2.05646911264607e-10
"ENSG00000213585",2.61993281096886,2,0.269829121011032,0.0978087125425878,0.295046795871876
"ENSG00000168288",20.3196302384925,2,3.86944213591756e-05,0.166771978124815,7.11963034999077e-05
"ENSG00000189159",48.5451219382242,3,1.6302659222589e-10,0.661310600777949,5.38637694247999e-10
"ENSG00000184752",74.5183073209549,3,4.44089209850063e-16,0.555352594305132,2.35544916904473e-15
"ENSG00000230989",18.8470972822979,4,0.000842210055933101,0.187561682083134,0.00132423383498098
"ENSG00000185651",8.43102570111465,4,0.0770057314479329,0.125435826859101,0.0922121612582411
"ENSG00000116030",6.05092543484961,3,0.109158708011026,0.13981228627414,0.127790859466705
"ENSG00000197102",104.03666844943,5,0,0.601053150513276,0
"ENSG00000155115",3.36097271670001,4,0.499329987949598,0.0778698277752849,0.521895610106018
"ENSG00000169976",110.444101232042,4,0,0.93403490909993,0
"ENSG00000113732",29.3221424153038,4,6.72355775721556e-06,0.464491988150807,1.37301400196117e-05
"ENSG00000133872",7.26422743824427,5,0.201719310157869,0.0741117078222161,0.225404330283147
"ENSG00000112312",86.9116359788748,4,0,0.504260143413784,0
"ENSG00000127540",66.6140523057858,2,3.44169137633799e-15,0.570313730931581,1.73304408798386e-14
"ENSG00000113575",97.0146800100328,3,0,0.673207629690917,0
"ENSG00000127022",21.9849013918726,5,0.000527069974072147,0.192407231142416,0.000847487613928457
"ENSG00000120694",176.164038425619,5,0,1.19169777870827,0
"ENSG00000161970",25.5625444267082,2,2.8129629111584e-06,0.356931365457847,6.00320089087345e-06
"ENSG00000117395",7.07142762932187,4,0.132161404468827,0.213297588082871,0.151859638063834
"ENSG00000198467",24.3399852550026,3,2.12125941638774e-05,0.647404151467659,4.03363764741417e-05
"ENSG00000156411",78.8444995204292,4,3.33066907387547e-16,0.737301793734617,1.78563363556289e-15
"ENSG00000225921",54.3540604848643,4,4.43670655769779e-11,0.533218766858579,1.55362840550368e-10
"ENSG00000092964",6.55391814032128,3,0.087560187607695,0.430195152996542,0.103850455069592
"ENSG00000197345",89.853109210551,5,0,0.780896511598263,0
"ENSG00000113460",23.7525813593392,2,6.95332441491558e-06,0.341899177213531,1.41557443820543e-05
"ENSG00000131238",43.5694511812868,3,1.86290349812879e-09,0.460060829327198,5.53032098175845e-09
"ENSG00000100243",49.902516411053,3,8.38036307015955e-11,0.700305261053109,2.84932344385425e-10
"ENSG00000070081",165.303013347278,5,0,1.12643499865527,0
"ENSG00000128463",8.30879252984029,3,0.0400429044106199,0.171636767647736,0.0501229306939729
"ENSG00000100353",2.51805871187875,2,0.283929487261414,0.05631376349232,0.308767495988492
"ENSG00000109062",59.6164330464923,3,7.09876601945325e-13,0.997113721949996,2.94155116931094e-12
"ENSG00000114850",106.198868776966,5,0,0.902189303941963,0
"ENSG00000111237",35.4062301074947,4,3.83308778162395e-07,0.342051162179994,9.10873548106335e-07
"ENSG00000134291",44.2081330120812,3,1.36309896703324e-09,0.512099388618724,4.10788461428653e-09
"ENSG00000060688",36.9278992293649,2,9.57653867317276e-09,0.484705794125377,2.65658792481738e-08
"ENSG00000079462",12.2288851596259,3,0.00663884361407274,0.0803589429828231,0.00927945182599486
"ENSG00000003436",0.174929619954243,2,0.916251113981234,0.0337292469858529,0.919023432026563
"ENSG00000179950",32.3354179817407,2,9.5159729762706e-08,0.443749767574629,2.39889356778229e-07
"ENSG00000116898",5.8886688974182,4,0.207618251228568,0.0811750033617364,0.231475729648891
"ENSG00000133636",14.8994206567346,3,0.00190464970898474,0.623361461006438,0.00284197169630206
"ENSG00000142546",24.537032637156,5,0.000171140110783896,0.150890828994937,0.0002931935231259
"ENSG00000088833",4.63392519978578,4,0.326961413926395,0.0532763337692245,0.352289410779848
"ENSG00000145912",2.9855308407371,4,0.560249692270029,0.0413886026312877,0.5788761755455
"ENSG00000141030",36.6011423824763,4,2.17637173949292e-07,0.254096308398092,5.33103865745249e-07
"ENSG00000138385",8.32103799415092,2,0.0155994597447137,0.197029529808895,0.0206298706331353
"ENSG00000245532",42.7387622273064,4,1.17232943352974e-08,0.570704005148424,3.21622516315952e-08
"ENSG00000090861",8.19820705885148,5,0.145645052289835,0.085305332376119,0.166487361496828
"ENSG00000105220",51.0598489864729,3,4.75054440229883e-11,0.851493977869911,1.65478683295488e-10
"ENSG00000120708",50.8418601602341,4,2.40867659151434e-10,0.415765191018155,7.81542861422841e-10
"ENSG00000196504",15.2801814707085,3,0.00159221354062289,0.0884269331636689,0.00240829865574063
"ENSG00000123983",88.1858502922935,4,0,0.595902510214528,0
"ENSG00000266472",130.052872026358,5,0,1.33732421445593,0
"ENSG00000139318",NA,NA,NA,1.91122117668851,NA
"ENSG00000211445",53.0991399503384,3,1.74626979543291e-11,1.03054930807441,6.39655731697248e-11
"ENSG00000048162",31.9824148437334,4,1.92899498840937e-06,0.395001454820666,4.17948914155364e-06
"ENSG00000185627",19.4446604111999,2,5.99301880542802e-05,0.333050527916456,0.000108661024649009
"ENSG00000000003",82.9192410107467,2,0,0.74599852047704,0
"ENSG00000124562",3.79480185986824,3,0.284491340891383,0.0965029914111044,0.309040566375184
"ENSG00000149150",84.0730181818998,5,1.11022302462516e-16,0.633157496826843,6.08328814319404e-16
"ENSG00000120306",71.0687892842246,4,1.35447209004269e-14,0.626777989545987,6.52311134889809e-14
"ENSG00000197894",46.1949098269607,3,5.15529396949432e-10,0.609464373367811,1.61988620937191e-09
"ENSG00000115758",146.199357450922,2,0,0.937971802569686,0
"ENSG00000114784",30.8491546313244,4,3.28613490130358e-06,0.182863482003091,6.94593232592224e-06
"ENSG00000063046",4.69776769289067,4,0.319736923206221,0.152992613511886,0.344878926386753
"ENSG00000105669",20.4183137352965,4,0.000412850157373468,0.128127527501886,0.000673081117226088
"ENSG00000099797",35.0227842906025,4,4.59555641540987e-07,0.388762048587385,1.08172327931956e-06
"ENSG00000185608",12.1804211360641,3,0.00678998879638848,0.138725219631587,0.00947074874895981
"ENSG00000132507",6.89068776405851,2,0.0318937924545241,0.257156448043493,0.040379855628293
"ENSG00000134294",58.3490780169893,5,2.66477950816579e-11,0.378293129531593,9.63681171225775e-11
"ENSG00000143543",26.0264266553621,4,3.12587058289848e-05,0.262225072889658,5.8543847357675e-05
"ENSG00000131876",29.0423928170162,3,2.19396215617174e-06,0.452570424745285,4.7278339421729e-06
"ENSG00000177556",69.7965719531943,3,4.77395900588817e-15,2.12320308630795,2.36204091112228e-14
"ENSG00000172336",6.70314310200441,4,0.152432333668536,0.161595747669128,0.173746654250268
"ENSG00000166451",25.1214252173726,3,1.45636744822708e-05,0.33397568489982,2.84549592782285e-05
"ENSG00000162704",41.4136025689668,3,5.34309529953703e-09,0.669932539808417,1.51387700153549e-08
"ENSG00000134375",33.6141587334211,4,8.94068653334301e-07,0.470531113788036,2.03467111153538e-06
"ENSG00000114686",34.1363059265492,2,3.86718859157753e-08,0.355167868066667,1.01475436789548e-07
"ENSG00000183291",21.4801617433301,5,0.000657147935231084,0.163366180443172,0.00104649098732956
"ENSG00000182220",37.8881574448846,2,5.92503812679723e-09,0.418246692329617,1.66688837824607e-08
"ENSG00000131669",21.7152228796261,4,0.000228347615011115,0.2572178129313,0.000385882248306804
"ENSG00000131747",44.8514148669114,3,9.95050819518895e-10,1.15676400875936,3.04017831032731e-09
"ENSG00000145494",84.7466935445533,4,0,1.14870222170122,0
"ENSG00000215301",87.8653398421039,5,0,0.615954468992656,0
"ENSG00000120053",31.4449579629355,4,2.4837895483687e-06,0.223596764743015,5.34081882346523e-06
"ENSG00000110104",24.1735422532558,3,2.29803304847565e-05,0.555013801216545,4.35313117468387e-05
"ENSG00000106052",70.2371350730008,5,9.14823772291129e-14,0.592134327984392,4.08895389457765e-13
"ENSG00000171490",2.35130154762565,2,0.308618073762383,0.0693016078795755,0.333972442172677
"ENSG00000198695",107.398477194286,5,0,0.99949297972556,0
"ENSG00000128050",84.4450317206926,4,0,0.668846586299404,0
"ENSG00000137710",79.4293275846082,2,0,0.59641960109977,0
"ENSG00000163739",3.30259285088551,4,0.508521548433607,0.66199961530002,0.530109727376543
"ENSG00000058262",12.5969291032175,5,0.0274634623052492,0.204144774589766,0.0350383749359466
"ENSG00000100216",7.38799778370627,4,0.116750741590358,0.152811128564053,0.135482628368274
"ENSG00000204444",39.3379279594464,4,5.93193232312217e-08,0.435663534148038,1.52436865512791e-07
"ENSG00000104763",6.30943415916208,4,0.177200619432439,0.115053733803161,0.199912574551407
"ENSG00000126088",12.1852289792388,4,0.0160257182001354,0.234362504358627,0.0211233621604171
"ENSG00000051523",32.2769646089717,4,1.67926234351246e-06,0.477565523214704,3.64634585288895e-06
"ENSG00000151465",0.781003109364495,2,0.676717378597608,0.0689939674796196,0.689191431659315
"ENSG00000116044",13.9874159257306,4,0.0073353273837804,0.140960725729061,0.0101956437221099
"ENSG00000178449",111.264857107888,4,0,1.04576262608369,0
"ENSG00000095380",162.670964123263,4,0,1.05539111162944,0
"ENSG00000031698",58.0116876267109,5,3.12805337188138e-11,0.447538366683485,1.11700146439355e-10
"ENSG00000123136",7.86191988181476,4,0.0967692251136654,0.143329578303783,0.114227886499158
"ENSG00000101310",5.35375599179116,5,0.374248599382847,0.118504382667568,0.399774685377273
"ENSG00000213639",33.0399622617625,4,1.17218723538759e-06,0.362384530352504,2.61670079818846e-06
"ENSG00000187608",135.529470370206,5,0,1.16836679122934,0
"ENSG00000249915",20.5428176120948,3,0.000130987858800724,0.260282590293297,0.000226946734455261
"ENSG00000072849",52.8539037304542,5,3.60383389796937e-10,0.585822147977937,1.1524156950259e-09
"ENSG00000130005",28.4888892674818,3,2.86752027223169e-06,0.909556451793442,6.1130737636322e-06
"ENSG00000144674",68.1507676956298,5,2.4846791291111e-13,0.566484790352566,1.0790451501751e-12
"ENSG00000112335",27.5650740699266,4,1.5278094600335e-05,0.155508085562442,2.97922844706533e-05
"ENSG00000172270",46.6830016969384,3,4.05934064140467e-10,0.774750930071825,1.29184456572062e-09
"ENSG00000164919",24.9665468352159,3,1.56911829185535e-05,0.362421042696345,3.05039915119212e-05
"ENSG00000126698",0.0477339016370151,2,0.976415612414025,0.00413079464173463,0.976415612414025
"ENSG00000168209",48.4416713039057,5,2.88589496744152e-09,0.61211940989456,8.35523302800753e-09
"ENSG00000102054",68.1975555295724,3,1.0325074129014e-14,0.989370559204229,5.00892010795336e-14
"ENSG00000150779",99.618035390071,5,0,1.12503831968307,0
"ENSG00000132676",4.42423041923409,2,0.109468853882317,0.114986935406705,0.128078559042311
"ENSG00000143727",43.8442047103469,2,3.01544900160877e-10,0.386315671000134,9.73657153279196e-10
"ENSG00000125971",36.571743582002,4,2.20691730334899e-07,0.436146479755312,5.39257802992769e-07
"ENSG00000117748",40.286923807295,3,9.26258891809084e-09,0.678059667869708,2.57668382630527e-08
"ENSG00000116649",13.4149656639611,4,0.00941650593881238,0.0887333423717786,0.0129079464591991
"ENSG00000111481",33.9313198497828,4,7.69751754337022e-07,0.4613455006302,1.76718464689147e-06
"ENSG00000142230",12.4081081358799,3,0.00610823316261344,0.242580480880946,0.00861650763151641
"ENSG00000173486",188.759137889772,5,0,1.85434110560945,0
"ENSG00000110711",10.8921305197347,4,0.0278034447959737,0.20359663482472,0.0354493921148665
"ENSG00000130748",26.4186718270518,3,7.79376265580556e-06,0.709948408388981,1.56900748202401e-05
"ENSG00000198898",105.097345873143,5,0,0.621988320124602,0
"ENSG00000135930",21.1357259701603,4,0.000297638122313093,0.365637098684605,0.000496229861928535
"ENSG00000106853",43.0881536193311,3,2.35719221919339e-09,0.821311475407177,6.92534021266715e-09
"ENSG00000128272",45.4447422704049,5,1.17811055355688e-08,0.600924975286513,3.22763345871161e-08
"ENSG00000101474",39.5366041740087,3,1.33588943240781e-08,0.779155589794536,3.62494417606976e-08
"ENSG00000090013",42.5171064409782,4,1.30324052660669e-08,0.561375581224986,3.54118225057472e-08
"ENSG00000092201",39.348821961453,4,5.90126369992561e-08,0.376369061223713,1.51844935305977e-07
"ENSG00000030582",55.7931458709694,3,4.65039118324739e-12,0.925529571355511,1.78564248329712e-11
"ENSG00000156990",16.2868821197069,4,0.00265740748362131,0.179597113059735,0.00389792292398436
"ENSG00000177156",1.0937036948335,4,0.895269894487323,0.0256438571546492,0.89909833147337
"ENSG00000070961",29.2584646091042,4,6.92696163007156e-06,0.262625360062965,1.41165232399717e-05
"ENSG00000179271",17.855258416384,4,0.00131712030968723,0.358100669926724,0.00201055433305287
"ENSG00000177889",53.7455665519808,3,1.27138299887974e-11,0.565011206464381,4.73554454077118e-11
"ENSG00000147274",42.6272155433574,3,2.95292912344536e-09,0.600464975629059,8.52197764964287e-09
"ENSG00000174780",46.8508830685552,5,6.09336014978368e-09,0.506269382302097,1.70940667671646e-08
"ENSG00000159479",20.4730308201405,4,0.000402688748533664,0.258104640712967,0.000657592710043889
"ENSG00000136518",96.4604929686091,2,0,0.773487893397564,0
"ENSG00000175061",14.2776720070652,4,0.00645959387473327,0.207316511610451,0.00907353970116135
"ENSG00000143153",8.81421675925268,5,0.116707852122922,0.61466301949411,0.135482628368274
"ENSG00000124226",14.7314370063489,4,0.00529190873648377,0.225906832773965,0.00753983271981822
"ENSG00000186480",42.8196459536601,4,1.12789961814741e-08,0.801635717524884,3.11150116573537e-08
"ENSG00000125970",6.42168186814073,4,0.169792434830078,0.154967597551201,0.192321841046141
"ENSG00000167515",36.2673398855221,5,8.39742084868256e-07,0.367986953211398,1.91982414575053e-06
"ENSG00000065911",8.57779898951021,5,0.127136382387201,0.242363086781396,0.146678807754144
"ENSG00000130429",4.51204502098729,3,0.211218412013332,0.283042471073314,0.234831426212698
"ENSG00000277443",27.8640947836045,4,1.32894820765728e-05,0.251328386532245,2.60935635244849e-05
"ENSG00000125877",3.76353357409884,4,0.438952877036728,0.0333665671350823,0.463170966804272
"ENSG00000112110",106.876979418084,5,0,0.251696753720452,0
"ENSG00000138363",32.4929086539547,3,4.11989443893646e-07,0.423785778508463,9.73214969007673e-07
"ENSG00000069275",16.5462557393097,3,0.000876022724797365,0.684973055533366,0.00136981855316192
"ENSG00000188529",25.6500151219418,4,3.72250563116516e-05,0.387818099139476,6.89391405995113e-05
"ENSG00000070756",27.7660471341509,2,9.34715560729771e-07,0.354543891869569,2.12231649576657e-06
"ENSG00000166851",NA,NA,NA,2.06238106766974,NA
"ENSG00000089248",38.8153368836775,4,7.60589068393713e-08,0.366570915178464,1.93207108178173e-07
"ENSG00000138495",89.8567077694724,3,0,2.18867891475031,0
"ENSG00000129235",23.8551263080834,2,6.60579572553388e-06,0.402306612660069,1.35081399445576e-05
"ENSG00000115806",6.7113650561832,5,0.243006511838408,0.163770944806226,0.267481987850909
"ENSG00000089063",24.2438766670504,2,5.43887492621131e-06,0.251061070941818,1.12102821017972e-05
"ENSG00000099250",60.9308065375756,3,3.71813690946965e-13,1.37638666381938,1.58699019590883e-12
"ENSG00000079385",20.9540701419959,3,0.000107613837453946,0.421807263378908,0.000187922671374801
"ENSG00000060971",61.6816392047105,3,2.57016630200724e-13,0.991850911007799,1.1137387308698e-12
"ENSG00000118520",15.8191867394869,2,0.0003672038664434,2.51055663793348,0.00060511059681518
"ENSG00000197728",55.3970845891083,5,1.08149600386298e-10,0.963556489243253,3.6213729826321e-10
"ENSG00000170312",42.2894344817659,3,3.48297091168348e-09,1.89303922728827,9.98217455812456e-09
"ENSG00000006652",5.70631112181396,5,0.335852842301309,0.155516851673373,0.361477977996376
"ENSG00000143799",29.0460080668159,3,2.19012764368642e-06,0.638474729709204,4.72468967819121e-06
"ENSG00000140105",24.340095708114,5,0.000186757051818587,0.336632003162588,0.000319397915792923
"ENSG00000100473",76.9824107985392,2,0,2.3071917280684,0
"ENSG00000070669",43.8279105616786,5,2.51020909614041e-08,0.557599372421203,6.67487418746428e-08
"ENSG00000169905",32.770721860541,3,3.60001541244159e-07,0.607449101653128,8.58564826780135e-07
"ENSG00000125901",6.03512616936632,3,0.109913710757726,0.15991438730514,0.128447926379034
"ENSG00000119048",66.0309409760482,5,6.84785561588797e-13,0.764526708592652,2.8435041377873e-12
"ENSG00000057608",63.6856441659468,4,4.86721773995669e-13,0.487945197132007,2.05103730609615e-12
"ENSG00000105404",178.619498924415,4,0,1.92403852451541,0
"ENSG00000146416",48.9116809774677,2,2.39311903627026e-11,0.223435676355662,8.7018533147012e-11
"ENSG00000187109",26.6636954984708,2,1.62200462761053e-06,0.33303529026411,3.53358948994233e-06
"ENSG00000042753",61.6232474663772,4,1.3221646000261e-12,0.664235615521248,5.33425028286392e-12
"ENSG00000143401",26.3218947091377,3,8.16619293941834e-06,0.703742036812581,1.63900683718497e-05
"ENSG00000175130",18.6882967190987,3,0.000317118514517767,0.719570604887258,0.000526086649972736
"ENSG00000135316",12.4632186805724,3,0.00595366476976722,0.328623517998108,0.00841637471717626
"ENSG00000106628",8.61029312828998,3,0.0349470910868195,0.293370849476552,0.0440492802101926
"ENSG00000134809",34.5155014821105,4,5.84119031921126e-07,0.393898712409643,1.36043648066876e-06
"ENSG00000139343",38.1056110363786,4,1.0657291393823e-07,0.432858725680141,2.67643340685782e-07
"ENSG00000165637",2.80852932300797,3,0.422097762635337,0.0870148726093456,0.447284203453215
"ENSG00000155463",2.76345581178063,4,0.59815720752253,0.0851260079656191,0.614215119133873
"ENSG00000242485",30.0337050991295,5,1.45249873380049e-05,0.294144119252582,2.84072761212308e-05
"ENSG00000137106",12.8159863388983,2,0.00164832910227553,0.285648133270098,0.00248750120214417
"ENSG00000108960",80.5327038123336,3,0,1.29192478942636,0
"ENSG00000176340",21.7829692129757,2,1.861608424647e-05,0.301784465412477,3.57407254500278e-05
"ENSG00000125944",23.4616111138796,4,0.000102383922330973,0.299302406076504,0.000179104328510383
"ENSG00000087074",15.298794357034,5,0.00915909421824934,0.437403163202623,0.0125637506207572
"ENSG00000102978",4.57369210412062,3,0.205810556245487,0.0744040803202706,0.229846825588026
"ENSG00000071462",20.6098422286879,4,0.000378352980744401,0.24252213344891,0.000622451677998853
"ENSG00000140995",48.5356070104028,4,7.29784010999879e-10,0.509166313511475,2.26096635183607e-09
"ENSG00000088205",50.9902556224876,2,8.46456238434712e-12,0.564540305419499,3.1946896740923e-11
"ENSG00000169813",44.5234446156462,2,2.14712247981197e-10,0.545469268639104,7.02405692820067e-10
"ENSG00000149923",21.0987553595805,4,0.000302706725198387,0.312992452597271,0.000503835712485014
"ENSG00000179933",4.38565444527856,3,0.222719245259877,0.191082121668389,0.246104766012165
"ENSG00000143575",23.0306307446722,4,0.000124854406410857,0.256845193273435,0.000216886824760869
"ENSG00000100348",19.1924048677444,5,0.00176978279541851,0.119742495417288,0.00265267368506964
"ENSG00000198015",55.5208156337744,4,2.52698972857957e-11,0.53321585965015,9.15515950846039e-11
"ENSG00000105568",53.9868808686133,3,1.12930775841846e-11,0.753299008043124,4.2381002481025e-11
"ENSG00000101856",67.5049581426604,3,1.46549439250521e-14,0.997484860068269,7.04074479877501e-14
"ENSG00000124207",103.550736222052,3,0,1.41080399959439,0
"ENSG00000004142",23.8888616993076,3,2.63507335304114e-05,0.432147740383046,4.97263842428731e-05
"ENSG00000164687",21.664912215148,3,7.65870496298726e-05,1.04296320723908,0.00013591591469824
"ENSG00000204387",62.4420924310091,5,3.79840603415005e-12,0.63346439838772,1.47271532201256e-11
"ENSG00000064666",49.1534429946848,3,1.20993770558186e-10,1.14384271997127,4.03109898894863e-10
"ENSG00000173418",11.1589527229016,5,0.048317927649116,0.282218886424582,0.0597663918495596
"ENSG00000177479",13.5011910891828,2,0.00117018251736456,0.232010027921509,0.00179590511345533
"ENSG00000196683",99.7690933109502,5,0,1.15959362944753,0
"ENSG00000099800",47.7340288733362,4,1.07228681489602e-09,0.564891182665652,3.25615034324913e-09
"ENSG00000129055",17.3936859989601,2,0.000167112553505211,0.287048249720471,0.000286540404242987
"ENSG00000110169",34.019470911203,3,1.96252475381797e-07,0.83734948182115,4.84300463442177e-07
"ENSG00000087586",37.6657261350366,3,3.32665172075863e-08,1.0209489195291,8.77547781510467e-08
"ENSG00000115677",72.314385852827,4,7.32747196252603e-15,0.778230297089753,3.58091934483152e-14
"ENSG00000013375",26.1615680330659,5,8.30223393991636e-05,0.347260256863379,0.000146653137713087
"ENSG00000150687",20.9866925183519,5,0.000814762461938123,0.599053074946391,0.00128412245387871
"ENSG00000163541",8.22116704702861,4,0.0838043860512867,0.146958966745572,0.0997527970412982
"ENSG00000198931",27.5699527928744,5,4.41656728601414e-05,0.231613760925744,8.08890638294855e-05
"ENSG00000164934",27.3231698824878,2,1.16640412262115e-06,0.262181707780692,2.61258761249263e-06
"ENSG00000008517",101.762567718851,5,0,1.87354945297147,0
"ENSG00000143653",21.9930758846294,2,1.67596232494294e-05,0.507013976344998,3.23325806431765e-05
"ENSG00000128708",61.7942272648595,4,1.2170264795941e-12,0.77455175453751,4.96038046703413e-12
"ENSG00000103485",12.2312598567182,4,0.0157119114142888,0.272444078121427,0.0207372208381025
"ENSG00000099783",22.4708422914135,4,0.00016148698157159,0.48579100721651,0.000277612451465767
"ENSG00000082153",59.9133593535772,4,3.02502467519616e-12,0.621103590058015,1.18674044950003e-11
"ENSG00000116717",30.9073243172326,5,9.77029206661317e-06,0.66178547104406,1.94720550305547e-05
"ENSG00000106615",13.7136539985659,4,0.00826732596354285,0.180668461633908,0.0114192439871436
"ENSG00000137133",87.3785886642963,5,0,0.669474081918541,0
"ENSG00000170348",21.4703227612142,4,0.00025542753744634,0.374475486841742,0.000429818419611481
"ENSG00000196792",3.94334711696975,4,0.413727275664472,0.13119036612648,0.439350534595107
"ENSG00000126768",32.5328094018573,4,1.48864832794082e-06,0.278736875304745,3.26092678884834e-06
"ENSG00000065427",27.4582427778473,4,1.60581378142455e-05,0.267238407920192,3.11302496223531e-05
"ENSG00000162344",23.7897718243328,4,8.80104394578307e-05,0.885958014158054,0.000154913950514713
"ENSG00000184990",13.4088352296052,4,0.00944165747510584,0.267161922782642,0.0129335101363537
"ENSG00000185043",25.7928864854972,4,3.48377037296954e-05,0.270251969205884,6.48803302606406e-05
"ENSG00000132780",11.963310255897,4,0.0176261952860368,0.273982448652716,0.0230042666823669
"ENSG00000074071",5.76342945722354,4,0.217525817958715,0.174547150715411,0.241169928606402
"ENSG00000115963",28.542216209595,4,9.68293576875112e-06,0.322599717522732,1.93173111775787e-05
"ENSG00000171759",35.504214725103,3,9.532144229496e-08,0.679595906408271,2.39992846486931e-07
"ENSG00000099817",17.3344404739826,4,0.00166408570680376,0.353034441417197,0.00250747459911567
"ENSG00000109519",3.2497043776204,4,0.516940445597514,0.139842924400855,0.537404652656471
"ENSG00000112237",88.0861222963737,5,0,0.504874117016577,0
"ENSG00000156976",27.7268142784823,4,1.41682807252019e-05,0.378696045837878,2.77369196480577e-05
"ENSG00000134684",25.7124834736567,4,3.61618472317637e-05,0.313807535832426,6.71577162875612e-05
"ENSG00000122545",14.1488726152131,4,0.00683476461187693,0.223604489980768,0.00951985070940001
"ENSG00000108010",10.7683116817915,2,0.00458871229098901,0.0775175115937097,0.00658985469081381
"ENSG00000173653",3.32397688160137,4,0.505142322269573,0.124256505984564,0.527139600731469
"ENSG00000076003",NA,NA,NA,3.7610005254482,NA
"ENSG00000035141",10.9397372642351,2,0.00421178541498746,0.286673103396354,0.00607046463073192
"ENSG00000143570",8.32871605592036,4,0.0802525111509577,0.296282747754826,0.0960422651499728
"ENSG00000175567",19.9527186531485,3,0.000173615509948322,0.40759775433425,0.000297178355668857
"ENSG00000122034",0.443546925300355,2,0.801096822131436,0.0311552747703793,0.808823136659607
"ENSG00000100380",10.0297038477843,4,0.0399302861127194,0.12499902399026,0.0500134377066744
"ENSG00000106400",39.8671187805264,4,4.61113918159839e-08,0.335848189156972,1.20361625094478e-07
"ENSG00000171135",5.80802805753298,4,0.21395089203028,0.142217737772501,0.237471163084949
"ENSG00000012504",39.8421530171259,5,1.60691415729275e-07,0.42584089459427,3.98026433232289e-07
"ENSG00000169738",6.67305574713853,4,0.154207855621542,0.0874836499328295,0.175569218563966
"ENSG00000009307",61.7133943740229,4,1.26565424807268e-12,0.542486543497776,5.11663881995235e-12
"ENSG00000148773",42.0954883160952,3,3.82922427100141e-09,1.46806105732642,1.09429986710083e-08
"ENSG00000073578",31.7543117467966,2,1.27244440317753e-07,0.560784240557058,3.17951245969863e-07
"ENSG00000091527",11.8058538554243,4,0.0188549195768231,0.307890615119442,0.0245434784282075
"ENSG00000005893",10.4622830856635,2,0.00534741751104217,0.175234494949161,0.00759715244961635
"ENSG00000129625",31.3880601861317,2,1.52816177378945e-07,0.41442248845742,3.79464889896032e-07
"ENSG00000108826",42.4732159228067,3,3.18377424424199e-09,1.28005875783688,9.16429373632028e-09
"ENSG00000076248",25.8419902921002,3,1.02922404201511e-05,0.690019398913652,2.04304053849107e-05
"ENSG00000116754",5.43174132946593,4,0.245794944558897,0.0588279580677304,0.270401628721043
"ENSG00000169689",30.8238287413714,4,3.3254458134957e-06,0.857229407865082,7.02156233868678e-06
"ENSG00000105197",5.03952316601488,4,0.283266160236747,0.111752303567911,0.308214656844031
"ENSG00000124299",53.7236044121272,4,6.01280136791615e-11,0.510888025973046,2.06553746472975e-10
"ENSG00000004455",47.4122270629748,2,5.06483743833996e-11,0.639831695894959,1.75504558621223e-10
"ENSG00000112972",17.9100493614136,3,0.000459043218440702,0.281394387224669,0.000742313687430149
"ENSG00000117906",99.3129186173354,3,0,1.21382373154978,0
"ENSG00000071553",10.0044312942343,4,0.0403531035480674,0.1278604429114,0.0504160320082325
"ENSG00000169021",3.57375387597086,2,0.167482411703533,0.139977269797687,0.190029958287694
"ENSG00000198431",73.8672276260045,5,1.59872115546023e-14,0.941528263743634,7.6438855245442e-14
"ENSG00000116478",15.3199752119469,3,0.00156265329330818,0.4255314369946,0.00236538614945964
"ENSG00000013306",14.5577768693615,2,0.000689952064392818,0.350883874227114,0.00109609796811287
"ENSG00000164054",28.5469045868191,4,9.66174662209163e-06,0.512047061394125,1.92943915977312e-05
"ENSG00000142484",24.0906279617102,4,7.66021821904106e-05,0.558156981466001,0.00013591591469824
"ENSG00000124733",33.7094263181987,4,8.54759543478245e-07,0.461005068704494,1.94967515135118e-06
"ENSG00000154639",110.131302178783,4,0,0.827468970782888,0
"ENSG00000103275",102.103413915902,5,0,1.61656883424575,0
"ENSG00000136718",1.8115146745974,3,0.612432425001033,0.0508223034246713,0.627545935615418
"ENSG00000116857",22.7123431305003,4,0.000144531091840205,0.252743686709438,0.000249325534839695
"ENSG00000107937",5.14543301338939,4,0.272698013419059,0.117960561377376,0.297692836822453
"ENSG00000116521",7.4818983166576,4,0.112510154600579,0.127818433092676,0.131173914126935
"ENSG00000176142",12.8850624727958,5,0.0244799971848504,0.244989277736969,0.0313728829901208
"ENSG00000106066",4.26455816585371,2,0.118566762204048,0.149840042949836,0.137429656191055
"ENSG00000104408",41.490730833307,3,5.14553522013017e-09,0.157259228488729,1.46206707897699e-08
"ENSG00000162368",174.328992846204,4,0,1.15490319662818,0
"ENSG00000126457",3.72075675200705,2,0.155613738722556,0.14590271043479,0.176967253470076
"ENSG00000149100",13.0344813086198,4,0.0111085353250283,0.197961860145384,0.015030528409171
"ENSG00000179115",5.89141655912706,4,0.207405429876039,0.10398245781701,0.231368143591386
"ENSG00000254986",15.083868057533,3,0.00174636253971816,0.525164248025072,0.00261954380957724
"ENSG00000100129",27.0484868150886,2,1.3381220160813e-06,0.37293446615955,2.96053914347687e-06
"ENSG00000065154",65.7331147680294,4,1.80300219199125e-13,0.726102504919167,7.89905585874583e-13
"ENSG00000164109",79.2846423144887,3,0,2.05245622942889,0
"ENSG00000163382",2.41445718486158,3,0.490949096371897,0.206175797969001,0.513946185623001
"ENSG00000068745",8.27501830978057,4,0.0820078099389137,0.137217951833032,0.0978485506709654
"ENSG00000002549",9.54631555798137,4,0.0488042161771206,0.239373960228617,0.0602929105442813
"ENSG00000131495",37.8236089280254,3,3.08025838169357e-08,1.07114307434323,8.14711957604855e-08
"ENSG00000118579",3.0984931726758,2,0.212407944604495,0.147768702007861,0.235890229937655
"ENSG00000172172",1.05811211488907,2,0.589160841271745,0.0828350963395244,0.606511543156886
"ENSG00000100225",42.1752698736582,2,6.94634794129456e-10,0.462168258199148,2.15879469613045e-09
"ENSG00000008952",109.052051579754,5,0,1.18123531882969,0
"ENSG00000171227",52.5665566303111,3,2.26804131031599e-11,1.41571136950773,8.27731039673121e-11
"ENSG00000077549",10.940366688741,4,0.0272424489603871,0.151608553670419,0.0347798772856767
"ENSG00000149485",33.2049091388975,4,1.08447320634752e-06,0.58373583138246,2.43842637220411e-06
"ENSG00000197170",21.0390632027391,4,0.000311071550437192,0.266854891964812,0.000517325513227069
"ENSG00000161547",36.4550099880424,3,6.00027985075968e-08,0.541679077606348,1.53795832772693e-07
"ENSG00000073111",41.5381723500984,2,9.5521357490469e-10,2.89323560077695,2.92295353920835e-09
"ENSG00000133318",23.1988318664724,4,0.000115554823895581,0.135826779873129,0.000201436060235153
"ENSG00000165688",18.2419408128975,3,0.000392093872263244,0.514468524300968,0.000642400915923881
"ENSG00000138279",22.5723691803837,2,1.25450475200184e-05,0.242049264035723,2.47295337138916e-05
"ENSG00000108055",11.5379717844646,4,0.0211390209797804,0.186506573274704,0.027355571066222
"ENSG00000130826",18.8191743356883,4,0.000852907085383547,0.21655590433279,0.00133577338017943
"ENSG00000172590",77.9875695173454,4,4.44089209850063e-16,1.16827064747846,2.35544916904473e-15
"ENSG00000101158",25.5669692069261,4,3.86867460520079e-05,0.439662823727973,7.11963034999077e-05
"ENSG00000125356",44.4735506760021,3,1.19711940360645e-09,0.538405672825432,3.62968063075187e-09
"ENSG00000163918",5.48771237242303,3,0.139375403522839,0.380776729580792,0.159595669318898
"ENSG00000108953",10.7298199973945,2,0.0046778812370184,0.301001657955236,0.00670339033172161
"ENSG00000169139",88.8533679264582,2,0,0.826637288137245,0
"ENSG00000116586",122.413870824329,4,0,1.81684798607686,0
"ENSG00000141076",61.4277896836432,3,2.91211499359179e-13,0.556341174748834,1.25372223425413e-12
"ENSG00000168701",36.1767675404543,4,2.66123912573413e-07,0.568017681097345,6.43159735247288e-07
"ENSG00000181610",3.0264796815929,2,0.220195422947713,0.0604621778376483,0.243586594128476
"ENSG00000255302",8.00252911631248,3,0.0459594653868516,0.256733138858597,0.0570620328679449
"ENSG00000142871",7.19481552416521,3,0.0659408645873537,0.598785627740534,0.0799734022342967
"ENSG00000113845",7.40704455919743,4,0.115878780452116,0.110187794954183,0.134785318315356
"ENSG00000131100",16.7899189547659,3,0.000780644527210383,0.366068118288103,0.00123426229302182
"ENSG00000160014",13.756259617192,4,0.00811501469779341,0.184017936449425,0.0112166533939618
"ENSG00000100983",20.8904583463529,4,0.000332904067157247,0.404768600788081,0.000550870374023098
"ENSG00000158604",43.1865689347554,4,9.46531519829819e-09,0.68748103352197,2.62940110746021e-08
"ENSG00000130811",11.2261470321996,4,0.0241366223924937,0.212493670897429,0.030992732045623
"ENSG00000205302",0.934578236572365,4,0.919548438427812,0.0479284611560533,0.921865848806914
"ENSG00000253729",19.8587727561945,2,4.87216836201343e-05,0.339891108904041,8.89058979086671e-05
"ENSG00000159346",17.0044546548083,2,0.000203015682664009,0.312181088527297,0.000345421892915924
"ENSG00000099937",26.0295402728596,3,9.40254089076831e-06,1.42293396904536,1.88145410782074e-05
"ENSG00000198736",19.7161542447775,3,0.000194355246037059,0.622707781750226,0.000331253285662134
"ENSG00000161203",22.103915086417,4,0.000191096801389401,0.296343189956154,0.000326258830869973
"ENSG00000136271",8.22459640695475,4,0.0836888809757219,0.164804311400333,0.0996749606351562
"ENSG00000105968",7.21491711077648,4,0.124957432472197,0.118396107853714,0.144332365381649
"ENSG00000129354",3.3974516495532,4,0.493641329124368,0.126315999268528,0.516221137554347
"ENSG00000101367",55.3292172756171,4,2.77178280327917e-11,0.35053759143771,9.99657747884256e-11
"ENSG00000077152",56.4013082870155,3,3.44901884830051e-12,0.933293058590607,1.3451173508372e-11
"ENSG00000097021",38.6178266726845,3,2.09130780470801e-08,0.971673509556148,5.57588635866519e-08
"ENSG00000115091",59.0321065534127,4,4.63307170406324e-12,0.69876469936033,1.78243319523826e-11
"ENSG00000081041",27.1386541412595,3,5.50617358963112e-06,3.76614863368924,1.13255214785691e-05
"ENSG00000138073",8.57168576956905,5,0.127416866884086,0.194707542896574,0.146917187381129
"ENSG00000142864",6.59936425541035,3,0.0858251228073084,0.187395346508032,0.102035964891654
"ENSG00000065135",66.7595148657012,4,1.09579012530503e-13,0.604438944699727,4.8650146411422e-13
"ENSG00000132823",37.0925704416163,5,5.73892009136934e-07,0.429626559861469,1.3381842979758e-06
"ENSG00000170759",7.64863302850132,4,0.105331006492193,0.156355447342615,0.123600809388184
"ENSG00000168002",11.2871822415087,3,0.0102701374721602,0.176050261825785,0.0139913037206347
"ENSG00000213614",32.5855905492097,4,1.45209194879481e-06,0.381464867751594,3.19139324436782e-06
"ENSG00000188243",87.9306516828634,3,0,2.15609162019663,0
"ENSG00000184432",29.8956973475336,5,1.54623857600011e-05,0.426378569877967,3.01221207410796e-05
"ENSG00000119655",48.5080837541986,4,7.39493466461738e-10,0.749817782304004,2.28748445535365e-09
"ENSG00000094916",14.1837819746431,2,0.000831822910860702,0.347093524461906,0.00130994808155993
"ENSG00000111786",4.17580259484085,4,0.38273607404962,0.0601986147464993,0.407964657708839
"ENSG00000143771",24.7341851257014,4,5.68953663480087e-05,0.315978654129428,0.00010325263108229
"ENSG00000067334",1.4284597300573,2,0.489569000858431,0.105735910548747,0.513041487200958
"ENSG00000204568",3.87287305218994,2,0.144216948538782,0.0720872881624631,0.16494968984683
"ENSG00000176907",14.1699319633923,3,0.00268273834337862,0.672244735054859,0.00393217875090647
"ENSG00000102580",70.8398796281649,5,6.85007606193722e-14,0.568105281545976,3.09654574708935e-13
"ENSG00000085662",3.48685327467077,4,0.479880146661854,0.0986584116097103,0.503950164577839
"ENSG00000106355",20.5254431230716,4,0.000393187773005788,0.271778815710709,0.000643662946920586
"ENSG00000124155",34.3806881080694,4,6.22542992156916e-07,0.519050473437539,1.44316784545467e-06
"ENSG00000182551",24.8301841132061,2,4.05689742877247e-06,0.402837300435367,8.48493058446733e-06
"ENSG00000119421",80.3762449262309,4,1.11022302462516e-16,0.984528456827873,6.08328814319404e-16
"ENSG00000213619",2.50259229818666,2,0.286133684487943,0.126426482186478,0.310654966400938
"ENSG00000084234",14.5069316446225,4,0.00584112063784992,0.197671925077738,0.00826315003462552
"ENSG00000100116",7.93359750990486,4,0.0940411114883088,0.200551121449188,0.111205571195152
"ENSG00000172428",60.9181809456058,3,3.74145159298678e-13,2.95915739219002,1.59352188831921e-12
"ENSG00000110721",63.2305766378059,5,2.60791388484449e-12,0.401476430765112,1.03535742853407e-11
"ENSG00000115128",25.568210474167,4,3.86644840864037e-05,0.341766849765017,7.11963034999077e-05
"ENSG00000088930",11.6441137273778,4,0.0202035722856266,0.185417021496498,0.0261790913850888
"ENSG00000183011",87.5379729821678,4,0,2.06511291615299,0
"ENSG00000180992",3.21736394688836,2,0.200151244956761,0.084922130827865,0.223777867464305
"ENSG00000168439",15.6302051918837,4,0.00355771732232901,0.192138042088964,0.00516518230227183
"ENSG00000100526",41.3364066395017,3,5.5484151717522e-09,0.729595008915318,1.56758491145101e-08
"ENSG00000135919",5.28708926312131,5,0.38185714453102,0.155422774332856,0.407464517420707
"ENSG00000061794",36.3396417269964,4,2.46357118816043e-07,0.380109155087478,5.96112298449038e-07
"ENSG00000107949",59.328097012936,3,8.18012324543815e-13,0.414161975371842,3.36162502792903e-12
"ENSG00000111845",1.9325817835231,2,0.380491708964453,0.0734154271762519,0.406225447734996
"ENSG00000186198",31.9019537700443,4,2.0034268481961e-06,0.516981143391071,4.33603482161267e-06
"ENSG00000095739",48.2754749657862,3,1.86058279894041e-10,0.926875719180013,6.10676433513611e-10
"ENSG00000143314",37.2825559147627,4,1.57530840150244e-07,0.620638590526478,3.90684340472363e-07
"ENSG00000127837",5.45978635087778,3,0.141063721084615,0.101164268738796,0.161435984601438
"ENSG00000214706",6.15898567536732,3,0.104126285511312,0.242943557823784,0.122331471873597
"ENSG00000175203",6.27667072975904,2,0.0433549079692899,0.0594490092124727,0.0539630237490097
"ENSG00000129084",49.929463178863,4,3.73541308995584e-10,0.412025603144785,1.19066292242342e-09
"ENSG00000145907",20.095507260361,4,0.000478178476066571,0.289282144286046,0.000771368198618337
"ENSG00000122873",6.2159884580544,2,0.0446905044193048,0.234783697752999,0.0555906274484035
"ENSG00000135052",26.0516669371156,2,2.20268504103061e-06,0.582277945968709,4.74149409806263e-06
"ENSG00000134910",11.407854638737,4,0.0223431878708845,0.0932116203044897,0.0288575329059671
"ENSG00000136628",18.8926183172982,5,0.00201268990909409,0.282013229885335,0.00299419613252666
"ENSG00000136261",9.38060852884033,4,0.0522591363956968,0.339954540300591,0.0642714342073159
"ENSG00000167775",24.01456567869,3,2.4805677501627e-05,0.876718197114443,4.6899707747848e-05
"ENSG00000100297",32.9120523030021,3,3.36122069843903e-07,1.36919252637072,8.04508780889919e-07
"ENSG00000094804",33.5364615033848,2,5.21975253020557e-08,0.815309751577869,1.35536394028445e-07
"ENSG00000124145",15.6292396051881,5,0.00798632749379258,0.434132983867767,0.0110541443181304
"ENSG00000118640",25.7983963417991,4,3.4748747909874e-05,0.650970710616092,6.47753135826986e-05
"ENSG00000114956",15.42687432055,3,0.00148591406238396,0.284384692451868,0.00225734080257027
"ENSG00000157778",25.8504465766513,3,1.02503751945315e-05,0.830251819198551,2.03676286332899e-05
"ENSG00000131475",3.92079536098806,4,0.416831143992198,0.11195862653809,0.442410429776138
"ENSG00000273841",18.3624663073134,5,0.00252481453105269,0.352893779627612,0.00371439060818328
"ENSG00000092148",5.35692885811624,4,0.252594703132728,0.155183467298741,0.277115755394923
"ENSG00000198492",20.4929954589457,3,0.00013414288082747,0.365599106374302,0.00023180728928396
"ENSG00000153879",23.4385435896932,5,0.000278243003029144,0.3458180341654,0.000465473248835717
"ENSG00000136003",23.5185190395882,2,7.81661063653516e-06,0.340171922321216,1.57201603195839e-05
"ENSG00000158526",9.03484743001665,5,0.10768225787,0.174043160998074,0.126136637752315
"ENSG00000112514",29.7998352789734,4,5.37579703063784e-06,0.539762497047641,1.10917637903928e-05
"ENSG00000125166",60.5982895601294,3,4.37982983214624e-13,1.1160476355434,1.85745874970978e-12
"ENSG00000213523",42.7487244353016,4,1.16676420747197e-08,0.426372210741669,3.20537846500242e-08
"ENSG00000129460",1.4463852951173,2,0.485200705652876,0.106075644524254,0.508731788900142
"ENSG00000156587",23.6653538967986,4,9.32075208269767e-05,0.432774318551666,0.000163483032561602
"ENSG00000129195",3.11840830650829,2,0.210303373874031,1.1097712519115,0.234075775397564
"ENSG00000171222",30.4461680930102,5,1.20467346723663e-05,0.55290700486193,2.37707889517227e-05
"ENSG00000150459",42.5078388526909,2,5.88220361308345e-10,0.475372185354155,1.83668806694238e-09
"ENSG00000089006",45.4028464276793,2,1.38323907883375e-10,0.613565992100714,4.58543754633389e-10
"ENSG00000104738",23.9285249824817,3,2.58531381238658e-05,0.903955025694277,4.88337053450799e-05
"ENSG00000047410",9.83446237287029,2,0.00731936878389694,0.0824333538852077,0.0101805765812385
"ENSG00000124614",12.8620917791154,2,0.00161076527060711,0.204320121372078,0.00243265916722668
"ENSG00000099795",42.7435543542806,3,2.7896919219117e-09,1.08787977587343,8.10028793092316e-09
"ENSG00000104872",8.38575180383619,2,0.0151027882193628,0.253169658028744,0.0200530345582862
"ENSG00000145287",7.14767552552524,4,0.128287025693138,0.422226293502652,0.147834816977782
"ENSG00000187051",15.6558829071397,4,0.00351744784246222,0.22588714671851,0.00511044832626541
"ENSG00000185721",11.3621682952732,3,0.00992035165116678,0.158523208054137,0.0135240434778415
"ENSG00000091164",7.42800549975577,2,0.0243797416965148,0.133832025690835,0.0312847136995922
"ENSG00000007255",90.1502407019868,4,0,0.916618290654571,0
"ENSG00000203875",67.110924875656,4,9.2370555648813e-14,0.681675001384201,4.11939540774639e-13
"ENSG00000117523",42.7920453399936,4,1.14286864416613e-08,0.772663700030968,3.14407431984292e-08
"ENSG00000159063",29.9721780468162,3,1.39877955374068e-06,0.649044072993321,3.07762448273254e-06
"ENSG00000117862",25.4084379486949,3,1.26834806342124e-05,0.583597307404607,2.49776663182659e-05
"ENSG00000144580",1.97803791831131,3,0.576977507294709,0.318145334392064,0.594923930538713
"ENSG00000108588",49.8832284211223,3,8.45999936771591e-11,0.498598597204889,2.87149125296706e-10
"ENSG00000232956",6.35712523798106,4,0.174018214772483,0.127994055269541,0.196660357490039
"ENSG00000133226",42.9679891968499,5,3.75069107994008e-08,0.49350030179582,9.86788962698522e-08
"ENSG00000079785",22.9509754138337,4,0.000129513948616489,0.277925951714279,0.000224588704270441
"ENSG00000042493",2.72487993968668,3,0.436015754107258,0.25161190872318,0.460560454019828
"ENSG00000198901",75.5560964074127,3,2.22044604925031e-16,1.78390844925837,1.20339705502967e-15
"ENSG00000135446",4.89302149353944,2,0.0865952125937062,0.104172562248701,0.102890010662414
"ENSG00000091640",35.2808648905828,4,4.06736843650002e-07,0.361019360650329,9.63094740499826e-07
"ENSG00000166902",18.35035109073,4,0.00105393493573569,0.0561622408266497,0.00163007510667052
"ENSG00000122218",23.0964089626777,5,0.000323536654453505,0.338183284283928,0.000535815491846811
"ENSG00000116906",36.6498405410997,4,2.12669865273796e-07,0.596298274750613,5.21646129956366e-07
"ENSG00000147526",8.19174684885342,3,0.0422107196810653,0.221255648077487,0.0525717729778577
"ENSG00000110696",11.3345210487034,4,0.0230508769483802,0.106317183834905,0.0296944263279327
"ENSG00000115524",26.9745774945532,4,2.01155558278154e-05,0.45499644096797,3.84162104845892e-05
"ENSG00000183255",19.2138887691901,2,6.7260031414218e-05,0.349781823212437,0.000120197845896567
"ENSG00000171720",21.770540174703,2,1.87321344830016e-05,0.535344860928781,3.59288481067408e-05
"ENSG00000137563",56.2112214634774,3,3.78674869239148e-12,1.32541308874911,1.47106311507161e-11
"ENSG00000130638",60.6745934383611,2,6.68354260824344e-14,0.628183463391892,3.0281472090652e-13
"ENSG00000197183",84.8866214281097,2,0,0.5332406196247,0
"ENSG00000107581",32.9503407153853,3,3.29929528142259e-07,0.449872030289546,7.90638351174642e-07
"ENSG00000137575",12.508491164237,4,0.0139446593388142,0.213793726226278,0.0185897636896122
"ENSG00000116171",52.3822496843991,3,2.48276954550875e-11,0.949063584752181,9.01136610587024e-11
"ENSG00000138449",30.3021414309896,3,1.19215348959312e-06,0.592616634809775,2.65828844260169e-06
"ENSG00000056097",27.8367563342701,3,3.93016572508564e-06,0.414742930768001,8.22852592336352e-06
"ENSG00000172113",3.62778343661727,4,0.458716347161046,0.142588139359864,0.482999901801652
"ENSG00000158417",47.8883960772441,5,3.74320341389733e-09,0.899897720192573,1.07125634391968e-08
"ENSG00000136560",38.9676446406704,5,2.41071520745706e-07,0.405633896852542,5.8474543263806e-07
"ENSG00000140395",2.5151281742009,2,0.284345825240594,0.134724545049346,0.309040566375184
"ENSG00000084754",6.68489846879296,2,0.0353502705078277,0.231933962274663,0.0445010683797907
"ENSG00000166582",9.91481402162171,3,0.0193043009824641,0.351445602592147,0.0250845149882767
"ENSG00000178307",5.32275058999219,2,0.0698520884262926,0.0884080461519335,0.0843568936732824
"ENSG00000117899",20.2821358705137,4,0.000439255266845073,0.390153523545241,0.000713207123065184
"ENSG00000149600",13.8455940590493,2,0.000985070811503674,0.315262372294266,0.00153190449107178
"ENSG00000089053",51.2055843583825,4,2.02197480980715e-10,0.696487513654784,6.62554842949986e-10
"ENSG00000124588",6.00903013665268,3,0.111171714881034,0.295578682072682,0.129841773868688
"ENSG00000068001",30.0355763785802,3,1.35648013677159e-06,1.10865355888783,2.99449388683539e-06
"ENSG00000120805",21.5897005932556,5,0.000626467547734655,0.256747784763671,0.00100083851601946
"ENSG00000134001",8.61321246686912,4,0.0715288989427986,0.214824218164901,0.0861726105373873
"ENSG00000157916",8.62723969291892,4,0.0711228553817387,0.131626009420517,0.0857353693056232
"ENSG00000173914",24.2301982130112,3,2.2362706603607e-05,0.782386162300341,4.2401738259842e-05
"ENSG00000100591",43.2630140817204,4,9.12576603173676e-09,0.242691718023691,2.54217768026953e-08
"ENSG00000062716",0.210859134065502,2,0.89993785590816,0.0418398310115342,0.903116243895727
"ENSG00000133935",16.0900244734621,3,0.00108679510287102,0.557094339031366,0.00167959243170976
"ENSG00000065268",18.0706060938285,3,0.000425344655308191,0.545449459573267,0.00069118506487581
"ENSG00000114857",19.1318731918063,3,0.000256759002149387,0.18415370929642,0.000431693706910508
"ENSG00000166136",33.8633583390613,2,4.43266762184535e-08,0.231628507779483,1.15855136660321e-07
"ENSG00000196305",14.8609881267916,5,0.0109731250046265,0.157648609822183,0.0148675378979579
"ENSG00000138029",32.2561404718981,4,1.69580740738695e-06,0.332065983530527,3.6782561977019e-06
"ENSG00000153561",109.653993442326,2,0,0.981720228221073,0
"ENSG00000009844",77.7494263853239,4,5.55111512312578e-16,0.585725280788639,2.90557052102557e-15
"ENSG00000130724",37.8557559492294,2,6.02180993958257e-09,0.587715404343561,1.69172033472171e-08
"ENSG00000128309",8.63617682388462,4,0.0708652923994969,0.174012945394605,0.0854766928942385
"ENSG00000023191",10.4625055636878,4,0.0333174038401275,0.203895967954458,0.0421018527560442
"ENSG00000143183",12.2648498832873,2,0.00217130927325315,0.111313752228165,0.00321573651861543
"ENSG00000144635",59.8792981537321,3,6.23834317536875e-13,0.603544998530489,2.60127139954056e-12
"ENSG00000108639",7.07462776723963,4,0.131996654389093,0.246486173556415,0.151758003225379
"ENSG00000049541",21.9832974054766,3,6.57552027750752e-05,0.920441397057794,0.00011793246016197
"ENSG00000105583",38.0745164209007,3,2.72564140146869e-08,0.6264386865804,7.22840099669497e-08
"ENSG00000168522",33.3888457860772,5,3.15016684626634e-06,0.241567568201608,6.68696035989729e-06
"ENSG00000113141",30.2392442147294,2,2.71413565511303e-07,0.426683277425703,6.5435343248725e-07
"ENSG00000170606",38.5515533293926,5,2.92318672490133e-07,0.428995033216304,7.02200289351297e-07
"ENSG00000136856",2.29031962384751,2,0.318173065877412,0.11043333403486,0.343378311465096
"ENSG00000091140",74.9889391117265,4,1.99840144432528e-15,0.849188747748997,1.01398481448035e-14
"ENSG00000140416",19.7494600891835,3,0.000191292543524457,0.760412510432109,0.000326312923730828
"ENSG00000132305",24.1653563074905,4,7.40041728223284e-05,0.547866447539922,0.000131658586532747
"ENSG00000112977",29.6535420550282,4,5.75714910711067e-06,0.258699362435393,1.18295140227718e-05
"ENSG00000165609",4.42789629388832,3,0.218812650903768,0.113621258971869,0.242461483369133
"ENSG00000196141",4.61841327802131,2,0.0993400328112402,0.126205519917208,0.117054102643102
"ENSG00000116120",16.8575618545217,4,0.00206007247455098,0.259114016289935,0.00306010765637184
"ENSG00000177971",2.0103248087183,3,0.570266519773548,0.109720943163781,0.58861448252703
"ENSG00000138442",33.1897508668959,2,6.20779220250611e-08,0.55228895839356,1.58909893060292e-07
"ENSG00000113328",115.290049233122,5,0,0.729446442058841,0
"ENSG00000087842",1.68346604117283,2,0.430963008121401,0.123045362987192,0.455949693166737
"ENSG00000126524",13.1846654060907,2,0.00137083847193009,0.126109969913783,0.00208934691239
"ENSG00000127241",11.2476848396524,3,0.0104592432247296,0.226800577762964,0.0142197093465394
"ENSG00000091583",5.34815611830117,3,0.14800795823763,0.235751723555985,0.169091228566712
"ENSG00000091317",20.345081875655,2,3.82051231363478e-05,0.279225102702835,7.06883627146008e-05
"ENSG00000198721",8.27280945619505,3,0.0406975200355265,0.131883210691172,0.0508144176714766
"ENSG00000173141",33.2116096494326,4,1.08105173990403e-06,0.634626878371277,2.43512107663546e-06
"ENSG00000169727",29.8559062169115,4,5.23639388894104e-06,0.534008652367091,1.08153556023922e-05
"ENSG00000150540",60.0131255579398,4,2.88247203883429e-12,0.676728862386701,1.13529443272107e-11
"ENSG00000168291",22.990370455513,2,1.01789852988698e-05,0.455982640390321,2.02662680274796e-05
"ENSG00000115216",3.03156170433254,4,0.552557588300256,0.104446419061871,0.571819481336738
"ENSG00000134108",25.2792369438171,5,0.000123056912975317,0.312809313250403,0.000213951223695721
"ENSG00000174684",33.6104430527236,3,2.39414714386932e-07,1.62686326963599,5.81435734939692e-07
"ENSG00000109390",24.0196776151281,5,0.000215230698202062,0.598063366376348,0.000364645535539951
"ENSG00000118508",7.35450917376651,4,0.118298607874726,0.198507109705738,0.137198793622641
"ENSG00000135521",28.6003606973889,4,9.42338932752307e-06,0.257384666226812,1.88373079120034e-05
"ENSG00000163938",7.71296287215856,5,0.172780442368914,0.149568506711137,0.195372541143701
"ENSG00000113851",8.94929525969146,4,0.062379429334314,0.138865334999783,0.0758390494779648
"ENSG00000060982",36.1816063446185,5,8.73581754601283e-07,0.451569253929307,1.99032544089571e-06
"ENSG00000146109",5.92757491230445,3,0.115187524470493,0.243584132590916,0.134216746439257
"ENSG00000120533",13.5620851301464,4,0.0088321904144969,0.134730129922854,0.0121572503352487
"ENSG00000160688",1.55752769746959,2,0.458973020858662,0.090154097208252,0.483014464808402
"ENSG00000025772",16.6095305415391,3,0.000850195506391205,0.585840915346785,0.0013336268629433
"ENSG00000108528",26.8497819876868,4,2.1318491033151e-05,0.934175227654715,4.04990245128341e-05
"ENSG00000163683",18.2042602730448,5,0.00270100855689692,0.317437191749862,0.0039560427243505
"ENSG00000186575",3.14064916372063,3,0.370444074434849,0.295067596298524,0.395923301478192
"ENSG00000198189",42.678394707814,3,2.87997503622961e-09,0.80163054830968,8.35024831933046e-09
"ENSG00000174574",124.421458028506,3,0,0.981899361183947,0
"ENSG00000182149",9.02004021062584,3,0.0290256241853898,0.236864482468113,0.0368894354662877
"ENSG00000113068",5.5199070372152,3,0.137452792550748,0.194431699867311,0.15748479515175
"ENSG00000162517",1.17254085665655,2,0.556398548134281,0.102480167923047,0.57519579638206
"ENSG00000122687",10.1055887733485,4,0.0386861223381284,0.148538456227658,0.0485578427279686
"ENSG00000107371",2.74995238186262,2,0.252845615751715,0.170896034466005,0.277238109002294
"ENSG00000198791",35.0002309321225,4,4.64484107953744e-07,0.419487299034044,1.09203178572104e-06
"ENSG00000100462",34.0051803563355,2,4.12922841475094e-08,0.579693542484332,1.08066254170258e-07
"ENSG00000198805",11.0357266023022,3,0.0115342486524712,0.23901024340029,0.0155853400609818
"ENSG00000140465",13.0724454806504,4,0.0109271840312736,0.337299677461813,0.0148153844841194
"ENSG00000115307",6.695489863011,4,0.152882194099913,0.147581886838937,0.174159612866396
"ENSG00000122378",2.2767183117361,3,0.516995727210983,0.193854322403426,0.537404652656471
"ENSG00000179918",5.98637068008111,3,0.112275207234775,0.0608432437218271,0.130976766680333
"ENSG00000072042",21.8795115862634,3,6.91070291395368e-05,0.665252538573928,0.000123277023281201
"ENSG00000140612",6.67326298353815,3,0.0830742533180644,0.225134368885586,0.0990022108146376
"ENSG00000109606",109.701166615482,4,0,1.2038345636633,0
"ENSG00000100600",15.2564660998325,3,0.00161009337466489,0.457522190672087,0.00243265916722668
"ENSG00000154781",62.8442810965398,5,3.13560288844883e-12,0.408514738674164,1.22769963486707e-11
"ENSG00000167434",0.697389019780271,2,0.705608653813298,1.20445849284097,0.717146454999821
"ENSG00000137288",76.9068224783214,4,7.7715611723761e-16,1.3191359327934,4.01497017450807e-15
"ENSG00000189266",55.0297421091747,3,6.7665872904854e-12,1.19161776681655,2.57830308827116e-11
"ENSG00000160799",64.4098591510969,4,3.42614825399323e-13,0.642271605446981,1.46550728541775e-12
"ENSG00000131153",10.6357483064415,3,0.0138677553218928,0.770534488379911,0.0185120572719763
"ENSG00000138674",9.01175388757784,4,0.0608063602082032,0.208215910836021,0.0740170443415643
"ENSG00000168385",31.759796273874,4,2.14199122550163e-06,0.254374737152744,4.62586378666964e-06
"ENSG00000178913",22.4381774750431,4,0.000163926998890451,0.24462341932041,0.000281320794472051
"ENSG00000166557",27.7559273150831,4,1.39772089295942e-05,0.510277470803786,2.73898212423279e-05
"ENSG00000113407",23.1586692489727,5,0.000314784281031821,0.271490079755455,0.000523062602316034
"ENSG00000160124",10.5367428197276,2,0.00515199423139268,0.274303665500916,0.00735101615942613
"ENSG00000023697",49.7952711823249,3,8.83285666830602e-11,0.987170636607513,2.98784896484025e-10
"ENSG00000104979",47.3151276843451,3,2.97847968511178e-10,1.52220757232087,9.63283917672736e-10
"ENSG00000111605",41.5822165902732,3,4.92063823021027e-09,0.805281830845144,1.40016444061348e-08
"ENSG00000131236",18.230983430151,3,0.000394140742164484,0.357064115919582,0.000644692381714768
"ENSG00000136960",72.0443788492887,3,1.55431223447522e-15,1.78316706649904,7.92699239582362e-15
"ENSG00000147416",18.839239300014,4,0.000845206893441808,0.394226533067228,0.00132789613827469
"ENSG00000146282",16.185507846688,3,0.00103887429780303,0.306348843898689,0.001609284251036
"ENSG00000204356",1.3000996735854,2,0.522019760322153,0.125705445801794,0.541343745193307
"ENSG00000116791",64.8904013739754,3,5.295763827462e-14,0.654295474751343,2.42144235697055e-13
"ENSG00000132591",46.6427256300323,3,4.1402015149572e-10,0.734646999292347,1.3154729733626e-09
"ENSG00000266412",126.351762270827,4,0,1.42237150599391,0
"ENSG00000144120",24.5947168325379,3,1.87661371851e-05,0.888656570671211,3.5959390039657e-05
"ENSG00000137312",11.3697951857618,4,0.0227078022661492,0.194941865192691,0.0292904142071146
"ENSG00000108424",5.23755772565675,3,0.155205880148399,0.142715154059749,0.176604402525839
"ENSG00000105447",9.81428982669394,2,0.00739356750151221,0.162402684629787,0.0102694174305222
"ENSG00000187778",4.26199411215456,3,0.234527928150996,0.198114334266688,0.258578741182002
"ENSG00000101057",69.3380223310617,3,5.88418203051333e-15,1.99576391406186,2.88978717498544e-14
"ENSG00000171314",72.1344047479363,3,1.4432899320127e-15,1.0933286719032,7.37970096342742e-15
"ENSG00000132329",39.2730941831889,5,2.09243433690887e-07,0.959717222920512,5.1444399210281e-07
"ENSG00000121579",61.3473100362942,4,1.5111245588173e-12,0.760460909777217,6.08426467102755e-12
"ENSG00000184007",7.25348859067199,2,0.0266026539574233,0.192135439950403,0.0340055775843927
"ENSG00000113643",12.0754470984792,4,0.0167989517417407,0.180817137000146,0.0220840152110524
"ENSG00000092853",10.7142515676239,3,0.0133757641240667,0.766633258890571,0.0179395784509566
"ENSG00000162961",4.3124445822972,3,0.229642408108301,0.211808555695592,0.253613964312833
"ENSG00000183726",5.03646438408934,2,0.0806019696805127,0.12078369832288,0.0963445418837378
"ENSG00000169764",4.17189561211374,2,0.124189356941539,0.188193862893201,0.143528547912098
"ENSG00000167863",17.2629199750183,3,0.000623975494334461,0.347269330169269,0.000997658567710002
"ENSG00000109113",4.77620174512726,3,0.188937648392237,0.174036789319221,0.212554854441266
"ENSG00000005194",7.20589070157384,2,0.0272433629015004,0.307594892052708,0.0347798772856767
"ENSG00000105171",9.26171779303977,3,0.0260061801080768,0.394299811964009,0.0332644966141252
"ENSG00000173230",107.999658631528,5,0,0.977999489180464,0
"ENSG00000070831",14.1947109869712,4,0.00669885965779615,0.236998788265472,0.00935676394617735
"ENSG00000138398",4.98355882431468,4,0.288988626689242,0.155793281851659,0.313583403428752
"ENSG00000101132",19.2664806221199,2,6.55144184159573e-05,0.32346576780786,0.00011760665905175
"ENSG00000074695",125.543622571722,4,0,1.73098463487089,0
"ENSG00000141027",13.6008373310897,4,0.00868427588417409,0.170238418771669,0.0119702181106183
"ENSG00000114867",29.0669214917533,4,7.57646147697688e-06,0.58662626509602,1.53301951960397e-05
"ENSG00000137207",19.784957488845,4,0.000550652721617806,0.25646540872036,0.00088397761363827
"ENSG00000086666",20.7626018839564,2,3.10068955232667e-05,0.315729459072524,5.81269700242955e-05
"ENSG00000065978",23.9978523165375,2,6.1508138088362e-06,0.409236080479162,1.26123388306961e-05
"ENSG00000165516",14.4597222582963,5,0.0129383959296649,0.125056251058863,0.0173764142499011
"ENSG00000106399",11.193849355033,4,0.0244696649223304,0.199723941010032,0.0313728829901208
"ENSG00000111011",8.61679242738973,5,0.125360368123257,0.205916635896998,0.144713738942054
"ENSG00000022277",6.92420771910423,2,0.03136370772217,0.211728456024874,0.0397847032266557
"ENSG00000171793",28.7615093398097,3,2.5133016576806e-06,0.807273164430554,5.39844168156232e-06
"ENSG00000182670",11.2601469487725,4,0.0237907700121371,0.258478259948742,0.0305881328727478
"ENSG00000143033",18.0770247840494,4,0.00119204679106044,0.458709650089246,0.00182664180848938
"ENSG00000154813",20.3204468179814,2,3.86786260484495e-05,0.288042538554983,7.11963034999077e-05
"ENSG00000075785",7.39873436955916,3,0.0602182912559354,0.119497639841988,0.0734360400417262
"ENSG00000111371",60.0302598586852,5,1.19808607479399e-11,0.23935372160942,4.47931053151363e-11
"ENSG00000138629",8.68085583640559,4,0.0695908536086315,0.167321922460386,0.0841435913845398
"ENSG00000198612",10.884486193479,4,0.0278933683956309,0.15680412605227,0.0355412618442729
"ENSG00000162521",73.0885389750036,4,5.10702591327572e-15,0.408209210203003,2.52056440235866e-14
"ENSG00000148484",1.01393211791434,2,0.602320213512299,0.0918369850884413,0.618170745446833
"ENSG00000117859",79.8811823528191,2,0,0.786000075361162,0
"ENSG00000172053",23.5725383213138,2,7.60831248269866e-06,0.470875298924748,1.53789974878939e-05
"ENSG00000124228",92.1478189542546,4,0,1.14416997368361,0
"ENSG00000175792",10.6533649158477,4,0.0307487339655403,0.37045973882768,0.0390295034189277
"ENSG00000025796",6.26760667869759,4,0.180034739275589,0.169077395274917,0.202768457768486
"ENSG00000147889",8.92214150221842,4,0.0630753098338444,0.20568488127298,0.0766382353448481
"ENSG00000159593",106.48308084779,3,0,1.2861469553162,0
"ENSG00000186010",28.6037618767851,2,6.14854035241308e-07,0.37324539685533,1.42867368702682e-06
"ENSG00000153551",4.76599017242707,3,0.189756644248861,0.187827990855278,0.213355548564718
"ENSG00000111665",39.7316380008215,3,1.21461259938727e-08,1.05363116791449,3.31849513761164e-08
"ENSG00000136247",3.59060052764868,2,0.166077577770803,0.0615630179868504,0.1885435514761
"ENSG00000068912",23.8500310942337,5,0.000232002920240948,0.307791886585711,0.000391726492664894
"ENSG00000160213",54.101259018741,4,5.01191310675608e-11,1.01988167614871,1.73973737684779e-10
"ENSG00000153187",7.06828736504051,3,0.069752779805941,0.152499409329517,0.0842881403608849
"ENSG00000243678",4.65456258665102,4,0.324611644480302,0.186098682606914,0.349947187464131
"ENSG00000115944",4.88598834604123,2,0.0869002671040869,0.139673959150563,0.103190824638823
"ENSG00000126756",86.9910859653725,5,0,1.54554290223198,0
"ENSG00000072501",30.6013626971815,4,3.69151195056538e-06,0.151858891403641,7.76154045420143e-06
"ENSG00000141741",39.7748448590168,4,4.81822447495617e-08,1.09157876196153,1.25311397680683e-07
"ENSG00000161981",13.8814859328571,3,0.00307099043106962,0.296683145328606,0.00448143798048237
"ENSG00000023318",2.70574302101106,5,0.745239928690309,0.0941838288825615,0.755110656222631
"ENSG00000143198",16.3811914896515,3,0.000947124883739714,0.923385778268822,0.00147520077819757
"ENSG00000107372",13.4698139820944,5,0.0193521978353522,0.152519747758989,0.0251250140303627
"ENSG00000011009",4.71090750934271,3,0.19423181202366,0.27832232563395,0.217883241759138
"ENSG00000173272",37.3914651337993,4,1.49595541398817e-07,0.79083775411291,3.72397411567268e-07
"ENSG00000106245",14.7996184285844,4,0.00513538624004051,0.349282061134673,0.00733257949134284
"ENSG00000181817",18.4592567002537,4,0.00100342101711537,0.503026096624507,0.00155800499847187
"ENSG00000093010",14.1512694756037,4,0.00682759174948033,0.324306984440317,0.00951652416938779
"ENSG00000110075",4.77687645441314,4,0.310966804044069,0.24974516499141,0.336148355023725
"ENSG00000075914",5.60982319345925,2,0.0605121204054732,0.246679655885922,0.0737039849886627
"ENSG00000106263",2.58505403594015,2,0.274576047049183,0.0880303838202479,0.299578583423382
"ENSG00000086504",5.90921012671601,3,0.116111873885536,0.241043939065002,0.134977508567114
"ENSG00000270170",6.86935337270973,3,0.0761805824856813,0.269227370993561,0.0913891306176237
"ENSG00000162434",42.8687095740881,2,4.91109153344382e-10,0.542658957705004,1.54559510443351e-09
"ENSG00000197448",1.71190894417501,3,0.634289418441966,0.174608413969011,0.647972086944567
"ENSG00000100234",18.3042493716802,3,0.000380653840392098,0.787158465203776,0.000625719412016432
"ENSG00000168883",65.5599947781638,3,3.80806497446429e-14,0.876048352819412,1.76555739725162e-13
"ENSG00000168175",32.7292390013312,3,3.67326811967494e-07,0.32114080198283,8.73939029908309e-07
"ENSG00000159210",4.39150161260053,4,0.355607120396597,0.102272692394263,0.3810897427095
"ENSG00000148672",39.9987795970942,2,2.06241168587695e-09,0.997862422951149,6.09529991561554e-09
"ENSG00000188488",30.2594954993815,3,1.21704108668741e-06,1.24683053346388,2.70468683957682e-06
"ENSG00000100997",4.05963927079036,4,0.397994718487413,0.15824570178558,0.423548151456107
"ENSG00000072274",11.7065762062515,3,0.00845897392281125,0.36001679087461,0.011667752519051
"ENSG00000139146",48.8884473843049,5,2.33886165990072e-09,0.407701019271441,6.88165065316941e-09
"ENSG00000180228",2.90894986362225,3,0.405877397631022,0.0764836585983399,0.431244734982961
"ENSG00000143222",12.2583403485421,3,0.00654861107054461,0.451278671000114,0.0091662121177433
"ENSG00000170906",83.5577202176599,4,0,4.14994774822788,0
"ENSG00000105058",3.0977310580754,4,0.541605631559043,0.228301632781041,0.561069583943197
"ENSG00000126522",6.43812193731744,3,0.0921350262323595,0.320026654134959,0.109081289985811
"ENSG00000115286",17.1556965904964,4,0.00180283413601456,0.241053899728133,0.00269814679949809
"ENSG00000081154",29.8827058004486,4,5.1710419298745e-06,0.198348343097601,1.06914785847405e-05
"ENSG00000139684",5.99878019101561,2,0.0498174429863812,0.0973162089018557,0.0615064519552528
"ENSG00000198918",54.8220279689097,4,3.54025697646421e-11,1.07086798092282,1.25967283116052e-10
"ENSG00000140497",22.919511243876,2,1.05460874785246e-05,0.268364556870247,2.08942205731423e-05
"ENSG00000146540",4.92366565662185,4,0.29521993432694,0.237599065353208,0.319995885218683
"ENSG00000112667",39.5210134757602,4,5.43699475441528e-08,0.876721771258153,1.40626561333316e-07
"ENSG00000160679",7.54761945212111,4,0.109627715780264,0.309829173300893,0.128189022155758
"ENSG00000132424",38.6602695444907,3,2.04846547502413e-08,0.912645271473461,5.46899037560134e-08
"ENSG00000085063",10.8962050202922,3,0.0123005806304797,0.564452075889994,0.0165533524181489
"ENSG00000198843",76.9306002638902,2,0,0.655894052448171,0
"ENSG00000124383",3.11682206766303,2,0.210470235726436,0.176627535712996,0.234130480346689
"ENSG00000093009",32.7563594215854,3,3.6252108603918e-07,1.78535510035941,8.63538251655006e-07
"ENSG00000242125",13.52313556075,2,0.00115741318106655,1.51218871173904,0.00177767939547595
"ENSG00000118363",106.061271719609,4,0,1.09589165830526,0
"ENSG00000105819",22.9029944956989,2,1.06335416316661e-05,0.334012591097472,2.10448898561033e-05
"ENSG00000167244",20.4279064078379,4,0.000411050541408553,0.500510261761487,0.000670696904726507
"ENSG00000115514",10.2024471265348,3,0.0169213747695963,0.153791791545304,0.0222155870737472
"ENSG00000141505",17.7160209956627,3,0.000503326872948517,0.680168685306055,0.000810621174327612
"ENSG00000151914",87.3254268608695,5,0,0.888473770525545,0
"ENSG00000100079",NA,NA,NA,4.649208941365,NA
"ENSG00000149357",24.4844614814749,4,6.38598500062315e-05,0.498389061346639,0.000115260654866057
"ENSG00000136270",22.517085427636,2,1.28966533070596e-05,0.446132755422548,2.53472761143691e-05
"ENSG00000079616",65.5694738395269,3,3.78586051397178e-14,1.84451559724997,1.75936368277801e-13
"ENSG00000156467",33.0272447427078,2,6.73325292188665e-08,0.589033931067353,1.71918357658954e-07
"ENSG00000076043",36.4917374549997,4,2.29222588910005e-07,0.670001367353066,5.57363972300734e-07
"ENSG00000136026",15.0065150721783,4,0.00468772351102442,0.341924643978022,0.00671265807302201
"ENSG00000108848",14.0116068876848,3,0.00288939630866958,0.548907741989462,0.00422574210142926
"ENSG00000151092",50.8512063685748,3,5.26251264787447e-11,0.566277526979545,1.8203717663691e-10
"ENSG00000166295",17.0538038056966,4,0.00188697110207592,0.454026902766581,0.00281770684837012
"ENSG00000085871",10.6026163167102,3,0.0140807069520189,0.538909224901644,0.0187585573526896
"ENSG00000101391",9.02215553675978,2,0.0109866127687291,0.266792724480407,0.0148756792355359
"ENSG00000106591",12.4035110627093,2,0.00202587103259377,0.20626222039129,0.00301155267849702
"ENSG00000125818",2.26324624355321,3,0.519598493187358,0.0536657443424559,0.539113929551202
"ENSG00000140740",14.9364164236815,3,0.00187179960878703,0.295502112118809,0.00279715208255252
"ENSG00000147533",11.3750445926694,3,0.00986148168715295,0.212507536435143,0.0134714883762
"ENSG00000131373",27.3847532878551,4,1.66176050349076e-05,0.39312405692335,3.20897246742051e-05
"ENSG00000091483",71.2320244168443,2,3.33066907387547e-16,0.925257137028385,1.78563363556289e-15
"ENSG00000146457",44.4375492192614,5,1.88768477515922e-08,0.573570349418817,5.07379056458335e-08
"ENSG00000049860",19.859759402444,2,4.86976540144957e-05,0.300332446861708,8.89058979086671e-05
"ENSG00000134697",6.4690816342933,3,0.0908898554674369,0.19962810422382,0.107671186733015
"ENSG00000108106",13.0185725215833,3,0.00459661295533487,0.448820848055866,0.00659643807226627
"ENSG00000116251",46.8229454757429,4,1.66004765489447e-09,1.01703978720691,4.95027703985772e-09
"ENSG00000138663",20.270857097274,5,0.00111157988818156,0.273162908349614,0.00171390108340552
"ENSG00000185475",20.5682483390019,4,0.00038559329942478,0.275910133162749,0.000633315501697678
"ENSG00000033800",9.379493924573,4,0.0522831475854385,0.370537357299074,0.0642714342073159
"ENSG00000114021",4.50199616394995,3,0.21211230318837,0.20030247550735,0.235693503375233
"ENSG00000100528",77.8308556240762,3,1.11022302462516e-16,0.432989367051232,6.08328814319404e-16
"ENSG00000145354",10.5861079842259,4,0.0316313200666686,0.1920173573491,0.0400985950367137
"ENSG00000105373",12.4262307096947,4,0.0144477814537611,0.337397122751866,0.0192218309776126
"ENSG00000180398",23.6516222915653,4,9.37994552544508e-05,0.543779732155549,0.000164376314097888
"ENSG00000105341",14.7030196355006,3,0.00208885774150136,0.352684103834215,0.00310055078197478
"ENSG00000101146",6.97858858468141,4,0.137024056163041,0.268063599011183,0.157084062079705
"ENSG00000205403",27.4679145798902,2,1.08497101025673e-06,0.811997169702055,2.43842637220411e-06
"ENSG00000072110",11.2301959085567,4,0.0240951826401119,0.539910402029293,0.0309595079271205
"ENSG00000103121",8.56409943803632,4,0.0729679122802561,0.123117448486639,0.087799865411633
"ENSG00000138382",4.09618811910959,2,0.128980498617666,0.0674152940681859,0.148547893312413
"ENSG00000120727",7.89443087831995,2,0.0193083923816247,0.0709390141157987,0.0250845149882767
"ENSG00000113889",14.4701485154984,2,0.000720853769303642,1.83343896893631,0.00114154311078419
"ENSG00000131467",47.2667397721056,2,5.44700951010668e-11,0.628567450378539,1.88092047145871e-10
"ENSG00000060762",9.09440720565248,4,0.0587825840608124,0.199632562605649,0.0718614380436115
"ENSG00000179335",10.7829972466833,5,0.0558563711784652,0.302263474252757,0.0684102969667286
"ENSG00000155506",25.5656097143053,3,1.17585480861049e-05,0.976571701411281,2.32482625678555e-05
"ENSG00000127914",19.6561036377545,4,0.000583823608207745,0.303106588461194,0.000934211710961549
"ENSG00000106603",0.484234094128704,2,0.784964294408327,0.0805211348110269,0.793743762876544
"ENSG00000106554",10.2155577352077,2,0.00604950476325039,0.318977747632527,0.0085397196409546
"ENSG00000128626",2.79081782217598,4,0.593418758646794,0.152056123797819,0.609979282143914
"ENSG00000079332",14.3672292297249,3,0.00244560689724904,0.153424961379114,0.00360319416194692
"ENSG00000125826",39.1639829950634,5,2.20101274761575e-07,0.573419664657169,5.38476550431455e-07
"ENSG00000116771",10.1317136414589,3,0.017479071064933,0.497667802718154,0.02285724677722
"ENSG00000146066",32.1437463898459,3,4.88082126715028e-07,0.635891561290793,1.14615743805926e-06
"ENSG00000175334",19.4812843672189,4,0.000632008760296898,0.282337325366968,0.00100888075780941
"ENSG00000136522",5.56599906794524,3,0.134744002305055,0.184537008749481,0.154737771700205
"ENSG00000145604",54.8558723503783,2,1.22513110767386e-12,1.94844628303863,4.9730321901292e-12
"ENSG00000198363",42.6027674395389,4,1.25100315662152e-08,0.446767481698167,3.41323083473279e-08
"ENSG00000107175",16.1815327321909,4,0.00278500070417176,0.283651634074441,0.004076060633258
"ENSG00000044115",1.28748599731503,4,0.863495112863659,0.114059932451424,0.868736357858279
"ENSG00000128654",14.683780885544,2,0.000647824687127541,0.370297328181752,0.00103247059510952
"ENSG00000171530",16.2208963230456,2,0.000300384222370442,0.280801382728785,0.000500388792541717
"ENSG00000214253",74.7392989691721,4,2.22044604925031e-15,1.25122759236628,1.12378300049844e-14
"ENSG00000163636",1.09236269957705,4,0.895482048591627,0.0510087774951522,0.89909833147337
"ENSG00000250317",3.77731627473094,4,0.43698078487206,0.148426098370998,0.461334809506649
"ENSG00000232388",94.6505568460796,5,0,1.81133186988353,0
"ENSG00000144021",10.3816994571231,3,0.015585250891066,0.336462842747415,0.0206247930953628
"ENSG00000139180",15.1249808596337,3,0.00171289978134326,0.300498431912506,0.00257128880384282
"ENSG00000137876",46.8354415662755,5,6.13767858759218e-09,0.388635908014289,1.71941446629871e-08
"ENSG00000100296",9.75870073319355,2,0.00760195090506133,0.362946341753362,0.0105441285566018
"ENSG00000131368",3.22119226669281,3,0.358762680177067,0.201748163263293,0.384057573128195
"ENSG00000173992",21.9640613755695,4,0.000203748818839,0.278465313437788,0.0003463729920263
"ENSG00000113312",0.763082473439467,2,0.682808228705982,0.0619315346977266,0.695038672925383
"ENSG00000168958",0.0807119958970822,2,0.960447460958385,0.0224755054386504,0.961414192172233
"ENSG00000148290",9.68552846590076,4,0.0460715239977673,0.251630605700217,0.0571654779984773
"ENSG00000136045",8.08573323098678,2,0.0175470994629904,0.134462415814648,0.0229311306385597
"ENSG00000129810",66.0161860015189,3,3.04201108747293e-14,1.02876323749939,1.42701888042067e-13
"ENSG00000156709",8.84203606475356,4,0.0651714098330888,0.299415165842159,0.0790884284063536
"ENSG00000148180",24.9038014389177,3,1.61723658591573e-05,0.887528460122664,3.13211642588742e-05
"ENSG00000242265",14.5204863220865,3,0.00227585313268108,2.37548760717272,0.00336555530178637
"ENSG00000197451",2.91454156314891,3,0.404989724459783,0.135524293180269,0.430531567049978
"ENSG00000171067",4.37673690647053,4,0.357414493690777,0.0953940460744127,0.382820370463627
"ENSG00000109046",14.3067018160043,5,0.0137742116820418,0.254531784459299,0.0184306548407685
"ENSG00000155959",45.6488224910087,4,2.91411250685769e-09,0.411236865014252,8.42466537229644e-09
"ENSG00000053372",13.1965526574986,4,0.0103542842675248,0.362953908409629,0.0140962843313531
"ENSG00000185222",24.5225896682202,4,6.27441504330584e-05,0.387481935133653,0.000113349786749639
"ENSG00000074319",0.779516920894587,3,0.854359778923501,0.0618802512788462,0.860416000141187
"ENSG00000112378",94.0618031675253,2,0,1.06690265448599,0
"ENSG00000144591",28.9752119855756,4,7.90855160670567e-06,0.428390977475674,1.58889991371087e-05
"ENSG00000149547",10.4033555769511,3,0.0154310296051353,0.474971238721606,0.0204479133142
"ENSG00000166803",13.9987927555706,3,0.0029067965010755,0.744158061746478,0.00424494731324462
"ENSG00000002586",5.77158991855459,3,0.123267384770447,0.250416096397803,0.142628754106119
"ENSG00000125870",43.2465432519206,5,3.2933894167364e-08,0.773599428653546,8.69927164659855e-08
"ENSG00000156928",22.0304164741567,3,6.42874036725916e-05,0.600856752429506,0.000115822143029696
"ENSG00000168101",17.3122016881404,4,0.00168075712631921,0.629304516396714,0.00252876393664819
"ENSG00000075239",19.6755298044053,2,5.33965242961454e-05,0.266355680410022,9.70801524908896e-05
"ENSG00000173540",41.9608252623764,5,5.9989098022406e-08,0.64130667838513,1.53795832772693e-07
"ENSG00000182180",7.01306389995938,2,0.0300007784303078,0.165320751956289,0.0381044369718277
"ENSG00000139116",2.5541600731685,2,0.278850345652168,0.12078806181654,0.303908678083376
"ENSG00000138430",22.4562154843407,4,0.000162575097078732,0.499247853547913,0.000279241682288081
"ENSG00000144029",4.92686696877427,2,0.0851421144096165,0.0747474736912444,0.101284488971727
"ENSG00000065548",2.38044598767491,2,0.304153432162923,0.0986649041054769,0.32932018321832
"ENSG00000129197",26.8777580840248,4,2.10427486319054e-05,0.487903800781182,4.00900642038887e-05
"ENSG00000115762",9.27071992953429,2,0.00970261381054682,0.252582227784197,0.0132726952332721
"ENSG00000173465",51.5063750589754,5,6.81058875962037e-10,1.02082408725835,2.11991565616352e-09
"ENSG00000127831",10.1361752297178,3,0.0174433659191158,0.654731950945952,0.0228368599335919
"ENSG00000116752",0.899243075806646,2,0.637869515379572,0.0700525179295574,0.651294900456863
"ENSG00000119013",20.7843222533726,3,0.00011671080169684,0.517184080404018,0.000203095174606312
"ENSG00000084090",79.1406758564577,2,0,1.12582826842658,0
"ENSG00000128789",15.9653194600443,2,0.000341330367504611,0.269100912133619,0.000563875499141753
"ENSG00000167315",24.477947235761,2,4.83817188701163e-06,0.621531155364073,1.00450144919271e-05
"ENSG00000115866",7.09442412664334,4,0.130981688041789,0.160036675343135,0.150678182484163
"ENSG00000170627",42.5317527316049,4,1.29415720362402e-08,0.880395855328863,3.52131146102351e-08
"ENSG00000196655",20.8009528928304,3,0.000115786718543287,0.495671968900904,0.000201663557953238
"ENSG00000102024",75.4010934230956,3,3.33066907387547e-16,1.78030240547368,1.78563363556289e-15
"ENSG00000169895",2.29965017472768,3,0.512587927525651,0.143347644161578,0.533509883751187
"ENSG00000114491",21.6822299098795,2,1.95777869178571e-05,0.514800670073618,3.74425174804016e-05
"ENSG00000161921",4.07776722499175,3,0.253188195581454,0.121708419081184,0.277460782926453
"ENSG00000138777",56.3669299929162,2,5.75539615965681e-13,0.79934531925488,2.40999641295945e-12
"ENSG00000141562",6.00269991925843,3,0.11147894201556,0.173752382486373,0.130124187599148
"ENSG00000132661",18.2519636491738,4,0.00110172599122982,0.401797776550687,0.00170002559856952
"ENSG00000172500",13.1908167149449,4,0.0103801032295452,0.281213660703097,0.0141217683471719
"ENSG00000113552",31.4073742605286,4,2.5280617667045e-06,0.794124101291091,5.41844273057679e-06
"ENSG00000085224",2.38060141953964,4,0.666135706976126,0.0846494834597888,0.679110159495394
"ENSG00000171566",20.6599909446436,2,3.26392347820281e-05,0.415465049691304,6.10145093810657e-05
"ENSG00000139428",10.6375982285767,3,0.0138559591203573,0.582806087733767,0.0185087324985834
"ENSG00000160049",1.34342664787517,2,0.510832605857273,0.0442810887342644,0.532203276197625
"ENSG00000037241",28.1875205048809,2,7.57107752269448e-07,2.31550579410514,1.74091019568085e-06
"ENSG00000141401",17.233673209014,3,0.000632684015542839,0.397029365175929,0.00100914876256191
"ENSG00000168214",2.46538623173859,2,0.291506458931005,0.13577249702776,0.316143046245239
"ENSG00000180957",23.6048152779496,5,0.000258553459134947,0.359022726469793,0.000434343606604231
"ENSG00000111231",13.8105781172163,4,0.00792480930426676,0.19144937079327,0.0109766335001299
"ENSG00000172725",46.4365767177216,4,1.99787786314687e-09,0.451040638239657,5.92217447063952e-09
"ENSG00000021355",11.1633484931044,4,0.0247882608967208,0.195087592757531,0.031747489326193
"ENSG00000116670",4.03134986288486,3,0.258098749167257,0.255047840926648,0.282530771653095
"ENSG00000067082",44.4828628431696,5,1.84809603176461e-08,1.13025069946719,4.9741042045735e-08
"ENSG00000131473",43.9291443719755,3,1.56240198556645e-09,1.18561357315257,4.66609241635387e-09
"ENSG00000127399",28.5628731383568,3,2.7667405291254e-06,0.814026226767663,5.91089893923783e-06
"ENSG00000143499",21.6337798953766,3,7.77371934377324e-05,0.55266176622473,0.000137561635006806
"ENSG00000101161",23.5931399635288,2,7.53034288170085e-06,0.237937846152704,1.52523951035672e-05
"ENSG00000104635",12.762104406343,3,0.00518035872499312,0.347358294252262,0.00738618889176438
"ENSG00000177885",8.29736920083484,4,0.0812728443742928,0.175556266796915,0.0970298244060435
"ENSG00000175354",34.2865459981875,4,6.50858783424191e-07,0.461388535874041,1.50705252646183e-06
"ENSG00000196756",27.9984125887749,5,3.64247832609355e-05,0.487849820971129,6.75829234197767e-05
"ENSG00000059573",29.7341054098849,3,1.56971263653993e-06,0.867769668958907,3.42717720535447e-06
"ENSG00000106682",26.6467053653359,3,6.981836654818e-06,0.352809168423477,1.4199256755044e-05
"ENSG00000100162",20.2909595264747,3,0.000147731420742425,0.481808017634488,0.000254405018057735
"ENSG00000077348",0.663241766873278,2,0.717759385751055,0.0781546752482073,0.728379295030025
"ENSG00000110880",53.1805499921618,3,1.67785785265551e-11,0.928715364978463,6.15730492422842e-11
"ENSG00000147677",4.69319905450199,3,0.195691289379643,0.0904051430846065,0.219161021720782
"ENSG00000137267",47.9880601459298,2,3.79773990033527e-11,0.562980146268838,1.33930933719271e-10
"ENSG00000167862",27.5717385973125,5,4.41302433801249e-05,0.570630201740042,8.08890638294855e-05
"ENSG00000179958",10.3832346698568,3,0.0155742682992625,0.77589449152588,0.0206239811233242
"ENSG00000168303",4.8511671167818,2,0.088426501955566,0.245805321481115,0.104815442425281
"ENSG00000069329",14.2617174757261,3,0.00256971304102638,0.431268410491589,0.00377207323882027
"ENSG00000148175",59.1907265061507,3,8.75188810312011e-13,1.2651005512178,3.58917637878472e-12
"ENSG00000115241",13.9521119807248,2,0.000933979573057742,0.430577667758464,0.00145700813397008
"ENSG00000127948",71.4881021466899,2,3.33066907387547e-16,0.865222629854293,1.78563363556289e-15
"ENSG00000175390",2.92797394940256,2,0.23131219793718,0.136130984545825,0.255174687574626
"ENSG00000164062",26.4590642383972,3,7.64337546754756e-06,0.684739266270064,1.54341866040123e-05
"ENSG00000105258",31.6448720424402,3,6.21757145102819e-07,0.777963047206285,1.44302795987107e-06
"ENSG00000125730",27.6126413477799,4,1.49430161904274e-05,0.332293398747931,2.91674771371541e-05
"ENSG00000141101",7.93935544903641,3,0.0472818144212511,0.237857346457545,0.0585211754099991
"ENSG00000121022",25.4496634344716,2,2.97629381640352e-06,0.187828277097552,6.33816745270514e-06
"ENSG00000055950",5.73652291939635,4,0.219707911710513,0.077156639171097,0.243182546684591
"ENSG00000164051",6.38230355618667,4,0.172358926489024,0.289951226010395,0.195117760265606
"ENSG00000136908",5.48492791067514,4,0.241057508555881,0.193178365485361,0.26548360161553
"ENSG00000124802",54.4835351808385,5,1.66707092574825e-10,0.36915808503266,5.4988458894084e-10
"ENSG00000120705",8.24803175906428,3,0.0411543416105136,0.152767658596722,0.0513525630259169
"ENSG00000183520",10.2930223620575,2,0.00581967313592135,0.223007004168565,0.00823866894473137
"ENSG00000090487",3.27525504975392,2,0.194440801469317,0.0934811004688151,0.217883241759138
"ENSG00000169241",10.5072391101559,4,0.0326974191213113,0.281440544202619,0.0413709711401324
"ENSG00000184500",65.2058083624227,3,4.52970994047064e-14,2.05808174155249,2.09525420269677e-13
"ENSG00000166035",8.67638595406506,2,0.01306010680644,0.453129858582696,0.0175280380823273
"ENSG00000124422",1.32002201354617,4,0.85796946059444,0.0738915011625391,0.863613996519404
"ENSG00000181924",9.68002045949188,3,0.0214913866446834,0.249395338229895,0.027793477266759
"ENSG00000099942",30.6693464237599,3,9.97822960147055e-07,0.357750476976828,2.25787243200511e-06
"ENSG00000140307",21.5667212325272,4,0.000244407853543294,0.221743656629627,0.000411972220930179
"ENSG00000115234",5.75844141614291,2,0.0561785252513557,0.288576933583849,0.0687625149076594
"ENSG00000101290",8.1592130359135,2,0.0169141197458837,0.14383032205081,0.0222155870737472
"ENSG00000166197",3.33669425077875,3,0.342568054935719,0.106845292602781,0.367710664472285
"ENSG00000126777",64.0544570288201,3,7.99360577730113e-14,0.803386863825983,3.59712259978551e-13
"ENSG00000167881",3.702627107048,4,0.447743941352738,0.1290796630529,0.471696344995019
"ENSG00000164904",24.0425109313428,3,2.44746575138732e-05,0.726928548449743,4.63178818221635e-05
"ENSG00000104870",11.0150049173139,3,0.0116450143928957,0.572285593778131,0.0157136591773877
"ENSG00000115255",5.13034477196154,2,0.0769059227961366,1.00632033861322,0.092148120747901
"ENSG00000168118",24.3875318259778,4,6.67857065396182e-05,0.352797882996928,0.000119457527254767
"ENSG00000069998",44.3497998958808,2,2.34187336189962e-10,0.726407732577166,7.63604281445629e-10
"ENSG00000159069",31.347782858165,3,7.18131109800346e-07,0.666423909827754,1.65703338444651e-06
"ENSG00000114054",10.0921941670005,4,0.0389029914690753,0.239029089181327,0.0487881778259715
"ENSG00000278311",15.373532707326,2,0.000458859564844594,0.322303595615642,0.000742313687430149
"ENSG00000167969",24.8187063793207,4,5.47134645069169e-05,0.345219159399883,9.93836355290026e-05
"ENSG00000172269",11.2156904588617,3,0.0106149401618294,0.404276442014464,0.014420741125782
"ENSG00000100650",48.209208124191,4,8.53604742445668e-10,0.688607588144545,2.62820407542482e-09
"ENSG00000163527",33.3881095635174,4,9.94698573730801e-07,0.401409083489409,2.25336613115098e-06
"ENSG00000105281",2.23254874199418,4,0.693074903014956,0.111745413328248,0.70476788450754
"ENSG00000163719",6.9794780860862,4,0.136976696992445,0.171041745499944,0.157084062079705
"ENSG00000078369",10.4558860556699,2,0.00536454868870462,0.354075134139427,0.00761605092207958
"ENSG00000143436",6.45298611307356,2,0.0396964682367672,0.276941211379446,0.0497519063156458
"ENSG00000110917",31.9751244038442,3,5.29702381180108e-07,1.10043473448515,1.23804704602495e-06
"ENSG00000066583",99.4878278153854,2,0,1.44199993267359,0
"ENSG00000175193",1.0246933586249,3,0.795277186930619,0.0605584200658547,0.803355167498731
"ENSG00000139168",13.8092827480014,2,0.00100311875821979,0.359110990937256,0.00155800499847187
"ENSG00000111142",31.3938961486802,4,2.54412921518732e-06,0.478520480751609,5.44701077395864e-06
"ENSG00000196998",42.5344006229063,4,1.29252180069983e-08,0.641870645244864,3.52131146102351e-08
"ENSG00000174886",12.7051809772458,3,0.00531955074511103,0.351618415649453,0.0075683736995893
"ENSG00000148229",12.0667726675072,2,0.00239736194981843,0.227349086226909,0.00353735379687601
"ENSG00000162191",26.2361903101904,4,2.83569662133942e-05,0.39821968216901,5.33100243841599e-05
"ENSG00000139637",5.87412141232456,4,0.208748254925696,0.191978510746991,0.2324867239487
"ENSG00000197498",8.65889023961409,5,0.12346813113046,0.19513925851067,0.142777972568886
"ENSG00000139697",8.74754564222147,3,0.0328427106716157,0.243682364873513,0.0415283862211339
"ENSG00000181789",19.2291152319242,4,0.000708520760622111,0.289400737941175,0.00112380206768531
"ENSG00000083457",9.86561972550579,2,0.00720622630008083,0.340763380150761,0.010030219811659
"ENSG00000150093",30.1508771758026,3,1.28279639599604e-06,0.750286689009874,2.84763619602247e-06
"ENSG00000076382",32.5914233556018,2,8.37263848252334e-08,1.21796855263135,2.11603277531626e-07
"ENSG00000070785",1.6758355607232,2,0.432610376079378,0.158684598721941,0.457206183858599
"ENSG00000170473",6.24019717761308,3,0.100491285590638,0.37448621168415,0.11827051304129
"ENSG00000163110",94.641598972813,3,0,1.0580343271019,0
"ENSG00000132155",110.797867716466,2,0,0.93743383426381,0
"ENSG00000182973",21.785104464386,5,0.000575205057231853,0.218415736810657,0.000921903995837354
"ENSG00000171824",15.2942531394505,4,0.00412825907465408,0.456770542358238,0.00595871357001957
"ENSG00000084733",7.79661546736759,4,0.0993190435184024,0.144756990744312,0.117054102643102
"ENSG00000163811",38.9533960342269,2,3.47838402525724e-09,0.490394333806651,9.98217455812456e-09
"ENSG00000144848",5.14805551130916,2,0.0762278989264215,0.112083002169266,0.0913907721305921
"ENSG00000076242",21.7495941261425,4,0.000224782159955583,0.47021812800178,0.000380180030741203
"ENSG00000197006",24.8019029087137,2,4.11467192196202e-06,0.65921686722429,8.58770456745274e-06
"ENSG00000111843",7.55118614877992,2,0.0229234912740061,0.0959894268947571,0.0295494647725198
"ENSG00000160818",21.307226546797,3,9.08882644733433e-05,1.43482457777567,0.00015983444283582
"ENSG00000087302",1.38893937340361,3,0.70812943965127,0.12222092148119,0.719340886346464
"ENSG00000034713",21.1384189297486,4,0.000297272226244538,0.414213137280523,0.000496035619127841
"ENSG00000142949",18.3989345526941,4,0.00103109721625083,0.254986996475789,0.0015984819665806
"ENSG00000105993",34.5015394774564,4,5.8798612745381e-07,0.328364232216457,1.36784141228728e-06
"ENSG00000113648",5.25683525760712,2,0.0721926074074926,0.259146900401811,0.0869195497176166
"ENSG00000235162",32.1569697769547,2,1.04040573045694e-07,0.725907303500777,2.61614032601625e-07
"ENSG00000066322",22.9638929371545,4,0.000128746764251453,0.656323488926208,0.000223453153661553
"ENSG00000138107",2.88674023726174,4,0.576954520537429,0.129335173139209,0.594923930538713
"ENSG00000176261",38.8728226732983,4,7.40079618699596e-08,0.878912971177301,1.88237642147506e-07
"ENSG00000105821",2.63251010950459,4,0.621075035747205,0.098262019972374,0.634798687616233
"ENSG00000125863",6.94026448664937,3,0.0738263156792837,0.102231458028794,0.0887790458803478
"ENSG00000205937",22.5182419593464,2,1.28891977686507e-05,0.353058880175581,2.53472761143691e-05
"ENSG00000144566",19.7433012123796,5,0.00139618406905961,0.244034918224085,0.00212472082123915
"ENSG00000071127",43.298859776801,3,2.12644468700063e-09,1.13698116015785,6.26592367769518e-09
"ENSG00000136938",0.979704072980397,2,0.612717047242404,0.0845237115799907,0.627545935615418
"ENSG00000152082",4.70601317830604,2,0.0950828569437352,0.150637522653868,0.112370649115323
"ENSG00000102393",17.5856447250206,4,0.00148673526966669,0.437394174835864,0.00225734080257027
"ENSG00000101557",69.6346766132479,4,2.70894418008538e-14,0.797122220327448,1.27378013574228e-13
"ENSG00000106305",9.64201373197567,2,0.00805866905309638,0.155933652310657,0.0111465179044567
"ENSG00000128699",2.6770178020399,4,0.613242150017755,0.104091716020064,0.627760492220955
"ENSG00000122203",57.50222388356,2,3.26294546937334e-13,0.632063464080906,1.39870658159129e-12
"ENSG00000196923",19.3080827239389,3,0.00023608730263025,1.63188053635557,0.000398284686116682
"ENSG00000116661",5.03094445711659,3,0.169545212025981,0.566206186720144,0.192151240296112
"ENSG00000123353",52.1418117639061,4,1.2884049382933e-10,0.860721662796681,4.28534685997553e-10
"ENSG00000060339",31.8371276051792,2,1.22083109066473e-07,0.612127634537656,3.05438118154988e-07
"ENSG00000086232",0.548767388720985,2,0.760040396092907,0.0906452521737504,0.769323332228393
"ENSG00000173473",4.07373090953386,3,0.253611800753679,0.108848605209901,0.277771955781425
"ENSG00000120963",29.9769584118334,4,4.94758592295419e-06,0.495975260909813,1.02507795841207e-05
"ENSG00000174695",30.226139296968,2,2.73197831024419e-07,0.235361982775507,6.57857731122965e-07
"ENSG00000165732",13.272409136256,2,0.00131199740267851,0.303044304100046,0.00200427252989828
"ENSG00000130958",30.2411406579445,2,2.71156327280586e-07,0.165221669010044,6.5435343248725e-07
"ENSG00000104549",28.2229411462368,3,3.26099517444778e-06,0.865728135938505,6.90747540146606e-06
"ENSG00000125304",52.83389949529,4,9.23173759659335e-11,0.37677789481095,3.11219086095325e-10
"ENSG00000108559",69.4433998571094,3,5.6621374255883e-15,1.14373607095937,2.78762161868691e-14
"ENSG00000102804",54.7715490444868,4,3.62752050619974e-11,1.03237601467068,1.28383243537923e-10
"ENSG00000010244",45.9138750413201,4,2.56661081277088e-09,0.73822792131615,7.49631263818101e-09
"ENSG00000086189",77.7131726761578,2,0,0.786639047484603,0
"ENSG00000152804",61.2048201278116,3,3.24962279307783e-13,1.86987404760075,1.39600426251227e-12
"ENSG00000006042",18.116257029136,3,0.000416220559631753,0.830377350358923,0.000677465378975087
"ENSG00000180573",9.62346328130525,3,0.0220535504072071,1.69958202371226,0.0285019569590221
"ENSG00000112339",16.5920853409668,5,0.00534205656990439,0.251485458612214,0.00759496105613997
"ENSG00000037897",12.0440005459824,2,0.00242481444998266,0.527981693654819,0.00357520825872165
"ENSG00000156110",6.11595280204536,3,0.10610314585118,0.235529128380873,0.124433465270045
"ENSG00000111275",40.8785790604875,2,1.32840149991154e-09,2.47036603268295,4.00939390489233e-09
"ENSG00000211460",66.2445664021105,4,1.40665257220007e-13,0.822622782863746,6.20361855012405e-13
"ENSG00000175581",3.43645157294475,2,0.179384131495433,0.204768157322293,0.202150162914683
"ENSG00000171612",21.3054257473352,3,9.09666110056051e-05,0.575169594331295,0.00015983444283582
"ENSG00000067829",4.96465480221641,3,0.174403664646935,0.138178968682054,0.196984036901052
"ENSG00000164096",13.3066079354756,4,0.00987087751760563,0.324892280233551,0.0134750688967176
"ENSG00000091732",8.12431414681247,2,0.0172118518156373,0.334430829652337,0.0225820404098303
"ENSG00000111875",63.7973420353986,4,4.61075622126828e-13,0.550413936266488,1.94709004758017e-12
"ENSG00000005075",44.857187999809,2,1.81712755953356e-10,0.704075961242532,5.97399457175579e-10
"ENSG00000137210",37.8000133187355,2,6.19200646312379e-09,0.508691688415414,1.73219421310172e-08
"ENSG00000111666",66.7530164746046,3,2.12052597703405e-14,1.3706896931522,1.00902539911979e-13
"ENSG00000197694",22.7656349152731,4,0.000141034271775919,0.194263604900606,0.000243504484863111
"ENSG00000008324",16.6540824214072,3,0.000832465749166289,0.444418761375512,0.00130994808155993
"ENSG00000124171",14.882112741632,4,0.0049520734683105,0.229319325863325,0.00707591532217643
"ENSG00000163528",1.69602602727042,2,0.428265043891341,0.0671626330365328,0.45333644081952
"ENSG00000080822",42.4099375860308,4,1.37166871194694e-08,0.343493630225745,3.71696058319136e-08
"ENSG00000132792",2.68974256083016,4,0.611010722353536,0.153370391275792,0.626443467402672
"ENSG00000184277",6.40275470548425,3,0.0935775293673264,0.231997720421112,0.110723203992631
"ENSG00000113194",102.552886812985,2,0,0.983106775880093,0
"ENSG00000163319",8.50040871593778,4,0.0748748401982771,0.175568135068244,0.0899311939338002
"ENSG00000272047",27.7671312410867,3,4.06463354785114e-06,0.899343129590354,8.49218080533184e-06
"ENSG00000090263",21.4249412940969,3,8.59100464588591e-05,0.682080168715252,0.000151619416509912
"ENSG00000103202",8.21950771993875,3,0.0416864287950311,0.500832963081855,0.0519838914566251
"ENSG00000125821",13.8798442051669,4,0.00768858407327111,0.313236434912062,0.0106568597364016
"ENSG00000185813",30.2771723284997,3,1.20666282044102e-06,1.04832416942872,2.68762861126224e-06
"ENSG00000204574",33.8539210499459,3,2.12697341073209e-07,1.40290497895949,5.21646129956366e-07
"ENSG00000146223",4.1078583247093,3,0.250050448652974,0.145001860446176,0.274475906385632
"ENSG00000152700",8.13785730067769,5,0.148799911388739,0.18666450372717,0.169898406287142
"ENSG00000166595",48.1747084585212,4,8.67860339148763e-10,1.07049955285463,2.66796632854233e-09
"ENSG00000072778",4.05103170569386,4,0.399143512609652,0.102575129450563,0.424543554321175
"ENSG00000085415",44.165537953214,3,1.3917984542644e-09,0.706194643949401,4.18170260654365e-09
"ENSG00000074201",9.40304039899515,2,0.00908146097031426,0.317736569626842,0.0124830862957533
"ENSG00000171735",34.66355798013,4,5.44638873445358e-07,0.621486166956269,1.27146328554321e-06
"ENSG00000198937",78.2364096042724,4,4.44089209850063e-16,2.0479663184756,2.35544916904473e-15
"ENSG00000107672",27.9770982112635,3,3.672460220705e-06,1.10942776877071,7.72965436929338e-06
"ENSG00000185215",50.6229625616746,5,1.03318353872339e-09,0.856676208341824,3.14701693494767e-09
"ENSG00000140365",5.52961473097432,3,0.1368780192958,0.250243105169873,0.157084062079705
"ENSG00000111196",19.2394112645721,4,0.000705224521883152,0.32402468325674,0.00111946653952561
"ENSG00000135540",24.4752983072697,4,6.41309048512451e-05,0.495957442821046,0.000115644940842363
"ENSG00000001497",7.78529248283351,2,0.020391314238595,0.383175560370726,0.0264051588675556
"ENSG00000164258",4.5385220311171,4,0.338004170332093,0.158894431532243,0.363596698101965
"ENSG00000131013",29.3776153851566,5,1.95492013576049e-05,0.383137370971319,3.74238320503138e-05
"ENSG00000198900",25.5347935432204,5,0.000109817456694694,0.927636414344971,0.000191602562601532
"ENSG00000154582",22.5253219088536,3,5.07106124029155e-05,0.561896329081379,9.24504198619606e-05
"ENSG00000138074",36.5865824609073,3,5.62786323099473e-08,1.35577952622416,1.45374285278552e-07
"ENSG00000134453",35.7915645761564,5,1.04549053792091e-06,0.782771899263709,2.36036399537423e-06
"ENSG00000120333",14.63743020423,2,0.00066301356887366,0.46527238026283,0.00105498719079177
"ENSG00000176171",38.7548620223545,2,3.84139209330669e-09,0.441601994813215,1.09620213394362e-08
"ENSG00000189091",20.9679805461626,2,2.79808482446242e-05,0.664374647711145,5.26527030828359e-05
"ENSG00000099624",5.04571633942406,4,0.282638797760419,0.184752157900818,0.307868876640456
"ENSG00000162736",14.924832206287,4,0.00485968635621392,0.327808773783977,0.00694889731309094
"ENSG00000127445",15.5647608510839,3,0.00139242954896945,1.06402632315653,0.00212062968828503
"ENSG00000105202",27.3625911388502,3,4.94183922306046e-06,1.5500140355567,1.02495497546061e-05
"ENSG00000165304",29.7259706068022,3,1.57590789451323e-06,1.58390850624501,3.43693070415221e-06
"ENSG00000170892",10.1204403009112,3,0.0175696097294606,0.205301535396564,0.0229454719316462
"ENSG00000107537",28.3795132898623,3,3.02325820977778e-06,0.779631114533094,6.43129473716364e-06
"ENSG00000172301",1.92214711390357,2,0.382482049223368,0.129819285870619,0.407912491102026
"ENSG00000165264",13.0106882791799,3,0.00461354834160299,0.437889074660189,0.00661596802555757
"ENSG00000173674",14.8973743170514,2,0.00058220545414911,0.423387024704053,0.000932372502659081
"ENSG00000138823",16.0926353526734,2,0.000320279125131773,0.964654349306322,0.000530862649905913
"ENSG00000166797",1.68687229433093,4,0.793100885161351,0.11959569624308,0.801563851923744
"ENSG00000172663",45.7682407978067,5,1.0124233229547e-08,0.713255373061809,2.80070930369528e-08
"ENSG00000124795",21.8633708567694,4,0.00021336890845991,0.506817920881862,0.000361799453475499
"ENSG00000129484",14.248763256479,4,0.00654200222200607,0.360720971303853,0.0091662121177433
"ENSG00000167645",34.753117571581,4,5.2206020917378e-07,0.455405921419016,1.22162088946665e-06
"ENSG00000115380",39.3249735164051,3,1.48120481435754e-08,0.905050576595021,3.99744420048459e-08
"ENSG00000165819",10.1350955796118,3,0.0174519995470386,0.486500906610813,0.0228368599335919
"ENSG00000155438",11.2956378394206,4,0.0234348722038712,0.186575093092249,0.0301695539245953
"ENSG00000130414",5.7815140362482,2,0.0555341563319588,0.101514935113735,0.0680575705140271
"ENSG00000090863",24.6174345236973,4,6.00521018669919e-05,0.540486339050403,0.000108683922305229
"ENSG00000145979",5.33052664467911,3,0.149133783102924,0.302189188736008,0.170181924607984
"ENSG00000126749",14.6211529179617,4,0.00555505206549733,0.289611912651446,0.00786965709278789
"ENSG00000100603",5.03933120010105,2,0.0804865169370961,0.23234297611268,0.0962643909728708
"ENSG00000188690",21.1271283519538,3,9.90662107721585e-05,1.39188602809825,0.000173453075022732
"ENSG00000147955",30.7740664090908,3,9.48440258330407e-07,0.975739036569441,2.15102357334e-06
"ENSG00000100644",24.4404872785315,4,6.5171104132844e-05,0.660219250407766,0.000117201922351019
"ENSG00000198860",17.2333995570573,5,0.00407777281160671,0.459174290357982,0.00589011628343191
"ENSG00000109133",47.5483771530626,2,4.731526281887e-11,0.398099440017464,1.65105364467952e-10
"ENSG00000047849",10.3467957470551,4,0.0349740654830528,0.241296387551986,0.0440553617769424
"ENSG00000114978",11.3634004944362,3,0.00991470311279818,0.479999932473929,0.0135240434778415
"ENSG00000102038",13.4490460004355,3,0.00375962287594545,0.604002796334141,0.00544638740004042
"ENSG00000136819",0.35426470907853,3,0.949519500682046,0.0416663184706958,0.951432890104075
"ENSG00000151413",55.1505896328622,2,1.05726538635054e-12,0.745215016761927,4.32695648858275e-12
"ENSG00000101150",5.92091609903013,3,0.115521865740032,0.0863627242487646,0.134448795176667
"ENSG00000108946",14.782647917517,3,0.00201213451137994,0.421689280961466,0.00299419613252666
"ENSG00000144659",10.892284470746,3,0.012322823993194,0.243195912027538,0.0165720736460195
"ENSG00000169919",16.0319766864754,3,0.00111699415802713,0.626135468876294,0.00172091508932297
"ENSG00000171928",52.8769633804928,5,3.56476625995583e-10,0.243514006878787,1.14175846876846e-09
"ENSG00000183258",15.4618679083657,4,0.00383317588002019,0.271458304649507,0.00554889870841351
"ENSG00000105618",4.68488862420387,3,0.196379724402626,0.197405246485628,0.219684629829484
"ENSG00000112304",11.7866977685979,4,0.0190099668293892,0.620737272042458,0.0247291197015402
"ENSG00000135047",15.9892492429614,3,0.00113975392011223,0.325982552503383,0.0017532641508919
"ENSG00000138758",27.2835519225971,3,5.13411032176947e-06,0.430882134496127,1.06261659001035e-05
"ENSG00000182512",32.480921326038,3,4.14394046632793e-07,0.623825182500248,9.77733996147836e-07
"ENSG00000116679",7.6939520275227,3,0.0527789262496631,0.193587672351315,0.0648408179805929
"ENSG00000163743",26.335979042093,5,7.67952625034818e-05,0.523205413497108,0.000136137056256172
"ENSG00000203760",21.0209003988233,3,0.000104229239319853,1.00078217714506,0.000182172194206667
"ENSG00000136950",7.27328991383141,4,0.122131869330033,0.204908090193686,0.141397140918181
"ENSG00000145833",15.4249089121224,2,0.000447222441086859,0.381285797325569,0.000724959604989211
"ENSG00000130816",24.35366658994,4,6.78390167193621e-05,0.642277133976223,0.000121123702203601
"ENSG00000173221",49.2169316370858,5,2.00384198123515e-09,0.659276554942295,5.93101443553084e-09
"ENSG00000205531",4.71741677568667,4,0.317539869230942,0.149479057955299,0.342880998860121
"ENSG00000161980",8.01208790509078,3,0.045762544598937,0.270271806022558,0.0568530301107344
"ENSG00000168092",15.8657465739011,4,0.00320470515821691,0.227930990958052,0.00466971323054465
"ENSG00000008282",91.9679065140892,5,0,0.652169899243638,0
"ENSG00000151500",1.9330523797267,3,0.586417530845122,0.220410181584298,0.604031314785576
"ENSG00000095906",4.13805217798308,4,0.387644803873024,0.203295161671866,0.412975637334464
"ENSG00000086062",1.42717147826858,2,0.489884446511409,5.32891741581726,0.513101718857921
"ENSG00000121316",26.5502145414224,3,7.31455827829297e-06,0.97913030128896,1.48304346743371e-05
"ENSG00000154380",17.6220370416016,3,0.000526279083884473,0.568788692558194,0.0008469005646005
"ENSG00000111361",7.8617900782044,2,0.0196260985638964,0.414009096732524,0.025463998723803
"ENSG00000068438",10.1356606947407,4,0.0382034579639768,0.141753246755486,0.0480016916553063
"ENSG00000128609",60.3061700852731,4,2.50144349678294e-12,0.643095617990342,9.97068359739733e-12
"ENSG00000029993",12.3619246579631,3,0.00624081403794707,0.589368478312088,0.00877862738435412
"ENSG00000111652",10.8085914948659,3,0.0128072256468126,0.454698503900518,0.017211872845615
"ENSG00000049245",9.33065122803922,3,0.0252028978799883,0.330333224832759,0.0322577631166646
"ENSG00000167699",4.53457350998323,2,0.103592871960737,0.157303720840387,0.121776727145334
"ENSG00000198840",54.7252906771361,3,7.8580475459944e-12,1.49135326355145,2.97707744171102e-11
"ENSG00000243317",14.2737865196915,3,0.00255520668628617,0.288482597739803,0.00375354955614712
"ENSG00000197635",49.6637951188453,3,9.42103062229194e-11,1.43804959308638,3.17063111806069e-10
"ENSG00000101447",46.3777987287483,3,4.71370831256479e-10,1.86973825971162,1.48582659804935e-09
"ENSG00000108883",44.7343678734863,3,1.05370256964221e-09,0.713937759007497,3.20460919115957e-09
"ENSG00000108384",14.0030196136885,3,0.00290104544332281,0.521290861287642,0.00423966156265178
"ENSG00000145020",7.60905223130995,3,0.0548216564810051,0.466096569740956,0.0672258167328725
"ENSG00000186395",84.1224000137634,5,1.11022302462516e-16,1.46271406186031,6.08328814319404e-16
"ENSG00000187193",16.7119399061257,3,0.000809988132311812,2.56492230775822,0.00127761014684234
"ENSG00000115350",21.3895766354461,4,0.000265035966621308,0.566439437844811,0.000444482746719883
"ENSG00000198715",7.16568733730778,3,0.0668001239066051,0.315087229441588,0.0809661465266529
"ENSG00000256269",2.56326882665619,2,0.277583243742872,0.149593525781511,0.302693570068297
"ENSG00000115204",30.9885021197595,4,3.07797341314586e-06,0.77004390834625,6.54069350293496e-06
"ENSG00000081307",10.6421349143985,5,0.0589556569454094,0.111857589812633,0.0720287479511175
"ENSG00000119707",4.24001894028897,2,0.120030491799974,0.197421022553912,0.139045223174227
"ENSG00000123505",74.8186792060739,5,1.01030295240889e-14,0.153344649124431,4.92522689299335e-14
"ENSG00000132153",8.54635522674235,2,0.0139374249661463,0.378082629107603,0.0185897636896122
"ENSG00000111678",15.3054855545249,5,0.00913376606252347,0.2858164087813,0.0125376540361347
"ENSG00000172409",22.6945707392188,4,0.000145716276464203,0.345489049220529,0.000251152230404939
"ENSG00000134440",24.1609218628934,5,0.000202185550461254,0.2879557827778,0.000344303989612528
"ENSG00000163931",9.40542671703335,2,0.00907063180499379,0.38604776799373,0.0124768234164126
"ENSG00000096746",5.92547910903693,2,0.051677150701197,0.338885533324859,0.063605106896461
"ENSG00000100519",26.4558921071196,3,7.65508035094342e-06,0.599942178182307,1.54421448458686e-05
"ENSG00000114902",10.3351672223958,3,0.0159217730033463,0.315497692869577,0.0210002695647585
"ENSG00000135046",12.5259192602788,4,0.013840278283287,0.544422631235581,0.0185002106891518
"ENSG00000116560",28.2448757238494,3,3.22659888896126e-06,0.55646027513252,6.84190318778673e-06
"ENSG00000166477",7.87028246111909,3,0.0487700456846588,0.388625060951759,0.0602881422416323
"ENSG00000162980",24.9269955604048,3,1.59928039951129e-05,0.907057901030449,3.10338411183216e-05
"ENSG00000122565",45.778791838827,4,2.73821043617062e-09,0.418248994337564,7.96242771570667e-09
"ENSG00000206573",30.3394548838628,4,4.17420505294253e-06,1.06750440370168,8.69371083801328e-06
"ENSG00000109854",2.87445131088193,2,0.237585990579146,0.123201583644254,0.261805282693585
"ENSG00000116285",44.0718461588783,3,1.457067688726e-09,1.00658293380697,4.36162828410804e-09
"ENSG00000100263",12.9379454262842,4,0.0115830176977932,0.289787827765992,0.0156406124921322
"ENSG00000163159",2.40214195247475,3,0.493236023479834,0.148535517232765,0.51606862214697
"ENSG00000117984",37.4057108990207,4,1.48587492421193e-07,0.575022838434438,3.70351531861845e-07
"ENSG00000023330",28.6487358952564,4,9.21273575615889e-06,0.606001542281096,1.8453304550856e-05
"ENSG00000228278",5.32536883921727,3,0.149464690077257,0.363502789777685,0.170461736561734
"ENSG00000160710",1.62036486789461,3,0.654781088773441,0.051789726189869,0.66787671054891
"ENSG00000148730",9.28786491106313,2,0.00961979373760713,0.183049370213579,0.0131684581858917
"ENSG00000068394",2.79573424950118,4,0.592569282367258,0.112137793168176,0.609421045826513
"ENSG00000132603",22.1748760111115,3,5.99877305584862e-05,0.723264944981582,0.000108666298798569
"ENSG00000198586",14.7196146473295,4,0.00531952138850555,0.120207201804495,0.0075683736995893
"ENSG00000116962",17.5234881791358,4,0.00152879871218892,0.385985600152746,0.00231943603245138
"ENSG00000137409",13.2040228198471,2,0.00135763452980142,0.34661280745901,0.00207080911025692
"ENSG00000127952",14.2597861043947,4,0.00651045922721027,0.340075032854631,0.00913853451158873
"ENSG00000120656",9.0897290203271,2,0.010621611739201,0.160476490751237,0.014420741125782
"ENSG00000006625",30.6081444944445,3,1.02786348021855e-06,1.02113908960989,2.32320507063033e-06
"ENSG00000111906",17.9100288901403,3,0.000459047680009594,0.637902139786732,0.000742313687430149
"ENSG00000204392",16.9674627372286,3,0.000717715798077334,0.859913565075688,0.00113747946006041
"ENSG00000166848",1.95928338453232,4,0.743247762572923,0.0856039868592622,0.753475942791816
"ENSG00000003056",2.30760798438004,3,0.511064986192792,0.0854265403498596,0.532203276197625
"ENSG00000104388",3.23708129591255,4,0.518962584485638,0.0730630328804462,0.538999260981465
"ENSG00000141367",11.9078336052532,4,0.0180499613934629,0.20126331112565,0.0235418840731789
"ENSG00000141002",18.408180601797,4,0.00102680663096033,0.362926742392546,0.00159307206628713
"ENSG00000149932",25.9028460579456,4,3.31044939252401e-05,0.517725425564619,6.17681411044113e-05
"ENSG00000188338",37.8271496399261,3,3.07494689710808e-08,1.23215485142952,8.14390063694802e-08
"ENSG00000085231",7.7852259835737,5,0.168476227582367,0.10025476798645,0.191048584185478
"ENSG00000114125",7.12766667916105,4,0.129293479391015,0.35996216639743,0.148822182007366
"ENSG00000205352",1.64386684654111,2,0.439580936360226,0.085599011987581,0.463342068055374
"ENSG00000151893",5.16790247506892,4,0.270499413714235,0.17133092413993,0.295617216416271
"ENSG00000179632",8.50727148983073,4,0.0746671244226057,0.174605671290463,0.0897358975689201
"ENSG00000198380",14.3651060053085,5,0.0134492159554697,0.276898162278618,0.0180259370184833
"ENSG00000130726",27.9770969254046,2,8.41105732396485e-07,0.681461610636836,1.92073398592033e-06
"ENSG00000146729",42.1011662520136,2,7.20855042324331e-10,0.85696547152896,2.23678733101887e-09
"ENSG00000132824",2.02343454824119,3,0.56755705142806,0.0966474000372487,0.586122001708417
"ENSG00000106484",24.7736394310842,2,4.17323219559229e-06,0.526273255992631,8.69371083801328e-06
"ENSG00000170248",57.2539123361483,4,1.09435793760326e-11,0.800284844729989,4.11470309620584e-11
"ENSG00000180304",9.82151630855876,3,0.0201458616366419,0.315759002069428,0.0261213290712391
"ENSG00000110172",84.5792711583899,5,1.11022302462516e-16,0.586668251925676,6.08328814319404e-16
"ENSG00000167196",6.06395757825509,4,0.194422526034562,0.0981540888937122,0.217883241759138
"ENSG00000102900",30.8497301418896,2,2.00016680551585e-07,0.872265360308523,4.92977915262828e-07
"ENSG00000136527",3.35927410865206,4,0.499595905428089,0.0945450386796273,0.521899294063272
"ENSG00000100412",12.0987739562028,2,0.00235930787066196,0.245046891010463,0.00348378868206878
"ENSG00000100941",36.3773962400574,4,2.41988252880354e-07,0.733865855585358,5.86254122995157e-07
"ENSG00000170445",9.06056407642805,4,0.059603366447058,0.155699319557882,0.0727307336584039
"ENSG00000165416",9.28219385191828,4,0.0544202806275398,0.15518217149704,0.0667747922073884
"ENSG00000150316",22.2935187031407,5,0.000460419907682419,0.604406207836891,0.000743927860585159
"ENSG00000048544",3.39764485952776,5,0.638928641306073,0.110620180316908,0.652041594437034
"ENSG00000075188",38.5210575013273,4,8.74801301398165e-08,0.708500891828596,2.20809617827532e-07
"ENSG00000163156",20.8742995520419,4,0.000335367716624346,0.411402031325728,0.000554485775865191
"ENSG00000132768",28.7504238441504,3,2.52681462964421e-06,0.417381435654682,5.41844273057679e-06
"ENSG00000108578",7.53694041073112,3,0.056616853190978,0.207718856553526,0.0692564089771557
"ENSG00000120697",58.3908451925991,2,2.09166017839379e-13,0.948119863434832,9.14354306555002e-13
"ENSG00000136521",22.9072373831084,3,4.22213729632803e-05,0.318457502718512,7.74707664427717e-05
"ENSG00000104660",6.08399579245234,3,0.107594396322574,0.244237422303247,0.126107987204243
"ENSG00000103342",30.3324362901508,4,4.1879702031844e-06,0.414536781379759,8.71325599804788e-06
"ENSG00000134077",2.45881021742437,3,0.482781010051939,0.0894134402884841,0.506461724152588
"ENSG00000165792",2.74946533370624,3,0.431886522728086,0.167207065036772,0.456683835037832
"ENSG00000106268",10.0313974421425,2,0.00663299580374987,1.4708739102665,0.00927779792802989
"ENSG00000198818",32.4308893141049,4,1.56185282840227e-06,0.746824216219657,3.4137640392221e-06
"ENSG00000100442",8.30683798155173,2,0.015710610124445,0.380580656151461,0.0207372208381025
"ENSG00000108179",7.78761529496933,3,0.0506111682858544,0.363574031120255,0.0623316493625786
"ENSG00000166946",12.9018056982638,4,0.011765689690664,0.387790162928509,0.0158657334201565
"ENSG00000181704",33.0613667607748,4,1.16041750586326e-06,0.578005223510914,2.60210870255021e-06
"ENSG00000115685",9.90392137734914,4,0.0420775895020088,0.390928236863548,0.0524388004508117
"ENSG00000168906",28.1748857940051,3,3.33763622573091e-06,1.16010038820283,7.03982868820656e-06
"ENSG00000197903",15.1941463788616,3,0.00165803365040484,0.63333242313291,0.00250024937881367
"ENSG00000164080",0.904172295593437,3,0.824420823044888,0.0975491907350098,0.831106445532834
"ENSG00000178980",41.0544179108932,4,2.61899185671766e-08,1.12049222561373,6.95483952337973e-08
"ENSG00000100196",27.1886968059424,4,1.82068248050227e-05,0.729244912094051,3.50098947578792e-05
"ENSG00000093144",39.4657993345137,2,2.69222011350934e-09,0.65968775756778,7.84015491327975e-09
"ENSG00000167986",43.0452388045994,2,4.49619563802628e-10,0.553173052098307,1.42176997202453e-09
"ENSG00000122140",5.02091141982803,2,0.081231212935843,0.341090174478576,0.0970298244060435
"ENSG00000159720",7.94688437890003,2,0.0188085788870687,0.289522384178384,0.0244991901809951
"ENSG00000168259",38.4506910369384,2,4.4723782455236e-09,0.439118970529789,1.27443557741353e-08
"ENSG00000135972",8.24439581259748,2,0.0162088497295434,0.25175576580479,0.0213505974252065
"ENSG00000198959",9.73356276096565,4,0.0451630857027918,0.229137216099903,0.0561433609142831
"ENSG00000105355",12.1149336387631,4,0.0165167437527397,0.389559274567192,0.0217417626235601
"ENSG00000163166",13.6758972902867,3,0.00338121110916789,0.351968398363574,0.0049196992656437
"ENSG00000136897",4.53026913815858,4,0.338973416677922,0.179183412761993,0.364442230147236
"ENSG00000111897",57.3870271054457,5,4.20827817038116e-11,0.722738406111198,1.47623726294323e-10
"ENSG00000113649",20.8329293846826,4,0.000341757851700986,0.343334650631369,0.000564113167662457
"ENSG00000004059",10.0627255049644,2,0.00652990585905022,0.379770218488345,0.00915936724516988
"ENSG00000114315",37.0102308974675,4,1.79258186627784e-07,2.42327268341239,4.42912463605792e-07
"ENSG00000145220",18.8812503048315,3,0.000289298703850083,0.751874528936843,0.000483136122550642
"ENSG00000124214",52.924196820546,2,3.21853654838833e-12,0.696285783284259,1.25769532313249e-11
"ENSG00000170876",34.116743938583,2,3.90519913073817e-08,0.494441665947869,1.02337827022901e-07
"ENSG00000111832",7.06037091492441,3,0.0699982374852058,0.309404568062929,0.0844820960910646
"ENSG00000169490",1.52064099676404,4,0.822978992162805,0.107302083338906,0.830073638646967
"ENSG00000152904",3.49759114852718,4,0.478244710174597,0.090305296911416,0.502498007679489
"ENSG00000255112",14.3440736660542,4,0.00627414129429749,0.205621098924341,0.00881926998894537
"ENSG00000134717",23.4784494830107,5,0.000273386387644403,0.248941901900561,0.00045810069505031
"ENSG00000121774",21.5465372661766,2,2.09521637964949e-05,0.504418288753289,3.99557562715516e-05
"ENSG00000000419",45.297472526771,4,3.44815476172045e-09,0.333980677448188,9.91095349864446e-09
"ENSG00000119718",3.17893986348342,3,0.364850442334688,0.0798605920313603,0.390154585915965
"ENSG00000121766",7.64642190057974,3,0.0539132302394836,0.407651515882656,0.0661934660162548
"ENSG00000075975",19.1299115545112,5,0.00181791930958641,0.448119290445751,0.00271867782463712
"ENSG00000133265",10.4186258331174,4,0.0339365502077885,0.404837901581362,0.0428298212965047
"ENSG00000070061",19.8672172379375,4,0.000530459357782509,0.363570155029365,0.000852248515855743
"ENSG00000138668",6.09647915575263,4,0.192058077947623,0.166896700698761,0.215699332037167
"ENSG00000111641",2.25296087762049,4,0.68934583113469,0.12114743691907,0.701334454284858
"ENSG00000184207",32.6771597762818,4,1.39077999850024e-06,0.551385899590983,3.0634124219457e-06
"ENSG00000163463",81.0981654963887,4,1.11022302462516e-16,1.32266401231039,6.08328814319404e-16
"ENSG00000132463",79.767490944974,2,0,0.978754905790368,0
"ENSG00000119231",4.11737773305606,3,0.249065222938469,0.193426069700861,0.273847832186078
"ENSG00000178988",2.11576135194751,3,0.548730721575632,0.0885875594789,0.568154817914593
"ENSG00000204370",103.026276740898,4,0,0.769893895372555,0
"ENSG00000144554",20.5319426389713,3,0.000131670159521313,0.277854890479952,0.00022793032836196
"ENSG00000163032",23.1760540231478,3,3.71105475597266e-05,1.18184145172674,6.8791126837182e-05
"ENSG00000125450",3.57789548902437,3,0.310798975717285,0.264935985564332,0.336148355023725
"ENSG00000081870",20.4991977236798,3,0.000133746031840132,1.0389185167187,0.000231322484634802
"ENSG00000133398",17.9035569721172,4,0.001288821288005,0.475132989678935,0.00197189657064766
"ENSG00000126581",3.55099012673597,3,0.314208839215023,0.127295501228576,0.339468430852081
"ENSG00000083937",21.9431994276707,4,0.000205706006878525,0.42826648297837,0.000349401577866257
"ENSG00000119326",6.86740846242184,5,0.230689554778813,0.187892161653718,0.254629036878501
"ENSG00000089737",1.89001453585636,2,0.388676746016813,0.175707633136152,0.413853344661371
"ENSG00000163882",16.3939591182533,3,0.000941426370802967,0.587966557122969,0.00146747417831278
"ENSG00000166228",32.5425749727647,3,4.02174116898024e-07,2.04864205930664,9.53425886186138e-07
"ENSG00000162231",18.1283319146464,3,0.00041383991802546,0.549869628417714,0.000674142176046389
"ENSG00000160087",22.4300379888837,3,5.3081312269776e-05,0.515544988120345,9.66838187770919e-05
"ENSG00000147471",42.9620424383179,2,4.68717287205322e-10,0.780965177698912,1.47980743531966e-09
"ENSG00000177189",8.66583988105339,3,0.0340800189239564,0.565393241474906,0.04298361296116
"ENSG00000129083",36.6148431164357,5,7.15431035636094e-07,0.417386390258504,1.65272047605132e-06
"ENSG00000182628",26.696961237649,3,6.81456634710198e-06,0.608807625418628,1.3901715348088e-05
"ENSG00000114503",30.8583575065887,4,3.27196509497529e-06,0.29322160079959,6.92333890841049e-06
"ENSG00000134153",57.5450498310045,5,3.90409926609436e-11,1.32198767802669,1.37195290463987e-10
"ENSG00000181991",3.36773805579649,2,0.185654283080454,0.169711954305298,0.208979269409747
"ENSG00000131148",7.79382048928596,3,0.0504706536952433,0.256073808052758,0.06219710669135
"ENSG00000130312",53.0320500113666,5,3.31277227871851e-10,1.07114303542559,1.06447561589194e-09
"ENSG00000108064",3.90805921113279,4,0.418591657242231,0.143229340886515,0.444042030002559
"ENSG00000147669",8.61477054197931,2,0.0134687206474297,0.134962232097341,0.0180399228065573
"ENSG00000167508",18.9564373650944,4,0.000801584638679964,0.60006149092337,0.00126535860820194
"ENSG00000109929",60.5592856249171,4,2.21300755498532e-12,0.819329258830772,8.87433876384236e-12
"ENSG00000137776",1.08130254961258,2,0.582368846680904,0.0642603647939246,0.600171832149388
"ENSG00000175832",4.93083894018356,3,0.176932074964428,0.265547679247404,0.199726388821933
"ENSG00000196510",26.8676723786364,4,2.11417456831287e-05,0.696964834906828,4.02401264724812e-05
"ENSG00000240972",1.84670870437378,4,0.763926550865321,0.126769608348118,0.772863636658761
"ENSG00000167770",2.039035692532,2,0.360768844290836,0.0530373455237821,0.385997434800684
"ENSG00000177565",51.0316220735849,3,4.81678030794797e-11,1.14095546200783,1.67492587980918e-10
"ENSG00000167325",49.196161368239,3,1.18486331857071e-10,1.17944745807051,3.95418312187439e-10
"ENSG00000183648",NA,NA,NA,6.52326430042228,NA
"ENSG00000143321",2.46671078174057,3,0.481337241335634,0.237699911331588,0.505213600536452
"ENSG00000106537",60.500279817196,4,2.2770674235062e-12,0.488067265308601,9.11285131861936e-12
"ENSG00000127483",22.1476191607447,4,0.000187305240229918,0.409213586644057,0.000320060242970195
"ENSG00000117385",16.6029947712825,3,0.000852827827374503,0.666263919476727,0.00133577338017943
"ENSG00000183527",3.69633912321775,2,0.157525242832086,0.146338631627023,0.179038690281725
"ENSG00000100347",3.75936487337331,4,0.439550610547311,0.173225875514399,0.463342068055374
"ENSG00000169599",1.37900805792069,3,0.710462651963544,0.0595205770762075,0.7213426313198
"ENSG00000115211",7.42292828633512,3,0.0595721759611342,0.0758686280042839,0.0727307336584039
"ENSG00000092094",4.65200267417484,2,0.0976855788684816,0.285174234597147,0.115241172223849
"ENSG00000144028",0.569394693191327,2,0.752241888438945,0.0369215264844659,0.761817268892598
"ENSG00000169715",NA,NA,NA,8.09741999640092,NA
"ENSG00000125676",1.71980794385751,2,0.423202719707471,0.043929621532719,0.448216298987306
"ENSG00000119203",50.0971934063129,2,1.32291955168284e-11,1.26118660588207,4.91829343606949e-11
"ENSG00000086758",10.861418987574,4,0.0281664247961004,0.245137661211487,0.0358662092954185
"ENSG00000101363",29.5746851892132,5,1.78816053109099e-05,0.860649665105243,3.44303126460791e-05
"ENSG00000053371",16.0691228109718,3,0.00109757450892534,0.667779592278623,0.00169493454833268
"ENSG00000265354",2.60700581697625,2,0.271578809184972,0.0902866858126125,0.296633855831362
"ENSG00000096401",23.4187975191876,5,0.000280677566573462,0.387249203542093,0.000469132504129929
"ENSG00000163866",2.2172775499971,3,0.528553255307487,0.120417609082007,0.547833467851273
"ENSG00000084073",41.4831033595227,3,5.16474296663461e-09,1.27404159576986,1.46543134959147e-08
"ENSG00000116863",3.24845402730488,4,0.517140525482396,0.184655506960329,0.537404652656471
"ENSG00000108861",3.62553200311965,2,0.163202094667866,0.201814715345352,0.185384903651848
"ENSG00000099956",19.1768249935146,3,0.000251320429022095,0.462186408369639,0.000423265311875484
"ENSG00000136868",17.3198610048005,4,0.0016749967591041,0.441115896435804,0.00252200496128543
"ENSG00000158042",13.5216754550806,3,0.00363411659779433,0.941103528705258,0.00527225230708456
"ENSG00000177370",4.52325419587241,4,0.339799032410424,0.248408288929389,0.365132509705204
"ENSG00000173726",1.48769264395027,2,0.475282306520194,0.0785373013662645,0.499913541866032
"ENSG00000103769",6.10340004321969,2,0.0472784815928785,0.326019774848629,0.0585211754099991
"ENSG00000146263",29.0628972821134,2,4.88733424175436e-07,1.43086974305635,1.14633346778885e-06
"ENSG00000151247",50.843598482646,4,2.40666264694767e-10,0.564595456290707,7.81542861422841e-10
"ENSG00000116455",42.6248522104112,3,2.95634217106766e-09,1.18901378912988,8.52197764964287e-09
"ENSG00000225972",9.07812308703031,3,0.0282700292749974,0.349389132357315,0.0359751044324823
"ENSG00000078618",57.1063546589136,3,2.43893794049654e-12,1.03095098140167,9.74105936475427e-12
"ENSG00000122783",17.9982064065513,3,0.000440224456583316,1.03008031690439,0.000714197752156782
"ENSG00000084072",9.60009681671639,5,0.0873925017628309,0.248607958598323,0.103713416471522
"ENSG00000167112",0.68932556667922,3,0.875711765630138,0.0454553826138155,0.880136787184611
"ENSG00000162772",45.5121843644578,5,1.1414732492554e-08,1.46854045756273,3.14407431984292e-08
"ENSG00000103194",47.5537884314697,3,2.64983812670039e-10,0.935678875674718,8.58392187949034e-10
"ENSG00000149483",0.29870836344012,3,0.960271218993605,0.0670787434533884,0.961414192172233
"ENSG00000182768",4.98348667029167,2,0.0827655526340271,0.302181153198447,0.0986934557488488
"ENSG00000163875",1.48472479638699,2,0.475988112789671,0.147966348291932,0.50039130884707
"ENSG00000128944",19.1144124406407,3,0.000258902959558549,0.883586695820409,0.000434563701740046
"ENSG00000111596",5.99101869548995,2,0.0500111475329411,0.216977394253895,0.061669046771866
"ENSG00000100889",34.8294694984647,5,1.62727451280542e-06,0.991346980229648,3.54119147261486e-06
"ENSG00000243449",NA,NA,NA,6.54521372387905,NA
"ENSG00000054267",0.0767367054420042,2,0.9623583882641,0.0218021769147004,0.96284247196041
"ENSG00000087502",28.6827516165056,4,9.06742416961759e-06,0.361155989927674,1.81805510820256e-05
"ENSG00000174903",22.9513345588605,3,4.13372901780784e-05,0.361999139833289,7.59186243436731e-05
"ENSG00000245910",49.063843080272,4,5.66246272093451e-10,1.20789666356443,1.77364383495098e-09
"ENSG00000147419",15.7165532601063,2,0.00038653944815803,0.211563964757262,0.000634345678536569
"ENSG00000213722",9.02815378223736,4,0.0603996098254048,0.458212718202174,0.0736120244747121
"ENSG00000136827",5.87398575403446,4,0.208758817985107,0.216375668434117,0.2324867239487
"ENSG00000023228",46.7911036729756,4,1.68558855762058e-09,0.80952577670153,5.01891563040019e-09
"ENSG00000163714",6.42810867678861,2,0.040193325141719,0.205145081712687,0.0502795746584146
"ENSG00000086696",2.26521777890176,3,0.519216985440165,0.885807264868791,0.538999260981465
"ENSG00000120509",1.28801138608432,3,0.731981841268674,0.125701163538438,0.742433392291378
"ENSG00000152291",10.687498509333,2,0.00477792343513206,1.22619404426604,0.00683689907372494
"ENSG00000161179",5.2823752079996,4,0.259531366531018,0.202638575254292,0.283942732689877
"ENSG00000132383",62.0225468983518,3,2.17270645919143e-13,1.88815339700821,9.45626509262966e-13
"ENSG00000147383",10.9138278579201,3,0.0122010845503496,0.653339176054188,0.0164305735752508
"ENSG00000136048",35.0273737736915,5,1.48584201487001e-06,0.269697199235459,3.25836799071273e-06
"ENSG00000225648",3.03369399904522,2,0.219402573932175,0.123816582019922,0.242979799304619
"ENSG00000144354",NA,NA,NA,4.04375296139892,NA
"ENSG00000170296",24.2581434020938,4,7.08998162691765e-05,0.337897428489686,0.000126361769318452
"ENSG00000143569",10.160384556131,2,0.0062187131788396,0.5075591207963,0.00875373001607357
"ENSG00000165775",12.6845696383042,3,0.0053708575476985,0.620432433860844,0.00761956894605729
"ENSG00000166002",42.7199850628843,4,1.1828910961853e-08,1.03179610467399,3.23627288901316e-08
"ENSG00000134690",NA,NA,NA,1.93770705629581,NA
"ENSG00000025770",22.0210213270004,2,1.65270741618873e-05,0.774067326025915,3.19459188610241e-05
"ENSG00000102316",1.89683247936074,3,0.594093068927062,0.101793790033356,0.61035698042145
"ENSG00000144136",17.2944886674649,4,0.00169415358893077,0.380981364710864,0.00254699281056939
