"ID","Description","GeneRatio","BgRatio","RichFactor","FoldEnrichment","zScore","pvalue","p.adjust","qvalue","geneID","Count"
"GO:0051607","defense response to virus","72/400","305/18842",0.236065573770492,11.119868852459,26.2411606874903,9.80407365837595e-55,5.76479531112506e-51,5.76479531112506e-51,"IFI16/TRIM22/USP18/APOBEC3C/DDX60/ISG15/ACOD1/BST2/IFIH1/DTX3L/IFITM2/UNC93B1/TRIM21/STAT2/CXCL10/ZNFX1/PML/PMAIP1/CASP1/IFIT5/IFITM3/IKBKE/STAT1/EIF2AK2/GBP1/MOV10/RSAD2/RNASE6/TRIM34/MX1/ISG20/DDX17/TRIM5/TNFAIP3/NLRC5/APOBEC3B/IFI6/LILRB1/IFI44L/ADAR/APOBEC3A/OAS2/RTP4/SAMHD1/MLKL/OAS3/IL27/IRF2/PARP9/HERC5/IFIT1/PLSCR1/GBP3/OAS1/IFIT2/IFITM1/IFIT3/OASL/MYD88/AIM2/DDX60L/IRF7/PYCARD/DHX58/ZBP1/APOBEC3G/IRF9/TRIM25/IFI27/IFNB1/NT5C3A/MX2",72
"GO:0009615","response to virus","79/400","400/18842",0.1975,9.3032375,24.7201674797589,8.68098678822984e-54,2.55221011573957e-50,2.55221011573957e-50,"IFI16/CCL8/TRIM22/USP18/APOBEC3C/DDX60/ISG15/ACOD1/BST2/IFIH1/DTX3L/IFITM2/UNC93B1/TRIM21/STAT2/CXCL10/ZNFX1/PML/PMAIP1/CASP1/IFIT5/IFITM3/IKBKE/STAT1/EIF2AK2/GBP1/MOV10/RSAD2/RNASE6/TRIM34/MX1/ISG20/DDX17/TRIM5/NMI/TNFAIP3/NLRC5/APOBEC3B/IFI6/LILRB1/IFI44L/ADAR/APOBEC3A/OAS2/IFI44/RTP4/SAMHD1/MLKL/OAS3/IL27/IRF2/PARP9/HERC5/IFIT1/PLSCR1/GBP3/OAS1/IFIT2/IFITM1/IFIT3/OASL/MYD88/LGALS9/CCL5/AIM2/DDX60L/IRF7/PYCARD/DHX58/ZBP1/CCL4/APOBEC3G/IRF9/TRIM25/IFI27/IFNB1/NT5C3A/PSMA2/MX2",79
"GO:0045071","negative regulation of viral genome replication","26/400","48/18842",0.541666666666667,25.5152083333333,25.0452030677314,2.51169196667222e-31,4.92291625467756e-28,4.92291625467756e-28,"IFI16/FAM111A/APOBEC3C/ISG15/BST2/IFIH1/IFITM2/ZNFX1/IFIT5/IFITM3/EIF2AK2/RSAD2/MX1/ISG20/APOBEC3B/APOBEC3A/OAS2/OAS3/IFIT1/PLSCR1/OAS1/IFITM1/OASL/CCL5/APOBEC3G/IFNB1",26
"GO:0048525","negative regulation of viral process","29/400","74/18842",0.391891891891892,18.4600675675676,22.163112151149,1.43732491973218e-29,2.1128676320063e-26,2.1128676320063e-26,"IFI16/FAM111A/APOBEC3C/ISG15/BST2/IFIH1/IFITM2/TRIM21/ZNFX1/IFIT5/IFITM3/STAT1/EIF2AK2/RSAD2/MX1/ISG20/APOBEC3B/APOBEC3A/OAS2/OAS3/IFIT1/PLSCR1/OAS1/IFITM1/OASL/CCL5/TRIM14/APOBEC3G/IFNB1",29
"GO:0045088","regulation of innate immune response","59/400","482/18842",0.122406639004149,5.76596473029046,15.6104695469417,3.80257419122192e-28,4.47182724887697e-25,4.47182724887697e-25,"IFI16/USP18/SERPING1/DDX60/ISG15/HLA-F/ACOD1/IFIH1/UNC93B1/TRIM21/STAT2/ZNFX1/PARP14/CASP1/NR1H3/INPP5D/IKBKE/TREX1/EIF2AK2/HLA-E/RSAD2/MNDA/EREG/NINJ1/TRIM5/NMI/SCIMP/TNFAIP3/NLRC5/TLR1/LILRB1/NAGK/IFI35/HAVCR2/SAMHD1/PPARG/OAS3/IRF2/IRAK2/PARP9/NFKBIA/PLSCR1/OAS1/FFAR2/OASL/MYD88/LGALS9/CCL5/TRAFD1/AIM2/IRF7/NCF1/PYCARD/WDFY1/DHX58/ZBP1/TRIM25/CD274/IFNB1",59
"GO:0050792","regulation of viral process","34/400","136/18842",0.25,11.77625,18.5748197853401,5.82294788639244e-27,5.70648892866459e-24,5.70648892866459e-24,"IFI16/FAM111A/APOBEC3C/ISG15/BST2/IFIH1/DYNLT1/IFITM2/TRIM21/ZNFX1/IFIT5/IFITM3/STAT1/EIF2AK2/RSAD2/MX1/ISG20/TRIM5/APOBEC3B/ADAR/APOBEC3A/OAS2/OAS3/IFIT1/PLSCR1/OAS1/IFITM1/OASL/LGALS9/CCL5/TRIM14/APOBEC3G/TRIM25/IFNB1",34
"GO:1903900","regulation of viral life cycle","31/400","110/18842",0.281818181818182,13.2750454545455,19.0153944455353,2.00725812135903e-26,1.68609682194158e-23,1.68609682194158e-23,"IFI16/FAM111A/APOBEC3C/ISG15/BST2/IFIH1/IFITM2/TRIM21/ZNFX1/IFIT5/IFITM3/EIF2AK2/RSAD2/MX1/ISG20/TRIM5/APOBEC3B/ADAR/APOBEC3A/OAS2/OAS3/IFIT1/PLSCR1/OAS1/IFITM1/OASL/LGALS9/CCL5/APOBEC3G/TRIM25/IFNB1",31
"GO:0045069","regulation of viral genome replication","27/400","77/18842",0.350649350649351,16.5173376623377,20.0939931762888,4.65527511177998e-26,3.42162720715828e-23,3.42162720715828e-23,"IFI16/FAM111A/APOBEC3C/ISG15/BST2/IFIH1/IFITM2/ZNFX1/IFIT5/IFITM3/EIF2AK2/RSAD2/MX1/ISG20/APOBEC3B/ADAR/APOBEC3A/OAS2/OAS3/IFIT1/PLSCR1/OAS1/IFITM1/OASL/CCL5/APOBEC3G/IFNB1",27
"GO:0019058","viral life cycle","44/400","284/18842",0.154929577464789,7.29795774647887,15.7496638531359,2.38206143138658e-25,1.55628013517257e-22,1.55628013517257e-22,"IFI16/CCL8/FAM111A/APOBEC3C/ISG15/BST2/IFIH1/DYNLT1/MVB12B/IFITM2/TRIM21/SCARB2/ZNFX1/ANPEP/IFIT5/IFITM3/CCR5/EIF2AK2/RSAD2/DPP4/SLC1A5/MX1/ISG20/TRIM5/CCL2/APOBEC3B/ADAR/APOBEC3A/OAS2/CD80/OAS3/SCARB1/ITGB3/IFIT1/PLSCR1/OAS1/IFITM1/OASL/LGALS9/CCL5/SIGLEC1/APOBEC3G/TRIM25/IFNB1",44
"GO:0016032","viral process","50/400","383/18842",0.130548302872063,6.14947780678851,14.9946541911427,3.3496240220404e-25,1.96957892495975e-22,1.96957892495975e-22,"IFI16/CCL8/FAM111A/APOBEC3C/ISG15/BST2/IFIH1/DYNLT1/MVB12B/IFITM2/TRIM21/SCARB2/ZNFX1/ANPEP/IFIT5/IFITM3/STAT1/CCR5/EIF2AK2/RSAD2/DPP4/SLC1A5/MX1/ISG20/TRIM5/CCL2/APOBEC3B/ADAR/APOBEC3A/OAS2/CD80/PARP10/OAS3/PARP9/SCARB1/ITGB3/IFIT1/PLSCR1/OAS1/IFITM1/OASL/LGALS9/CCL5/IRF7/TRIM14/SIGLEC1/SSB/APOBEC3G/TRIM25/IFNB1",50
"GO:0019079","viral genome replication","29/400","110/18842",0.263636363636364,12.4185909090909,17.6886522296473,7.11297817294461e-24,3.80221015062857e-21,3.80221015062857e-21,"IFI16/CCL8/FAM111A/APOBEC3C/ISG15/BST2/IFIH1/IFITM2/ZNFX1/IFIT5/IFITM3/EIF2AK2/RSAD2/MX1/ISG20/CCL2/APOBEC3B/ADAR/APOBEC3A/OAS2/OAS3/IFIT1/PLSCR1/OAS1/IFITM1/OASL/CCL5/APOBEC3G/IFNB1",29
"GO:0034341","response to type II interferon","27/400","109/18842",0.247706422018349,11.6682110091743,16.4505014624996,1.59555324218726e-21,7.81821088671759e-19,7.81821088671759e-19,"PSMB8/ACOD1/BST2/IFITM2/TRIM21/GCH1/PARP14/CASP1/NR1H3/IFITM3/STAT1/GBP1/NUB1/NLRC5/CCL2/PPARG/PSMA4/GBP4/SNCA/PARP9/CCL3/GBP3/IFITM1/LGALS9/CCL5/PSMB9/PSMA2",27
"GO:0045089","positive regulation of innate immune response","46/400","396/18842",0.116161616161616,5.47179292929293,13.2451273195545,4.13563995932548e-21,1.87058176621798e-18,1.87058176621798e-18,"IFI16/DDX60/HLA-F/ACOD1/IFIH1/UNC93B1/ZNFX1/CASP1/NR1H3/IKBKE/TREX1/EIF2AK2/HLA-E/RSAD2/MNDA/EREG/NINJ1/TRIM5/NMI/SCIMP/TNFAIP3/NLRC5/TLR1/NAGK/IFI35/HAVCR2/OAS3/IRF2/IRAK2/PARP9/NFKBIA/PLSCR1/OAS1/FFAR2/OASL/MYD88/CCL5/AIM2/IRF7/PYCARD/WDFY1/DHX58/ZBP1/TRIM25/CD274/IFNB1",46
"GO:0045824","negative regulation of innate immune response","25/400","94/18842",0.265957446808511,12.5279255319149,16.5012019082185,7.58340991251243e-21,3.18503216325522e-18,3.18503216325522e-18,"IFI16/USP18/SERPING1/ISG15/HLA-F/ACOD1/TRIM21/STAT2/PARP14/NR1H3/INPP5D/TREX1/HLA-E/NMI/TNFAIP3/NLRC5/LILRB1/HAVCR2/SAMHD1/PPARG/OAS3/OAS1/LGALS9/TRAFD1/DHX58",25
"GO:0002832","negative regulation of response to biotic stimulus","28/400","131/18842",0.213740458015267,10.0682442748092,15.3386917701323,2.12480419429546e-20,8.32923244163821e-18,8.32923244163821e-18,"IFI16/USP18/SERPING1/ISG15/HLA-F/ACOD1/IL4I1/TRIM21/STAT2/PARP14/NR1H3/INPP5D/TREX1/HLA-E/NMI/TNFAIP3/NLRC5/LILRB1/HAVCR2/SAMHD1/PPARG/OAS3/OAS1/LGALS9/TRAFD1/DHX58/CARD16/CD274",28
"GO:0002833","positive regulation of response to biotic stimulus","46/400","424/18842",0.108490566037736,5.11044811320755,12.6074956213194,6.80189333384645e-20,2.49969580018857e-17,2.49969580018857e-17,"IFI16/DDX60/HLA-F/ACOD1/IFIH1/UNC93B1/ZNFX1/CASP1/NR1H3/IKBKE/TREX1/EIF2AK2/HLA-E/RSAD2/MNDA/EREG/NINJ1/TRIM5/NMI/SCIMP/TNFAIP3/NLRC5/TLR1/NAGK/IFI35/HAVCR2/OAS3/IRF2/IRAK2/PARP9/NFKBIA/PLSCR1/OAS1/FFAR2/OASL/MYD88/CCL5/AIM2/IRF7/PYCARD/WDFY1/DHX58/ZBP1/TRIM25/CD274/IFNB1",46
"GO:0050777","negative regulation of immune response","32/400","202/18842",0.158415841584158,7.46217821782178,13.5990829674672,5.32712619115359e-19,1.84255894141077e-16,1.84255894141077e-16,"IFI16/USP18/SERPING1/ISG15/HLA-F/ACOD1/IL4I1/TRIM21/STAT2/IL18/PARP14/NR1H3/INPP5D/TREX1/HLA-E/NMI/TNFAIP3/NLRC5/ANXA1/LILRB1/HAVCR2/CD80/SAMHD1/PPARG/OAS3/OAS1/LILRB4/LGALS9/TRAFD1/DHX58/CD274/IFNB1",32
"GO:0002218","activation of innate immune response","38/400","326/18842",0.116564417177914,5.49076687116564,12.0457455690002,1.19932142975483e-17,3.91778333719912e-15,3.91778333719911e-15,"IFI16/DDX60/ACOD1/IFIH1/UNC93B1/ZNFX1/CASP1/NR1H3/IKBKE/TREX1/EIF2AK2/RSAD2/MNDA/NINJ1/TRIM5/NMI/SCIMP/TNFAIP3/TLR1/NAGK/IFI35/HAVCR2/OAS3/IRF2/IRAK2/NFKBIA/OAS1/FFAR2/OASL/MYD88/AIM2/IRF7/PYCARD/WDFY1/DHX58/ZBP1/TRIM25/CD274",38
"GO:0140888","interferon-mediated signaling pathway","23/400","105/18842",0.219047619047619,10.3182380952381,14.1012101814651,3.1549399062319e-17,9.76370876244399e-15,9.76370876244399e-15,"USP18/ISG15/IFITM2/STAT2/PARP14/NR1H3/IFITM3/IKBKE/STAT1/NLRC5/OAS2/SAMHD1/PPARG/OAS3/PARP9/OAS1/IFITM1/OASL/MYD88/IRF7/ZBP1/IFI27/IFNB1",23
"GO:0035456","response to interferon-beta","15/400","34/18842",0.441176470588235,20.7816176470588,17.002309412887,7.9412951366053e-17,2.33474077016196e-14,2.33474077016196e-14,"IFI16/ACOD1/BST2/IFITM2/IFITM3/IKBKE/STAT1/MNDA/PLSCR1/OAS1/IFITM1/AIM2/PNPT1/XAF1/IFNB1",15
"GO:0034340","response to type I interferon","23/400","122/18842",0.188524590163934,8.88045081967213,12.8604456329094,1.05502428671191e-15,2.95406800279334e-13,2.95406800279334e-13,"USP18/ISG15/IFITM2/STAT2/IFITM3/IKBKE/STAT1/MX1/NLRC5/OAS2/SAMHD1/PSMA4/OAS3/IFIT1/OAS1/IFITM1/OASL/MYD88/IRF7/ZBP1/IFI27/IFNB1/PSMA2",23
"GO:0001819","positive regulation of cytokine production","44/400","499/18842",0.0881763527054108,4.15354709418838,10.514590718532,1.1353271041804e-15,3.03441971480943e-13,3.03441971480943e-13,"IFI16/PSMB8/ISG15/HLA-F/IFIH1/SPN/CEBPB/IL18/CASP1/IKBKE/STAT1/EIF2AK2/HLA-E/RSAD2/EREG/SCIMP/ANXA1/TLR1/LILRB1/IL10/DDIT3/OAS2/HAVCR2/CD80/SPTBN1/PSMA4/OAS3/IL27/LILRA5/CCL3/CSF1R/SECTM1/OAS1/FFAR2/MYD88/C3AR1/LGALS9/AIM2/IRF7/PYCARD/DHX58/PSMB9/CD274/PSMA2",44
"GO:0060337","type I interferon-mediated signaling pathway","19/400","80/18842",0.2375,11.1874375,13.4477103615739,3.77428859961978e-15,9.59583619544741e-13,9.59583619544741e-13,"USP18/ISG15/IFITM2/STAT2/IFITM3/IKBKE/STAT1/NLRC5/OAS2/SAMHD1/OAS3/OAS1/IFITM1/OASL/MYD88/IRF7/ZBP1/IFI27/IFNB1",19
"GO:0071357","cellular response to type I interferon","22/400","116/18842",0.189655172413793,8.93370689655172,12.6229423430373,3.92210691352854e-15,9.59583619544741e-13,9.59583619544741e-13,"USP18/ISG15/IFITM2/STAT2/IFITM3/IKBKE/STAT1/NLRC5/OAS2/SAMHD1/PSMA4/OAS3/IFIT1/OAS1/IFITM1/OASL/MYD88/IRF7/ZBP1/IFI27/IFNB1/PSMA2",22
"GO:0002221","pattern recognition receptor signaling pathway","33/400","291/18842",0.11340206185567,5.34180412371134,10.9928681793888,4.07986232799635e-15,9.59583619544741e-13,9.59583619544741e-13,"IFI16/DDX60/ACOD1/IFIH1/UNC93B1/CASP1/NR1H3/TREX1/EIF2AK2/RSAD2/NINJ1/NMI/SCIMP/TNFAIP3/TLR1/NAGK/IFI35/HAVCR2/OAS3/IRF2/IRAK2/NFKBIA/OAS1/FFAR2/OASL/MYD88/AIM2/IRF7/PYCARD/WDFY1/DHX58/TRIM25/CD274",33
"GO:0140374","antiviral innate immune response","18/400","73/18842",0.246575342465753,11.6149315068493,13.3824620573395,9.9177141403443e-15,2.24292919789325e-12,2.24292919789325e-12,"USP18/IFIH1/TRIM21/CXCL10/IFIT5/EIF2AK2/MX1/OAS2/OAS3/IFIT1/OAS1/IFIT2/IFIT3/OASL/DHX58/ZBP1/APOBEC3G/TRIM25",18
"GO:0002758","innate immune response-activating signaling pathway","33/400","306/18842",0.107843137254902,5.07995098039216,10.5970652788333,1.76621229646257e-14,3.84641789007403e-12,3.84641789007403e-12,"IFI16/DDX60/ACOD1/IFIH1/UNC93B1/CASP1/NR1H3/TREX1/EIF2AK2/RSAD2/NINJ1/NMI/SCIMP/TNFAIP3/TLR1/NAGK/IFI35/HAVCR2/OAS3/IRF2/IRAK2/NFKBIA/OAS1/FFAR2/OASL/MYD88/AIM2/IRF7/PYCARD/WDFY1/DHX58/TRIM25/CD274",33
"GO:0032102","negative regulation of response to external stimulus","38/400","416/18842",0.0913461538461538,4.30286057692308,10.0322728392313,3.71962722295035e-14,7.81121716819573e-12,7.81121716819573e-12,"IFI16/USP18/SERPING1/ISG15/HLA-F/ACOD1/TRIM21/STAT2/PARP14/NR1H3/INPP5D/TREX1/STAP1/HLA-E/DPP4/TNFRSF1A/NMI/TNFAIP3/NLRC5/CCL2/LILRB1/IL10/HAVCR2/SAMHD1/PPARG/OAS3/IL1RN/IL10RA/TNFAIP6/OAS1/IL1R2/LGALS9/PLAU/TRAFD1/DHX58/KLF4/CARD16/CD109",38
"GO:0031348","negative regulation of defense response","32/400","300/18842",0.106666666666667,5.02453333333333,10.3484624798809,6.08594336716494e-14,1.23397748272172e-11,1.23397748272172e-11,"IFI16/USP18/SERPING1/ISG15/HLA-F/ACOD1/TRIM21/STAT2/PARP14/NR1H3/INPP5D/TREX1/HLA-E/TNFRSF1A/NMI/TNFAIP3/NLRC5/LILRB1/IL10/HAVCR2/SAMHD1/PPARG/OAS3/IL1RN/IL10RA/TNFAIP6/OAS1/IL1R2/LGALS9/TRAFD1/DHX58/KLF4",32
"GO:0050727","regulation of inflammatory response","38/400","429/18842",0.0885780885780886,4.17247086247086,9.78908215014598,9.85260674128617e-14,1.93111092129209e-11,1.93111092129209e-11,"IFI16/USP18/ACOD1/CEBPB/IL18/CMKLR1/CASP1/NR1H3/STAP1/GBP1/HLA-E/NINJ1/TNFRSF1A/NMI/TNFAIP3/ANXA1/IL10/IFI35/PPARG/LILRA5/SNCA/IL1RN/CCL3/IL10RA/TNFAIP6/NFKBIA/GBP3/FFAR2/NUPR1/CCR1/IL1R2/MYD88/CCL5/AIM2/NCF1/PYCARD/ZBP1/KLF4",38
"GO:0070663","regulation of leukocyte proliferation","27/400","224/18842",0.120535714285714,5.67783482142857,10.3724258824283,3.16839480517885e-13,6.00972950143602e-11,6.00972950143602e-11,"CCL8/CSF2RB/IL4I1/BST2/SDC4/SPN/CEBPB/IL18/TNFSF9/CD38/HLA-E/MNDA/TNFAIP3/ANXA1/LILRB1/TNFSF13B/IL10/SASH3/HAVCR2/CD80/IL27/CSF1R/LILRB4/LGALS9/CCL5/PYCARD/CD274",27
"GO:0070661","leukocyte proliferation","29/400","261/18842",0.111111111111111,5.23388888888889,10.1438572777178,3.37063451390077e-13,6.19354091929267e-11,6.19354091929267e-11,"CCL8/CSF2RB/IL4I1/BST2/SDC4/SPN/CEBPB/IL18/DOCK8/TNFSF9/CD38/HLA-E/MNDA/TNFAIP3/ANXA1/LILRB1/TNFSF13B/IL10/SASH3/HAVCR2/CD80/IL27/CSF1R/LILRB4/LGALS9/CCL5/PYCARD/CD274/IFNB1",29
"GO:0032496","response to lipopolysaccharide","31/400","302/18842",0.102649006622517,4.83528145695364,9.89518250987537,4.29320639288471e-13,7.64971320914002e-11,7.64971320914002e-11,"CSF2RB/ACOD1/CEBPB/CXCL10/IL18/GCH1/CASP1/NR1H3/CCR5/STAP1/TNFRSF1A/TRIM5/SCIMP/TNFAIP3/CCL2/TLR1/LILRB1/IL10/HAVCR2/CD80/PTAFR/SNCA/IRAK2/SCARB1/IL10RA/GBP3/MYD88/LGALS9/PYCARD/CARD16/CD274",31
"GO:0071222","cellular response to lipopolysaccharide","26/400","210/18842",0.123809523809524,5.83204761904762,10.3702464304019,4.68426724357167e-13,8.10102688005924e-11,8.10102688005924e-11,"ACOD1/CEBPB/CXCL10/IL18/CASP1/NR1H3/CCR5/STAP1/TNFRSF1A/TRIM5/SCIMP/TNFAIP3/CCL2/TLR1/LILRB1/IL10/HAVCR2/CD80/PTAFR/IRAK2/SCARB1/GBP3/MYD88/PYCARD/CARD16/CD274",26
"GO:0002237","response to molecule of bacterial origin","31/400","319/18842",0.0971786833855799,4.57760188087774,9.49094922425293,1.84259814575115e-12,3.09556488486193e-10,3.09556488486193e-10,"CSF2RB/ACOD1/CEBPB/CXCL10/IL18/GCH1/CASP1/NR1H3/CCR5/STAP1/TNFRSF1A/TRIM5/SCIMP/TNFAIP3/CCL2/TLR1/LILRB1/IL10/HAVCR2/CD80/PTAFR/SNCA/IRAK2/SCARB1/IL10RA/GBP3/MYD88/LGALS9/PYCARD/CARD16/CD274",31
"GO:0071219","cellular response to molecule of bacterial origin","26/400","223/18842",0.116591928251121,5.49206278026906,9.93797807819783,1.91377931244217e-12,3.12583954365554e-10,3.12583954365554e-10,"ACOD1/CEBPB/CXCL10/IL18/CASP1/NR1H3/CCR5/STAP1/TNFRSF1A/TRIM5/SCIMP/TNFAIP3/CCL2/TLR1/LILRB1/IL10/HAVCR2/CD80/PTAFR/IRAK2/SCARB1/GBP3/MYD88/PYCARD/CARD16/CD274",26
"GO:0071216","cellular response to biotic stimulus","27/400","245/18842",0.110204081632653,5.19116326530612,9.72465352951139,2.74103739104878e-12,4.35602698901806e-10,4.35602698901806e-10,"ACOD1/CEBPB/CXCL10/IL18/CASP1/NR1H3/CCR5/STAP1/TNFRSF1A/TRIM5/SCIMP/TNFAIP3/CCL2/TLR1/LILRB1/IL10/DDIT3/HAVCR2/CD80/PTAFR/IRAK2/SCARB1/GBP3/MYD88/PYCARD/CARD16/CD274",27
"GO:0002695","negative regulation of leukocyte activation","23/400","176/18842",0.130681818181818,6.15576704545455,10.1204995764419,3.44670064139312e-12,5.33331572931357e-10,5.33331572931357e-10,"PSMB8/IL4I1/SDC4/SPN/CEBPB/CD84/NR1H3/MILR1/HLA-E/MNDA/TNFAIP3/ANXA1/LILRB1/IL10/HAVCR2/CD80/PSMA4/LILRB4/LGALS9/PSMB9/CD274/IFNB1/PSMA2",23
"GO:0060759","regulation of response to cytokine stimulus","24/400","196/18842",0.122448979591837,5.76795918367347,9.8820190392929,4.80900724454496e-12,7.25050323023701e-10,7.25050323023701e-10,"USP18/ISG15/IFIH1/STAT2/PARP14/CASP1/NR1H3/IKBKE/STAP1/TNFAIP3/NLRC5/SAMHD1/PPARG/OAS3/IL1RN/IRAK2/PARP9/OAS1/IL1R2/CCL5/PYCARD/ZBP1/KLF4/CARD16",24
"GO:0050729","positive regulation of inflammatory response","22/400","166/18842",0.132530120481928,6.2428313253012,9.9920812914122,7.72100053905174e-12,1.13498707924061e-09,1.13498707924061e-09,"CEBPB/IL18/CASP1/STAP1/GBP1/HLA-E/NINJ1/TNFRSF1A/NMI/IFI35/LILRA5/SNCA/CCL3/NFKBIA/GBP3/FFAR2/NUPR1/CCR1/CCL5/AIM2/PYCARD/ZBP1",22
"GO:0071346","cellular response to type II interferon","15/400","71/18842",0.211267605633803,9.95176056338028,11.129403508947,1.91388053806351e-11,2.74478477166181e-09,2.74478477166181e-09,"ACOD1/PARP14/CASP1/NR1H3/STAT1/GBP1/NLRC5/CCL2/PPARG/GBP4/PARP9/CCL3/GBP3/LGALS9/CCL5",15
"GO:0050866","negative regulation of cell activation","23/400","198/18842",0.116161616161616,5.47179292929293,9.31585444960825,4.01647157868663e-11,5.62306021016129e-09,5.62306021016129e-09,"PSMB8/IL4I1/SDC4/SPN/CEBPB/CD84/NR1H3/MILR1/HLA-E/MNDA/TNFAIP3/ANXA1/LILRB1/IL10/HAVCR2/CD80/PSMA4/LILRB4/LGALS9/PSMB9/CD274/IFNB1/PSMA2",23
"GO:0051250","negative regulation of lymphocyte activation","20/400","149/18842",0.134228187919463,6.32281879194631,9.60667888876149,5.53815291463123e-11,7.57310212512364e-09,7.57310212512364e-09,"PSMB8/IL4I1/SDC4/SPN/CEBPB/HLA-E/MNDA/TNFAIP3/ANXA1/LILRB1/IL10/HAVCR2/CD80/PSMA4/LILRB4/LGALS9/PSMB9/CD274/IFNB1/PSMA2",20
"GO:0001959","regulation of cytokine-mediated signaling pathway","22/400","184/18842",0.119565217391304,5.63211956521739,9.2989537933814,6.0802012016269e-11,8.12535978762868e-09,8.12535978762868e-09,"USP18/ISG15/STAT2/PARP14/CASP1/NR1H3/IKBKE/STAP1/TNFAIP3/NLRC5/SAMHD1/PPARG/OAS3/IL1RN/IRAK2/PARP9/OAS1/IL1R2/CCL5/PYCARD/ZBP1/CARD16",22
"GO:0032479","regulation of type I interferon production","19/400","137/18842",0.138686131386861,6.5328102189781,9.57205449935831,9.47373299261072e-11,1.20919251775104e-08,1.20919251775104e-08,"ISG15/ACOD1/IFIH1/TRIM21/IKBKE/STAT1/LILRB1/IL10/OAS2/HAVCR2/OAS3/IRF2/OAS1/MYD88/IRF7/PYCARD/DHX58/SIGLEC1/XAF1",19
"GO:0032606","type I interferon production","19/400","137/18842",0.138686131386861,6.5328102189781,9.57205449935831,9.47373299261072e-11,1.20919251775104e-08,1.20919251775104e-08,"ISG15/ACOD1/IFIH1/TRIM21/IKBKE/STAT1/LILRB1/IL10/OAS2/HAVCR2/OAS3/IRF2/OAS1/MYD88/IRF7/PYCARD/DHX58/SIGLEC1/XAF1",19
"GO:0070664","negative regulation of leukocyte proliferation","15/400","79/18842",0.189873417721519,8.94398734177215,10.420268543711,9.66531434256786e-11,1.20919251775104e-08,1.20919251775104e-08,"CCL8/IL4I1/SDC4/SPN/CEBPB/HLA-E/MNDA/TNFAIP3/LILRB1/IL10/HAVCR2/CD80/LILRB4/LGALS9/CD274",15
"GO:0046651","lymphocyte proliferation","24/400","227/18842",0.105726872246696,4.98026431718062,8.88528337442133,1.09994174881117e-10,1.34742864229368e-08,1.34742864229368e-08,"IL4I1/SDC4/SPN/CEBPB/IL18/DOCK8/TNFSF9/CD38/HLA-E/MNDA/ANXA1/LILRB1/TNFSF13B/IL10/SASH3/HAVCR2/CD80/IL27/LILRB4/LGALS9/CCL5/PYCARD/CD274/IFNB1",24
"GO:0002753","cytoplasmic pattern recognition receptor signaling pathway","22/400","191/18842",0.115183246073298,5.42570680628272,9.05370258208999,1.26841942191231e-10,1.52210330629477e-08,1.52210330629477e-08,"IFI16/DDX60/IFIH1/UNC93B1/TREX1/EIF2AK2/RSAD2/SCIMP/TNFAIP3/NAGK/HAVCR2/OAS3/IRF2/IRAK2/OAS1/OASL/MYD88/IRF7/PYCARD/WDFY1/DHX58/TRIM25",22
"GO:0032943","mononuclear cell proliferation","24/400","230/18842",0.104347826086957,4.91530434782609,8.79854550193588,1.44647017931912e-10,1.70104893087928e-08,1.70104893087928e-08,"IL4I1/SDC4/SPN/CEBPB/IL18/DOCK8/TNFSF9/CD38/HLA-E/MNDA/ANXA1/LILRB1/TNFSF13B/IL10/SASH3/HAVCR2/CD80/IL27/LILRB4/LGALS9/CCL5/PYCARD/CD274/IFNB1",24
"GO:0050868","negative regulation of T cell activation","18/400","125/18842",0.144,6.78312,9.55381994102914,1.57685362602632e-10,1.8180194747127e-08,1.8180194747127e-08,"PSMB8/IL4I1/SDC4/SPN/CEBPB/HLA-E/ANXA1/LILRB1/IL10/HAVCR2/CD80/PSMA4/LILRB4/LGALS9/PSMB9/CD274/IFNB1/PSMA2",18
"GO:0002429","immune response-activating cell surface receptor signaling pathway","29/400","336/18842",0.0863095238095238,4.06561011904762,8.35041851235684,1.73403902106642e-10,1.9607979699751e-08,1.9607979699751e-08,"ACOD1/CMKLR1/NR1H3/INPP5D/CD38/STAP1/GBP1/MNDA/RBCK1/NINJ1/BLNK/THEMIS2/NMI/SCIMP/TNFAIP3/TLR1/IFI35/CD80/FPR3/IRAK2/NFKBIA/PLSCR1/OAS1/FFAR2/LILRB4/MYD88/C3AR1/WDFY1/CD274",29
"GO:0070106","interleukin-27-mediated signaling pathway","7/400","10/18842",0.7,32.9735,14.89429385879,2.09541698117158e-10,2.32472676401677e-08,2.32472676401677e-08,"STAT1/MX1/OAS2/OAS3/IL27/OAS1/OASL",7
"GO:1903038","negative regulation of leukocyte cell-cell adhesion","19/400","144/18842",0.131944444444444,6.21524305555556,9.25201191485338,2.2784837067101e-10,2.481015591751e-08,2.481015591751e-08,"PSMB8/IL4I1/SDC4/SPN/CEBPB/HLA-E/ANXA1/LILRB1/IL10/HAVCR2/CD80/PSMA4/LILRB4/LGALS9/PSMB9/KLF4/CD274/IFNB1/PSMA2",19
"GO:0050670","regulation of lymphocyte proliferation","22/400","198/18842",0.111111111111111,5.23388888888889,8.82024129210719,2.55960665855063e-10,2.73645220950504e-08,2.73645220950504e-08,"IL4I1/SDC4/SPN/CEBPB/IL18/TNFSF9/CD38/HLA-E/MNDA/ANXA1/LILRB1/TNFSF13B/IL10/SASH3/HAVCR2/CD80/IL27/LILRB4/LGALS9/CCL5/PYCARD/CD274",22
"GO:0032944","regulation of mononuclear cell proliferation","22/400","200/18842",0.11,5.18155,8.75556147675415,3.11021818154599e-10,3.26572909062329e-08,3.26572909062329e-08,"IL4I1/SDC4/SPN/CEBPB/IL18/TNFSF9/CD38/HLA-E/MNDA/ANXA1/LILRB1/TNFSF13B/IL10/SASH3/HAVCR2/CD80/IL27/LILRB4/LGALS9/CCL5/PYCARD/CD274",22
"GO:0070555","response to interleukin-1","17/400","115/18842",0.147826086956522,6.96334782608696,9.44676077965412,3.36350423574309e-10,3.46972015897708e-08,3.46972015897708e-08,"ACOD1/CEBPB/CD38/GBP1/CCL2/SNCA/IL1RN/IRAK2/CCL3/NFKBIA/GBP3/IL1R2/MYD88/LGALS9/CCL5/PYCARD/ZBP1",17
"GO:0002768","immune response-regulating cell surface receptor signaling pathway","31/400","392/18842",0.0790816326530612,3.72514030612245,8.02992847807771,3.55716079817327e-10,3.60622508504462e-08,3.60622508504462e-08,"ACOD1/CMKLR1/NR1H3/INPP5D/CD38/STAP1/GBP1/MNDA/RBCK1/NINJ1/BLNK/THEMIS2/NMI/SCIMP/TNFAIP3/TLR1/LILRB1/IFI35/CD80/FPR3/LILRA5/IRAK2/NFKBIA/PLSCR1/OAS1/FFAR2/LILRB4/MYD88/C3AR1/WDFY1/CD274",31
"GO:0001818","negative regulation of cytokine production","30/400","371/18842",0.0808625336927224,3.80902964959569,8.04777888488437,4.05788915123472e-10,4.04413359478985e-08,4.04413359478986e-08,"HLA-F/ACOD1/BST2/CD84/CMKLR1/PML/GBP1/TNFAIP3/ANXA1/LILRB1/IL10/DDIT3/HAVCR2/OAS3/IRF2/LILRA5/NFKBIA/OAS1/LILRB4/IL1R2/LGALS9/SRGN/PYCARD/DHX58/SIGLEC1/XAF1/KLF4/CARD16/CD274/IFNB1",30
"GO:0051249","regulation of lymphocyte activation","33/400","453/18842",0.0728476821192053,3.43149006622517,7.71472599585121,7.8395231012748e-10,7.6827326392493e-08,7.6827326392493e-08,"PSMB8/IL4I1/SDC4/SPN/CEBPB/IL18/DOCK8/INPP5D/TNFSF9/CD38/HLA-E/DPP4/MNDA/THEMIS2/TNFAIP3/CCL2/ANXA1/LILRB1/TNFSF13B/IL10/SASH3/HAVCR2/CD80/PSMA4/IL27/LILRB4/LGALS9/CCL5/PYCARD/PSMB9/CD274/IFNB1/PSMA2",33
"GO:0002704","negative regulation of leukocyte mediated immunity","13/400","65/18842",0.2,9.421,10.0157898613659,8.85484428695623e-10,8.53548924709879e-08,8.53548924709879e-08,"HLA-F/IL4I1/BST2/CD84/INPP5D/HLA-E/LILRB1/HAVCR2/CD80/LILRB4/LGALS9/CD274/IFNB1",13
"GO:0007162","negative regulation of cell adhesion","26/400","295/18842",0.088135593220339,4.15162711864407,8.03502000520083,9.99960957347259e-10,9.4835006922611e-08,9.4835006922611e-08,"PSMB8/TGFBI/IL4I1/SDC4/SPN/CEBPB/VEGFA/GBP1/HLA-E/MAP4K4/ANXA1/LILRB1/IL10/HAVCR2/CD80/PSMA4/IL1RN/LILRB4/LGALS9/SEMA4D/PSMB9/KLF4/CD274/IFNB1/CD164/PSMA2",26
"GO:0022408","negative regulation of cell-cell adhesion","21/400","194/18842",0.108247422680412,5.09899484536082,8.45162206923309,1.06498198661021e-09,9.93983187502866e-08,9.93983187502866e-08,"PSMB8/IL4I1/SDC4/SPN/CEBPB/VEGFA/HLA-E/ANXA1/LILRB1/IL10/HAVCR2/CD80/PSMA4/IL1RN/LILRB4/LGALS9/PSMB9/KLF4/CD274/IFNB1/PSMA2",21
"GO:0002698","negative regulation of immune effector process","16/400","108/18842",0.148148148148148,6.97851851851852,9.17631176343665,1.0832024282891e-09,9.95192230990614e-08,9.95192230990614e-08,"SERPING1/HLA-F/IL4I1/BST2/CD84/INPP5D/HLA-E/ANXA1/LILRB1/IL10/HAVCR2/CD80/LILRB4/LGALS9/CD274/IFNB1",16
"GO:0071706","tumor necrosis factor superfamily cytokine production","21/400","196/18842",0.107142857142857,5.04696428571429,8.38769305318487,1.28581295480353e-09,1.14554245064315e-07,1.14554245064315e-07,"PSMB8/IFIH1/SPN/HLA-E/TNFAIP3/TLR1/LILRB1/IL10/OAS2/HAVCR2/PSMA4/OAS3/LILRA5/CCL3/OAS1/LILRB4/LGALS9/PYCARD/PSMB9/CD274/PSMA2",21
"GO:1903555","regulation of tumor necrosis factor superfamily cytokine production","21/400","196/18842",0.107142857142857,5.04696428571429,8.38769305318487,1.28581295480353e-09,1.14554245064315e-07,1.14554245064315e-07,"PSMB8/IFIH1/SPN/HLA-E/TNFAIP3/TLR1/LILRB1/IL10/OAS2/HAVCR2/PSMA4/OAS3/LILRA5/CCL3/OAS1/LILRB4/LGALS9/PYCARD/PSMB9/CD274/PSMA2",21
"GO:1903131","mononuclear cell differentiation","32/400","439/18842",0.0728929384965831,3.43362186788155,7.59834498606687,1.40979686569374e-09,1.23591635049227e-07,1.23591635049227e-07,"IFI16/PSMB8/BATF2/IL4I1/SPN/CEBPB/IL18/INPP5D/TNFSF9/VEGFA/RSAD2/DCSTAMP/BLNK/NRROS/ANXA1/LILRB1/TNFSF13B/IL10/CD80/PPARG/PSMA4/IL27/KLF6/CSF1R/CFB/LILRB4/IL1R2/LGALS9/IRF7/PSMB9/IFNB1/PSMA2",32
"GO:0060761","negative regulation of response to cytokine stimulus","16/400","110/18842",0.145454545454545,6.85163636363636,9.06482782637513,1.42929101757609e-09,1.23591635049227e-07,1.23591635049227e-07,"USP18/ISG15/STAT2/PARP14/NR1H3/STAP1/NLRC5/SAMHD1/PPARG/OAS3/IL1RN/OAS1/IL1R2/CCL5/KLF4/CARD16",16
"GO:0030595","leukocyte chemotaxis","22/400","217/18842",0.101382488479263,4.77562211981567,8.23850120569292,1.48273349756059e-09,1.26354680661685e-07,1.26354680661685e-07,"CCL8/CXCL11/CXCL10/CMKLR1/VEGFA/CCR5/STAP1/DPP4/NINJ1/CCL2/ANXA1/IL10/CXCL3/CCL3/CSF1R/TNFAIP6/FFAR2/CCR1/C3AR1/LGALS9/CCL5/CCL4",22
"GO:0002697","regulation of immune effector process","28/400","347/18842",0.0806916426512968,3.80097982708934,7.75578054953894,1.66267429098005e-09,1.39664640442324e-07,1.39664640442324e-07,"SERPING1/DDX60/HLA-F/IL4I1/BST2/CD84/IL18/INPP5D/STAP1/HLA-E/RSAD2/SCIMP/ANXA1/LILRB1/IL10/SASH3/HAVCR2/CD80/IL27/SECTM1/CFB/FFAR2/LILRB4/LGALS9/NCF1/DHX58/CD274/IFNB1",28
"GO:0042098","T cell proliferation","19/400","162/18842",0.117283950617284,5.52466049382716,8.51790967744509,1.73891139639161e-09,1.41989190782021e-07,1.41989190782021e-07,"IL4I1/SDC4/SPN/CEBPB/IL18/DOCK8/TNFSF9/HLA-E/ANXA1/LILRB1/IL10/HAVCR2/CD80/IL27/LILRB4/LGALS9/CCL5/PYCARD/CD274",19
"GO:0006935","chemotaxis","32/400","443/18842",0.072234762979684,3.40261851015801,7.53646234582266,1.76279097399447e-09,1.41989190782021e-07,1.41989190782021e-07,"CCL8/SPN/CXCL11/CXCL10/CMKLR1/VEGFA/CCR5/STAP1/DPP4/NINJ1/CCL2/ANXA1/CCRL2/IL10/CXCL3/FPR3/BIN2/PTAFR/SEMA6B/CCL3/TYMP/CSF1R/TNFAIP6/ITGB3/FFAR2/CCR1/C3AR1/LGALS9/PLAU/CCL5/SEMA4D/CCL4",32
"GO:0042330","taxis","32/400","443/18842",0.072234762979684,3.40261851015801,7.53646234582266,1.76279097399447e-09,1.41989190782021e-07,1.41989190782021e-07,"CCL8/SPN/CXCL11/CXCL10/CMKLR1/VEGFA/CCR5/STAP1/DPP4/NINJ1/CCL2/ANXA1/CCRL2/IL10/CXCL3/FPR3/BIN2/PTAFR/SEMA6B/CCL3/TYMP/CSF1R/TNFAIP6/ITGB3/FFAR2/CCR1/C3AR1/LGALS9/PLAU/CCL5/SEMA4D/CCL4",32
"GO:0002752","cell surface pattern recognition receptor signaling pathway","14/400","83/18842",0.168674698795181,7.94542168674699,9.33922384631243,2.10622071895648e-09,1.67359159830596e-07,1.67359159830596e-07,"ACOD1/NR1H3/NINJ1/NMI/SCIMP/TNFAIP3/TLR1/IFI35/IRAK2/NFKBIA/OAS1/FFAR2/MYD88/WDFY1",14
"GO:0050672","negative regulation of lymphocyte proliferation","13/400","70/18842",0.185714285714286,8.74807142857143,9.56456723935624,2.32512979257941e-09,1.82290175738226e-07,1.82290175738226e-07,"IL4I1/SDC4/SPN/CEBPB/HLA-E/MNDA/LILRB1/IL10/HAVCR2/CD80/LILRB4/LGALS9/CD274",13
"GO:0045063","T-helper 1 cell differentiation","10/400","36/18842",0.277777777777778,13.0847222222222,10.6885223162401,2.58208567307318e-09,1.98539927982897e-07,1.98539927982897e-07,"PSMB8/SPN/IL18/ANXA1/IL10/CD80/PSMA4/IL27/PSMB9/PSMA2",10
"GO:0042129","regulation of T cell proliferation","18/400","148/18842",0.121621621621622,5.72898648648649,8.50600773107896,2.59992762834746e-09,1.98539927982897e-07,1.98539927982897e-07,"IL4I1/SDC4/SPN/CEBPB/IL18/TNFSF9/HLA-E/ANXA1/LILRB1/IL10/HAVCR2/CD80/IL27/LILRB4/LGALS9/CCL5/PYCARD/CD274",18
"GO:0035458","cellular response to interferon-beta","9/400","27/18842",0.333333333333333,15.7016666666667,11.2583385459013,2.67593299299098e-09,2.01724179471628e-07,2.01724179471628e-07,"IFI16/ACOD1/IFITM2/STAT1/MNDA/OAS1/AIM2/PNPT1/IFNB1",9
"GO:0032945","negative regulation of mononuclear cell proliferation","13/400","71/18842",0.183098591549296,8.62485915492958,9.47971447999231,2.79213582688581e-09,2.07819729899855e-07,2.07819729899855e-07,"IL4I1/SDC4/SPN/CEBPB/HLA-E/MNDA/LILRB1/IL10/HAVCR2/CD80/LILRB4/LGALS9/CD274",13
"GO:0032760","positive regulation of tumor necrosis factor production","16/400","116/18842",0.137931034482759,6.49724137931034,8.7463983584966,3.16801897766724e-09,2.32849394858542e-07,2.32849394858542e-07,"PSMB8/IFIH1/SPN/HLA-E/TLR1/OAS2/HAVCR2/PSMA4/OAS3/LILRA5/CCL3/OAS1/LGALS9/PYCARD/PSMB9/PSMA2",16
"GO:0042130","negative regulation of T cell proliferation","12/400","59/18842",0.203389830508475,9.58067796610169,9.72171961352023,3.23627377704105e-09,2.34929503814832e-07,2.34929503814832e-07,"IL4I1/SDC4/SPN/CEBPB/HLA-E/LILRB1/IL10/HAVCR2/CD80/LILRB4/LGALS9/CD274",12
"GO:0140895","cell surface toll-like receptor signaling pathway","13/400","72/18842",0.180555555555556,8.50506944444444,9.39651450801765,3.3425396361904e-09,2.39684549521946e-07,2.39684549521946e-07,"ACOD1/NR1H3/NINJ1/NMI/SCIMP/TNFAIP3/TLR1/IFI35/IRAK2/NFKBIA/OAS1/MYD88/WDFY1",13
"GO:0035455","response to interferon-alpha","8/400","20/18842",0.4,18.842,11.7571919853482,3.87762974653682e-09,2.74704372405259e-07,2.74704372405259e-07,"BST2/IFITM2/IFITM3/EIF2AK2/ADAR/OAS1/IFITM1/MX2",8
"GO:0050688","regulation of defense response to virus","12/400","60/18842",0.2,9.421,9.62157868919761,3.96866379703937e-09,2.77806465792756e-07,2.77806465792756e-07,"TRIM22/DTX3L/PML/STAT1/TNFAIP3/LILRB1/IL27/PARP9/HERC5/AIM2/PYCARD/APOBEC3G",12
"GO:0002819","regulation of adaptive immune response","20/400","190/18842",0.105263157894737,4.95842105263158,8.07632982234423,4.35262071145574e-09,3.01098938627762e-07,3.01098938627762e-07,"HLA-F/IL4I1/IL18/HLA-E/RSAD2/TNFAIP3/ANXA1/LILRB1/IL10/SASH3/HAVCR2/CD80/IL27/SECTM1/LILRB4/LGALS9/IRF7/PYCARD/CD274/IFNB1",20
"GO:0002685","regulation of leukocyte migration","21/400","210/18842",0.1,4.7105,7.96324920895343,4.504226473262e-09,3.07963391427681e-07,3.07963391427681e-07,"CCL8/SPN/CXCL10/CMKLR1/DOCK8/VEGFA/STAP1/DPP4/NINJ1/CCL2/ANXA1/CCL3/CSF1R/TNFAIP6/ITGB3/CCR1/C3AR1/LGALS9/CCL5/PYCARD/CCL4",21
"GO:0071347","cellular response to interleukin-1","14/400","88/18842",0.159090909090909,7.49397727272727,8.9925550724475,4.65202001487431e-09,3.14412387212195e-07,3.14412387212195e-07,"ACOD1/CEBPB/GBP1/CCL2/IL1RN/IRAK2/CCL3/NFKBIA/GBP3/IL1R2/MYD88/CCL5/PYCARD/ZBP1",14
"GO:0032640","tumor necrosis factor production","20/400","191/18842",0.104712041884817,4.93246073298429,8.04466528185848,4.76824715296034e-09,3.15025766959627e-07,3.15025766959627e-07,"PSMB8/IFIH1/SPN/HLA-E/TNFAIP3/TLR1/LILRB1/IL10/OAS2/HAVCR2/PSMA4/OAS3/LILRA5/CCL3/OAS1/LILRB4/LGALS9/PYCARD/PSMB9/PSMA2",20
"GO:0032680","regulation of tumor necrosis factor production","20/400","191/18842",0.104712041884817,4.93246073298429,8.04466528185848,4.76824715296034e-09,3.15025766959627e-07,3.15025766959627e-07,"PSMB8/IFIH1/SPN/HLA-E/TNFAIP3/TLR1/LILRB1/IL10/OAS2/HAVCR2/PSMA4/OAS3/LILRA5/CCL3/OAS1/LILRB4/LGALS9/PYCARD/PSMB9/PSMA2",20
"GO:0042088","T-helper 1 type immune response","12/400","61/18842",0.19672131147541,9.26655737704918,9.52375483884473,4.8469416549873e-09,3.16666854792504e-07,3.16666854792504e-07,"PSMB8/SPN/IL18/ANXA1/IL10/HAVCR2/CD80/PSMA4/IL27/LGALS9/PSMB9/PSMA2",12
"GO:1903557","positive regulation of tumor necrosis factor superfamily cytokine production","16/400","120/18842",0.133333333333333,6.28066666666667,8.54636070197459,5.23850624621964e-09,3.38488095909577e-07,3.38488095909577e-07,"PSMB8/IFIH1/SPN/HLA-E/TLR1/OAS2/HAVCR2/PSMA4/OAS3/LILRA5/CCL3/OAS1/LGALS9/PYCARD/PSMB9/PSMA2",16
"GO:0001960","negative regulation of cytokine-mediated signaling pathway","15/400","105/18842",0.142857142857143,6.72928571428571,8.67007917388316,6.04000996042111e-09,3.86035419209523e-07,3.86035419209523e-07,"USP18/ISG15/STAT2/PARP14/NR1H3/STAP1/NLRC5/SAMHD1/PPARG/OAS3/IL1RN/OAS1/IL1R2/CCL5/CARD16",15
"GO:0034142","toll-like receptor 4 signaling pathway","12/400","63/18842",0.19047619047619,8.97238095238095,9.33469318926248,7.14564395651037e-09,4.51789101766462e-07,4.51789101766462e-07,"ACOD1/NR1H3/NINJ1/NMI/SCIMP/TNFAIP3/IFI35/IRAK2/NFKBIA/OAS1/MYD88/WDFY1",12
"GO:0043122","regulation of canonical NF-kappaB signal transduction","26/400","326/18842",0.0797546012269939,3.75684049079755,7.39477244737161,8.22080076389909e-09,5.14237324380071e-07,5.14237324380071e-07,"TRIM22/BST2/APOL3/TNFSF10/CASP1/IFIT5/IKBKE/VEGFA/STAT1/EIF2AK2/RBCK1/TNFRSF1A/TRIM5/TNFAIP3/NLRC5/PARP10/IRAK2/SECTM1/NFKBIA/LILRB4/MYD88/LGALS9/PYCARD/KLF4/CARD16/TRIM25",26
"GO:0071677","positive regulation of mononuclear cell migration","14/400","92/18842",0.152173913043478,7.16815217391304,8.73426408415428,8.43718200677398e-09,5.22217159998221e-07,5.22217159998221e-07,"SPN/CXCL10/CMKLR1/DOCK8/CCL2/CCL3/CSF1R/ITGB3/CCR1/C3AR1/LGALS9/CCL5/PYCARD/CCL4",14
"GO:0050900","leukocyte migration","27/400","352/18842",0.0767045454545455,3.61316761363636,7.28866693227943,9.69670953240197e-09,5.93923458859621e-07,5.93923458859621e-07,"CCL8/SPN/CXCL11/CXCL10/CMKLR1/DOCK8/VEGFA/CCR5/STAP1/DPP4/NINJ1/SELL/CCL2/ANXA1/IL10/CXCL3/CCL3/CSF1R/TNFAIP6/ITGB3/FFAR2/CCR1/C3AR1/LGALS9/CCL5/PYCARD/CCL4",27
"GO:0002230","positive regulation of defense response to virus by host","9/400","31/18842",0.290322580645161,13.6756451612903,10.402145878354,1.06762432677333e-08,6.47178457879093e-07,6.47178457879093e-07,"TRIM22/DTX3L/PML/STAT1/LILRB1/PARP9/AIM2/PYCARD/APOBEC3G",9
"GO:0002274","myeloid leukocyte activation","21/400","222/18842",0.0945945945945946,4.45587837837838,7.62821738055532,1.21425496059679e-08,7.28552976358071e-07,7.28552976358071e-07,"BATF2/CD84/NR1H3/MILR1/STAP1/DCSTAMP/NMI/ANXA1/TLR1/TMEM106A/IL10/IFI35/HAVCR2/SNCA/CCL3/PLSCR1/PTPRE/LILRB4/LGALS9/CCL5/PYCARD",21
"GO:0050691","regulation of defense response to virus by host","10/400","42/18842",0.238095238095238,11.2154761904762,9.7607299671641,1.33414543465312e-08,7.92401530884884e-07,7.92401530884884e-07,"TRIM22/DTX3L/PML/STAT1/TNFAIP3/LILRB1/PARP9/AIM2/PYCARD/APOBEC3G",10
"GO:0007249","canonical NF-kappaB signal transduction","26/400","339/18842",0.0766961651917404,3.61277286135693,7.14921557336415,1.83765782589778e-08,1.08054280162789e-06,1.08054280162789e-06,"TRIM22/BST2/APOL3/TNFSF10/CASP1/IFIT5/IKBKE/VEGFA/STAT1/EIF2AK2/RBCK1/TNFRSF1A/TRIM5/TNFAIP3/NLRC5/PARP10/IRAK2/SECTM1/NFKBIA/LILRB4/MYD88/LGALS9/PYCARD/KLF4/CARD16/TRIM25",26
"GO:0032612","interleukin-1 production","16/400","133/18842",0.120300751879699,5.66676691729323,7.95416517224902,2.35017687193639e-08,1.35480784382216e-06,1.35480784382216e-06,"IFI16/PML/CASP1/TNFAIP3/ANXA1/IL10/HAVCR2/LILRA5/CCL3/LILRB4/IL1R2/MYD88/LGALS9/AIM2/PYCARD/CARD16",16
"GO:0032652","regulation of interleukin-1 production","16/400","133/18842",0.120300751879699,5.66676691729323,7.95416517224902,2.35017687193639e-08,1.35480784382216e-06,1.35480784382216e-06,"IFI16/PML/CASP1/TNFAIP3/ANXA1/IL10/HAVCR2/LILRA5/CCL3/LILRB4/IL1R2/MYD88/LGALS9/AIM2/PYCARD/CARD16",16
"GO:0002220","innate immune response activating cell surface receptor signaling pathway","14/400","100/18842",0.14,6.5947,8.26126966193435,2.53674311483548e-08,1.44816014710996e-06,1.44816014710996e-06,"ACOD1/NR1H3/NINJ1/NMI/SCIMP/TNFAIP3/TLR1/IFI35/IRAK2/NFKBIA/OAS1/FFAR2/MYD88/WDFY1",14
"GO:0050863","regulation of T cell activation","26/400","346/18842",0.0751445086705202,3.53968208092486,7.02192937937405,2.78515870251492e-08,1.57468588180651e-06,1.57468588180651e-06,"PSMB8/IL4I1/SDC4/SPN/CEBPB/IL18/DOCK8/TNFSF9/HLA-E/DPP4/CCL2/ANXA1/LILRB1/IL10/HAVCR2/CD80/PSMA4/IL27/LILRB4/LGALS9/CCL5/PYCARD/PSMB9/CD274/IFNB1/PSMA2",26
"GO:0002688","regulation of leukocyte chemotaxis","15/400","118/18842",0.127118644067797,5.98792372881356,8.00459665408567,3.05478942077466e-08,1.71068207563381e-06,1.71068207563381e-06,"CXCL10/CMKLR1/VEGFA/STAP1/DPP4/NINJ1/CCL2/CCL3/CSF1R/TNFAIP6/CCR1/C3AR1/LGALS9/CCL5/CCL4",15
"GO:0002707","negative regulation of lymphocyte mediated immunity","11/400","58/18842",0.189655172413793,8.93370689655172,8.9119772754911,3.20067466884677e-08,1.77546858988858e-06,1.77546858988858e-06,"HLA-F/IL4I1/INPP5D/HLA-E/LILRB1/HAVCR2/CD80/LILRB4/LGALS9/CD274/IFNB1",11
"GO:0070665","positive regulation of leukocyte proliferation","16/400","138/18842",0.115942028985507,5.46144927536232,7.7468690969206,3.98996545092889e-08,2.1723145232835e-06,2.1723145232835e-06,"CSF2RB/BST2/IL18/TNFSF9/CD38/HLA-E/ANXA1/TNFSF13B/SASH3/HAVCR2/CD80/CSF1R/LGALS9/CCL5/PYCARD/CD274",16
"GO:0071675","regulation of mononuclear cell migration","16/400","138/18842",0.115942028985507,5.46144927536232,7.7468690969206,3.98996545092889e-08,2.1723145232835e-06,2.1723145232835e-06,"SPN/CXCL10/CMKLR1/DOCK8/STAP1/NINJ1/CCL2/CCL3/CSF1R/ITGB3/CCR1/C3AR1/LGALS9/CCL5/PYCARD/CCL4",16
"GO:0007159","leukocyte cell-cell adhesion","28/400","402/18842",0.0696517412935323,3.28094527363184,6.80809167626632,4.11293965697468e-08,2.21872341128542e-06,2.21872341128542e-06,"PSMB8/IL4I1/SDC4/SPN/CEBPB/IL18/DOCK8/TNFSF9/HLA-E/DPP4/SELL/CCL2/ANXA1/LILRB1/IL10/HAVCR2/CD80/PSMA4/LILRB4/LGALS9/CCL5/SEMA4D/PYCARD/PSMB9/KLF4/CD274/IFNB1/PSMA2",28
"GO:0002687","positive regulation of leukocyte migration","16/400","139/18842",0.115107913669065,5.42215827338129,7.706621099113,4.42271732564571e-08,2.36414344316334e-06,2.36414344316334e-06,"CCL8/SPN/CXCL10/CMKLR1/DOCK8/VEGFA/CCL2/CCL3/CSF1R/ITGB3/CCR1/C3AR1/LGALS9/CCL5/PYCARD/CCL4",16
"GO:0060326","cell chemotaxis","24/400","311/18842",0.0771704180064309,3.63511254019293,6.90093434933622,5.83458417508418e-08,3.07119863950055e-06,3.07119863950055e-06,"CCL8/CXCL11/CXCL10/CMKLR1/VEGFA/CCR5/STAP1/DPP4/NINJ1/CCL2/ANXA1/CCRL2/IL10/CXCL3/BIN2/CCL3/CSF1R/TNFAIP6/FFAR2/CCR1/C3AR1/LGALS9/CCL5/CCL4",24
"GO:1903037","regulation of leukocyte cell-cell adhesion","26/400","359/18842",0.0724233983286908,3.41150417827298,6.7940223759268,5.84990217047724e-08,3.07119863950055e-06,3.07119863950055e-06,"PSMB8/IL4I1/SDC4/SPN/CEBPB/IL18/DOCK8/TNFSF9/HLA-E/DPP4/CCL2/ANXA1/LILRB1/IL10/HAVCR2/CD80/PSMA4/LILRB4/LGALS9/CCL5/PYCARD/PSMB9/KLF4/CD274/IFNB1/PSMA2",26
"GO:0032623","interleukin-2 production","11/400","64/18842",0.171875,8.096171875,8.37466429744275,9.32506834955303e-08,4.80977209608525e-06,4.80977209608525e-06,"PSMB8/GBP1/TNFAIP3/ANXA1/HAVCR2/CD80/SPTBN1/PSMA4/LILRB4/PSMB9/PSMA2",11
"GO:0032663","regulation of interleukin-2 production","11/400","64/18842",0.171875,8.096171875,8.37466429744275,9.32506834955303e-08,4.80977209608525e-06,4.80977209608525e-06,"PSMB8/GBP1/TNFAIP3/ANXA1/HAVCR2/CD80/SPTBN1/PSMA4/LILRB4/PSMB9/PSMA2",11
"GO:2000403","positive regulation of lymphocyte migration","9/400","39/18842",0.230769230769231,10.8703846153846,9.08721426060582,9.65629583331416e-08,4.93730604346846e-06,4.93730604346846e-06,"SPN/CXCL10/DOCK8/CCL3/ITGB3/LGALS9/CCL5/PYCARD/CCL4",9
"GO:0046718","symbiont entry into host cell","15/400","129/18842",0.116279069767442,5.47732558139535,7.51484079725456,1.02160662134782e-07,5.17848873579759e-06,5.17848873579759e-06,"DYNLT1/TRIM21/SCARB2/ANPEP/CCR5/DPP4/SLC1A5/TRIM5/CD80/SCARB1/ITGB3/PLSCR1/LGALS9/SIGLEC1/TRIM25",15
"GO:0002366","leukocyte activation involved in immune response","22/400","274/18842",0.0802919708029197,3.78215328467153,6.83206096964898,1.04937756503305e-07,5.27379494221737e-06,5.27379494221737e-06,"PSMB8/HLA-F/SPN/CD84/IL18/MILR1/NMI/ANXA1/LILRB1/IL10/IFI35/NBN/HAVCR2/CD80/PSMA4/IL27/CCL3/LGALS9/PYCARD/PSMB9/IFNB1/PSMA2",22
"GO:0071621","granulocyte chemotaxis","14/400","112/18842",0.125,5.888125,7.6411792468217,1.09501377970462e-07,5.45650934293489e-06,5.45650934293489e-06,"CCL8/CXCL10/CMKLR1/VEGFA/DPP4/CCL2/ANXA1/CXCL3/CCL3/CSF1R/TNFAIP6/C3AR1/CCL5/CCL4",14
"GO:0071674","mononuclear cell migration","19/400","212/18842",0.089622641509434,4.22167452830189,6.947381183307,1.42814447121608e-07,7.0567138577736e-06,7.05671385777359e-06,"SPN/CXCL11/CXCL10/CMKLR1/DOCK8/CCR5/STAP1/NINJ1/CCL2/ANXA1/CCL3/CSF1R/ITGB3/CCR1/C3AR1/LGALS9/CCL5/PYCARD/CCL4",19
"GO:0002263","cell activation involved in immune response","22/400","279/18842",0.0788530465949821,3.71437275985663,6.72706260124088,1.44034385926012e-07,7.0576849103746e-06,7.0576849103746e-06,"PSMB8/HLA-F/SPN/CD84/IL18/MILR1/NMI/ANXA1/LILRB1/IL10/IFI35/NBN/HAVCR2/CD80/PSMA4/IL27/CCL3/LGALS9/PYCARD/PSMB9/IFNB1/PSMA2",22
"GO:0060338","regulation of type I interferon-mediated signaling pathway","9/400","41/18842",0.219512195121951,10.3401219512195,8.81722578400307,1.53757603898215e-07,7.47185711505377e-06,7.47185711505377e-06,"USP18/ISG15/STAT2/IKBKE/NLRC5/SAMHD1/OAS3/OAS1/ZBP1",9
"GO:0097696","cell surface receptor signaling pathway via STAT","17/400","172/18842",0.0988372093023256,4.65572674418605,7.0932252603579,1.60308536627662e-07,7.72634586369389e-06,7.72634586369389e-06,"CSF2RB/IL15RA/STAT2/IL18/PARP14/STAT1/TNFRSF1A/NMI/CCL2/IL10/PPARG/IL27/PARP9/IL10RA/CSF1R/CCL5/IFNB1",17
"GO:0060339","negative regulation of type I interferon-mediated signaling pathway","7/400","21/18842",0.333333333333333,15.7016666666667,9.92733856208693,1.65862563419831e-07,7.92903961714316e-06,7.92903961714316e-06,"USP18/ISG15/STAT2/NLRC5/SAMHD1/OAS3/OAS1",7
"GO:0044409","symbiont entry into host","15/400","134/18842",0.111940298507463,5.27294776119403,7.31045256659334,1.69593863731155e-07,8.04203160273543e-06,8.04203160273543e-06,"DYNLT1/TRIM21/SCARB2/ANPEP/CCR5/DPP4/SLC1A5/TRIM5/CD80/SCARB1/ITGB3/PLSCR1/LGALS9/SIGLEC1/TRIM25",15
"GO:0043065","positive regulation of apoptotic process","30/400","484/18842",0.0619834710743802,2.91973140495868,6.30127493851007,1.75691018086189e-07,8.26450549077435e-06,8.26450549077435e-06,"RASSF2/TNFSF10/PML/PMAIP1/CASP1/DUSP6/MCL1/IDO1/MNDA/RBCK1/TNFRSF1A/CCL2/ANXA1/LILRB1/RHOB/IL10/DDIT3/PPARG/SNCA/CCL3/PTPA/IFIT2/NUPR1/LGALS9/CCL5/PYCARD/ZBP1/TGFBR1/CD274/IFNB1",30
"GO:0032609","type II interferon production","14/400","117/18842",0.11965811965812,5.63649572649573,7.40883363991285,1.903721765595e-07,8.81408187535321e-06,8.81408187535321e-06,"PSMB8/ISG15/IL18/LILRB1/DDIT3/HAVCR2/PSMA4/IL27/LILRB4/LGALS9/PYCARD/PSMB9/CD274/PSMA2",14
"GO:0032649","regulation of type II interferon production","14/400","117/18842",0.11965811965812,5.63649572649573,7.40883363991285,1.903721765595e-07,8.81408187535321e-06,8.81408187535321e-06,"PSMB8/ISG15/IL18/LILRB1/DDIT3/HAVCR2/PSMA4/IL27/LILRB4/LGALS9/PYCARD/PSMB9/CD274/PSMA2",14
"GO:0070269","pyroptotic inflammatory response","9/400","42/18842",0.214285714285714,10.0939285714286,8.68910851254747,1.92052917412311e-07,8.82243089362805e-06,8.82243089362805e-06,"TRIM21/CASP1/GBP1/NINJ1/GBP3/AIM2/PYCARD/ZBP1/IFI27",9
"GO:0002703","regulation of leukocyte mediated immunity","19/400","219/18842",0.0867579908675799,4.08673515981735,6.76666328641787,2.37570718608713e-07,1.08288048482111e-05,1.08288048482111e-05,"HLA-F/IL4I1/BST2/CD84/IL18/INPP5D/STAP1/HLA-E/RSAD2/SCIMP/LILRB1/IL10/HAVCR2/CD80/SECTM1/LILRB4/LGALS9/CD274/IFNB1",19
"GO:0002822","regulation of adaptive immune response based on somatic recombination of immune receptors built from immunoglobulin superfamily domains","17/400","178/18842",0.0955056179775281,4.49879213483146,6.90722719866676,2.63080553757816e-07,1.18993358161228e-05,1.18993358161228e-05,"HLA-F/IL4I1/IL18/HLA-E/RSAD2/TNFAIP3/ANXA1/LILRB1/IL10/HAVCR2/CD80/IL27/SECTM1/LILRB4/LGALS9/CD274/IFNB1",17
"GO:0002573","myeloid leukocyte differentiation","18/400","201/18842",0.0895522388059701,4.21835820895522,6.75578418184096,3.08381138105491e-07,1.38418403974068e-05,1.38418403974068e-05,"IFI16/BATF2/CEBPB/OSCAR/INPP5D/VEGFA/DCSTAMP/NRROS/LILRB1/PPARG/CCL3/CSF1R/TNFAIP6/LILRB4/CCR1/IL1R2/SNX10/IRF7",18
"GO:0044403","biological process involved in symbiotic interaction","17/400","181/18842",0.0939226519337017,4.42422651933702,6.81729800872821,3.3431739284325e-07,1.48923202266539e-05,1.48923202266539e-05,"BST2/DYNLT1/TRIM21/SCARB2/ANPEP/CCR5/DPP4/SLC1A5/TRIM5/CD80/SCARB1/ITGB3/IFIT1/PLSCR1/LGALS9/SIGLEC1/TRIM25",17
"GO:0034138","toll-like receptor 3 signaling pathway","7/400","23/18842",0.304347826086957,14.3363043478261,9.42495111832806,3.37087618711223e-07,1.49028210377593e-05,1.49028210377593e-05,"UNC93B1/SCIMP/TNFAIP3/HAVCR2/IRF2/OAS1/WDFY1",7
"GO:0002286","T cell activation involved in immune response","14/400","123/18842",0.113821138211382,5.36154471544716,7.14709450068205,3.55977229856662e-07,1.56204933698296e-05,1.56204933698296e-05,"PSMB8/SPN/IL18/ANXA1/LILRB1/IL10/HAVCR2/CD80/PSMA4/IL27/LGALS9/PSMB9/IFNB1/PSMA2",14
"GO:1902105","regulation of leukocyte differentiation","22/400","295/18842",0.0745762711864407,3.51291525423729,6.40663491557273,3.77455804248853e-07,1.64402972517278e-05,1.64402972517278e-05,"PSMB8/IL4I1/CEBPB/IL18/INPP5D/TNFSF9/DCSTAMP/ANXA1/LILRB1/IL10/CD80/PSMA4/IL27/CCL3/TNFAIP6/LILRB4/CCR1/LGALS9/IRF7/PSMB9/IFNB1/PSMA2",22
"GO:0043123","positive regulation of canonical NF-kappaB signal transduction","19/400","226/18842",0.084070796460177,3.96015486725664,6.59330898583692,3.86928585725561e-07,1.67289712063699e-05,1.67289712063699e-05,"TRIM22/BST2/APOL3/TNFSF10/CASP1/IFIT5/IKBKE/VEGFA/EIF2AK2/RBCK1/TNFRSF1A/TRIM5/IRAK2/SECTM1/MYD88/LGALS9/PYCARD/CARD16/TRIM25",19
"GO:0046631","alpha-beta T cell activation","17/400","183/18842",0.092896174863388,4.37587431693989,6.75842647853023,3.91110368748492e-07,1.67863428338769e-05,1.67863428338769e-05,"PSMB8/SPN/CEBPB/IL18/HLA-E/RSAD2/ANXA1/LILRB1/IL10/CD80/PSMA4/IL27/LILRB4/LGALS9/PSMB9/CD274/PSMA2",17
"GO:0050867","positive regulation of cell activation","24/400","345/18842",0.0695652173913043,3.27686956521739,6.2860092073382,3.98494584834957e-07,1.69793344842721e-05,1.69793344842721e-05,"IL4I1/IL18/DOCK8/INPP5D/TNFSF9/CD38/STAP1/HLA-E/DPP4/CCL2/ANXA1/PLEK/TNFSF13B/IL10/SASH3/HAVCR2/CD80/LILRA5/CCL3/LILRB4/LGALS9/CCL5/PYCARD/CD274",24
"GO:0042742","defense response to bacterium","23/400","322/18842",0.0714285714285714,3.36464285714286,6.30305305601665,4.3937791144385e-07,1.85866339517255e-05,1.85866339517255e-05,"RNASE1/ISG15/SPN/CEBPB/IL18/ZNFX1/CASP1/APOL1/GBP1/HLA-E/RNASE6/RBCK1/MPEG1/NAGK/OAS2/HAVCR2/GBP4/OAS3/GBP3/OAS1/MYD88/RNF213/PYCARD",23
"GO:0007259","cell surface receptor signaling pathway via JAK-STAT","15/400","146/18842",0.102739726027397,4.83955479452055,6.85900168609566,5.22167550808045e-07,2.19310371339379e-05,2.19310371339379e-05,"CSF2RB/IL15RA/STAT2/IL18/PARP14/STAT1/TNFRSF1A/NMI/CCL2/IL10/IL27/PARP9/IL10RA/CSF1R/IFNB1",15
"GO:0035710","CD4-positive, alpha-beta T cell activation","14/400","127/18842",0.110236220472441,5.19267716535433,6.98194349162399,5.2910347661394e-07,2.20647407268792e-05,2.20647407268792e-05,"PSMB8/SPN/CEBPB/IL18/RSAD2/ANXA1/IL10/CD80/PSMA4/IL27/LGALS9/PSMB9/CD274/PSMA2",14
"GO:0002460","adaptive immune response based on somatic recombination of immune receptors built from immunoglobulin superfamily domains","25/400","377/18842",0.0663129973474801,3.12367374005305,6.13425432235389,5.57156618270199e-07,2.30709923621744e-05,2.30709923621744e-05,"PSMB8/CSF2RB/HLA-F/IL4I1/SPN/IL18/HLA-E/RSAD2/TNFAIP3/ANXA1/LILRB1/IL10/NBN/HAVCR2/CD80/PSMA4/IL27/SECTM1/LILRB4/LGALS9/PSMB9/CD274/IFNB1/C1QB/PSMA2",25
"GO:0032729","positive regulation of type II interferon production","11/400","76/18842",0.144736842105263,6.81782894736842,7.48444928549505,5.71736472846821e-07,2.35091640583168e-05,2.35091640583168e-05,"PSMB8/ISG15/IL18/LILRB1/HAVCR2/PSMA4/IL27/LGALS9/PYCARD/PSMB9/PSMA2",11
"GO:0051701","biological process involved in interaction with host","16/400","168/18842",0.0952380952380952,4.48619047619048,6.68444012263771,6.14802904782706e-07,2.51044519452938e-05,2.51044519452938e-05,"DYNLT1/TRIM21/SCARB2/ANPEP/CCR5/DPP4/SLC1A5/TRIM5/CD80/SCARB1/ITGB3/IFIT1/PLSCR1/LGALS9/SIGLEC1/TRIM25",16
"GO:0002823","negative regulation of adaptive immune response based on somatic recombination of immune receptors built from immunoglobulin superfamily domains","10/400","62/18842",0.161290322580645,7.59758064516129,7.66320987490503,6.67878991944566e-07,2.70836446388555e-05,2.70836446388555e-05,"HLA-F/IL4I1/IL18/LILRB1/HAVCR2/CD80/LILRB4/LGALS9/CD274/IFNB1",10
"GO:0032602","chemokine production","12/400","95/18842",0.126315789473684,5.95010526315789,7.1234160223292,7.94223467082257e-07,3.17689386832903e-05,3.17689386832903e-05,"IL18/EIF2AK2/IL10/HAVCR2/OAS3/CSF1R/OAS1/FFAR2/LILRB4/LGALS9/PYCARD/KLF4",12
"GO:0032642","regulation of chemokine production","12/400","95/18842",0.126315789473684,5.95010526315789,7.1234160223292,7.94223467082257e-07,3.17689386832903e-05,3.17689386832903e-05,"IL18/EIF2AK2/IL10/HAVCR2/OAS3/CSF1R/OAS1/FFAR2/LILRB4/LGALS9/PYCARD/KLF4",12
"GO:0032611","interleukin-1 beta production","13/400","113/18842",0.115044247787611,5.4191592920354,6.93904245843928,8.24495166540839e-07,3.2537124693021e-05,3.2537124693021e-05,"IFI16/PML/CASP1/TNFAIP3/LILRA5/CCL3/LILRB4/IL1R2/MYD88/LGALS9/AIM2/PYCARD/CARD16",13
"GO:0032651","regulation of interleukin-1 beta production","13/400","113/18842",0.115044247787611,5.4191592920354,6.93904245843928,8.24495166540839e-07,3.2537124693021e-05,3.2537124693021e-05,"IFI16/PML/CASP1/TNFAIP3/LILRA5/CCL3/LILRB4/IL1R2/MYD88/LGALS9/AIM2/PYCARD/CARD16",13
"GO:0002367","cytokine production involved in immune response","12/400","96/18842",0.125,5.888125,7.07133765167573,8.90533566377678e-07,3.4677730929144e-05,3.4677730929144e-05,"HLA-F/BST2/IL18/HLA-E/RSAD2/SCIMP/LILRB1/IL10/SECTM1/FFAR2/LILRB4/IFNB1",12
"GO:0002718","regulation of cytokine production involved in immune response","12/400","96/18842",0.125,5.888125,7.07133765167573,8.90533566377678e-07,3.4677730929144e-05,3.4677730929144e-05,"HLA-F/BST2/IL18/HLA-E/RSAD2/SCIMP/LILRB1/IL10/SECTM1/FFAR2/LILRB4/IFNB1",12
"GO:0032480","negative regulation of type I interferon production","9/400","50/18842",0.18,8.4789,7.79855587666364,9.2878514545575e-07,3.58050447113674e-05,3.58050447113674e-05,"ACOD1/LILRB1/IL10/HAVCR2/IRF2/PYCARD/DHX58/SIGLEC1/XAF1",9
"GO:0097530","granulocyte migration","14/400","133/18842",0.105263157894737,4.95842105263158,6.74684110690523,9.31661877693745e-07,3.58050447113674e-05,3.58050447113674e-05,"CCL8/CXCL10/CMKLR1/VEGFA/DPP4/CCL2/ANXA1/CXCL3/CCL3/CSF1R/TNFAIP6/C3AR1/CCL5/CCL4",14
"GO:0062207","regulation of pattern recognition receptor signaling pathway","17/400","195/18842",0.0871794871794872,4.10658974358974,6.42206483826316,9.5852970544816e-07,3.65984069352934e-05,3.65984069352934e-05,"IFI16/DDX60/ACOD1/NR1H3/TREX1/EIF2AK2/RSAD2/NINJ1/TNFAIP3/TLR1/NAGK/IFI35/OASL/MYD88/IRF7/WDFY1/DHX58",17
"GO:0002820","negative regulation of adaptive immune response","10/400","65/18842",0.153846153846154,7.24692307692308,7.42998085958661,1.05075344152292e-06,3.96053220266331e-05,3.96053220266331e-05,"HLA-F/IL4I1/IL18/LILRB1/HAVCR2/CD80/LILRB4/LGALS9/CD274/IFNB1",10
"GO:2000401","regulation of lymphocyte migration","10/400","65/18842",0.153846153846154,7.24692307692308,7.42998085958661,1.05075344152292e-06,3.96053220266331e-05,3.96053220266331e-05,"SPN/CXCL10/DOCK8/CCL2/CCL3/ITGB3/LGALS9/CCL5/PYCARD/CCL4",10
"GO:0034612","response to tumor necrosis factor","18/400","219/18842",0.0821917808219178,3.87164383561644,6.29514548805145,1.08908082671794e-06,4.06830491825984e-05,4.06830491825984e-05,"ACOD1/GCH1/CASP1/STAT1/GBP1/NUB1/TNFRSF1A/DCSTAMP/TNFAIP3/CCL2/TNFSF13B/CCL3/NFKBIA/GBP3/CCL5/AIM2/PYCARD/CARD16",18
"GO:0022407","regulation of cell-cell adhesion","28/400","472/18842",0.0593220338983051,2.79436440677966,5.81440164789783,1.09318397463445e-06,4.06830491825984e-05,4.06830491825984e-05,"PSMB8/IL4I1/SDC4/SPN/CEBPB/IL18/DOCK8/TNFSF9/VEGFA/HLA-E/DPP4/CCL2/ANXA1/LILRB1/IL10/HAVCR2/CD80/PSMA4/IL1RN/LILRB4/LGALS9/CCL5/PYCARD/PSMB9/KLF4/CD274/IFNB1/PSMA2",28
"GO:0062208","positive regulation of pattern recognition receptor signaling pathway","11/400","82/18842",0.134146341463415,6.31896341463415,7.1087865451238,1.2473410617026e-06,4.6128084545983e-05,4.6128084545983e-05,"DDX60/NR1H3/RSAD2/NINJ1/TLR1/NAGK/IFI35/OASL/MYD88/WDFY1/DHX58",11
"GO:0002260","lymphocyte homeostasis","9/400","52/18842",0.173076923076923,8.15278846153846,7.6066183132419,1.31369685516212e-06,4.82783594272079e-05,4.82783594272079e-05,"PSMB8/PMAIP1/TNFAIP3/TNFSF13B/PSMA4/LGALS9/AIM2/PSMB9/PSMA2",9
"GO:0140894","endolysosomal toll-like receptor signaling pathway","9/400","53/18842",0.169811320754717,7.99896226415094,7.5144589297462,1.55303960332806e-06,5.67197072519814e-05,5.67197072519814e-05,"UNC93B1/RSAD2/SCIMP/TNFAIP3/HAVCR2/IRF2/OAS1/MYD88/WDFY1",9
"GO:0030522","intracellular receptor signaling pathway","25/400","399/18842",0.06265664160401,2.95144110275689,5.80235203677278,1.57034834852551e-06,5.69978289464814e-05,5.69978289464814e-05,"IFI16/DDX60/IFIH1/UNC93B1/NR1H3/TREX1/EIF2AK2/RSAD2/DDX17/SCIMP/TNFAIP3/NAGK/HAVCR2/PPARG/OAS3/IRF2/IRAK2/OAS1/OASL/MYD88/IRF7/PYCARD/WDFY1/DHX58/TRIM25",25
"GO:0072678","T cell migration","10/400","68/18842",0.147058823529412,6.92720588235294,7.21114160669559,1.61268472643828e-06,5.81753754077121e-05,5.81753754077121e-05,"SPN/CXCL11/CXCL10/DOCK8/CCL2/CCL3/ITGB3/LGALS9/CCL5/PYCARD",10
"GO:0050671","positive regulation of lymphocyte proliferation","13/400","120/18842",0.108333333333333,5.10304166666667,6.64046346267472,1.64506946626452e-06,5.89817589124108e-05,5.89817589124108e-05,"IL18/TNFSF9/CD38/HLA-E/ANXA1/TNFSF13B/SASH3/HAVCR2/CD80/LGALS9/CCL5/PYCARD/CD274",13
"GO:0039530","MDA-5 signaling pathway","5/400","11/18842",0.454545454545455,21.4113636363636,9.97262830213409,1.74886429477531e-06,6.23231639592655e-05,6.23231639592655e-05,"DDX60/IFIH1/OAS3/IRF7/DHX58",5
"GO:0032946","positive regulation of mononuclear cell proliferation","13/400","121/18842",0.107438016528926,5.06086776859504,6.59971183437047,1.80815551894642e-06,6.40479183819576e-05,6.40479183819576e-05,"IL18/TNFSF9/CD38/HLA-E/ANXA1/TNFSF13B/SASH3/HAVCR2/CD80/LGALS9/CCL5/PYCARD/CD274",13
"GO:1990868","response to chemokine","12/400","103/18842",0.116504854368932,5.48796116504854,6.72624153682131,1.90757132937164e-06,6.66355052061336e-05,6.66355052061336e-05,"CCL8/CXCL11/CXCL10/CMKLR1/DOCK8/CCR5/CCL2/CCRL2/CCL3/CCR1/CCL5/CCL4",12
"GO:1990869","cellular response to chemokine","12/400","103/18842",0.116504854368932,5.48796116504854,6.72624153682131,1.90757132937164e-06,6.66355052061336e-05,6.66355052061336e-05,"CCL8/CXCL11/CXCL10/CMKLR1/DOCK8/CCR5/CCL2/CCRL2/CCL3/CCR1/CCL5/CCL4",12
"GO:0002696","positive regulation of leukocyte activation","22/400","325/18842",0.0676923076923077,3.18864615384615,5.86151501915295,1.91520414623071e-06,6.66355052061336e-05,6.66355052061336e-05,"IL4I1/IL18/DOCK8/INPP5D/TNFSF9/CD38/STAP1/HLA-E/DPP4/CCL2/ANXA1/TNFSF13B/IL10/SASH3/HAVCR2/CD80/CCL3/LILRB4/LGALS9/CCL5/PYCARD/CD274",22
"GO:0097529","myeloid leukocyte migration","17/400","207/18842",0.0821256038647343,3.86852657004831,6.1116336404023,2.18993199316165e-06,7.57458830575912e-05,7.57458830575912e-05,"CCL8/CXCL10/CMKLR1/VEGFA/STAP1/DPP4/NINJ1/CCL2/ANXA1/CXCL3/CCL3/CSF1R/TNFAIP6/CCR1/C3AR1/CCL5/CCL4",17
"GO:1903706","regulation of hemopoiesis","24/400","382/18842",0.06282722513089,2.95947643979058,5.69814951660192,2.4281957257416e-06,8.34958530255005e-05,8.34958530255005e-05,"PSMB8/ISG15/IL4I1/CEBPB/IL18/INPP5D/TNFSF9/STAT1/DCSTAMP/ANXA1/LILRB1/IL10/CD80/PSMA4/IL27/CCL3/TNFAIP6/LILRB4/CCR1/LGALS9/IRF7/PSMB9/IFNB1/PSMA2",24
"GO:0002710","negative regulation of T cell mediated immunity","7/400","30/18842",0.233333333333333,10.9911666666667,8.06561165389505,2.46203469153993e-06,8.41672324782255e-05,8.41672324782255e-05,"HLA-F/IL4I1/LILRB1/CD80/LILRB4/CD274/IFNB1",7
"GO:1901224","positive regulation of non-canonical NF-kappaB signal transduction","9/400","57/18842",0.157894736842105,7.43763157894737,7.16862575868361,2.92525249353516e-06,9.94247668322931e-05,9.94247668322931e-05,"TRIM21/IL18/EIF2AK2/RBCK1/NMI/IFI35/HAVCR2/LGALS9/PYCARD",9
"GO:0051851","host-mediated perturbation of symbiont process","12/400","108/18842",0.111111111111111,5.23388888888889,6.49851368626726,3.16258449825167e-06,0.000106873545113332,0.000106873545113332,"CCL8/IFITM2/LY6E/IFITM3/TRIM5/CCL3/CSF1R/IFITM1/CCL5/CCL4/TRIM25/IFI27",12
"GO:0002706","regulation of lymphocyte mediated immunity","15/400","169/18842",0.0887573964497041,4.18091715976331,6.11739641563001,3.34131120990491e-06,0.000112268056652805,0.000112268056652805,"HLA-F/IL4I1/IL18/INPP5D/HLA-E/RSAD2/LILRB1/IL10/HAVCR2/CD80/SECTM1/LILRB4/LGALS9/CD274/IFNB1",15
"GO:0002285","lymphocyte activation involved in immune response","16/400","191/18842",0.0837696335078534,3.94596858638743,6.02659068139546,3.3680105579375e-06,0.000112522170912912,0.000112522170912912,"PSMB8/HLA-F/SPN/IL18/ANXA1/LILRB1/IL10/NBN/HAVCR2/CD80/PSMA4/IL27/LGALS9/PSMB9/IFNB1/PSMA2",16
"GO:0031663","lipopolysaccharide-mediated signaling pathway","9/400","58/18842",0.155172413793103,7.30939655172414,7.08738039156282,3.39833815077731e-06,0.000112893945347856,0.000112893945347856,"ACOD1/TRIM5/SCIMP/TNFAIP3/TLR1/PTAFR/IRAK2/SCARB1/CARD16",9
"GO:0030099","myeloid cell differentiation","23/400","364/18842",0.0631868131868132,2.97641483516484,5.60762905277364,3.5846396083861e-06,0.000118413937625339,0.000118413937625339,"IFI16/BATF2/ISG15/CEBPB/OSCAR/INPP5D/VEGFA/TPM4/STAT1/SLC1A5/DCSTAMP/NRROS/LILRB1/PPARG/CCL3/CSF1R/TNFAIP6/LILRB4/CCR1/IL1R2/SNX10/IRF7/EPAS1",23
"GO:0150078","positive regulation of neuroinflammatory response","6/400","21/18842",0.285714285714286,13.4585714285714,8.4126826825556,3.65190458317666e-06,0.000119962005302116,0.000119962005302116,"IL18/STAP1/CCL3/NUPR1/CCR1/CCL5",6
"GO:2000406","positive regulation of T cell migration","7/400","32/18842",0.21875,10.30421875,7.75779797043095,3.92417721735164e-06,0.000128189789100154,0.000128189789100154,"SPN/CXCL10/DOCK8/ITGB3/LGALS9/CCL5/PYCARD",7
"GO:0002690","positive regulation of leukocyte chemotaxis","11/400","92/18842",0.119565217391304,5.63211956521739,6.55920191513695,3.96083897518785e-06,0.000128672558972953,0.000128672558972953,"CXCL10/CMKLR1/VEGFA/CCL2/CCL3/CSF1R/CCR1/C3AR1/LGALS9/CCL5/CCL4",11
"GO:0001776","leukocyte homeostasis","10/400","75/18842",0.133333333333333,6.28066666666667,6.74838607395042,4.02915049139638e-06,0.000129563016115997,0.000129563016115997,"PSMB8/PMAIP1/TNFAIP3/ANXA1/TNFSF13B/PSMA4/LGALS9/AIM2/PSMB9/PSMA2",10
"GO:0051251","positive regulation of lymphocyte activation","20/400","289/18842",0.069204152249135,3.2598615916955,5.70166440721604,4.03231835871215e-06,0.000129563016115997,0.000129563016115997,"IL4I1/IL18/DOCK8/INPP5D/TNFSF9/CD38/HLA-E/DPP4/CCL2/ANXA1/TNFSF13B/IL10/SASH3/HAVCR2/CD80/LILRB4/LGALS9/CCL5/PYCARD/CD274",20
"GO:0060330","regulation of response to type II interferon","5/400","13/18842",0.384615384615385,18.1173076923077,9.09225207027642,4.70356741187336e-06,0.000148693421407609,0.000148693421407609,"PARP14/NR1H3/NLRC5/PPARG/PARP9",5
"GO:0060334","regulation of type II interferon-mediated signaling pathway","5/400","13/18842",0.384615384615385,18.1173076923077,9.09225207027642,4.70356741187336e-06,0.000148693421407609,0.000148693421407609,"PARP14/NR1H3/NLRC5/PPARG/PARP9",5
"GO:0070230","positive regulation of lymphocyte apoptotic process","5/400","13/18842",0.384615384615385,18.1173076923077,9.09225207027642,4.70356741187336e-06,0.000148693421407609,0.000148693421407609,"IDO1/IL10/LGALS9/CCL5/CD274",5
"GO:0048771","tissue remodeling","13/400","133/18842",0.0977443609022556,4.60424812030075,6.14317907423334,5.22979767926922e-06,0.000164444975155631,0.000164444975155631,"IL18/PML/INPP5D/CD38/CST3/RUFY4/DCSTAMP/TNFAIP3/PPARG/CSF1R/ITGB3/ACP5/EPAS1",13
"GO:0070098","chemokine-mediated signaling pathway","11/400","95/18842",0.115789473684211,5.45426315789474,6.40987774194852,5.43567701847372e-06,0.000170009472705455,0.000170009472705455,"CCL8/CXCL11/CXCL10/CMKLR1/CCR5/CCL2/CCRL2/CCL3/CCR1/CCL5/CCL4",11
"GO:0002443","leukocyte mediated immunity","25/400","429/18842",0.0582750582750583,2.74504662004662,5.38457418838716,5.67181908431713e-06,0.000176456593734311,0.000176456593734311,"CSF2RB/HLA-F/IL4I1/BST2/CD84/IL18/INPP5D/MILR1/STAP1/HLA-E/RSAD2/SCIMP/LILRB1/IL10/NBN/HAVCR2/CD80/CCL3/SECTM1/LILRB4/LGALS9/CD274/SLAMF7/IFNB1/C1QB",25
"GO:0035821","modulation of process of another organism","12/400","115/18842",0.104347826086957,4.91530434782609,6.20237903810533,6.12058943349729e-06,0.000189416136152442,0.000189416136152442,"CCL8/IFITM2/LY6E/IFITM3/TRIM5/CCL3/CSF1R/IFITM1/CCL5/CCL4/TRIM25/IFI27",12
"GO:0071356","cellular response to tumor necrosis factor","16/400","202/18842",0.0792079207920792,3.73108910891089,5.74733567099672,6.92007604228181e-06,0.000213036895961346,0.000213036895961346,"ACOD1/CASP1/STAT1/GBP1/TNFRSF1A/DCSTAMP/TNFAIP3/CCL2/TNFSF13B/CCL3/NFKBIA/GBP3/CCL5/AIM2/PYCARD/CARD16",16
"GO:0032481","positive regulation of type I interferon production","10/400","80/18842",0.125,5.888125,6.45246552051666,7.28349580783519e-06,0.000221901323057362,0.000221901323057362,"ISG15/IFIH1/IKBKE/STAT1/OAS2/OAS3/OAS1/MYD88/IRF7/DHX58",10
"GO:0034103","regulation of tissue remodeling","10/400","80/18842",0.125,5.888125,6.45246552051666,7.28349580783519e-06,0.000221901323057362,0.000221901323057362,"IL18/INPP5D/CD38/CST3/RUFY4/DCSTAMP/TNFAIP3/PPARG/CSF1R/ITGB3",10
"GO:0030224","monocyte differentiation","7/400","35/18842",0.2,9.421,7.34371626377519,7.42116318470325e-06,0.000224930100649769,0.000224930100649769,"IFI16/VEGFA/DCSTAMP/PPARG/CSF1R/IL1R2/IRF7",7
"GO:0045453","bone resorption","8/400","49/18842",0.163265306122449,7.69061224489796,6.90627401882176,8.10009914517546e-06,0.000244249143454522,0.000244249143454522,"INPP5D/CD38/RUFY4/DCSTAMP/TNFAIP3/CSF1R/ITGB3/ACP5",8
"GO:0002287","alpha-beta T cell activation involved in immune response","10/400","81/18842",0.123456790123457,5.81543209876543,6.39628406128977,8.15431039451918e-06,0.000244629311835575,0.000244629311835575,"PSMB8/SPN/IL18/ANXA1/IL10/CD80/PSMA4/IL27/PSMB9/PSMA2",10
"GO:0002440","production of molecular mediator of immune response","15/400","182/18842",0.0824175824175824,3.88228021978022,5.75432036698688,8.29012625862867e-06,0.000247441331983434,0.000247441331983434,"HLA-F/BST2/IL18/HLA-E/RSAD2/SCIMP/LILRB1/IL10/SASH3/NBN/SAMHD1/SECTM1/FFAR2/LILRB4/IFNB1",15
"GO:0046597","host-mediated suppression of symbiont invasion","6/400","24/18842",0.25,11.77625,7.7797297071566,8.58221287607564e-06,0.000253584983473994,0.000253584983473994,"IFITM2/LY6E/IFITM3/TRIM5/IFITM1/TRIM25",6
"GO:2000108","positive regulation of leukocyte apoptotic process","6/400","24/18842",0.25,11.77625,7.7797297071566,8.58221287607564e-06,0.000253584983473994,0.000253584983473994,"IDO1/ANXA1/IL10/LGALS9/CCL5/CD274",6
"GO:0032722","positive regulation of chemokine production","9/400","65/18842",0.138461538461538,6.52223076923077,6.56804452566018,8.94955453116362e-06,0.000262354809583738,0.000262354809583738,"IL18/EIF2AK2/HAVCR2/OAS3/CSF1R/OAS1/FFAR2/LGALS9/PYCARD",9
"GO:0002709","regulation of T cell mediated immunity","11/400","100/18842",0.11,5.18155,6.17457811050844,8.9682511439339e-06,0.000262354809583738,0.000262354809583738,"HLA-F/IL4I1/IL18/HLA-E/RSAD2/LILRB1/CD80/SECTM1/LILRB4/CD274/IFNB1",11
"GO:0043029","T cell homeostasis","7/400","36/18842",0.194444444444444,9.15930555555556,7.2166259109546,9.04551874404875e-06,0.000263305199084191,0.000263305199084191,"PSMB8/PMAIP1/PSMA4/LGALS9/AIM2/PSMB9/PSMA2",7
"GO:2000106","regulation of leukocyte apoptotic process","9/400","66/18842",0.136363636363636,6.42340909090909,6.50011074324065,1.01707632061171e-05,0.00029460141700477,0.00029460141700477,"CCR5/IDO1/ANXA1/LILRB1/IL10/LGALS9/CCL5/IRF7/CD274",9
"GO:0071360","cellular response to exogenous dsRNA","5/400","15/18842",0.333333333333333,15.7016666666667,8.3887953864858,1.05962833940911e-05,0.00030542228606498,0.00030542228606498,"IFIH1/OAS3/IFIT1/OAS1/IFNB1",5
"GO:0002716","negative regulation of natural killer cell mediated immunity","6/400","25/18842",0.24,11.3052,7.59327621773048,1.10911825986658e-05,0.000316583270292013,0.000316583270292013,"HLA-F/INPP5D/HLA-E/LILRB1/HAVCR2/LGALS9",6
"GO:0045953","negative regulation of natural killer cell mediated cytotoxicity","6/400","25/18842",0.24,11.3052,7.59327621773048,1.10911825986658e-05,0.000316583270292013,0.000316583270292013,"HLA-F/INPP5D/HLA-E/LILRB1/HAVCR2/LGALS9",6
"GO:0072676","lymphocyte migration","11/400","103/18842",0.106796116504854,5.03063106796117,6.04082725137163,1.19322605953124e-05,0.000338464658986598,0.000338464658986598,"SPN/CXCL11/CXCL10/DOCK8/CCL2/CCL3/ITGB3/LGALS9/CCL5/PYCARD/CCL4",11
"GO:0002699","positive regulation of immune effector process","17/400","235/18842",0.0723404255319149,3.40759574468085,5.46962158768668,1.19728995015667e-05,0.000338464658986598,0.000338464658986598,"DDX60/HLA-F/IL18/STAP1/HLA-E/RSAD2/SCIMP/ANXA1/LILRB1/IL10/SASH3/CD80/SECTM1/CFB/FFAR2/LGALS9/DHX58",17
"GO:0036037","CD8-positive, alpha-beta T cell activation","7/400","38/18842",0.184210526315789,8.67723684210526,6.97669243071837,1.31842847892702e-05,0.0003674104007626,0.0003674104007626,"HLA-E/LILRB1/PSMA4/LILRB4/PSMB9/CD274/PSMA2",7
"GO:0045124","regulation of bone resorption","7/400","38/18842",0.184210526315789,8.67723684210526,6.97669243071837,1.31842847892702e-05,0.0003674104007626,0.0003674104007626,"INPP5D/CD38/RUFY4/DCSTAMP/TNFAIP3/CSF1R/ITGB3",7
"GO:0048246","macrophage chemotaxis","7/400","38/18842",0.184210526315789,8.67723684210526,6.97669243071837,1.31842847892702e-05,0.0003674104007626,0.0003674104007626,"CMKLR1/STAP1/CCL2/CCL3/CSF1R/C3AR1/CCL5",7
"GO:0002292","T cell differentiation involved in immune response","10/400","86/18842",0.116279069767442,5.47732558139535,6.12880426672949,1.39905875778193e-05,0.000388040825271593,0.000388040825271593,"PSMB8/SPN/IL18/ANXA1/IL10/CD80/PSMA4/IL27/PSMB9/PSMA2",10
"GO:0002719","negative regulation of cytokine production involved in immune response","6/400","26/18842",0.230769230769231,10.8703846153846,7.41711579778413,1.41617271328155e-05,0.000389116614677362,0.000389116614677362,"HLA-F/BST2/LILRB1/IL10/LILRB4/IFNB1",6
"GO:0060333","type II interferon-mediated signaling pathway","6/400","26/18842",0.230769230769231,10.8703846153846,7.41711579778413,1.41617271328155e-05,0.000389116614677362,0.000389116614677362,"PARP14/NR1H3/STAT1/NLRC5/PPARG/PARP9",6
"GO:0046632","alpha-beta T cell differentiation","12/400","125/18842",0.096,4.52208,5.81854053484968,1.44549353659064e-05,0.000395325674193162,0.000395325674193162,"PSMB8/SPN/IL18/RSAD2/ANXA1/IL10/CD80/PSMA4/IL27/LILRB4/PSMB9/PSMA2",12
"GO:0042102","positive regulation of T cell proliferation","10/400","87/18842",0.114942528735632,5.41436781609195,6.07781631350985,1.55128873209134e-05,0.000422295265958197,0.000422295265958197,"IL18/TNFSF9/HLA-E/ANXA1/HAVCR2/CD80/LGALS9/CCL5/PYCARD/CD274",10
"GO:0002700","regulation of production of molecular mediator of immune response","13/400","147/18842",0.0884353741496599,4.16574829931973,5.67479629439946,1.56028148838153e-05,0.00042278595169048,0.00042278595169048,"HLA-F/BST2/IL18/HLA-E/RSAD2/SCIMP/LILRB1/IL10/SASH3/SECTM1/FFAR2/LILRB4/IFNB1",13
"GO:0050731","positive regulation of peptidyl-tyrosine phosphorylation","8/400","54/18842",0.148148148148148,6.97851851851852,6.479300831983,1.70362025643679e-05,0.000459508582928824,0.000459508582928824,"IL18/PARP14/IL10/CD80/LILRA5/PARP9/IL10RA/CSF1R",8
"GO:0043367","CD4-positive, alpha-beta T cell differentiation","11/400","107/18842",0.102803738317757,4.84257009345794,5.87036087705196,1.71849387177265e-05,0.000461403834064984,0.000461403834064984,"PSMB8/SPN/IL18/RSAD2/ANXA1/IL10/CD80/PSMA4/IL27/PSMB9/PSMA2",11
"GO:0010758","regulation of macrophage chemotaxis","6/400","27/18842",0.222222222222222,10.4677777777778,7.25029684840157,1.78837490609891e-05,0.000475821015740343,0.000475821015740343,"CMKLR1/STAP1/CCL2/CSF1R/C3AR1/CCL5",6
"GO:1905523","positive regulation of macrophage migration","6/400","27/18842",0.222222222222222,10.4677777777778,7.25029684840157,1.78837490609891e-05,0.000475821015740343,0.000475821015740343,"CMKLR1/CCL2/CCL3/CSF1R/C3AR1/CCL5",6
"GO:0032743","positive regulation of interleukin-2 production","7/400","40/18842",0.175,8.243375,6.75377989523478,1.87779001538371e-05,0.000497360598669199,0.000497360598669199,"PSMB8/ANXA1/CD80/SPTBN1/PSMA4/PSMB9/PSMA2",7
"GO:0050920","regulation of chemotaxis","15/400","196/18842",0.076530612244898,3.60497448979592,5.39904108096881,2.01104221057297e-05,0.000530265838482916,0.000530265838482916,"CXCL10/CMKLR1/VEGFA/STAP1/DPP4/NINJ1/CCL2/CCL3/CSF1R/TNFAIP6/CCR1/C3AR1/LGALS9/CCL5/CCL4",15
"GO:1902106","negative regulation of leukocyte differentiation","11/400","109/18842",0.100917431192661,4.75371559633028,5.78827170311267,2.04911400604552e-05,0.000537892426586948,0.000537892426586948,"PSMB8/INPP5D/ANXA1/LILRB1/PSMA4/CCL3/TNFAIP6/LILRB4/PSMB9/IFNB1/PSMA2",11
"GO:0002507","tolerance induction","6/400","28/18842",0.214285714285714,10.0939285714286,7.09198724967895,2.23560291091854e-05,0.000584237560720045,0.000584237560720046,"ACOD1/HLA-E/TNFAIP3/HAVCR2/LILRB4/LGALS9",6
"GO:0038061","non-canonical NF-kappaB signal transduction","12/400","131/18842",0.0916030534351145,4.31496183206107,5.60716895474322,2.32267780813477e-05,0.000604307323532409,0.000604307323532409,"RASSF2/TRIM21/IL18/EIF2AK2/RBCK1/TNFRSF1A/NMI/IFI35/HAVCR2/NFKBIA/LGALS9/PYCARD",12
"GO:0030316","osteoclast differentiation","10/400","92/18842",0.108695652173913,5.12010869565217,5.83418119213118,2.54499121669902e-05,0.000659231205030406,0.000659231205030406,"CEBPB/OSCAR/DCSTAMP/LILRB1/CCL3/CSF1R/TNFAIP6/LILRB4/CCR1/SNX10",10
"GO:0032732","positive regulation of interleukin-1 production","9/400","74/18842",0.121621621621622,5.72898648648649,6.00278649871624,2.61554212113008e-05,0.000672688404557488,0.000672688404557488,"IFI16/CASP1/HAVCR2/LILRA5/CCL3/MYD88/LGALS9/AIM2/PYCARD",9
"GO:1905521","regulation of macrophage migration","7/400","42/18842",0.166666666666667,7.85083333333333,6.54586560331421,2.6198238884977e-05,0.000672688404557488,0.000672688404557488,"CMKLR1/STAP1/CCL2/CCL3/CSF1R/C3AR1/CCL5",7
"GO:0001911","negative regulation of leukocyte mediated cytotoxicity","6/400","29/18842",0.206896551724138,9.74586206896552,6.94145570398977,2.76865257274709e-05,0.000707812049032735,0.000707812049032735,"HLA-F/INPP5D/HLA-E/LILRB1/HAVCR2/LGALS9",6
"GO:0016553","base conversion or substitution editing","5/400","18/18842",0.277777777777778,13.0847222222222,7.55431220310064,2.86833359254543e-05,0.000726974203627893,0.000726974203627893,"APOBEC3C/APOBEC3B/ADAR/APOBEC3A/APOBEC3G",5
"GO:0071359","cellular response to dsRNA","5/400","18/18842",0.277777777777778,13.0847222222222,7.55431220310064,2.86833359254543e-05,0.000726974203627893,0.000726974203627893,"IFIH1/OAS3/IFIT1/OAS1/IFNB1",5
"GO:0032608","interferon-beta production","8/400","58/18842",0.137931034482759,6.49724137931034,6.17508194959868,2.91475698156742e-05,0.000732426113316942,0.000732426113316942,"ISG15/IFIH1/LILRB1/OAS2/OAS3/OAS1/IRF7/PYCARD",8
"GO:0032648","regulation of interferon-beta production","8/400","58/18842",0.137931034482759,6.49724137931034,6.17508194959868,2.91475698156742e-05,0.000732426113316942,0.000732426113316942,"ISG15/IFIH1/LILRB1/OAS2/OAS3/OAS1/IRF7/PYCARD",8
"GO:0042093","T-helper cell differentiation","10/400","94/18842",0.106382978723404,5.01117021276596,5.7416340334468,3.07335406422496e-05,0.000768992421176289,0.000768992421176289,"PSMB8/SPN/IL18/ANXA1/IL10/CD80/PSMA4/IL27/PSMB9/PSMA2",10
"GO:1903707","negative regulation of hemopoiesis","11/400","114/18842",0.0964912280701754,4.54521929824561,5.59149307841078,3.12623953612855e-05,0.000778910528493045,0.000778910528493045,"PSMB8/INPP5D/ANXA1/LILRB1/PSMA4/CCL3/TNFAIP6/LILRB4/PSMB9/IFNB1/PSMA2",11
"GO:2000404","regulation of T cell migration","7/400","44/18842",0.159090909090909,7.49397727272727,6.3512504923944,3.58787316213738e-05,0.000890155873137882,0.000890155873137882,"SPN/CXCL10/DOCK8/ITGB3/LGALS9/CCL5/PYCARD",7
"GO:0032613","interleukin-10 production","8/400","60/18842",0.133333333333333,6.28066666666667,6.03352925599764,3.74959080783996e-05,0.000922493470715437,0.000922493470715437,"ISG15/LILRB1/IL27/LILRA5/LILRB4/LGALS9/PYCARD/CD274",8
"GO:0032653","regulation of interleukin-10 production","8/400","60/18842",0.133333333333333,6.28066666666667,6.03352925599764,3.74959080783996e-05,0.000922493470715437,0.000922493470715437,"ISG15/LILRB1/IL27/LILRA5/LILRB4/LGALS9/PYCARD/CD274",8
"GO:0035747","natural killer cell chemotaxis","4/400","10/18842",0.4,18.842,8.31138258334345,3.79696815124386e-05,0.000926397208685223,0.000926397208685223,"CCL2/CCL3/CCL5/CCL4",4
"GO:0045869","negative regulation of single stranded viral RNA replication via double stranded DNA intermediate","4/400","10/18842",0.4,18.842,8.31138258334345,3.79696815124386e-05,0.000926397208685223,0.000926397208685223,"APOBEC3C/APOBEC3B/APOBEC3A/APOBEC3G",4
"GO:0032682","negative regulation of chemokine production","6/400","31/18842",0.193548387096774,9.11709677419355,6.6612171356557,4.14015046830269e-05,0.00100181418739176,0.00100181418739176,"IL10/OAS3/OAS1/LILRB4/LGALS9/KLF4",6
"GO:0042531","positive regulation of tyrosine phosphorylation of STAT protein","6/400","31/18842",0.193548387096774,9.11709677419355,6.6612171356557,4.14015046830269e-05,0.00100181418739176,0.00100181418739176,"IL18/PARP14/IL10/PARP9/IL10RA/CSF1R",6
"GO:0046850","regulation of bone remodeling","7/400","45/18842",0.155555555555556,7.32744444444444,6.25847163852173,4.17199237504183e-05,0.00100538176906746,0.00100538176906746,"INPP5D/CD38/RUFY4/DCSTAMP/TNFAIP3/CSF1R/ITGB3",7
"GO:0001932","regulation of protein phosphorylation","21/400","369/18842",0.0569105691056911,2.68077235772358,4.80210140295583,4.49157128755265e-05,0.00107797710901263,0.00107797710901263,"RASSF2/STAT2/SESN2/IL18/PARP14/VEGFA/EREG/TNFRSF1A/AKT1S1/ADAR/IL10/CD80/LILRA5/IRAK2/PARP9/HERC5/IL10RA/CSF1R/MYD88/SEMA4D/PYCARD",21
"GO:1901222","regulation of non-canonical NF-kappaB signal transduction","10/400","99/18842",0.101010101010101,4.75808080808081,5.52130985791466,4.82098868458073e-05,0.00115233388070466,0.00115233388070466,"RASSF2/TRIM21/IL18/EIF2AK2/RBCK1/NMI/IFI35/HAVCR2/LGALS9/PYCARD",10
"GO:0150076","neuroinflammatory response","9/400","80/18842",0.1125,5.2993125,5.67521609373252,4.90692330849843e-05,0.00116812587263039,0.00116812587263039,"IL18/STAP1/TNFRSF1A/TLR1/SNCA/CCL3/NUPR1/CCR1/CCL5",9
"GO:0010759","positive regulation of macrophage chemotaxis","5/400","20/18842",0.25,11.77625,7.10113440937724,5.01164950338521e-05,0.00118347385863072,0.00118347385863072,"CMKLR1/CCL2/CSF1R/C3AR1/CCL5",5
"GO:0034104","negative regulation of tissue remodeling","5/400","20/18842",0.25,11.77625,7.10113440937724,5.01164950338521e-05,0.00118347385863072,0.00118347385863072,"INPP5D/CD38/CST3/TNFAIP3/PPARG",5
"GO:0032731","positive regulation of interleukin-1 beta production","8/400","63/18842",0.126984126984127,5.9815873015873,5.83283580320578,5.36976732041728e-05,0.00126296927376215,0.00126296927376215,"IFI16/CASP1/LILRA5/CCL3/MYD88/LGALS9/AIM2/PYCARD",8
"GO:0048872","homeostasis of number of cells","15/400","214/18842",0.0700934579439252,3.3017523364486,4.98724066745277,5.57639058069305e-05,0.00130634169778785,0.00130634169778785,"PSMB8/ISG15/PMAIP1/VEGFA/STAT1/SLC1A5/TNFAIP3/ANXA1/TNFSF13B/PSMA4/LGALS9/AIM2/PSMB9/EPAS1/PSMA2",15
"GO:0042116","macrophage activation","10/400","101/18842",0.099009900990099,4.66386138613861,5.43727505185607,5.72617732637425e-05,0.00133610804282066,0.00133610804282066,"NR1H3/STAP1/NMI/TLR1/TMEM106A/IL10/IFI35/HAVCR2/SNCA/CCL3",10
"GO:0034154","toll-like receptor 7 signaling pathway","4/400","11/18842",0.363636363636364,17.1290909090909,7.88038620805981,5.86672913511033e-05,0.00135812469741924,0.00135812469741924,"UNC93B1/RSAD2/SCIMP/HAVCR2",4
"GO:0070234","positive regulation of T cell apoptotic process","4/400","11/18842",0.363636363636364,17.1290909090909,7.88038620805981,5.86672913511033e-05,0.00135812469741924,0.00135812469741924,"IDO1/LGALS9/CCL5/CD274",4
"GO:0019915","lipid storage","9/400","82/18842",0.109756097560976,5.17006097560976,5.57328017602082,5.97401721277982e-05,0.00137215707856037,0.00137215707856037,"STARD4/NR1H3/IKBKE/PPARG/SCARB1/NFKBIA/ITGB3/FFAR2/RNF213",9
"GO:0098586","cellular response to virus","9/400","82/18842",0.109756097560976,5.17006097560976,5.57328017602082,5.97401721277982e-05,0.00137215707856037,0.00137215707856037,"IFIH1/CXCL10/IKBKE/IFI6/ADAR/OAS1/LGALS9/CCL5/IFNB1",9
"GO:0048245","eosinophil chemotaxis","5/400","21/18842",0.238095238095238,11.2154761904762,6.89802680302427,6.46366795496884e-05,0.00147884698736252,0.00147884698736252,"CCL8/CCL2/CCL3/CCL5/CCL4",5
"GO:0045619","regulation of lymphocyte differentiation","14/400","193/18842",0.0725388601036269,3.41694300518135,4.97044475266797,6.79051885134415e-05,0.00154418046311872,0.00154418046311872,"PSMB8/IL4I1/IL18/INPP5D/TNFSF9/ANXA1/IL10/CD80/PSMA4/IL27/LILRB4/PSMB9/IFNB1/PSMA2",14
"GO:0002456","T cell mediated immunity","11/400","124/18842",0.0887096774193548,4.17866935483871,5.23003310264066,6.80174727802293e-05,0.00154418046311872,0.00154418046311872,"HLA-F/IL4I1/IL18/HLA-E/RSAD2/LILRB1/CD80/SECTM1/LILRB4/CD274/IFNB1",11
"GO:0002701","negative regulation of production of molecular mediator of immune response","6/400","34/18842",0.176470588235294,8.31264705882353,6.28522349080192,7.1665426791208e-05,0.0016083691203523,0.0016083691203523,"HLA-F/BST2/LILRB1/IL10/LILRB4/IFNB1",6
"GO:0002825","regulation of T-helper 1 type immune response","6/400","34/18842",0.176470588235294,8.31264705882353,6.28522349080192,7.1665426791208e-05,0.0016083691203523,0.0016083691203523,"IL18/ANXA1/HAVCR2/CD80/IL27/LGALS9",6
"GO:0031342","negative regulation of cell killing","6/400","34/18842",0.176470588235294,8.31264705882353,6.28522349080192,7.1665426791208e-05,0.0016083691203523,0.0016083691203523,"HLA-F/INPP5D/HLA-E/LILRB1/HAVCR2/LGALS9",6
"GO:0046849","bone remodeling","8/400","66/18842",0.121212121212121,5.70969696969697,5.64470637508255,7.53461158748015e-05,0.00168454433971039,0.00168454433971039,"INPP5D/CD38/RUFY4/DCSTAMP/TNFAIP3/CSF1R/ITGB3/ACP5",8
"GO:0071887","leukocyte apoptotic process","9/400","85/18842",0.105882352941176,4.98758823529412,5.42645294319192,7.93722433374472e-05,0.00176783632887951,0.00176783632887951,"CCR5/IDO1/ANXA1/LILRB1/IL10/LGALS9/CCL5/IRF7/CD274",9
"GO:0030098","lymphocyte differentiation","20/400","356/18842",0.0561797752808989,2.64634831460674,4.61852405199563,8.11698487922184e-05,0.00180105173923866,0.00180105173923866,"PSMB8/IL4I1/SPN/IL18/INPP5D/TNFSF9/RSAD2/BLNK/ANXA1/TNFSF13B/IL10/CD80/PSMA4/IL27/KLF6/CFB/LILRB4/PSMB9/IFNB1/PSMA2",20
"GO:0042509","regulation of tyrosine phosphorylation of STAT protein","6/400","35/18842",0.171428571428571,8.07514285714286,6.17003226083991,8.49573433994506e-05,0.00187800443304049,0.00187800443304049,"IL18/PARP14/IL10/PARP9/IL10RA/CSF1R",6
"GO:0016554","cytidine to uridine editing","4/400","12/18842",0.333333333333333,15.7016666666667,7.50256896646367,8.6528031693714e-05,0.00189845084462328,0.00189845084462328,"APOBEC3C/APOBEC3B/APOBEC3A/APOBEC3G",4
"GO:0140105","interleukin-10-mediated signaling pathway","4/400","12/18842",0.333333333333333,15.7016666666667,7.50256896646367,8.6528031693714e-05,0.00189845084462328,0.00189845084462328,"LILRB1/IL10/IL10RA/LILRB4",4
"GO:0002720","positive regulation of cytokine production involved in immune response","8/400","68/18842",0.117647058823529,5.54176470588235,5.52558981221155,9.34595400106177e-05,0.00204290741733246,0.00204290741733246,"HLA-F/IL18/HLA-E/RSAD2/SCIMP/LILRB1/SECTM1/FFAR2",8
"GO:0170062","nutrient storage","9/400","87/18842",0.103448275862069,4.87293103448276,5.33235208372758,9.52644128644613e-05,0.00207023690232269,0.00207023690232269,"STARD4/NR1H3/IKBKE/PPARG/SCARB1/NFKBIA/ITGB3/FFAR2/RNF213",9
"GO:0071622","regulation of granulocyte chemotaxis","7/400","51/18842",0.137254901960784,6.46539215686275,5.7558495374145,9.5413979681879e-05,0.00207023690232269,0.00207023690232269,"CMKLR1/DPP4/CCL2/CSF1R/TNFAIP6/C3AR1/CCL5",7
"GO:0070498","interleukin-1-mediated signaling pathway","6/400","36/18842",0.166666666666667,7.85083333333333,6.05932710919275,0.000100139708330531,0.00216478487126295,0.00216478487126295,"IL1RN/IRAK2/NFKBIA/IL1R2/MYD88/ZBP1",6
"GO:1901623","regulation of lymphocyte chemotaxis","5/400","23/18842",0.217391304347826,10.2402173913043,6.53018969606556,0.000103209011668724,0.00221493985694829,0.00221493985694829,"CXCL10/CCL2/CCL3/CCL5/CCL4",5
"GO:0050870","positive regulation of T cell activation","15/400","226/18842",0.0663716814159292,3.12643805309735,4.73632757474806,0.000103213183810176,0.00221493985694829,0.00221493985694829,"IL4I1/IL18/DOCK8/TNFSF9/HLA-E/DPP4/CCL2/ANXA1/HAVCR2/CD80/LILRB4/LGALS9/CCL5/PYCARD/CD274",15
"GO:2001235","positive regulation of apoptotic signaling pathway","10/400","109/18842",0.0917431192660551,4.32155963302752,5.12188234315099,0.000109359569002663,0.00233830642085694,0.00233830642085694,"TNFSF10/PML/PMAIP1/MCL1/DDIT3/PPARG/NUPR1/PYCARD/TGFBR1/IFNB1",10
"GO:0006909","phagocytosis","15/400","228/18842",0.0657894736842105,3.09901315789474,4.6961362784422,0.000113852720629982,0.00242555796124745,0.00242555796124745,"IL15RA/NR1H3/ARHGAP25/STAP1/RUBCN/CCL2/ANXA1/RAB39A/BIN2/SCARB1/ITGB3/CFB/PLSCR1/MYD88/PYCARD",15
"GO:0034143","regulation of toll-like receptor 4 signaling pathway","6/400","37/18842",0.162162162162162,7.63864864864865,5.95280750302481,0.000117401456146084,0.00249213199328149,0.00249213199328149,"ACOD1/NR1H3/NINJ1/TNFAIP3/IFI35/WDFY1",6
"GO:1905517","macrophage migration","7/400","53/18842",0.132075471698113,6.22141509433962,5.60598954541324,0.000122492986917018,0.00258078366553185,0.00258078366553185,"CMKLR1/STAP1/CCL2/CCL3/CSF1R/C3AR1/CCL5",7
"GO:0045006","DNA deamination","4/400","13/18842",0.307692307692308,14.4938461538462,7.16756705164764,0.000122894460263421,0.00258078366553185,0.00258078366553185,"APOBEC3C/APOBEC3B/APOBEC3A/APOBEC3G",4
"GO:0045091","regulation of single stranded viral RNA replication via double stranded DNA intermediate","4/400","13/18842",0.307692307692308,14.4938461538462,7.16756705164764,0.000122894460263421,0.00258078366553185,0.00258078366553185,"APOBEC3C/APOBEC3B/APOBEC3A/APOBEC3G",4
"GO:0002449","lymphocyte mediated immunity","19/400","339/18842",0.056047197640118,2.64010324483776,4.48774244150317,0.000125580066615032,0.00262779641173093,0.00262779641173093,"CSF2RB/HLA-F/IL4I1/IL18/INPP5D/HLA-E/RSAD2/LILRB1/IL10/NBN/HAVCR2/CD80/SECTM1/LILRB4/LGALS9/CD274/SLAMF7/IFNB1/C1QB",19
"GO:0032635","interleukin-6 production","12/400","156/18842",0.0769230769230769,3.62346153846154,4.84570297761609,0.000128012128188817,0.00265243489031389,0.00265243489031389,"IFIH1/EREG/SCIMP/TNFAIP3/TLR1/IL10/HAVCR2/LILRA5/LILRB4/MYD88/LGALS9/PYCARD",12
"GO:0032675","regulation of interleukin-6 production","12/400","156/18842",0.0769230769230769,3.62346153846154,4.84570297761609,0.000128012128188817,0.00265243489031389,0.00265243489031389,"IFIH1/EREG/SCIMP/TNFAIP3/TLR1/IL10/HAVCR2/LILRA5/LILRB4/MYD88/LGALS9/PYCARD",12
"GO:0072677","eosinophil migration","5/400","24/18842",0.208333333333333,9.81354166666667,6.36278593475738,0.000128110800824684,0.00265243489031389,0.00265243489031389,"CCL8/CCL2/CCL3/CCL5/CCL4",5
"GO:0032689","negative regulation of type II interferon production","6/400","38/18842",0.157894736842105,7.43763157894737,5.85020059069579,0.000136942175775486,0.00282533331073635,0.00282533331073635,"LILRB1/DDIT3/HAVCR2/LILRB4/LGALS9/CD274",6
"GO:0039531","regulation of cytoplasmic pattern recognition receptor signaling pathway","11/400","135/18842",0.0814814814814815,3.83818518518519,4.87397729256194,0.000146261586644756,0.00299657884833159,0.00299657884833159,"IFI16/DDX60/TREX1/EIF2AK2/RSAD2/TNFAIP3/NAGK/OASL/MYD88/WDFY1/DHX58",11
"GO:0050921","positive regulation of chemotaxis","11/400","135/18842",0.0814814814814815,3.83818518518519,4.87397729256194,0.000146261586644756,0.00299657884833159,0.00299657884833159,"CXCL10/CMKLR1/VEGFA/CCL2/CCL3/CSF1R/CCR1/C3AR1/LGALS9/CCL5/CCL4",11
"GO:0002548","monocyte chemotaxis","7/400","55/18842",0.127272727272727,5.99518181818182,5.46363765227719,0.000155499331100877,0.00317477800997624,0.00317477800997624,"CXCL10/NINJ1/CCL2/ANXA1/CCL3/CCR1/CCL5",7
"GO:0002702","positive regulation of production of molecular mediator of immune response","10/400","114/18842",0.087719298245614,4.13201754385965,4.93979439484002,0.000158959958368479,0.003212220524295,0.003212220524295,"HLA-F/IL18/HLA-E/RSAD2/SCIMP/LILRB1/IL10/SASH3/SECTM1/FFAR2",10
"GO:0032733","positive regulation of interleukin-10 production","6/400","39/18842",0.153846153846154,7.24692307692308,5.75125799870474,0.000158972138192151,0.003212220524295,0.003212220524295,"ISG15/IL27/LILRA5/LGALS9/PYCARD/CD274",6
"GO:0043331","response to dsRNA","6/400","39/18842",0.153846153846154,7.24692307692308,5.75125799870474,0.000158972138192151,0.003212220524295,0.003212220524295,"IFIH1/PMAIP1/OAS3/IFIT1/OAS1/IFNB1",6
"GO:0051928","positive regulation of calcium ion transport","9/400","93/18842",0.0967741935483871,4.55854838709677,5.06644411816874,0.000159776460383924,0.00321741639403243,0.00321741639403243,"CXCL11/CXCL10/CCL2/LILRA5/SNCA/CCL3/CCR1/CCL5/CCL4",9
"GO:0010745","negative regulation of macrophage derived foam cell differentiation","4/400","14/18842",0.285714285714286,13.4585714285714,6.86764964024447,0.00016917653000547,0.00338353060010939,0.00338353060010939,"NR1H3/PPARG/NFKBIA/ITGB3",4
"GO:0039692","single stranded viral RNA replication via double stranded DNA intermediate","4/400","14/18842",0.285714285714286,13.4585714285714,6.86764964024447,0.00016917653000547,0.00338353060010939,0.00338353060010939,"APOBEC3C/APOBEC3B/APOBEC3A/APOBEC3G",4
"GO:0051924","regulation of calcium ion transport","14/400","211/18842",0.0663507109004739,3.12545023696683,4.57248245417094,0.000175004050156395,0.00348821632176137,0.00348821632176137,"CD84/CXCL11/CXCL10/PML/CCL2/LILRB1/LILRA5/SNCA/SLC8A1/CCL3/ITGB3/CCR1/CCL5/CCL4",14
"GO:0045785","positive regulation of cell adhesion","22/400","437/18842",0.0503432494279176,2.37141876430206,4.271897823483,0.000178070753369882,0.00353735145207739,0.00353735145207739,"IL4I1/SDC4/IL18/DOCK8/TNFSF9/VEGFA/HLA-E/DPP4/MAP4K4/CCL2/ANXA1/IL10/JUP/HAVCR2/CD80/ITGB3/RIN2/LILRB4/LGALS9/CCL5/PYCARD/CD274",22
"GO:0001906","cell killing","15/400","238/18842",0.0630252100840336,2.9688025210084,4.50158475645505,0.000182641436566219,0.00357691493819306,0.00357691493819306,"CCL8/HLA-F/CXCL11/CXCL10/INPP5D/STAP1/GBP1/HLA-E/NINJ1/LILRB1/HAVCR2/CXCL3/GBP3/LGALS9/SLAMF7",15
"GO:0042113","B cell activation","15/400","238/18842",0.0630252100840336,2.9688025210084,4.50158475645505,0.000182641436566219,0.00357691493819306,0.00357691493819306,"IL4I1/BST2/INPP5D/CD38/MNDA/BLNK/THEMIS2/TNFAIP3/TNFSF13B/IL10/SASH3/NBN/KLF6/CFB/IFNB1",15
"GO:0002369","T cell cytokine production","6/400","40/18842",0.15,7.06575,5.65575307084341,0.00018371229784597,0.00357691493819306,0.00357691493819306,"HLA-F/IL18/RSAD2/SECTM1/LILRB4/IFNB1",6
"GO:0002724","regulation of T cell cytokine production","6/400","40/18842",0.15,7.06575,5.65575307084341,0.00018371229784597,0.00357691493819306,0.00357691493819306,"HLA-F/IL18/RSAD2/SECTM1/LILRB4/IFNB1",6
"GO:0007260","tyrosine phosphorylation of STAT protein","6/400","40/18842",0.15,7.06575,5.65575307084341,0.00018371229784597,0.00357691493819306,0.00357691493819306,"IL18/PARP14/IL10/PARP9/IL10RA/CSF1R",6
"GO:0046006","regulation of activated T cell proliferation","6/400","40/18842",0.15,7.06575,5.65575307084341,0.00018371229784597,0.00357691493819306,0.00357691493819306,"IL18/TNFSF9/LILRB4/LGALS9/PYCARD/CD274",6
"GO:0045581","negative regulation of T cell differentiation","7/400","57/18842",0.12280701754386,5.78482456140351,5.32814221830131,0.000195359684856748,0.00379113843880423,0.00379113843880423,"PSMB8/ANXA1/PSMA4/LILRB4/PSMB9/IFNB1/PSMA2",7
"GO:0042325","regulation of phosphorylation","21/400","412/18842",0.0509708737864078,2.40098300970874,4.23444767303197,0.000210388884114521,0.00406936394274139,0.00406936394274139,"RASSF2/STAT2/SESN2/IL18/PARP14/VEGFA/EREG/TNFRSF1A/AKT1S1/ADAR/IL10/CD80/LILRA5/IRAK2/PARP9/HERC5/IL10RA/CSF1R/MYD88/SEMA4D/PYCARD",21
"GO:0050798","activated T cell proliferation","6/400","41/18842",0.146341463414634,6.89341463414634,5.56347847912536,0.000211394268390594,0.00407540425618587,0.00407540425618588,"IL18/TNFSF9/LILRB4/LGALS9/PYCARD/CD274",6
"GO:0032695","negative regulation of interleukin-12 production","4/400","15/18842",0.266666666666667,12.5613333333333,6.59691597743733,0.000226842074227789,0.00433062141707597,0.00433062141707597,"CMKLR1/LILRB1/IL10/LILRA5",4
"GO:0034145","positive regulation of toll-like receptor 4 signaling pathway","4/400","15/18842",0.266666666666667,12.5613333333333,6.59691597743733,0.000226842074227789,0.00433062141707597,0.00433062141707597,"NR1H3/NINJ1/IFI35/WDFY1",4
"GO:0160165","CD8-positive, alpha-beta T cell homeostasis","4/400","15/18842",0.266666666666667,12.5613333333333,6.59691597743733,0.000226842074227789,0.00433062141707597,0.00433062141707597,"PSMB8/PSMA4/PSMB9/PSMA2",4
"GO:0043124","negative regulation of canonical NF-kappaB signal transduction","9/400","98/18842",0.0918367346938776,4.3259693877551,4.86158752929341,0.000238218922976994,0.00453309795179523,0.00453309795179523,"STAT1/TNFAIP3/NLRC5/PARP10/IRAK2/NFKBIA/LILRB4/PYCARD/KLF4",9
"GO:0032728","positive regulation of interferon-beta production","6/400","42/18842",0.142857142857143,6.72928571428571,5.47424414869758,0.000242260273308197,0.00459513034532967,0.00459513034532967,"ISG15/IFIH1/OAS2/OAS3/OAS1/IRF7",6
"GO:0001934","positive regulation of protein phosphorylation","14/400","219/18842",0.0639269406392694,3.01127853881279,4.40907429458573,0.000257146210957286,0.00486179974414418,0.00486179974414418,"RASSF2/SESN2/IL18/PARP14/VEGFA/EREG/TNFRSF1A/IL10/CD80/LILRA5/PARP9/IL10RA/CSF1R/SEMA4D",14
"GO:0045580","regulation of T cell differentiation","12/400","169/18842",0.0710059171597633,3.34473372781065,4.50928615292293,0.000270604675901986,0.00509985735353744,0.00509985735353744,"PSMB8/IL4I1/IL18/TNFSF9/ANXA1/CD80/PSMA4/IL27/LILRB4/PSMB9/IFNB1/PSMA2",12
"GO:0002520","immune system development","10/400","122/18842",0.0819672131147541,3.86106557377049,4.66909560196901,0.000277130827213301,0.00519574613302932,0.00519574613302932,"ACOD1/HLA-E/TNFAIP3/IL10/NBN/HAVCR2/SAMHD1/LILRB4/LGALS9/TGFBR1",10
"GO:0046634","regulation of alpha-beta T cell activation","9/400","100/18842",0.09,4.23945,4.78345040955784,0.000277459912546123,0.00519574613302932,0.00519574613302932,"IL18/HLA-E/ANXA1/LILRB1/CD80/IL27/LILRB4/LGALS9/CD274",9
"GO:0050730","regulation of peptidyl-tyrosine phosphorylation","8/400","80/18842",0.1,4.7105,4.89796666694838,0.000293854239308997,0.00548527913376795,0.00548527913376795,"IL18/PARP14/IL10/CD80/LILRA5/PARP9/IL10RA/CSF1R",8
"GO:1903039","positive regulation of leukocyte cell-cell adhesion","15/400","250/18842",0.06,2.8263,4.28111633690722,0.000310412922631601,0.00577603792744879,0.00577603792744879,"IL4I1/IL18/DOCK8/TNFSF9/HLA-E/DPP4/CCL2/ANXA1/HAVCR2/CD80/LILRB4/LGALS9/CCL5/PYCARD/CD274",15
"GO:0045620","negative regulation of lymphocyte differentiation","7/400","62/18842",0.112903225806452,5.3183064516129,5.01579145790905,0.000331855317733819,0.00615554974219197,0.00615554974219197,"PSMB8/ANXA1/PSMA4/LILRB4/PSMB9/IFNB1/PSMA2",7
"GO:0043270","positive regulation of monoatomic ion transport","12/400","174/18842",0.0689655172413793,3.24862068965517,4.3885382902002,0.000353444349012557,0.00653538607608124,0.00653538607608124,"VMP1/FXYD6/CXCL11/CXCL10/CCL2/LILRA5/SNCA/CCL3/CCR1/STAC3/CCL5/CCL4",12
"GO:0045589","regulation of regulatory T cell differentiation","6/400","45/18842",0.133333333333333,6.28066666666667,5.22310434425665,0.000356542160990561,0.00655146220820157,0.00655146220820157,"PSMB8/IL4I1/PSMA4/LILRB4/PSMB9/PSMA2",6
"GO:0150077","regulation of neuroinflammatory response","6/400","45/18842",0.133333333333333,6.28066666666667,5.22310434425665,0.000356542160990561,0.00655146220820157,0.00655146220820157,"IL18/STAP1/CCL3/NUPR1/CCR1/CCL5",6
"GO:0001773","myeloid dendritic cell activation","4/400","17/18842",0.235294117647059,11.0835294117647,6.1255839934315,0.000382431187575075,0.0069773914239485,0.0069773914239485,"BATF2/DCSTAMP/HAVCR2/PYCARD",4
"GO:0044790","suppression of viral release by host","4/400","17/18842",0.235294117647059,11.0835294117647,6.1255839934315,0.000382431187575075,0.0069773914239485,0.0069773914239485,"TRIM21/PML/TRIM5/TRIM25",4
"GO:0032607","interferon-alpha production","5/400","30/18842",0.166666666666667,7.85083333333333,5.53050139345349,0.000386841769422995,0.0069773914239485,0.0069773914239485,"IFIH1/STAT1/IL10/HAVCR2/IRF7",5
"GO:0032633","interleukin-4 production","5/400","30/18842",0.166666666666667,7.85083333333333,5.53050139345349,0.000386841769422995,0.0069773914239485,0.0069773914239485,"CEBPB/HLA-E/DDIT3/HAVCR2/LGALS9",5
"GO:0032647","regulation of interferon-alpha production","5/400","30/18842",0.166666666666667,7.85083333333333,5.53050139345349,0.000386841769422995,0.0069773914239485,0.0069773914239485,"IFIH1/STAT1/IL10/HAVCR2/IRF7",5
"GO:0032673","regulation of interleukin-4 production","5/400","30/18842",0.166666666666667,7.85083333333333,5.53050139345349,0.000386841769422995,0.0069773914239485,0.0069773914239485,"CEBPB/HLA-E/DDIT3/HAVCR2/LGALS9",5
"GO:0032637","interleukin-8 production","9/400","106/18842",0.0849056603773585,3.99948113207547,4.56077439473801,0.000428530269267246,0.00768218897344942,0.00768218897344942,"ANXA1/TLR1/IL10/DDIT3/FFAR2/MYD88/LGALS9/PYCARD/KLF4",9
"GO:0032677","regulation of interleukin-8 production","9/400","106/18842",0.0849056603773585,3.99948113207547,4.56077439473801,0.000428530269267246,0.00768218897344942,0.00768218897344942,"ANXA1/TLR1/IL10/DDIT3/FFAR2/MYD88/LGALS9/PYCARD/KLF4",9
"GO:0060760","positive regulation of response to cytokine stimulus","7/400","65/18842",0.107692307692308,5.07284615384615,4.84417185780732,0.000444899260592542,0.00795139104037735,0.00795139104037735,"IFIH1/PARP14/CASP1/IKBKE/NLRC5/PARP9/ZBP1",7
"GO:0006953","acute-phase response","6/400","47/18842",0.127659574468085,6.01340425531915,5.06802152620679,0.000453560056185174,0.0080571997896339,0.0080571997896339,"CEBPB/CD163/APOL2/ITIH4/IL1RN/PLSCR1",6
"GO:0048247","lymphocyte chemotaxis","6/400","47/18842",0.127659574468085,6.01340425531915,5.06802152620679,0.000453560056185174,0.0080571997896339,0.0080571997896339,"CXCL11/CXCL10/CCL2/CCL3/CCL5/CCL4",6
"GO:0050864","regulation of B cell activation","9/400","107/18842",0.0841121495327103,3.96210280373832,4.52525575069556,0.000459291562503991,0.0081344409262755,0.0081344409262755,"IL4I1/INPP5D/CD38/MNDA/THEMIS2/TNFAIP3/TNFSF13B/IL10/SASH3",9
"GO:0001562","response to protozoan","4/400","18/18842",0.222222222222222,10.4677777777778,5.91842724124772,0.00048350200233211,0.00846128504081193,0.00846128504081193,"BATF2/GBP1/GBP4/MYD88",4
"GO:0033003","regulation of mast cell activation","4/400","18/18842",0.222222222222222,10.4677777777778,5.91842724124772,0.00048350200233211,0.00846128504081193,0.00846128504081193,"CD84/MILR1/PLSCR1/PTPRE",4
"GO:0042832","defense response to protozoan","4/400","18/18842",0.222222222222222,10.4677777777778,5.91842724124772,0.00048350200233211,0.00846128504081193,0.00846128504081193,"BATF2/GBP1/GBP4/MYD88",4
"GO:0046596","regulation of viral entry into host cell","4/400","18/18842",0.222222222222222,10.4677777777778,5.91842724124772,0.00048350200233211,0.00846128504081193,0.00846128504081193,"TRIM21/TRIM5/LGALS9/TRIM25",4
"GO:0010883","regulation of lipid storage","6/400","48/18842",0.125,5.888125,4.9938014631919,0.000509198884075183,0.00888453839276581,0.00888453839276581,"NR1H3/IKBKE/PPARG/SCARB1/NFKBIA/ITGB3",6
"GO:0002761","regulation of myeloid leukocyte differentiation","9/400","109/18842",0.0825688073394495,3.88940366972477,4.45549298318931,0.000526268416083717,0.00913031557324915,0.00913031557324915,"CEBPB/INPP5D/DCSTAMP/LILRB1/CCL3/TNFAIP6/LILRB4/CCR1/IRF7",9
"GO:0031664","regulation of lipopolysaccharide-mediated signaling pathway","5/400","32/18842",0.15625,7.36015625,5.30305752408,0.000527943417500801,0.00913031557324915,0.00913031557324915,"ACOD1/TRIM5/SCIMP/TNFAIP3/CARD16",5
"GO:0045920","negative regulation of exocytosis","5/400","32/18842",0.15625,7.36015625,5.30305752408,0.000527943417500801,0.00913031557324915,0.00913031557324915,"HLA-F/CD84/ANXA1/SNCA/LGALS9",5
"GO:0042269","regulation of natural killer cell mediated cytotoxicity","6/400","49/18842",0.122448979591837,5.76795918367347,4.92164714195134,0.000570005292840544,0.0098288302695085,0.0098288302695085,"HLA-F/INPP5D/HLA-E/LILRB1/HAVCR2/LGALS9",6
"GO:0030217","T cell differentiation","15/400","265/18842",0.0566037735849057,2.66632075471698,4.02320082524098,0.000572530864661828,0.00984351311172968,0.00984351311172968,"PSMB8/IL4I1/SPN/IL18/TNFSF9/RSAD2/ANXA1/IL10/CD80/PSMA4/IL27/LILRB4/PSMB9/IFNB1/PSMA2",15
"GO:0006959","humoral immune response","16/400","296/18842",0.0540540540540541,2.54621621621622,3.94883432498549,0.000626342980174397,0.0107373082315611,0.0107373082315611,"CCL8/SERPING1/ACOD1/CXCL11/CXCL10/HLA-E/RNASE6/BLNK/CCL2/CXCL3/CCL3/CFB/CCL5/CCL4/IFNB1/C1QB",16
"GO:0042327","positive regulation of phosphorylation","14/400","240/18842",0.0583333333333333,2.74779166666667,4.01322424038379,0.000645119133660921,0.0110270363544367,0.0110270363544367,"RASSF2/SESN2/IL18/PARP14/VEGFA/EREG/TNFRSF1A/IL10/CD80/LILRA5/PARP9/IL10RA/CSF1R/SEMA4D",14
"GO:0022409","positive regulation of cell-cell adhesion","16/400","297/18842",0.0538720538720539,2.5376430976431,3.9336735038293,0.000649457300869384,0.0110690113887304,0.0110690113887304,"IL4I1/IL18/DOCK8/TNFSF9/HLA-E/DPP4/CCL2/ANXA1/IL10/HAVCR2/CD80/LILRB4/LGALS9/CCL5/PYCARD/CD274",16
"GO:0002275","myeloid cell activation involved in immune response","8/400","90/18842",0.0888888888888889,4.18711111111111,4.46347003513892,0.000654007496290837,0.0110823172282136,0.0110823172282136,"CD84/MILR1/NMI/IFI35/HAVCR2/CCL3/LGALS9/PYCARD",8
"GO:0032755","positive regulation of interleukin-6 production","8/400","90/18842",0.0888888888888889,4.18711111111111,4.46347003513892,0.000654007496290837,0.0110823172282136,0.0110823172282136,"IFIH1/EREG/SCIMP/TLR1/LILRA5/MYD88/LGALS9/PYCARD",8
"GO:1903531","negative regulation of secretion by cell","10/400","136/18842",0.0735294117647059,3.46360294117647,4.24646613200201,0.000658013592392857,0.0111181606990517,0.0111181606990517,"HLA-F/CD84/NR1H3/RSAD2/TNFRSF1A/ANXA1/LILRB1/SNCA/PIM3/LGALS9",10
"GO:0006968","cellular defense response","6/400","51/18842",0.117647058823529,5.54176470588235,4.78313605521847,0.000708420213364685,0.0119355611879208,0.0119355611879208,"SPN/TCIRG1/CCR5/LGALS3BP/MNDA/NCF1",6
"GO:0002689","negative regulation of leukocyte chemotaxis","4/400","20/18842",0.2,9.421,5.54911521738692,0.000740265265127454,0.0123307641896584,0.0123307641896584,"STAP1/DPP4/CCL2/TNFAIP6",4
"GO:0006837","serotonin transport","4/400","20/18842",0.2,9.421,5.54911521738692,0.000740265265127454,0.0123307641896584,0.0123307641896584,"SLC18B1/LILRB1/SNCA/ITGB3",4
"GO:0006925","inflammatory cell apoptotic process","4/400","20/18842",0.2,9.421,5.54911521738692,0.000740265265127454,0.0123307641896584,0.0123307641896584,"CCR5/ANXA1/CCL5/IRF7",4
"GO:2001185","regulation of CD8-positive, alpha-beta T cell activation","4/400","20/18842",0.2,9.421,5.54911521738692,0.000740265265127454,0.0123307641896584,0.0123307641896584,"HLA-E/LILRB1/LILRB4/CD274",4
"GO:0062197","cellular response to chemical stress","16/400","301/18842",0.053156146179402,2.50392026578073,3.87364167092613,0.000749353876185927,0.0124468948925798,0.0124468948925798,"TRIM21/SESN2/PML/GCH1/CASP1/NINJ1/TNFAIP3/RHOB/DDIT3/KAT2B/SNCA/SRXN1/SLC8A1/PNPT1/PYCARD/KLF4",16
"GO:0045066","regulatory T cell differentiation","6/400","52/18842",0.115384615384615,5.43519230769231,4.7165962214386,0.000786701044019482,0.0130304285600973,0.0130304285600973,"PSMB8/IL4I1/PSMA4/LILRB4/PSMB9/PSMA2",6
"GO:0010743","regulation of macrophage derived foam cell differentiation","5/400","35/18842",0.142857142857143,6.72928571428571,4.99634825790463,0.000807830095953446,0.0132682708497382,0.0132682708497382,"IL18/NR1H3/PPARG/NFKBIA/ITGB3",5
"GO:0043330","response to exogenous dsRNA","5/400","35/18842",0.142857142857143,6.72928571428571,4.99634825790463,0.000807830095953446,0.0132682708497382,0.0132682708497382,"IFIH1/OAS3/IFIT1/OAS1/IFNB1",5
"GO:0043903","regulation of biological process involved in symbiotic interaction","5/400","35/18842",0.142857142857143,6.72928571428571,4.99634825790463,0.000807830095953446,0.0132682708497382,0.0132682708497382,"BST2/TRIM21/TRIM5/LGALS9/TRIM25",5
"GO:1990845","adaptive thermogenesis","11/400","166/18842",0.0662650602409639,3.1214156626506,4.04311266925264,0.000859289611749687,0.0140741585434211,0.0140741585434211,"CEBPB/IL18/CMKLR1/NR1H3/VEGFA/CKB/ACSL1/DDIT3/SCD/TLE3/EPAS1",11
"GO:0032615","interleukin-12 production","6/400","53/18842",0.113207547169811,5.33264150943396,4.65175485324676,0.000871493561947457,0.0141949643885071,0.0141949643885071,"CMKLR1/SCIMP/LILRB1/IL10/LILRA5/LGALS9",6
"GO:0032655","regulation of interleukin-12 production","6/400","53/18842",0.113207547169811,5.33264150943396,4.65175485324676,0.000871493561947457,0.0141949643885071,0.0141949643885071,"CMKLR1/SCIMP/LILRB1/IL10/LILRA5/LGALS9",6
"GO:0010878","cholesterol storage","4/400","21/18842",0.19047619047619,8.97238095238095,5.38337092349295,0.000899236697028104,0.0145261312596848,0.0145261312596848,"STARD4/NR1H3/PPARG/SCARB1",4
"GO:0033032","regulation of myeloid cell apoptotic process","4/400","21/18842",0.19047619047619,8.97238095238095,5.38337092349295,0.000899236697028104,0.0145261312596848,0.0145261312596848,"CCR5/ANXA1/CCL5/IRF7",4
"GO:0045590","negative regulation of regulatory T cell differentiation","4/400","21/18842",0.19047619047619,8.97238095238095,5.38337092349295,0.000899236697028104,0.0145261312596848,0.0145261312596848,"PSMB8/PSMA4/PSMB9/PSMA2",4
"GO:0042092","type 2 immune response","5/400","36/18842",0.138888888888889,6.54236111111111,4.9020283074309,0.000921973706860367,0.0148526175242163,0.0148526175242163,"IL18/RSAD2/ANXA1/IL10/IFNB1",5
"GO:0001836","release of cytochrome c from mitochondria","6/400","54/18842",0.111111111111111,5.23388888888889,4.58853472065504,0.000963155342628205,0.0154736432094367,0.0154736432094367,"TNFSF10/PMAIP1/CASP1/MCL1/IFI6/PYCARD",6
"GO:0006868","glutamine transport","3/400","10/18842",0.3,14.1315,6.11707882486126,0.0010197767053959,0.0161190511498062,0.0161190511498062,"SLC1A5/SLC38A5/SLC1A4",3
"GO:0019835","cytolysis","3/400","10/18842",0.3,14.1315,6.11707882486126,0.0010197767053959,0.0161190511498062,0.0161190511498062,"GBP1/NINJ1/GBP3",3
"GO:0034115","negative regulation of heterotypic cell-cell adhesion","3/400","10/18842",0.3,14.1315,6.11707882486126,0.0010197767053959,0.0161190511498062,0.0161190511498062,"IL10/IL1RN/KLF4",3
"GO:0070586","cell-cell adhesion involved in gastrulation","3/400","10/18842",0.3,14.1315,6.11707882486126,0.0010197767053959,0.0161190511498062,0.0161190511498062,"IL10/IL1RN/KLF4",3
"GO:0070587","regulation of cell-cell adhesion involved in gastrulation","3/400","10/18842",0.3,14.1315,6.11707882486126,0.0010197767053959,0.0161190511498062,0.0161190511498062,"IL10/IL1RN/KLF4",3
"GO:2000109","regulation of macrophage apoptotic process","3/400","10/18842",0.3,14.1315,6.11707882486126,0.0010197767053959,0.0161190511498062,0.0161190511498062,"CCR5/CCL5/IRF7",3
"GO:1902107","positive regulation of leukocyte differentiation","11/400","170/18842",0.0647058823529412,3.04797058823529,3.95030581630829,0.0010443436637608,0.0164190928954906,0.0164190928954906,"IL4I1/IL18/INPP5D/TNFSF9/DCSTAMP/ANXA1/IL10/CD80/LILRB4/CCR1/LGALS9",11
"GO:1903708","positive regulation of hemopoiesis","11/400","170/18842",0.0647058823529412,3.04797058823529,3.95030581630829,0.0010443436637608,0.0164190928954906,0.0164190928954906,"IL4I1/IL18/INPP5D/TNFSF9/DCSTAMP/ANXA1/IL10/CD80/LILRB4/CCR1/LGALS9",11
"GO:0043277","apoptotic cell clearance","5/400","37/18842",0.135135135135135,6.36554054054054,4.81122464494565,0.00104768812103447,0.0164277497378206,0.0164277497378206,"NR1H3/CCL2/ANXA1/SCARB1/ITGB3",5
"GO:0002715","regulation of natural killer cell mediated immunity","6/400","55/18842",0.109090909090909,5.13872727272727,4.52686348222053,0.00106205199710094,0.0166086854865785,0.0166086854865785,"HLA-F/INPP5D/HLA-E/LILRB1/HAVCR2/LGALS9",6
"GO:0006907","pinocytosis","4/400","22/18842",0.181818181818182,8.56454545454545,5.22832202912609,0.00108080108812835,0.0168124613708855,0.0168124613708855,"NR1H3/ANKFY1/EHD4/PYCARD",4
"GO:0010888","negative regulation of lipid storage","4/400","22/18842",0.181818181818182,8.56454545454545,5.22832202912609,0.00108080108812835,0.0168124613708855,0.0168124613708855,"NR1H3/PPARG/NFKBIA/ITGB3",4
"GO:0010721","negative regulation of cell development","13/400","225/18842",0.0577777777777778,2.72162222222222,3.82606400619814,0.00108695128887656,0.0168635186770295,0.0168635186770295,"PSMB8/DYNLT1/INPP5D/VEGFA/ANXA1/LILRB1/PSMA4/CCL3/TNFAIP6/LILRB4/PSMB9/IFNB1/PSMA2",13
"GO:1903556","negative regulation of tumor necrosis factor superfamily cytokine production","7/400","76/18842",0.0921052631578947,4.33861842105263,4.29502491084594,0.0011449154740906,0.0177160604938229,0.0177160604938229,"TNFAIP3/LILRB1/IL10/HAVCR2/LILRB4/LGALS9/CD274",7
"GO:0032692","negative regulation of interleukin-1 production","6/400","56/18842",0.107142857142857,5.04696428571429,4.46667329261749,0.00116855685590164,0.0180344207682457,0.0180344207682457,"PML/TNFAIP3/IL10/LILRB4/IL1R2/CARD16",6
"GO:0097028","dendritic cell differentiation","5/400","38/18842",0.131578947368421,6.19802631578947,4.7237087506732,0.0011856799309222,0.0182507800885407,0.0182507800885407,"BATF2/CEBPB/DCSTAMP/LILRB1/LGALS9",5
"GO:0008637","apoptotic mitochondrial changes","8/400","99/18842",0.0808080808080808,3.80646464646465,4.12321121065182,0.00122497475279799,0.018806400904575,0.018806400904575,"TNFSF10/PMAIP1/CASP1/MCL1/PPM1K/IFI6/IFIT2/PYCARD",8
"GO:0042267","natural killer cell mediated cytotoxicity","7/400","77/18842",0.0909090909090909,4.28227272727273,4.25034031092942,0.00123686632781504,0.0189395156446678,0.0189395156446678,"HLA-F/INPP5D/HLA-E/LILRB1/HAVCR2/LGALS9/SLAMF7",7
"GO:0033209","tumor necrosis factor-mediated signaling pathway","9/400","123/18842",0.0731707317073171,3.44670731707317,4.00932457454799,0.00125376259704808,0.0191483742094616,0.0191483742094616,"CASP1/STAT1/TNFRSF1A/TNFAIP3/TNFSF13B/NFKBIA/AIM2/PYCARD/CARD16",9
"GO:0039694","viral RNA genome replication","4/400","23/18842",0.173913043478261,8.19217391304348,5.08280898493432,0.00128660994633038,0.0195484922078104,0.0195484922078104,"APOBEC3C/APOBEC3B/APOBEC3A/APOBEC3G",4
"GO:0090200","positive regulation of release of cytochrome c from mitochondria","4/400","23/18842",0.173913043478261,8.19217391304348,5.08280898493432,0.00128660994633038,0.0195484922078104,0.0195484922078104,"TNFSF10/PMAIP1/CASP1/PYCARD",4
"GO:0002526","acute inflammatory response","8/400","100/18842",0.08,3.7684,4.08788655908254,0.0013073673476025,0.0198126804224297,0.0198126804224297,"CEBPB/HLA-E/CD163/APOL2/ITIH4/IL1RN/PLSCR1/FFAR2",8
"GO:0010742","macrophage derived foam cell differentiation","5/400","39/18842",0.128205128205128,6.03910256410257,4.63927257807105,0.00133666637102956,0.0202046227806011,0.0202046227806011,"IL18/NR1H3/PPARG/NFKBIA/ITGB3",5
"GO:0002835","negative regulation of response to tumor cell","3/400","11/18842",0.272727272727273,12.8468181818182,5.78814411398554,0.0013801927356627,0.0206502119228923,0.0206502119228923,"IL4I1/HAVCR2/CD274",3
"GO:0002838","negative regulation of immune response to tumor cell","3/400","11/18842",0.272727272727273,12.8468181818182,5.78814411398554,0.0013801927356627,0.0206502119228923,0.0206502119228923,"IL4I1/HAVCR2/CD274",3
"GO:0033033","negative regulation of myeloid cell apoptotic process","3/400","11/18842",0.272727272727273,12.8468181818182,5.78814411398554,0.0013801927356627,0.0206502119228923,0.0206502119228923,"CCR5/CCL5/IRF7",3
"GO:1900246","positive regulation of RIG-I signaling pathway","3/400","11/18842",0.272727272727273,12.8468181818182,5.78814411398554,0.0013801927356627,0.0206502119228923,0.0206502119228923,"DDX60/OASL/DHX58",3
"GO:0001961","positive regulation of cytokine-mediated signaling pathway","6/400","58/18842",0.103448275862069,4.87293103448276,4.35048506567041,0.00140592112476726,0.020928648642105,0.020928648642105,"PARP14/CASP1/IKBKE/NLRC5/PARP9/ZBP1",6
"GO:0046635","positive regulation of alpha-beta T cell activation","6/400","58/18842",0.103448275862069,4.87293103448276,4.35048506567041,0.00140592112476726,0.020928648642105,0.020928648642105,"IL18/HLA-E/ANXA1/CD80/LILRB4/LGALS9",6
"GO:0070228","regulation of lymphocyte apoptotic process","5/400","40/18842",0.125,5.888125,4.55772624645204,0.00150137409577007,0.0222931305129496,0.0222931305129496,"IDO1/IL10/LGALS9/CCL5/CD274",5
"GO:0002407","dendritic cell chemotaxis","4/400","24/18842",0.166666666666667,7.85083333333333,4.94584216235815,0.00151830977543152,0.0223191536988433,0.0223191536988433,"CCR5/CCR1/LGALS9/CCL5",4
"GO:0032703","negative regulation of interleukin-2 production","4/400","24/18842",0.166666666666667,7.85083333333333,4.94584216235815,0.00151830977543152,0.0223191536988433,0.0223191536988433,"GBP1/TNFAIP3/HAVCR2/LILRB4",4
"GO:0032753","positive regulation of interleukin-4 production","4/400","24/18842",0.166666666666667,7.85083333333333,4.94584216235815,0.00151830977543152,0.0223191536988433,0.0223191536988433,"CEBPB/HLA-E/HAVCR2/LGALS9",4
"GO:0070232","regulation of T cell apoptotic process","4/400","24/18842",0.166666666666667,7.85083333333333,4.94584216235815,0.00151830977543152,0.0223191536988433,0.0223191536988433,"IDO1/LGALS9/CCL5/CD274",4
"GO:0120161","regulation of cold-induced thermogenesis","10/400","152/18842",0.0657894736842105,3.09901315789474,3.82657531790154,0.00154049169638474,0.0225887560467389,0.0225887560467389,"CEBPB/IL18/CMKLR1/NR1H3/VEGFA/ACSL1/DDIT3/SCD/TLE3/EPAS1",10
"GO:0002224","toll-like receptor signaling pathway","7/400","80/18842",0.0875,4.1216875,4.12071724016424,0.00154777053177932,0.0226390316588617,0.0226390316588617,"UNC93B1/SCIMP/TLR1/IRAK2/MYD88/IRF7/CD274",7
"GO:0050851","antigen receptor-mediated signaling pathway","12/400","206/18842",0.058252427184466,2.74398058252427,3.7066097696465,0.00155829025927653,0.0227363442296426,0.0227363442296426,"INPP5D/CD38/STAP1/GBP1/MNDA/RBCK1/BLNK/THEMIS2/CD80/NFKBIA/LILRB4/CD274",12
"GO:2001236","regulation of extrinsic apoptotic signaling pathway","9/400","127/18842",0.0708661417322835,3.33814960629921,3.89365261915279,0.00156829808407078,0.022825724589941,0.022825724589941,"TNFSF10/PML/PMAIP1/MCL1/TNFAIP3/IFI6/PYCARD/TGFBR1/KLF4",9
"GO:0106106","cold-induced thermogenesis","10/400","153/18842",0.065359477124183,3.07875816993464,3.80219699345528,0.0016178475320976,0.0234887493548984,0.0234887493548984,"CEBPB/IL18/CMKLR1/NR1H3/VEGFA/ACSL1/DDIT3/SCD/TLE3/EPAS1",10
"GO:0034113","heterotypic cell-cell adhesion","6/400","60/18842",0.1,4.7105,4.23950453939766,0.00167837643027448,0.0241603012440618,0.0241603012440618,"NINJ1/IL10/JUP/IL1RN/ITGB3/KLF4",6
"GO:0045670","regulation of osteoclast differentiation","6/400","60/18842",0.1,4.7105,4.23950453939766,0.00167837643027448,0.0241603012440618,0.0241603012440618,"CEBPB/LILRB1/CCL3/TNFAIP6/LILRB4/CCR1",6
"GO:0090077","foam cell differentiation","5/400","41/18842",0.121951219512195,5.74451219512195,4.47889604416612,0.00168053796068389,0.0241603012440618,0.0241603012440618,"IL18/NR1H3/PPARG/NFKBIA/ITGB3",5
"GO:0090199","regulation of release of cytochrome c from mitochondria","5/400","41/18842",0.121951219512195,5.74451219512195,4.47889604416612,0.00168053796068389,0.0241603012440618,0.0241603012440618,"TNFSF10/PMAIP1/CASP1/IFI6/PYCARD",5
"GO:0002828","regulation of type 2 immune response","4/400","25/18842",0.16,7.5368,4.81657104957309,0.00177753721734586,0.025368735043674,0.025368735043674,"IL18/RSAD2/ANXA1/IFNB1",4
"GO:0043374","CD8-positive, alpha-beta T cell differentiation","4/400","25/18842",0.16,7.5368,4.81657104957309,0.00177753721734586,0.025368735043674,0.025368735043674,"PSMA4/LILRB4/PSMB9/PSMA2",4
"GO:0052372","modulation by symbiont of entry into host","4/400","25/18842",0.16,7.5368,4.81657104957309,0.00177753721734586,0.025368735043674,0.025368735043674,"TRIM21/TRIM5/LGALS9/TRIM25",4
"GO:0044703","multi-organism reproductive process","10/400","155/18842",0.0645161290322581,3.03903225806452,3.7540332454837,0.00178200973838429,0.0253709861058103,0.0253709861058103,"ACOD1/VEGFA/CD38/IDO1/APOL2/HAVCR2/ITGB3/MAFF/LGALS9/TGFBR1",10
"GO:0002291","T cell activation via T cell receptor contact with antigen bound to MHC molecule on antigen presenting cell","3/400","12/18842",0.25,11.77625,5.49934647941418,0.00181141430365236,0.0255422448572563,0.0255422448572563,"LILRB1/HAVCR2/LGALS9",3
"GO:0034135","regulation of toll-like receptor 2 signaling pathway","3/400","12/18842",0.25,11.77625,5.49934647941418,0.00181141430365236,0.0255422448572563,0.0255422448572563,"ACOD1/TNFAIP3/TLR1",3
"GO:0043129","surfactant homeostasis","3/400","12/18842",0.25,11.77625,5.49934647941418,0.00181141430365236,0.0255422448572563,0.0255422448572563,"VEGFA/OAS1/TMEM63A",3
"GO:1901847","nicotinate metabolic process","3/400","12/18842",0.25,11.77625,5.49934647941418,0.00181141430365236,0.0255422448572563,0.0255422448572563,"CD38/PARP10/PARP9",3
"GO:0002228","natural killer cell mediated immunity","7/400","83/18842",0.0843373493975904,3.97271084337349,3.99728241837372,0.00191640283421679,0.0269580111607529,0.0269580111607529,"HLA-F/INPP5D/HLA-E/LILRB1/HAVCR2/LGALS9/SLAMF7",7
"GO:0051048","negative regulation of secretion","10/400","157/18842",0.0636942675159236,3.00031847133758,3.70663977769816,0.00195939162292692,0.0274969516534852,0.0274969516534852,"HLA-F/CD84/NR1H3/RSAD2/TNFRSF1A/ANXA1/LILRB1/SNCA/PIM3/LGALS9",10
"GO:0030100","regulation of endocytosis","15/400","300/18842",0.05,2.35525,3.48481491250132,0.00198154938859822,0.0277416914403751,0.0277416914403751,"IL15RA/NR1H3/ANKFY1/VEGFA/STAP1/RUBCN/CCL2/LILRB1/EHD4/SNCA/SCARB1/ITGB3/CFB/PLSCR1/PYCARD",15
"GO:0032616","interleukin-13 production","4/400","26/18842",0.153846153846154,7.24692307692308,4.69426001588317,0.00206591454946722,0.0287176774252181,0.0287176774252181,"IL18/HLA-E/LILRA5/LGALS9",4
"GO:0032656","regulation of interleukin-13 production","4/400","26/18842",0.153846153846154,7.24692307692308,4.69426001588317,0.00206591454946722,0.0287176774252181,0.0287176774252181,"IL18/HLA-E/LILRA5/LGALS9",4
"GO:0033028","myeloid cell apoptotic process","4/400","26/18842",0.153846153846154,7.24692307692308,4.69426001588317,0.00206591454946722,0.0287176774252181,0.0287176774252181,"CCR5/ANXA1/CCL5/IRF7",4
"GO:0010526","transposable element silencing","5/400","43/18842",0.116279069767442,5.47732558139535,4.32875984155636,0.00208520727588687,0.0289174971278651,0.0289174971278651,"APOBEC3C/MOV10/APOBEC3B/APOBEC3A/APOBEC3G",5
"GO:0097191","extrinsic apoptotic signaling pathway","11/400","186/18842",0.0591397849462366,2.78577956989247,3.60456629380551,0.00214307692729617,0.0296500996058859,0.0296500996058859,"TNFSF10/PML/PMAIP1/MCL1/TNFRSF1A/TNFAIP3/IFI6/PYCARD/TGFBR1/KLF4/IFI27",11
"GO:0044706","multi-multicellular organism process","10/400","159/18842",0.0628930817610063,2.9625786163522,3.6599932080352,0.00215075625093821,0.0296864947312599,0.0296864947312599,"ACOD1/VEGFA/CD38/IDO1/APOL2/HAVCR2/ITGB3/MAFF/LGALS9/TGFBR1",10
"GO:0007204","positive regulation of cytosolic calcium ion concentration","10/400","160/18842",0.0625,2.9440625,3.63694297871108,0.00225192680196221,0.0310101395680043,0.0310101395680043,"CMKLR1/PML/CD38/CCR5/CCL2/CCRL2/FPR3/SLC8A1/CCR1/C3AR1",10
"GO:0032197","retrotransposition","5/400","44/18842",0.113636363636364,5.35284090909091,4.25717273192237,0.00231221258527085,0.03103692435812,0.03103692435812,"APOBEC3C/MOV10/APOBEC3B/APOBEC3A/APOBEC3G",5
"GO:0002725","negative regulation of T cell cytokine production","3/400","13/18842",0.230769230769231,10.8703846153846,5.24288203301885,0.00231797025666904,0.03103692435812,0.03103692435812,"HLA-F/LILRB4/IFNB1",3
"GO:0009791","post-embryonic development","3/400","13/18842",0.230769230769231,10.8703846153846,5.24288203301885,0.00231797025666904,0.03103692435812,0.03103692435812,"VEGFA/C12orf57/KLF4",3
"GO:0032621","interleukin-18 production","3/400","13/18842",0.230769230769231,10.8703846153846,5.24288203301885,0.00231797025666904,0.03103692435812,0.03103692435812,"CD84/CASP1/IL10",3
"GO:0032661","regulation of interleukin-18 production","3/400","13/18842",0.230769230769231,10.8703846153846,5.24288203301885,0.00231797025666904,0.03103692435812,0.03103692435812,"CD84/CASP1/IL10",3
"GO:0036006","cellular response to macrophage colony-stimulating factor stimulus","3/400","13/18842",0.230769230769231,10.8703846153846,5.24288203301885,0.00231797025666904,0.03103692435812,0.03103692435812,"STAP1/DCSTAMP/CSF1R",3
"GO:0043922","host-mediated suppression of viral transcription","3/400","13/18842",0.230769230769231,10.8703846153846,5.24288203301885,0.00231797025666904,0.03103692435812,0.03103692435812,"CCL3/CCL5/CCL4",3
"GO:0051610","serotonin uptake","3/400","13/18842",0.230769230769231,10.8703846153846,5.24288203301885,0.00231797025666904,0.03103692435812,0.03103692435812,"SLC18B1/SNCA/ITGB3",3
"GO:0071639","positive regulation of monocyte chemotactic protein-1 production","3/400","13/18842",0.230769230769231,10.8703846153846,5.24288203301885,0.00231797025666904,0.03103692435812,0.03103692435812,"OAS3/OAS1/LGALS9",3
"GO:0071888","macrophage apoptotic process","3/400","13/18842",0.230769230769231,10.8703846153846,5.24288203301885,0.00231797025666904,0.03103692435812,0.03103692435812,"CCR5/CCL5/IRF7",3
"GO:2001198","regulation of dendritic cell differentiation","3/400","13/18842",0.230769230769231,10.8703846153846,5.24288203301885,0.00231797025666904,0.03103692435812,0.03103692435812,"CEBPB/LILRB1/LGALS9",3
"GO:0010562","positive regulation of phosphorus metabolic process","15/400","305/18842",0.0491803278688525,2.3166393442623,3.41409015314101,0.00232249093836272,0.03103692435812,0.03103692435812,"RASSF2/SESN2/IL18/PARP14/VEGFA/EREG/TNFRSF1A/IL10/CD80/LILRA5/SNCA/PARP9/IL10RA/CSF1R/SEMA4D",15
"GO:0045937","positive regulation of phosphate metabolic process","15/400","305/18842",0.0491803278688525,2.3166393442623,3.41409015314101,0.00232249093836272,0.03103692435812,0.03103692435812,"RASSF2/SESN2/IL18/PARP14/VEGFA/EREG/TNFRSF1A/IL10/CD80/LILRA5/SNCA/PARP9/IL10RA/CSF1R/SEMA4D",15
"GO:0010818","T cell chemotaxis","4/400","27/18842",0.148148148148148,6.97851851851852,4.57826905006838,0.00238504552010174,0.0315857379689149,0.0315857379689149,"CXCL11/CXCL10/CCL3/CCL5",4
"GO:0039529","RIG-I signaling pathway","4/400","27/18842",0.148148148148148,6.97851851851852,4.57826905006838,0.00238504552010174,0.0315857379689149,0.0315857379689149,"DDX60/OAS3/OASL/DHX58",4
"GO:0045671","negative regulation of osteoclast differentiation","4/400","27/18842",0.148148148148148,6.97851851851852,4.57826905006838,0.00238504552010174,0.0315857379689149,0.0315857379689149,"LILRB1/CCL3/TNFAIP6/LILRB4",4
"GO:1903054","negative regulation of extracellular matrix organization","4/400","27/18842",0.148148148148148,6.97851851851852,4.57826905006838,0.00238504552010174,0.0315857379689149,0.0315857379689149,"CST3/DPP4/TNFRSF1A/PPARG",4
"GO:0019730","antimicrobial humoral response","11/400","189/18842",0.0582010582010582,2.74156084656085,3.54383237201874,0.0024279561496219,0.0320098254703515,0.0320098254703515,"CCL8/ACOD1/CXCL11/CXCL10/HLA-E/RNASE6/CCL2/CXCL3/CCL3/CCL5/CCL4",11
"GO:0045637","regulation of myeloid cell differentiation","11/400","189/18842",0.0582010582010582,2.74156084656085,3.54383237201874,0.0024279561496219,0.0320098254703515,0.0320098254703515,"ISG15/CEBPB/INPP5D/STAT1/DCSTAMP/LILRB1/CCL3/TNFAIP6/LILRB4/CCR1/IRF7",11
"GO:0048659","smooth muscle cell proliferation","10/400","163/18842",0.0613496932515337,2.8898773006135,3.56885219154449,0.00257859954859428,0.0339198329882201,0.0339198329882201,"IL18/EREG/TNFAIP3/IL10/DDIT3/PPARG/ITGB3/MYD88/CCL5/KLF4",10
"GO:0050830","defense response to Gram-positive bacterium","8/400","112/18842",0.0714285714285714,3.36464285714286,3.69643982634347,0.0026834658891076,0.0352204897945373,0.0352204897945373,"RNASE1/IL18/HLA-E/RNASE6/MPEG1/HAVCR2/GBP4/MYD88",8
"GO:0006304","DNA modification","4/400","28/18842",0.142857142857143,6.72928571428571,4.46803830889328,0.00273651150557246,0.0357898680233991,0.0357898680233991,"APOBEC3C/APOBEC3B/APOBEC3A/APOBEC3G",4
"GO:0032757","positive regulation of interleukin-8 production","6/400","66/18842",0.0909090909090909,4.28227272727273,3.93389763876635,0.00273902051199483,0.0357898680233991,0.0357898680233991,"TLR1/DDIT3/FFAR2/MYD88/LGALS9/PYCARD",6
"GO:0032196","transposition","5/400","46/18842",0.108695652173913,5.12010869565217,4.12033789863363,0.00281934159930904,0.0367577130907698,0.0367577130907698,"APOBEC3C/MOV10/APOBEC3B/APOBEC3A/APOBEC3G",5
"GO:0001910","regulation of leukocyte mediated cytotoxicity","7/400","89/18842",0.0786516853932584,3.70488764044944,3.76692364823711,0.00285474265953553,0.0371369177833383,0.0371369177833383,"HLA-F/INPP5D/STAP1/HLA-E/LILRB1/HAVCR2/LGALS9",7
"GO:0045859","regulation of protein kinase activity","12/400","222/18842",0.0540540540540541,2.54621621621622,3.4129885728709,0.00289907830811753,0.0373644395344537,0.0373644395344537,"RASSF2/SESN2/EREG/TNFRSF1A/AKT1S1/ADAR/LILRA5/IRAK2/HERC5/CSF1R/MYD88/PYCARD",12
"GO:0002544","chronic inflammatory response","3/400","14/18842",0.214285714285714,10.0939285714286,5.01292749654698,0.00290400490939546,0.0373644395344537,0.0373644395344537,"CEBPB/TNFAIP3/CCL5",3
"GO:0010867","positive regulation of triglyceride biosynthetic process","3/400","14/18842",0.214285714285714,10.0939285714286,5.01292749654698,0.00290400490939546,0.0373644395344537,0.0373644395344537,"NR1H3/SCARB1/MFSD2A",3
"GO:0045780","positive regulation of bone resorption","3/400","14/18842",0.214285714285714,10.0939285714286,5.01292749654698,0.00290400490939546,0.0373644395344537,0.0373644395344537,"RUFY4/DCSTAMP/ITGB3",3
"GO:0046007","negative regulation of activated T cell proliferation","3/400","14/18842",0.214285714285714,10.0939285714286,5.01292749654698,0.00290400490939546,0.0373644395344537,0.0373644395344537,"LILRB4/LGALS9/CD274",3
"GO:0001659","temperature homeostasis","11/400","194/18842",0.0567010309278351,2.67090206185567,3.44519407178307,0.00297032341630059,0.0379684819301032,0.0379684819301032,"CEBPB/IL18/CMKLR1/NR1H3/VEGFA/CKB/ACSL1/DDIT3/SCD/TLE3/EPAS1",11
"GO:0001894","tissue homeostasis","11/400","194/18842",0.0567010309278351,2.67090206185567,3.44519407178307,0.00297032341630059,0.0379684819301032,0.0379684819301032,"INPP5D/VEGFA/CD38/RUFY4/DCSTAMP/TNFAIP3/IL10RA/CSF1R/ITGB3/ACP5/MFSD2A",11
"GO:0060249","anatomical structure homeostasis","11/400","194/18842",0.0567010309278351,2.67090206185567,3.44519407178307,0.00297032341630059,0.0379684819301032,0.0379684819301032,"INPP5D/VEGFA/CD38/RUFY4/DCSTAMP/TNFAIP3/IL10RA/CSF1R/ITGB3/ACP5/MFSD2A",11
"GO:0007565","female pregnancy","9/400","140/18842",0.0642857142857143,3.02817857142857,3.54735083864889,0.00304983774109192,0.0389003165241226,0.0389003165241226,"ACOD1/VEGFA/CD38/IDO1/APOL2/HAVCR2/ITGB3/LGALS9/TGFBR1",9
"GO:0002762","negative regulation of myeloid leukocyte differentiation","5/400","47/18842",0.106382978723404,5.01117021276596,4.05486889711894,0.00310098225920475,0.039381804933313,0.039381804933313,"INPP5D/LILRB1/CCL3/TNFAIP6/LILRB4",5
"GO:0032691","negative regulation of interleukin-1 beta production","5/400","47/18842",0.106382978723404,5.01117021276596,4.05486889711894,0.00310098225920475,0.039381804933313,0.039381804933313,"PML/TNFAIP3/LILRB4/IL1R2/CARD16",5
"GO:0034162","toll-like receptor 9 signaling pathway","4/400","29/18842",0.137931034482759,6.49724137931034,4.36307561538481,0.00312186797324803,0.0393918104778936,0.0393918104778936,"UNC93B1/RSAD2/HAVCR2/MYD88",4
"GO:0036336","dendritic cell migration","4/400","29/18842",0.137931034482759,6.49724137931034,4.36307561538481,0.00312186797324803,0.0393918104778936,0.0393918104778936,"CCR5/CCR1/LGALS9/CCL5",4
"GO:0043032","positive regulation of macrophage activation","4/400","29/18842",0.137931034482759,6.49724137931034,4.36307561538481,0.00312186797324803,0.0393918104778936,0.0393918104778936,"STAP1/IL10/HAVCR2/CCL3",4
"GO:0045621","positive regulation of lymphocyte differentiation","8/400","115/18842",0.0695652173913043,3.27686956521739,3.6068736448663,0.00316058989994376,0.0397950077337672,0.0397950077337672,"IL4I1/IL18/INPP5D/TNFSF9/ANXA1/IL10/CD80/LILRB4",8
"GO:0016050","vesicle organization","17/400","379/18842",0.0448548812664908,2.11288918205805,3.22328236845876,0.00320077933856913,0.0402149198948429,0.0402149198948429,"SAMD9/SDC4/MVB12B/SCARB2/ANKFY1/RAB32/MX1/RUFY4/ANXA1/RAB39A/RAB8A/SNCA/PI4K2B/SRGN/SNX10/STX17/MX2",17
"GO:0051209","release of sequestered calcium ion into cytosol","8/400","116/18842",0.0689655172413793,3.24862068965517,3.57767304577571,0.00333347341375049,0.0417928010082152,0.0417928010082152,"CXCL11/CXCL10/CCR5/DDIT3/SNCA/SLC8A1/CCL3/ITGB3",8
"GO:2001233","regulation of apoptotic signaling pathway","15/400","317/18842",0.0473186119873817,2.22894321766561,3.24982744132242,0.00334310014508317,0.0418243167087,0.0418243167087,"TNFSF10/PML/PMAIP1/MCL1/HERPUD1/TNFAIP3/IFI6/IL10/DDIT3/PPARG/NUPR1/PYCARD/TGFBR1/KLF4/IFNB1",15
"GO:0061844","antimicrobial humoral immune response mediated by antimicrobial peptide","9/400","142/18842",0.0633802816901408,2.98552816901408,3.49765833302773,0.00335263284309249,0.0418545246653585,0.0418545246653585,"CCL8/CXCL11/CXCL10/RNASE6/CCL2/CXCL3/CCL3/CCL5/CCL4",9
"GO:0043269","regulation of monoatomic ion transport","17/400","383/18842",0.0443864229765013,2.09082245430809,3.17634255355383,0.00355852444882852,0.0441858198937779,0.0441858198937779,"VMP1/FXYD6/CD84/CXCL11/CXCL10/PML/CCL2/LILRB1/LILRA5/SNCA/SLC8A1/CCL3/ITGB3/CCR1/STAC3/CCL5/CCL4",17
"GO:0002826","negative regulation of T-helper 1 type immune response","3/400","15/18842",0.2,9.421,4.80503656838886,0.00357329561818739,0.0441858198937779,0.0441858198937779,"IL18/HAVCR2/LGALS9",3
"GO:0045779","negative regulation of bone resorption","3/400","15/18842",0.2,9.421,4.80503656838886,0.00357329561818739,0.0441858198937779,0.0441858198937779,"INPP5D/CD38/TNFAIP3",3
"GO:0070207","protein homotrimerization","3/400","15/18842",0.2,9.421,4.80503656838886,0.00357329561818739,0.0441858198937779,0.0441858198937779,"SLC1A5/MLKL/PNPT1",3
"GO:0006887","exocytosis","16/400","351/18842",0.0455840455840456,2.14723646723647,3.19524573638445,0.0035769473247344,0.0441858198937779,0.0441858198937779,"CCL8/TNFAIP2/HLA-F/SDC4/CD84/MILR1/RUFY4/ANXA1/PLEK/RAB8A/SNCA/CCL3/CCR1/LGALS9/CCL5/STX17",16
"GO:0006816","calcium ion transport","18/400","416/18842",0.0432692307692308,2.03819711538462,3.15347150746047,0.00358935522988037,0.0442461399406637,0.0442461399406637,"CCL8/CD84/CXCL11/CXCL10/PML/CCR5/CCL2/LILRB1/DDIT3/LILRA5/SNCA/SLC8A1/MCOLN1/CCL3/ITGB3/CCR1/CCL5/CCL4",18
"GO:0019080","viral gene expression","7/400","93/18842",0.0752688172043011,3.5455376344086,3.62418120326543,0.00365283920767948,0.0448406984157731,0.0448406984157732,"TRIM21/IFITM3/PARP10/PARP9/IFIT1/TRIM14/SSB",7
"GO:0030101","natural killer cell activation","7/400","93/18842",0.0752688172043011,3.5455376344086,3.62418120326543,0.00365283920767948,0.0448406984157731,0.0448406984157732,"CD48/HLA-F/IL18/HLA-E/HAVCR2/SLAMF7/IFNB1",7
"GO:2000514","regulation of CD4-positive, alpha-beta T cell activation","6/400","70/18842",0.0857142857142857,4.03757142857143,3.74971455035689,0.00368292831632699,0.0451158718750056,0.0451158718750056,"IL18/ANXA1/CD80/IL27/LGALS9/CD274",6
"GO:0048284","organelle fusion","10/400","172/18842",0.0581395348837209,2.73866279069767,3.37353628682305,0.00379179786505445,0.0463529551902706,0.0463529551902706,"SAMD9/ANKFY1/MCL1/RUFY4/ANXA1/RAB39A/RAB8A/SNCA/MFN1/STX17",10
"GO:0046640","regulation of alpha-beta T cell proliferation","4/400","31/18842",0.129032258064516,6.07806451612903,4.16726464052347,0.0040003254791986,0.048800651074041,0.048800651074041,"IL18/HLA-E/LGALS9/CD274",4
